Timestamp,EKF_Vx,EKF_Wz,LIO_Vx,LIO_Vy,LIO_Wz,Roll,Pitch,Z_Jerk,IMU_Wx,IMU_Wy,IMU_Wz
1774945386.3717,0.0000,0.0000,0.0000,0.0000,0.0000,-3.1288,-0.2160,1.5251,0.0029,-0.0033,-0.0098
1774945386.3913,0.0000,0.0000,0.0000,0.0000,0.0000,-3.1285,-0.2162,-3.2009,0.0019,-0.0054,-0.0130
1774945386.4148,0.0000,0.0000,0.0000,0.0000,0.0000,-3.1288,-0.2163,-3.5516,0.0029,-0.0054,-0.0119
1774945386.4332,0.0000,0.0000,0.0000,0.0000,0.0000,-3.1303,-0.2162,1.5048,0.0029,-0.0033,-0.0119
1774945386.4514,0.0000,0.0000,0.0000,0.0000,0.0000,-3.1310,-0.2164,2.4471,0.0040,-0.0033,-0.0119
1774945386.4713,0.0000,0.0000,0.0000,0.0000,0.0000,-3.1317,-0.2165,-1.4254,0.0082,-0.0033,-0.0109
1774945386.4913,0.0000,0.0000,0.0000,0.0000,0.0000,-3.1322,-0.2164,0.1115,0.0061,-0.0043,-0.0119
1774945386.5114,0.0000,0.0000,0.0000,0.0000,0.0000,-3.1307,-0.2161,0.5780,0.0061,-0.0065,-0.0098
1774945386.5313,0.0000,0.0000,0.0000,0.0000,0.0000,-3.1297,-0.2166,0.7547,0.0019,-0.0033,-0.0109
1774945386.5513,0.0000,0.0000,0.0000,0.0000,0.0000,-3.1288,-0.2163,1.1400,-0.0003,-0.0033,-0.0119
1774945386.5713,0.0000,0.0000,0.0000,0.0000,0.0000,-3.1281,-0.2163,-2.3875,0.0050,-0.0043,-0.0119
1774945386.5913,0.0000,0.0000,0.0000,0.0000,0.0000,-3.1295,-0.2167,-1.1279,0.0019,-0.0033,-0.0119
1774945386.6114,0.0000,0.0000,0.0000,0.0000,0.0000,-3.1295,-0.2161,3.5089,0.0050,-0.0043,-0.0119
1774945386.6316,0.0000,0.0000,0.0000,0.0000,0.0000,-3.1308,-0.2163,-1.4196,0.0050,-0.0043,-0.0098
1774945386.6516,0.0000,0.0000,0.0000,0.0000,0.0000,-3.1313,-0.2165,1.5467,0.0040,-0.0022,-0.0098
1774945386.6714,0.0000,0.0000,0.0000,0.0000,0.0000,-3.1310,-0.2163,0.7642,0.0040,-0.0043,-0.0119
1774945386.6913,0.0000,0.0000,0.0000,0.0000,0.0000,-3.1308,-0.2166,-1.3136,0.0019,-0.0033,-0.0098
1774945386.7115,0.0000,0.0000,0.0000,0.0000,0.0000,-3.1302,-0.2166,-0.5231,0.0019,-0.0022,-0.0109
1774945386.7314,0.0000,0.0000,0.0000,0.0000,0.0000,-3.1298,-0.2165,-1.0783,0.0029,-0.0043,-0.0109
1774945386.7513,0.0000,0.0000,0.0000,0.0000,0.0000,-3.1290,-0.2162,-0.4537,0.0040,-0.0043,-0.0119
1774945386.7714,0.0000,0.0000,0.0000,0.0000,0.0000,-3.1292,-0.2163,0.5191,0.0072,-0.0022,-0.0119
1774945386.7913,0.0000,0.0000,0.0000,0.0000,0.0000,-3.1291,-0.2161,1.8426,0.0040,-0.0043,-0.0119
1774945386.8113,0.0000,0.0000,0.0000,0.0000,0.0000,-3.1293,-0.2160,-1.1697,0.0050,-0.0022,-0.0098
1774945386.8313,0.0000,0.0000,0.0000,0.0000,0.0000,-3.1299,-0.2162,0.3967,0.0019,-0.0043,-0.0098
1774945386.8513,0.0000,0.0000,0.0000,0.0000,0.0000,-3.1299,-0.2160,0.6997,0.0029,-0.0054,-0.0109
1774945386.8713,0.0000,0.0000,0.0000,0.0000,0.0000,-3.1311,-0.2164,-2.0647,0.0040,-0.0054,-0.0130
1774945386.8913,0.0000,0.0000,0.0000,0.0000,0.0000,-3.1310,-0.2162,1.3234,0.0050,-0.0033,-0.0109
1774945386.9113,0.0000,0.0000,0.0000,0.0000,0.0000,-3.1310,-0.2163,-0.2230,0.0072,-0.0043,-0.0130
1774945386.9313,0.0000,0.0000,0.0000,0.0000,0.0000,-3.1305,-0.2165,0.2927,0.0061,-0.0043,-0.0130
1774945386.9515,0.0000,0.0000,0.0000,0.0000,0.0000,-3.1293,-0.2164,-0.1122,0.0050,-0.0043,-0.0119
1774945386.9714,0.0000,0.0000,0.0000,0.0000,0.0000,-3.1294,-0.2165,-2.1308,0.0029,-0.0043,-0.0109
1774945386.9912,0.0000,0.0000,0.0000,0.0000,0.0000,-3.1286,-0.2164,1.0757,0.0040,-0.0043,-0.0119
1774945387.0113,0.0000,0.0000,0.0000,0.0000,0.0000,-3.1295,-0.2164,0.4556,0.0029,-0.0033,-0.0119
1774945387.0312,0.0000,0.0000,0.0000,0.0000,0.0000,-3.1298,-0.2161,0.1130,0.0019,-0.0033,-0.0109
1774945387.0514,0.0000,0.0000,0.0000,0.0000,0.0000,-3.1304,-0.2160,-1.2568,0.0040,-0.0033,-0.0098
1774945387.0758,0.0000,0.0000,0.0000,0.0000,0.0000,-3.1313,-0.2161,0.2872,0.0040,-0.0033,-0.0109
1774945387.0914,0.0000,0.0000,0.0000,0.0000,0.0000,-3.1305,-0.2161,1.1629,0.0050,-0.0033,-0.0119
1774945387.1114,0.0000,0.0000,0.0000,0.0000,0.0000,-3.1310,-0.2163,-1.2501,0.0029,-0.0043,-0.0109
1774945387.1313,0.0000,0.0000,0.0000,0.0000,0.0000,-3.1301,-0.2163,0.5464,0.0040,-0.0054,-0.0109
1774945387.1514,0.0000,0.0000,0.0000,0.0000,0.0000,-3.1296,-0.2163,0.3551,0.0040,-0.0043,-0.0119
1774945387.1713,0.0000,0.0000,0.0000,0.0000,0.0000,-3.1297,-0.2163,0.4687,0.0029,-0.0022,-0.0109
1774945387.1913,0.0000,0.0000,0.0000,0.0000,0.0000,-3.1292,-0.2161,-0.2373,0.0050,-0.0033,-0.0109
1774945387.2115,0.0000,0.0000,0.0000,0.0000,0.0000,-3.1302,-0.2163,-1.5594,0.0019,-0.0033,-0.0109
1774945387.2313,0.0000,0.0000,0.0000,0.0000,0.0000,-3.1297,-0.2161,1.0589,0.0050,-0.0033,-0.0109
1774945387.2514,0.0000,0.0000,0.0000,0.0000,0.0000,-3.1303,-0.2161,0.5389,0.0019,-0.0022,-0.0109
1774945387.2714,0.0000,0.0000,0.0000,0.0000,0.0000,-3.1304,-0.2160,0.4174,0.0029,-0.0043,-0.0119
1774945387.2914,0.0000,0.0000,0.0000,0.0000,0.0000,-3.1303,-0.2160,-0.2880,0.0050,-0.0043,-0.0119
1774945387.3112,0.0000,0.0000,0.0000,0.0000,0.0000,-3.1309,-0.2164,0.0000,0.0008,-0.0022,-0.0109
1774945387.3312,0.0000,0.0000,0.0000,0.0000,0.0000,-3.1297,-0.2164,0.3542,0.0082,-0.0033,-0.0109
1774945387.3555,0.0000,0.0000,0.0000,0.0000,0.0000,-3.1293,-0.2163,-0.2575,0.0040,-0.0054,-0.0087
1774945387.3712,0.0000,0.0000,0.0000,0.0000,0.0000,-3.1302,-0.2166,0.0000,0.0040,-0.0043,-0.0109
1774945387.3912,0.0000,0.0000,0.0000,0.0000,0.0000,-3.1302,-0.2163,0.0000,0.0040,-0.0043,-0.0109
1774945387.4115,0.0000,0.0000,0.0000,0.0000,0.0000,-3.1294,-0.2163,0.0887,0.0029,-0.0043,-0.0098
1774945387.4314,0.0000,0.0000,0.0000,0.0000,0.0000,-3.1311,-0.2164,0.0000,0.0040,-0.0033,-0.0109
1774945387.4513,0.0000,0.0000,0.0000,0.0000,0.0000,-3.1314,-0.2161,0.0000,0.0029,-0.0033,-0.0109
1774945387.4714,0.0000,0.0000,0.0000,0.0000,0.0000,-3.1309,-0.2160,0.0000,0.0061,-0.0033,-0.0109
1774945387.4913,0.0000,0.0000,0.0000,0.0000,0.0000,-3.1307,-0.2158,0.0000,0.0040,-0.0022,-0.0119
1774945387.5113,0.0000,0.0000,0.0000,0.0000,0.0000,-3.1302,-0.2158,0.0000,0.0040,-0.0043,-0.0109
1774945387.5313,0.0000,0.0000,0.0000,0.0000,0.0000,-3.1303,-0.2163,0.0000,0.0050,-0.0033,-0.0109
1774945387.5530,0.0000,0.0000,0.0000,0.0000,0.0000,-3.1309,-0.2167,0.0000,0.0019,-0.0033,-0.0119
1774945387.5713,0.0000,0.0000,0.0000,0.0000,0.0000,-3.1306,-0.2168,0.0000,0.0040,-0.0033,-0.0109
1774945387.5912,0.0000,0.0000,0.0000,0.0000,0.0000,-3.1317,-0.2167,0.0000,-0.0013,-0.0065,-0.0109
1774945387.6113,0.0000,0.0000,0.0000,0.0000,0.0000,-3.1296,-0.2170,0.0000,0.0008,-0.0065,-0.0141
1774945387.6312,0.0000,0.0000,0.0000,0.0000,0.0000,-3.1271,-0.2179,0.0000,0.0008,-0.0054,-0.0119
1774945387.6527,0.0000,0.0000,0.0000,0.0000,0.0000,-3.1282,-0.2179,0.0000,0.0029,-0.0033,-0.0109
1774945387.6713,0.0000,0.0000,0.0000,0.0000,0.0000,-3.1301,-0.2171,0.0000,0.0040,-0.0022,-0.0119
1774945387.6913,0.0000,0.0000,0.0000,0.0000,0.0000,-3.1312,-0.2177,0.0000,0.0008,-0.0043,-0.0098
1774945387.7114,0.0000,0.0000,0.0000,0.0000,0.0000,-3.1315,-0.2177,0.0832,0.0061,-0.0054,-0.0109
1774945387.7313,0.0000,0.0000,0.0000,0.0000,0.0000,-3.1321,-0.2170,0.5590,0.0040,-0.0033,-0.0119
1774945387.7516,0.0000,0.0000,0.0000,0.0000,0.0000,-3.1317,-0.2164,0.0000,0.0061,-0.0043,-0.0119
1774945387.7749,0.0000,0.0000,0.0000,0.0000,0.0000,-3.1312,-0.2164,0.2269,0.0061,-0.0033,-0.0109
1774945387.7913,0.0000,0.0000,0.0000,0.0000,0.0000,-3.1308,-0.2165,-0.7358,0.0050,-0.0033,-0.0141
1774945387.8112,0.0000,0.0000,0.0000,0.0000,0.0000,-3.1294,-0.2161,0.4515,0.0019,-0.0054,-0.0119
1774945387.8313,0.0000,0.0000,0.0000,0.0000,0.0000,-3.1291,-0.2159,-0.3376,0.0029,-0.0033,-0.0119
1774945387.8513,0.0000,0.0000,0.0000,0.0000,0.0000,-3.1286,-0.2161,-0.6887,0.0008,-0.0033,-0.0109
1774945387.8712,0.0000,0.0000,0.0000,0.0000,0.0000,-3.1286,-0.2159,-2.1326,0.0050,-0.0033,-0.0119
1774945387.8913,0.0000,0.0000,0.0000,0.0000,0.0000,-3.1304,-0.2161,-1.9901,0.0008,-0.0043,-0.0119
1774945387.9114,0.0000,0.0000,0.0000,0.0000,0.0000,-3.1302,-0.2162,0.2541,0.0050,-0.0043,-0.0130
1774945387.9313,0.0000,0.0000,0.0000,0.0000,0.0000,-3.1318,-0.2165,-0.6326,0.0040,-0.0022,-0.0130
1774945387.9516,0.0000,0.0000,0.0000,0.0000,0.0000,-3.1318,-0.2163,0.9346,0.0029,-0.0033,-0.0109
1774945387.9713,0.0000,0.0000,0.0000,0.0000,0.0000,-3.1317,-0.2162,-0.8571,0.0072,-0.0043,-0.0109
1774945387.9915,0.0000,0.0000,0.0000,0.0000,0.0000,-3.1311,-0.2165,1.7755,0.0029,-0.0033,-0.0109
1774945388.0113,0.0000,0.0000,0.0000,0.0000,0.0000,-3.1296,-0.2164,1.3565,0.0040,-0.0033,-0.0098
1774945388.0313,0.0000,0.0000,0.0000,0.0000,0.0000,-3.1296,-0.2173,-1.6478,0.0040,-0.0033,-0.0109
1774945388.0512,0.0000,0.0000,0.0000,0.0000,0.0000,-3.1300,-0.2199,-2.5357,0.0093,0.0095,-0.0066
1774945388.0712,0.0000,0.0000,0.0000,0.0000,0.0000,-3.1318,-0.2224,1.2631,-0.0003,-0.0033,-0.0024
1774945388.0912,0.0000,0.0000,0.0000,0.0000,0.0000,-3.1308,-0.2243,-8.6443,-0.0056,-0.0139,-0.0045
1774945388.1112,0.0000,0.0000,0.0000,0.0000,0.0000,-3.1298,-0.2236,-0.4445,0.0008,-0.0086,-0.0173
1774945388.1312,0.0000,0.0000,0.0000,0.0000,0.0000,-3.1274,-0.2213,2.4832,0.0082,-0.0107,-0.0269
1774945388.1515,0.0000,0.0000,0.0000,0.0000,0.0000,-3.1271,-0.2189,-3.5887,0.0146,-0.0278,-0.0279
1774945388.1713,0.0000,0.0000,0.0000,0.0000,0.0000,-3.1306,-0.2170,-2.9769,0.0019,-0.0288,-0.0162
1774945388.1912,0.0000,0.0000,0.0000,0.0000,0.0000,-3.1320,-0.2151,9.2179,-0.0088,-0.0320,-0.0034
1774945388.2112,0.0000,0.0000,0.0000,0.0000,0.0000,-3.1316,-0.2172,24.8648,-0.0120,-0.0139,0.0094
1774945388.2313,0.0000,0.0000,0.0000,0.0000,0.0000,-3.1314,-0.2211,-20.3816,0.0040,0.0212,0.0094
1774945388.2512,0.0000,0.0000,0.0000,0.0000,0.0000,-3.1315,-0.2245,-21.4998,0.0019,-0.0043,-0.0013
1774945388.2713,0.0000,0.0000,0.0000,0.0000,0.0000,-3.1310,-0.2285,-33.2442,-0.0088,-0.0001,-0.0055
1774945388.2919,0.0000,0.0000,0.0000,0.0000,0.0000,-3.1309,-0.2314,-36.5855,0.0189,-0.0246,-0.0119
1774945388.3113,0.0000,0.0000,0.0000,0.0000,0.0000,-3.1316,-0.2332,18.7628,0.0338,-0.0715,-0.0109
1774945388.3313,0.0000,0.0000,0.0000,0.0000,0.0000,-3.1318,-0.2355,4.6260,0.0178,-0.0725,-0.0130
1774945388.3512,0.0000,0.0000,0.0000,0.0000,0.0000,-3.1309,-0.2354,57.9276,0.0327,-0.0704,-0.0045
1774945388.3713,0.0000,0.0000,0.0000,0.0000,0.0000,-3.1313,-0.2339,62.1734,0.0168,-0.1279,0.0040
1774945388.3912,0.0000,0.0000,0.0000,0.0000,0.0000,-3.1290,-0.2300,8.2188,0.0338,-0.1940,-0.0087
1774945388.4113,0.0000,0.0000,0.0000,0.0000,0.0000,-3.1266,-0.2267,169.8014,0.0551,-0.1503,-0.0258
1774945388.4313,0.0000,0.0000,0.0000,0.0000,0.0000,-3.1264,-0.2240,158.2000,0.0775,-0.1705,-0.0045
1774945388.4522,0.0000,0.0000,0.0000,0.0000,0.0000,-3.1281,-0.2223,-23.9834,-0.0195,-0.1716,0.0168
1774945388.4713,0.0000,0.0000,0.0000,0.0000,0.0000,-3.1253,-0.2223,-71.8118,0.0381,-0.1396,0.0339
1774945388.4912,0.0000,0.0000,0.0000,0.0000,0.0000,-3.1246,-0.2217,-68.0697,0.0509,-0.1407,0.0413
1774945388.5116,0.0000,0.0000,0.0000,0.0000,0.0000,-3.1250,-0.2227,-26.6307,0.0242,-0.0938,0.0211
1774945388.5313,0.0000,0.0000,0.0000,0.0000,0.0000,-3.1235,-0.2244,8.3971,0.0104,-0.0374,-0.0162
1774945388.5514,0.0000,0.0000,0.0000,0.0000,0.0000,-3.1221,-0.2252,39.3656,0.0391,-0.0693,-0.0205
1774945388.5713,0.0000,0.0000,0.0000,0.0000,0.0000,-3.1220,-0.2265,-33.6539,0.0285,-0.0640,-0.0332
1774945388.5933,0.0000,0.0000,0.0000,0.0000,0.0000,-3.1228,-0.2280,-21.5835,0.0264,-0.0523,-0.0205
1774945388.6113,0.0000,0.0000,0.0000,0.0000,0.0000,-3.1233,-0.2272,19.9480,-0.0173,-0.0416,-0.0151
1774945388.6313,0.0000,0.0000,0.0000,0.0000,0.0000,-3.1210,-0.2292,-7.5205,0.0349,0.0095,-0.0077
1774945388.6520,0.0000,0.0000,0.0000,0.0000,0.0000,-3.1228,-0.2275,23.4071,0.0232,0.0244,-0.0002
1774945388.6713,0.0000,0.0000,0.0000,0.0000,0.0000,-3.1245,-0.2248,8.7792,-0.0258,-0.0139,-0.0013
1774945388.6913,0.0000,0.0000,0.0000,0.0000,0.0000,-3.1229,-0.2224,-15.6732,-0.0269,-0.0352,-0.0098
1774945388.7116,0.0000,0.0000,0.0000,0.0000,0.0000,-3.1210,-0.2201,-29.1426,0.0093,-0.0544,-0.0183
1774945388.7313,0.0000,0.0000,0.0000,0.0000,0.0000,-3.1190,-0.2168,-3.3939,-0.0088,0.0010,-0.0364
1774945388.7514,0.0000,0.0000,0.0000,0.0000,0.0000,-3.1210,-0.2148,-20.0616,-0.0109,0.0265,-0.0173
1774945388.7714,0.0000,0.0000,0.0000,0.0000,0.0000,-3.1205,-0.2149,-21.9246,0.0317,0.0159,-0.0130
1774945388.7913,0.0000,0.0000,0.0000,0.0000,0.0000,-3.1218,-0.2135,12.5885,0.0200,0.0308,0.0062
1774945388.8113,0.0000,0.0000,0.0000,0.0000,0.0000,-3.1260,-0.2134,-8.3826,-0.0493,0.0191,0.0211
1774945388.8312,0.0000,0.0000,0.0000,0.0000,0.0000,-3.1263,-0.2128,-34.4071,-0.0695,-0.0118,0.0083
1774945388.8512,0.0000,0.0000,0.0000,0.0000,0.0000,-3.1243,-0.2133,-24.5720,-0.0322,0.0308,-0.0162
1774945388.8712,0.0000,0.0000,0.0000,0.0000,0.0000,-3.1249,-0.2137,5.3072,-0.0216,0.0212,-0.0343
1774945388.8913,0.0000,0.0000,0.0000,0.0000,0.0000,-3.1259,-0.2127,-16.0717,-0.0312,0.0265,-0.0450
1774945388.9114,0.0000,0.0000,0.0000,0.0000,0.0000,-3.1279,-0.2112,40.8220,-0.0312,0.0649,-0.0396
1774945388.9315,0.0000,0.0000,0.0000,0.0000,0.0000,-3.1290,-0.2100,17.4111,-0.0099,0.0468,-0.0279
1774945388.9523,0.0000,0.0000,0.0000,0.0000,0.0000,-3.1303,-0.2102,-1.9324,-0.0184,0.0766,-0.0205
1774945388.9712,0.0000,0.0000,0.0000,0.0000,0.0000,-3.1343,-0.2094,-22.9164,-0.0163,0.0574,0.0040
1774945388.9912,0.0000,0.0000,0.0000,0.0000,0.0000,-3.1375,-0.2104,-24.6422,-0.0322,0.0532,0.0243
1774945389.0113,0.0000,0.0000,0.0000,0.0000,0.0000,-3.1363,-0.2130,-34.7984,0.0082,0.0564,0.0221
1774945389.0313,0.0000,0.0000,0.0000,0.0000,0.0000,-3.1352,-0.2152,-7.2957,0.0349,0.0649,0.0051
1774945389.0513,0.0000,0.0000,0.0000,0.0000,0.0000,-3.1344,-0.2176,16.4891,0.0178,0.0297,-0.0055
1774945389.0713,0.0000,0.0000,0.0000,0.0000,0.0000,-3.1337,-0.2193,-21.8740,0.0210,0.0042,-0.0290
1774945389.0913,0.0000,0.0000,0.0000,0.0000,0.0000,-3.1328,-0.2194,9.4591,0.0317,0.0265,-0.0343
1774945389.1163,0.0000,0.0000,0.0000,0.0000,0.0000,-3.1321,-0.2195,37.0134,0.0349,0.0170,-0.0226
1774945389.1312,0.0000,0.0000,0.0000,0.0000,0.0000,-3.1317,-0.2189,-13.3984,0.0285,0.0180,-0.0119
1774945389.1514,0.0000,0.0000,0.0000,0.0000,0.0000,-3.1318,-0.2187,35.8391,0.0114,0.0095,0.0040
1774945389.1712,0.0000,0.0000,0.0000,0.0000,0.0000,-3.1302,-0.2176,15.3028,0.0093,-0.0150,0.0051
1774945389.1913,0.0000,0.0000,0.0000,0.0000,0.0000,-3.1274,-0.2178,-11.2521,0.0061,-0.0097,-0.0066
1774945389.2115,0.0000,0.0000,0.0000,0.0000,0.0000,-3.1271,-0.2167,3.2521,-0.0195,-0.0086,-0.0119
1774945389.2313,0.0000,0.0000,0.0000,0.0000,0.0000,-3.1275,-0.2171,5.8175,-0.0290,-0.0235,-0.0151
1774945389.2513,0.0000,0.0000,0.0000,0.0000,0.0000,-3.1262,-0.2185,-21.8605,0.0050,0.0095,-0.0119
1774945389.2713,0.0000,0.0000,0.0000,0.0000,0.0000,-3.1265,-0.2185,1.2043,0.0466,0.0084,-0.0066
1774945389.2914,0.0000,0.0000,0.0000,0.0000,0.0000,-3.1272,-0.2173,-30.7240,0.0423,-0.0342,0.0051
1774945389.3113,0.0000,0.0000,0.0000,0.0000,0.0000,-3.1299,-0.2176,-54.5676,0.0551,-0.0331,0.0871
1774945389.3322,0.0000,0.0000,0.0000,0.0000,0.0000,-3.1324,-0.2193,69.5360,-0.0269,0.0510,0.2139
1774945389.3516,0.0000,0.0000,0.0000,0.0000,0.0000,-3.1316,-0.2204,-42.0451,-0.0067,-0.0587,0.2778
1774945389.3714,0.0000,0.0000,0.0000,0.0000,0.0000,-3.1331,-0.2187,-52.1038,-0.0876,-0.0779,0.2533
1774945389.3913,0.0000,0.0000,0.0000,0.0000,0.0000,-3.1300,-0.2195,-5.5959,-0.0429,-0.0107,0.1766
1774945389.4113,0.0000,0.0000,0.0000,0.0000,0.0000,-3.1323,-0.2201,-29.0312,-0.0301,-0.0139,0.1777
1774945389.4313,0.0000,0.0000,0.0000,0.0000,0.0000,-3.1316,-0.2203,-38.0738,0.0423,0.0084,0.1415
1774945389.4513,0.0000,0.0000,0.0000,0.0000,0.0000,-3.1316,-0.2184,37.4198,-0.0365,0.0020,0.1170
1774945389.4713,0.0000,0.0000,0.0000,0.0000,0.0000,-3.1311,-0.2164,10.4083,-0.0429,-0.0502,0.0871
1774945389.4912,0.0000,0.0000,0.0000,0.0000,0.0000,-3.1287,-0.2140,-3.9220,-0.0216,-0.0448,0.0701
1774945389.5113,0.0000,0.0000,0.0000,0.0000,0.0000,-3.1263,-0.2134,-52.5894,0.0509,0.0127,0.0498
1774945389.5313,0.0000,0.0000,0.0000,0.0000,0.0000,-3.1266,-0.2119,-26.4330,0.0029,0.0074,0.0530
1774945389.5581,0.0000,0.0000,0.0000,0.0000,0.0000,-3.1270,-0.2111,53.2196,-0.0248,0.0180,0.0456
1774945389.5712,0.0000,0.0000,0.0000,0.0000,0.0000,-3.1257,-0.2120,-43.5559,0.0168,0.0787,0.0456
1774945389.5913,0.0000,0.0000,0.0000,0.0000,0.0000,-3.1243,-0.2099,30.8495,0.0221,0.0415,0.0445
1774945389.6113,0.0000,0.0000,0.0000,0.0000,0.0000,-3.1240,-0.2099,0.2811,0.0274,0.0617,0.0424
1774945389.6313,0.0000,0.0000,0.0000,0.0000,0.0000,-3.1233,-0.2090,1.0204,-0.0141,0.0532,0.0413
1774945389.6596,0.0000,0.0000,0.0000,0.0000,0.0000,-3.1216,-0.2114,14.6625,0.0370,0.0713,0.0285
1774945389.6713,0.0000,0.0000,0.0000,0.0000,0.0000,-3.1248,-0.2124,-30.8216,-0.0344,0.0755,0.0371
1774945389.6919,0.0000,0.0000,0.0000,0.0000,0.0000,-3.1228,-0.2143,4.0190,0.0146,0.0905,0.0488
1774945389.7114,0.0000,0.0000,0.0000,0.0000,0.0000,-3.1238,-0.2159,26.3008,-0.0333,0.0883,0.0648
1774945389.7312,0.0000,0.0000,0.0000,0.0000,0.0000,-3.1233,-0.2177,8.8395,0.0136,0.0819,0.0616
1774945389.7513,0.0000,0.0000,0.0000,0.0000,0.0000,-3.1242,-0.2168,36.8958,-0.0067,0.0319,0.0733
1774945389.7713,0.0000,0.0000,0.0000,0.0000,0.0000,-3.1235,-0.2188,36.7921,-0.0088,0.0585,0.0893
1774945389.7913,0.0000,0.0000,0.0000,0.0000,0.0000,-3.1229,-0.2179,18.1353,0.0200,0.0180,0.0925
1774945389.8114,0.0000,0.0000,0.0000,0.0000,0.0000,-3.1227,-0.2173,55.3451,-0.0535,0.0031,0.0850
1774945389.8314,0.0000,0.0000,0.0000,0.0000,0.0000,-3.1220,-0.2172,-2.5352,-0.0120,0.0095,0.0797
1774945389.8512,0.0000,0.0000,0.0000,0.0000,0.0000,-3.1232,-0.2151,0.1117,-0.0514,-0.0182,0.0594
1774945389.8712,0.0000,0.0000,0.0000,0.0000,0.0000,-3.1209,-0.2166,46.1831,-0.0227,-0.0075,0.0424
1774945389.8913,0.0000,0.0000,0.0000,0.0000,0.0000,-3.1239,-0.2146,-37.4489,-0.0397,-0.0480,0.0530
1774945389.9164,0.0000,0.0000,0.0000,0.0000,0.0000,-3.1235,-0.2154,-1.3418,-0.0184,-0.0107,0.0328
1774945389.9313,0.0000,0.0000,0.0000,0.0000,0.0000,-3.1250,-0.2138,0.0000,-0.0557,-0.0342,0.0637
1774945389.9514,0.0000,0.0000,0.0000,0.0000,0.0000,-3.1254,-0.2160,0.0000,-0.0109,-0.0118,0.0903
1774945389.9713,0.0000,0.0000,0.0000,0.0000,0.0000,-3.1285,-0.2166,-15.9496,-0.0344,0.0468,0.0988
1774945389.9920,0.0000,0.0000,0.0000,0.0000,0.0000,-3.1300,-0.2200,0.0000,-0.0290,-0.0033,0.1095
1774945390.0128,0.0000,0.0000,0.0000,0.0000,0.0000,-3.1339,-0.2195,0.0000,-0.0514,-0.0278,0.1457
1774945390.0316,0.0000,0.0000,0.0000,0.0000,0.0000,-3.1344,-0.2184,40.6740,-0.0472,-0.0033,0.1361
1774945390.0515,0.0000,0.0000,0.0000,0.0000,0.0000,-3.1349,-0.2190,0.0000,-0.0195,-0.0555,0.1702
1774945390.0714,0.0000,0.0000,0.0000,0.0000,0.0000,-3.1347,-0.2222,0.0000,0.0040,0.0138,0.1521
1774945390.0913,0.0000,0.0000,0.0000,0.0000,0.0000,-3.1352,-0.2220,0.0000,-0.0344,-0.0193,0.1383
1774945390.1113,0.0000,0.0000,0.0000,0.0000,0.0000,-3.1357,-0.2215,0.0000,-0.0535,-0.0257,0.1479
1774945390.1313,0.0000,0.0000,0.0000,0.0000,0.0000,-3.1315,-0.2221,0.0000,-0.0024,-0.0225,0.1574
1774945390.1527,0.0000,0.0000,0.0000,0.0000,0.0000,-3.1327,-0.2190,0.0000,0.0019,-0.0257,0.1617
1774945390.1712,0.0000,0.0000,0.0000,0.0000,0.0000,-3.1344,-0.2149,8.0481,-0.0088,-0.0576,0.1617
1774945390.1917,0.0000,0.0000,0.0000,0.0000,0.0000,-3.1340,-0.2136,0.0000,-0.0045,-0.0683,0.1542
1774945390.2113,0.0000,0.0000,0.0000,0.0000,0.0000,-3.1331,-0.2158,0.0000,0.0019,0.0042,0.1351
1774945390.2313,0.0000,0.0000,0.0000,0.0000,0.0000,-3.1367,-0.2137,0.0000,-0.0429,-0.0331,0.1404
1774945390.2514,0.0000,0.0000,0.0000,0.0000,0.0000,-3.1370,-0.2133,0.0000,-0.0216,-0.0288,0.1713
1774945390.2715,0.0000,0.0000,0.0000,0.0000,0.0000,-3.1360,-0.2115,0.0000,-0.0077,-0.0342,0.1777
1774945390.2912,0.0000,0.0000,0.0000,0.0000,0.0000,-3.1344,-0.2092,0.0000,-0.0482,-0.0150,0.1862
1774945390.3113,0.0000,0.0000,0.0000,0.0000,0.0000,-3.1309,-0.2084,0.0000,-0.0163,0.0297,0.1649
1774945390.3312,0.0000,0.0000,0.0000,0.0000,0.0000,-3.1297,-0.2062,39.9828,-0.0131,-0.0043,0.1734
1774945390.3513,0.0000,0.0000,0.0000,0.0000,0.0000,-3.1270,-0.2085,18.5067,0.0093,0.0574,0.1202
1774945390.3725,0.0000,0.0000,0.0000,0.0000,0.0000,-3.1281,-0.2076,0.0000,-0.0397,0.0308,0.0935
1774945390.3913,0.0000,0.0000,0.0000,0.0000,0.0000,-3.1291,-0.2068,-60.7398,-0.1068,0.0063,0.1042
1774945390.4146,0.0000,0.0000,0.0000,0.0000,0.0000,-3.1288,-0.2078,-50.5544,-0.0056,0.0787,0.1138
1774945390.4313,0.0000,0.0000,0.0000,0.0000,0.0000,-3.1306,-0.2054,63.6716,-0.0248,0.0159,0.1106
1774945390.4512,0.0000,0.0000,0.0000,0.0000,0.0000,-3.1288,-0.2061,-14.5182,-0.0227,0.0329,0.0935
1774945390.4714,0.0000,0.0000,0.0000,0.0000,0.0000,-3.1305,-0.2061,-13.8763,-0.0599,0.0031,0.0733
1774945390.4916,0.0000,0.0000,0.0000,0.0000,0.0000,-3.1295,-0.2072,63.9188,-0.0408,0.0468,0.0616
1774945390.5113,0.0000,0.0000,0.0000,0.0000,0.0000,-3.1303,-0.2073,-44.2265,-0.0301,-0.0502,0.0754
1774945390.5313,0.0000,0.0000,0.0000,0.0000,0.0000,-3.1298,-0.2076,1.4323,0.0327,0.0383,0.0616
1774945390.5513,0.0000,0.0000,0.0000,0.0000,0.0000,-3.1249,-0.2100,62.4326,0.1638,0.1938,0.0413
1774945390.5713,0.0000,0.0000,0.0000,0.0000,0.0000,-3.1250,-0.2130,-50.5749,0.0999,0.2417,0.0658
1774945390.5913,0.0000,0.0000,0.0000,0.0000,0.0000,-3.1266,-0.2163,-24.9198,0.0040,0.2971,0.0562
1774945390.6112,0.0000,0.0000,0.0000,0.0000,0.0000,-3.1254,-0.2170,4.5989,0.0061,0.1970,0.0786
1774945390.6312,0.0000,0.0000,0.0000,0.0000,0.0000,-3.1249,-0.2164,-64.8629,0.0008,0.1299,0.0882
1774945390.6515,0.0000,0.0000,0.0000,0.0000,0.0000,-3.1250,-0.2158,30.3827,-0.0195,0.0894,0.0914
1774945390.6712,0.0000,0.0000,0.0000,0.0000,0.0000,-3.1207,-0.2166,54.8223,0.0413,0.1767,0.0818
1774945390.6922,0.0000,0.0000,0.0000,0.0000,0.0000,-3.1185,-0.2164,-4.2930,0.0445,0.1267,0.0871
1774945390.7112,0.0000,0.0000,0.0000,0.0000,0.0000,-3.1157,-0.2163,11.8948,0.0722,0.1054,0.0797
1774945390.7314,0.0000,0.0000,0.0000,0.0000,0.0000,-3.1153,-0.2152,51.1913,-0.0077,0.1022,0.0616
1774945390.7512,0.0000,0.0000,0.0000,0.0000,0.0000,-3.1155,-0.2128,74.1350,-0.0898,0.0031,0.0072
1774945390.7713,0.0000,0.0000,0.0000,0.0000,0.0000,-3.1152,-0.2099,-43.0515,-0.0482,0.0074,0.0008
1774945390.7914,0.0000,0.0000,0.0000,0.0000,0.0000,-3.1152,-0.2075,-8.4450,-0.0429,0.0841,-0.0098
1774945390.8113,0.0000,0.0000,0.0000,0.0000,0.0000,-3.1155,-0.2055,21.5799,-0.0205,0.0617,-0.0066
1774945390.8313,0.0000,0.0000,0.0000,0.0000,0.0000,-3.1178,-0.2043,-45.4698,-0.0354,0.0702,0.0040
1774945390.8514,0.0000,0.0000,0.0000,0.0000,0.0000,-3.1189,-0.2035,-4.9566,-0.0376,0.0819,0.0019
1774945390.8713,0.0000,0.0000,0.0000,0.0000,0.0000,-3.1196,-0.2008,6.0204,-0.0589,0.0351,0.0104
1774945390.8913,0.0000,0.0000,0.0000,0.0000,0.0000,-3.1197,-0.2020,0.3966,-0.0045,0.0713,0.0530
1774945390.9115,0.0000,0.0000,0.0000,0.0000,0.0000,-3.1235,-0.2041,13.4729,-0.0589,0.1288,0.1170
1774945390.9314,0.0000,0.0000,0.0000,0.0000,0.0000,-3.1231,-0.2030,17.2317,-0.0333,0.0734,0.1479
1774945390.9516,0.0000,0.0000,0.0000,0.0000,0.0000,-3.1221,-0.2022,12.2295,0.0125,0.0436,0.1851
1774945390.9717,0.0000,0.0000,0.0000,0.0000,0.0000,-3.1221,-0.2008,41.2717,-0.0227,0.0393,0.2096
1774945390.9913,0.0000,0.0000,0.0000,0.0000,0.0000,-3.1201,-0.1986,55.5081,0.0690,0.0734,0.2267
1774945391.0113,0.0000,0.0000,0.0000,0.0000,0.0000,-3.1173,-0.1963,119.7593,-0.0429,0.0425,0.2704
1774945391.0313,0.0000,0.0000,0.0000,0.0000,0.0000,-3.1140,-0.1972,36.2462,-0.0195,0.1118,0.2576
1774945391.0517,0.0000,0.0000,0.0000,0.0000,0.0000,-3.1137,-0.1999,65.9232,-0.0354,0.1277,0.2810
1774945391.0712,0.0000,0.0000,0.0000,0.0000,0.0000,-3.1139,-0.2022,3.8259,-0.0482,0.0766,0.3609
1774945391.0914,0.0000,0.0000,0.0000,0.0000,0.0000,-3.1135,-0.2016,-100.6569,0.0136,0.0351,0.4035
1774945391.1114,0.0000,0.0000,0.0000,0.0000,0.0000,-3.1137,-0.1992,-33.5544,-0.0706,0.0585,0.4291
1774945391.1313,0.0000,0.0000,0.0000,0.0000,0.0000,-3.1119,-0.1965,46.3010,-0.0503,0.0329,0.4791
1774945391.1513,0.0000,0.0000,0.0000,0.0000,0.0000,-3.1074,-0.1938,-19.7722,-0.0163,-0.0331,0.5111
1774945391.1743,0.0000,0.0000,0.0000,0.0000,0.0000,-3.1069,-0.1938,16.2637,-0.0408,0.0393,0.5409
1774945391.1912,0.0000,0.0000,0.0000,0.0000,0.0000,-3.1030,-0.1912,23.5270,-0.0258,0.0084,0.5313
1774945391.2115,0.0000,0.0000,0.0000,0.0000,0.0000,-3.1023,-0.1904,14.4808,-0.1228,-0.0022,0.5143
1774945391.2313,0.0000,0.0000,0.0000,0.0000,0.0000,-3.1051,-0.1930,47.5734,-0.1824,0.0777,0.5239
1774945391.2524,0.0000,0.0000,0.0000,0.0000,0.0000,-3.1064,-0.1952,93.2317,-0.1047,0.0990,0.5420
1774945391.2716,0.0000,0.0000,0.0000,0.0000,0.0000,-3.1099,-0.2027,86.7487,-0.1228,0.1096,0.5825
1774945391.2913,0.0000,0.0000,0.0000,0.0000,0.0000,-3.1116,-0.2059,37.1019,-0.1079,0.0297,0.6283
1774945391.3114,0.0000,0.0000,0.0000,0.0000,0.0000,-3.1108,-0.2071,47.6239,-0.1260,-0.0257,0.5857
1774945391.3313,0.0000,0.0000,0.0000,0.0000,0.0000,-3.1094,-0.2080,83.4328,-0.1281,-0.0065,0.6027
1774945391.3512,0.0000,0.0000,0.0000,0.0000,0.0000,-3.1086,-0.2066,-20.9477,-0.2155,-0.0193,0.5857
1774945391.3712,0.0000,0.0000,0.0000,0.0000,0.0000,-3.1058,-0.2087,8.6833,-0.1579,0.0532,0.5878
1774945391.3914,0.0000,0.0000,0.0000,0.0000,0.0000,-3.1037,-0.2102,40.3401,-0.1622,0.0905,0.5772
1774945391.4113,0.0000,0.0000,0.0000,0.0000,0.0000,-3.1025,-0.2108,10.5026,-0.1878,0.0308,0.5761
1774945391.4313,0.0000,0.0000,0.0000,0.0000,0.0000,-3.1030,-0.2119,-25.2692,-0.1633,-0.0416,0.5729
1774945391.4518,0.0000,0.0000,0.0000,0.0000,0.0000,-3.1022,-0.2128,0.7576,-0.1835,-0.0523,0.5750
1774945391.4713,0.0000,0.0000,0.0000,0.0000,0.0000,-3.1045,-0.2108,-22.1512,-0.1760,-0.1183,0.5857
1774945391.4912,0.0000,0.0000,0.0000,0.0000,0.0000,-3.1067,-0.2084,-31.5969,-0.1803,-0.1290,0.5857
1774945391.5122,0.0000,0.0000,0.0000,0.0000,0.0000,-3.1060,-0.2076,-75.2007,-0.2155,-0.0949,0.5569
1774945391.5313,0.0000,0.0000,0.0000,0.0000,0.0000,-3.1092,-0.2056,-26.1031,-0.2570,-0.1300,0.5558
1774945391.5513,0.0000,0.0000,0.0000,0.0000,0.0000,-3.1116,-0.2066,-2.6554,-0.2432,-0.0363,0.5644
1774945391.5714,0.0000,0.0000,0.0000,0.0000,0.0000,-3.1139,-0.2063,3.2174,-0.2623,-0.0299,0.5505
1774945391.5920,0.0000,0.0000,0.0000,0.0000,0.0000,-3.1164,-0.2073,22.8893,-0.2464,-0.0161,0.5686
1774945391.6113,0.0000,0.0000,0.0000,0.0000,0.0000,-3.1205,-0.2086,-35.2093,-0.2165,-0.0193,0.6176
1774945391.6313,0.0000,0.0000,0.0000,0.0000,0.0000,-3.1235,-0.2099,59.9124,-0.2016,-0.0533,0.6400
1774945391.6512,0.0000,0.0000,0.0000,0.0000,0.0000,-3.1266,-0.2119,-16.7964,-0.1430,-0.0182,0.6805
1774945391.6713,0.0000,0.0000,0.0000,0.0000,0.0000,-3.1304,-0.2136,-15.4626,-0.2293,-0.0246,0.6933
1774945391.6914,0.0000,0.0000,0.0000,0.0000,0.0000,-3.1312,-0.2155,64.4454,-0.2027,0.0180,0.7007
1774945391.7113,0.0000,0.0000,0.0000,0.0000,0.0000,-3.1315,-0.2164,-12.2384,-0.2059,-0.0235,0.7433
1774945391.7313,0.0000,0.0000,0.0000,0.0000,0.0000,-3.1315,-0.2181,0.4014,-0.1409,0.0585,0.7551
1774945391.7512,0.0000,0.0000,0.0000,0.0000,0.0000,-3.1317,-0.2215,82.7722,-0.1686,0.0638,0.7732
1774945391.7713,0.0000,0.0000,0.0000,0.0000,0.0000,-3.1308,-0.2218,59.9321,-0.1366,-0.0150,0.7529
1774945391.7912,0.0000,0.0000,0.0000,0.0000,0.0000,-3.1329,-0.2237,-26.0174,-0.1835,-0.0342,0.7881
1774945391.8114,0.0000,0.0000,0.0000,0.0000,0.0000,-3.1364,-0.2250,-24.4960,-0.1952,-0.0161,0.7987
1774945391.8312,0.0000,0.0000,0.0000,0.0000,0.0000,-3.1399,-0.2261,-10.5538,-0.1899,-0.0427,0.8211
1774945391.8514,0.0000,0.0000,0.0000,0.0000,0.0000,3.1410,-0.2251,-51.5337,-0.2698,-0.1663,0.8190
1774945391.8713,0.0000,0.0000,0.0000,0.0000,0.0000,3.1390,-0.2251,-17.2115,-0.1995,-0.1226,0.8552
1774945391.8913,0.0000,0.0000,0.0000,0.0000,0.0000,3.1393,-0.2265,102.8134,-0.1792,-0.0704,0.8786
1774945391.9113,0.0000,0.0000,0.0000,0.0000,0.0000,3.1408,-0.2262,-24.1701,-0.1025,-0.0917,0.8914
1774945391.9313,0.0000,0.0000,0.0000,0.0000,0.0000,3.1403,-0.2245,34.7148,-0.0940,-0.1151,0.9244
1774945391.9524,0.0000,0.0000,0.0000,0.0000,0.0000,3.1398,-0.2237,-26.2461,-0.0823,-0.1151,0.9287
1774945391.9713,0.0000,0.0000,0.0000,0.0000,0.0000,-3.1411,-0.2199,-23.8244,-0.1164,-0.2004,0.9404
1774945391.9915,0.0000,0.0000,0.0000,0.0000,0.0000,-3.1369,-0.2175,-10.6342,-0.0759,-0.1545,0.9575
1774945392.0114,0.0000,0.0000,0.0000,0.0000,0.0000,-3.1323,-0.2187,13.4279,0.0125,-0.0225,0.9479
1774945392.0312,0.0000,0.0000,0.0000,0.0000,0.0000,-3.1287,-0.2158,23.9348,-0.0599,-0.0736,0.9340
1774945392.0514,0.0000,0.0000,0.0000,0.0000,0.0000,-3.1284,-0.2145,-23.9667,-0.0887,-0.0491,0.9170
1774945392.0713,0.0000,0.0000,0.0000,0.0000,0.0000,-3.1236,-0.2126,74.5135,-0.1175,-0.0715,0.8882
1774945392.0915,0.0000,0.0000,0.0000,0.0000,0.0000,-3.1229,-0.2116,-26.3755,-0.1792,-0.0768,0.8531
1774945392.1113,0.0000,0.0000,0.0000,0.0000,0.0000,-3.1190,-0.2124,-6.4958,-0.0972,0.0138,0.8456
1774945392.1313,0.0000,0.0000,0.0000,0.0000,0.0000,-3.1158,-0.2126,5.8673,-0.1068,0.0468,0.8286
1774945392.1512,0.0000,0.0000,0.0000,0.0000,0.0000,-3.1138,-0.2109,-55.1001,-0.1547,0.0265,0.7955
1774945392.1712,0.0000,0.0000,0.0000,0.0000,0.0000,-3.1126,-0.2086,10.9534,-0.1302,-0.0107,0.7785
1774945392.1915,0.0000,0.0000,0.0000,0.0000,0.0000,-3.1118,-0.2095,8.8351,-0.1643,0.0798,0.7625
1774945392.2154,0.0000,0.0000,0.0000,0.0000,0.0000,-3.1074,-0.2097,-11.5366,-0.1207,0.0340,0.7337
1774945392.2312,0.0000,0.0000,0.0000,0.0000,0.0000,-3.1057,-0.2094,-14.6945,-0.1760,0.0468,0.6666
1774945392.2512,0.0000,0.0000,0.0000,0.0000,0.0000,-3.1017,-0.2100,-47.6345,-0.1643,0.0383,0.6102
1774945392.2712,0.0000,0.0000,0.0000,0.0000,0.0000,-3.1013,-0.2118,-73.4066,-0.2208,0.0489,0.5974
1774945392.2913,0.0000,0.0000,0.0000,0.0000,0.0000,-3.1006,-0.2117,-49.0155,-0.1111,0.0447,0.6080
1774945392.3113,0.0000,0.0000,0.0000,0.0000,0.0000,-3.1024,-0.2111,-1.0343,-0.1697,0.0202,0.6080
1774945392.3313,0.0000,0.0000,0.0000,0.0000,0.0000,-3.0988,-0.2126,-10.2071,-0.1025,0.0532,0.5835
1774945392.3519,0.0000,0.0000,0.0000,0.0000,0.0000,-3.1026,-0.2145,33.5738,-0.1302,0.0937,0.5899
1774945392.3713,0.0000,0.0000,0.0000,0.0000,0.0000,-3.1052,-0.2153,94.1224,-0.2634,0.0670,0.5356
1774945392.3917,0.0000,0.0000,0.0000,0.0000,0.0000,-3.1048,-0.2168,-42.1532,-0.1814,0.0617,0.5409
1774945392.4113,0.0000,0.0000,0.0000,0.0000,0.0000,-3.1068,-0.2176,55.8867,-0.1931,0.0521,0.5505
1774945392.4312,0.0000,0.0000,0.0000,0.0000,0.0000,-3.1074,-0.2168,-36.1704,-0.1526,-0.0033,0.5388
1774945392.4513,0.0000,0.0000,0.0000,0.0000,0.0000,-3.1060,-0.2184,14.2134,-0.1910,0.0127,0.5090
1774945392.4722,0.0000,0.0000,0.0000,0.0000,0.0000,-3.1069,-0.2174,-3.8038,-0.1228,-0.0214,0.5367
1774945392.4913,0.0000,0.0000,0.0000,0.0000,0.0000,-3.1093,-0.2169,-0.8125,-0.1590,0.0116,0.5622
1774945392.5112,0.0000,0.0000,0.0000,0.0000,0.0000,-3.1072,-0.2177,-42.3583,-0.1089,0.0372,0.5186
1774945392.5314,0.0000,0.0000,0.0000,0.0000,0.0000,-3.1116,-0.2155,8.8530,-0.2091,0.0010,0.5708
1774945392.5513,0.0000,0.0000,0.0000,0.0000,0.0000,-3.1110,-0.2150,0.0000,-0.1441,0.0319,0.5250
1774945392.5713,0.0000,0.0000,0.0000,0.0000,0.0000,-3.1135,-0.2128,0.0000,-0.1579,0.0510,0.5708
1774945392.5914,0.0000,0.0000,0.0000,0.0000,0.0000,-3.1111,-0.2105,0.0000,-0.1409,0.0020,0.5303
1774945392.6113,0.0000,0.0000,0.0000,0.0000,0.0000,-3.1112,-0.2107,0.0000,-0.1207,0.0649,0.5686
1774945392.6312,0.0000,0.0000,0.0000,0.0000,0.0000,-3.1110,-0.2133,0.0000,-0.1569,0.0106,0.5100
1774945392.6515,0.0000,0.0000,0.0000,0.0000,0.0000,-3.1164,-0.2130,0.0000,-0.1665,0.0319,0.5452
1774945392.6719,0.0000,0.0000,0.0000,0.0000,0.0000,-3.1162,-0.2135,0.0000,-0.1420,0.0755,0.5409
1774945392.6913,0.0000,0.0000,0.0000,0.0000,0.0000,-3.1168,-0.2118,0.0000,-0.2080,0.0095,0.5644
1774945392.7114,0.0000,0.0000,0.0000,0.0000,0.0000,-3.1182,-0.2147,0.0000,-0.2229,0.1128,0.5452
1774945392.7313,0.0000,0.0000,0.0000,0.0000,0.0000,-3.1140,-0.2169,0.0000,-0.0163,0.0958,0.4919
1774945392.7516,0.0000,0.0000,0.0000,0.0000,0.0000,-3.1173,-0.2175,0.0000,-0.1313,0.0074,0.5686
1774945392.7726,0.0000,0.0000,0.0000,0.0000,0.0000,-3.1160,-0.2181,0.0000,-0.1345,-0.0555,0.5079
1774945392.7913,0.0000,0.0000,0.0000,0.0000,0.0000,-3.1234,-0.2165,0.0000,-0.3135,-0.0246,0.5857
1774945392.8117,0.0000,0.0000,0.0000,0.0000,0.0000,-3.1232,-0.2171,-20.9938,-0.1814,0.0521,0.5537
1774945392.8313,0.0000,0.0000,0.0000,0.0000,0.0000,-3.1248,-0.2175,0.0000,-0.2080,-0.0001,0.6347
1774945392.8513,0.0000,0.0000,0.0000,0.0000,0.0000,-3.1238,-0.2202,0.0000,-0.1633,0.0308,0.6027
1774945392.8713,0.0000,0.0000,0.0000,0.0000,0.0000,-3.1288,-0.2188,0.0000,-0.1931,-0.0012,0.6315
1774945392.8914,0.0000,0.0000,0.0000,0.0000,0.0000,-3.1324,-0.2196,76.1771,-0.2240,-0.0406,0.6262
1774945392.9123,0.0000,0.0000,0.0000,0.0000,0.0000,-3.1315,-0.2212,0.0000,-0.2304,-0.0288,0.5867
1774945392.9312,0.0000,0.0000,0.0000,0.0000,0.0000,-3.1344,-0.2234,103.0336,-0.2698,0.0223,0.5484
1774945392.9525,0.0000,0.0000,0.0000,0.0000,0.0000,-3.1381,-0.2213,25.8318,-0.3241,-0.0736,0.5271
1774945392.9720,0.0000,0.0000,0.0000,0.0000,0.0000,-3.1392,-0.2196,-16.1481,-0.2027,-0.0576,0.5132
1774945392.9917,0.0000,0.0000,0.0000,0.0000,0.0000,-3.1404,-0.2191,-14.3721,-0.1036,0.0127,0.6048
1774945393.0114,0.0000,0.0000,0.0000,0.0000,0.0000,-3.1407,-0.2185,-85.5295,-0.1430,-0.0661,0.5931
1774945393.0313,0.0000,0.0000,0.0000,0.0000,0.0000,3.1380,-0.2191,-26.9703,-0.2176,0.0212,0.5772
1774945393.0513,0.0000,0.0000,0.0000,0.0000,0.0000,3.1384,-0.2182,130.4128,-0.1388,0.0116,0.5090
1774945393.0712,0.0000,0.0000,0.0000,0.0000,0.0000,3.1341,-0.2177,85.0760,-0.3007,-0.0406,0.5367
1774945393.0915,0.0000,0.0000,0.0000,0.0000,0.0000,3.1324,-0.2157,75.4352,-0.2613,-0.0629,0.5250
1774945393.1140,0.0000,0.0000,0.0000,0.0000,0.0000,3.1324,-0.2157,-127.1992,-0.0748,0.0287,0.5622
1774945393.1316,0.0000,0.0000,0.0000,0.0000,0.0000,3.1293,-0.2148,-50.9578,-0.1942,-0.1055,0.5697
1774945393.1514,0.0000,0.0000,0.0000,0.0000,0.0000,3.1245,-0.2132,48.8579,-0.1910,-0.0363,0.5612
1774945393.1713,0.0000,0.0000,0.0000,0.0000,0.0000,3.1240,-0.2131,128.1944,-0.0557,-0.0384,0.5164
1774945393.1918,0.0000,0.0000,0.0000,0.0000,0.0000,3.1233,-0.2140,-21.2453,-0.1505,-0.0288,0.4941
1774945393.2115,0.0000,0.0000,0.0000,0.0000,0.0000,3.1244,-0.2164,3.3000,-0.1175,0.1054,0.4610
1774945393.2312,0.0000,0.0000,0.0000,0.0000,0.0000,3.1264,-0.2171,111.0503,-0.1111,0.1096,0.3929
1774945393.2517,0.0000,0.0000,0.0000,0.0000,0.0000,3.1294,-0.2160,-16.3840,-0.0503,-0.0683,0.3087
1774945393.2713,0.0000,0.0000,0.0000,0.0000,0.0000,3.1304,-0.2133,-38.2390,-0.0024,-0.0054,0.2959
1774945393.2913,0.0000,0.0000,0.0000,0.0000,0.0000,3.1338,-0.2116,14.9110,0.0317,0.0148,0.2736
1774945393.3117,0.0000,0.0000,0.0000,0.0000,0.0000,3.1368,-0.2103,-31.3576,0.0264,-0.0374,0.2299
1774945393.3313,0.0000,0.0000,0.0000,0.0000,0.0000,3.1363,-0.2106,7.2511,-0.0717,0.0660,0.1574
1774945393.3515,0.0000,0.0000,0.0000,0.0000,0.0000,3.1393,-0.2097,16.3122,0.0839,0.0138,-0.0503
1774945393.3717,0.0000,0.0000,0.0000,0.0000,0.0000,-3.1394,-0.2071,-45.8354,0.0636,0.0084,-0.1930
1774945393.3913,0.0000,0.0000,0.0000,0.0000,0.0000,-3.1380,-0.2051,-94.4156,0.0381,0.1086,-0.1856
1774945393.4113,0.0000,0.0000,0.0000,0.0000,0.0000,-3.1367,-0.2040,-20.9324,0.0210,0.1363,-0.1888
1774945393.4314,0.0000,0.0000,0.0000,0.0000,0.0000,-3.1389,-0.2030,44.5937,0.0242,0.0894,-0.1025
1774945393.4512,0.0000,0.0000,0.0000,0.0000,0.0000,-3.1411,-0.2029,-26.9245,0.0072,0.0915,-0.0375
1774945393.4715,0.0000,0.0000,0.0000,0.0000,0.0000,3.1377,-0.2035,10.4071,-0.0706,0.1245,0.0051
1774945393.4912,0.0000,0.0000,0.0000,0.0000,0.0000,3.1367,-0.2038,9.0369,-0.0791,0.1171,0.0264
1774945393.5113,0.0000,0.0000,0.0000,0.0000,0.0000,3.1348,-0.2051,2.7502,-0.0770,0.1192,0.0371
1774945393.5314,0.0000,0.0000,0.0000,0.0000,0.0000,3.1351,-0.2067,20.7732,-0.0344,0.1427,0.0040
1774945393.5516,0.0000,0.0000,0.0000,0.0000,0.0000,3.1343,-0.2075,3.8401,-0.0045,0.1256,-0.0247
1774945393.5717,0.0000,0.0000,0.0000,0.0000,0.0000,3.1339,-0.2101,-12.6502,0.0242,0.1277,-0.0514
1774945393.5914,0.0000,0.0000,0.0000,0.0000,0.0000,3.1315,-0.2119,0.9109,0.0168,0.1373,-0.0524
1774945393.6113,0.0000,0.0000,0.0000,0.0000,0.0000,3.1292,-0.2136,-2.5616,0.0242,0.1160,-0.0492
1774945393.6312,0.0000,0.0000,0.0000,0.0000,0.0000,3.1269,-0.2141,-2.7547,0.0114,0.1000,-0.0205
1774945393.6518,0.0000,0.0000,0.0000,0.0000,0.0000,3.1280,-0.2151,16.0782,0.0200,0.0692,0.0104
1774945393.6713,0.0000,0.0000,0.0000,0.0000,0.0000,3.1289,-0.2161,4.5027,0.0338,0.0329,0.0307
1774945393.6913,0.0000,0.0000,0.0000,0.0000,0.0000,3.1305,-0.2163,-10.3938,0.0455,0.0127,0.0349
1774945393.7113,0.0000,0.0000,0.0000,0.0000,0.0000,3.1346,-0.2150,11.7464,0.0445,-0.0193,0.0094
1774945393.7312,0.0000,0.0000,0.0000,0.0000,0.0000,3.1388,-0.2134,-4.9486,0.0487,-0.0459,-0.0130
1774945393.7513,0.0000,0.0000,0.0000,0.0000,0.0000,-3.1415,-0.2145,-9.0996,0.0381,-0.0480,-0.0300
1774945393.7713,0.0000,0.0000,0.0000,0.0000,0.0000,-3.1410,-0.2135,-4.6392,0.0168,-0.0512,-0.0343
1774945393.7913,0.0000,0.0000,0.0000,0.0000,0.0000,-3.1402,-0.2130,14.9017,0.0221,-0.0619,-0.0215
1774945393.8114,0.0000,0.0000,0.0000,0.0000,0.0000,-3.1399,-0.2123,-0.9880,0.0061,-0.0512,-0.0034
1774945393.8313,0.0000,0.0000,0.0000,0.0000,0.0000,-3.1394,-0.2124,18.8416,0.0061,-0.0512,0.0136
1774945393.8513,0.0000,0.0000,0.0000,0.0000,0.0000,-3.1374,-0.2121,-3.2119,-0.0109,-0.0480,0.0083
1774945393.8720,0.0000,0.0000,0.0000,0.0000,0.0000,-3.1349,-0.2127,-9.7072,-0.0141,-0.0523,-0.0045
1774945393.8915,0.0000,0.0000,0.0000,0.0000,0.0000,-3.1323,-0.2123,5.9091,-0.0301,-0.0480,-0.0247
1774945393.9116,0.0000,0.0000,0.0000,0.0000,0.0000,-3.1329,-0.2114,-6.5685,-0.0354,-0.0533,-0.0439
1774945393.9317,0.0000,0.0000,0.0000,0.0000,0.0000,-3.1336,-0.2096,-3.9875,-0.0376,-0.0480,-0.0482
1774945393.9527,0.0000,0.0000,0.0000,0.0000,0.0000,-3.1356,-0.2063,40.1178,-0.0493,-0.0427,-0.0407
1774945393.9715,0.0000,0.0000,0.0000,0.0000,0.0000,-3.1368,-0.2022,4.6887,-0.0354,-0.0544,-0.0332
1774945393.9922,0.0000,0.0000,0.0000,0.0000,0.0000,-3.1370,-0.1980,31.4060,-0.0365,-0.0512,-0.0258
1774945394.0114,0.0000,0.0000,0.0000,0.0000,0.0000,-3.1375,-0.1938,18.2532,-0.0216,0.0052,-0.0205
1774945394.0312,0.0000,0.0000,0.0000,0.0000,0.0000,-3.1391,-0.1902,8.2060,-0.0365,0.0127,-0.0087
1774945394.0513,0.0000,0.0000,0.0000,0.0000,0.0000,-3.1392,-0.1869,-34.2834,-0.0386,0.0202,-0.0386
1774945394.0713,0.0000,0.0000,0.0000,0.0000,0.0000,-3.1407,-0.1848,-6.8968,-0.0589,0.0862,-0.0386
1774945394.0913,0.0000,0.0000,0.0000,0.0000,0.0000,3.1415,-0.1867,95.0377,-0.0578,0.2843,-0.0705
1774945394.1114,0.0000,0.0000,0.0000,0.0000,0.0000,3.1408,-0.1877,257.2026,-0.0109,0.1245,-0.0631
1774945394.1314,0.0000,0.0000,0.0000,0.0000,0.0000,3.1386,-0.1878,-63.3663,-0.0525,0.0894,-0.0588
1774945394.1515,0.0000,0.0000,0.0000,0.0000,0.0000,3.1365,-0.1908,-10.5888,-0.0834,0.1778,-0.0556
1774945394.1712,0.0000,0.0000,0.0000,0.0000,0.0000,3.1348,-0.1927,-48.3532,-0.0717,0.2183,-0.0439
1774945394.1914,0.0000,0.0000,0.0000,0.0000,0.0000,3.1317,-0.1952,-82.2843,-0.0759,0.2162,-0.0194
1774945394.2112,0.0000,0.0000,0.0000,0.0000,0.0000,3.1289,-0.1988,9.1889,-0.0578,0.2449,0.0008
1774945394.2317,0.0000,0.0000,0.0000,0.0000,0.0000,3.1267,-0.2010,16.9130,-0.0290,0.1799,0.0136
1774945394.2513,0.0000,0.0000,0.0000,0.0000,0.0000,3.1250,-0.2031,-24.0865,-0.0013,0.1512,0.0051
1774945394.2714,0.0000,0.0000,0.0000,0.0000,0.0000,3.1235,-0.2041,47.5209,-0.0344,0.1299,-0.0290
1774945394.2914,0.0000,0.0000,0.0000,0.0000,0.0000,3.1226,-0.2054,-5.8054,-0.0535,0.0713,-0.0428
1774945394.3112,0.0000,0.0000,0.0000,0.0000,0.0000,3.1233,-0.2062,-13.8305,-0.0099,0.0681,-0.0514
1774945394.3313,0.0000,0.0000,0.0000,0.0000,0.0000,3.1243,-0.2042,40.1070,0.0253,0.0233,-0.0343
1774945394.3514,0.0000,0.0000,0.0000,0.0000,0.0000,3.1244,-0.2015,29.8774,0.0338,0.0127,-0.0460
1774945394.3712,0.0000,0.0000,0.0000,0.0000,0.0000,3.1235,-0.1955,58.4276,0.0082,-0.0555,-0.0343
1774945394.3919,0.0000,0.0000,0.0000,0.0000,0.0000,3.1235,-0.1919,4.4371,0.0232,-0.0001,-0.0269
1774945394.4113,0.0000,0.0000,0.0000,0.0000,0.0000,3.1238,-0.1886,12.9262,0.0402,0.0223,-0.0109
1774945394.4313,0.0000,0.0000,0.0000,0.0000,0.0000,3.1215,-0.1868,27.1461,-0.0290,0.0425,-0.0066
1774945394.4515,0.0000,0.0000,0.0000,0.0000,0.0000,3.1232,-0.1862,11.6556,0.0157,0.0212,-0.0183
1774945394.4712,0.0000,0.0000,0.0000,0.0000,0.0000,3.1245,-0.1846,14.6319,0.0274,0.0074,-0.0024
1774945394.4923,0.0000,0.0000,0.0000,0.0000,0.0000,3.1238,-0.1847,-31.6642,0.0423,0.0031,0.0040
1774945394.5119,0.0000,0.0000,0.0000,0.0000,0.0000,3.1245,-0.1857,5.3533,0.0359,0.0159,0.0030
1774945394.5314,0.0000,0.0000,0.0000,0.0000,0.0000,3.1236,-0.1874,-70.2158,-0.0237,0.0660,-0.0183
1774945394.5514,0.0000,0.0000,0.0000,0.0000,0.0000,3.1270,-0.1888,17.3985,0.0487,0.0532,-0.0098
1774945394.5713,0.0000,0.0000,0.0000,0.0000,0.0000,3.1283,-0.1938,-11.1354,0.0338,0.0873,-0.0045
1774945394.5913,0.0000,0.0000,0.0000,0.0000,0.0000,3.1285,-0.1980,-24.3436,0.0775,0.0542,-0.0045
1774945394.6115,0.0000,0.0000,0.0000,0.0000,0.0000,3.1259,-0.2013,13.0473,-0.0131,0.0287,0.0136
1774945394.6312,0.0000,0.0000,0.0000,0.0000,0.0000,3.1281,-0.2044,-28.0696,0.0200,0.0116,0.0094
1774945394.6514,0.0000,0.0000,0.0000,0.0000,0.0000,3.1296,-0.2077,4.9057,0.0381,0.0276,0.0147
1774945394.6713,0.0000,0.0000,0.0000,0.0000,0.0000,3.1337,-0.2090,19.1896,0.0295,-0.0278,-0.0098
1774945394.6913,0.0000,0.0000,0.0000,0.0000,0.0000,3.1337,-0.2110,-9.6294,-0.0003,-0.0278,-0.0428
1774945394.7117,0.0000,0.0000,0.0000,0.0000,0.0000,3.1332,-0.2098,11.2185,-0.0365,-0.0736,-0.0577
1774945394.7314,0.0000,0.0000,0.0000,0.0000,0.0000,3.1362,-0.2087,22.4892,0.0178,-0.1162,-0.0641
1774945394.7546,0.0000,0.0000,0.0000,0.0000,0.0000,3.1348,-0.2066,-6.5332,0.0391,-0.1098,-0.0450
1774945394.7716,0.0000,0.0000,0.0000,0.0000,0.0000,3.1368,-0.1991,6.5754,0.0572,-0.1759,-0.0695
1774945394.7915,0.0000,0.0000,0.0000,0.0000,0.0000,3.1337,-0.1940,-29.9392,-0.0738,-0.1087,-0.0620
1774945394.8114,0.0000,0.0000,0.0000,0.0000,0.0000,3.1342,-0.1904,46.1132,-0.0163,-0.0523,-0.0269
1774945394.8312,0.0000,0.0000,0.0000,0.0000,0.0000,3.1333,-0.1872,6.9547,-0.0163,-0.0672,-0.0024
1774945394.8515,0.0000,0.0000,0.0000,0.0000,0.0000,3.1340,-0.1858,-2.1055,0.0114,0.0020,-0.0045
1774945394.8722,0.0000,0.0000,0.0000,0.0000,0.0000,3.1309,-0.1845,-30.4047,-0.0354,-0.0001,0.0083
1774945394.8924,0.0000,0.0000,0.0000,0.0000,0.0000,3.1314,-0.1853,37.1586,-0.0312,0.0415,-0.0183
1774945394.9114,0.0000,0.0000,0.0000,0.0000,0.0000,3.1320,-0.1875,-54.8090,0.0519,0.0170,-0.0151
1774945394.9317,0.0000,0.0000,0.0000,0.0000,0.0000,3.1301,-0.1908,-26.4129,0.0050,0.1086,-0.0194
1774945394.9516,0.0000,0.0000,0.0000,0.0000,0.0000,3.1296,-0.1931,4.7055,-0.0482,0.0660,-0.0130
1774945394.9713,0.0000,0.0000,0.0000,0.0000,0.0000,3.1280,-0.1987,81.3577,0.0200,0.0830,0.0136
1774945394.9914,0.0000,0.0000,0.0000,0.0000,0.0000,3.1310,-0.1998,-49.1144,0.0317,0.0159,-0.0077
1774945395.0117,0.0000,0.0000,0.0000,0.0000,0.0000,3.1295,-0.2027,-51.4410,-0.0280,0.0138,-0.0247
1774945395.0335,0.0000,0.0000,0.0000,0.0000,0.0000,3.1316,-0.2056,-2.9206,-0.0109,0.0202,-0.0183
1774945395.0522,0.0000,0.0000,0.0000,0.0000,0.0000,3.1346,-0.2082,5.4532,0.0626,-0.0107,-0.0332
1774945395.0713,0.0000,0.0000,0.0000,0.0000,0.0000,3.1333,-0.2069,30.2825,-0.0013,-0.0917,-0.0237
1774945395.0914,0.0000,0.0000,0.0000,0.0000,0.0000,3.1362,-0.2084,0.0000,0.0306,0.0063,-0.0279
1774945395.1116,0.0000,0.0000,0.0000,0.0000,0.0000,3.1345,-0.2043,0.0000,0.0413,-0.0640,-0.0226
1774945395.1312,0.0000,0.0000,0.0000,0.0000,0.0000,3.1338,-0.1991,0.0000,0.0029,-0.1002,-0.0343
1774945395.1524,0.0000,0.0000,0.0000,0.0000,0.0000,3.1334,-0.1960,-31.7888,-0.0056,-0.0246,-0.0482
1774945395.1715,0.0000,0.0000,0.0000,0.0000,0.0000,3.1323,-0.1927,0.0000,0.0019,0.0329,-0.0439
1774945395.1923,0.0000,0.0000,0.0000,0.0000,0.0000,3.1345,-0.1907,0.0000,0.0359,0.0020,-0.0300
1774945395.2117,0.0000,0.0000,0.0000,0.0000,0.0000,3.1312,-0.1888,0.0000,0.0061,0.0138,0.0030
1774945395.2314,0.0000,0.0000,0.0000,0.0000,0.0000,3.1299,-0.1899,0.0000,0.0253,0.0383,0.0104
1774945395.2512,0.0000,0.0000,0.0000,0.0000,0.0000,3.1290,-0.1949,0.0000,0.0359,0.0947,0.0211
1774945395.2716,0.0000,0.0000,0.0000,0.0000,0.0000,3.1273,-0.1960,0.0000,-0.0056,0.0841,0.0083
1774945395.2912,0.0000,0.0000,0.0000,0.0000,0.0000,3.1285,-0.2002,0.0000,0.0381,0.0265,-0.0194
1774945395.3113,0.0000,0.0000,0.0000,0.0000,0.0000,3.1296,-0.2040,0.0000,0.0402,0.0329,-0.0087
1774945395.3320,0.0000,0.0000,0.0000,0.0000,0.0000,3.1298,-0.2083,0.0000,0.0178,0.0649,-0.0567
1774945395.3516,0.0000,0.0000,0.0000,0.0000,0.0000,3.1311,-0.2114,0.0000,0.0370,-0.0203,-0.0418
1774945395.3719,0.0000,0.0000,0.0000,0.0000,0.0000,3.1303,-0.2156,0.0000,0.0551,0.0468,-0.0119
1774945395.3918,0.0000,0.0000,0.0000,0.0000,0.0000,3.1298,-0.2169,0.0000,0.0530,-0.0171,-0.0034
1774945395.4115,0.0000,0.0000,0.0000,0.0000,0.0000,3.1291,-0.2183,-56.0536,0.0359,-0.0896,0.0126
1774945395.4313,0.0000,0.0000,0.0000,0.0000,0.0000,3.1319,-0.2188,0.0000,0.0381,-0.0970,0.0083
1774945395.4522,0.0000,0.0000,0.0000,0.0000,0.0000,3.1339,-0.2128,0.0000,0.0562,-0.1279,-0.0098
1774945395.4712,0.0000,0.0000,0.0000,0.0000,0.0000,3.1367,-0.2044,0.0000,0.0988,-0.2494,-0.0556
1774945395.4914,0.0000,0.0000,0.0000,0.0000,0.0000,3.1365,-0.2011,1.8952,0.0477,-0.1002,-0.0737
1774945395.5115,0.0000,0.0000,0.0000,0.0000,0.0000,3.1359,-0.1951,-22.5821,0.0477,-0.1141,-0.0396
1774945395.5316,0.0000,0.0000,0.0000,0.0000,0.0000,3.1375,-0.1883,4.3775,0.0743,-0.1343,0.0115
1774945395.5515,0.0000,0.0000,0.0000,0.0000,0.0000,3.1373,-0.1827,58.3484,0.0274,-0.0672,0.0775
1774945395.5713,0.0000,0.0000,0.0000,0.0000,0.0000,3.1389,-0.1786,-74.0501,0.0434,0.0223,0.0839
1774945395.5915,0.0000,0.0000,0.0000,0.0000,0.0000,3.1412,-0.1768,-32.6016,0.0402,0.1384,0.0541
1774945395.6116,0.0000,0.0000,0.0000,0.0000,0.0000,-3.1388,-0.1780,-23.8381,0.0839,0.2066,0.0168
1774945395.6368,0.0000,0.0000,0.0000,0.0000,0.0000,-3.1363,-0.1798,-58.0133,0.0200,0.2151,-0.0311
1774945395.6514,0.0000,0.0000,0.0000,0.0000,0.0000,-3.1343,-0.1843,-29.9869,-0.0227,0.2950,-0.0950
1774945395.6712,0.0000,0.0000,0.0000,0.0000,0.0000,-3.1339,-0.1889,10.1432,0.0019,0.2982,-0.1099
1774945395.6914,0.0000,0.0000,0.0000,0.0000,0.0000,-3.1334,-0.1904,-35.2905,0.0434,0.1459,-0.0695
1774945395.7112,0.0000,0.0000,0.0000,0.0000,0.0000,-3.1355,-0.1965,12.2021,-0.0141,0.2108,-0.0460
1774945395.7314,0.0000,0.0000,0.0000,0.0000,0.0000,-3.1366,-0.2038,-120.1696,-0.0312,0.2982,-0.0109
1774945395.7518,0.0000,0.0000,0.0000,0.0000,0.0000,-3.1362,-0.2139,55.3297,0.0008,0.1757,-0.0428
1774945395.7717,0.0000,0.0000,0.0000,0.0000,0.0000,-3.1350,-0.2189,-80.7406,0.0200,-0.0107,-0.0801
1774945395.7915,0.0000,0.0000,0.0000,0.0000,0.0000,-3.1345,-0.2215,-2.9848,0.0178,-0.0363,-0.0982
1774945395.8114,0.0000,0.0000,0.0000,0.0000,0.0000,-3.1348,-0.2227,25.4012,0.0072,-0.0960,-0.1025
1774945395.8314,0.0000,0.0000,0.0000,0.0000,0.0000,-3.1360,-0.2240,3.5350,-0.0301,-0.1279,-0.0556
1774945395.8515,0.0000,0.0000,0.0000,0.0000,0.0000,-3.1396,-0.2245,68.1692,-0.0461,-0.0970,0.0190
1774945395.8712,0.0000,0.0000,0.0000,0.0000,0.0000,3.1411,-0.2245,4.4688,-0.0386,-0.2217,0.0456
1774945395.8914,0.0000,0.0000,0.0000,0.0000,0.0000,-3.1405,-0.2230,-69.7916,0.0008,-0.2568,0.0115
1774945395.9113,0.0000,0.0000,0.0000,0.0000,0.0000,-3.1414,-0.2197,28.8102,0.0221,-0.3229,0.0179
1774945395.9317,0.0000,0.0000,0.0000,0.0000,0.0000,3.1412,-0.2147,69.8614,0.0136,-0.3910,-0.0269
1774945395.9516,0.0000,0.0000,0.0000,0.0000,0.0000,3.1412,-0.2113,-19.0318,-0.0418,-0.3676,-0.0673
1774945395.9712,0.0000,0.0000,0.0000,0.0000,0.0000,3.1404,-0.2078,-24.5853,-0.0482,-0.3037,-0.0609
1774945395.9911,0.0000,0.0000,0.0000,0.0000,0.0000,3.1414,-0.2048,-15.6486,-0.0227,-0.3495,-0.0311
1774945396.0113,0.0000,0.0000,0.0000,0.0000,0.0000,-3.1409,-0.2017,78.1434,0.0104,-0.3378,-0.0119
1774945396.0312,0.0000,0.0000,0.0000,0.0000,0.0000,3.1407,-0.1996,62.9735,-0.0461,-0.2004,-0.0162
1774945396.0512,0.0000,0.0000,0.0000,0.0000,0.0000,3.1393,-0.2004,-7.8415,-0.0599,-0.1450,0.0019
1774945396.0714,0.0000,0.0000,0.0000,0.0000,0.0000,3.1393,-0.1994,95.9873,-0.0258,-0.1364,0.0051
1774945396.0913,0.0000,0.0000,0.0000,0.0000,0.0000,3.1394,-0.2003,29.9126,-0.0322,0.0084,-0.0013
1774945396.1113,0.0000,0.0000,0.0000,0.0000,0.0000,3.1387,-0.2025,36.1418,-0.0472,-0.0533,0.0094
1774945396.1315,0.0000,0.0000,0.0000,0.0000,0.0000,3.1369,-0.2049,-97.3556,-0.0163,-0.0033,-0.0226
1774945396.1519,0.0000,0.0000,0.0000,0.0000,0.0000,3.1364,-0.2071,36.6747,0.0381,0.0233,-0.0173
1774945396.1713,0.0000,0.0000,0.0000,0.0000,0.0000,3.1360,-0.2112,31.4602,0.0125,0.0532,-0.0364
1774945396.1921,0.0000,0.0000,0.0000,0.0000,0.0000,3.1373,-0.2128,-13.5788,0.0146,0.0255,-0.0311
1774945396.2122,0.0000,0.0000,0.0000,0.0000,0.0000,3.1385,-0.2141,-34.7595,0.0040,0.0457,-0.0386
1774945396.2314,0.0000,0.0000,0.0000,0.0000,0.0000,-3.1414,-0.2140,17.1379,0.0455,0.0265,-0.0332
1774945396.2515,0.0000,0.0000,0.0000,0.0000,0.0000,3.1405,-0.2154,-1.1713,0.0242,0.0191,-0.0109
1774945396.2717,0.0000,0.0000,0.0000,0.0000,0.0000,-3.1415,-0.2173,18.3239,0.0338,0.0372,-0.0066
1774945396.2913,0.0000,0.0000,0.0000,0.0000,0.0000,3.1406,-0.2167,-30.1297,0.0200,-0.0544,0.0072
1774945396.3116,0.0000,0.0000,0.0000,0.0000,0.0000,-3.1405,-0.2182,-39.3532,0.0317,-0.0246,0.0115
1774945396.3314,0.0000,0.0000,0.0000,0.0000,0.0000,-3.1400,-0.2175,75.2654,-0.0131,-0.0086,-0.0087
1774945396.3518,0.0000,0.0000,0.0000,0.0000,0.0000,-3.1387,-0.2176,8.0928,-0.0248,-0.0470,-0.0492
1774945396.3712,0.0000,0.0000,0.0000,0.0000,0.0000,-3.1382,-0.2172,-11.4021,0.0391,-0.0267,-0.0567
1774945396.3915,0.0000,0.0000,0.0000,0.0000,0.0000,-3.1395,-0.2154,-43.5237,0.0519,0.0010,-0.0375
1774945396.4138,0.0000,0.0000,0.0000,0.0000,0.0000,-3.1411,-0.2147,57.8068,0.0359,0.0031,-0.0141
1774945396.4319,0.0000,0.0000,0.0000,0.0000,0.0000,3.1402,-0.2169,-23.0838,0.0029,0.0340,-0.0024
1774945396.4515,0.0000,0.0000,0.0000,0.0000,0.0000,3.1413,-0.2162,46.7860,0.0232,-0.0342,0.0083
1774945396.4714,0.0000,0.0000,0.0000,0.0000,0.0000,-3.1407,-0.2174,-25.9189,0.0061,-0.0246,0.0104
1774945396.4913,0.0000,0.0000,0.0000,0.0000,0.0000,-3.1395,-0.2187,24.6541,0.0082,0.0351,-0.0098
1774945396.5120,0.0000,0.0000,0.0000,0.0000,0.0000,-3.1396,-0.2188,40.8488,0.0061,-0.0012,-0.0119
1774945396.5314,0.0000,0.0000,0.0000,0.0000,0.0000,-3.1362,-0.2204,-36.3676,0.0519,-0.0342,-0.0215
1774945396.5518,0.0000,0.0000,0.0000,0.0000,0.0000,-3.1391,-0.2221,-0.2853,-0.0024,-0.0086,-0.0087
1774945396.5716,0.0000,0.0000,0.0000,0.0000,0.0000,-3.1379,-0.2228,-4.2915,0.0104,-0.0118,-0.0279
1774945396.5913,0.0000,0.0000,0.0000,0.0000,0.0000,-3.1385,-0.2205,31.9791,-0.0077,-0.0374,-0.0322
1774945396.6112,0.0000,0.0000,0.0000,0.0000,0.0000,-3.1355,-0.2179,50.3759,0.0338,-0.0320,-0.0524
1774945396.6312,0.0000,0.0000,0.0000,0.0000,0.0000,-3.1379,-0.2158,61.2807,-0.0077,0.0095,-0.0343
1774945396.6516,0.0000,0.0000,0.0000,0.0000,0.0000,-3.1390,-0.2145,11.0562,-0.0354,0.0255,-0.0407
1774945396.6714,0.0000,0.0000,0.0000,0.0000,0.0000,-3.1392,-0.2105,-43.2600,-0.0024,-0.0384,-0.0535
1774945396.6914,0.0000,0.0000,0.0000,0.0000,0.0000,-3.1384,-0.2058,-24.7229,-0.0003,-0.0182,-0.0545
1774945396.7115,0.0000,0.0000,0.0000,0.0000,0.0000,-3.1399,-0.2051,-5.6259,-0.0408,0.0393,-0.0226
1774945396.7321,0.0000,0.0000,0.0000,0.0000,0.0000,-3.1408,-0.2043,-16.1952,-0.0269,0.0649,-0.0215
1774945396.7522,0.0000,0.0000,0.0000,0.0000,0.0000,-3.1394,-0.2025,-16.6480,0.0050,0.0116,-0.0130
1774945396.7714,0.0000,0.0000,0.0000,0.0000,0.0000,-3.1405,-0.2014,-46.5291,-0.0141,0.0329,0.0062
1774945396.7969,0.0000,0.0000,0.0000,0.0000,0.0000,-3.1396,-0.2031,5.2236,-0.0344,0.0628,-0.0066
1774945396.8116,0.0000,0.0000,0.0000,0.0000,0.0000,-3.1407,-0.2081,-56.2072,0.0146,0.1352,-0.0098
1774945396.8324,0.0000,0.0000,0.0000,0.0000,0.0000,-3.1397,-0.2130,39.8838,-0.0173,0.1501,-0.0364
1774945396.8521,0.0000,0.0000,0.0000,0.0000,0.0000,-3.1401,-0.2193,36.6992,-0.0099,0.0596,-0.0524
1774945396.8720,0.0000,0.0000,0.0000,0.0000,0.0000,-3.1405,-0.2232,-48.1611,-0.0003,0.0116,-0.0737
1774945396.8913,0.0000,0.0000,0.0000,0.0000,0.0000,-3.1394,-0.2246,67.6660,0.0061,-0.0928,-0.0620
1774945396.9136,0.0000,0.0000,0.0000,0.0000,0.0000,-3.1404,-0.2262,58.9244,0.0285,0.0052,-0.0237
1774945396.9316,0.0000,0.0000,0.0000,0.0000,0.0000,3.1406,-0.2288,-16.7992,0.0072,-0.0427,0.0083
1774945396.9518,0.0000,0.0000,0.0000,0.0000,0.0000,3.1377,-0.2299,49.6634,-0.0109,-0.0416,0.0296
1774945396.9713,0.0000,0.0000,0.0000,0.0000,0.0000,3.1379,-0.2287,-45.4881,0.0327,-0.1450,0.0488
1774945396.9914,0.0000,0.0000,0.0000,0.0000,0.0000,3.1386,-0.2281,0.4324,0.0679,-0.1471,0.0349
1774945397.0114,0.0000,0.0000,0.0000,0.0000,0.0000,3.1393,-0.2251,63.1611,0.0253,-0.1205,-0.0087
1774945397.0312,0.0000,0.0000,0.0000,0.0000,0.0000,3.1394,-0.2235,59.9334,0.0370,-0.1322,-0.0258
1774945397.0516,0.0000,0.0000,0.0000,0.0000,0.0000,3.1408,-0.2216,-21.7395,0.0572,-0.1354,-0.0311
1774945397.0714,0.0000,0.0000,0.0000,0.0000,0.0000,-3.1412,-0.2209,35.8833,0.0860,-0.1002,-0.0300
1774945397.0914,0.0000,0.0000,0.0000,0.0000,0.0000,3.1414,-0.2191,15.4617,0.0636,-0.0874,-0.0130
1774945397.1114,0.0000,0.0000,0.0000,0.0000,0.0000,3.1404,-0.2174,-12.1591,0.0317,-0.1013,-0.0055
1774945397.1314,0.0000,0.0000,0.0000,0.0000,0.0000,-3.1391,-0.2173,16.7043,0.0423,-0.0736,0.0072
1774945397.1520,0.0000,0.0000,0.0000,0.0000,0.0000,-3.1371,-0.2133,-25.4505,0.0306,-0.0906,-0.0066
1774945397.1714,0.0000,0.0000,0.0000,0.0000,0.0000,-3.1341,-0.2148,22.1444,0.0551,-0.0235,-0.0130
1774945397.1917,0.0000,0.0000,0.0000,0.0000,0.0000,-3.1373,-0.2163,-5.1905,0.0008,-0.0203,-0.0119
1774945397.2113,0.0000,0.0000,0.0000,0.0000,0.0000,-3.1355,-0.2187,0.8017,-0.0120,-0.0225,-0.0343
1774945397.2317,0.0000,0.0000,0.0000,0.0000,0.0000,-3.1346,-0.2178,9.3998,-0.0163,-0.0470,-0.0269
1774945397.2525,0.0000,0.0000,0.0000,0.0000,0.0000,-3.1321,-0.2196,38.4917,0.0146,0.0084,-0.0290
1774945397.2716,0.0000,0.0000,0.0000,0.0000,0.0000,-3.1345,-0.2201,4.7246,-0.0408,0.0287,-0.0162
1774945397.2913,0.0000,0.0000,0.0000,0.0000,0.0000,-3.1354,-0.2212,-1.1300,-0.0493,0.0170,-0.0226
1774945397.3115,0.0000,0.0000,0.0000,0.0000,0.0000,-3.1361,-0.2212,-52.2509,-0.0280,0.0191,-0.0098
1774945397.3321,0.0000,0.0000,0.0000,0.0000,0.0000,-3.1368,-0.2188,-63.2664,0.0061,0.0031,-0.0013
1774945397.3515,0.0000,0.0000,0.0000,0.0000,0.0000,-3.1368,-0.2161,21.3688,-0.0141,-0.0129,-0.0418
1774945397.3716,0.0000,0.0000,0.0000,0.0000,0.0000,-3.1383,-0.2129,4.2055,-0.0003,0.0052,-0.0524
1774945397.3913,0.0000,0.0000,0.0000,0.0000,0.0000,-3.1389,-0.2095,55.4558,-0.0184,0.0244,-0.0695
1774945397.4118,0.0000,0.0000,0.0000,0.0000,0.0000,-3.1412,-0.2074,-18.7505,-0.0280,0.0351,-0.0386
1774945397.4321,0.0000,0.0000,0.0000,0.0000,0.0000,3.1416,-0.2041,-22.5307,-0.0003,0.0191,-0.0183
1774945397.4513,0.0000,0.0000,0.0000,0.0000,0.0000,3.1411,-0.2023,16.9595,0.0242,0.0223,-0.0002
1774945397.4720,0.0000,0.0000,0.0000,0.0000,0.0000,3.1397,-0.2015,-16.4018,-0.0493,0.1075,-0.0087
1774945397.4917,0.0000,0.0000,0.0000,0.0000,0.0000,3.1413,-0.2002,-35.6465,0.0370,0.1064,-0.0322
1774945397.5113,0.0000,0.0000,0.0000,0.0000,0.0000,-3.1406,-0.2004,16.8265,0.0178,0.1363,-0.0599
1774945397.5328,0.0000,0.0000,0.0000,0.0000,0.0000,-3.1404,-0.2012,-22.5307,0.0061,0.1522,-0.0279
1774945397.5523,0.0000,0.0000,0.0000,0.0000,0.0000,3.1414,-0.2031,-37.5004,-0.0418,0.1416,-0.0151
1774945397.5724,0.0000,0.0000,0.0000,0.0000,0.0000,3.1402,-0.2043,63.2185,-0.0493,0.0766,-0.0258
1774945397.5922,0.0000,0.0000,0.0000,0.0000,0.0000,3.1412,-0.2067,-64.7283,0.0391,0.1267,0.0008
1774945397.6117,0.0000,0.0000,0.0000,0.0000,0.0000,3.1389,-0.2090,-51.3592,0.0849,0.1682,0.0200
1774945397.6314,0.0000,0.0000,0.0000,0.0000,0.0000,3.1366,-0.2111,86.4273,-0.0024,0.1405,-0.0237
1774945397.6515,0.0000,0.0000,0.0000,0.0000,0.0000,3.1384,-0.2118,-28.2100,0.0519,0.1075,-0.0300
1774945397.6720,0.0000,0.0000,0.0000,0.0000,0.0000,3.1400,-0.2130,0.0000,0.0636,0.0500,-0.0205
1774945397.6917,0.0000,0.0000,0.0000,0.0000,0.0000,3.1413,-0.2139,1.1849,0.0285,-0.0075,-0.0332
1774945397.7115,0.0000,0.0000,0.0000,0.0000,0.0000,3.1398,-0.2136,-21.5035,-0.0376,0.0127,-0.0375
1774945397.7318,0.0000,0.0000,0.0000,0.0000,0.0000,3.1401,-0.2120,0.0000,-0.0013,0.0830,-0.0258
1774945397.7523,0.0000,0.0000,0.0000,0.0000,0.0000,3.1415,-0.2149,0.0000,0.0402,0.0020,0.0051
1774945397.7715,0.0000,0.0000,0.0000,0.0000,0.0000,3.1401,-0.2183,0.0000,0.0530,0.0883,-0.0151
1774945397.7918,0.0000,0.0000,0.0000,0.0000,0.0000,3.1376,-0.2212,0.0000,-0.0003,0.0553,-0.0141
1774945397.8115,0.0000,0.0000,0.0000,0.0000,0.0000,3.1393,-0.2233,47.3751,-0.0056,-0.0384,-0.0066
1774945397.8317,0.0000,0.0000,0.0000,0.0000,0.0000,3.1398,-0.2251,0.0000,0.0477,-0.0810,-0.0173
1774945397.8524,0.0000,0.0000,0.0000,0.0000,0.0000,3.1410,-0.2263,0.0000,-0.0152,-0.1119,-0.0418
1774945397.8720,0.0000,0.0000,0.0000,0.0000,0.0000,3.1394,-0.2279,0.0000,-0.0195,-0.0800,-0.0226
1774945397.8914,0.0000,0.0000,0.0000,0.0000,0.0000,3.1379,-0.2276,-33.6516,-0.0216,-0.0214,-0.0311
1774945397.9116,0.0000,0.0000,0.0000,0.0000,0.0000,3.1391,-0.2303,0.0000,0.0349,-0.0810,-0.0343
1774945397.9314,0.0000,0.0000,0.0000,0.0000,0.0000,3.1401,-0.2314,25.1971,0.0583,-0.1226,-0.0354
1774945397.9517,0.0000,0.0000,0.0000,0.0000,0.0000,3.1411,-0.2318,-51.6640,0.0967,-0.0704,-0.0471
1774945397.9717,0.0000,0.0000,0.0000,0.0000,0.0000,3.1410,-0.2320,0.0000,0.0349,-0.1599,-0.0609
1774945397.9916,0.0000,0.0000,0.0000,0.0000,0.0000,3.1411,-0.2312,14.0952,0.0210,-0.2440,-0.0535
1774945398.0118,0.0000,0.0000,0.0000,0.0000,0.0000,3.1388,-0.2294,58.9416,-0.0258,-0.2004,-0.0290
1774945398.0323,0.0000,0.0000,0.0000,0.0000,0.0000,3.1392,-0.2285,2.2809,-0.0056,-0.2366,0.0062
1774945398.0514,0.0000,0.0000,0.0000,0.0000,0.0000,3.1389,-0.2286,1.6590,0.0264,-0.1993,0.0456
1774945398.0715,0.0000,0.0000,0.0000,0.0000,0.0000,3.1388,-0.2278,0.0000,0.0327,-0.1066,0.0594
1774945398.0915,0.0000,0.0000,0.0000,0.0000,0.0000,3.1399,-0.2250,0.0000,-0.0003,-0.1801,0.0403
1774945398.1119,0.0000,0.0000,0.0000,0.0000,0.0000,-3.1410,-0.2230,-34.5759,0.0370,-0.1514,0.0040
1774945398.1321,0.0000,0.0000,0.0000,0.0000,0.0000,-3.1391,-0.2223,21.9592,0.0274,-0.1013,-0.0354
1774945398.1515,0.0000,0.0000,0.0000,0.0000,0.0000,-3.1378,-0.2234,30.8781,0.0029,-0.0214,-0.0524
1774945398.1721,0.0000,0.0000,0.0000,0.0000,0.0000,-3.1379,-0.2241,-14.7650,-0.0024,-0.0001,-0.0641
1774945398.1918,0.0000,0.0000,0.0000,0.0000,0.0000,-3.1361,-0.2236,-23.7992,0.0413,-0.0075,-0.0503
1774945398.2128,0.0000,0.0000,0.0000,0.0000,0.0000,-3.1362,-0.2216,-14.1702,0.0338,0.0308,-0.0183
1774945398.2314,0.0000,0.0000,0.0000,0.0000,0.0000,-3.1376,-0.2205,-5.8036,-0.0152,0.0170,-0.0045
1774945398.2514,0.0000,0.0000,0.0000,0.0000,0.0000,-3.1367,-0.2193,6.3373,-0.0376,0.0329,-0.0055
1774945398.2715,0.0000,0.0000,0.0000,0.0000,0.0000,-3.1343,-0.2178,23.4602,-0.0131,0.0425,0.0008
1774945398.2914,0.0000,0.0000,0.0000,0.0000,0.0000,-3.1336,-0.2145,-3.0869,0.0019,-0.0012,-0.0194
1774945398.3114,0.0000,0.0000,0.0000,0.0000,0.0000,-3.1348,-0.2139,4.6495,-0.0067,0.0425,-0.0354
1774945398.3315,0.0000,0.0000,0.0000,0.0000,0.0000,-3.1368,-0.2155,6.4525,-0.0674,0.1107,-0.0098
1774945398.3515,0.0000,0.0000,0.0000,0.0000,0.0000,-3.1374,-0.2153,1.0916,-0.0184,0.0958,0.0040
1774945398.3740,0.0000,0.0000,0.0000,0.0000,0.0000,-3.1367,-0.2158,17.7614,-0.0131,0.0724,-0.0013
1774945398.3921,0.0000,0.0000,0.0000,0.0000,0.0000,-3.1396,-0.2172,-31.7171,-0.0301,0.1171,-0.0087
1774945398.4113,0.0000,0.0000,0.0000,0.0000,0.0000,-3.1405,-0.2179,13.7483,-0.0472,0.0905,-0.0055
1774945398.4317,0.0000,0.0000,0.0000,0.0000,0.0000,-3.1393,-0.2217,-9.2130,0.0210,0.1086,-0.0098
1774945398.4521,0.0000,0.0000,0.0000,0.0000,0.0000,-3.1400,-0.2257,25.0387,0.0029,0.0798,-0.0151
1774945398.4713,0.0000,0.0000,0.0000,0.0000,0.0000,3.1415,-0.2276,-11.1600,0.0264,0.0287,0.0008
1774945398.4916,0.0000,0.0000,0.0000,0.0000,0.0000,-3.1414,-0.2321,-26.1710,0.0402,0.0947,-0.0279
1774945398.5123,0.0000,0.0000,0.0000,0.0000,0.0000,-3.1391,-0.2356,16.8294,0.0732,-0.0012,-0.0119
1774945398.5328,0.0000,0.0000,0.0000,0.0000,0.0000,-3.1395,-0.2387,-53.2353,0.0583,-0.0533,-0.0077
1774945398.5522,0.0000,0.0000,0.0000,0.0000,0.0000,-3.1394,-0.2402,2.1474,0.0210,-0.0608,-0.0173
1774945398.5715,0.0000,0.0000,0.0000,0.0000,0.0000,-3.1391,-0.2410,50.0897,0.0264,-0.1130,0.0190
1774945398.5921,0.0000,0.0000,0.0000,0.0000,0.0000,-3.1380,-0.2431,54.2812,0.0242,-0.0800,0.0147
1774945398.6123,0.0000,0.0000,0.0000,0.0000,0.0000,-3.1358,-0.2418,79.0651,0.0168,-0.1673,0.0136
1774945398.6316,0.0000,0.0000,0.0000,0.0000,0.0000,-3.1354,-0.2409,11.5852,0.0540,-0.1940,0.0200
1774945398.6522,0.0000,0.0000,0.0000,0.0000,0.0000,-3.1329,-0.2401,-15.1188,0.0679,-0.2185,0.0062
1774945398.6718,0.0000,0.0000,0.0000,0.0000,0.0000,-3.1294,-0.2375,32.0628,0.0658,-0.1918,-0.0098
1774945398.6928,0.0000,0.0000,0.0000,0.0000,0.0000,-3.1290,-0.2361,5.6327,0.0295,-0.1918,-0.0237
1774945398.7119,0.0000,0.0000,0.0000,0.0000,0.0000,-3.1283,-0.2348,-9.9850,0.0178,-0.2004,-0.0258
1774945398.7321,0.0000,0.0000,0.0000,0.0000,0.0000,-3.1287,-0.2324,18.1351,0.0136,-0.1737,-0.0066
1774945398.7519,0.0000,0.0000,0.0000,0.0000,0.0000,-3.1284,-0.2307,2.0110,0.0093,-0.1599,-0.0013
1774945398.7714,0.0000,0.0000,0.0000,0.0000,0.0000,-3.1271,-0.2299,-5.1268,-0.0013,-0.1322,0.0019
1774945398.7914,0.0000,0.0000,0.0000,0.0000,0.0000,-3.1248,-0.2286,0.0000,0.0008,-0.0917,-0.0045
1774945398.8114,0.0000,0.0000,0.0000,0.0000,0.0000,-3.1235,-0.2279,10.3214,-0.0067,-0.0565,-0.0087
1774945398.8318,0.0000,0.0000,0.0000,0.0000,0.0000,-3.1247,-0.2277,-29.2226,-0.0227,-0.0193,-0.0098
1774945398.8521,0.0000,0.0000,0.0000,0.0000,0.0000,-3.1253,-0.2267,-1.4886,-0.0354,0.0052,-0.0130
1774945398.8718,0.0000,0.0000,0.0000,0.0000,0.0000,-3.1241,-0.2248,3.9471,-0.0301,-0.0001,-0.0173
1774945398.8918,0.0000,0.0000,0.0000,0.0000,0.0000,-3.1275,-0.2239,-8.1283,-0.0408,0.0127,-0.0151
1774945398.9119,0.0000,0.0000,0.0000,0.0000,0.0000,-3.1294,-0.2259,8.0074,-0.0525,0.0383,-0.0290
1774945398.9315,0.0000,0.0000,0.0000,0.0000,0.0000,-3.1302,-0.2288,10.1536,-0.0312,0.0532,-0.0396
1774945398.9515,0.0000,0.0000,0.0000,0.0000,0.0000,-3.1289,-0.2316,20.1478,-0.0056,0.0649,-0.0471
1774945398.9717,0.0000,0.0000,0.0000,0.0000,0.0000,-3.1291,-0.2323,7.4263,-0.0141,0.0521,-0.0769
1774945398.9914,0.0000,0.0000,0.0000,0.0000,0.0000,-3.1291,-0.2320,9.0322,0.0019,0.0415,-0.0769
1774945399.0125,0.0000,0.0000,0.0000,0.0000,0.0000,-3.1320,-0.2302,-22.9516,0.0040,0.0180,-0.0428
1774945399.0313,0.0000,0.0000,0.0000,0.0000,0.0000,-3.1352,-0.2295,-16.1132,-0.0035,0.0329,-0.0130
1774945399.0514,0.0000,0.0000,0.0000,0.0000,0.0000,-3.1376,-0.2271,4.6853,-0.0024,0.0351,-0.0013
1774945399.0719,0.0000,0.0000,0.0000,0.0000,0.0000,-3.1362,-0.2224,8.1873,0.0370,-0.0406,-0.0407
1774945399.0917,0.0000,0.0000,0.0000,0.0000,0.0000,-3.1338,-0.2214,-4.1044,0.0509,-0.0043,-0.0492
1774945399.1124,0.0000,0.0000,0.0000,0.0000,0.0000,-3.1318,-0.2257,-18.5174,0.0690,0.0969,-0.1526
1774945399.1315,0.0000,0.0000,0.0000,0.0000,0.0000,-3.1304,-0.2285,55.3550,0.1286,0.0990,-0.2048
1774945399.1523,0.0000,0.0000,0.0000,0.0000,0.0000,-3.1281,-0.2285,-20.6881,0.1180,-0.0033,-0.1845
1774945399.1725,0.0000,0.0000,0.0000,0.0000,0.0000,-3.1289,-0.2311,12.3101,0.0455,0.0265,-0.1898
1774945399.1915,0.0000,0.0000,0.0000,0.0000,0.0000,-3.1307,-0.2321,19.1155,0.0306,0.0415,-0.1515
1774945399.2113,0.0000,0.0000,0.0000,0.0000,0.0000,-3.1358,-0.2314,5.2413,-0.0290,-0.0022,-0.0993
1774945399.2315,0.0000,0.0000,0.0000,0.0000,0.0000,-3.1386,-0.2299,11.9629,0.0285,-0.0448,-0.0375
1774945399.2519,0.0000,0.0000,0.0000,0.0000,0.0000,-3.1409,-0.2281,9.0238,-0.0301,-0.0416,-0.0194
1774945399.2713,0.0000,0.0000,0.0000,0.0000,0.0000,3.1401,-0.2284,39.8145,-0.0035,0.0031,-0.0183
1774945399.2912,0.0000,0.0000,0.0000,0.0000,0.0000,3.1412,-0.2279,-19.0735,-0.0472,-0.0235,-0.0460
1774945399.3113,0.0000,0.0000,0.0000,0.0000,0.0000,-3.1402,-0.2277,-12.3172,-0.0035,-0.0352,-0.0854
1774945399.3314,0.0000,0.0000,0.0000,0.0000,0.0000,-3.1373,-0.2279,-2.3087,-0.0131,-0.0054,-0.1366
1774945399.3514,0.0000,0.0000,0.0000,0.0000,0.0000,-3.1339,-0.2290,-16.9579,0.0114,-0.0310,-0.1717
1774945399.3714,0.0000,0.0000,0.0000,0.0000,0.0000,-3.1331,-0.2317,1.5324,-0.0003,0.0233,-0.1952
1774945399.3919,0.0000,0.0000,0.0000,0.0000,0.0000,-3.1303,-0.2312,14.8620,0.0349,-0.0427,-0.2410
1774945399.4113,0.0000,0.0000,0.0000,0.0000,0.0000,-3.1280,-0.2320,-29.8059,0.0232,-0.0267,-0.2633
1774945399.4322,0.0000,0.0000,0.0000,0.0000,0.0000,-3.1266,-0.2344,73.3871,0.0050,0.0170,-0.2932
1774945399.4514,0.0000,0.0000,0.0000,0.0000,0.0000,-3.1279,-0.2352,-70.9456,-0.0823,-0.0427,-0.3060
1774945399.4714,0.0000,0.0000,0.0000,0.0000,0.0000,-3.1301,-0.2352,24.5452,-0.0738,-0.0565,-0.3070
1774945399.4922,0.0000,0.0000,0.0000,0.0000,0.0000,-3.1305,-0.2340,17.5943,0.0136,-0.0320,-0.3784
1774945399.5117,0.0000,0.0000,0.0000,0.0000,0.0000,-3.1346,-0.2347,15.7520,-0.1015,0.0138,-0.3827
1774945399.5322,0.0000,0.0000,0.0000,0.0000,0.0000,-3.1338,-0.2343,8.5386,-0.0184,0.0244,-0.4636
1774945399.5515,0.0000,0.0000,0.0000,0.0000,0.0000,-3.1337,-0.2303,-67.6590,0.1563,-0.1556,-0.4157
1774945399.5716,0.0000,0.0000,0.0000,0.0000,0.0000,-3.1322,-0.2264,-31.4485,0.1158,-0.0789,-0.4743
1774945399.5915,0.0000,0.0000,0.0000,0.0000,0.0000,-3.1313,-0.2251,30.8003,0.0881,-0.0470,-0.5382
1774945399.6115,0.0000,0.0000,0.0000,0.0000,0.0000,-3.1326,-0.2241,-58.7396,0.0679,-0.0150,-0.5510
1774945399.6315,0.0000,0.0000,0.0000,0.0000,0.0000,-3.1331,-0.2233,10.2906,0.0146,0.0052,-0.5925
1774945399.6524,0.0000,0.0000,0.0000,0.0000,0.0000,-3.1313,-0.2209,-13.8179,0.1158,-0.0118,-0.6511
1774945399.6714,0.0000,0.0000,0.0000,0.0000,0.0000,-3.1290,-0.2183,-65.3243,0.2000,-0.0118,-0.6586
1774945399.6913,0.0000,0.0000,0.0000,0.0000,0.0000,-3.1294,-0.2151,3.5305,0.2117,-0.0246,-0.6500
1774945399.7114,0.0000,0.0000,0.0000,0.0000,0.0000,-3.1299,-0.2132,-27.4791,0.1787,0.0649,-0.6639
1774945399.7315,0.0000,0.0000,0.0000,0.0000,0.0000,-3.1289,-0.2117,17.5842,0.1563,0.0905,-0.6703
1774945399.7522,0.0000,0.0000,0.0000,0.0000,0.0000,-3.1285,-0.2110,-27.8306,0.1968,0.0745,-0.6458
1774945399.7721,0.0000,0.0000,0.0000,0.0000,0.0000,-3.1285,-0.2106,3.0850,0.2043,0.1299,-0.6298
1774945399.7912,0.0000,0.0000,0.0000,0.0000,0.0000,-3.1268,-0.2099,-24.0902,0.1840,0.1160,-0.6383
1774945399.8118,0.0000,0.0000,0.0000,0.0000,0.0000,-3.1262,-0.2095,28.1935,0.2000,0.1501,-0.6298
1774945399.8322,0.0000,0.0000,0.0000,0.0000,0.0000,-3.1274,-0.2107,-17.7889,0.1467,0.1927,-0.5808
1774945399.8515,0.0000,0.0000,0.0000,0.0000,0.0000,-3.1292,-0.2115,-1.2912,0.1787,0.1991,-0.5435
1774945399.8720,0.0000,0.0000,0.0000,0.0000,0.0000,-3.1296,-0.2131,15.9228,0.1009,0.1672,-0.3986
1774945399.8916,0.0000,0.0000,0.0000,0.0000,0.0000,-3.1333,-0.2141,64.2253,-0.0088,0.1096,-0.2324
1774945399.9124,0.0000,0.0000,0.0000,0.0000,0.0000,-3.1388,-0.2170,96.2965,-0.0685,0.2087,0.0680
1774945399.9318,0.0000,0.0000,0.0000,0.0000,0.0000,-3.1408,-0.2174,74.0546,-0.0919,0.0521,0.2150
1774945399.9513,0.0000,0.0000,0.0000,0.0000,0.0000,3.1384,-0.2214,30.3911,-0.0035,0.1789,0.3630
1774945399.9714,0.0000,0.0000,0.0000,0.0000,0.0000,-3.1411,-0.2249,5.1362,0.0178,0.1160,0.3098
1774945399.9914,0.0000,0.0000,0.0000,0.0000,0.0000,-3.1396,-0.2271,-54.9535,0.0082,0.0681,0.1819
1774945400.0114,0.0000,0.0000,0.0000,0.0000,0.0000,-3.1364,-0.2269,-2.6723,0.0327,0.0479,0.0445
1774945400.0313,0.0000,0.0000,0.0000,0.0000,0.0000,-3.1307,-0.2266,-1.5047,0.1702,-0.0118,-0.0503
1774945400.0513,0.0000,0.0000,0.0000,0.0000,0.0000,-3.1254,-0.2257,-31.6526,0.1382,-0.0150,-0.1014
1774945400.0714,0.0000,0.0000,0.0000,0.0000,0.0000,-3.1241,-0.2251,8.2224,0.0572,-0.0054,-0.1025
1774945400.0914,0.0000,0.0000,0.0000,0.0000,0.0000,-3.1229,-0.2238,18.2716,0.0391,-0.0470,-0.0482
1774945400.1114,0.0000,0.0000,0.0000,0.0000,0.0000,-3.1217,-0.2217,0.7969,0.0615,-0.0992,0.0253
1774945400.1314,0.0000,0.0000,0.0000,0.0000,0.0000,-3.1228,-0.2210,-4.5942,0.0381,-0.0928,0.0701
1774945400.1514,0.0000,0.0000,0.0000,0.0000,0.0000,-3.1226,-0.2184,11.9691,0.0082,-0.0938,0.0797
1774945400.1714,0.0000,0.0000,0.0000,0.0000,0.0000,-3.1186,-0.2157,-4.9316,0.0200,-0.1109,0.0445
1774945400.1913,0.0000,0.0000,0.0000,0.0000,0.0000,-3.1150,-0.2146,-4.9133,0.0157,-0.0917,-0.0087
1774945400.2114,0.0000,0.0000,0.0000,0.0000,0.0000,-3.1143,-0.2125,1.8220,0.0029,-0.0629,-0.0641
1774945400.2313,0.0000,0.0000,0.0000,0.0000,0.0000,-3.1168,-0.2120,1.4231,0.0072,-0.0384,-0.0737
1774945400.2513,0.0000,0.0000,0.0000,0.0000,0.0000,-3.1202,-0.2101,3.9878,0.0008,-0.0246,-0.0524
1774945400.2714,0.0000,0.0000,0.0000,0.0000,0.0000,-3.1224,-0.2093,-2.6640,0.0029,-0.0225,-0.0194
1774945400.2916,0.0000,0.0000,0.0000,0.0000,0.0000,-3.1236,-0.2110,-11.5080,-0.0152,0.0202,0.0104
1774945400.3113,0.0000,0.0000,0.0000,0.0000,0.0000,-3.1238,-0.2113,9.2901,-0.0099,0.0447,0.0243
1774945400.3314,0.0000,0.0000,0.0000,0.0000,0.0000,-3.1215,-0.2116,-3.5021,-0.0077,0.0383,0.0136
1774945400.3513,0.0000,0.0000,0.0000,0.0000,0.0000,-3.1202,-0.2108,16.2601,-0.0365,0.0628,-0.0151
1774945400.3714,0.0000,0.0000,0.0000,0.0000,0.0000,-3.1205,-0.2067,-37.6601,-0.0663,-0.0470,-0.0684
1774945400.3916,0.0000,0.0000,0.0000,0.0000,0.0000,-3.1207,-0.2019,-27.5430,0.0019,-0.0075,-0.0577
1774945400.4118,0.0000,0.0000,0.0000,0.0000,0.0000,-3.1232,-0.1995,-9.1467,-0.0344,0.0969,-0.0269
1774945400.4313,0.0000,0.0000,0.0000,0.0000,0.0000,-3.1262,-0.1986,-16.3165,-0.0653,0.1096,0.0488
1774945400.4515,0.0000,0.0000,0.0000,0.0000,0.0000,-3.1281,-0.1973,-8.5565,-0.0525,0.1043,0.0072
1774945400.4714,0.0000,0.0000,0.0000,0.0000,0.0000,-3.1292,-0.1960,-1.9353,-0.0738,0.1618,-0.0695
1774945400.4914,0.0000,0.0000,0.0000,0.0000,0.0000,-3.1295,-0.1962,60.3406,-0.1047,0.1736,-0.0961
1774945400.5115,0.0000,0.0000,0.0000,0.0000,0.0000,-3.1314,-0.1964,-17.4783,-0.0695,0.1949,-0.0886
1774945400.5322,0.0000,0.0000,0.0000,0.0000,0.0000,-3.1344,-0.1978,29.6559,-0.0173,0.1885,-0.0460
1774945400.5516,0.0000,0.0000,0.0000,0.0000,0.0000,-3.1375,-0.1987,11.9389,-0.0216,0.1650,-0.0173
1774945400.5714,0.0000,0.0000,0.0000,0.0000,0.0000,3.1414,-0.1999,-8.8948,-0.0205,0.1885,0.0179
1774945400.5917,0.0000,0.0000,0.0000,0.0000,0.0000,3.1381,-0.2023,3.3036,-0.0013,0.2226,0.0232
1774945400.6115,0.0000,0.0000,0.0000,0.0000,0.0000,3.1385,-0.2029,-6.3568,0.0040,0.1927,0.0030
1774945400.6315,0.0000,0.0000,0.0000,0.0000,0.0000,3.1380,-0.2033,-9.4147,-0.0152,0.1491,-0.0109
1774945400.6515,0.0000,0.0000,0.0000,0.0000,0.0000,3.1397,-0.2041,-9.3271,0.0072,0.1118,-0.0407
1774945400.6714,0.0000,0.0000,0.0000,0.0000,0.0000,3.1391,-0.2050,-36.8044,0.0178,0.0777,-0.0269
1774945400.6914,0.0000,0.0000,0.0000,0.0000,0.0000,3.1390,-0.2044,-34.2459,0.0423,0.0713,-0.0151
1774945400.7113,0.0000,0.0000,0.0000,0.0000,0.0000,3.1386,-0.2047,0.0000,0.0125,0.0702,-0.0247
1774945400.7317,0.0000,0.0000,0.0000,0.0000,0.0000,3.1384,-0.2051,2.4410,0.0274,0.0244,-0.0077
1774945400.7514,0.0000,0.0000,0.0000,0.0000,0.0000,3.1398,-0.2079,0.7995,0.0253,0.0340,-0.0066
1774945400.7712,0.0000,0.0000,0.0000,0.0000,0.0000,3.1380,-0.2085,17.1143,0.0029,0.0159,0.0115
1774945400.7916,0.0000,0.0000,0.0000,0.0000,0.0000,3.1385,-0.2090,-22.0617,-0.0077,-0.0203,0.0030
1774945400.8114,0.0000,0.0000,0.0000,0.0000,0.0000,3.1399,-0.2120,-14.2287,0.0423,-0.0065,0.0030
1774945400.8317,0.0000,0.0000,0.0000,0.0000,0.0000,3.1412,-0.2123,1.8457,0.0509,-0.0470,0.0008
1774945400.8518,0.0000,0.0000,0.0000,0.0000,0.0000,-3.1411,-0.2127,-18.6716,0.0572,-0.0352,-0.0109
1774945400.8714,0.0000,0.0000,0.0000,0.0000,0.0000,3.1407,-0.2128,25.6096,0.0338,-0.0533,-0.0087
1774945400.8922,0.0000,0.0000,0.0000,0.0000,0.0000,3.1402,-0.2139,24.6077,0.0391,-0.0427,-0.0024
1774945400.9113,0.0000,0.0000,0.0000,0.0000,0.0000,-3.1412,-0.2169,32.6868,0.0807,-0.0150,-0.0013
1774945400.9318,0.0000,0.0000,0.0000,0.0000,0.0000,3.1413,-0.2146,26.8394,0.0445,-0.1151,0.0019
1774945400.9514,0.0000,0.0000,0.0000,0.0000,0.0000,-3.1397,-0.2152,-27.6579,0.0583,-0.1205,-0.0269
1774945400.9712,0.0000,0.0000,0.0000,0.0000,0.0000,-3.1386,-0.2152,-10.1194,0.0019,-0.1226,-0.0183
1774945400.9915,0.0000,0.0000,0.0000,0.0000,0.0000,-3.1354,-0.2152,-21.3193,0.0093,-0.0864,-0.0247
1774945401.0120,0.0000,0.0000,0.0000,0.0000,0.0000,-3.1327,-0.2164,-33.0157,0.0306,-0.0725,-0.0034
1774945401.0314,0.0000,0.0000,0.0000,0.0000,0.0000,-3.1331,-0.2147,-15.2521,0.0082,-0.1066,0.0008
1774945401.0514,0.0000,0.0000,0.0000,0.0000,0.0000,-3.1343,-0.2143,-7.9237,0.0072,-0.1173,-0.0173
1774945401.0713,0.0000,0.0000,0.0000,0.0000,0.0000,-3.1350,-0.2133,14.1491,-0.0280,-0.1226,-0.0024
1774945401.0914,0.0000,0.0000,0.0000,0.0000,0.0000,-3.1345,-0.2130,19.6535,-0.0237,-0.0672,-0.0098
1774945401.1116,0.0000,0.0000,0.0000,0.0000,0.0000,-3.1334,-0.2143,8.1790,0.0157,-0.0257,-0.0119
1774945401.1314,0.0000,0.0000,0.0000,0.0000,0.0000,-3.1362,-0.2130,-31.9508,-0.0258,-0.0320,-0.0258
1774945401.1514,0.0000,0.0000,0.0000,0.0000,0.0000,-3.1385,-0.2113,-48.0954,-0.0237,-0.0331,-0.0364
1774945401.1714,0.0000,0.0000,0.0000,0.0000,0.0000,-3.1396,-0.2126,10.5990,-0.0248,-0.0161,-0.0269
1774945401.1915,0.0000,0.0000,0.0000,0.0000,0.0000,-3.1378,-0.2142,3.8537,-0.0131,0.0074,-0.0237
1774945401.2113,0.0000,0.0000,0.0000,0.0000,0.0000,-3.1390,-0.2168,20.1812,0.0253,0.0372,-0.0013
1774945401.2315,0.0000,0.0000,0.0000,0.0000,0.0000,-3.1415,-0.2159,3.2714,0.0050,-0.0086,-0.0077
1774945401.2515,0.0000,0.0000,0.0000,0.0000,0.0000,3.1401,-0.2174,-10.4377,-0.0088,-0.0288,-0.0119
1774945401.2712,0.0000,0.0000,0.0000,0.0000,0.0000,3.1393,-0.2183,18.3344,-0.0120,-0.0257,-0.0194
1774945401.2914,0.0000,0.0000,0.0000,0.0000,0.0000,-3.1409,-0.2190,23.6662,0.0040,0.0244,-0.0237
1774945401.3114,0.0000,0.0000,0.0000,0.0000,0.0000,-3.1396,-0.2206,7.9308,0.0178,0.0084,-0.0194
1774945401.3313,0.0000,0.0000,0.0000,0.0000,0.0000,-3.1404,-0.2201,-27.2374,0.0274,-0.0054,-0.0226
1774945401.3514,0.0000,0.0000,0.0000,0.0000,0.0000,-3.1400,-0.2199,16.4003,0.0274,0.0010,-0.0205
1774945401.3717,0.0000,0.0000,0.0000,0.0000,0.0000,3.1414,-0.2199,-14.6344,0.0168,-0.0395,-0.0013
1774945401.3915,0.0000,0.0000,0.0000,0.0000,0.0000,-3.1415,-0.2216,5.9728,0.0136,0.0372,0.0072
1774945401.4113,0.0000,0.0000,0.0000,0.0000,0.0000,-3.1393,-0.2209,13.7935,0.0338,0.0116,-0.0141
1774945401.4313,0.0000,0.0000,0.0000,0.0000,0.0000,-3.1395,-0.2200,-10.0815,0.0264,-0.0374,-0.0098
1774945401.4514,0.0000,0.0000,0.0000,0.0000,0.0000,-3.1379,-0.2226,18.8537,0.0370,-0.0075,-0.0247
1774945401.4714,0.0000,0.0000,0.0000,0.0000,0.0000,-3.1384,-0.2210,25.0893,0.0008,-0.0342,-0.0258
1774945401.4914,0.0000,0.0000,0.0000,0.0000,0.0000,-3.1369,-0.2218,1.0222,-0.0088,-0.0075,-0.0258
1774945401.5117,0.0000,0.0000,0.0000,0.0000,0.0000,-3.1343,-0.2241,22.1439,0.0136,0.0212,-0.0269
1774945401.5314,0.0000,0.0000,0.0000,0.0000,0.0000,-3.1346,-0.2231,22.1741,-0.0003,-0.0086,-0.0343
1774945401.5514,0.0000,0.0000,0.0000,0.0000,0.0000,-3.1370,-0.2228,18.0872,-0.0067,-0.0203,-0.0322
1774945401.5714,0.0000,0.0000,0.0000,0.0000,0.0000,-3.1386,-0.2227,38.1332,0.0019,-0.0427,-0.0130
1774945401.5914,0.0000,0.0000,0.0000,0.0000,0.0000,-3.1385,-0.2231,27.6089,-0.0248,-0.0491,-0.0151
1774945401.6113,0.0000,0.0000,0.0000,0.0000,0.0000,-3.1362,-0.2225,12.3470,-0.0312,-0.0704,-0.0375
1774945401.6314,0.0000,0.0000,0.0000,0.0000,0.0000,-3.1356,-0.2208,16.9314,-0.0567,-0.0896,-0.0439
1774945401.6515,0.0000,0.0000,0.0000,0.0000,0.0000,-3.1341,-0.2210,14.9308,-0.0535,-0.0960,-0.0311
1774945401.6712,0.0000,0.0000,0.0000,0.0000,0.0000,-3.1345,-0.2218,4.5863,-0.0269,-0.0640,-0.0141
1774945401.6915,0.0000,0.0000,0.0000,0.0000,0.0000,-3.1361,-0.2232,32.5014,-0.0386,-0.0171,-0.0141
1774945401.7117,0.0000,0.0000,0.0000,0.0000,0.0000,-3.1367,-0.2227,-9.8528,-0.0589,-0.0470,-0.0258
1774945401.7315,0.0000,0.0000,0.0000,0.0000,0.0000,-3.1362,-0.2225,-38.5840,-0.0631,-0.0704,-0.0503
1774945401.7580,0.0000,0.0000,0.0000,0.0000,0.0000,-3.1361,-0.2219,-24.3701,-0.0312,-0.1002,-0.0631
1774945401.7715,0.0000,0.0000,0.0000,0.0000,0.0000,-3.1397,-0.2198,-35.2666,-0.0482,-0.0970,-0.0332
1774945401.7914,0.0000,0.0000,0.0000,0.0000,0.0000,-3.1414,-0.2190,-33.8709,-0.0344,-0.0161,-0.0183
1774945401.8114,0.0000,0.0000,0.0000,0.0000,0.0000,3.1392,-0.2189,-8.8276,-0.0344,0.0159,-0.0045
1774945401.8321,0.0000,0.0000,0.0000,0.0000,0.0000,3.1361,-0.2180,3.7457,-0.0237,-0.0597,0.0051
1774945401.8523,0.0000,0.0000,0.0000,0.0000,0.0000,3.1353,-0.2193,38.9661,-0.0024,-0.0470,-0.0013
1774945401.8715,0.0000,0.0000,0.0000,0.0000,0.0000,3.1350,-0.2173,53.1831,0.0040,-0.0288,-0.0151
1774945401.8940,0.0000,0.0000,0.0000,0.0000,0.0000,3.1344,-0.2154,-6.4892,0.0019,-0.0448,-0.0237
1774945401.9114,0.0000,0.0000,0.0000,0.0000,0.0000,3.1347,-0.2163,-31.3559,0.0082,0.0319,-0.0290
1774945401.9316,0.0000,0.0000,0.0000,0.0000,0.0000,3.1360,-0.2158,-38.6134,0.0232,0.0361,-0.0364
1774945401.9516,0.0000,0.0000,0.0000,0.0000,0.0000,3.1352,-0.2173,-25.0589,0.0370,0.0202,-0.0215
1774945401.9714,0.0000,0.0000,0.0000,0.0000,0.0000,3.1326,-0.2177,3.8191,-0.0088,0.0138,-0.0109
1774945401.9915,0.0000,0.0000,0.0000,0.0000,0.0000,3.1323,-0.2184,50.0622,-0.0088,-0.0235,0.0030
1774945402.0112,0.0000,0.0000,0.0000,0.0000,0.0000,3.1364,-0.2186,11.2274,0.0509,-0.0395,0.0126
1774945402.0321,0.0000,0.0000,0.0000,0.0000,0.0000,3.1350,-0.2196,-26.0040,0.0157,-0.0320,0.0307
1774945402.0513,0.0000,0.0000,0.0000,0.0000,0.0000,3.1363,-0.2207,-28.4479,0.0189,-0.0097,-0.0045
1774945402.0714,0.0000,0.0000,0.0000,0.0000,0.0000,3.1368,-0.2239,-2.8839,0.0136,0.0265,-0.0226
1774945402.0914,0.0000,0.0000,0.0000,0.0000,0.0000,3.1384,-0.2255,56.0556,0.0423,-0.0129,-0.0183
1774945402.1116,0.0000,0.0000,0.0000,0.0000,0.0000,3.1403,-0.2275,25.6196,0.0892,-0.0310,-0.0322
1774945402.1317,0.0000,0.0000,0.0000,0.0000,0.0000,3.1402,-0.2300,4.1470,0.0445,-0.0235,-0.0226
1774945402.1513,0.0000,0.0000,0.0000,0.0000,0.0000,3.1405,-0.2330,-10.0520,0.0413,-0.0182,-0.0066
1774945402.1788,0.0000,0.0000,0.0000,0.0000,0.0000,-3.1402,-0.2343,-0.9037,0.0232,-0.0533,-0.0247
1774945402.1914,0.0000,0.0000,0.0000,0.0000,0.0000,-3.1394,-0.2352,-3.5857,0.0050,-0.1055,0.0019
1774945402.2112,0.0000,0.0000,0.0000,0.0000,0.0000,-3.1401,-0.2352,-7.0363,0.0019,-0.1279,0.0051
1774945402.2317,0.0000,0.0000,0.0000,0.0000,0.0000,-3.1376,-0.2341,25.1245,0.0317,-0.1588,0.0104
1774945402.2514,0.0000,0.0000,0.0000,0.0000,0.0000,-3.1362,-0.2327,-20.9333,0.0327,-0.1663,0.0200
1774945402.2713,0.0000,0.0000,0.0000,0.0000,0.0000,-3.1350,-0.2305,-24.4819,0.0253,-0.1482,0.0040
1774945402.2916,0.0000,0.0000,0.0000,0.0000,0.0000,-3.1336,-0.2286,-10.6877,0.0114,-0.1396,-0.0066
1774945402.3114,0.0000,0.0000,0.0000,0.0000,0.0000,-3.1325,-0.2280,0.3772,0.0157,-0.1556,-0.0215
1774945402.3313,0.0000,0.0000,0.0000,0.0000,0.0000,-3.1341,-0.2275,-11.6964,0.0061,-0.1471,-0.0194
1774945402.3515,0.0000,0.0000,0.0000,0.0000,0.0000,-3.1340,-0.2254,-32.9446,0.0210,-0.1066,-0.0141
1774945402.3716,0.0000,0.0000,0.0000,0.0000,0.0000,-3.1349,-0.2247,-18.9522,0.0402,-0.0640,-0.0002
1774945402.3916,0.0000,0.0000,0.0000,0.0000,0.0000,-3.1359,-0.2249,8.7255,0.0455,-0.0651,0.0072
1774945402.4114,0.0000,0.0000,0.0000,0.0000,0.0000,-3.1350,-0.2249,1.1071,0.0178,-0.0747,-0.0087
1774945402.4314,0.0000,0.0000,0.0000,0.0000,0.0000,-3.1337,-0.2264,13.0573,-0.0258,-0.0533,-0.0258
1774945402.4514,0.0000,0.0000,0.0000,0.0000,0.0000,-3.1321,-0.2285,12.8714,-0.0461,-0.0310,-0.0407
1774945402.4714,0.0000,0.0000,0.0000,0.0000,0.0000,-3.1309,-0.2313,23.8350,0.0019,0.0138,-0.0247
1774945402.4914,0.0000,0.0000,0.0000,0.0000,0.0000,-3.1313,-0.2339,6.9278,0.0221,0.0106,-0.0077
1774945402.5114,0.0000,0.0000,0.0000,0.0000,0.0000,-3.1333,-0.2364,-10.0007,0.0370,-0.0118,0.0094
1774945402.5313,0.0000,0.0000,0.0000,0.0000,0.0000,-3.1349,-0.2383,-8.6624,0.0349,-0.0235,0.0190
1774945402.5514,0.0000,0.0000,0.0000,0.0000,0.0000,-3.1349,-0.2399,6.7916,0.0253,-0.0001,0.0083
1774945402.5712,0.0000,0.0000,0.0000,0.0000,0.0000,-3.1343,-0.2403,-2.6084,0.0072,-0.0278,-0.0034
1774945402.5923,0.0000,0.0000,0.0000,0.0000,0.0000,-3.1325,-0.2402,-4.6222,-0.0099,-0.0427,-0.0173
1774945402.6113,0.0000,0.0000,0.0000,0.0000,0.0000,-3.1327,-0.2403,8.8925,-0.0045,-0.0555,-0.0215
1774945402.6313,0.0000,0.0000,0.0000,0.0000,0.0000,-3.1322,-0.2394,-15.1017,0.0189,-0.0651,-0.0173
1774945402.6515,0.0000,0.0000,0.0000,0.0000,0.0000,-3.1321,-0.2378,-0.8115,0.0295,-0.0683,-0.0066
1774945402.6716,0.0000,0.0000,0.0000,0.0000,0.0000,-3.1329,-0.2347,-5.4867,0.0327,-0.0725,-0.0045
1774945402.6916,0.0000,0.0000,0.0000,0.0000,0.0000,-3.1332,-0.2320,-11.5203,0.0125,-0.0651,-0.0002
1774945402.7114,0.0000,0.0000,0.0000,0.0000,0.0000,-3.1313,-0.2297,12.8376,-0.0024,-0.0491,-0.0066
1774945402.7315,0.0000,0.0000,0.0000,0.0000,0.0000,-3.1295,-0.2278,-4.4684,-0.0099,-0.0342,-0.0183
1774945402.7513,0.0000,0.0000,0.0000,0.0000,0.0000,-3.1286,-0.2260,-2.3941,-0.0088,-0.0001,-0.0183
1774945402.7714,0.0000,0.0000,0.0000,0.0000,0.0000,-3.1293,-0.2233,9.7641,-0.0045,-0.0001,-0.0205
1774945402.7920,0.0000,0.0000,0.0000,0.0000,0.0000,-3.1298,-0.2206,-12.5735,-0.0088,-0.0001,-0.0226
1774945402.8114,0.0000,0.0000,0.0000,0.0000,0.0000,-3.1301,-0.2180,2.3815,0.0082,-0.0043,-0.0098
1774945402.8313,0.0000,0.0000,0.0000,0.0000,0.0000,-3.1311,-0.2158,-1.4126,0.0125,-0.0033,0.0030
1774945402.8512,0.0000,0.0000,0.0000,0.0000,0.0000,-3.1310,-0.2137,-2.8085,0.0093,0.0287,0.0019
1774945402.8712,0.0000,0.0000,0.0000,0.0000,0.0000,-3.1304,-0.2128,1.5466,0.0061,0.0564,-0.0109
1774945402.8915,0.0000,0.0000,0.0000,0.0000,0.0000,-3.1294,-0.2137,6.7861,-0.0056,0.0766,-0.0130
1774945402.9113,0.0000,0.0000,0.0000,0.0000,0.0000,-3.1289,-0.2128,0.5059,-0.0077,0.1000,-0.0173
1774945402.9315,0.0000,0.0000,0.0000,0.0000,0.0000,-3.1296,-0.2116,-5.5395,-0.0131,0.1128,-0.0162
1774945402.9514,0.0000,0.0000,0.0000,0.0000,0.0000,-3.1289,-0.2107,1.2053,-0.0024,0.1160,-0.0109
1774945402.9713,0.0000,0.0000,0.0000,0.0000,0.0000,-3.1277,-0.2097,-2.3089,0.0157,0.1256,-0.0024
1774945402.9914,0.0000,0.0000,0.0000,0.0000,0.0000,-3.1295,-0.2095,-0.0875,0.0168,0.1395,-0.0066
1774945403.0115,0.0000,0.0000,0.0000,0.0000,0.0000,-3.1324,-0.2100,4.0911,0.0157,0.1427,-0.0109
1774945403.0326,0.0000,0.0000,0.0000,0.0000,0.0000,-3.1334,-0.2098,0.0000,0.0093,0.1416,-0.0130
1774945403.0514,0.0000,0.0000,0.0000,0.0000,0.0000,-3.1329,-0.2092,1.6831,0.0136,0.1405,-0.0109
1774945403.0713,0.0000,0.0000,0.0000,0.0000,0.0000,-3.1329,-0.2088,1.2301,0.0157,0.1384,-0.0098
1774945403.0913,0.0000,0.0000,0.0000,0.0000,0.0000,-3.1326,-0.2095,0.2898,0.0242,0.1352,-0.0066
1774945403.1114,0.0000,0.0000,0.0000,0.0000,0.0000,-3.1342,-0.2099,-2.0235,0.0391,0.1299,0.0008
1774945403.1314,0.0000,0.0000,0.0000,0.0000,0.0000,-3.1356,-0.2104,13.9528,0.0402,0.1171,-0.0002
1774945403.1513,0.0000,0.0000,0.0000,0.0000,0.0000,-3.1352,-0.2097,-1.2438,0.0455,0.1000,-0.0045
1774945403.1714,0.0000,0.0000,0.0000,0.0000,0.0000,-3.1340,-0.2084,-7.1758,0.0402,0.0937,-0.0055
1774945403.1914,0.0000,0.0000,0.0000,0.0000,0.0000,-3.1334,-0.2072,7.4975,0.0381,0.0777,-0.0066
1774945403.2114,0.0000,0.0000,0.0000,0.0000,0.0000,-3.1326,-0.2072,-6.9997,0.0285,0.0617,-0.0066
1774945403.2315,0.0000,0.0000,0.0000,0.0000,0.0000,-3.1303,-0.2073,-2.3321,0.0242,0.0553,-0.0066
1774945403.2515,0.0000,0.0000,0.0000,0.0000,0.0000,-3.1281,-0.2063,-1.1009,0.0274,0.0351,-0.0034
1774945403.2713,0.0000,0.0000,0.0000,0.0000,0.0000,-3.1258,-0.2059,-10.1592,0.0210,0.0191,-0.0055
1774945403.2914,0.0000,0.0000,0.0000,0.0000,0.0000,-3.1232,-0.2047,-3.9863,0.0104,0.0127,-0.0098
1774945403.3114,0.0000,0.0000,0.0000,0.0000,0.0000,-3.1213,-0.2035,-6.1762,0.0029,-0.0001,-0.0162
1774945403.3314,0.0000,0.0000,0.0000,0.0000,0.0000,-3.1193,-0.2042,-2.5256,-0.0045,0.0031,-0.0183
1774945403.3515,0.0000,0.0000,0.0000,0.0000,0.0000,-3.1179,-0.2052,-0.0570,-0.0109,0.0106,-0.0183
1774945403.3714,0.0000,0.0000,0.0000,0.0000,0.0000,-3.1183,-0.2070,0.2727,-0.0205,0.0138,-0.0205
1774945403.3914,0.0000,0.0000,0.0000,0.0000,0.0000,-3.1197,-0.2075,2.4762,-0.0195,0.0095,-0.0173
1774945403.4114,0.0000,0.0000,0.0000,0.0000,0.0000,-3.1234,-0.2080,-0.7744,-0.0195,0.0042,-0.0173
1774945403.4314,0.0000,0.0000,0.0000,0.0000,0.0000,-3.1258,-0.2087,-0.5782,-0.0173,0.0020,-0.0162
1774945403.4515,0.0000,0.0000,0.0000,0.0000,0.0000,-3.1293,-0.2090,-0.1347,-0.0077,-0.0043,-0.0162
1774945403.4714,0.0000,0.0000,0.0000,0.0000,0.0000,-3.1332,-0.2095,1.7762,-0.0056,-0.0129,-0.0130
1774945403.4913,0.0000,0.0000,0.0000,0.0000,0.0000,-3.1363,-0.2103,1.9417,-0.0045,-0.0086,-0.0130
1774945403.5114,0.0000,0.0000,0.0000,0.0000,0.0000,-3.1382,-0.2117,3.7791,0.0029,-0.0022,-0.0130
1774945403.5313,0.0000,0.0000,0.0000,0.0000,0.0000,-3.1392,-0.2120,2.3750,0.0104,-0.0065,-0.0098
1774945403.5514,0.0000,0.0000,0.0000,0.0000,0.0000,-3.1390,-0.2107,-1.7935,0.0125,-0.0097,-0.0098
1774945403.5714,0.0000,0.0000,0.0000,0.0000,0.0000,-3.1371,-0.2099,-4.5502,0.0178,-0.0065,-0.0077
1774945403.5914,0.0000,0.0000,0.0000,0.0000,0.0000,-3.1350,-0.2099,-6.8608,0.0146,-0.0001,-0.0098
1774945403.6114,0.0000,0.0000,0.0000,0.0000,0.0000,-3.1316,-0.2104,0.8465,0.0019,0.0020,-0.0130
1774945403.6314,0.0000,0.0000,0.0000,0.0000,0.0000,-3.1294,-0.2110,3.8423,0.0008,-0.0033,-0.0151
1774945403.6514,0.0000,0.0000,0.0000,0.0000,0.0000,-3.1292,-0.2114,-1.3387,0.0008,-0.0065,-0.0130
1774945403.6716,0.0000,0.0000,0.0000,0.0000,0.0000,-3.1299,-0.2112,1.6578,0.0008,-0.0043,-0.0087
1774945403.6914,0.0000,0.0000,0.0000,0.0000,0.0000,-3.1310,-0.2108,0.3903,0.0019,-0.0054,-0.0098
1774945403.7114,0.0000,0.0000,0.0000,0.0000,0.0000,-3.1329,-0.2115,0.2551,0.0050,-0.0054,-0.0109
1774945403.7313,0.0000,0.0000,0.0000,0.0000,0.0000,-3.1346,-0.2117,0.3291,0.0082,-0.0043,-0.0130
1774945403.7515,0.0000,0.0000,0.0000,0.0000,0.0000,-3.1368,-0.2124,-0.3710,0.0029,-0.0054,-0.0119
1774945403.7713,0.0000,0.0000,0.0000,0.0000,0.0000,-3.1366,-0.2125,0.8492,0.0029,-0.0043,-0.0109
1774945403.7914,0.0000,0.0000,0.0000,0.0000,0.0000,-3.1354,-0.2126,1.2489,0.0040,-0.0033,-0.0119
1774945403.8114,0.0000,0.0000,0.0000,0.0000,0.0000,-3.1331,-0.2126,0.6196,0.0050,-0.0033,-0.0098
1774945403.8313,0.0000,0.0000,0.0000,0.0000,0.0000,-3.1309,-0.2127,-2.4489,0.0061,-0.0033,-0.0109
1774945403.8513,0.0000,0.0000,0.0000,0.0000,0.0000,-3.1300,-0.2122,-0.6833,0.0040,-0.0033,-0.0119
1774945403.8712,0.0000,0.0000,0.0000,0.0000,0.0000,-3.1282,-0.2115,1.1147,0.0050,-0.0054,-0.0119
1774945403.8913,0.0000,0.0000,0.0000,0.0000,0.0000,-3.1288,-0.2119,-1.0758,0.0019,-0.0033,-0.0119
1774945403.9114,0.0000,0.0000,0.0000,0.0000,0.0000,-3.1300,-0.2117,0.4148,0.0008,-0.0033,-0.0130
1774945403.9315,0.0000,0.0000,0.0000,0.0000,0.0000,-3.1315,-0.2116,0.6077,0.0019,-0.0043,-0.0119
1774945403.9521,0.0000,0.0000,0.0000,0.0000,0.0000,-3.1339,-0.2121,-0.3037,0.0019,-0.0043,-0.0098
1774945403.9713,0.0000,0.0000,0.0000,0.0000,0.0000,-3.1349,-0.2124,0.1867,0.0050,-0.0022,-0.0109
1774945403.9914,0.0000,0.0000,0.0000,0.0000,0.0000,-3.1345,-0.2127,-1.0246,0.0050,-0.0033,-0.0098
1774945404.0115,0.0000,0.0000,0.0000,0.0000,0.0000,-3.1333,-0.2127,0.3524,0.0061,-0.0043,-0.0119
1774945404.0314,0.0000,0.0000,0.0000,0.0000,0.0000,-3.1322,-0.2123,0.4967,0.0061,-0.0033,-0.0119
1774945404.0513,0.0000,0.0000,0.0000,0.0000,0.0000,-3.1301,-0.2120,0.8973,0.0040,-0.0033,-0.0130
1774945404.0713,0.0000,0.0000,0.0000,0.0000,0.0000,-3.1285,-0.2116,-0.3362,0.0040,-0.0043,-0.0109
1774945404.0916,0.0000,0.0000,0.0000,0.0000,0.0000,-3.1286,-0.2114,0.5772,0.0008,-0.0033,-0.0119
1774945404.1114,0.0000,0.0000,0.0000,0.0000,0.0000,-3.1286,-0.2114,0.6860,0.0040,-0.0022,-0.0130
1774945404.1313,0.0000,0.0000,0.0000,0.0000,0.0000,-3.1305,-0.2116,-1.5922,0.0029,-0.0033,-0.0119
1774945404.1513,0.0000,0.0000,0.0000,0.0000,0.0000,-3.1319,-0.2118,0.4662,0.0050,-0.0033,-0.0109
1774945404.1731,0.0000,0.0000,0.0000,0.0000,0.0000,-3.1333,-0.2121,0.2889,0.0040,-0.0043,-0.0098
1774945404.1915,0.0000,0.0000,0.0000,0.0000,0.0000,-3.1341,-0.2125,0.4500,0.0029,-0.0043,-0.0119
1774945404.2121,0.0000,0.0000,0.0000,0.0000,0.0000,-3.1334,-0.2125,-0.5235,0.0040,-0.0043,-0.0109
1774945404.2317,0.0000,0.0000,0.0000,0.0000,0.0000,-3.1329,-0.2125,-1.5783,0.0040,-0.0033,-0.0119
1774945404.2521,0.0000,0.0000,0.0000,0.0000,0.0000,-3.1310,-0.2122,1.2099,0.0050,-0.0043,-0.0119
1774945404.2713,0.0000,0.0000,0.0000,0.0000,0.0000,-3.1302,-0.2119,0.1241,0.0050,-0.0054,-0.0119
1774945404.2917,0.0000,0.0000,0.0000,0.0000,0.0000,-3.1295,-0.2116,0.4042,0.0040,-0.0022,-0.0109
1774945404.3114,0.0000,0.0000,0.0000,0.0000,0.0000,-3.1291,-0.2114,-1.0550,0.0040,-0.0033,-0.0130
1774945404.3315,0.0000,0.0000,0.0000,0.0000,0.0000,-3.1299,-0.2116,0.6174,-0.0003,-0.0043,-0.0119
1774945404.3513,0.0000,0.0000,0.0000,0.0000,0.0000,-3.1302,-0.2120,0.8107,0.0050,-0.0043,-0.0130
1774945404.3721,0.0000,0.0000,0.0000,0.0000,0.0000,-3.1321,-0.2124,-1.1084,0.0029,-0.0043,-0.0119
1774945404.3913,0.0000,0.0000,0.0000,0.0000,0.0000,-3.1324,-0.2124,0.6607,0.0040,-0.0043,-0.0119
1774945404.4112,0.0000,0.0000,0.0000,0.0000,0.0000,-3.1330,-0.2121,-0.7926,0.0050,-0.0043,-0.0109
1774945404.4313,0.0000,0.0000,0.0000,0.0000,0.0000,-3.1330,-0.2124,0.0000,0.0050,-0.0022,-0.0119
1774945404.4513,0.0000,0.0000,0.0000,0.0000,0.0000,-3.1314,-0.2123,1.1940,0.0072,-0.0022,-0.0119
1774945404.4714,0.0000,0.0000,0.0000,0.0000,0.0000,-3.1312,-0.2123,-1.1223,0.0029,-0.0043,-0.0119
1774945404.4913,0.0000,0.0000,0.0000,0.0000,0.0000,-3.1299,-0.2124,0.6299,0.0040,-0.0033,-0.0109
1774945404.5113,0.0000,0.0000,0.0000,0.0000,0.0000,-3.1302,-0.2122,0.7493,0.0029,-0.0043,-0.0119
1774945404.5318,0.0000,0.0000,0.0000,0.0000,0.0000,-3.1298,-0.2122,0.0439,0.0050,-0.0043,-0.0119
1774945404.5512,0.0000,0.0000,0.0000,0.0000,0.0000,-3.1300,-0.2121,-0.4635,0.0050,-0.0033,-0.0119
1774945404.5717,0.0000,0.0000,0.0000,0.0000,0.0000,-3.1316,-0.2121,0.2129,0.0008,-0.0043,-0.0130
1774945404.5920,0.0000,0.0000,0.0000,0.0000,0.0000,-3.1317,-0.2122,0.0411,0.0061,-0.0054,-0.0109
1774945404.6113,0.0000,0.0000,0.0000,0.0000,0.0000,-3.1329,-0.2124,-0.9476,0.0029,-0.0033,-0.0119
1774945404.6314,0.0000,0.0000,0.0000,0.0000,0.0000,-3.1324,-0.2122,1.0545,0.0061,-0.0043,-0.0119
1774945404.6512,0.0000,0.0000,0.0000,0.0000,0.0000,-3.1317,-0.2120,0.2037,0.0040,-0.0033,-0.0098
1774945404.6713,0.0000,0.0000,0.0000,0.0000,0.0000,-3.1314,-0.2121,0.4658,0.0050,-0.0033,-0.0109
1774945404.6916,0.0000,0.0000,0.0000,0.0000,0.0000,-3.1305,-0.2119,-0.7339,0.0061,-0.0033,-0.0119
1774945404.7113,0.0000,0.0000,0.0000,0.0000,0.0000,-3.1307,-0.2120,-1.8780,-0.0003,-0.0033,-0.0109
1774945404.7317,0.0000,0.0000,0.0000,0.0000,0.0000,-3.1298,-0.2121,0.9610,0.0061,-0.0033,-0.0130
1774945404.7512,0.0000,0.0000,0.0000,0.0000,0.0000,-3.1307,-0.2119,-0.1710,0.0029,-0.0033,-0.0098
1774945404.7713,0.0000,0.0000,0.0000,0.0000,0.0000,-3.1313,-0.2120,0.2143,0.0050,-0.0054,-0.0109
1774945404.7914,0.0000,0.0000,0.0000,0.0000,0.0000,-3.1312,-0.2120,-0.8203,0.0040,-0.0043,-0.0119
1774945404.8113,0.0000,0.0000,0.0000,0.0000,0.0000,-3.1324,-0.2121,-0.1784,0.0019,-0.0043,-0.0087
1774945404.8314,0.0000,0.0000,0.0000,0.0000,0.0000,-3.1321,-0.2121,0.1340,0.0050,-0.0043,-0.0109
1774945404.8512,0.0000,0.0000,0.0000,0.0000,0.0000,-3.1323,-0.2122,-1.4001,0.0050,-0.0033,-0.0130
1774945404.8712,0.0000,0.0000,0.0000,0.0000,0.0000,-3.1316,-0.2120,0.5267,0.0050,-0.0043,-0.0109
1774945404.8917,0.0000,0.0000,0.0000,0.0000,0.0000,-3.1312,-0.2121,-0.3570,0.0040,-0.0033,-0.0119
1774945404.9115,0.0000,0.0000,0.0000,0.0000,0.0000,-3.1305,-0.2120,0.9332,0.0029,-0.0043,-0.0087
1774945404.9312,0.0000,0.0000,0.0000,0.0000,0.0000,-3.1304,-0.2118,-0.8914,0.0061,-0.0033,-0.0119
1774945404.9515,0.0000,0.0000,0.0000,0.0000,0.0000,-3.1309,-0.2118,0.7591,0.0040,-0.0043,-0.0119
1774945404.9721,0.0000,0.0000,0.0000,0.0000,0.0000,-3.1304,-0.2121,1.4904,0.0072,-0.0043,-0.0119
1774945404.9912,0.0000,0.0000,0.0000,0.0000,0.0000,-3.1312,-0.2122,0.0844,0.0029,-0.0033,-0.0098
1774945405.0113,0.0000,0.0000,0.0000,0.0000,0.0000,-3.1313,-0.2121,0.2516,0.0040,-0.0054,-0.0109
1774945405.0314,0.0000,0.0000,0.0000,0.0000,0.0000,-3.1321,-0.2119,-0.7499,0.0061,-0.0033,-0.0109
1774945405.0513,0.0000,0.0000,0.0000,0.0000,0.0000,-3.1328,-0.2122,2.1947,0.0040,-0.0043,-0.0109
1774945405.0713,0.0000,0.0000,0.0000,0.0000,0.0000,-3.1330,-0.2125,1.9241,0.0072,-0.0043,-0.0119
1774945405.0914,0.0000,0.0000,0.0000,0.0000,0.0000,-3.1330,-0.2129,0.3280,0.0019,-0.0033,-0.0109
1774945405.1114,0.0000,0.0000,0.0000,0.0000,0.0000,-3.1327,-0.2128,1.6940,0.0040,-0.0043,-0.0109
1774945405.1314,0.0000,0.0000,0.0000,0.0000,0.0000,-3.1318,-0.2125,0.2994,0.0029,-0.0043,-0.0130
1774945405.1514,0.0000,0.0000,0.0000,0.0000,0.0000,-3.1319,-0.2123,0.5429,0.0019,-0.0043,-0.0098
1774945405.1713,0.0000,0.0000,0.0000,0.0000,0.0000,-3.1317,-0.2121,-0.9533,0.0061,-0.0043,-0.0130
1774945405.1913,0.0000,0.0000,0.0000,0.0000,0.0000,-3.1322,-0.2123,-0.4841,0.0040,-0.0043,-0.0119
1774945405.2114,0.0000,0.0000,0.0000,0.0000,0.0000,-3.1321,-0.2123,1.7943,0.0061,-0.0043,-0.0119
1774945405.2315,0.0000,0.0000,0.0000,0.0000,0.0000,-3.1326,-0.2125,0.3579,0.0040,-0.0043,-0.0109
1774945405.2514,0.0000,0.0000,0.0000,0.0000,0.0000,-3.1320,-0.2125,0.8831,0.0040,-0.0043,-0.0109
1774945405.2715,0.0000,0.0000,0.0000,0.0000,0.0000,-3.1316,-0.2124,-0.3950,0.0061,-0.0033,-0.0109
1774945405.2914,0.0000,0.0000,0.0000,0.0000,0.0000,-3.1321,-0.2123,-0.4751,0.0008,-0.0033,-0.0098
1774945405.3114,0.0000,0.0000,0.0000,0.0000,0.0000,-3.1312,-0.2123,0.0000,0.0061,-0.0033,-0.0130
1774945405.3314,0.0000,0.0000,0.0000,0.0000,0.0000,-3.1319,-0.2123,-1.0876,0.0019,-0.0043,-0.0109
1774945405.3515,0.0000,0.0000,0.0000,0.0000,0.0000,-3.1314,-0.2122,0.2336,0.0040,-0.0043,-0.0109
1774945405.3712,0.0000,0.0000,0.0000,0.0000,0.0000,-3.1311,-0.2122,0.0850,0.0050,-0.0054,-0.0119
1774945405.3913,0.0000,0.0000,0.0000,0.0000,0.0000,-3.1306,-0.2122,0.0000,0.0029,-0.0033,-0.0119
1774945405.4113,0.0000,0.0000,0.0000,0.0000,0.0000,-3.1305,-0.2124,-0.1283,0.0050,-0.0033,-0.0109
1774945405.4314,0.0000,0.0000,0.0000,0.0000,0.0000,-3.1331,-0.2125,-1.5242,0.0040,-0.0033,-0.0109
1774945405.4513,0.0000,0.0000,0.0000,0.0000,0.0000,-3.1327,-0.2123,1.3783,0.0029,-0.0033,-0.0130
1774945405.4713,0.0000,0.0000,0.0000,0.0000,0.0000,-3.1330,-0.2124,-0.4226,0.0040,-0.0033,-0.0119
1774945405.4914,0.0000,0.0000,0.0000,0.0000,0.0000,-3.1339,-0.2124,0.9498,0.0019,-0.0043,-0.0119
1774945405.5113,0.0000,0.0000,0.0000,0.0000,0.0000,-3.1327,-0.2127,-0.7604,0.0061,-0.0033,-0.0109
1774945405.5313,0.0000,0.0000,0.0000,0.0000,0.0000,-3.1337,-0.2126,-0.8020,0.0019,-0.0043,-0.0119
1774945405.5514,0.0000,0.0000,0.0000,0.0000,0.0000,-3.1336,-0.2123,1.0129,0.0029,-0.0043,-0.0119
1774945405.5713,0.0000,0.0000,0.0000,0.0000,0.0000,-3.1320,-0.2126,-1.1370,0.0040,-0.0033,-0.0109
1774945405.5914,0.0000,0.0000,0.0000,0.0000,0.0000,-3.1317,-0.2124,1.1829,0.0040,-0.0043,-0.0119
1774945405.6114,0.0000,0.0000,0.0000,0.0000,0.0000,-3.1321,-0.2122,-0.4922,0.0040,-0.0043,-0.0119
1774945405.6313,0.0000,0.0000,0.0000,0.0000,0.0000,-3.1317,-0.2123,0.0413,0.0019,-0.0043,-0.0130
1774945405.6514,0.0000,0.0000,0.0000,0.0000,0.0000,-3.1307,-0.2124,0.2705,0.0050,-0.0043,-0.0119
1774945405.6714,0.0000,0.0000,0.0000,0.0000,0.0000,-3.1315,-0.2126,-1.8665,0.0029,-0.0054,-0.0119
1774945405.6914,0.0000,0.0000,0.0000,0.0000,0.0000,-3.1311,-0.2124,1.3282,0.0029,-0.0043,-0.0119
1774945405.7113,0.0000,0.0000,0.0000,0.0000,0.0000,-3.1311,-0.2123,-0.5405,0.0061,-0.0033,-0.0119
1774945405.7314,0.0000,0.0000,0.0000,0.0000,0.0000,-3.1317,-0.2122,0.8557,0.0029,-0.0033,-0.0119
1774945405.7513,0.0000,0.0000,0.0000,0.0000,0.0000,-3.1312,-0.2121,0.0000,0.0029,-0.0043,-0.0109
1774945405.7712,0.0000,0.0000,0.0000,0.0000,0.0000,-3.1321,-0.2122,-2.0570,0.0029,-0.0043,-0.0119
1774945405.7913,0.0000,0.0000,0.0000,0.0000,0.0000,-3.1328,-0.2119,1.3591,0.0050,-0.0033,-0.0119
1774945405.8113,0.0000,0.0000,0.0000,0.0000,0.0000,-3.1326,-0.2120,-0.0420,0.0029,-0.0022,-0.0119
1774945405.8342,0.0000,0.0000,0.0000,0.0000,0.0000,-3.1323,-0.2122,1.3718,0.0040,-0.0033,-0.0109
1774945405.8514,0.0000,0.0000,0.0000,0.0000,0.0000,-3.1328,-0.2124,-0.0411,0.0061,-0.0033,-0.0130
1774945405.8712,0.0000,0.0000,0.0000,0.0000,0.0000,-3.1333,-0.2127,0.4121,0.0019,-0.0022,-0.0119
1774945405.8914,0.0000,0.0000,0.0000,0.0000,0.0000,-3.1324,-0.2127,1.8938,0.0072,-0.0043,-0.0141
1774945405.9114,0.0000,0.0000,0.0000,0.0000,0.0000,-3.1325,-0.2125,0.2132,0.0029,-0.0033,-0.0109
1774945405.9314,0.0000,0.0000,0.0000,0.0000,0.0000,-3.1319,-0.2124,0.5400,0.0050,-0.0043,-0.0130
1774945405.9513,0.0000,0.0000,0.0000,0.0000,0.0000,-3.1314,-0.2121,-0.0868,0.0040,-0.0033,-0.0119
1774945405.9713,0.0000,0.0000,0.0000,0.0000,0.0000,-3.1314,-0.2121,0.1277,0.0029,-0.0033,-0.0109
1774945405.9912,0.0000,0.0000,0.0000,0.0000,0.0000,-3.1307,-0.2121,-0.2954,0.0061,-0.0033,-0.0130
1774945406.0113,0.0000,0.0000,0.0000,0.0000,0.0000,-3.1316,-0.2121,-1.2866,0.0008,-0.0033,-0.0098
1774945406.0313,0.0000,0.0000,0.0000,0.0000,0.0000,-3.1311,-0.2122,0.9953,0.0040,-0.0043,-0.0109
1774945406.0515,0.0000,0.0000,0.0000,0.0000,0.0000,-3.1315,-0.2119,-0.1679,0.0040,-0.0043,-0.0109
1774945406.0714,0.0000,0.0000,0.0000,0.0000,0.0000,-3.1316,-0.2121,-0.6392,0.0029,-0.0043,-0.0119
1774945406.0914,0.0000,0.0000,0.0000,0.0000,0.0000,-3.1310,-0.2120,-0.9178,0.0061,-0.0033,-0.0119
1774945406.1113,0.0000,0.0000,0.0000,0.0000,0.0000,-3.1316,-0.2121,-0.4513,0.0019,-0.0043,-0.0130
1774945406.1345,0.0000,0.0000,0.0000,0.0000,0.0000,-3.1311,-0.2120,-0.9465,0.0061,-0.0043,-0.0130
1774945406.1513,0.0000,0.0000,0.0000,0.0000,0.0000,-3.1313,-0.2120,-0.5584,0.0040,-0.0043,-0.0130
1774945406.1715,0.0000,0.0000,0.0000,0.0000,0.0000,-3.1311,-0.2119,0.3925,0.0040,-0.0043,-0.0109
1774945406.1914,0.0000,0.0000,0.0000,0.0000,0.0000,-3.1311,-0.2119,0.1856,0.0050,-0.0033,-0.0119
1774945406.2125,0.0000,0.0000,0.0000,0.0000,0.0000,-3.1309,-0.2119,0.2800,0.0019,-0.0043,-0.0109
1774945406.2322,0.0000,0.0000,0.0000,0.0000,0.0000,-3.1314,-0.2120,-0.2896,0.0050,-0.0054,-0.0130
1774945406.2514,0.0000,0.0000,0.0000,0.0000,0.0000,-3.1315,-0.2122,-1.7364,0.0040,-0.0043,-0.0119
1774945406.2716,0.0000,0.0000,0.0000,0.0000,0.0000,-3.1310,-0.2121,1.0703,0.0029,-0.0033,-0.0109
1774945406.2915,0.0000,0.0000,0.0000,0.0000,0.0000,-3.1314,-0.2121,-0.0827,0.0050,-0.0043,-0.0109
1774945406.3113,0.0000,0.0000,0.0000,0.0000,0.0000,-3.1313,-0.2121,0.5446,0.0040,-0.0033,-0.0119
1774945406.3313,0.0000,0.0000,0.0000,0.0000,0.0000,-3.1312,-0.2121,-0.5298,0.0061,-0.0033,-0.0141
1774945406.3514,0.0000,0.0000,0.0000,0.0000,0.0000,-3.1319,-0.2121,-0.4176,0.0019,-0.0043,-0.0098
1774945406.3714,0.0000,0.0000,0.0000,0.0000,0.0000,-3.1312,-0.2119,0.5430,0.0050,-0.0043,-0.0119
1774945406.3914,0.0000,0.0000,0.0000,0.0000,0.0000,-3.1317,-0.2120,-0.7069,0.0040,-0.0043,-0.0119
1774945406.4113,0.0000,0.0000,0.0000,0.0000,0.0000,-3.1311,-0.2119,0.4354,0.0029,-0.0043,-0.0109
1774945406.4402,0.0000,0.0000,0.0000,0.0000,0.0000,-3.1316,-0.2120,-0.9069,0.0050,-0.0054,-0.0119
1774945406.4513,0.0000,0.0000,0.0000,0.0000,0.0000,-3.1315,-0.2121,0.4179,0.0040,-0.0043,-0.0119
1774945406.4714,0.0000,0.0000,0.0000,0.0000,0.0000,-3.1310,-0.2121,-0.3641,0.0050,-0.0033,-0.0119
1774945406.4914,0.0000,0.0000,0.0000,0.0000,0.0000,-3.1319,-0.2123,-1.4085,0.0019,-0.0033,-0.0119
1774945406.5113,0.0000,0.0000,0.0000,0.0000,0.0000,-3.1311,-0.2122,1.3150,0.0040,-0.0033,-0.0130
1774945406.5316,0.0000,0.0000,0.0000,0.0000,0.0000,-3.1314,-0.2121,0.0000,0.0019,-0.0033,-0.0098
1774945406.5514,0.0000,0.0000,0.0000,0.0000,0.0000,-3.1312,-0.2123,0.0920,0.0040,-0.0043,-0.0109
1774945406.5713,0.0000,0.0000,0.0000,0.0000,0.0000,-3.1308,-0.2124,-0.1284,0.0061,-0.0033,-0.0130
1774945406.5914,0.0000,0.0000,0.0000,0.0000,0.0000,-3.1314,-0.2123,-0.1319,0.0029,-0.0033,-0.0109
1774945406.6122,0.0000,0.0000,0.0000,0.0000,0.0000,-3.1304,-0.2123,0.6518,0.0061,-0.0065,-0.0098
1774945406.6314,0.0000,0.0000,0.0000,0.0000,0.0000,-3.1310,-0.2125,-1.0091,0.0061,-0.0043,-0.0119
1774945406.6513,0.0000,0.0000,0.0000,0.0000,0.0000,-3.1306,-0.2128,1.2457,0.0040,-0.0033,-0.0109
1774945406.6715,0.0000,0.0000,0.0000,0.0000,0.0000,-3.1306,-0.2125,-0.2575,0.0029,-0.0033,-0.0109
1774945406.6914,0.0000,0.0000,0.0000,0.0000,0.0000,-3.1319,-0.2123,0.8892,0.0040,-0.0054,-0.0119
1774945406.7114,0.0000,0.0000,0.0000,0.0000,0.0000,-3.1314,-0.2124,-0.6816,0.0072,-0.0033,-0.0119
1774945406.7313,0.0000,0.0000,0.0000,0.0000,0.0000,-3.1325,-0.2122,-1.4961,0.0029,-0.0033,-0.0098
1774945406.7521,0.0000,0.0000,0.0000,0.0000,0.0000,-3.1317,-0.2119,0.3973,0.0040,-0.0043,-0.0109
1774945406.7713,0.0000,0.0000,0.0000,0.0000,0.0000,-3.1316,-0.2120,-0.4245,0.0050,-0.0043,-0.0119
1774945406.7914,0.0000,0.0000,0.0000,0.0000,0.0000,-3.1314,-0.2120,0.6640,0.0040,-0.0043,-0.0109
1774945406.8114,0.0000,0.0000,0.0000,0.0000,0.0000,-3.1314,-0.2119,-0.4911,0.0019,-0.0043,-0.0130
1774945406.8315,0.0000,0.0000,0.0000,0.0000,0.0000,-3.1316,-0.2121,0.1320,0.0029,-0.0043,-0.0119
1774945406.8516,0.0000,0.0000,0.0000,0.0000,0.0000,-3.1307,-0.2121,0.4986,0.0061,-0.0043,-0.0109
1774945406.8714,0.0000,0.0000,0.0000,0.0000,0.0000,-3.1314,-0.2119,-2.6187,0.0050,-0.0054,-0.0098
1774945406.8915,0.0000,0.0000,0.0000,0.0000,0.0000,-3.1309,-0.2118,0.0000,0.0050,-0.0033,-0.0130
1774945406.9114,0.0000,0.0000,0.0000,0.0000,0.0000,-3.1310,-0.2120,1.3637,0.0040,-0.0033,-0.0119
1774945406.9315,0.0000,0.0000,0.0000,0.0000,0.0000,-3.1316,-0.2121,1.3638,0.0008,-0.0033,-0.0098
1774945406.9513,0.0000,0.0000,0.0000,0.0000,0.0000,-3.1317,-0.2122,-0.2994,0.0040,-0.0033,-0.0098
1774945406.9722,0.0000,0.0000,0.0000,0.0000,0.0000,-3.1324,-0.2124,-0.8370,0.0019,-0.0022,-0.0098
1774945406.9914,0.0000,0.0000,0.0000,0.0000,0.0000,-3.1319,-0.2125,0.8744,0.0050,-0.0033,-0.0109
1774945407.0114,0.0000,0.0000,0.0000,0.0000,0.0000,-3.1318,-0.2123,-0.1281,0.0029,-0.0033,-0.0119
1774945407.0315,0.0000,0.0000,0.0000,0.0000,0.0000,-3.1313,-0.2122,0.7733,0.0050,-0.0033,-0.0109
1774945407.0514,0.0000,0.0000,0.0000,0.0000,0.0000,-3.1313,-0.2123,-1.6752,0.0050,-0.0043,-0.0119
1774945407.0713,0.0000,0.0000,0.0000,0.0000,0.0000,-3.1318,-0.2121,-0.7075,0.0029,-0.0043,-0.0109
1774945407.0913,0.0000,0.0000,0.0000,0.0000,0.0000,-3.1304,-0.2121,1.7783,0.0061,-0.0054,-0.0119
1774945407.1113,0.0000,0.0000,0.0000,0.0000,0.0000,-3.1308,-0.2122,-1.0021,0.0029,-0.0043,-0.0109
1774945407.1314,0.0000,0.0000,0.0000,0.0000,0.0000,-3.1309,-0.2121,1.0782,0.0029,-0.0043,-0.0098
1774945407.1513,0.0000,0.0000,0.0000,0.0000,0.0000,-3.1310,-0.2121,0.7638,0.0040,-0.0033,-0.0119
1774945407.1714,0.0000,0.0000,0.0000,0.0000,0.0000,-3.1311,-0.2125,1.4915,0.0029,-0.0033,-0.0109
1774945407.1914,0.0000,0.0000,0.0000,0.0000,0.0000,-3.1308,-0.2123,0.5932,0.0061,-0.0022,-0.0109
1774945407.2116,0.0000,0.0000,0.0000,0.0000,0.0000,-3.1318,-0.2123,-1.4397,0.0029,-0.0033,-0.0109
1774945407.2312,0.0000,0.0000,0.0000,0.0000,0.0000,-3.1310,-0.2123,0.6837,0.0061,-0.0054,-0.0119
1774945407.2513,0.0000,0.0000,0.0000,0.0000,0.0000,-3.1311,-0.2121,-0.1680,0.0061,-0.0033,-0.0130
1774945407.2715,0.0000,0.0000,0.0000,0.0000,0.0000,-3.1309,-0.2120,-0.2459,0.0040,-0.0043,-0.0109
1774945407.2914,0.0000,0.0000,0.0000,0.0000,0.0000,-3.1306,-0.2120,-1.2973,0.0040,-0.0043,-0.0109
1774945407.3114,0.0000,0.0000,0.0000,0.0000,0.0000,-3.1315,-0.2121,-0.0832,0.0040,-0.0054,-0.0119
1774945407.3313,0.0000,0.0000,0.0000,0.0000,0.0000,-3.1308,-0.2121,0.6970,0.0072,-0.0043,-0.0109
1774945407.3513,0.0000,0.0000,0.0000,0.0000,0.0000,-3.1313,-0.2123,-0.2902,0.0040,-0.0043,-0.0109
1774945407.3715,0.0000,0.0000,0.0000,0.0000,0.0000,-3.1313,-0.2120,0.6729,0.0040,-0.0054,-0.0109
1774945407.3912,0.0000,0.0000,0.0000,0.0000,0.0000,-3.1315,-0.2119,-0.2541,0.0050,-0.0043,-0.0130
1774945407.4113,0.0000,0.0000,0.0000,0.0000,0.0000,-3.1317,-0.2121,0.5845,0.0040,-0.0054,-0.0119
1774945407.4313,0.0000,0.0000,0.0000,0.0000,0.0000,-3.1311,-0.2121,0.0000,0.0040,-0.0022,-0.0087
1774945407.4513,0.0000,0.0000,0.0000,0.0000,0.0000,-3.1320,-0.2120,-0.6778,0.0029,-0.0033,-0.0109
1774945407.4712,0.0000,0.0000,0.0000,0.0000,0.0000,-3.1314,-0.2120,0.3607,0.0040,-0.0043,-0.0109
1774945407.4912,0.0000,0.0000,0.0000,0.0000,0.0000,-3.1319,-0.2119,-1.4293,0.0040,-0.0054,-0.0119
1774945407.5113,0.0000,0.0000,0.0000,0.0000,0.0000,-3.1317,-0.2119,-1.1019,0.0050,-0.0043,-0.0119
1774945407.5313,0.0000,0.0000,0.0000,0.0000,0.0000,-3.1314,-0.2119,-1.6421,0.0029,-0.0033,-0.0119
1774945407.5512,0.0000,0.0000,0.0000,0.0000,0.0000,-3.1317,-0.2121,0.5500,0.0029,-0.0033,-0.0119
1774945407.5712,0.0000,0.0000,0.0000,0.0000,0.0000,-3.1309,-0.2121,1.9735,0.0040,-0.0043,-0.0109
1774945407.5913,0.0000,0.0000,0.0000,0.0000,0.0000,-3.1318,-0.2122,-0.1308,0.0029,-0.0043,-0.0130
1774945407.6113,0.0000,0.0000,0.0000,0.0000,0.0000,-3.1312,-0.2122,1.5701,0.0040,-0.0022,-0.0109
1774945407.6313,0.0000,0.0000,0.0000,0.0000,0.0000,-3.1314,-0.2120,0.3092,0.0040,-0.0033,-0.0119
1774945407.6513,0.0000,0.0000,0.0000,0.0000,0.0000,-3.1314,-0.2120,0.3502,0.0040,-0.0033,-0.0119
1774945407.6713,0.0000,0.0000,0.0000,0.0000,0.0000,-3.1308,-0.2120,-0.9605,0.0061,-0.0033,-0.0141
1774945407.6912,0.0000,0.0000,0.0000,0.0000,0.0000,-3.1315,-0.2123,-1.8954,0.0029,-0.0043,-0.0109
1774945407.7113,0.0000,0.0000,0.0000,0.0000,0.0000,-3.1307,-0.2121,0.6000,0.0040,-0.0043,-0.0109
1774945407.7314,0.0000,0.0000,0.0000,0.0000,0.0000,-3.1314,-0.2121,0.0938,0.0019,-0.0043,-0.0141
1774945407.7512,0.0000,0.0000,0.0000,0.0000,0.0000,-3.1313,-0.2122,0.9646,0.0050,-0.0043,-0.0130
1774945407.7713,0.0000,0.0000,0.0000,0.0000,0.0000,-3.1311,-0.2122,-0.2069,0.0050,-0.0033,-0.0119
1774945407.7912,0.0000,0.0000,0.0000,0.0000,0.0000,-3.1317,-0.2123,0.0423,0.0029,-0.0033,-0.0119
1774945407.8113,0.0000,0.0000,0.0000,0.0000,0.0000,-3.1307,-0.2122,0.4050,0.0050,-0.0054,-0.0109
1774945407.8313,0.0000,0.0000,0.0000,0.0000,0.0000,-3.1315,-0.2124,-1.1094,0.0019,-0.0043,-0.0119
1774945407.8513,0.0000,0.0000,0.0000,0.0000,0.0000,-3.1311,-0.2122,0.6208,0.0029,-0.0033,-0.0098
1774945407.8713,0.0000,0.0000,0.0000,0.0000,0.0000,-3.1312,-0.2119,0.6970,0.0050,-0.0043,-0.0130
1774945407.8913,0.0000,0.0000,0.0000,0.0000,0.0000,-3.1314,-0.2122,0.3776,0.0019,-0.0033,-0.0119
1774945407.9113,0.0000,0.0000,0.0000,0.0000,0.0000,-3.1308,-0.2119,0.0000,0.0061,-0.0033,-0.0109
1774945407.9315,0.0000,0.0000,0.0000,0.0000,0.0000,-3.1319,-0.2120,-0.6516,0.0019,-0.0043,-0.0119
1774945407.9514,0.0000,0.0000,0.0000,0.0000,0.0000,-3.1311,-0.2120,1.0054,0.0050,-0.0033,-0.0109
1774945407.9714,0.0000,0.0000,0.0000,0.0000,0.0000,-3.1314,-0.2119,-0.0834,0.0040,-0.0033,-0.0109
1774945407.9914,0.0000,0.0000,0.0000,0.0000,0.0000,-3.1311,-0.2121,0.7255,0.0029,-0.0043,-0.0119
1774945408.0114,0.0000,0.0000,0.0000,0.0000,0.0000,-3.1296,-0.2120,0.0000,0.0061,-0.0033,-0.0109
1774945408.0315,0.0000,0.0000,0.0000,0.0000,0.0000,-3.1300,-0.2122,0.0000,0.0029,-0.0043,-0.0087
1774945408.0513,0.0000,0.0000,0.0000,0.0000,0.0000,-3.1306,-0.2122,1.3077,0.0029,-0.0033,-0.0119
1774945408.0715,0.0000,0.0000,0.0000,0.0000,0.0000,-3.1305,-0.2119,0.0000,0.0040,-0.0033,-0.0119
1774945408.0914,0.0000,0.0000,0.0000,0.0000,0.0000,-3.1304,-0.2121,0.6346,0.0019,-0.0043,-0.0098
1774945408.1114,0.0000,0.0000,0.0000,0.0000,0.0000,-3.1308,-0.2116,-1.1648,0.0061,-0.0033,-0.0130
1774945408.1314,0.0000,0.0000,0.0000,0.0000,0.0000,-3.1312,-0.2117,-0.3081,0.0008,-0.0022,-0.0098
1774945408.1513,0.0000,0.0000,0.0000,0.0000,0.0000,-3.1306,-0.2117,-0.3337,0.0040,-0.0033,-0.0109
1774945408.1713,0.0000,0.0000,0.0000,0.0000,0.0000,-3.1314,-0.2119,-1.0294,0.0050,-0.0043,-0.0130
1774945408.1913,0.0000,0.0000,0.0000,0.0000,0.0000,-3.1313,-0.2122,1.9037,0.0019,-0.0033,-0.0087
1774945408.2156,0.0000,0.0000,0.0000,0.0000,0.0000,-3.1314,-0.2121,-0.6204,0.0040,-0.0033,-0.0109
1774945408.2316,0.0000,0.0000,0.0000,0.0000,0.0000,-3.1315,-0.2121,1.4225,0.0029,-0.0043,-0.0109
1774945408.2514,0.0000,0.0000,0.0000,0.0000,0.0000,-3.1310,-0.2121,-0.2473,0.0072,-0.0043,-0.0130
1774945408.2712,0.0000,0.0000,0.0000,0.0000,0.0000,-3.1315,-0.2121,-0.8675,0.0029,-0.0043,-0.0109
1774945408.2913,0.0000,0.0000,0.0000,0.0000,0.0000,-3.1311,-0.2119,1.2928,0.0040,-0.0043,-0.0130
1774945408.3113,0.0000,0.0000,0.0000,0.0000,0.0000,-3.1311,-0.2119,-0.2588,0.0040,-0.0043,-0.0119
1774945408.3313,0.0000,0.0000,0.0000,0.0000,0.0000,-3.1312,-0.2120,0.7856,0.0050,-0.0033,-0.0119
1774945408.3513,0.0000,0.0000,0.0000,0.0000,0.0000,-3.1308,-0.2120,-0.7007,0.0050,-0.0043,-0.0119
1774945408.3714,0.0000,0.0000,0.0000,0.0000,0.0000,-3.1313,-0.2121,-0.7453,0.0029,-0.0043,-0.0109
1774945408.3914,0.0000,0.0000,0.0000,0.0000,0.0000,-3.1310,-0.2121,0.7751,0.0040,-0.0043,-0.0098
1774945408.4113,0.0000,0.0000,0.0000,0.0000,0.0000,-3.1316,-0.2123,-0.5597,0.0040,-0.0033,-0.0130
1774945408.4332,0.0000,0.0000,0.0000,0.0000,0.0000,-3.1314,-0.2122,0.0000,0.0061,-0.0043,-0.0130
1774945408.4513,0.0000,0.0000,0.0000,0.0000,0.0000,-3.1314,-0.2121,-0.2956,0.0050,-0.0033,-0.0119
1774945408.4713,0.0000,0.0000,0.0000,0.0000,0.0000,-3.1318,-0.2124,0.0951,0.0019,-0.0033,-0.0130
1774945408.4913,0.0000,0.0000,0.0000,0.0000,0.0000,-3.1311,-0.2121,-0.2537,0.0050,-0.0043,-0.0109
1774945408.5113,0.0000,0.0000,0.0000,0.0000,0.0000,-3.1319,-0.2123,-1.8428,0.0029,-0.0033,-0.0119
1774945408.5313,0.0000,0.0000,0.0000,0.0000,0.0000,-3.1308,-0.2122,0.9638,0.0029,-0.0043,-0.0109
1774945408.5514,0.0000,0.0000,0.0000,0.0000,0.0000,-3.1313,-0.2122,0.5225,0.0050,-0.0043,-0.0109
1774945408.5712,0.0000,0.0000,0.0000,0.0000,0.0000,-3.1317,-0.2123,0.7396,0.0040,-0.0043,-0.0130
1774945408.5913,0.0000,0.0000,0.0000,0.0000,0.0000,-3.1310,-0.2121,0.0841,0.0050,-0.0033,-0.0119
1774945408.6112,0.0000,0.0000,0.0000,0.0000,0.0000,-3.1319,-0.2124,-0.7065,0.0050,-0.0043,-0.0130
1774945408.6313,0.0000,0.0000,0.0000,0.0000,0.0000,-3.1314,-0.2121,-0.0852,0.0061,-0.0033,-0.0119
1774945408.6513,0.0000,0.0000,0.0000,0.0000,0.0000,-3.1317,-0.2121,-0.1313,0.0029,-0.0033,-0.0109
1774945408.6717,0.0000,0.0000,0.0000,0.0000,0.0000,-3.1312,-0.2122,0.5535,0.0040,-0.0033,-0.0130
1774945408.6913,0.0000,0.0000,0.0000,0.0000,0.0000,-3.1313,-0.2122,0.2056,0.0050,-0.0033,-0.0119
1774945408.7140,0.0000,0.0000,0.0000,0.0000,0.0000,-3.1319,-0.2122,0.5880,0.0008,-0.0022,-0.0109
1774945408.7313,0.0000,0.0000,0.0000,0.0000,0.0000,-3.1310,-0.2122,0.0457,0.0029,-0.0043,-0.0098
1774945408.7542,0.0000,0.0000,0.0000,0.0000,0.0000,-3.1316,-0.2122,-0.9982,0.0050,-0.0043,-0.0130
1774945408.7714,0.0000,0.0000,0.0000,0.0000,0.0000,-3.1312,-0.2119,0.6339,0.0040,-0.0043,-0.0109
1774945408.7915,0.0000,0.0000,0.0000,0.0000,0.0000,-3.1313,-0.2119,-0.0862,0.0040,-0.0022,-0.0119
1774945408.8112,0.0000,0.0000,0.0000,0.0000,0.0000,-3.1313,-0.2118,0.3486,0.0040,-0.0043,-0.0130
1774945408.8313,0.0000,0.0000,0.0000,0.0000,0.0000,-3.1310,-0.2119,-0.6705,0.0040,-0.0022,-0.0119
1774945408.8513,0.0000,0.0000,0.0000,0.0000,0.0000,-3.1317,-0.2119,-0.7446,0.0019,-0.0033,-0.0119
1774945408.8714,0.0000,0.0000,0.0000,0.0000,0.0000,-3.1311,-0.2120,0.9997,0.0050,-0.0043,-0.0130
1774945408.8914,0.0000,0.0000,0.0000,0.0000,0.0000,-3.1317,-0.2121,-0.5935,0.0040,-0.0043,-0.0119
1774945408.9114,0.0000,0.0000,0.0000,0.0000,0.0000,-3.1313,-0.2120,0.7177,0.0040,-0.0043,-0.0098
1774945408.9314,0.0000,0.0000,0.0000,0.0000,0.0000,-3.1313,-0.2119,-0.2112,0.0029,-0.0043,-0.0119
1774945408.9514,0.0000,0.0000,0.0000,0.0000,0.0000,-3.1314,-0.2119,0.3426,0.0029,-0.0043,-0.0119
1774945408.9713,0.0000,0.0000,0.0000,0.0000,0.0000,-3.1310,-0.2119,-0.6133,0.0050,-0.0033,-0.0119
1774945408.9914,0.0000,0.0000,0.0000,0.0000,0.0000,-3.1317,-0.2119,-1.5071,0.0040,-0.0043,-0.0119
1774945409.0118,0.0000,0.0000,0.0000,0.0000,0.0000,-3.1311,-0.2119,1.1301,0.0061,-0.0033,-0.0119
1774945409.0314,0.0000,0.0000,0.0000,0.0000,0.0000,-3.1318,-0.2120,0.1875,0.0029,-0.0033,-0.0119
1774945409.0514,0.0000,0.0000,0.0000,0.0000,0.0000,-3.1317,-0.2122,0.5215,0.0019,-0.0043,-0.0109
1774945409.0714,0.0000,0.0000,0.0000,0.0000,0.0000,-3.1315,-0.2121,-0.8859,0.0050,-0.0043,-0.0119
1774945409.0914,0.0000,0.0000,0.0000,0.0000,0.0000,-3.1320,-0.2122,-0.9921,0.0029,-0.0043,-0.0130
1774945409.1121,0.0000,0.0000,0.0000,0.0000,0.0000,-3.1311,-0.2121,0.9023,0.0061,-0.0043,-0.0119
1774945409.1315,0.0000,0.0000,0.0000,0.0000,0.0000,-3.1315,-0.2122,-0.6597,0.0040,-0.0054,-0.0109
1774945409.1513,0.0000,0.0000,0.0000,0.0000,0.0000,-3.1310,-0.2121,0.6168,0.0061,-0.0043,-0.0119
1774945409.1713,0.0000,0.0000,0.0000,0.0000,0.0000,-3.1313,-0.2121,0.1249,0.0061,-0.0043,-0.0130
1774945409.1913,0.0000,0.0000,0.0000,0.0000,0.0000,-3.1316,-0.2121,1.3776,0.0029,-0.0043,-0.0109
1774945409.2112,0.0000,0.0000,0.0000,0.0000,0.0000,-3.1308,-0.2121,0.3560,0.0040,-0.0033,-0.0098
1774945409.2314,0.0000,0.0000,0.0000,0.0000,0.0000,-3.1320,-0.2121,-1.1583,0.0029,-0.0033,-0.0130
1774945409.2513,0.0000,0.0000,0.0000,0.0000,0.0000,-3.1311,-0.2120,0.9989,0.0029,-0.0022,-0.0119
1774945409.2714,0.0000,0.0000,0.0000,0.0000,0.0000,-3.1314,-0.2119,0.8702,0.0050,-0.0033,-0.0109
1774945409.2914,0.0000,0.0000,0.0000,0.0000,0.0000,-3.1315,-0.2122,0.4954,0.0040,-0.0033,-0.0119
1774945409.3113,0.0000,0.0000,0.0000,0.0000,0.0000,-3.1309,-0.2121,-0.5044,0.0072,-0.0033,-0.0119
1774945409.3312,0.0000,0.0000,0.0000,0.0000,0.0000,-3.1317,-0.2121,-0.4446,0.0019,-0.0043,-0.0098
1774945409.3513,0.0000,0.0000,0.0000,0.0000,0.0000,-3.1312,-0.2120,0.3585,0.0061,-0.0033,-0.0130
1774945409.3712,0.0000,0.0000,0.0000,0.0000,0.0000,-3.1318,-0.2120,-0.9284,0.0040,-0.0043,-0.0109
1774945409.3912,0.0000,0.0000,0.0000,0.0000,0.0000,-3.1314,-0.2119,0.3698,0.0040,-0.0043,-0.0119
1774945409.4113,0.0000,0.0000,0.0000,0.0000,0.0000,-3.1313,-0.2119,-0.4615,0.0050,-0.0043,-0.0119
1774945409.4313,0.0000,0.0000,0.0000,0.0000,0.0000,-3.1317,-0.2119,0.8689,0.0040,-0.0043,-0.0130
1774945409.4513,0.0000,0.0000,0.0000,0.0000,0.0000,-3.1309,-0.2121,-0.5088,0.0050,-0.0043,-0.0109
1774945409.4714,0.0000,0.0000,0.0000,0.0000,0.0000,-3.1316,-0.2123,-1.3117,0.0029,-0.0043,-0.0109
1774945409.4913,0.0000,0.0000,0.0000,0.0000,0.0000,-3.1314,-0.2123,1.0605,0.0029,-0.0043,-0.0119
1774945409.5113,0.0000,0.0000,0.0000,0.0000,0.0000,-3.1316,-0.2121,0.3378,0.0040,-0.0043,-0.0109
1774945409.5314,0.0000,0.0000,0.0000,0.0000,0.0000,-3.1313,-0.2121,1.1793,0.0050,-0.0043,-0.0119
1774945409.5514,0.0000,0.0000,0.0000,0.0000,0.0000,-3.1312,-0.2122,-0.3813,0.0061,-0.0033,-0.0130
1774945409.5713,0.0000,0.0000,0.0000,0.0000,0.0000,-3.1320,-0.2122,-0.7741,0.0019,-0.0043,-0.0109
1774945409.5913,0.0000,0.0000,0.0000,0.0000,0.0000,-3.1313,-0.2121,1.0530,0.0040,-0.0033,-0.0119
1774945409.6121,0.0000,0.0000,0.0000,0.0000,0.0000,-3.1315,-0.2122,-0.5095,0.0029,-0.0043,-0.0109
1774945409.6313,0.0000,0.0000,0.0000,0.0000,0.0000,-3.1312,-0.2121,0.5118,0.0040,-0.0043,-0.0109
1774945409.6513,0.0000,0.0000,0.0000,0.0000,0.0000,-3.1315,-0.2121,0.0000,0.0040,-0.0043,-0.0119
1774945409.6714,0.0000,0.0000,0.0000,0.0000,0.0000,-3.1314,-0.2123,1.3851,0.0029,-0.0033,-0.0109
1774945409.6913,0.0000,0.0000,0.0000,0.0000,0.0000,-3.1307,-0.2122,0.3530,0.0050,-0.0033,-0.0119
1774945409.7113,0.0000,0.0000,0.0000,0.0000,0.0000,-3.1318,-0.2122,-2.1748,0.0029,-0.0033,-0.0109
1774945409.7313,0.0000,0.0000,0.0000,0.0000,0.0000,-3.1309,-0.2118,0.3186,0.0050,-0.0043,-0.0119
1774945409.7513,0.0000,0.0000,0.0000,0.0000,0.0000,-3.1313,-0.2119,-0.5016,0.0040,-0.0054,-0.0119
1774945409.7714,0.0000,0.0000,0.0000,0.0000,0.0000,-3.1314,-0.2119,-0.1709,0.0040,-0.0043,-0.0119
1774945409.7913,0.0000,0.0000,0.0000,0.0000,0.0000,-3.1310,-0.2119,-0.7530,0.0029,-0.0033,-0.0119
1774945409.8114,0.0000,0.0000,0.0000,0.0000,0.0000,-3.1315,-0.2120,0.0852,0.0029,-0.0043,-0.0119
1774945409.8312,0.0000,0.0000,0.0000,0.0000,0.0000,-3.1307,-0.2120,0.7036,0.0050,-0.0043,-0.0109
1774945409.8513,0.0000,0.0000,0.0000,0.0000,0.0000,-3.1315,-0.2119,-0.3446,0.0061,-0.0054,-0.0109
1774945409.8714,0.0000,0.0000,0.0000,0.0000,0.0000,-3.1310,-0.2120,0.6959,0.0040,-0.0043,-0.0119
1774945409.8922,0.0000,0.0000,0.0000,0.0000,0.0000,-3.1308,-0.2119,0.2987,0.0050,-0.0033,-0.0119
1774945409.9113,0.0000,0.0000,0.0000,0.0000,0.0000,-3.1315,-0.2121,0.0850,0.0029,-0.0043,-0.0119
1774945409.9314,0.0000,0.0000,0.0000,0.0000,0.0000,-3.1309,-0.2120,-0.3831,0.0072,-0.0033,-0.0130
1774945409.9513,0.0000,0.0000,0.0000,0.0000,0.0000,-3.1319,-0.2120,-1.8737,0.0008,-0.0043,-0.0098
1774945409.9715,0.0000,0.0000,0.0000,0.0000,0.0000,-3.1313,-0.2120,1.2345,0.0040,-0.0043,-0.0109
1774945409.9917,0.0000,0.0000,0.0000,0.0000,0.0000,-3.1316,-0.2120,0.3740,0.0040,-0.0043,-0.0119
1774945410.0114,0.0000,0.0000,0.0000,0.0000,0.0000,-3.1316,-0.2121,0.4687,0.0029,-0.0033,-0.0098
1774945410.0313,0.0000,0.0000,0.0000,0.0000,0.0000,-3.1312,-0.2122,-0.6001,0.0019,-0.0033,-0.0098
1774945410.0514,0.0000,0.0000,0.0000,0.0000,0.0000,-3.1318,-0.2122,-0.0427,0.0029,-0.0043,-0.0119
1774945410.0714,0.0000,0.0000,0.0000,0.0000,0.0000,-3.1311,-0.2123,0.7858,0.0061,-0.0043,-0.0109
1774945410.0914,0.0000,0.0000,0.0000,0.0000,0.0000,-3.1316,-0.2122,-0.5031,0.0019,-0.0043,-0.0109
1774945410.1113,0.0000,0.0000,0.0000,0.0000,0.0000,-3.1314,-0.2121,0.5101,0.0050,-0.0043,-0.0130
1774945410.1314,0.0000,0.0000,0.0000,0.0000,0.0000,-3.1312,-0.2122,0.3195,0.0050,-0.0022,-0.0119
1774945410.1513,0.0000,0.0000,0.0000,0.0000,0.0000,-3.1315,-0.2123,0.7467,0.0029,-0.0043,-0.0098
1774945410.1714,0.0000,0.0000,0.0000,0.0000,0.0000,-3.1309,-0.2123,-0.3363,0.0050,-0.0033,-0.0119
1774945410.1914,0.0000,0.0000,0.0000,0.0000,0.0000,-3.1317,-0.2124,-0.9047,0.0029,-0.0043,-0.0109
1774945410.2114,0.0000,0.0000,0.0000,0.0000,0.0000,-3.1312,-0.2122,0.9213,0.0040,-0.0043,-0.0098
1774945410.2314,0.0000,0.0000,0.0000,0.0000,0.0000,-3.1315,-0.2121,-0.3782,0.0040,-0.0033,-0.0119
1774945410.2513,0.0000,0.0000,0.0000,0.0000,0.0000,-3.1313,-0.2119,0.8008,0.0040,-0.0033,-0.0109
1774945410.2717,0.0000,0.0000,0.0000,0.0000,0.0000,-3.1311,-0.2119,-0.5586,0.0050,-0.0033,-0.0130
1774945410.2913,0.0000,0.0000,0.0000,0.0000,0.0000,-3.1317,-0.2122,-0.4658,0.0029,-0.0022,-0.0130
1774945410.3117,0.0000,0.0000,0.0000,0.0000,0.0000,-3.1311,-0.2121,0.5841,0.0061,-0.0043,-0.0119
1774945410.3313,0.0000,0.0000,0.0000,0.0000,0.0000,-3.1316,-0.2121,-1.3276,0.0040,-0.0033,-0.0119
1774945410.3514,0.0000,0.0000,0.0000,0.0000,0.0000,-3.1310,-0.2121,1.1284,0.0050,-0.0033,-0.0098
1774945410.3715,0.0000,0.0000,0.0000,0.0000,0.0000,-3.1313,-0.2121,0.0000,0.0040,-0.0033,-0.0098
1774945410.3916,0.0000,0.0000,0.0000,0.0000,0.0000,-3.1314,-0.2121,-0.6028,0.0008,-0.0033,-0.0109
1774945410.4113,0.0000,0.0000,0.0000,0.0000,0.0000,-3.1307,-0.2122,-0.7663,0.0072,-0.0054,-0.0109
1774945410.4315,0.0000,0.0000,0.0000,0.0000,0.0000,-3.1316,-0.2127,-1.3262,0.0019,-0.0033,-0.0119
1774945410.4514,0.0000,0.0000,0.0000,0.0000,0.0000,-3.1311,-0.2122,1.1573,0.0040,-0.0043,-0.0098
1774945410.4714,0.0000,0.0000,0.0000,0.0000,0.0000,-3.1314,-0.2121,-0.2077,0.0050,-0.0054,-0.0098
1774945410.4914,0.0000,0.0000,0.0000,0.0000,0.0000,-3.1312,-0.2119,-0.0833,0.0040,-0.0033,-0.0109
1774945410.5113,0.0000,0.0000,0.0000,0.0000,0.0000,-3.1306,-0.2118,-0.0854,0.0029,-0.0033,-0.0098
1774945410.5313,0.0000,0.0000,0.0000,0.0000,0.0000,-3.1314,-0.2123,-2.1312,0.0019,-0.0043,-0.0119
1774945410.5513,0.0000,0.0000,0.0000,0.0000,0.0000,-3.1309,-0.2122,1.4085,0.0040,-0.0054,-0.0109
1774945410.5713,0.0000,0.0000,0.0000,0.0000,0.0000,-3.1316,-0.2121,-0.8773,0.0029,-0.0043,-0.0098
1774945410.5912,0.0000,0.0000,0.0000,0.0000,0.0000,-3.1313,-0.2120,0.8748,0.0040,-0.0033,-0.0119
1774945410.6115,0.0000,0.0000,0.0000,0.0000,0.0000,-3.1312,-0.2121,0.0000,0.0019,-0.0043,-0.0098
1774945410.6315,0.0000,0.0000,0.0000,0.0000,0.0000,-3.1312,-0.2120,-0.4602,0.0019,-0.0043,-0.0098
1774945410.6515,0.0000,0.0000,0.0000,0.0000,0.0000,-3.1308,-0.2117,0.1367,0.0040,-0.0033,-0.0109
1774945410.6712,0.0000,0.0000,0.0000,0.0000,0.0000,-3.1317,-0.2117,-1.0814,0.0050,-0.0054,-0.0130
1774945410.6913,0.0000,0.0000,0.0000,0.0000,0.0000,-3.1315,-0.2117,1.4004,0.0019,-0.0054,-0.0130
1774945410.7112,0.0000,0.0000,0.0000,0.0000,0.0000,-3.1316,-0.2117,-0.1283,0.0050,-0.0022,-0.0109
1774945410.7313,0.0000,0.0000,0.0000,0.0000,0.0000,-3.1319,-0.2118,0.5565,0.0008,-0.0033,-0.0098
1774945410.7513,0.0000,0.0000,0.0000,0.0000,0.0000,-3.1317,-0.2120,-0.3715,0.0050,-0.0043,-0.0109
1774945410.7713,0.0000,0.0000,0.0000,0.0000,0.0000,-3.1322,-0.2122,-1.2751,0.0040,-0.0043,-0.0119
1774945410.7913,0.0000,0.0000,0.0000,0.0000,0.0000,-3.1321,-0.2123,1.2053,0.0050,-0.0043,-0.0109
1774945410.8113,0.0000,0.0000,0.0000,0.0000,0.0000,-3.1325,-0.2123,-0.8802,0.0061,-0.0033,-0.0119
1774945410.8313,0.0000,0.0000,0.0000,0.0000,0.0000,-3.1324,-0.2126,0.9343,0.0019,-0.0033,-0.0098
1774945410.8513,0.0000,0.0000,0.0000,0.0000,0.0000,-3.1323,-0.2125,-0.3730,0.0072,-0.0043,-0.0130
1774945410.8716,0.0000,0.0000,0.0000,0.0000,0.0000,-3.1330,-0.2124,0.0859,0.0019,-0.0043,-0.0109
1774945410.8913,0.0000,0.0000,0.0000,0.0000,0.0000,-3.1319,-0.2121,0.6287,0.0040,-0.0054,-0.0119
1774945410.9116,0.0000,0.0000,0.0000,0.0000,0.0000,-3.1320,-0.2121,-1.1635,0.0019,-0.0043,-0.0119
1774945410.9313,0.0000,0.0000,0.0000,0.0000,0.0000,-3.1318,-0.2121,0.0000,0.0061,-0.0043,-0.0119
1774945410.9513,0.0000,0.0000,0.0000,0.0000,0.0000,-3.1315,-0.2120,0.0853,0.0061,-0.0033,-0.0141
1774945410.9712,0.0000,0.0000,0.0000,0.0000,0.0000,-3.1317,-0.2121,0.8066,0.0019,-0.0022,-0.0119
1774945410.9913,0.0000,0.0000,0.0000,0.0000,0.0000,-3.1311,-0.2121,0.0888,0.0072,-0.0033,-0.0119
1774945411.0113,0.0000,0.0000,0.0000,0.0000,0.0000,-3.1318,-0.2122,-1.2910,0.0050,-0.0033,-0.0130
1774945411.0313,0.0000,0.0000,0.0000,0.0000,0.0000,-3.1311,-0.2121,1.0046,0.0061,-0.0043,-0.0119
1774945411.0513,0.0000,0.0000,0.0000,0.0000,0.0000,-3.1314,-0.2122,0.6591,0.0029,-0.0033,-0.0141
1774945411.0715,0.0000,0.0000,0.0000,0.0000,0.0000,-3.1315,-0.2123,0.7549,0.0029,-0.0033,-0.0098
1774945411.0912,0.0000,0.0000,0.0000,0.0000,0.0000,-3.1311,-0.2124,-0.7464,0.0050,-0.0043,-0.0109
1774945411.1112,0.0000,0.0000,0.0000,0.0000,0.0000,-3.1318,-0.2124,-1.4713,0.0029,-0.0022,-0.0109
1774945411.1314,0.0000,0.0000,0.0000,0.0000,0.0000,-3.1310,-0.2122,0.7216,0.0050,-0.0054,-0.0109
1774945411.1514,0.0000,0.0000,0.0000,0.0000,0.0000,-3.1316,-0.2121,0.2997,0.0050,-0.0054,-0.0130
1774945411.1720,0.0000,0.0000,0.0000,0.0000,0.0000,-3.1311,-0.2121,1.3535,0.0040,-0.0043,-0.0098
1774945411.1912,0.0000,0.0000,0.0000,0.0000,0.0000,-3.1309,-0.2119,0.3425,0.0050,-0.0043,-0.0098
1774945411.2113,0.0000,0.0000,0.0000,0.0000,0.0000,-3.1315,-0.2122,0.0845,0.0040,-0.0043,-0.0130
1774945411.2321,0.0000,0.0000,0.0000,0.0000,0.0000,-3.1306,-0.2120,-0.3091,0.0072,-0.0043,-0.0119
1774945411.2512,0.0000,0.0000,0.0000,0.0000,0.0000,-3.1318,-0.2120,-1.9113,0.0019,-0.0043,-0.0130
1774945411.2713,0.0000,0.0000,0.0000,0.0000,0.0000,-3.1310,-0.2120,0.1697,0.0050,-0.0033,-0.0119
1774945411.2914,0.0000,0.0000,0.0000,0.0000,0.0000,-3.1311,-0.2117,0.1810,0.0029,-0.0043,-0.0119
1774945411.3116,0.0000,0.0000,0.0000,0.0000,0.0000,-3.1309,-0.2119,1.6355,0.0050,-0.0033,-0.0109
1774945411.3313,0.0000,0.0000,0.0000,0.0000,0.0000,-3.1311,-0.2123,0.4025,0.0050,-0.0043,-0.0109
1774945411.3514,0.0000,0.0000,0.0000,0.0000,0.0000,-3.1315,-0.2126,-1.5105,0.0029,-0.0043,-0.0109
1774945411.3712,0.0000,0.0000,0.0000,0.0000,0.0000,-3.1306,-0.2122,1.1820,0.0050,-0.0022,-0.0109
1774945411.3915,0.0000,0.0000,0.0000,0.0000,0.0000,-3.1314,-0.2119,0.0000,0.0050,-0.0054,-0.0130
1774945411.4112,0.0000,0.0000,0.0000,0.0000,0.0000,-3.1308,-0.2122,-0.4463,0.0019,-0.0043,-0.0087
1774945411.4313,0.0000,0.0000,0.0000,0.0000,0.0000,-3.1304,-0.2119,0.7870,0.0061,-0.0033,-0.0130
1774945411.4512,0.0000,0.0000,0.0000,0.0000,0.0000,-3.1308,-0.2121,0.5091,0.0019,-0.0043,-0.0098
1774945411.4713,0.0000,0.0000,0.0000,0.0000,0.0000,-3.1302,-0.2122,1.0038,0.0061,-0.0043,-0.0109
1774945411.4912,0.0000,0.0000,0.0000,0.0000,0.0000,-3.1310,-0.2123,-0.1751,0.0050,-0.0043,-0.0119
1774945411.5114,0.0000,0.0000,0.0000,0.0000,0.0000,-3.1307,-0.2121,1.5180,0.0040,-0.0043,-0.0109
1774945411.5313,0.0000,0.0000,0.0000,0.0000,0.0000,-3.1315,-0.2121,0.2184,0.0050,-0.0054,-0.0119
1774945411.5512,0.0000,0.0000,0.0000,0.0000,0.0000,-3.1318,-0.2122,-0.3857,0.0008,-0.0033,-0.0098
1774945411.5713,0.0000,0.0000,0.0000,0.0000,0.0000,-3.1318,-0.2120,-1.8506,0.0050,-0.0043,-0.0119
1774945411.5913,0.0000,0.0000,0.0000,0.0000,0.0000,-3.1318,-0.2122,-1.5536,0.0029,-0.0043,-0.0119
1774945411.6122,0.0000,0.0000,0.0000,0.0000,0.0000,-3.1311,-0.2119,-1.2303,0.0050,-0.0033,-0.0119
1774945411.6314,0.0000,0.0000,0.0000,0.0000,0.0000,-3.1314,-0.2120,-0.1716,0.0019,-0.0043,-0.0119
1774945411.6513,0.0000,0.0000,0.0000,0.0000,0.0000,-3.1314,-0.2120,0.5466,0.0029,-0.0043,-0.0119
1774945411.6714,0.0000,0.0000,0.0000,0.0000,0.0000,-3.1312,-0.2119,0.5080,0.0040,-0.0043,-0.0130
1774945411.6913,0.0000,0.0000,0.0000,0.0000,0.0000,-3.1318,-0.2121,-0.1233,0.0029,-0.0043,-0.0098
1774945411.7112,0.0000,0.0000,0.0000,0.0000,0.0000,-3.1313,-0.2121,-0.2471,0.0050,-0.0022,-0.0119
1774945411.7312,0.0000,0.0000,0.0000,0.0000,0.0000,-3.1319,-0.2123,-1.1212,-0.0003,-0.0033,-0.0109
1774945411.7512,0.0000,0.0000,0.0000,0.0000,0.0000,-3.1312,-0.2123,0.7687,0.0040,-0.0043,-0.0119
1774945411.7712,0.0000,0.0000,0.0000,0.0000,0.0000,-3.1316,-0.2121,-0.5089,0.0029,-0.0033,-0.0119
1774945411.7913,0.0000,0.0000,0.0000,0.0000,0.0000,-3.1314,-0.2122,1.0851,0.0019,-0.0022,-0.0098
1774945411.8113,0.0000,0.0000,0.0000,0.0000,0.0000,-3.1311,-0.2122,-0.6745,0.0040,-0.0033,-0.0109
1774945411.8313,0.0000,0.0000,0.0000,0.0000,0.0000,-3.1320,-0.2124,-0.6199,0.0029,-0.0043,-0.0119
1774945411.8513,0.0000,0.0000,0.0000,0.0000,0.0000,-3.1312,-0.2122,1.5382,0.0029,-0.0043,-0.0098
1774945411.8713,0.0000,0.0000,0.0000,0.0000,0.0000,-3.1316,-0.2123,-1.1466,0.0029,-0.0043,-0.0109
1774945411.8914,0.0000,0.0000,0.0000,0.0000,0.0000,-3.1313,-0.2121,0.0000,0.0040,-0.0033,-0.0119
1774945411.9114,0.0000,0.0000,0.0000,0.0000,0.0000,-3.1315,-0.2121,0.8380,0.0050,-0.0043,-0.0130
1774945411.9312,0.0000,0.0000,0.0000,0.0000,0.0000,-3.1320,-0.2122,-0.2188,0.0019,-0.0043,-0.0109
1774945411.9514,0.0000,0.0000,0.0000,0.0000,0.0000,-3.1310,-0.2123,0.0452,0.0061,-0.0033,-0.0109
1774945411.9713,0.0000,0.0000,0.0000,0.0000,0.0000,-3.1321,-0.2123,-0.9180,0.0040,-0.0043,-0.0130
1774945411.9913,0.0000,0.0000,0.0000,0.0000,0.0000,-3.1314,-0.2122,0.9493,0.0061,-0.0054,-0.0119
1774945412.0113,0.0000,0.0000,0.0000,0.0000,0.0000,-3.1314,-0.2120,0.6365,0.0050,-0.0054,-0.0130
1774945412.0313,0.0000,0.0000,0.0000,0.0000,0.0000,-3.1317,-0.2120,0.6805,0.0019,-0.0043,-0.0119
1774945412.0513,0.0000,0.0000,0.0000,0.0000,0.0000,-3.1310,-0.2120,-1.0693,0.0061,-0.0022,-0.0130
1774945412.0717,0.0000,0.0000,0.0000,0.0000,0.0000,-3.1316,-0.2122,-0.4979,0.0019,-0.0033,-0.0109
1774945412.0913,0.0000,0.0000,0.0000,0.0000,0.0000,-3.1310,-0.2122,0.8142,0.0061,-0.0043,-0.0119
1774945412.1113,0.0000,0.0000,0.0000,0.0000,0.0000,-3.1316,-0.2123,-0.2498,0.0050,-0.0033,-0.0119
1774945412.1313,0.0000,0.0000,0.0000,0.0000,0.0000,-3.1313,-0.2122,0.2599,0.0050,-0.0043,-0.0109
1774945412.1513,0.0000,0.0000,0.0000,0.0000,0.0000,-3.1311,-0.2119,-0.0427,0.0040,-0.0033,-0.0109
1774945412.1712,0.0000,0.0000,0.0000,0.0000,0.0000,-3.1315,-0.2121,0.6766,0.0040,-0.0043,-0.0119
1774945412.1913,0.0000,0.0000,0.0000,0.0000,0.0000,-3.1310,-0.2120,0.3562,0.0061,-0.0022,-0.0119
1774945412.2115,0.0000,0.0000,0.0000,0.0000,0.0000,-3.1316,-0.2120,-0.4702,0.0029,-0.0043,-0.0119
1774945412.2313,0.0000,0.0000,0.0000,0.0000,0.0000,-3.1315,-0.2119,1.0922,0.0040,-0.0043,-0.0119
1774945412.2513,0.0000,0.0000,0.0000,0.0000,0.0000,-3.1318,-0.2120,0.0443,0.0029,-0.0022,-0.0130
1774945412.2713,0.0000,0.0000,0.0000,0.0000,0.0000,-3.1318,-0.2119,-0.2160,0.0019,-0.0033,-0.0119
1774945412.2913,0.0000,0.0000,0.0000,0.0000,0.0000,-3.1309,-0.2120,-0.4888,0.0050,-0.0043,-0.0109
1774945412.3113,0.0000,0.0000,0.0000,0.0000,0.0000,-3.1318,-0.2122,0.3328,0.0029,-0.0033,-0.0119
1774945412.3313,0.0000,0.0000,0.0000,0.0000,0.0000,-3.1312,-0.2119,-0.3199,0.0040,-0.0054,-0.0109
1774945412.3513,0.0000,0.0000,0.0000,0.0000,0.0000,-3.1316,-0.2119,-1.9691,0.0050,-0.0043,-0.0119
1774945412.3714,0.0000,0.0000,0.0000,0.0000,0.0000,-3.1314,-0.2117,0.2882,0.0040,-0.0043,-0.0109
1774945412.3913,0.0000,0.0000,0.0000,0.0000,0.0000,-3.1312,-0.2118,-0.2132,0.0050,-0.0043,-0.0130
1774945412.4115,0.0000,0.0000,0.0000,0.0000,0.0000,-3.1316,-0.2120,0.1694,0.0029,-0.0022,-0.0098
1774945412.4313,0.0000,0.0000,0.0000,0.0000,0.0000,-3.1307,-0.2119,0.2192,0.0072,-0.0043,-0.0109
1774945412.4513,0.0000,0.0000,0.0000,0.0000,0.0000,-3.1311,-0.2122,-1.4850,0.0029,-0.0033,-0.0109
1774945412.4713,0.0000,0.0000,0.0000,0.0000,0.0000,-3.1307,-0.2120,1.1621,0.0061,-0.0054,-0.0119
1774945412.4912,0.0000,0.0000,0.0000,0.0000,0.0000,-3.1314,-0.2119,0.1371,0.0050,-0.0043,-0.0119
1774945412.5119,0.0000,0.0000,0.0000,0.0000,0.0000,-3.1314,-0.2121,-0.1275,0.0029,-0.0033,-0.0087
1774945412.5319,0.0000,0.0000,0.0000,0.0000,0.0000,-3.1312,-0.2118,-1.0596,0.0050,-0.0043,-0.0098
1774945412.5513,0.0000,0.0000,0.0000,0.0000,0.0000,-3.1315,-0.2120,1.3333,0.0019,-0.0043,-0.0119
1774945412.5712,0.0000,0.0000,0.0000,0.0000,0.0000,-3.1307,-0.2120,0.7224,0.0050,-0.0033,-0.0098
1774945412.5912,0.0000,0.0000,0.0000,0.0000,0.0000,-3.1313,-0.2122,-0.5927,0.0050,-0.0054,-0.0119
1774945412.6112,0.0000,0.0000,0.0000,0.0000,0.0000,-3.1311,-0.2121,0.3349,0.0029,-0.0043,-0.0109
1774945412.6313,0.0000,0.0000,0.0000,0.0000,0.0000,-3.1316,-0.2120,-0.3834,0.0040,-0.0033,-0.0141
1774945412.6513,0.0000,0.0000,0.0000,0.0000,0.0000,-3.1315,-0.2123,0.7201,0.0029,-0.0043,-0.0109
1774945412.6712,0.0000,0.0000,0.0000,0.0000,0.0000,-3.1307,-0.2123,-0.0426,0.0061,-0.0033,-0.0130
1774945412.6913,0.0000,0.0000,0.0000,0.0000,0.0000,-3.1309,-0.2122,-1.8620,0.0019,-0.0043,-0.0141
1774945412.7113,0.0000,0.0000,0.0000,0.0000,0.0000,-3.1302,-0.2119,-0.6690,0.0019,-0.0043,-0.0098
1774945412.7313,0.0000,0.0000,0.0000,0.0000,0.0000,-3.1302,-0.2118,-2.1089,0.0040,-0.0043,-0.0119
1774945412.7513,0.0000,0.0000,0.0000,0.0000,0.0000,-3.1299,-0.2118,-1.0827,0.0029,-0.0033,-0.0109
1774945412.7737,0.0000,0.0000,0.0000,0.0000,0.0000,-3.1295,-0.2119,-0.0438,0.0050,-0.0033,-0.0109
1774945412.7913,0.0000,0.0000,0.0000,0.0000,0.0000,-3.1311,-0.2118,-3.0965,0.0040,-0.0043,-0.0109
1774945412.8115,0.0000,0.0000,0.0000,0.0000,0.0000,-3.1306,-0.2120,-0.7510,0.0040,-0.0022,-0.0098
1774945412.8313,0.0000,0.0000,0.0000,0.0000,0.0000,-3.1301,-0.2123,0.6563,0.0029,-0.0043,-0.0098
1774945412.8513,0.0000,0.0000,0.0000,0.0000,0.0000,-3.1302,-0.2120,0.3967,0.0029,-0.0043,-0.0109
1774945412.8712,0.0000,0.0000,0.0000,0.0000,0.0000,-3.1303,-0.2121,0.3445,0.0029,-0.0022,-0.0130
1774945412.8914,0.0000,0.0000,0.0000,0.0000,0.0000,-3.1304,-0.2121,0.9514,0.0008,-0.0043,-0.0109
1774945412.9114,0.0000,0.0000,0.0000,0.0000,0.0000,-3.1308,-0.2119,-2.0422,0.0050,-0.0043,-0.0109
1774945412.9313,0.0000,0.0000,0.0000,0.0000,0.0000,-3.1317,-0.2119,-2.5786,0.0040,-0.0043,-0.0119
1774945412.9513,0.0000,0.0000,0.0000,0.0000,0.0000,-3.1310,-0.2119,0.3777,0.0050,-0.0054,-0.0119
1774945412.9714,0.0000,0.0000,0.0000,0.0000,0.0000,-3.1308,-0.2119,0.0000,0.0061,-0.0065,-0.0141
1774945412.9918,0.0000,0.0000,0.0000,0.0000,0.0000,-3.1302,-0.2120,0.6790,0.0019,-0.0033,-0.0098
1774945413.0113,0.0000,0.0000,0.0000,0.0000,0.0000,-3.1301,-0.2119,-0.2081,0.0040,-0.0022,-0.0109
1774945413.0314,0.0000,0.0000,0.0000,0.0000,0.0000,-3.1309,-0.2121,0.0000,0.0050,-0.0054,-0.0109
1774945413.0514,0.0000,0.0000,0.0000,0.0000,0.0000,-3.1303,-0.2122,1.3208,0.0082,-0.0054,-0.0119
1774945413.0715,0.0000,0.0000,0.0000,0.0000,0.0000,-3.1312,-0.2123,0.2840,0.0019,-0.0033,-0.0119
1774945413.0918,0.0000,0.0000,0.0000,0.0000,0.0000,-3.1314,-0.2122,0.0438,0.0040,-0.0033,-0.0098
1774945413.1126,0.0000,0.0000,0.0000,0.0000,0.0000,-3.1316,-0.2122,0.3476,0.0019,-0.0054,-0.0109
1774945413.1313,0.0000,0.0000,0.0000,0.0000,0.0000,-3.1318,-0.2120,-1.2460,0.0019,-0.0033,-0.0119
1774945413.1513,0.0000,0.0000,0.0000,0.0000,0.0000,-3.1302,-0.2120,0.2165,0.0040,-0.0043,-0.0119
1774945413.1713,0.0000,0.0000,0.0000,0.0000,0.0000,-3.1310,-0.2123,-1.4848,0.0040,-0.0043,-0.0109
1774945413.1917,0.0000,0.0000,0.0000,0.0000,0.0000,-3.1306,-0.2120,1.4361,0.0040,-0.0033,-0.0119
1774945413.2138,0.0000,0.0000,0.0000,0.0000,0.0000,-3.1312,-0.2120,-0.8137,0.0019,-0.0043,-0.0109
1774945413.2312,0.0000,0.0000,0.0000,0.0000,0.0000,-3.1313,-0.2120,0.0469,0.0029,-0.0043,-0.0098
1774945413.2512,0.0000,0.0000,0.0000,0.0000,0.0000,-3.1305,-0.2119,-0.1279,0.0050,-0.0043,-0.0098
1774945413.2712,0.0000,0.0000,0.0000,0.0000,0.0000,-3.1312,-0.2122,-1.1309,0.0040,-0.0054,-0.0130
1774945413.2912,0.0000,0.0000,0.0000,0.0000,0.0000,-3.1311,-0.2120,1.1660,0.0019,-0.0043,-0.0109
1774945413.3112,0.0000,0.0000,0.0000,0.0000,0.0000,-3.1312,-0.2118,-0.2898,0.0040,-0.0043,-0.0119
1774945413.3313,0.0000,0.0000,0.0000,0.0000,0.0000,-3.1312,-0.2117,1.2367,0.0040,-0.0033,-0.0119
1774945413.3512,0.0000,0.0000,0.0000,0.0000,0.0000,-3.1309,-0.2117,-0.1311,0.0061,-0.0033,-0.0119
1774945413.3762,0.0000,0.0000,0.0000,0.0000,0.0000,-3.1306,-0.2118,0.0000,0.0061,-0.0033,-0.0119
1774945413.3913,0.0000,0.0000,0.0000,0.0000,0.0000,-3.1312,-0.2120,0.7153,0.0061,-0.0043,-0.0098
1774945413.4115,0.0000,0.0000,0.0000,0.0000,0.0000,-3.1318,-0.2121,0.0000,0.0019,-0.0043,-0.0109
1774945413.4313,0.0000,0.0000,0.0000,0.0000,0.0000,-3.1312,-0.2120,1.1489,0.0029,-0.0043,-0.0119
1774945413.4515,0.0000,0.0000,0.0000,0.0000,0.0000,-3.1311,-0.2120,-0.0833,0.0040,-0.0033,-0.0109
1774945413.4713,0.0000,0.0000,0.0000,0.0000,0.0000,-3.1317,-0.2122,0.3602,0.0019,-0.0043,-0.0109
1774945413.4913,0.0000,0.0000,0.0000,0.0000,0.0000,-3.1310,-0.2121,-0.6629,0.0061,-0.0033,-0.0109
1774945413.5112,0.0000,0.0000,0.0000,0.0000,0.0000,-3.1315,-0.2121,-0.8478,0.0050,-0.0033,-0.0119
1774945413.5312,0.0000,0.0000,0.0000,0.0000,0.0000,-3.1314,-0.2122,0.6378,0.0040,-0.0043,-0.0130
1774945413.5512,0.0000,0.0000,0.0000,0.0000,0.0000,-3.1314,-0.2121,0.4758,0.0050,-0.0033,-0.0119
1774945413.5716,0.0000,0.0000,0.0000,0.0000,0.0000,-3.1316,-0.2122,0.3068,0.0029,-0.0043,-0.0119
1774945413.5912,0.0000,0.0000,0.0000,0.0000,0.0000,-3.1309,-0.2123,-1.2003,0.0061,-0.0033,-0.0119
1774945413.6112,0.0000,0.0000,0.0000,0.0000,0.0000,-3.1318,-0.2122,-0.6564,0.0019,-0.0033,-0.0119
1774945413.6313,0.0000,0.0000,0.0000,0.0000,0.0000,-3.1310,-0.2122,1.6654,0.0050,-0.0043,-0.0109
1774945413.6512,0.0000,0.0000,0.0000,0.0000,0.0000,-3.1311,-0.2122,0.4682,0.0040,-0.0043,-0.0109
1774945413.6712,0.0000,0.0000,0.0000,0.0000,0.0000,-3.1312,-0.2123,1.1560,0.0050,-0.0043,-0.0119
1774945413.6913,0.0000,0.0000,0.0000,0.0000,0.0000,-3.1314,-0.2121,-0.4573,0.0050,-0.0033,-0.0119
1774945413.7114,0.0000,0.0000,0.0000,0.0000,0.0000,-3.1317,-0.2121,-0.3414,0.0029,-0.0022,-0.0119
1774945413.7362,0.0000,0.0000,0.0000,0.0000,0.0000,-3.1311,-0.2121,-0.7490,0.0029,-0.0043,-0.0098
1774945413.7530,0.0000,0.0000,0.0000,0.0000,0.0000,-3.1318,-0.2124,-1.2221,0.0029,-0.0054,-0.0109
1774945413.7713,0.0000,0.0000,0.0000,0.0000,0.0000,-3.1314,-0.2121,0.4274,0.0061,-0.0054,-0.0109
1774945413.7912,0.0000,0.0000,0.0000,0.0000,0.0000,-3.1316,-0.2122,0.0426,0.0040,-0.0022,-0.0130
1774945413.8113,0.0000,0.0000,0.0000,0.0000,0.0000,-3.1316,-0.2122,0.8012,0.0040,-0.0043,-0.0109
1774945413.8313,0.0000,0.0000,0.0000,0.0000,0.0000,-3.1311,-0.2120,-0.5856,0.0050,-0.0043,-0.0109
1774945413.8513,0.0000,0.0000,0.0000,0.0000,0.0000,-3.1319,-0.2122,-0.8458,0.0008,-0.0043,-0.0119
1774945413.8712,0.0000,0.0000,0.0000,0.0000,0.0000,-3.1310,-0.2122,1.4387,0.0050,-0.0033,-0.0119
1774945413.8917,0.0000,0.0000,0.0000,0.0000,0.0000,-3.1317,-0.2121,0.1674,0.0050,-0.0043,-0.0141
1774945413.9112,0.0000,0.0000,0.0000,0.0000,0.0000,-3.1314,-0.2122,0.8629,0.0040,-0.0043,-0.0119
1774945413.9326,0.0000,0.0000,0.0000,0.0000,0.0000,-3.1312,-0.2120,-0.1287,0.0061,-0.0054,-0.0119
1774945413.9516,0.0000,0.0000,0.0000,0.0000,0.0000,-3.1318,-0.2123,-0.5034,0.0019,-0.0054,-0.0098
1774945413.9713,0.0000,0.0000,0.0000,0.0000,0.0000,-3.1306,-0.2122,0.5171,0.0072,-0.0033,-0.0119
1774945413.9913,0.0000,0.0000,0.0000,0.0000,0.0000,-3.1317,-0.2122,-0.5134,0.0019,-0.0043,-0.0119
1774945414.0113,0.0000,0.0000,0.0000,0.0000,0.0000,-3.1311,-0.2121,0.8452,0.0029,-0.0033,-0.0109
1774945414.0313,0.0000,0.0000,0.0000,0.0000,0.0000,-3.1311,-0.2120,0.6434,0.0040,-0.0033,-0.0119
1774945414.0513,0.0000,0.0000,0.0000,0.0000,0.0000,-3.1315,-0.2121,0.5652,0.0040,-0.0033,-0.0098
1774945414.0713,0.0000,0.0000,0.0000,0.0000,0.0000,-3.1309,-0.2122,-0.8318,0.0061,-0.0033,-0.0098
1774945414.0913,0.0000,0.0000,0.0000,0.0000,0.0000,-3.1317,-0.2123,-0.9303,0.0029,-0.0022,-0.0109
1774945414.1114,0.0000,0.0000,0.0000,0.0000,0.0000,-3.1309,-0.2122,0.7489,0.0072,-0.0043,-0.0119
1774945414.1315,0.0000,0.0000,0.0000,0.0000,0.0000,-3.1313,-0.2122,-0.2677,0.0050,-0.0043,-0.0109
1774945414.1513,0.0000,0.0000,0.0000,0.0000,0.0000,-3.1312,-0.2120,0.4272,0.0050,-0.0033,-0.0109
1774945414.1713,0.0000,0.0000,0.0000,0.0000,0.0000,-3.1310,-0.2119,-0.5537,0.0050,-0.0022,-0.0119
1774945414.1913,0.0000,0.0000,0.0000,0.0000,0.0000,-3.1315,-0.2122,0.0849,0.0029,-0.0033,-0.0109
1774945414.2122,0.0000,0.0000,0.0000,0.0000,0.0000,-3.1310,-0.2122,-1.0151,0.0050,-0.0022,-0.0119
1774945414.2315,0.0000,0.0000,0.0000,0.0000,0.0000,-3.1314,-0.2121,-1.4256,0.0029,-0.0033,-0.0119
1774945414.2512,0.0000,0.0000,0.0000,0.0000,0.0000,-3.1309,-0.2121,0.7278,0.0040,-0.0043,-0.0130
1774945414.2714,0.0000,0.0000,0.0000,0.0000,0.0000,-3.1310,-0.2120,0.1660,0.0040,-0.0033,-0.0109
1774945414.2912,0.0000,0.0000,0.0000,0.0000,0.0000,-3.1311,-0.2121,0.2895,0.0029,-0.0043,-0.0098
1774945414.3112,0.0000,0.0000,0.0000,0.0000,0.0000,-3.1311,-0.2122,-0.8553,0.0061,-0.0033,-0.0130
1774945414.3313,0.0000,0.0000,0.0000,0.0000,0.0000,-3.1317,-0.2120,-0.5940,0.0029,-0.0033,-0.0119
1774945414.3520,0.0000,0.0000,0.0000,0.0000,0.0000,-3.1308,-0.2119,1.2554,0.0072,-0.0043,-0.0119
1774945414.3713,0.0000,0.0000,0.0000,0.0000,0.0000,-3.1311,-0.2115,-0.9960,-0.0003,-0.0097,-0.0141
1774945414.3912,0.0000,0.0000,0.0000,0.0000,0.0000,-3.1295,-0.2130,1.8490,0.0019,-0.0054,-0.0130
1774945414.4113,0.0000,0.0000,0.0000,0.0000,0.0000,-3.1285,-0.2139,-0.5321,0.0050,-0.0012,-0.0109
1774945414.4314,0.0000,0.0000,0.0000,0.0000,0.0000,-3.1296,-0.2129,-0.5227,-0.0024,-0.0033,-0.0130
1774945414.4514,0.0000,0.0000,0.0000,0.0000,0.0000,-3.1303,-0.2123,-0.5983,0.0008,-0.0075,-0.0130
1774945414.4722,0.0000,0.0000,0.0000,0.0000,0.0000,-3.1324,-0.2122,-1.3401,0.0040,-0.0043,-0.0098
1774945414.4912,0.0000,0.0000,0.0000,0.0000,0.0000,-3.1340,-0.2117,2.0420,0.0050,-0.0022,-0.0109
1774945414.5120,0.0000,0.0000,0.0000,0.0000,0.0000,-3.1345,-0.2110,1.1872,0.0029,-0.0043,-0.0098
1774945414.5324,0.0000,0.0000,0.0000,0.0000,0.0000,-3.1330,-0.2111,0.8459,0.0061,-0.0054,-0.0109
1774945414.5514,0.0000,0.0000,0.0000,0.0000,0.0000,-3.1309,-0.2115,-0.6014,0.0050,-0.0033,-0.0119
1774945414.5715,0.0000,0.0000,0.0000,0.0000,0.0000,-3.1302,-0.2114,-1.2255,0.0019,-0.0043,-0.0130
1774945414.5913,0.0000,0.0000,0.0000,0.0000,0.0000,-3.1286,-0.2114,0.3290,0.0040,-0.0043,-0.0119
1774945414.6113,0.0000,0.0000,0.0000,0.0000,0.0000,-3.1291,-0.2116,-0.5686,0.0061,-0.0043,-0.0109
1774945414.6313,0.0000,0.0000,0.0000,0.0000,0.0000,-3.1292,-0.2118,0.4267,0.0029,-0.0043,-0.0109
1774945414.6512,0.0000,0.0000,0.0000,0.0000,0.0000,-3.1301,-0.2117,-1.5435,0.0050,-0.0043,-0.0119
1774945414.6713,0.0000,0.0000,0.0000,0.0000,0.0000,-3.1316,-0.2120,0.5068,0.0029,-0.0033,-0.0119
1774945414.6913,0.0000,0.0000,0.0000,0.0000,0.0000,-3.1320,-0.2122,0.0000,0.0050,-0.0033,-0.0130
1774945414.7114,0.0000,0.0000,0.0000,0.0000,0.0000,-3.1335,-0.2122,-2.1160,0.0019,-0.0043,-0.0109
1774945414.7346,0.0000,0.0000,0.0000,0.0000,0.0000,-3.1332,-0.2122,0.2692,0.0082,-0.0033,-0.0098
1774945414.7513,0.0000,0.0000,0.0000,0.0000,0.0000,-3.1327,-0.2123,0.7620,0.0050,-0.0033,-0.0109
1774945414.7713,0.0000,0.0000,0.0000,0.0000,0.0000,-3.1317,-0.2124,0.1721,0.0061,-0.0022,-0.0119
1774945414.7912,0.0000,0.0000,0.0000,0.0000,0.0000,-3.1302,-0.2122,-0.6537,0.0082,-0.0033,-0.0109
1774945414.8112,0.0000,0.0000,0.0000,0.0000,0.0000,-3.1303,-0.2121,-0.5110,0.0050,-0.0043,-0.0109
1774945414.8313,0.0000,0.0000,0.0000,0.0000,0.0000,-3.1297,-0.2119,0.4499,0.0029,-0.0022,-0.0119
1774945414.8512,0.0000,0.0000,0.0000,0.0000,0.0000,-3.1305,-0.2119,-0.5976,0.0040,-0.0033,-0.0119
1774945414.8712,0.0000,0.0000,0.0000,0.0000,0.0000,-3.1310,-0.2119,-0.2529,0.0050,-0.0043,-0.0119
1774945414.8989,0.0000,0.0000,0.0000,0.0000,0.0000,-3.1315,-0.2117,-0.5130,0.0029,-0.0043,-0.0098
1774945414.9115,0.0000,0.0000,0.0000,0.0000,0.0000,-3.1320,-0.2119,0.4044,0.0040,-0.0043,-0.0109
1774945414.9313,0.0000,0.0000,0.0000,0.0000,0.0000,-3.1318,-0.2119,0.0833,0.0061,-0.0033,-0.0119
1774945414.9524,0.0000,0.0000,0.0000,0.0000,0.0000,-3.1320,-0.2123,-0.9677,0.0029,-0.0033,-0.0109
1774945414.9713,0.0000,0.0000,0.0000,0.0000,0.0000,-3.1311,-0.2121,0.7988,0.0050,-0.0043,-0.0119
1774945414.9926,0.0000,0.0000,0.0000,0.0000,0.0000,-3.1306,-0.2120,-0.0877,0.0072,-0.0043,-0.0119
1774945415.0112,0.0000,0.0000,0.0000,0.0000,0.0000,-3.1302,-0.2120,0.2297,0.0029,-0.0043,-0.0098
1774945415.0312,0.0000,0.0000,0.0000,0.0000,0.0000,-3.1296,-0.2117,-1.6306,0.0050,-0.0033,-0.0119
1774945415.0513,0.0000,0.0000,0.0000,0.0000,0.0000,-3.1305,-0.2121,-1.3336,0.0019,-0.0043,-0.0109
1774945415.0712,0.0000,0.0000,0.0000,0.0000,0.0000,-3.1303,-0.2119,0.3854,0.0040,-0.0043,-0.0109
1774945415.0913,0.0000,0.0000,0.0000,0.0000,0.0000,-3.1315,-0.2120,-0.9792,0.0040,-0.0043,-0.0119
1774945415.1112,0.0000,0.0000,0.0000,0.0000,0.0000,-3.1314,-0.2121,0.6423,0.0040,-0.0033,-0.0119
1774945415.1313,0.0000,0.0000,0.0000,0.0000,0.0000,-3.1315,-0.2122,-0.0442,0.0050,-0.0022,-0.0119
1774945415.1512,0.0000,0.0000,0.0000,0.0000,0.0000,-3.1321,-0.2122,-0.1271,0.0019,-0.0033,-0.0119
1774945415.1713,0.0000,0.0000,0.0000,0.0000,0.0000,-3.1307,-0.2122,-0.5945,0.0040,-0.0033,-0.0098
1774945415.1912,0.0000,0.0000,0.0000,0.0000,0.0000,-3.1309,-0.2121,-1.9184,0.0040,-0.0043,-0.0119
1774945415.2112,0.0000,0.0000,0.0000,0.0000,0.0000,-3.1304,-0.2120,-0.9642,0.0040,-0.0033,-0.0109
1774945415.2313,0.0000,0.0000,0.0000,0.0000,0.0000,-3.1304,-0.2119,-1.5195,0.0050,-0.0022,-0.0130
1774945415.2517,0.0000,0.0000,0.0000,0.0000,0.0000,-3.1300,-0.2120,0.5045,0.0019,-0.0033,-0.0109
1774945415.2712,0.0000,0.0000,0.0000,0.0000,0.0000,-3.1300,-0.2119,-0.7275,0.0040,-0.0033,-0.0109
1774945415.2912,0.0000,0.0000,0.0000,0.0000,0.0000,-3.1314,-0.2119,-0.9051,0.0008,-0.0033,-0.0109
1774945415.3112,0.0000,0.0000,0.0000,0.0000,0.0000,-3.1310,-0.2120,1.4160,0.0050,-0.0033,-0.0119
1774945415.3312,0.0000,0.0000,0.0000,0.0000,0.0000,-3.1320,-0.2122,-0.4253,0.0050,-0.0043,-0.0119
1774945415.3513,0.0000,0.0000,0.0000,0.0000,0.0000,-3.1319,-0.2121,-0.1323,0.0061,-0.0043,-0.0119
1774945415.3712,0.0000,0.0000,0.0000,0.0000,0.0000,-3.1314,-0.2119,0.3499,0.0061,-0.0022,-0.0109
1774945415.3912,0.0000,0.0000,0.0000,0.0000,0.0000,-3.1316,-0.2119,0.3599,0.0029,-0.0043,-0.0109
1774945415.4113,0.0000,0.0000,0.0000,0.0000,0.0000,-3.1306,-0.2122,-0.3404,0.0061,-0.0043,-0.0109
1774945415.4313,0.0000,0.0000,0.0000,0.0000,0.0000,-3.1310,-0.2122,-0.9351,0.0008,-0.0043,-0.0109
1774945415.4514,0.0000,0.0000,0.0000,0.0000,0.0000,-3.1304,-0.2119,0.8872,0.0029,-0.0054,-0.0119
1774945415.4713,0.0000,0.0000,0.0000,0.0000,0.0000,-3.1305,-0.2121,0.6931,0.0040,-0.0022,-0.0109
1774945415.4913,0.0000,0.0000,0.0000,0.0000,0.0000,-3.1311,-0.2121,0.9051,0.0029,-0.0043,-0.0109
1774945415.5112,0.0000,0.0000,0.0000,0.0000,0.0000,-3.1312,-0.2122,-1.0069,0.0061,-0.0033,-0.0130
1774945415.5313,0.0000,0.0000,0.0000,0.0000,0.0000,-3.1320,-0.2124,-1.0407,0.0019,-0.0033,-0.0109
1774945415.5513,0.0000,0.0000,0.0000,0.0000,0.0000,-3.1313,-0.2123,1.2615,0.0061,-0.0043,-0.0119
1774945415.5712,0.0000,0.0000,0.0000,0.0000,0.0000,-3.1315,-0.2124,-0.5966,0.0029,-0.0043,-0.0109
1774945415.5913,0.0000,0.0000,0.0000,0.0000,0.0000,-3.1310,-0.2122,0.3381,0.0061,-0.0043,-0.0119
1774945415.6114,0.0000,0.0000,0.0000,0.0000,0.0000,-3.1311,-0.2119,-0.0435,0.0040,-0.0054,-0.0109
1774945415.6317,0.0000,0.0000,0.0000,0.0000,0.0000,-3.1311,-0.2121,0.4118,0.0008,-0.0033,-0.0119
1774945415.6512,0.0000,0.0000,0.0000,0.0000,0.0000,-3.1305,-0.2120,-0.2037,0.0040,-0.0033,-0.0098
1774945415.6713,0.0000,0.0000,0.0000,0.0000,0.0000,-3.1315,-0.2120,-1.4212,0.0040,-0.0033,-0.0109
1774945415.6913,0.0000,0.0000,0.0000,0.0000,0.0000,-3.1304,-0.2133,1.2484,0.0061,0.0020,-0.0119
1774945415.7122,0.0000,0.0000,0.0000,0.0000,0.0000,-3.1326,-0.2130,-0.1323,0.0082,0.0010,-0.0098
1774945415.7314,0.0000,0.0000,0.0000,0.0000,0.0000,-3.1349,-0.2130,-0.9519,0.0061,0.0031,-0.0087
1774945415.7513,0.0000,0.0000,0.0000,0.0000,0.0000,-3.1359,-0.2130,-0.2923,0.0136,0.0042,-0.0066
1774945415.7713,0.0000,0.0000,0.0000,0.0000,0.0000,-3.1361,-0.2126,-0.1692,0.0125,0.0063,-0.0077
1774945415.7912,0.0000,0.0000,0.0000,0.0000,0.0000,-3.1355,-0.2125,1.6441,0.0136,0.0031,-0.0087
1774945415.8112,0.0000,0.0000,0.0000,0.0000,0.0000,-3.1335,-0.2131,-1.1129,0.0125,0.0020,-0.0098
1774945415.8313,0.0000,0.0000,0.0000,0.0000,0.0000,-3.1314,-0.2137,0.2512,0.0125,0.0031,-0.0109
1774945415.8512,0.0000,0.0000,0.0000,0.0000,0.0000,-3.1300,-0.2134,0.6319,0.0104,0.0031,-0.0130
1774945415.8714,0.0000,0.0000,0.0000,0.0000,0.0000,-3.1267,-0.2126,0.2581,0.0061,-0.0022,-0.0109
1774945415.8912,0.0000,0.0000,0.0000,0.0000,0.0000,-3.1238,-0.2127,0.7067,0.0072,-0.0022,-0.0109
1774945415.9112,0.0000,0.0000,0.0000,0.0000,0.0000,-3.1246,-0.2127,-0.7411,0.0040,-0.0022,-0.0119
1774945415.9312,0.0000,0.0000,0.0000,0.0000,0.0000,-3.1248,-0.2132,1.4510,-0.0003,-0.0054,-0.0098
1774945415.9512,0.0000,0.0000,0.0000,0.0000,0.0000,-3.1259,-0.2129,-1.1673,0.0029,-0.0033,-0.0130
1774945415.9712,0.0000,0.0000,0.0000,0.0000,0.0000,-3.1287,-0.2123,0.9684,-0.0024,-0.0054,-0.0119
1774945415.9912,0.0000,0.0000,0.0000,0.0000,0.0000,-3.1299,-0.2117,0.0000,-0.0003,-0.0086,-0.0119
1774945416.0114,0.0000,0.0000,0.0000,0.0000,0.0000,-3.1301,-0.2120,-2.4983,-0.0003,-0.0097,-0.0130
1774945416.0312,0.0000,0.0000,0.0000,0.0000,0.0000,-3.1302,-0.2130,1.1567,0.0019,-0.0075,-0.0162
1774945416.0513,0.0000,0.0000,0.0000,0.0000,0.0000,-3.1317,-0.2137,0.2512,0.0008,-0.0065,-0.0130
1774945416.0714,0.0000,0.0000,0.0000,0.0000,0.0000,-3.1301,-0.2135,0.0000,-0.0013,-0.0065,-0.0141
1774945416.0915,0.0000,0.0000,0.0000,0.0000,0.0000,-3.1293,-0.2136,0.0000,-0.0013,-0.0086,-0.0130
1774945416.1112,0.0000,0.0000,0.0000,0.0000,0.0000,-3.1284,-0.2138,-0.1676,-0.0024,-0.0054,-0.0141
1774945416.1313,0.0000,0.0000,0.0000,0.0000,0.0000,-3.1282,-0.2132,0.9967,0.0008,-0.0054,-0.0119
1774945416.1512,0.0000,0.0000,0.0000,0.0000,0.0000,-3.1292,-0.2127,-1.8370,0.0008,-0.0075,-0.0130
1774945416.1712,0.0000,0.0000,0.0000,0.0000,0.0000,-3.1307,-0.2129,0.7701,0.0008,-0.0054,-0.0119
1774945416.1918,0.0000,0.0000,0.0000,0.0000,0.0000,-3.1317,-0.2127,0.5102,0.0040,-0.0022,-0.0130
1774945416.2117,0.0000,0.0000,0.0000,0.0000,0.0000,-3.1328,-0.2120,-1.2046,0.0029,-0.0043,-0.0119
1774945416.2312,0.0000,0.0000,0.0000,0.0000,0.0000,-3.1326,-0.2116,0.8666,0.0072,-0.0054,-0.0109
1774945416.2512,0.0000,0.0000,0.0000,0.0000,0.0000,-3.1330,-0.2120,-0.8131,0.0072,-0.0054,-0.0098
1774945416.2712,0.0000,0.0000,0.0000,0.0000,0.0000,-3.1312,-0.2121,0.5224,0.0072,-0.0033,-0.0109
1774945416.2912,0.0000,0.0000,0.0000,0.0000,0.0000,-3.1297,-0.2123,-0.4787,0.0061,-0.0043,-0.0119
1774945416.3112,0.0000,0.0000,0.0000,0.0000,0.0000,-3.1289,-0.2122,-2.7530,0.0040,-0.0043,-0.0119
1774945416.3312,0.0000,0.0000,0.0000,0.0000,0.0000,-3.1276,-0.2125,-0.7722,0.0040,-0.0033,-0.0109
1774945416.3512,0.0000,0.0000,0.0000,0.0000,0.0000,-3.1280,-0.2121,-0.7947,0.0019,-0.0033,-0.0119
1774945416.3712,0.0000,0.0000,0.0000,0.0000,0.0000,-3.1284,-0.2117,-0.2164,0.0029,-0.0054,-0.0119
1774945416.3912,0.0000,0.0000,0.0000,0.0000,0.0000,-3.1301,-0.2119,-1.2333,0.0040,-0.0033,-0.0130
1774945416.4123,0.0000,0.0000,0.0000,0.0000,0.0000,-3.1309,-0.2121,1.7659,0.0029,-0.0033,-0.0119
1774945416.4312,0.0000,0.0000,0.0000,0.0000,0.0000,-3.1327,-0.2120,-0.2654,0.0061,-0.0043,-0.0119
1774945416.4512,0.0000,0.0000,0.0000,0.0000,0.0000,-3.1332,-0.2127,0.0898,0.0019,-0.0022,-0.0098
1774945416.4712,0.0000,0.0000,0.0000,0.0000,0.0000,-3.1317,-0.2130,1.2750,0.0072,-0.0022,-0.0098
1774945416.4912,0.0000,0.0000,0.0000,0.0000,0.0000,-3.1315,-0.2130,-1.0403,0.0072,-0.0001,-0.0109
1774945416.5112,0.0000,0.0000,0.0000,0.0000,0.0000,-3.1314,-0.2119,-0.0824,0.0082,-0.0001,-0.0087
1774945416.5312,0.0000,0.0000,0.0000,0.0000,0.0000,-3.1324,-0.2114,-0.2607,0.0061,-0.0033,-0.0130
1774945416.5512,0.0000,0.0000,0.0000,0.0000,0.0000,-3.1317,-0.2123,0.8014,0.0029,-0.0022,-0.0087
1774945416.5715,0.0000,0.0000,0.0000,0.0000,0.0000,-3.1302,-0.2127,1.3557,0.0082,-0.0012,-0.0119
1774945416.5912,0.0000,0.0000,0.0000,0.0000,0.0000,-3.1291,-0.2129,-1.3953,0.0050,-0.0012,-0.0119
1774945416.6112,0.0000,0.0000,0.0000,0.0000,0.0000,-3.1270,-0.2132,0.0888,0.0061,-0.0033,-0.0109
1774945416.6313,0.0000,0.0000,0.0000,0.0000,0.0000,-3.1281,-0.2133,-0.0447,0.0061,-0.0012,-0.0109
1774945416.6513,0.0000,0.0000,0.0000,0.0000,0.0000,-3.1295,-0.2131,1.0930,0.0029,-0.0033,-0.0119
1774945416.6712,0.0000,0.0000,0.0000,0.0000,0.0000,-3.1295,-0.2134,0.2124,0.0040,-0.0043,-0.0109
1774945416.6914,0.0000,0.0000,0.0000,0.0000,0.0000,-3.1296,-0.2133,-0.4990,0.0050,-0.0043,-0.0119
1774945416.7112,0.0000,0.0000,0.0000,0.0000,0.0000,-3.1295,-0.2133,0.1817,0.0072,-0.0043,-0.0130
1774945416.7312,0.0000,0.0000,0.0000,0.0000,0.0000,-3.1304,-0.2128,-1.4023,0.0029,-0.0065,-0.0109
1774945416.7516,0.0000,0.0000,0.0000,0.0000,0.0000,-3.1295,-0.2129,-0.6733,0.0029,-0.0065,-0.0119
1774945416.7712,0.0000,0.0000,0.0000,0.0000,0.0000,-3.1299,-0.2127,0.9905,0.0040,-0.0043,-0.0119
1774945416.7913,0.0000,0.0000,0.0000,0.0000,0.0000,-3.1305,-0.2127,0.2549,0.0019,-0.0043,-0.0119
1774945416.8114,0.0000,0.0000,0.0000,0.0000,0.0000,-3.1297,-0.2133,-0.4115,0.0040,-0.0054,-0.0119
1774945416.8312,0.0000,0.0000,0.0000,0.0000,0.0000,-3.1303,-0.2136,-1.1728,0.0019,-0.0043,-0.0119
1774945416.8515,0.0000,0.0000,0.0000,0.0000,0.0000,-3.1305,-0.2134,1.4009,0.0040,-0.0054,-0.0119
1774945416.8712,0.0000,0.0000,0.0000,0.0000,0.0000,-3.1314,-0.2129,0.4661,0.0040,-0.0054,-0.0130
1774945416.8912,0.0000,0.0000,0.0000,0.0000,0.0000,-3.1320,-0.2127,1.5125,0.0029,-0.0054,-0.0119
1774945416.9113,0.0000,0.0000,0.0000,0.0000,0.0000,-3.1330,-0.2126,-0.1692,0.0040,-0.0033,-0.0119
1774945416.9314,0.0000,0.0000,0.0000,0.0000,0.0000,-3.1332,-0.2125,0.3748,0.0040,-0.0043,-0.0130
1774945416.9512,0.0000,0.0000,0.0000,0.0000,0.0000,-3.1318,-0.2123,0.0875,0.0050,-0.0033,-0.0109
1774945416.9713,0.0000,0.0000,0.0000,0.0000,0.0000,-3.1311,-0.2130,-1.6507,0.0019,-0.0033,-0.0109
1774945416.9912,0.0000,0.0000,0.0000,0.0000,0.0000,-3.1297,-0.2129,0.4926,0.0050,-0.0043,-0.0109
1774945417.0113,0.0000,0.0000,0.0000,0.0000,0.0000,-3.1292,-0.2129,0.0892,0.0050,-0.0033,-0.0130
1774945417.0313,0.0000,0.0000,0.0000,0.0000,0.0000,-3.1295,-0.2130,1.0673,0.0019,-0.0033,-0.0109
1774945417.0514,0.0000,0.0000,0.0000,0.0000,0.0000,-3.1292,-0.2130,-0.2936,0.0050,-0.0033,-0.0130
1774945417.0712,0.0000,0.0000,0.0000,0.0000,0.0000,-3.1304,-0.2128,-1.6492,0.0029,-0.0033,-0.0119
1774945417.0912,0.0000,0.0000,0.0000,0.0000,0.0000,-3.1307,-0.2128,0.3494,0.0061,-0.0054,-0.0119
1774945417.1113,0.0000,0.0000,0.0000,0.0000,0.0000,-3.1319,-0.2128,-0.4697,0.0019,-0.0043,-0.0119
1774945417.1313,0.0000,0.0000,0.0000,0.0000,0.0000,-3.1318,-0.2128,0.8211,0.0029,-0.0043,-0.0130
1774945417.1515,0.0000,0.0000,0.0000,0.0000,0.0000,-3.1315,-0.2129,-0.4193,0.0029,-0.0043,-0.0109
1774945417.1715,0.0000,0.0000,0.0000,0.0000,0.0000,-3.1314,-0.2131,0.7714,0.0029,-0.0033,-0.0119
1774945417.1914,0.0000,0.0000,0.0000,0.0000,0.0000,-3.1298,-0.2129,1.0876,0.0072,-0.0022,-0.0119
1774945417.2113,0.0000,0.0000,0.0000,0.0000,0.0000,-3.1299,-0.2130,-1.0592,0.0029,-0.0054,-0.0109
1774945417.2313,0.0000,0.0000,0.0000,0.0000,0.0000,-3.1291,-0.2127,0.6341,0.0040,-0.0043,-0.0109
1774945417.2536,0.0000,0.0000,0.0000,0.0000,0.0000,-3.1297,-0.2125,-0.0440,0.0061,-0.0033,-0.0130
1774945417.2713,0.0000,0.0000,0.0000,0.0000,0.0000,-3.1300,-0.2124,-0.0413,0.0019,-0.0033,-0.0130
1774945417.2913,0.0000,0.0000,0.0000,0.0000,0.0000,-3.1297,-0.2125,-0.3394,0.0061,-0.0022,-0.0109
1774945417.3113,0.0000,0.0000,0.0000,0.0000,0.0000,-3.1318,-0.2128,-1.9768,0.0019,-0.0043,-0.0119
1774945417.3312,0.0000,0.0000,0.0000,0.0000,0.0000,-3.1314,-0.2132,0.7431,0.0040,-0.0043,-0.0109
1774945417.3513,0.0000,0.0000,0.0000,0.0000,0.0000,-3.1314,-0.2132,-0.0859,0.0050,-0.0033,-0.0109
1774945417.3720,0.0000,0.0000,0.0000,0.0000,0.0000,-3.1313,-0.2131,-0.4176,0.0050,-0.0033,-0.0109
1774945417.3913,0.0000,0.0000,0.0000,0.0000,0.0000,-3.1309,-0.2133,-0.3809,0.0050,-0.0022,-0.0109
1774945417.4112,0.0000,0.0000,0.0000,0.0000,0.0000,-3.1310,-0.2133,0.8404,0.0029,-0.0022,-0.0109
1774945417.4314,0.0000,0.0000,0.0000,0.0000,0.0000,-3.1300,-0.2130,0.4268,0.0061,-0.0033,-0.0109
1774945417.4513,0.0000,0.0000,0.0000,0.0000,0.0000,-3.1301,-0.2130,-0.9837,0.0040,-0.0043,-0.0119
1774945417.4718,0.0000,0.0000,0.0000,0.0000,0.0000,-3.1294,-0.2130,1.5435,0.0029,-0.0033,-0.0098
1774945417.4912,0.0000,0.0000,0.0000,0.0000,0.0000,-3.1296,-0.2126,0.6022,0.0061,-0.0054,-0.0130
1774945417.5114,0.0000,0.0000,0.0000,0.0000,0.0000,-3.1306,-0.2125,-0.1281,0.0040,-0.0054,-0.0119
1774945417.5312,0.0000,0.0000,0.0000,0.0000,0.0000,-3.1307,-0.2127,-1.4948,0.0040,-0.0043,-0.0087
1774945417.5513,0.0000,0.0000,0.0000,0.0000,0.0000,-3.1316,-0.2127,-1.2351,0.0029,-0.0022,-0.0109
1774945417.5714,0.0000,0.0000,0.0000,0.0000,0.0000,-3.1308,-0.2126,1.3453,0.0061,-0.0033,-0.0109
1774945417.5912,0.0000,0.0000,0.0000,0.0000,0.0000,-3.1308,-0.2128,-0.2105,0.0050,-0.0033,-0.0130
1774945417.6112,0.0000,0.0000,0.0000,0.0000,0.0000,-3.1301,-0.2128,1.1581,0.0019,-0.0033,-0.0098
1774945417.6312,0.0000,0.0000,0.0000,0.0000,0.0000,-3.1301,-0.2129,-0.5139,0.0050,-0.0043,-0.0119
1774945417.6514,0.0000,0.0000,0.0000,0.0000,0.0000,-3.1305,-0.2129,-0.1292,0.0029,-0.0043,-0.0109
1774945417.6714,0.0000,0.0000,0.0000,0.0000,0.0000,-3.1300,-0.2128,-0.1368,0.0061,-0.0043,-0.0119
1774945417.6914,0.0000,0.0000,0.0000,0.0000,0.0000,-3.1304,-0.2128,-1.5438,0.0061,-0.0033,-0.0119
1774945417.7123,0.0000,0.0000,0.0000,0.0000,0.0000,-3.1303,-0.2126,0.7937,0.0050,-0.0043,-0.0109
1774945417.7314,0.0000,0.0000,0.0000,0.0000,0.0000,-3.1307,-0.2128,0.4192,0.0040,-0.0043,-0.0130
1774945417.7513,0.0000,0.0000,0.0000,0.0000,0.0000,-3.1307,-0.2130,0.6917,0.0050,-0.0033,-0.0109
1774945417.7714,0.0000,0.0000,0.0000,0.0000,0.0000,-3.1304,-0.2129,-0.3018,0.0061,-0.0043,-0.0119
1774945417.7912,0.0000,0.0000,0.0000,0.0000,0.0000,-3.1313,-0.2130,-1.1070,0.0019,-0.0033,-0.0109
1774945417.8115,0.0000,0.0000,0.0000,0.0000,0.0000,-3.1305,-0.2131,-0.6268,0.0061,-0.0033,-0.0109
1774945417.8313,0.0000,0.0000,0.0000,0.0000,0.0000,-3.1308,-0.2128,-0.2318,0.0040,-0.0043,-0.0109
1774945417.8513,0.0000,0.0000,0.0000,0.0000,0.0000,-3.1298,-0.2126,0.0896,0.0061,-0.0043,-0.0119
1774945417.8714,0.0000,0.0000,0.0000,0.0000,0.0000,-3.1297,-0.2124,-0.3746,0.0050,-0.0022,-0.0119
1774945417.8913,0.0000,0.0000,0.0000,0.0000,0.0000,-3.1305,-0.2127,0.4076,0.0008,-0.0022,-0.0098
1774945417.9113,0.0000,0.0000,0.0000,0.0000,0.0000,-3.1299,-0.2128,0.1316,0.0050,-0.0043,-0.0130
1774945417.9316,0.0000,0.0000,0.0000,0.0000,0.0000,-3.1309,-0.2128,-1.6561,0.0040,-0.0054,-0.0119
1774945417.9513,0.0000,0.0000,0.0000,0.0000,0.0000,-3.1306,-0.2130,0.5812,0.0050,-0.0033,-0.0119
1774945417.9713,0.0000,0.0000,0.0000,0.0000,0.0000,-3.1311,-0.2127,0.2121,0.0040,-0.0043,-0.0109
1774945417.9913,0.0000,0.0000,0.0000,0.0000,0.0000,-3.1311,-0.2129,0.3886,0.0040,-0.0043,-0.0130
1774945418.0113,0.0000,0.0000,0.0000,0.0000,0.0000,-3.1306,-0.2127,-0.5951,0.0050,-0.0033,-0.0109
1774945418.0314,0.0000,0.0000,0.0000,0.0000,0.0000,-3.1312,-0.2127,-1.4157,0.0008,-0.0054,-0.0119
1774945418.0512,0.0000,0.0000,0.0000,0.0000,0.0000,-3.1312,-0.2131,0.6709,0.0061,-0.0043,-0.0109
1774945418.0713,0.0000,0.0000,0.0000,0.0000,0.0000,-3.1322,-0.2134,2.1366,0.0008,-0.0022,-0.0109
1774945418.0913,0.0000,0.0000,0.0000,0.0000,0.0000,-3.1300,-0.2132,-2.3166,0.0019,-0.0033,-0.0119
1774945418.1114,0.0000,0.0000,0.0000,0.0000,0.0000,-3.1299,-0.2129,-5.3698,0.0061,-0.0054,-0.0119
1774945418.1312,0.0000,0.0000,0.0000,0.0000,0.0000,-3.1304,-0.2124,0.6274,0.0029,-0.0033,-0.0119
1774945418.1513,0.0000,0.0000,0.0000,0.0000,0.0000,-3.1303,-0.2132,-2.1751,0.0072,-0.0012,-0.0109
1774945418.1723,0.0000,0.0000,0.0000,0.0000,0.0000,-3.1307,-0.2125,-0.0416,0.0050,-0.0022,-0.0109
1774945418.1912,0.0000,0.0000,0.0000,0.0000,0.0000,-3.1302,-0.2125,0.3322,0.0019,-0.0043,-0.0119
1774945418.2112,0.0000,0.0000,0.0000,0.0000,0.0000,-3.1300,-0.2127,-1.7593,0.0029,-0.0043,-0.0130
1774945418.2312,0.0000,0.0000,0.0000,0.0000,0.0000,-3.1301,-0.2128,0.3796,0.0008,-0.0033,-0.0119
1774945418.2515,0.0000,0.0000,0.0000,0.0000,0.0000,-3.1303,-0.2126,-1.4600,0.0050,-0.0043,-0.0130
1774945418.2712,0.0000,0.0000,0.0000,0.0000,0.0000,-3.1322,-0.2126,-2.2309,0.0040,-0.0033,-0.0119
1774945418.2912,0.0000,0.0000,0.0000,0.0000,0.0000,-3.1334,-0.2128,1.8194,0.0040,-0.0043,-0.0098
1774945418.3113,0.0000,0.0000,0.0000,0.0000,0.0000,-3.1326,-0.2129,-0.9874,0.0061,-0.0043,-0.0119
1774945418.3313,0.0000,0.0000,0.0000,0.0000,0.0000,-3.1313,-0.2128,0.9650,0.0050,-0.0033,-0.0130
1774945418.3512,0.0000,0.0000,0.0000,0.0000,0.0000,-3.1308,-0.2132,0.5360,0.0061,-0.0033,-0.0109
1774945418.3713,0.0000,0.0000,0.0000,0.0000,0.0000,-3.1310,-0.2133,-1.5984,0.0029,-0.0043,-0.0141
1774945418.3913,0.0000,0.0000,0.0000,0.0000,0.0000,-3.1301,-0.2133,0.9002,0.0029,-0.0054,-0.0130
1774945418.4114,0.0000,0.0000,0.0000,0.0000,0.0000,-3.1312,-0.2136,0.0000,0.0040,-0.0043,-0.0098
1774945418.4313,0.0000,0.0000,0.0000,0.0000,0.0000,-3.1315,-0.2132,0.7557,0.0019,-0.0043,-0.0098
1774945418.4513,0.0000,0.0000,0.0000,0.0000,0.0000,-3.1316,-0.2129,-0.3936,0.0050,-0.0022,-0.0109
1774945418.4712,0.0000,0.0000,0.0000,0.0000,0.0000,-3.1322,-0.2131,0.4292,0.0040,-0.0043,-0.0109
1774945418.4913,0.0000,0.0000,0.0000,0.0000,0.0000,-3.1318,-0.2128,0.0000,0.0061,-0.0043,-0.0109
1774945418.5113,0.0000,0.0000,0.0000,0.0000,0.0000,-3.1316,-0.2129,-1.2963,0.0029,-0.0033,-0.0087
1774945418.5313,0.0000,0.0000,0.0000,0.0000,0.0000,-3.1307,-0.2129,0.9119,0.0029,-0.0054,-0.0109
1774945418.5513,0.0000,0.0000,0.0000,0.0000,0.0000,-3.1308,-0.2130,-0.9267,0.0040,-0.0033,-0.0119
1774945418.5742,0.0000,0.0000,0.0000,0.0000,0.0000,-3.1301,-0.2130,1.3489,0.0029,-0.0054,-0.0119
1774945418.5913,0.0000,0.0000,0.0000,0.0000,0.0000,-3.1290,-0.2132,0.2974,0.0061,-0.0043,-0.0119
1774945418.6112,0.0000,0.0000,0.0000,0.0000,0.0000,-3.1302,-0.2131,-1.7158,0.0040,-0.0022,-0.0119
1774945418.6313,0.0000,0.0000,0.0000,0.0000,0.0000,-3.1305,-0.2130,1.0220,0.0050,-0.0033,-0.0119
1774945418.6513,0.0000,0.0000,0.0000,0.0000,0.0000,-3.1311,-0.2129,-0.6972,0.0050,-0.0043,-0.0130
1774945418.6713,0.0000,0.0000,0.0000,0.0000,0.0000,-3.1310,-0.2131,-0.1288,0.0019,-0.0022,-0.0109
1774945418.6913,0.0000,0.0000,0.0000,0.0000,0.0000,-3.1311,-0.2128,0.6394,0.0050,-0.0033,-0.0130
1774945418.7113,0.0000,0.0000,0.0000,0.0000,0.0000,-3.1314,-0.2128,1.2359,0.0040,-0.0012,-0.0109
1774945418.7313,0.0000,0.0000,0.0000,0.0000,0.0000,-3.1305,-0.2129,0.8314,0.0040,-0.0043,-0.0109
1774945418.7513,0.0000,0.0000,0.0000,0.0000,0.0000,-3.1309,-0.2127,-0.0878,0.0040,-0.0043,-0.0119
1774945418.7712,0.0000,0.0000,0.0000,0.0000,0.0000,-3.1303,-0.2127,0.2558,0.0040,-0.0054,-0.0119
1774945418.7913,0.0000,0.0000,0.0000,0.0000,0.0000,-3.1300,-0.2126,0.2504,0.0040,-0.0033,-0.0119
1774945418.8112,0.0000,0.0000,0.0000,0.0000,0.0000,-3.1305,-0.2126,0.9839,0.0019,-0.0043,-0.0109
1774945418.8313,0.0000,0.0000,0.0000,0.0000,0.0000,-3.1297,-0.2126,-0.7253,0.0050,-0.0043,-0.0119
1774945418.8518,0.0000,0.0000,0.0000,0.0000,0.0000,-3.1309,-0.2128,-1.7144,0.0019,-0.0054,-0.0109
1774945418.8713,0.0000,0.0000,0.0000,0.0000,0.0000,-3.1309,-0.2127,1.0085,0.0019,-0.0043,-0.0098
1774945418.8913,0.0000,0.0000,0.0000,0.0000,0.0000,-3.1312,-0.2127,0.3307,0.0029,-0.0033,-0.0109
1774945418.9113,0.0000,0.0000,0.0000,0.0000,0.0000,-3.1312,-0.2128,0.4714,0.0050,-0.0033,-0.0109
1774945418.9315,0.0000,0.0000,0.0000,0.0000,0.0000,-3.1305,-0.2127,-0.3189,0.0072,-0.0033,-0.0119
1774945418.9513,0.0000,0.0000,0.0000,0.0000,0.0000,-3.1309,-0.2129,-0.4566,0.0040,-0.0043,-0.0119
1774945418.9714,0.0000,0.0000,0.0000,0.0000,0.0000,-3.1301,-0.2130,0.5802,0.0061,-0.0043,-0.0098
1774945418.9913,0.0000,0.0000,0.0000,0.0000,0.0000,-3.1305,-0.2131,-0.5609,0.0050,-0.0043,-0.0130
1774945419.0112,0.0000,0.0000,0.0000,0.0000,0.0000,-3.1302,-0.2129,0.7220,0.0050,-0.0054,-0.0109
1774945419.0312,0.0000,0.0000,0.0000,0.0000,0.0000,-3.1305,-0.2129,0.0422,0.0050,-0.0033,-0.0109
1774945419.0516,0.0000,0.0000,0.0000,0.0000,0.0000,-3.1308,-0.2128,1.0068,0.0029,-0.0033,-0.0109
1774945419.0720,0.0000,0.0000,0.0000,0.0000,0.0000,-3.1307,-0.2128,-0.4160,0.0050,-0.0043,-0.0098
1774945419.0913,0.0000,0.0000,0.0000,0.0000,0.0000,-3.1316,-0.2129,-1.6950,0.0029,-0.0033,-0.0109
1774945419.1112,0.0000,0.0000,0.0000,0.0000,0.0000,-3.1304,-0.2129,0.9081,0.0050,-0.0033,-0.0098
1774945419.1312,0.0000,0.0000,0.0000,0.0000,0.0000,-3.1307,-0.2130,0.1387,0.0050,-0.0043,-0.0119
1774945419.1513,0.0000,0.0000,0.0000,0.0000,0.0000,-3.1303,-0.2129,1.0062,0.0029,-0.0033,-0.0109
1774945419.1720,0.0000,0.0000,0.0000,0.0000,0.0000,-3.1304,-0.2129,0.1659,0.0029,-0.0033,-0.0109
1774945419.1912,0.0000,0.0000,0.0000,0.0000,0.0000,-3.1308,-0.2129,-0.2487,0.0008,-0.0043,-0.0109
1774945419.2112,0.0000,0.0000,0.0000,0.0000,0.0000,-3.1300,-0.2130,0.5427,0.0040,-0.0043,-0.0109
1774945419.2313,0.0000,0.0000,0.0000,0.0000,0.0000,-3.1308,-0.2130,-2.0425,0.0061,-0.0043,-0.0130
1774945419.2512,0.0000,0.0000,0.0000,0.0000,0.0000,-3.1302,-0.2132,0.7654,0.0050,-0.0033,-0.0119
1774945419.2722,0.0000,0.0000,0.0000,0.0000,0.0000,-3.1304,-0.2129,0.3957,0.0040,-0.0033,-0.0109
1774945419.2913,0.0000,0.0000,0.0000,0.0000,0.0000,-3.1308,-0.2129,-0.1729,0.0029,-0.0033,-0.0098
1774945419.3112,0.0000,0.0000,0.0000,0.0000,0.0000,-3.1301,-0.2129,-0.2644,0.0050,-0.0033,-0.0098
1774945419.3312,0.0000,0.0000,0.0000,0.0000,0.0000,-3.1311,-0.2130,-0.6223,0.0019,-0.0033,-0.0109
1774945419.3513,0.0000,0.0000,0.0000,0.0000,0.0000,-3.1302,-0.2130,0.8982,0.0050,-0.0043,-0.0109
1774945419.3713,0.0000,0.0000,0.0000,0.0000,0.0000,-3.1305,-0.2129,0.4606,0.0040,-0.0033,-0.0109
1774945419.3913,0.0000,0.0000,0.0000,0.0000,0.0000,-3.1305,-0.2128,0.3043,0.0029,-0.0043,-0.0119
1774945419.4112,0.0000,0.0000,0.0000,0.0000,0.0000,-3.1300,-0.2129,-1.1275,0.0050,-0.0033,-0.0130
1774945419.4313,0.0000,0.0000,0.0000,0.0000,0.0000,-3.1306,-0.2130,-0.2679,0.0029,-0.0043,-0.0130
1774945419.4514,0.0000,0.0000,0.0000,0.0000,0.0000,-3.1301,-0.2129,1.0060,0.0061,-0.0033,-0.0109
1774945419.4712,0.0000,0.0000,0.0000,0.0000,0.0000,-3.1310,-0.2130,-0.9576,0.0040,-0.0043,-0.0109
1774945419.4917,0.0000,0.0000,0.0000,0.0000,0.0000,-3.1309,-0.2129,0.2080,0.0029,-0.0043,-0.0098
1774945419.5112,0.0000,0.0000,0.0000,0.0000,0.0000,-3.1307,-0.2128,0.1653,0.0050,-0.0054,-0.0109
1774945419.5368,0.0000,0.0000,0.0000,0.0000,0.0000,-3.1309,-0.2129,0.4883,0.0029,-0.0033,-0.0119
1774945419.5514,0.0000,0.0000,0.0000,0.0000,0.0000,-3.1300,-0.2130,-0.2998,0.0061,-0.0033,-0.0098
1774945419.5715,0.0000,0.0000,0.0000,0.0000,0.0000,-3.1308,-0.2130,0.5832,0.0019,-0.0054,-0.0109
1774945419.5919,0.0000,0.0000,0.0000,0.0000,0.0000,-3.1300,-0.2128,0.8029,0.0029,-0.0033,-0.0109
1774945419.6112,0.0000,0.0000,0.0000,0.0000,0.0000,-3.1305,-0.2129,0.0846,0.0029,-0.0033,-0.0109
1774945419.6313,0.0000,0.0000,0.0000,0.0000,0.0000,-3.1305,-0.2128,0.7349,0.0029,-0.0033,-0.0098
1774945419.6514,0.0000,0.0000,0.0000,0.0000,0.0000,-3.1307,-0.2128,0.4038,0.0040,-0.0043,-0.0119
1774945419.6715,0.0000,0.0000,0.0000,0.0000,0.0000,-3.1309,-0.2129,0.1639,0.0029,-0.0043,-0.0109
1774945419.6912,0.0000,0.0000,0.0000,0.0000,0.0000,-3.1303,-0.2130,1.6714,0.0050,-0.0043,-0.0109
1774945419.7113,0.0000,0.0000,0.0000,0.0000,0.0000,-3.1310,-0.2129,-1.4612,0.0019,-0.0033,-0.0109
1774945419.7312,0.0000,0.0000,0.0000,0.0000,0.0000,-3.1301,-0.2130,0.5336,0.0050,-0.0033,-0.0119
1774945419.7513,0.0000,0.0000,0.0000,0.0000,0.0000,-3.1306,-0.2130,0.6126,0.0040,-0.0043,-0.0109
1774945419.7713,0.0000,0.0000,0.0000,0.0000,0.0000,-3.1309,-0.2130,0.8700,0.0061,-0.0043,-0.0119
1774945419.7912,0.0000,0.0000,0.0000,0.0000,0.0000,-3.1302,-0.2130,-0.2577,0.0050,-0.0033,-0.0098
1774945419.8114,0.0000,0.0000,0.0000,0.0000,0.0000,-3.1306,-0.2130,0.7251,0.0029,-0.0022,-0.0119
1774945419.8313,0.0000,0.0000,0.0000,0.0000,0.0000,-3.1300,-0.2128,1.3794,0.0050,-0.0054,-0.0109
1774945419.8511,0.0000,0.0000,0.0000,0.0000,0.0000,-3.1305,-0.2129,0.2576,0.0029,-0.0043,-0.0119
1774945419.8721,0.0000,0.0000,0.0000,0.0000,0.0000,-3.1304,-0.2128,0.7157,0.0019,-0.0043,-0.0109
1774945419.8912,0.0000,0.0000,0.0000,0.0000,0.0000,-3.1304,-0.2127,-0.3545,0.0040,-0.0033,-0.0119
1774945419.9113,0.0000,0.0000,0.0000,0.0000,0.0000,-3.1311,-0.2130,-0.4247,0.0040,-0.0033,-0.0119
1774945419.9312,0.0000,0.0000,0.0000,0.0000,0.0000,-3.1301,-0.2130,0.0000,0.0061,-0.0043,-0.0109
1774945419.9513,0.0000,0.0000,0.0000,0.0000,0.0000,-3.1308,-0.2130,-1.2336,0.0029,-0.0054,-0.0130
1774945419.9712,0.0000,0.0000,0.0000,0.0000,0.0000,-3.1303,-0.2128,0.8691,0.0019,-0.0033,-0.0098
1774945419.9917,0.0000,0.0000,0.0000,0.0000,0.0000,-3.1302,-0.2128,0.6530,0.0061,-0.0043,-0.0130
1774945420.0112,0.0000,0.0000,0.0000,0.0000,0.0000,-3.1305,-0.2128,-0.2550,0.0040,-0.0043,-0.0119
1774945420.0314,0.0000,0.0000,0.0000,0.0000,0.0000,-3.1299,-0.2125,-0.9689,0.0050,-0.0043,-0.0119
1774945420.0512,0.0000,0.0000,0.0000,0.0000,0.0000,-3.1309,-0.2127,-1.7433,0.0029,-0.0043,-0.0130
1774945420.0717,0.0000,0.0000,0.0000,0.0000,0.0000,-3.1303,-0.2128,1.0442,0.0019,-0.0033,-0.0098
1774945420.0912,0.0000,0.0000,0.0000,0.0000,0.0000,-3.1307,-0.2126,-0.6248,0.0050,-0.0033,-0.0119
1774945420.1112,0.0000,0.0000,0.0000,0.0000,0.0000,-3.1307,-0.2126,0.5338,0.0040,-0.0043,-0.0109
1774945420.1314,0.0000,0.0000,0.0000,0.0000,0.0000,-3.1303,-0.2127,-0.1288,0.0029,-0.0033,-0.0109
1774945420.1514,0.0000,0.0000,0.0000,0.0000,0.0000,-3.1309,-0.2129,0.2748,0.0029,-0.0043,-0.0119
1774945420.1717,0.0000,0.0000,0.0000,0.0000,0.0000,-3.1303,-0.2129,0.4332,0.0040,-0.0043,-0.0109
1774945420.1912,0.0000,0.0000,0.0000,0.0000,0.0000,-3.1307,-0.2129,-1.1395,0.0029,-0.0033,-0.0119
1774945420.2115,0.0000,0.0000,0.0000,0.0000,0.0000,-3.1305,-0.2129,0.4659,0.0029,-0.0033,-0.0098
1774945420.2314,0.0000,0.0000,0.0000,0.0000,0.0000,-3.1305,-0.2129,0.5500,0.0029,-0.0033,-0.0119
1774945420.2515,0.0000,0.0000,0.0000,0.0000,0.0000,-3.1303,-0.2129,0.7407,0.0050,-0.0043,-0.0109
1774945420.2713,0.0000,0.0000,0.0000,0.0000,0.0000,-3.1303,-0.2128,-0.5871,0.0050,-0.0033,-0.0109
1774945420.2913,0.0000,0.0000,0.0000,0.0000,0.0000,-3.1309,-0.2130,-1.4093,0.0029,-0.0043,-0.0130
1774945420.3114,0.0000,0.0000,0.0000,0.0000,0.0000,-3.1305,-0.2129,0.8187,0.0050,-0.0043,-0.0119
1774945420.3313,0.0000,0.0000,0.0000,0.0000,0.0000,-3.1310,-0.2130,-0.1705,0.0029,-0.0043,-0.0109
1774945420.3513,0.0000,0.0000,0.0000,0.0000,0.0000,-3.1306,-0.2128,0.0000,0.0040,-0.0033,-0.0119
1774945420.3713,0.0000,0.0000,0.0000,0.0000,0.0000,-3.1305,-0.2128,-0.8370,0.0050,-0.0033,-0.0119
1774945420.3913,0.0000,0.0000,0.0000,0.0000,0.0000,-3.1308,-0.2130,0.1268,0.0040,-0.0033,-0.0109
1774945420.4113,0.0000,0.0000,0.0000,0.0000,0.0000,-3.1300,-0.2129,1.0517,0.0050,-0.0033,-0.0109
1774945420.4313,0.0000,0.0000,0.0000,0.0000,0.0000,-3.1307,-0.2130,-0.6911,0.0040,-0.0033,-0.0119
1774945420.4514,0.0000,0.0000,0.0000,0.0000,0.0000,-3.1300,-0.2129,-0.4747,0.0050,-0.0043,-0.0109
1774945420.4762,0.0000,0.0000,0.0000,0.0000,0.0000,-3.1304,-0.2130,1.4188,0.0040,-0.0033,-0.0119
1774945420.4912,0.0000,0.0000,0.0000,0.0000,0.0000,-3.1307,-0.2131,1.3132,0.0040,-0.0043,-0.0130
1774945420.5114,0.0000,0.0000,0.0000,0.0000,0.0000,-3.1304,-0.2129,0.0574,0.0040,-0.0043,-0.0109
1774945420.5313,0.0000,0.0000,0.0000,0.0000,0.0000,-3.1309,-0.2127,-2.1432,0.0040,-0.0033,-0.0119
1774945420.5514,0.0000,0.0000,0.0000,0.0000,0.0000,-3.1303,-0.2126,0.4281,0.0040,-0.0033,-0.0109
1774945420.5793,0.0000,0.0000,0.0000,0.0000,0.0000,-3.1307,-0.2127,0.1697,0.0050,-0.0043,-0.0141
1774945420.5914,0.0000,0.0000,0.0000,0.0000,0.0000,-3.1305,-0.2129,0.0000,0.0019,-0.0043,-0.0098
1774945420.6115,0.0000,0.0000,0.0000,0.0000,0.0000,-3.1303,-0.2129,0.1283,0.0050,-0.0033,-0.0119
1774945420.6313,0.0000,0.0000,0.0000,0.0000,0.0000,-3.1311,-0.2129,0.3503,0.0008,-0.0033,-0.0109
1774945420.6514,0.0000,0.0000,0.0000,0.0000,0.0000,-3.1305,-0.2130,0.1713,0.0050,-0.0043,-0.0119
1774945420.6715,0.0000,0.0000,0.0000,0.0000,0.0000,-3.1308,-0.2129,-1.1503,0.0040,-0.0043,-0.0130
1774945420.6913,0.0000,0.0000,0.0000,0.0000,0.0000,-3.1307,-0.2129,0.6105,0.0029,-0.0022,-0.0119
1774945420.7116,0.0000,0.0000,0.0000,0.0000,0.0000,-3.1307,-0.2126,-0.2116,0.0040,-0.0033,-0.0119
1774945420.7313,0.0000,0.0000,0.0000,0.0000,0.0000,-3.1309,-0.2128,0.0475,0.0008,-0.0033,-0.0098
1774945420.7514,0.0000,0.0000,0.0000,0.0000,0.0000,-3.1304,-0.2129,-1.3248,0.0050,-0.0033,-0.0130
1774945420.7713,0.0000,0.0000,0.0000,0.0000,0.0000,-3.1311,-0.2131,-1.3391,0.0008,-0.0033,-0.0119
1774945420.7913,0.0000,0.0000,0.0000,0.0000,0.0000,-3.1304,-0.2131,0.9707,0.0040,-0.0065,-0.0109
1774945420.8117,0.0000,0.0000,0.0000,0.0000,0.0000,-3.1308,-0.2131,-0.1280,0.0050,-0.0043,-0.0119
1774945420.8312,0.0000,0.0000,0.0000,0.0000,0.0000,-3.1306,-0.2128,0.1774,0.0008,-0.0022,-0.0109
1774945420.8514,0.0000,0.0000,0.0000,0.0000,0.0000,-3.1312,-0.2131,-0.5623,0.0061,-0.0033,-0.0109
1774945420.8758,0.0000,0.0000,0.0000,0.0000,0.0000,-3.1318,-0.2132,-0.8340,0.0040,-0.0054,-0.0119
1774945420.8912,0.0000,0.0000,0.0000,0.0000,0.0000,-3.1315,-0.2131,1.2565,0.0040,-0.0043,-0.0109
1774945420.9112,0.0000,0.0000,0.0000,0.0000,0.0000,-3.1317,-0.2133,-0.2131,0.0040,-0.0033,-0.0098
1774945420.9313,0.0000,0.0000,0.0000,0.0000,0.0000,-3.1313,-0.2133,1.2886,0.0050,-0.0043,-0.0098
1774945420.9518,0.0000,0.0000,0.0000,0.0000,0.0000,-3.1303,-0.2132,-0.4543,0.0050,-0.0033,-0.0119
1774945420.9713,0.0000,0.0000,0.0000,0.0000,0.0000,-3.1307,-0.2136,-0.6341,0.0008,-0.0054,-0.0109
1774945420.9913,0.0000,0.0000,0.0000,0.0000,0.0000,-3.1312,-0.2128,-0.1222,0.0050,-0.0043,-0.0098
1774945421.0113,0.0000,0.0000,0.0000,0.0000,0.0000,-3.1314,-0.2119,-1.5497,0.0040,-0.0043,-0.0098
1774945421.0313,0.0000,0.0000,0.0000,0.0000,0.0000,-3.1306,-0.2118,2.2598,0.0040,-0.0022,-0.0098
1774945421.0512,0.0000,0.0000,0.0000,0.0000,0.0000,-3.1308,-0.2118,-0.6674,0.0029,-0.0033,-0.0109
1774945421.0712,0.0000,0.0000,0.0000,0.0000,0.0000,-3.1315,-0.2119,0.8706,0.0040,-0.0022,-0.0109
1774945421.0913,0.0000,0.0000,0.0000,0.0000,0.0000,-3.1312,-0.2130,-0.2911,0.0061,-0.0033,-0.0109
1774945421.1113,0.0000,0.0000,0.0000,0.0000,0.0000,-3.1319,-0.2135,-1.9672,0.0050,-0.0043,-0.0098
1774945421.1314,0.0000,0.0000,0.0000,0.0000,0.0000,-3.1321,-0.2129,0.8310,0.0061,-0.0043,-0.0119
1774945421.1514,0.0000,0.0000,0.0000,0.0000,0.0000,-3.1317,-0.2127,-0.0436,0.0040,-0.0043,-0.0141
1774945421.1713,0.0000,0.0000,0.0000,0.0000,0.0000,-3.1310,-0.2122,1.3204,0.0029,-0.0043,-0.0098
1774945421.1914,0.0000,0.0000,0.0000,0.0000,0.0000,-3.1296,-0.2119,0.2903,0.0040,-0.0022,-0.0119
1774945421.2113,0.0000,0.0000,0.0000,0.0000,0.0000,-3.1295,-0.2118,1.2320,0.0019,-0.0033,-0.0098
1774945421.2313,0.0000,0.0000,0.0000,0.0000,0.0000,-3.1293,-0.2124,1.1248,0.0050,-0.0033,-0.0098
1774945421.2554,0.0000,0.0000,0.0000,0.0000,0.0000,-3.1307,-0.2127,-1.6238,0.0029,-0.0033,-0.0119
1774945421.2712,0.0000,0.0000,0.0000,0.0000,0.0000,-3.1294,-0.2129,1.4133,0.0019,-0.0043,-0.0109
1774945421.2947,0.0000,0.0000,0.0000,0.0000,0.0000,-3.1297,-0.2128,-0.7161,0.0040,-0.0033,-0.0119
1774945421.3112,0.0000,0.0000,0.0000,0.0000,0.0000,-3.1305,-0.2129,0.2501,0.0019,-0.0022,-0.0109
1774945421.3313,0.0000,0.0000,0.0000,0.0000,0.0000,-3.1294,-0.2129,-0.3047,0.0061,-0.0043,-0.0119
1774945421.3527,0.0000,0.0000,0.0000,0.0000,0.0000,-3.1304,-0.2128,0.2292,0.0029,-0.0043,-0.0119
1774945421.3713,0.0000,0.0000,0.0000,0.0000,0.0000,-3.1300,-0.2128,1.1496,0.0050,-0.0033,-0.0109
1774945421.3915,0.0000,0.0000,0.0000,0.0000,0.0000,-3.1305,-0.2129,0.3057,0.0050,-0.0043,-0.0109
1774945421.4115,0.0000,0.0000,0.0000,0.0000,0.0000,-3.1307,-0.2131,0.8910,0.0040,-0.0033,-0.0130
1774945421.4315,0.0000,0.0000,0.0000,0.0000,0.0000,-3.1303,-0.2129,-0.6611,0.0050,-0.0033,-0.0109
1774945421.4512,0.0000,0.0000,0.0000,0.0000,0.0000,-3.1311,-0.2128,-0.9451,0.0008,-0.0054,-0.0098
1774945421.4717,0.0000,0.0000,0.0000,0.0000,0.0000,-3.1305,-0.2127,0.5806,0.0040,-0.0043,-0.0109
1774945421.4913,0.0000,0.0000,0.0000,0.0000,0.0000,-3.1311,-0.2127,-0.4841,0.0040,-0.0043,-0.0109
1774945421.5114,0.0000,0.0000,0.0000,0.0000,0.0000,-3.1304,-0.2128,1.2635,0.0040,-0.0043,-0.0109
1774945421.5313,0.0000,0.0000,0.0000,0.0000,0.0000,-3.1303,-0.2127,-0.2232,0.0050,-0.0043,-0.0119
1774945421.5519,0.0000,0.0000,0.0000,0.0000,0.0000,-3.1308,-0.2129,0.5114,0.0040,-0.0043,-0.0109
1774945421.5714,0.0000,0.0000,0.0000,0.0000,0.0000,-3.1305,-0.2128,-0.1760,0.0040,-0.0033,-0.0119
1774945421.5913,0.0000,0.0000,0.0000,0.0000,0.0000,-3.1307,-0.2129,-0.7871,0.0040,-0.0033,-0.0098
1774945421.6119,0.0000,0.0000,0.0000,0.0000,0.0000,-3.1302,-0.2129,1.5223,0.0040,-0.0054,-0.0130
1774945421.6313,0.0000,0.0000,0.0000,0.0000,0.0000,-3.1305,-0.2128,-0.0922,0.0050,-0.0033,-0.0098
1774945421.6515,0.0000,0.0000,0.0000,0.0000,0.0000,-3.1306,-0.2128,0.2482,0.0040,-0.0043,-0.0098
1774945421.6720,0.0000,0.0000,0.0000,0.0000,0.0000,-3.1305,-0.2128,-0.7820,0.0040,-0.0033,-0.0130
1774945421.6912,0.0000,0.0000,0.0000,0.0000,0.0000,-3.1310,-0.2130,-0.3692,0.0029,-0.0033,-0.0098
1774945421.7112,0.0000,0.0000,0.0000,0.0000,0.0000,-3.1301,-0.2130,1.0390,0.0050,-0.0043,-0.0109
1774945421.7312,0.0000,0.0000,0.0000,0.0000,0.0000,-3.1305,-0.2131,-0.9201,0.0040,-0.0043,-0.0130
1774945421.7512,0.0000,0.0000,0.0000,0.0000,0.0000,-3.1301,-0.2131,0.4687,0.0040,-0.0033,-0.0109
1774945421.7712,0.0000,0.0000,0.0000,0.0000,0.0000,-3.1304,-0.2129,0.0880,0.0040,-0.0043,-0.0119
1774945421.7918,0.0000,0.0000,0.0000,0.0000,0.0000,-3.1307,-0.2130,0.8663,0.0008,-0.0033,-0.0130
1774945421.8113,0.0000,0.0000,0.0000,0.0000,0.0000,-3.1303,-0.2128,0.1754,0.0061,-0.0043,-0.0109
1774945421.8313,0.0000,0.0000,0.0000,0.0000,0.0000,-3.1309,-0.2130,-1.3866,0.0029,-0.0033,-0.0119
1774945421.8513,0.0000,0.0000,0.0000,0.0000,0.0000,-3.1300,-0.2128,1.1306,0.0050,-0.0033,-0.0109
1774945421.8715,0.0000,0.0000,0.0000,0.0000,0.0000,-3.1304,-0.2130,0.6760,0.0029,-0.0043,-0.0098
1774945421.8958,0.0000,0.0000,0.0000,0.0000,0.0000,-3.1305,-0.2129,0.9107,0.0029,-0.0033,-0.0098
1774945421.9114,0.0000,0.0000,0.0000,0.0000,0.0000,-3.1305,-0.2128,0.6540,0.0061,-0.0054,-0.0109
1774945421.9333,0.0000,0.0000,0.0000,0.0000,0.0000,-3.1306,-0.2129,1.5327,0.0019,-0.0033,-0.0109
1774945421.9514,0.0000,0.0000,0.0000,0.0000,0.0000,-3.1303,-0.2129,0.3534,0.0050,-0.0033,-0.0119
1774945421.9714,0.0000,0.0000,0.0000,0.0000,0.0000,-3.1309,-0.2127,-1.2167,0.0050,-0.0054,-0.0130
1774945421.9948,0.0000,0.0000,0.0000,0.0000,0.0000,-3.1305,-0.2127,0.2134,0.0040,-0.0043,-0.0119
1774945422.0150,0.0000,0.0000,0.0000,0.0000,0.0000,-3.1309,-0.2129,-0.9046,0.0040,-0.0022,-0.0087
1774945422.0313,0.0000,0.0000,0.0000,0.0000,0.0000,-3.1310,-0.2129,0.8271,0.0019,-0.0022,-0.0098
1774945422.0514,0.0000,0.0000,0.0000,0.0000,0.0000,-3.1301,-0.2130,0.2317,0.0050,-0.0033,-0.0109
1774945422.0714,0.0000,0.0000,0.0000,0.0000,0.0000,-3.1310,-0.2131,-1.1174,0.0019,-0.0043,-0.0109
1774945422.0915,0.0000,0.0000,0.0000,0.0000,0.0000,-3.1302,-0.2130,1.0838,0.0040,-0.0033,-0.0109
1774945422.1114,0.0000,0.0000,0.0000,0.0000,0.0000,-3.1307,-0.2130,-0.3637,0.0040,-0.0033,-0.0109
1774945422.1312,0.0000,0.0000,0.0000,0.0000,0.0000,-3.1306,-0.2129,0.2644,0.0029,-0.0033,-0.0109
1774945422.1516,0.0000,0.0000,0.0000,0.0000,0.0000,-3.1302,-0.2129,-0.8719,0.0050,-0.0033,-0.0119
1774945422.1713,0.0000,0.0000,0.0000,0.0000,0.0000,-3.1309,-0.2130,-0.1246,0.0019,-0.0043,-0.0098
1774945422.1912,0.0000,0.0000,0.0000,0.0000,0.0000,-3.1301,-0.2130,0.6579,0.0050,-0.0054,-0.0109
1774945422.2113,0.0000,0.0000,0.0000,0.0000,0.0000,-3.1307,-0.2130,-0.6666,0.0040,-0.0043,-0.0119
1774945422.2313,0.0000,0.0000,0.0000,0.0000,0.0000,-3.1305,-0.2128,0.3047,0.0040,-0.0043,-0.0119
1774945422.2515,0.0000,0.0000,0.0000,0.0000,0.0000,-3.1306,-0.2128,0.2098,0.0040,-0.0033,-0.0109
1774945422.2716,0.0000,0.0000,0.0000,0.0000,0.0000,-3.1309,-0.2130,1.0953,0.0029,-0.0033,-0.0119
1774945422.2912,0.0000,0.0000,0.0000,0.0000,0.0000,-3.1303,-0.2129,-0.3518,0.0061,-0.0043,-0.0119
1774945422.3114,0.0000,0.0000,0.0000,0.0000,0.0000,-3.1309,-0.2129,-1.3326,0.0040,-0.0033,-0.0119
1774945422.3313,0.0000,0.0000,0.0000,0.0000,0.0000,-3.1303,-0.2128,0.8224,0.0019,-0.0033,-0.0087
1774945422.3512,0.0000,0.0000,0.0000,0.0000,0.0000,-3.1308,-0.2128,0.0826,0.0050,-0.0043,-0.0119
1774945422.3715,0.0000,0.0000,0.0000,0.0000,0.0000,-3.1308,-0.2126,0.4545,0.0040,-0.0033,-0.0109
1774945422.3914,0.0000,0.0000,0.0000,0.0000,0.0000,-3.1304,-0.2127,-0.2926,0.0029,-0.0022,-0.0109
1774945422.4113,0.0000,0.0000,0.0000,0.0000,0.0000,-3.1310,-0.2130,-0.4625,0.0019,-0.0043,-0.0109
1774945422.4312,0.0000,0.0000,0.0000,0.0000,0.0000,-3.1300,-0.2128,-0.0441,0.0040,-0.0033,-0.0130
1774945422.4513,0.0000,0.0000,0.0000,0.0000,0.0000,-3.1308,-0.2128,-1.1445,0.0040,-0.0033,-0.0130
1774945422.4713,0.0000,0.0000,0.0000,0.0000,0.0000,-3.1303,-0.2128,0.1256,0.0040,-0.0054,-0.0109
1774945422.4915,0.0000,0.0000,0.0000,0.0000,0.0000,-3.1305,-0.2128,0.0841,0.0040,-0.0022,-0.0109
1774945422.5112,0.0000,0.0000,0.0000,0.0000,0.0000,-3.1307,-0.2130,0.3384,0.0029,-0.0033,-0.0109
1774945422.5313,0.0000,0.0000,0.0000,0.0000,0.0000,-3.1300,-0.2129,-0.3144,0.0040,-0.0033,-0.0109
1774945422.5520,0.0000,0.0000,0.0000,0.0000,0.0000,-3.1309,-0.2131,-1.0117,0.0029,-0.0054,-0.0109
1774945422.5713,0.0000,0.0000,0.0000,0.0000,0.0000,-3.1300,-0.2131,1.2153,0.0061,-0.0043,-0.0119
1774945422.5913,0.0000,0.0000,0.0000,0.0000,0.0000,-3.1306,-0.2130,0.2908,0.0040,-0.0043,-0.0119
1774945422.6113,0.0000,0.0000,0.0000,0.0000,0.0000,-3.1306,-0.2129,0.2559,0.0050,-0.0043,-0.0098
1774945422.6312,0.0000,0.0000,0.0000,0.0000,0.0000,-3.1304,-0.2128,-0.6912,0.0050,-0.0022,-0.0109
1774945422.6515,0.0000,0.0000,0.0000,0.0000,0.0000,-3.1308,-0.2127,0.6985,0.0019,-0.0043,-0.0098
1774945422.6718,0.0000,0.0000,0.0000,0.0000,0.0000,-3.1302,-0.2130,0.8709,0.0061,-0.0043,-0.0119
1774945422.6913,0.0000,0.0000,0.0000,0.0000,0.0000,-3.1308,-0.2128,-0.8724,0.0072,-0.0054,-0.0141
1774945422.7112,0.0000,0.0000,0.0000,0.0000,0.0000,-3.1303,-0.2127,0.0880,0.0019,-0.0033,-0.0109
1774945422.7314,0.0000,0.0000,0.0000,0.0000,0.0000,-3.1303,-0.2128,0.0000,0.0029,-0.0033,-0.0098
1774945422.7518,0.0000,0.0000,0.0000,0.0000,0.0000,-3.1306,-0.2129,1.6500,0.0040,-0.0043,-0.0109
1774945422.7717,0.0000,0.0000,0.0000,0.0000,0.0000,-3.1301,-0.2128,-1.1536,0.0040,-0.0033,-0.0119
1774945422.7914,0.0000,0.0000,0.0000,0.0000,0.0000,-3.1307,-0.2129,-1.2733,0.0029,-0.0043,-0.0109
1774945422.8114,0.0000,0.0000,0.0000,0.0000,0.0000,-3.1304,-0.2127,0.7102,0.0050,-0.0043,-0.0109
1774945422.8313,0.0000,0.0000,0.0000,0.0000,0.0000,-3.1304,-0.2128,-0.2720,0.0061,-0.0054,-0.0119
1774945422.8523,0.0000,0.0000,0.0000,0.0000,0.0000,-3.1301,-0.2128,0.3543,0.0019,-0.0043,-0.0098
1774945422.8716,0.0000,0.0000,0.0000,0.0000,0.0000,-3.1300,-0.2127,-0.5985,0.0040,-0.0022,-0.0119
1774945422.8913,0.0000,0.0000,0.0000,0.0000,0.0000,-3.1303,-0.2128,-0.0889,0.0029,-0.0033,-0.0109
1774945422.9114,0.0000,0.0000,0.0000,0.0000,0.0000,-3.1297,-0.2128,1.1221,0.0050,-0.0054,-0.0098
1774945422.9315,0.0000,0.0000,0.0000,0.0000,0.0000,-3.1304,-0.2127,-0.4365,0.0019,-0.0043,-0.0109
1774945422.9518,0.0000,0.0000,0.0000,0.0000,0.0000,-3.1299,-0.2126,0.5737,0.0040,-0.0043,-0.0098
1774945422.9716,0.0000,0.0000,0.0000,0.0000,0.0000,-3.1300,-0.2126,0.4042,0.0050,-0.0022,-0.0130
1774945422.9912,0.0000,0.0000,0.0000,0.0000,0.0000,-3.1303,-0.2127,0.8893,0.0040,-0.0043,-0.0119
1774945423.0113,0.0000,0.0000,0.0000,0.0000,0.0000,-3.1296,-0.2128,-0.0904,0.0072,-0.0043,-0.0109
1774945423.0313,0.0000,0.0000,0.0000,0.0000,0.0000,-3.1304,-0.2127,-0.8927,0.0029,-0.0033,-0.0119
1774945423.0513,0.0000,0.0000,0.0000,0.0000,0.0000,-3.1298,-0.2128,0.7011,0.0061,-0.0043,-0.0119
1774945423.0714,0.0000,0.0000,0.0000,0.0000,0.0000,-3.1301,-0.2126,-0.4622,0.0029,-0.0043,-0.0109
1774945423.0915,0.0000,0.0000,0.0000,0.0000,0.0000,-3.1301,-0.2125,0.2903,0.0019,-0.0033,-0.0109
1774945423.1112,0.0000,0.0000,0.0000,0.0000,0.0000,-3.1298,-0.2125,-0.7169,0.0029,-0.0043,-0.0119
1774945423.1314,0.0000,0.0000,0.0000,0.0000,0.0000,-3.1306,-0.2127,-0.5408,0.0029,-0.0033,-0.0109
1774945423.1523,0.0000,0.0000,0.0000,0.0000,0.0000,-3.1300,-0.2126,0.7680,0.0050,-0.0043,-0.0119
1774945423.1721,0.0000,0.0000,0.0000,0.0000,0.0000,-3.1306,-0.2129,-1.2746,0.0029,-0.0043,-0.0109
1774945423.1916,0.0000,0.0000,0.0000,0.0000,0.0000,-3.1301,-0.2127,0.1236,0.0029,-0.0043,-0.0119
1774945423.2120,0.0000,0.0000,0.0000,0.0000,0.0000,-3.1306,-0.2127,-0.4589,0.0050,-0.0043,-0.0119
1774945423.2330,0.0000,0.0000,0.0000,0.0000,0.0000,-3.1305,-0.2126,0.0000,0.0040,-0.0043,-0.0109
1774945423.2513,0.0000,0.0000,0.0000,0.0000,0.0000,-3.1299,-0.2126,-1.2210,0.0072,-0.0022,-0.0109
1774945423.2713,0.0000,0.0000,0.0000,0.0000,0.0000,-3.1306,-0.2128,-1.3034,0.0019,-0.0033,-0.0119
1774945423.2915,0.0000,0.0000,0.0000,0.0000,0.0000,-3.1300,-0.2128,1.0477,0.0040,-0.0043,-0.0119
1774945423.3120,0.0000,0.0000,0.0000,0.0000,0.0000,-3.1308,-0.2127,0.0857,0.0040,-0.0043,-0.0119
1774945423.3313,0.0000,0.0000,0.0000,0.0000,0.0000,-3.1309,-0.2129,1.0544,0.0019,-0.0043,-0.0109
1774945423.3512,0.0000,0.0000,0.0000,0.0000,0.0000,-3.1304,-0.2130,-1.1072,0.0050,-0.0043,-0.0130
1774945423.3715,0.0000,0.0000,0.0000,0.0000,0.0000,-3.1312,-0.2130,-2.1487,0.0019,-0.0054,-0.0119
1774945423.3913,0.0000,0.0000,0.0000,0.0000,0.0000,-3.1307,-0.2127,-1.2491,0.0050,-0.0043,-0.0119
1774945423.4113,0.0000,0.0000,0.0000,0.0000,0.0000,-3.1312,-0.2129,-0.9079,0.0040,-0.0054,-0.0119
1774945423.4313,0.0000,0.0000,0.0000,0.0000,0.0000,-3.1312,-0.2132,0.0000,0.0040,-0.0033,-0.0119
1774945423.4520,0.0000,0.0000,0.0000,0.0000,0.0000,-3.1310,-0.2137,-0.1279,0.0061,-0.0043,-0.0119
1774945423.4712,0.0000,0.0000,0.0000,0.0000,0.0000,-3.1312,-0.2136,-0.7458,0.0019,-0.0043,-0.0119
1774945423.4912,0.0000,0.0000,0.0000,0.0000,0.0000,-3.1304,-0.2130,-0.0840,0.0061,-0.0054,-0.0119
1774945423.5112,0.0000,0.0000,0.0000,0.0000,0.0000,-3.1307,-0.2123,-1.0738,0.0050,-0.0054,-0.0119
1774945423.5312,0.0000,0.0000,0.0000,0.0000,0.0000,-3.1311,-0.2115,1.4085,0.0040,-0.0033,-0.0098
1774945423.5514,0.0000,0.0000,0.0000,0.0000,0.0000,-3.1313,-0.2118,-0.5042,0.0050,-0.0022,-0.0119
1774945423.5714,0.0000,0.0000,0.0000,0.0000,0.0000,-3.1305,-0.2125,1.2486,0.0008,-0.0043,-0.0119
1774945423.5914,0.0000,0.0000,0.0000,0.0000,0.0000,-3.1301,-0.2131,-0.9506,0.0061,-0.0033,-0.0119
1774945423.6112,0.0000,0.0000,0.0000,0.0000,0.0000,-3.1315,-0.2135,-2.0968,0.0040,-0.0054,-0.0109
1774945423.6335,0.0000,0.0000,0.0000,0.0000,0.0000,-3.1320,-0.2135,0.0000,0.0040,-0.0054,-0.0109
1774945423.6512,0.0000,0.0000,0.0000,0.0000,0.0000,-3.1331,-0.2129,-0.9645,0.0040,-0.0033,-0.0130
1774945423.6712,0.0000,0.0000,0.0000,0.0000,0.0000,-3.1318,-0.2124,1.2374,0.0040,-0.0043,-0.0109
1774945423.6912,0.0000,0.0000,0.0000,0.0000,0.0000,-3.1321,-0.2125,-0.6221,0.0050,-0.0043,-0.0119
1774945423.7114,0.0000,0.0000,0.0000,0.0000,0.0000,-3.1324,-0.2123,-0.4373,0.0040,-0.0033,-0.0109
1774945423.7315,0.0000,0.0000,0.0000,0.0000,0.0000,-3.1314,-0.2128,2.7125,0.0040,-0.0033,-0.0119
1774945423.7512,0.0000,0.0000,0.0000,0.0000,0.0000,-3.1313,-0.2136,-0.7714,0.0029,-0.0043,-0.0141
1774945423.7712,0.0000,0.0000,0.0000,0.0000,0.0000,-3.1306,-0.2135,0.6673,0.0019,-0.0043,-0.0109
1774945423.7912,0.0000,0.0000,0.0000,0.0000,0.0000,-3.1299,-0.2134,-0.4526,0.0019,-0.0033,-0.0109
1774945423.8112,0.0000,0.0000,0.0000,0.0000,0.0000,-3.1308,-0.2134,0.9119,0.0029,-0.0043,-0.0109
1774945423.8312,0.0000,0.0000,0.0000,0.0000,0.0000,-3.1304,-0.2132,-0.6313,0.0050,-0.0043,-0.0119
1774945423.8513,0.0000,0.0000,0.0000,0.0000,0.0000,-3.1310,-0.2132,-0.5590,0.0029,-0.0033,-0.0109
1774945423.8712,0.0000,0.0000,0.0000,0.0000,0.0000,-3.1307,-0.2131,1.0789,0.0029,-0.0054,-0.0098
1774945423.8921,0.0000,0.0000,0.0000,0.0000,0.0000,-3.1317,-0.2131,-1.3037,0.0050,-0.0033,-0.0109
1774945423.9112,0.0000,0.0000,0.0000,0.0000,0.0000,-3.1313,-0.2131,1.3168,0.0040,-0.0022,-0.0119
1774945423.9317,0.0000,0.0000,0.0000,0.0000,0.0000,-3.1303,-0.2129,-0.5057,0.0050,-0.0033,-0.0109
1774945423.9514,0.0000,0.0000,0.0000,0.0000,0.0000,-3.1308,-0.2128,0.6925,0.0040,-0.0043,-0.0119
1774945423.9712,0.0000,0.0000,0.0000,0.0000,0.0000,-3.1297,-0.2127,0.8887,0.0050,-0.0033,-0.0109
1774945423.9914,0.0000,0.0000,0.0000,0.0000,0.0000,-3.1303,-0.2126,-0.9228,0.0040,-0.0054,-0.0119
1774945424.0114,0.0000,0.0000,0.0000,0.0000,0.0000,-3.1302,-0.2128,-0.1704,0.0050,-0.0033,-0.0119
1774945424.0312,0.0000,0.0000,0.0000,0.0000,0.0000,-3.1300,-0.2128,0.5586,0.0029,-0.0033,-0.0109
1774945424.0513,0.0000,0.0000,0.0000,0.0000,0.0000,-3.1313,-0.2131,1.3620,0.0040,-0.0033,-0.0098
1774945424.0713,0.0000,0.0000,0.0000,0.0000,0.0000,-3.1314,-0.2131,-0.3020,0.0072,-0.0054,-0.0151
1774945424.0912,0.0000,0.0000,0.0000,0.0000,0.0000,-3.1318,-0.2131,-0.9018,0.0029,-0.0033,-0.0119
1774945424.1113,0.0000,0.0000,0.0000,0.0000,0.0000,-3.1310,-0.2129,0.6620,0.0040,-0.0033,-0.0130
1774945424.1314,0.0000,0.0000,0.0000,0.0000,0.0000,-3.1307,-0.2129,1.1326,0.0050,-0.0033,-0.0130
1774945424.1512,0.0000,0.0000,0.0000,0.0000,0.0000,-3.1308,-0.2131,1.9200,0.0029,-0.0054,-0.0109
1774945424.1712,0.0000,0.0000,0.0000,0.0000,0.0000,-3.1306,-0.2128,-2.2265,0.0050,-0.0022,-0.0109
1774945424.1914,0.0000,0.0000,0.0000,0.0000,0.0000,-3.1315,-0.2129,-1.2840,0.0019,-0.0054,-0.0119
1774945424.2113,0.0000,0.0000,0.0000,0.0000,0.0000,-3.1310,-0.2129,1.5369,0.0061,-0.0043,-0.0119
1774945424.2314,0.0000,0.0000,0.0000,0.0000,0.0000,-3.1311,-0.2130,-0.6929,0.0029,-0.0022,-0.0119
1774945424.2514,0.0000,0.0000,0.0000,0.0000,0.0000,-3.1304,-0.2130,2.3303,0.0061,-0.0043,-0.0098
1774945424.2716,0.0000,0.0000,0.0000,0.0000,0.0000,-3.1309,-0.2128,-1.8534,0.0040,-0.0022,-0.0119
1774945424.2914,0.0000,0.0000,0.0000,0.0000,0.0000,-3.1309,-0.2129,-0.0443,0.0019,-0.0033,-0.0119
1774945424.3141,0.0000,0.0000,0.0000,0.0000,0.0000,-3.1311,-0.2127,-0.3471,0.0072,-0.0043,-0.0109
1774945424.3312,0.0000,0.0000,0.0000,0.0000,0.0000,-3.1316,-0.2129,-0.8199,0.0019,-0.0043,-0.0109
1774945424.3513,0.0000,0.0000,0.0000,0.0000,0.0000,-3.1310,-0.2129,2.3392,0.0040,-0.0043,-0.0109
1774945424.3713,0.0000,0.0000,0.0000,0.0000,0.0000,-3.1305,-0.2128,1.2935,0.0050,-0.0054,-0.0119
1774945424.3913,0.0000,0.0000,0.0000,0.0000,0.0000,-3.1305,-0.2129,1.4108,0.0040,-0.0043,-0.0109
1774945424.4122,0.0000,0.0000,0.0000,0.0000,0.0000,-3.1308,-0.2128,-0.4483,0.0029,-0.0043,-0.0109
1774945424.4313,0.0000,0.0000,0.0000,0.0000,0.0000,-3.1303,-0.2129,-0.3467,0.0029,-0.0033,-0.0130
1774945424.4512,0.0000,0.0000,0.0000,0.0000,0.0000,-3.1300,-0.2127,0.3725,0.0040,-0.0043,-0.0109
1774945424.4723,0.0000,0.0000,0.0000,0.0000,0.0000,-3.1311,-0.2127,-1.2073,0.0019,-0.0033,-0.0109
1774945424.4914,0.0000,0.0000,0.0000,0.0000,0.0000,-3.1309,-0.2126,0.4182,0.0040,-0.0033,-0.0087
1774945424.5115,0.0000,0.0000,0.0000,0.0000,0.0000,-3.1308,-0.2126,0.0000,0.0061,-0.0043,-0.0109
1774945424.5313,0.0000,0.0000,0.0000,0.0000,0.0000,-3.1309,-0.2127,0.3447,0.0019,-0.0043,-0.0109
1774945424.5513,0.0000,0.0000,0.0000,0.0000,0.0000,-3.1300,-0.2127,0.2060,0.0061,-0.0043,-0.0119
1774945424.5716,0.0000,0.0000,0.0000,0.0000,0.0000,-3.1305,-0.2128,-1.6445,0.0029,-0.0054,-0.0119
1774945424.5912,0.0000,0.0000,0.0000,0.0000,0.0000,-3.1295,-0.2127,0.7966,0.0050,-0.0054,-0.0109
1774945424.6120,0.0000,0.0000,0.0000,0.0000,0.0000,-3.1303,-0.2128,0.9147,0.0040,-0.0022,-0.0109
1774945424.6312,0.0000,0.0000,0.0000,0.0000,0.0000,-3.1307,-0.2128,-0.4679,0.0040,-0.0043,-0.0109
1774945424.6513,0.0000,0.0000,0.0000,0.0000,0.0000,-3.1305,-0.2127,-1.8390,0.0050,-0.0033,-0.0130
1774945424.6713,0.0000,0.0000,0.0000,0.0000,0.0000,-3.1312,-0.2128,-0.9938,0.0008,-0.0043,-0.0119
1774945424.6913,0.0000,0.0000,0.0000,0.0000,0.0000,-3.1305,-0.2128,1.4100,0.0050,-0.0043,-0.0130
1774945424.7115,0.0000,0.0000,0.0000,0.0000,0.0000,-3.1312,-0.2127,-1.8340,0.0029,-0.0033,-0.0119
1774945424.7313,0.0000,0.0000,0.0000,0.0000,0.0000,-3.1304,-0.2131,1.0750,0.0029,-0.0043,-0.0098
1774945424.7514,0.0000,0.0000,0.0000,0.0000,0.0000,-3.1301,-0.2131,1.2460,0.0050,-0.0022,-0.0119
1774945424.7713,0.0000,0.0000,0.0000,0.0000,0.0000,-3.1310,-0.2129,0.8871,0.0029,-0.0043,-0.0119
1774945424.7912,0.0000,0.0000,0.0000,0.0000,0.0000,-3.1304,-0.2128,-0.2470,0.0040,-0.0022,-0.0130
1774945424.8112,0.0000,0.0000,0.0000,0.0000,0.0000,-3.1309,-0.2126,-1.4834,0.0050,-0.0043,-0.0119
1774945424.8313,0.0000,0.0000,0.0000,0.0000,0.0000,-3.1305,-0.2127,0.0869,0.0061,-0.0033,-0.0119
1774945424.8522,0.0000,0.0000,0.0000,0.0000,0.0000,-3.1307,-0.2128,0.9720,0.0029,-0.0022,-0.0109
1774945424.8712,0.0000,0.0000,0.0000,0.0000,0.0000,-3.1308,-0.2128,0.8137,0.0061,-0.0033,-0.0109
1774945424.8947,0.0000,0.0000,0.0000,0.0000,0.0000,-3.1309,-0.2128,-0.4666,0.0050,-0.0033,-0.0109
1774945424.9113,0.0000,0.0000,0.0000,0.0000,0.0000,-3.1312,-0.2128,-0.3889,0.0008,-0.0043,-0.0109
1774945424.9316,0.0000,0.0000,0.0000,0.0000,0.0000,-3.1306,-0.2128,0.8618,0.0040,-0.0033,-0.0109
1774945424.9513,0.0000,0.0000,0.0000,0.0000,0.0000,-3.1311,-0.2128,-0.9621,0.0040,-0.0043,-0.0109
1774945424.9713,0.0000,0.0000,0.0000,0.0000,0.0000,-3.1307,-0.2127,0.7082,0.0008,-0.0033,-0.0119
1774945424.9929,0.0000,0.0000,0.0000,0.0000,0.0000,-3.1304,-0.2124,-1.7307,0.0050,-0.0054,-0.0109
1774945425.0115,0.0000,0.0000,0.0000,0.0000,0.0000,-3.1314,-0.2125,-3.5044,0.0050,-0.0043,-0.0098
1774945425.0313,0.0000,0.0000,0.0000,0.0000,0.0000,-3.1306,-0.2130,-0.2108,0.0029,-0.0033,-0.0119
1774945425.0516,0.0000,0.0000,0.0000,0.0000,0.0000,-3.1298,-0.2129,1.7542,0.0029,-0.0033,-0.0130
1774945425.0713,0.0000,0.0000,0.0000,0.0000,0.0000,-3.1298,-0.2122,2.7105,0.0040,-0.0065,-0.0109
1774945425.0912,0.0000,0.0000,0.0000,0.0000,0.0000,-3.1299,-0.2127,1.4049,0.0029,-0.0022,-0.0130
1774945425.1112,0.0000,0.0000,0.0000,0.0000,0.0000,-3.1291,-0.2129,1.9525,0.0050,-0.0012,-0.0119
1774945425.1313,0.0000,0.0000,0.0000,0.0000,0.0000,-3.1287,-0.2120,-2.0420,0.0050,-0.0033,-0.0119
1774945425.1522,0.0000,0.0000,0.0000,0.0000,0.0000,-3.1294,-0.2123,-4.0264,0.0040,-0.0043,-0.0130
1774945425.1714,0.0000,0.0000,0.0000,0.0000,0.0000,-3.1290,-0.2125,0.2635,0.0019,-0.0022,-0.0109
1774945425.1912,0.0000,0.0000,0.0000,0.0000,0.0000,-3.1298,-0.2124,-2.0521,0.0019,-0.0033,-0.0109
1774945425.2112,0.0000,0.0000,0.0000,0.0000,0.0000,-3.1302,-0.2124,0.4891,0.0040,-0.0033,-0.0109
1774945425.2314,0.0000,0.0000,0.0000,0.0000,0.0000,-3.1306,-0.2128,2.8778,0.0019,-0.0033,-0.0119
1774945425.2522,0.0000,0.0000,0.0000,0.0000,0.0000,-3.1305,-0.2130,2.4244,0.0029,-0.0022,-0.0109
1774945425.2713,0.0000,0.0000,0.0000,0.0000,0.0000,-3.1297,-0.2126,-0.2098,0.0050,-0.0054,-0.0098
1774945425.2913,0.0000,0.0000,0.0000,0.0000,0.0000,-3.1298,-0.2126,-0.7657,0.0040,-0.0054,-0.0109
1774945425.3115,0.0000,0.0000,0.0000,0.0000,0.0000,-3.1289,-0.2126,0.9280,0.0050,-0.0033,-0.0087
1774945425.3313,0.0000,0.0000,0.0000,0.0000,0.0000,-3.1295,-0.2127,0.3769,0.0061,-0.0033,-0.0119
1774945425.3514,0.0000,0.0000,0.0000,0.0000,0.0000,-3.1298,-0.2127,0.9314,0.0050,-0.0043,-0.0109
1774945425.3722,0.0000,0.0000,0.0000,0.0000,0.0000,-3.1302,-0.2130,0.0423,0.0050,-0.0033,-0.0130
1774945425.3912,0.0000,0.0000,0.0000,0.0000,0.0000,-3.1311,-0.2132,-0.3302,0.0008,-0.0033,-0.0098
1774945425.4115,0.0000,0.0000,0.0000,0.0000,0.0000,-3.1307,-0.2129,0.8880,0.0040,-0.0022,-0.0098
1774945425.4315,0.0000,0.0000,0.0000,0.0000,0.0000,-3.1316,-0.2128,-0.9991,0.0029,-0.0043,-0.0109
1774945425.4515,0.0000,0.0000,0.0000,0.0000,0.0000,-3.1313,-0.2128,-0.6696,0.0040,-0.0033,-0.0119
1774945425.4713,0.0000,0.0000,0.0000,0.0000,0.0000,-3.1310,-0.2126,0.5931,0.0029,-0.0033,-0.0109
1774945425.4913,0.0000,0.0000,0.0000,0.0000,0.0000,-3.1308,-0.2125,0.1739,0.0029,-0.0033,-0.0109
1774945425.5113,0.0000,0.0000,0.0000,0.0000,0.0000,-3.1299,-0.2132,-0.9199,0.0061,-0.0022,-0.0109
1774945425.5312,0.0000,0.0000,0.0000,0.0000,0.0000,-3.1305,-0.2128,-0.8428,0.0029,-0.0054,-0.0119
1774945425.5513,0.0000,0.0000,0.0000,0.0000,0.0000,-3.1298,-0.2129,1.9455,0.0019,-0.0054,-0.0109
1774945425.5712,0.0000,0.0000,0.0000,0.0000,0.0000,-3.1303,-0.2131,0.1764,0.0029,-0.0043,-0.0098
1774945425.5912,0.0000,0.0000,0.0000,0.0000,0.0000,-3.1311,-0.2128,-0.5355,0.0029,-0.0043,-0.0098
1774945425.6114,0.0000,0.0000,0.0000,0.0000,0.0000,-3.1317,-0.2129,-2.4193,0.0008,-0.0043,-0.0130
1774945425.6314,0.0000,0.0000,0.0000,0.0000,0.0000,-3.1311,-0.2129,-0.1748,0.0029,-0.0043,-0.0109
1774945425.6519,0.0000,0.0000,0.0000,0.0000,0.0000,-3.1308,-0.2128,-1.4516,0.0050,-0.0033,-0.0109
1774945425.6713,0.0000,0.0000,0.0000,0.0000,0.0000,-3.1314,-0.2128,-1.0642,0.0019,-0.0022,-0.0109
1774945425.6913,0.0000,0.0000,0.0000,0.0000,0.0000,-3.1305,-0.2129,0.4990,0.0029,-0.0043,-0.0098
1774945425.7112,0.0000,0.0000,0.0000,0.0000,0.0000,-3.1304,-0.2129,-0.2089,0.0050,-0.0033,-0.0119
1774945425.7313,0.0000,0.0000,0.0000,0.0000,0.0000,-3.1304,-0.2129,0.3067,0.0040,-0.0033,-0.0130
1774945425.7513,0.0000,0.0000,0.0000,0.0000,0.0000,-3.1297,-0.2128,-0.4675,0.0050,-0.0043,-0.0109
1774945425.7712,0.0000,0.0000,0.0000,0.0000,0.0000,-3.1309,-0.2129,-1.2312,0.0029,-0.0043,-0.0109
1774945425.7912,0.0000,0.0000,0.0000,0.0000,0.0000,-3.1306,-0.2130,1.6168,0.0040,-0.0033,-0.0119
1774945425.8115,0.0000,0.0000,0.0000,0.0000,0.0000,-3.1314,-0.2130,0.3636,0.0050,-0.0022,-0.0109
1774945425.8312,0.0000,0.0000,0.0000,0.0000,0.0000,-3.1320,-0.2127,0.7152,0.0061,-0.0033,-0.0119
1774945425.8518,0.0000,0.0000,0.0000,0.0000,0.0000,-3.1321,-0.2126,-0.6280,0.0050,-0.0033,-0.0119
1774945425.8713,0.0000,0.0000,0.0000,0.0000,0.0000,-3.1321,-0.2130,0.1670,0.0040,-0.0022,-0.0098
1774945425.8912,0.0000,0.0000,0.0000,0.0000,0.0000,-3.1307,-0.2131,0.7886,0.0082,-0.0043,-0.0119
1774945425.9111,0.0000,0.0000,0.0000,0.0000,0.0000,-3.1308,-0.2134,-1.2584,0.0029,-0.0043,-0.0109
1774945425.9312,0.0000,0.0000,0.0000,0.0000,0.0000,-3.1299,-0.2135,0.5163,0.0040,-0.0022,-0.0109
1774945425.9512,0.0000,0.0000,0.0000,0.0000,0.0000,-3.1294,-0.2133,1.3328,0.0050,-0.0043,-0.0109
1774945425.9714,0.0000,0.0000,0.0000,0.0000,0.0000,-3.1304,-0.2133,1.0192,0.0008,-0.0033,-0.0098
1774945425.9913,0.0000,0.0000,0.0000,0.0000,0.0000,-3.1303,-0.2133,0.4484,0.0040,-0.0033,-0.0109
1774945426.0112,0.0000,0.0000,0.0000,0.0000,0.0000,-3.1306,-0.2131,-0.6920,0.0040,-0.0033,-0.0109
1774945426.0312,0.0000,0.0000,0.0000,0.0000,0.0000,-3.1310,-0.2125,0.9321,0.0040,-0.0033,-0.0109
1774945426.0511,0.0000,0.0000,0.0000,0.0000,0.0000,-3.1308,-0.2131,-0.3072,0.0061,-0.0043,-0.0109
1774945426.0712,0.0000,0.0000,0.0000,0.0000,0.0000,-3.1314,-0.2128,0.4695,0.0019,-0.0043,-0.0098
1774945426.0914,0.0000,0.0000,0.0000,0.0000,0.0000,-3.1313,-0.2126,0.0000,0.0061,-0.0043,-0.0119
1774945426.1134,0.0000,0.0000,0.0000,0.0000,0.0000,-3.1311,-0.2136,0.0000,0.0019,-0.0043,-0.0098
1774945426.1317,0.0000,0.0000,0.0000,0.0000,0.0000,-3.1309,-0.2135,1.7996,0.0050,-0.0033,-0.0130
1774945426.1514,0.0000,0.0000,0.0000,0.0000,0.0000,-3.1318,-0.2134,0.0000,0.0008,-0.0043,-0.0130
1774945426.1715,0.0000,0.0000,0.0000,0.0000,0.0000,-3.1303,-0.2134,1.2168,0.0029,-0.0043,-0.0109
1774945426.1912,0.0000,0.0000,0.0000,0.0000,0.0000,-3.1301,-0.2134,-0.9006,0.0061,-0.0043,-0.0109
1774945426.2115,0.0000,0.0000,0.0000,0.0000,0.0000,-3.1309,-0.2130,0.0000,0.0029,-0.0043,-0.0098
1774945426.2313,0.0000,0.0000,0.0000,0.0000,0.0000,-3.1295,-0.2126,0.6972,0.0019,-0.0043,-0.0109
1774945426.2513,0.0000,0.0000,0.0000,0.0000,0.0000,-3.1292,-0.2127,-1.4138,0.0050,-0.0043,-0.0119
1774945426.2713,0.0000,0.0000,0.0000,0.0000,0.0000,-3.1293,-0.2127,1.3170,0.0029,-0.0033,-0.0098
1774945426.2917,0.0000,0.0000,0.0000,0.0000,0.0000,-3.1298,-0.2126,-0.0837,0.0061,-0.0033,-0.0119
1774945426.3114,0.0000,0.0000,0.0000,0.0000,0.0000,-3.1292,-0.2126,0.0000,0.0050,-0.0033,-0.0119
1774945426.3316,0.0000,0.0000,0.0000,0.0000,0.0000,-3.1289,-0.2128,-0.5026,0.0050,-0.0043,-0.0119
1774945426.3514,0.0000,0.0000,0.0000,0.0000,0.0000,-3.1296,-0.2127,-0.5442,0.0019,-0.0033,-0.0098
1774945426.3712,0.0000,0.0000,0.0000,0.0000,0.0000,-3.1295,-0.2126,0.2985,0.0040,-0.0054,-0.0119
1774945426.3914,0.0000,0.0000,0.0000,0.0000,0.0000,-3.1300,-0.2128,-1.7535,0.0019,-0.0043,-0.0119
1774945426.4119,0.0000,0.0000,0.0000,0.0000,0.0000,-3.1302,-0.2128,0.8303,0.0040,-0.0043,-0.0119
1774945426.4313,0.0000,0.0000,0.0000,0.0000,0.0000,-3.1300,-0.2128,-0.9810,0.0040,-0.0033,-0.0098
1774945426.4512,0.0000,0.0000,0.0000,0.0000,0.0000,-3.1309,-0.2128,-0.8823,0.0019,-0.0022,-0.0098
1774945426.4716,0.0000,0.0000,0.0000,0.0000,0.0000,-3.1301,-0.2135,1.4223,0.0082,-0.0054,-0.0109
1774945426.4914,0.0000,0.0000,0.0000,0.0000,0.0000,-3.1297,-0.2158,0.6875,0.0061,-0.0001,-0.0119
1774945426.5118,0.0000,0.0000,0.0000,0.0000,0.0000,-3.1305,-0.2157,-5.0175,0.0093,-0.0075,-0.0109
1774945426.5313,0.0000,0.0000,0.0000,0.0000,0.0000,-3.1322,-0.2182,-20.5172,0.0050,-0.0086,-0.0013
1774945426.5525,0.0000,0.0000,0.0000,0.0000,0.0000,-3.1325,-0.2185,3.7567,-0.0045,-0.0161,-0.0024
1774945426.5712,0.0000,0.0000,0.0000,0.0000,0.0000,-3.1302,-0.2204,5.4475,0.0114,0.0063,-0.0130
1774945426.5913,0.0000,0.0000,0.0000,0.0000,0.0000,-3.1297,-0.2231,6.5574,0.0221,-0.0012,-0.0055
1774945426.6112,0.0000,0.0000,0.0000,0.0000,0.0000,-3.1299,-0.2277,-42.3658,0.0114,0.0830,-0.0087
1774945426.6326,0.0000,0.0000,0.0000,0.0000,0.0000,-3.1316,-0.2298,-27.1261,-0.0205,-0.0161,-0.0055
1774945426.6514,0.0000,0.0000,0.0000,0.0000,0.0000,-3.1306,-0.2316,34.1748,0.0157,-0.0864,0.0136
1774945426.6714,0.0000,0.0000,0.0000,0.0000,0.0000,-3.1299,-0.2345,19.7376,0.0285,-0.0555,0.0062
1774945426.6915,0.0000,0.0000,0.0000,0.0000,0.0000,-3.1291,-0.2347,30.5703,0.0189,-0.0864,0.0083
1774945426.7114,0.0000,0.0000,0.0000,0.0000,0.0000,-3.1278,-0.2334,-1.3101,0.0327,-0.1226,-0.0002
1774945426.7313,0.0000,0.0000,0.0000,0.0000,0.0000,-3.1282,-0.2324,-0.4193,0.0242,-0.1258,-0.0098
1774945426.7514,0.0000,0.0000,0.0000,0.0000,0.0000,-3.1284,-0.2303,9.8318,0.0168,-0.1545,-0.0183
1774945426.7712,0.0000,0.0000,0.0000,0.0000,0.0000,-3.1283,-0.2289,-5.5089,0.0114,-0.1450,-0.0173
1774945426.7912,0.0000,0.0000,0.0000,0.0000,0.0000,-3.1287,-0.2294,3.2348,-0.0003,-0.1418,-0.0066
1774945426.8114,0.0000,0.0000,0.0000,0.0000,0.0000,-3.1295,-0.2286,-12.0215,0.0061,-0.1332,-0.0045
1774945426.8313,0.0000,0.0000,0.0000,0.0000,0.0000,-3.1309,-0.2290,-17.5006,0.0061,-0.1311,0.0008
1774945426.8512,0.0000,0.0000,0.0000,0.0000,0.0000,-3.1304,-0.2285,11.5309,-0.0099,-0.1173,-0.0045
1774945426.8712,0.0000,0.0000,0.0000,0.0000,0.0000,-3.1280,-0.2271,6.7949,0.0146,-0.1173,-0.0066
1774945426.8913,0.0000,0.0000,0.0000,0.0000,0.0000,-3.1280,-0.2256,-0.5651,0.0242,-0.1151,-0.0055
1774945426.9121,0.0000,0.0000,0.0000,0.0000,0.0000,-3.1285,-0.2244,0.8686,0.0178,-0.0810,-0.0087
1774945426.9313,0.0000,0.0000,0.0000,0.0000,0.0000,-3.1293,-0.2250,8.0587,-0.0045,-0.0331,-0.0183
1774945426.9515,0.0000,0.0000,0.0000,0.0000,0.0000,-3.1271,-0.2259,4.4932,0.0019,0.0010,-0.0300
1774945426.9713,0.0000,0.0000,0.0000,0.0000,0.0000,-3.1288,-0.2258,-1.7065,-0.0088,0.0159,-0.0279
1774945426.9912,0.0000,0.0000,0.0000,0.0000,0.0000,-3.1285,-0.2246,-4.5762,-0.0024,0.0010,-0.0151
1774945427.0112,0.0000,0.0000,0.0000,0.0000,0.0000,-3.1294,-0.2228,0.8680,0.0029,-0.0054,-0.0002
1774945427.0312,0.0000,0.0000,0.0000,0.0000,0.0000,-3.1285,-0.2215,-4.4961,0.0125,0.0063,0.0030
1774945427.0514,0.0000,0.0000,0.0000,0.0000,0.0000,-3.1268,-0.2201,-3.6139,0.0189,0.0170,0.0008
1774945427.0712,0.0000,0.0000,0.0000,0.0000,0.0000,-3.1261,-0.2212,-4.4281,0.0072,0.0244,0.0040
1774945427.0912,0.0000,0.0000,0.0000,0.0000,0.0000,-3.1252,-0.2221,4.1883,-0.0077,0.0084,-0.0098
1774945427.1113,0.0000,0.0000,0.0000,0.0000,0.0000,-3.1258,-0.2229,-0.3546,-0.0354,0.0148,-0.0034
1774945427.1314,0.0000,0.0000,0.0000,0.0000,0.0000,-3.1263,-0.2231,4.8768,-0.0354,0.0180,-0.0077
1774945427.1514,0.0000,0.0000,0.0000,0.0000,0.0000,-3.1250,-0.2228,-21.5585,0.0082,0.0276,-0.0024
1774945427.1715,0.0000,0.0000,0.0000,0.0000,0.0000,-3.1249,-0.2247,-1.2410,0.0061,0.0052,-0.0013
1774945427.1914,0.0000,0.0000,0.0000,0.0000,0.0000,-3.1290,-0.2252,-2.1699,-0.0440,0.0106,-0.0055
1774945427.2112,0.0000,0.0000,0.0000,0.0000,0.0000,-3.1267,-0.2246,8.7559,-0.0322,0.0063,-0.0151
1774945427.2313,0.0000,0.0000,0.0000,0.0000,0.0000,-3.1253,-0.2253,-14.4195,-0.0258,-0.0022,-0.0098
1774945427.2512,0.0000,0.0000,0.0000,0.0000,0.0000,-3.1253,-0.2251,-5.4224,-0.0386,0.0052,-0.0226
1774945427.2713,0.0000,0.0000,0.0000,0.0000,0.0000,-3.1275,-0.2250,9.5941,-0.0344,0.0052,-0.0290
1774945427.2911,0.0000,0.0000,0.0000,0.0000,0.0000,-3.1274,-0.2259,-11.6058,0.0136,0.0159,-0.0226
1774945427.3113,0.0000,0.0000,0.0000,0.0000,0.0000,-3.1288,-0.2251,0.8330,0.0370,0.0244,-0.0141
1774945427.3312,0.0000,0.0000,0.0000,0.0000,0.0000,-3.1317,-0.2238,14.2564,0.0210,0.0042,-0.0151
1774945427.3513,0.0000,0.0000,0.0000,0.0000,0.0000,-3.1343,-0.2233,15.6313,0.0050,-0.0320,-0.0013
1774945427.3712,0.0000,0.0000,0.0000,0.0000,0.0000,-3.1337,-0.2230,-9.4699,0.0306,-0.0193,0.0104
1774945427.3962,0.0000,0.0000,0.0000,0.0000,0.0000,-3.1352,-0.2247,15.3738,0.0423,-0.0033,0.0264
1774945427.4116,0.0000,0.0000,0.0000,0.0000,0.0000,-3.1347,-0.2270,-2.2962,0.0146,-0.0129,0.0381
1774945427.4313,0.0000,0.0000,0.0000,0.0000,0.0000,-3.1336,-0.2305,-10.5131,-0.0184,0.0127,0.0094
1774945427.4513,0.0000,0.0000,0.0000,0.0000,0.0000,-3.1302,-0.2323,18.6274,0.0019,0.0159,-0.0098
1774945427.4713,0.0000,0.0000,0.0000,0.0000,0.0000,-3.1273,-0.2345,33.3881,0.0317,-0.0054,-0.0119
1774945427.4919,0.0000,0.0000,0.0000,0.0000,0.0000,-3.1273,-0.2362,-4.0333,0.0189,-0.0363,-0.0247
1774945427.5116,0.0000,0.0000,0.0000,0.0000,0.0000,-3.1273,-0.2393,12.1920,0.0146,-0.0022,-0.0226
1774945427.5312,0.0000,0.0000,0.0000,0.0000,0.0000,-3.1293,-0.2375,-2.7366,0.0253,-0.0491,-0.0151
1774945427.5513,0.0000,0.0000,0.0000,0.0000,0.0000,-3.1303,-0.2368,-18.0913,0.0061,-0.0874,-0.0066
1774945427.5713,0.0000,0.0000,0.0000,0.0000,0.0000,-3.1295,-0.2362,-11.3874,0.0434,-0.0427,-0.0055
1774945427.5915,0.0000,0.0000,0.0000,0.0000,0.0000,-3.1309,-0.2356,-15.0358,0.0381,-0.0310,0.0179
1774945427.6117,0.0000,0.0000,0.0000,0.0000,0.0000,-3.1303,-0.2318,-4.1904,0.0232,-0.0693,0.0232
1774945427.6314,0.0000,0.0000,0.0000,0.0000,0.0000,-3.1301,-0.2293,-13.7735,0.0626,-0.0725,0.0094
1774945427.6514,0.0000,0.0000,0.0000,0.0000,0.0000,-3.1290,-0.2278,30.7645,0.0210,-0.0757,0.0030
1774945427.6713,0.0000,0.0000,0.0000,0.0000,0.0000,-3.1270,-0.2281,6.4935,0.0509,-0.0086,-0.0215
1774945427.6912,0.0000,0.0000,0.0000,0.0000,0.0000,-3.1257,-0.2256,21.4292,0.0572,0.0436,-0.0194
1774945427.7113,0.0000,0.0000,0.0000,0.0000,0.0000,-3.1260,-0.2255,15.8896,0.0317,0.0532,-0.0162
1774945427.7313,0.0000,0.0000,0.0000,0.0000,0.0000,-3.1277,-0.2238,-14.0571,0.0242,-0.0012,-0.0045
1774945427.7513,0.0000,0.0000,0.0000,0.0000,0.0000,-3.1290,-0.2213,1.1665,0.0082,-0.0193,0.0072
1774945427.7712,0.0000,0.0000,0.0000,0.0000,0.0000,-3.1283,-0.2213,3.9302,0.0168,0.0223,0.0158
1774945427.7915,0.0000,0.0000,0.0000,0.0000,0.0000,-3.1269,-0.2227,-8.5963,0.0114,0.0585,0.0200
1774945427.8112,0.0000,0.0000,0.0000,0.0000,0.0000,-3.1252,-0.2229,23.2519,-0.0035,0.0468,0.0030
1774945427.8313,0.0000,0.0000,0.0000,0.0000,0.0000,-3.1227,-0.2215,0.5936,-0.0088,-0.0054,-0.0162
1774945427.8512,0.0000,0.0000,0.0000,0.0000,0.0000,-3.1233,-0.2182,-3.4245,-0.0258,-0.0288,-0.0119
1774945427.8712,0.0000,0.0000,0.0000,0.0000,0.0000,-3.1212,-0.2203,8.3866,-0.0163,0.0447,-0.0098
1774945427.8912,0.0000,0.0000,0.0000,0.0000,0.0000,-3.1202,-0.2211,-2.0961,-0.0109,0.0628,-0.0066
1774945427.9129,0.0000,0.0000,0.0000,0.0000,0.0000,-3.1220,-0.2216,10.1296,-0.0301,0.0479,-0.0045
1774945427.9312,0.0000,0.0000,0.0000,0.0000,0.0000,-3.1231,-0.2212,-5.3048,0.0029,0.0063,0.0083
1774945427.9514,0.0000,0.0000,0.0000,0.0000,0.0000,-3.1254,-0.2195,-24.1638,-0.0280,0.0170,-0.0024
1774945427.9712,0.0000,0.0000,0.0000,0.0000,0.0000,-3.1248,-0.2190,3.4236,-0.0312,0.0404,-0.0173
1774945427.9912,0.0000,0.0000,0.0000,0.0000,0.0000,-3.1235,-0.2203,-0.4642,0.0019,0.0361,-0.0215
1774945428.0113,0.0000,0.0000,0.0000,0.0000,0.0000,-3.1239,-0.2190,-22.5878,0.0370,-0.0065,-0.0087
1774945428.0313,0.0000,0.0000,0.0000,0.0000,0.0000,-3.1258,-0.2185,2.8528,-0.0184,-0.0320,-0.0258
1774945428.0511,0.0000,0.0000,0.0000,0.0000,0.0000,-3.1259,-0.2168,-15.0096,0.0093,-0.0480,-0.0024
1774945428.0713,0.0000,0.0000,0.0000,0.0000,0.0000,-3.1249,-0.2180,9.1625,0.0306,0.0329,0.0040
1774945428.0915,0.0000,0.0000,0.0000,0.0000,0.0000,-3.1251,-0.2180,-2.4107,0.0093,0.0489,-0.0098
1774945428.1114,0.0000,0.0000,0.0000,0.0000,0.0000,-3.1241,-0.2166,2.0599,-0.0195,-0.0022,-0.0130
1774945428.1314,0.0000,0.0000,0.0000,0.0000,0.0000,-3.1231,-0.2149,-31.2384,-0.0003,-0.0491,-0.0141
1774945428.1512,0.0000,0.0000,0.0000,0.0000,0.0000,-3.1230,-0.2163,-17.4809,0.0317,0.0127,-0.0162
1774945428.1712,0.0000,0.0000,0.0000,0.0000,0.0000,-3.1253,-0.2148,28.7233,0.0242,0.0287,-0.0098
1774945428.1914,0.0000,0.0000,0.0000,0.0000,0.0000,-3.1270,-0.2153,1.7811,0.0232,0.0148,-0.0066
1774945428.2114,0.0000,0.0000,0.0000,0.0000,0.0000,-3.1271,-0.2141,-11.4563,-0.0109,0.0020,-0.0151
1774945428.2314,0.0000,0.0000,0.0000,0.0000,0.0000,-3.1265,-0.2113,31.0554,-0.0120,-0.0352,-0.0024
1774945428.2516,0.0000,0.0000,0.0000,0.0000,0.0000,-3.1243,-0.2117,-21.1654,0.0093,0.0287,-0.0205
1774945428.2711,0.0000,0.0000,0.0000,0.0000,0.0000,-3.1251,-0.2140,-6.6974,0.0168,0.0873,-0.0024
1774945428.2912,0.0000,0.0000,0.0000,0.0000,0.0000,-3.1260,-0.2138,-38.2257,0.0285,0.0585,-0.0141
1774945428.3113,0.0000,0.0000,0.0000,0.0000,0.0000,-3.1260,-0.2122,-9.6181,0.0157,0.0212,-0.0151
1774945428.3314,0.0000,0.0000,0.0000,0.0000,0.0000,-3.1267,-0.2112,-12.3289,0.0019,-0.0427,-0.0055
1774945428.3523,0.0000,0.0000,0.0000,0.0000,0.0000,-3.1265,-0.2131,-35.0089,-0.0120,0.0628,-0.0109
1774945428.3714,0.0000,0.0000,0.0000,0.0000,0.0000,-3.1263,-0.2143,41.4406,-0.0088,0.0883,0.0072
1774945428.3912,0.0000,0.0000,0.0000,0.0000,0.0000,-3.1254,-0.2138,-7.7879,0.0093,0.0425,0.0094
1774945428.4147,0.0000,0.0000,0.0000,0.0000,0.0000,-3.1259,-0.2129,-21.7322,0.0242,0.0031,0.0030
1774945428.4311,0.0000,0.0000,0.0000,0.0000,0.0000,-3.1266,-0.2130,43.7177,-0.0013,0.0276,-0.0013
1774945428.4512,0.0000,0.0000,0.0000,0.0000,0.0000,-3.1255,-0.2144,6.1043,0.0029,0.0510,-0.0173
1774945428.4712,0.0000,0.0000,0.0000,0.0000,0.0000,-3.1258,-0.2141,-8.3536,0.0029,0.0574,-0.0258
1774945428.4912,0.0000,0.0000,0.0000,0.0000,0.0000,-3.1250,-0.2134,5.7853,0.0008,0.0297,-0.0162
1774945428.5114,0.0000,0.0000,0.0000,0.0000,0.0000,-3.1251,-0.2118,-54.9242,-0.0237,0.0010,-0.0226
1774945428.5312,0.0000,0.0000,0.0000,0.0000,0.0000,-3.1265,-0.2127,-11.1960,-0.0344,0.0265,-0.0183
1774945428.5515,0.0000,0.0000,0.0000,0.0000,0.0000,-3.1255,-0.2123,2.7671,0.0146,0.0510,-0.0066
1774945428.5715,0.0000,0.0000,0.0000,0.0000,0.0000,-3.1252,-0.2126,-21.4118,0.0200,0.0244,0.0072
1774945428.5914,0.0000,0.0000,0.0000,0.0000,0.0000,-3.1264,-0.2113,-0.2985,0.0317,0.0106,-0.0130
1774945428.6114,0.0000,0.0000,0.0000,0.0000,0.0000,-3.1288,-0.2097,0.0000,-0.0173,-0.0043,-0.0119
1774945428.6313,0.0000,0.0000,0.0000,0.0000,0.0000,-3.1296,-0.2089,6.9055,-0.0290,-0.0075,-0.0045
1774945428.6514,0.0000,0.0000,0.0000,0.0000,0.0000,-3.1270,-0.2091,-27.8249,0.0061,0.0095,-0.0066
1774945428.6717,0.0000,0.0000,0.0000,0.0000,0.0000,-3.1242,-0.2092,13.5728,-0.0205,0.0095,-0.0024
1774945428.6912,0.0000,0.0000,0.0000,0.0000,0.0000,-3.1225,-0.2086,0.1305,-0.0195,0.0287,-0.0173
1774945428.7114,0.0000,0.0000,0.0000,0.0000,0.0000,-3.1229,-0.2084,-0.4016,-0.0376,0.0532,-0.0290
1774945428.7314,0.0000,0.0000,0.0000,0.0000,0.0000,-3.1225,-0.2125,21.0439,-0.0024,0.0617,-0.0119
1774945428.7515,0.0000,0.0000,0.0000,0.0000,0.0000,-3.1200,-0.2142,0.0000,-0.0088,0.0724,-0.0300
1774945428.7712,0.0000,0.0000,0.0000,0.0000,0.0000,-3.1216,-0.2151,-18.7052,-0.0386,0.0233,-0.0162
1774945428.7914,0.0000,0.0000,0.0000,0.0000,0.0000,-3.1237,-0.2139,1.6761,-0.0280,-0.0161,-0.0162
1774945428.8139,0.0000,0.0000,0.0000,0.0000,0.0000,-3.1224,-0.2116,0.0000,0.0114,0.0084,0.0019
1774945428.8315,0.0000,0.0000,0.0000,0.0000,0.0000,-3.1203,-0.2091,4.7197,0.0509,0.1011,-0.0087
1774945428.8512,0.0000,0.0000,0.0000,0.0000,0.0000,-3.1215,-0.2085,5.0213,0.0530,0.0564,-0.0215
1774945428.8713,0.0000,0.0000,0.0000,0.0000,0.0000,-3.1231,-0.2085,-4.8043,0.0381,0.0351,-0.0269
1774945428.8916,0.0000,0.0000,0.0000,0.0000,0.0000,-3.1244,-0.2081,-0.5134,0.1276,0.0905,-0.0279
1774945428.9126,0.0000,0.0000,0.0000,0.0000,0.0000,-3.1256,-0.2085,0.0000,0.1105,0.0500,-0.0151
1774945428.9319,0.0000,0.0000,0.0000,0.0000,0.0000,-3.1273,-0.2102,-6.6535,0.0658,0.0755,0.0030
1774945428.9513,0.0000,0.0000,0.0000,0.0000,0.0000,-3.1254,-0.2112,-10.8657,0.1052,0.0809,0.0168
1774945428.9799,0.0000,0.0000,0.0000,0.0000,0.0000,-3.1249,-0.2093,0.0000,0.0945,0.0084,0.0360
1774945428.9919,0.0000,0.0000,0.0000,0.0000,0.0000,-3.1195,-0.2090,-7.3396,0.1084,0.0372,0.0126
1774945429.0115,0.0000,0.0000,0.0000,0.0000,0.0000,-3.1161,-0.2099,4.1587,0.0413,0.0798,0.0051
1774945429.0315,0.0000,0.0000,0.0000,0.0000,0.0000,-3.1118,-0.2114,11.6277,0.0583,0.0841,-0.0119
1774945429.0512,0.0000,0.0000,0.0000,0.0000,0.0000,-3.1078,-0.2154,-17.2501,0.0540,0.0937,-0.0141
1774945429.0714,0.0000,0.0000,0.0000,0.0000,0.0000,-3.1053,-0.2153,-2.5077,0.0391,0.0713,-0.0130
1774945429.0914,0.0000,0.0000,0.0000,0.0000,0.0000,-3.1028,-0.2176,-0.3024,0.0647,0.0745,-0.0119
1774945429.1112,0.0000,0.0000,0.0000,0.0000,0.0000,-3.1037,-0.2197,-20.1958,0.0423,0.0862,-0.0045
1774945429.1312,0.0000,0.0000,0.0000,0.0000,0.0000,-3.1050,-0.2211,10.8571,0.0274,0.1139,-0.0024
1774945429.1514,0.0000,0.0000,0.0000,0.0000,0.0000,-3.1076,-0.2228,19.3857,-0.0077,0.0841,0.0051
1774945429.1713,0.0000,0.0000,0.0000,0.0000,0.0000,-3.1055,-0.2230,-21.2439,0.0370,0.0148,0.0019
1774945429.1913,0.0000,0.0000,0.0000,0.0000,0.0000,-3.1036,-0.2230,8.0275,0.0413,0.0031,-0.0055
1774945429.2114,0.0000,0.0000,0.0000,0.0000,0.0000,-3.1050,-0.2237,35.4706,0.0189,0.0031,-0.0045
1774945429.2312,0.0000,0.0000,0.0000,0.0000,0.0000,-3.1042,-0.2238,-17.6153,0.0200,-0.0033,-0.0183
1774945429.2522,0.0000,0.0000,0.0000,0.0000,0.0000,-3.1048,-0.2243,2.8170,-0.0077,-0.0012,-0.0087
1774945429.2712,0.0000,0.0000,0.0000,0.0000,0.0000,-3.1036,-0.2250,-15.0696,0.0210,-0.0342,-0.0045
1774945429.2912,0.0000,0.0000,0.0000,0.0000,0.0000,-3.1035,-0.2238,-8.0163,0.0050,-0.0427,-0.0194
1774945429.3113,0.0000,0.0000,0.0000,0.0000,0.0000,-3.1044,-0.2247,28.0335,-0.0269,-0.0427,-0.0087
1774945429.3313,0.0000,0.0000,0.0000,0.0000,0.0000,-3.1016,-0.2245,-4.1954,0.0200,-0.0384,-0.0130
1774945429.3513,0.0000,0.0000,0.0000,0.0000,0.0000,-3.1027,-0.2262,30.0118,-0.0141,0.0020,-0.0077
1774945429.3713,0.0000,0.0000,0.0000,0.0000,0.0000,-3.1028,-0.2249,-5.5796,-0.0227,-0.0448,-0.0087
1774945429.3912,0.0000,0.0000,0.0000,0.0000,0.0000,-3.1010,-0.2266,15.3295,0.0306,-0.0406,-0.0130
1774945429.4120,0.0000,0.0000,0.0000,0.0000,0.0000,-3.1039,-0.2280,25.7591,-0.0056,-0.0075,-0.0013
1774945429.4314,0.0000,0.0000,0.0000,0.0000,0.0000,-3.1020,-0.2293,34.0295,0.0338,-0.0320,-0.0205
1774945429.4513,0.0000,0.0000,0.0000,0.0000,0.0000,-3.1048,-0.2293,-23.0066,0.0040,-0.0587,0.0030
1774945429.4713,0.0000,0.0000,0.0000,0.0000,0.0000,-3.1047,-0.2303,-15.8776,0.0455,-0.0523,-0.0002
1774945429.4916,0.0000,0.0000,0.0000,0.0000,0.0000,-3.1043,-0.2309,20.2623,0.0647,-0.0246,-0.0055
1774945429.5117,0.0000,0.0000,0.0000,0.0000,0.0000,-3.1049,-0.2313,0.0000,0.0285,-0.0395,-0.0087
1774945429.5313,0.0000,0.0000,0.0000,0.0000,0.0000,-3.1038,-0.2317,27.1695,0.0509,-0.0129,-0.0130
1774945429.5516,0.0000,0.0000,0.0000,0.0000,0.0000,-3.1052,-0.2317,8.0637,0.0232,-0.0033,-0.0066
1774945429.5712,0.0000,0.0000,0.0000,0.0000,0.0000,-3.1025,-0.2334,4.7421,0.0668,0.0010,-0.0034
1774945429.5911,0.0000,0.0000,0.0000,0.0000,0.0000,-3.1042,-0.2341,-6.0336,0.0583,0.0052,0.0008
1774945429.6114,0.0000,0.0000,0.0000,0.0000,0.0000,-3.1050,-0.2336,-0.8033,0.0359,-0.0246,0.0051
1774945429.6312,0.0000,0.0000,0.0000,0.0000,0.0000,-3.1023,-0.2329,-10.7562,0.0498,-0.0150,-0.0013
1774945429.6515,0.0000,0.0000,0.0000,0.0000,0.0000,-3.1019,-0.2337,1.6931,0.0370,-0.0001,0.0083
1774945429.6714,0.0000,0.0000,0.0000,0.0000,0.0000,-3.0997,-0.2342,28.2711,0.0583,0.0116,-0.0013
1774945429.6912,0.0000,0.0000,0.0000,0.0000,0.0000,-3.1001,-0.2314,-20.4067,0.0019,-0.0363,-0.0130
1774945429.7114,0.0000,0.0000,0.0000,0.0000,0.0000,-3.0976,-0.2303,-23.3058,0.0413,0.0052,-0.0194
1774945429.7312,0.0000,0.0000,0.0000,0.0000,0.0000,-3.0997,-0.2310,22.2941,0.0253,-0.0033,-0.0087
1774945429.7517,0.0000,0.0000,0.0000,0.0000,0.0000,-3.0984,-0.2309,-7.3174,0.0594,-0.0235,-0.0024
1774945429.7715,0.0000,0.0000,0.0000,0.0000,0.0000,-3.0972,-0.2307,0.5443,0.0839,0.0191,-0.0034
1774945429.7913,0.0000,0.0000,0.0000,0.0000,0.0000,-3.0964,-0.2306,-9.7005,0.0945,0.0287,-0.0109
1774945429.8113,0.0000,0.0000,0.0000,0.0000,0.0000,-3.0956,-0.2326,-0.8493,0.0711,0.0468,-0.0162
1774945429.8312,0.0000,0.0000,0.0000,0.0000,0.0000,-3.0929,-0.2322,21.0859,0.0711,0.0798,-0.0194
1774945429.8513,0.0000,0.0000,0.0000,0.0000,0.0000,-3.0913,-0.2338,31.0484,0.0892,0.0372,-0.0013
1774945429.8713,0.0000,0.0000,0.0000,0.0000,0.0000,-3.0895,-0.2321,-2.5246,0.1031,0.0138,-0.0013
1774945429.8940,0.0000,0.0000,0.0000,0.0000,0.0000,-3.0892,-0.2323,-7.8128,0.1393,0.0191,0.0072
1774945429.9116,0.0000,0.0000,0.0000,0.0000,0.0000,-3.0900,-0.2302,-11.2518,0.0828,-0.0065,0.0094
1774945429.9316,0.0000,0.0000,0.0000,0.0000,0.0000,-3.0863,-0.2325,16.2274,0.0945,0.0489,0.0158
1774945429.9517,0.0000,0.0000,0.0000,0.0000,0.0000,-3.0834,-0.2325,47.9020,0.0668,0.0553,0.0072
1774945429.9712,0.0000,0.0000,0.0000,0.0000,0.0000,-3.0791,-0.2327,-34.1765,0.0487,0.0255,-0.0087
1774945429.9914,0.0000,0.0000,0.0000,0.0000,0.0000,-3.0746,-0.2341,-29.1261,0.0349,0.0500,-0.0183
1774945430.0124,0.0000,0.0000,0.0000,0.0000,0.0000,-3.0703,-0.2333,-6.7852,0.0285,-0.0097,-0.0205
1774945430.0313,0.0000,0.0000,0.0000,0.0000,0.0000,-3.0684,-0.2336,-29.1614,0.0295,-0.0267,-0.0322
1774945430.0516,0.0000,0.0000,0.0000,0.0000,0.0000,-3.0706,-0.2348,10.2705,-0.0035,-0.0107,-0.0237
1774945430.0713,0.0000,0.0000,0.0000,0.0000,0.0000,-3.0721,-0.2358,32.6287,-0.0099,0.0116,-0.0205
1774945430.0914,0.0000,0.0000,0.0000,0.0000,0.0000,-3.0731,-0.2349,-20.3269,-0.0141,-0.0214,-0.0002
1774945430.1123,0.0000,0.0000,0.0000,0.0000,0.0000,-3.0707,-0.2343,-36.8578,0.0381,-0.0257,-0.0002
1774945430.1312,0.0000,0.0000,0.0000,0.0000,0.0000,-3.0735,-0.2313,7.2039,-0.0152,-0.0715,-0.0013
1774945430.1513,0.0000,0.0000,0.0000,0.0000,0.0000,-3.0753,-0.2293,1.7605,-0.0099,-0.1087,-0.0109
1774945430.1713,0.0000,0.0000,0.0000,0.0000,0.0000,-3.0777,-0.2284,-20.8705,-0.0109,-0.0757,-0.0013
1774945430.1913,0.0000,0.0000,0.0000,0.0000,0.0000,-3.0752,-0.2265,3.8910,0.0338,-0.1045,-0.0045
1774945430.2114,0.0000,0.0000,0.0000,0.0000,0.0000,-3.0751,-0.2273,-11.0114,0.0391,-0.0448,-0.0077
1774945430.2329,0.0000,0.0000,0.0000,0.0000,0.0000,-3.0742,-0.2264,-36.4037,0.0604,-0.0779,-0.0119
1774945430.2514,0.0000,0.0000,0.0000,0.0000,0.0000,-3.0734,-0.2290,45.9415,0.0466,0.0202,-0.0045
1774945430.2712,0.0000,0.0000,0.0000,0.0000,0.0000,-3.0725,-0.2274,7.6797,0.0892,-0.0107,-0.0034
1774945430.2913,0.0000,0.0000,0.0000,0.0000,0.0000,-3.0732,-0.2289,18.1974,0.0828,-0.0043,0.0051
1774945430.3112,0.0000,0.0000,0.0000,0.0000,0.0000,-3.0728,-0.2267,10.0646,0.0690,-0.0331,0.0136
1774945430.3313,0.0000,0.0000,0.0000,0.0000,0.0000,-3.0690,-0.2261,4.5660,0.1062,-0.0257,0.0008
1774945430.3514,0.0000,0.0000,0.0000,0.0000,0.0000,-3.0689,-0.2265,22.4325,0.1020,0.0127,0.0136
1774945430.3713,0.0000,0.0000,0.0000,0.0000,0.0000,-3.0636,-0.2272,-4.9591,0.1148,0.0308,-0.0024
1774945430.3913,0.0000,0.0000,0.0000,0.0000,0.0000,-3.0642,-0.2276,6.0169,0.0754,-0.0193,0.0168
1774945430.4113,0.0000,0.0000,0.0000,0.0000,0.0000,-3.0608,-0.2268,-30.1806,0.1276,-0.0150,-0.0119
1774945430.4313,0.0000,0.0000,0.0000,0.0000,0.0000,-3.0610,-0.2271,25.0122,0.1094,0.0148,0.0062
1774945430.4515,0.0000,0.0000,0.0000,0.0000,0.0000,-3.0584,-0.2267,-11.6823,0.1094,-0.0022,0.0072
1774945430.4712,0.0000,0.0000,0.0000,0.0000,0.0000,-3.0575,-0.2262,10.2260,0.0690,0.0031,0.0147
1774945430.4913,0.0000,0.0000,0.0000,0.0000,0.0000,-3.0520,-0.2254,10.1942,0.0967,-0.0182,0.0083
1774945430.5114,0.0000,0.0000,0.0000,0.0000,0.0000,-3.0487,-0.2268,29.0928,0.1382,0.0170,-0.0045
1774945430.5313,0.0000,0.0000,0.0000,0.0000,0.0000,-3.0475,-0.2268,-18.1398,0.0572,0.0191,0.0051
1774945430.5514,0.0000,0.0000,0.0000,0.0000,0.0000,-3.0441,-0.2282,-11.6236,0.1041,0.0553,-0.0066
1774945430.5712,0.0000,0.0000,0.0000,0.0000,0.0000,-3.0437,-0.2256,-20.5344,0.0945,0.0063,0.0190
1774945430.5917,0.0000,0.0000,0.0000,0.0000,0.0000,-3.0412,-0.2270,-29.0643,0.1350,0.0340,-0.0162
1774945430.6115,0.0000,0.0000,0.0000,0.0000,0.0000,-3.0435,-0.2272,3.0297,0.0487,0.0542,0.0179
1774945430.6314,0.0000,0.0000,0.0000,0.0000,0.0000,-3.0406,-0.2278,-15.9863,0.0594,0.0436,-0.0045
1774945430.6514,0.0000,0.0000,0.0000,0.0000,0.0000,-3.0393,-0.2254,-30.0392,0.0327,0.0042,0.0190
1774945430.6717,0.0000,0.0000,0.0000,0.0000,0.0000,-3.0346,-0.2268,-2.2470,0.0668,0.0042,-0.0024
1774945430.6920,0.0000,0.0000,0.0000,0.0000,0.0000,-3.0356,-0.2258,-9.5711,0.0636,-0.0065,0.0072
1774945430.7115,0.0000,0.0000,0.0000,0.0000,0.0000,-3.0346,-0.2261,0.9191,-0.0045,0.0170,0.0008
1774945430.7315,0.0000,0.0000,0.0000,0.0000,0.0000,-3.0312,-0.2273,14.8838,0.0232,0.0425,-0.0055
1774945430.7518,0.0000,0.0000,0.0000,0.0000,0.0000,-3.0287,-0.2278,16.5100,0.0306,-0.0171,-0.0087
1774945430.7714,0.0000,0.0000,0.0000,0.0000,0.0000,-3.0280,-0.2265,-37.3609,0.0434,0.0191,-0.0183
1774945430.7914,0.0000,0.0000,0.0000,0.0000,0.0000,-3.0308,-0.2273,20.6110,-0.0248,0.0020,0.0040
1774945430.8115,0.0000,0.0000,0.0000,0.0000,0.0000,-3.0285,-0.2285,57.5395,0.0104,0.0425,-0.0215
1774945430.8313,0.0000,0.0000,0.0000,0.0000,0.0000,-3.0301,-0.2294,-9.6562,0.0008,0.0138,-0.0045
1774945430.8511,0.0000,0.0000,0.0000,0.0000,0.0000,-3.0293,-0.2287,10.1254,0.0040,-0.0097,-0.0247
1774945430.8713,0.0000,0.0000,0.0000,0.0000,0.0000,-3.0314,-0.2297,-4.1214,-0.0418,-0.0246,-0.0237
1774945430.8914,0.0000,0.0000,0.0000,0.0000,0.0000,-3.0295,-0.2284,9.0289,-0.0045,-0.0012,-0.0226
1774945430.9117,0.0000,0.0000,0.0000,0.0000,0.0000,-3.0309,-0.2304,5.6373,0.0178,0.0159,-0.0013
1774945430.9314,0.0000,0.0000,0.0000,0.0000,0.0000,-3.0291,-0.2278,-3.0262,0.0274,-0.0214,-0.0215
1774945430.9523,0.0000,0.0000,0.0000,0.0000,0.0000,-3.0313,-0.2290,9.0532,0.0157,-0.0086,-0.0215
1774945430.9714,0.0000,0.0000,0.0000,0.0000,0.0000,-3.0327,-0.2263,13.2047,0.0072,-0.0608,-0.0034
1774945430.9912,0.0000,0.0000,0.0000,0.0000,0.0000,-3.0326,-0.2290,23.7775,0.0232,0.0170,0.0040
1774945431.0112,0.0000,0.0000,0.0000,0.0000,0.0000,-3.0314,-0.2275,16.4825,0.0327,-0.0139,0.0019
1774945431.0319,0.0000,0.0000,0.0000,0.0000,0.0000,-3.0298,-0.2270,34.6831,0.0232,-0.0235,-0.0141
1774945431.0512,0.0000,0.0000,0.0000,0.0000,0.0000,-3.0283,-0.2243,-22.6733,0.0359,-0.0533,-0.0237
1774945431.0713,0.0000,0.0000,0.0000,0.0000,0.0000,-3.0296,-0.2264,34.7983,0.0285,-0.0001,-0.0066
1774945431.0913,0.0000,0.0000,0.0000,0.0000,0.0000,-3.0307,-0.2254,-30.2699,0.0413,-0.0171,-0.0024
1774945431.1112,0.0000,0.0000,0.0000,0.0000,0.0000,-3.0301,-0.2253,18.9170,0.0722,-0.0075,-0.0034
1774945431.1313,0.0000,0.0000,0.0000,0.0000,0.0000,-3.0314,-0.2249,5.4244,0.0551,-0.0299,0.0104
1774945431.1567,0.0000,0.0000,0.0000,0.0000,0.0000,-3.0288,-0.2256,-17.5053,0.0764,0.0223,-0.0024
1774945431.1713,0.0000,0.0000,0.0000,0.0000,0.0000,-3.0261,-0.2269,12.0318,0.0988,0.0351,0.0126
1774945431.1924,0.0000,0.0000,0.0000,0.0000,0.0000,-3.0226,-0.2291,-2.9437,0.1318,0.0798,0.0051
1774945431.2121,0.0000,0.0000,0.0000,0.0000,0.0000,-3.0223,-0.2282,-6.1015,0.0594,0.0212,-0.0205
1774945431.2314,0.0000,0.0000,0.0000,0.0000,0.0000,-3.0197,-0.2258,8.6820,0.0594,0.0052,-0.0087
1774945431.2514,0.0000,0.0000,0.0000,0.0000,0.0000,-3.0193,-0.2264,-3.1685,0.1073,0.0244,0.0253
1774945431.2714,0.0000,0.0000,0.0000,0.0000,0.0000,-3.0146,-0.2258,-40.6829,0.1350,-0.0054,0.0190
1774945431.2918,0.0000,0.0000,0.0000,0.0000,0.0000,-3.0125,-0.2274,10.5855,0.0881,0.0372,0.0339
1774945431.3115,0.0000,0.0000,0.0000,0.0000,0.0000,-3.0088,-0.2283,0.0000,0.0498,0.0084,0.0019
1774945431.3312,0.0000,0.0000,0.0000,0.0000,0.0000,-3.0035,-0.2312,-6.0256,0.0679,-0.0203,0.0168
1774945431.3558,0.0000,0.0000,0.0000,0.0000,0.0000,-2.9994,-0.2302,-9.6546,0.0828,-0.0470,-0.0013
1774945431.3717,0.0000,0.0000,0.0000,0.0000,0.0000,-2.9961,-0.2277,6.9799,0.0200,-0.0470,-0.0141
1774945431.3918,0.0000,0.0000,0.0000,0.0000,0.0000,-2.9950,-0.2267,-15.7330,0.0157,-0.0565,-0.0173
1774945431.4117,0.0000,0.0000,0.0000,0.0000,0.0000,-2.9974,-0.2257,21.7571,-0.0333,0.0212,-0.0269
1774945431.4313,0.0000,0.0000,0.0000,0.0000,0.0000,-2.9945,-0.2255,13.0393,0.0029,-0.0150,-0.0375
1774945431.4514,0.0000,0.0000,0.0000,0.0000,0.0000,-2.9937,-0.2272,0.0000,0.0104,-0.0459,-0.0354
1774945431.4712,0.0000,0.0000,0.0000,0.0000,0.0000,-2.9940,-0.2290,-14.2222,0.0072,-0.0246,-0.0226
1774945431.4912,0.0000,0.0000,0.0000,0.0000,0.0000,-2.9975,-0.2307,2.2373,-0.0482,-0.0193,-0.0130
1774945431.5114,0.0000,0.0000,0.0000,0.0000,0.0000,-2.9978,-0.2298,0.0000,-0.0344,0.0106,-0.0098
1774945431.5314,0.0000,0.0000,0.0000,0.0000,0.0000,-3.0000,-0.2332,37.1746,-0.0440,0.0308,-0.0194
1774945431.5514,0.0000,0.0000,0.0000,0.0000,0.0000,-2.9982,-0.2334,5.2806,-0.0248,-0.0203,-0.0151
1774945431.5714,0.0000,0.0000,0.0000,0.0000,0.0000,-3.0008,-0.2329,-28.0426,-0.0546,-0.0054,-0.0183
1774945431.5915,0.0000,0.0000,0.0000,0.0000,0.0000,-2.9982,-0.2321,12.4039,-0.0173,-0.0246,-0.0205
1774945431.6115,0.0000,0.0000,0.0000,0.0000,0.0000,-3.0018,-0.2296,5.7464,-0.0290,-0.0555,0.0104
1774945431.6331,0.0000,0.0000,0.0000,0.0000,0.0000,-3.0009,-0.2292,-18.1066,-0.0418,-0.0597,-0.0002
1774945431.6571,0.0000,0.0000,0.0000,0.0000,0.0000,-3.0046,-0.2274,18.3385,-0.0876,-0.0012,-0.0183
1774945431.6718,0.0000,0.0000,0.0000,0.0000,0.0000,-3.0047,-0.2274,-26.5942,-0.0557,0.0329,-0.0354
1774945431.6914,0.0000,0.0000,0.0000,0.0000,0.0000,-3.0043,-0.2254,-0.6355,-0.0120,0.0479,-0.0258
1774945431.7112,0.0000,0.0000,0.0000,0.0000,0.0000,-3.0077,-0.2275,41.9227,-0.0567,0.1043,-0.0162
1774945431.7312,0.0000,0.0000,0.0000,0.0000,0.0000,-3.0092,-0.2282,0.6684,-0.0578,0.1054,-0.0151
1774945431.7513,0.0000,0.0000,0.0000,0.0000,0.0000,-3.0105,-0.2281,-2.3559,0.0082,0.1043,0.0072
1774945431.7711,0.0000,0.0000,0.0000,0.0000,0.0000,-3.0103,-0.2284,28.4502,0.0551,0.0233,0.0040
1774945431.7915,0.0000,0.0000,0.0000,0.0000,0.0000,-3.0138,-0.2298,-16.2241,-0.0227,0.0479,0.0030
1774945431.8112,0.0000,0.0000,0.0000,0.0000,0.0000,-3.0127,-0.2323,-6.4437,-0.0195,0.0670,-0.0183
1774945431.8313,0.0000,0.0000,0.0000,0.0000,0.0000,-3.0107,-0.2347,21.2281,0.0349,0.0660,0.0008
1774945431.8513,0.0000,0.0000,0.0000,0.0000,0.0000,-3.0078,-0.2372,-24.4708,0.1062,0.0745,0.0030
1774945431.8718,0.0000,0.0000,0.0000,0.0000,0.0000,-3.0082,-0.2374,-35.0352,0.0807,0.0191,-0.0087
1774945431.8914,0.0000,0.0000,0.0000,0.0000,0.0000,-3.0103,-0.2389,14.2730,0.0210,0.0244,-0.0002
1774945431.9112,0.0000,0.0000,0.0000,0.0000,0.0000,-3.0069,-0.2403,44.9261,0.0764,0.0510,0.0190
1774945431.9362,0.0000,0.0000,0.0000,0.0000,0.0000,-3.0036,-0.2407,-9.1196,0.0903,0.0148,0.0158
1774945431.9514,0.0000,0.0000,0.0000,0.0000,0.0000,-3.0038,-0.2414,21.5087,0.0594,0.0233,0.0179
1774945431.9713,0.0000,0.0000,0.0000,0.0000,0.0000,-3.0019,-0.2422,-12.7512,-0.0067,-0.0107,0.0200
1774945431.9914,0.0000,0.0000,0.0000,0.0000,0.0000,-3.0005,-0.2418,-55.9342,-0.0205,-0.0214,0.0232
1774945432.0115,0.0000,0.0000,0.0000,0.0000,0.0000,-2.9980,-0.2423,-5.9267,0.0200,-0.0214,0.0126
1774945432.0320,0.0000,0.0000,0.0000,0.0000,0.0000,-2.9979,-0.2412,45.4728,-0.0205,-0.0608,-0.0045
1774945432.0514,0.0000,0.0000,0.0000,0.0000,0.0000,-2.9969,-0.2409,-20.0194,-0.0525,-0.0491,-0.0205
1774945432.0712,0.0000,0.0000,0.0000,0.0000,0.0000,-2.9993,-0.2394,-22.6286,-0.0440,-0.0182,-0.0055
1774945432.0920,0.0000,0.0000,0.0000,0.0000,0.0000,-2.9973,-0.2391,13.7430,0.0029,-0.0459,-0.0194
1774945432.1113,0.0000,0.0000,0.0000,0.0000,0.0000,-2.9994,-0.2398,25.2798,-0.0248,-0.0438,-0.0098
1774945432.1315,0.0000,0.0000,0.0000,0.0000,0.0000,-3.0018,-0.2403,44.9515,-0.0354,0.0148,-0.0045
1774945432.1513,0.0000,0.0000,0.0000,0.0000,0.0000,-3.0026,-0.2401,21.9021,0.0210,0.0020,-0.0024
1774945432.1717,0.0000,0.0000,0.0000,0.0000,0.0000,-3.0042,-0.2411,-68.1423,0.0562,-0.0406,0.0094
1774945432.1912,0.0000,0.0000,0.0000,0.0000,0.0000,-3.0062,-0.2419,-33.0751,0.0189,0.0052,-0.0055
1774945432.2118,0.0000,0.0000,0.0000,0.0000,0.0000,-3.0058,-0.2402,18.4732,0.0381,0.0127,-0.0141
1774945432.2315,0.0000,0.0000,0.0000,0.0000,0.0000,-3.0038,-0.2388,32.8234,0.0583,-0.0459,-0.0119
1774945432.2520,0.0000,0.0000,0.0000,0.0000,0.0000,-3.0051,-0.2397,-32.8083,0.0359,0.0074,0.0083
1774945432.2713,0.0000,0.0000,0.0000,0.0000,0.0000,-3.0048,-0.2401,-4.5324,0.0509,0.0947,0.0126
1774945432.2918,0.0000,0.0000,0.0000,0.0000,0.0000,-3.0046,-0.2407,15.4782,0.0349,0.0372,0.0168
1774945432.3113,0.0000,0.0000,0.0000,0.0000,0.0000,-3.0006,-0.2402,6.4906,0.0647,0.0042,0.0126
1774945432.3313,0.0000,0.0000,0.0000,0.0000,0.0000,-3.0008,-0.2400,38.5015,0.0295,0.0351,0.0083
1774945432.3522,0.0000,0.0000,0.0000,0.0000,0.0000,-2.9996,-0.2395,32.4149,0.0157,0.0202,-0.0183
1774945432.3712,0.0000,0.0000,0.0000,0.0000,0.0000,-2.9991,-0.2413,-18.4549,0.0232,0.0361,0.0030
1774945432.3914,0.0000,0.0000,0.0000,0.0000,0.0000,-2.9992,-0.2421,-22.7747,0.0572,0.0553,0.0094
1774945432.4115,0.0000,0.0000,0.0000,0.0000,0.0000,-3.0000,-0.2438,21.7259,0.0349,0.0649,0.0147
1774945432.4313,0.0000,0.0000,0.0000,0.0000,0.0000,-2.9991,-0.2461,-2.4432,0.0498,0.0180,0.0190
1774945432.4513,0.0000,0.0000,0.0000,0.0000,0.0000,-2.9964,-0.2467,-41.0479,0.1084,0.0159,0.0136
1774945432.4713,0.0000,0.0000,0.0000,0.0000,0.0000,-2.9970,-0.2462,8.7858,0.0700,0.0031,0.0147
1774945432.4913,0.0000,0.0000,0.0000,0.0000,0.0000,-2.9954,-0.2450,32.4647,0.0413,-0.0502,0.0179
1774945432.5115,0.0000,0.0000,0.0000,0.0000,0.0000,-2.9921,-0.2437,-30.4163,0.0583,-0.0150,0.0040
1774945432.5312,0.0000,0.0000,0.0000,0.0000,0.0000,-2.9879,-0.2427,13.5420,0.0977,-0.0438,0.0211
1774945432.5513,0.0000,0.0000,0.0000,0.0000,0.0000,-2.9874,-0.2409,-40.6196,0.0817,-0.0619,0.0275
1774945432.5712,0.0000,0.0000,0.0000,0.0000,0.0000,-2.9884,-0.2421,1.0777,0.0455,0.0265,0.0115
1774945432.5913,0.0000,0.0000,0.0000,0.0000,0.0000,-2.9863,-0.2403,63.5626,0.0604,-0.0310,0.0158
1774945432.6113,0.0000,0.0000,0.0000,0.0000,0.0000,-2.9864,-0.2396,-24.9198,0.0509,-0.0374,0.0253
1774945432.6313,0.0000,0.0000,0.0000,0.0000,0.0000,-2.9849,-0.2396,-32.7022,0.0402,0.0574,-0.0087
1774945432.6515,0.0000,0.0000,0.0000,0.0000,0.0000,-2.9844,-0.2399,75.6403,-0.0429,0.0308,-0.0087
1774945432.6716,0.0000,0.0000,0.0000,0.0000,0.0000,-2.9842,-0.2389,-39.7390,-0.0195,-0.0288,0.0008
1774945432.6914,0.0000,0.0000,0.0000,0.0000,0.0000,-2.9831,-0.2380,-26.9517,0.0189,0.0660,-0.0087
1774945432.7114,0.0000,0.0000,0.0000,0.0000,0.0000,-2.9834,-0.2353,62.6762,0.0008,-0.0320,0.0051
1774945432.7313,0.0000,0.0000,0.0000,0.0000,0.0000,-2.9856,-0.2371,-50.0192,-0.0045,-0.0139,0.0190
1774945432.7518,0.0000,0.0000,0.0000,0.0000,0.0000,-2.9848,-0.2366,11.2968,0.0125,0.0297,-0.0045
1774945432.7714,0.0000,0.0000,0.0000,0.0000,0.0000,-2.9856,-0.2353,69.0923,-0.0312,-0.0214,0.0019
1774945432.7913,0.0000,0.0000,0.0000,0.0000,0.0000,-2.9861,-0.2356,-61.0205,-0.0482,-0.0235,-0.0109
1774945432.8116,0.0000,0.0000,0.0000,0.0000,0.0000,-2.9852,-0.2349,53.0089,-0.0227,0.0191,-0.0247
1774945432.8315,0.0000,0.0000,0.0000,0.0000,0.0000,-2.9844,-0.2346,39.2075,0.0146,-0.0502,-0.0045
1774945432.8517,0.0000,0.0000,0.0000,0.0000,0.0000,-2.9874,-0.2342,-62.7713,-0.0056,-0.0182,0.0062
1774945432.8713,0.0000,0.0000,0.0000,0.0000,0.0000,-2.9881,-0.2337,6.9116,-0.0152,0.0393,-0.0130
1774945432.8917,0.0000,0.0000,0.0000,0.0000,0.0000,-2.9873,-0.2339,8.2023,0.0306,-0.0118,0.0051
1774945432.9115,0.0000,0.0000,0.0000,0.0000,0.0000,-2.9878,-0.2347,-79.2565,0.0136,0.0074,0.0104
1774945432.9387,0.0000,0.0000,0.0000,0.0000,0.0000,-2.9877,-0.2351,-53.4970,-0.0109,-0.0214,0.0051
1774945432.9513,0.0000,0.0000,0.0000,0.0000,0.0000,-2.9890,-0.2366,13.4463,0.0050,0.0020,-0.0077
1774945432.9714,0.0000,0.0000,0.0000,0.0000,0.0000,-2.9878,-0.2382,-32.9336,0.0477,-0.0299,0.0030
1774945432.9916,0.0000,0.0000,0.0000,0.0000,0.0000,-2.9887,-0.2378,6.2501,0.0061,0.0297,-0.0066
1774945433.0123,0.0000,0.0000,0.0000,0.0000,0.0000,-2.9865,-0.2379,22.2189,0.0519,0.0074,-0.0013
1774945433.0312,0.0000,0.0000,0.0000,0.0000,0.0000,-2.9883,-0.2382,-10.0294,-0.0163,-0.0161,0.0221
1774945433.0516,0.0000,0.0000,0.0000,0.0000,0.0000,-2.9847,-0.2386,-11.4227,0.0764,0.0020,-0.0055
1774945433.0712,0.0000,0.0000,0.0000,0.0000,0.0000,-2.9862,-0.2385,93.6398,-0.0003,-0.0171,-0.0045
1774945433.0920,0.0000,0.0000,0.0000,0.0000,0.0000,-2.9863,-0.2382,8.5854,-0.0344,-0.0672,0.0030
1774945433.1115,0.0000,0.0000,0.0000,0.0000,0.0000,-2.9852,-0.2383,-66.2846,0.0168,-0.0182,0.0019
1774945433.1313,0.0000,0.0000,0.0000,0.0000,0.0000,-2.9831,-0.2377,-14.6235,0.0594,0.0297,-0.0055
1774945433.1524,0.0000,0.0000,0.0000,0.0000,0.0000,-2.9840,-0.2368,-9.6837,-0.0322,-0.0214,0.0019
1774945433.1714,0.0000,0.0000,0.0000,0.0000,0.0000,-2.9841,-0.2389,-25.6881,-0.0237,0.0223,-0.0024
1774945433.1914,0.0000,0.0000,0.0000,0.0000,0.0000,-2.9837,-0.2378,-64.7914,-0.0195,-0.0043,0.0062
1774945433.2113,0.0000,0.0000,0.0000,0.0000,0.0000,-2.9829,-0.2357,-2.9889,0.0370,-0.0661,0.0158
1774945433.2328,0.0000,0.0000,0.0000,0.0000,0.0000,-2.9856,-0.2358,-27.3801,-0.0013,-0.0299,0.0104
1774945433.2518,0.0000,0.0000,0.0000,0.0000,0.0000,-2.9866,-0.2366,28.5476,-0.0248,0.0010,-0.0055
1774945433.2714,0.0000,0.0000,0.0000,0.0000,0.0000,-2.9836,-0.2375,22.9484,0.0146,-0.0374,-0.0045
1774945433.2913,0.0000,0.0000,0.0000,0.0000,0.0000,-2.9845,-0.2380,-33.5998,0.0136,0.0233,-0.0045
1774945433.3114,0.0000,0.0000,0.0000,0.0000,0.0000,-2.9859,-0.2376,-23.3246,0.0029,0.0116,-0.0045
1774945433.3312,0.0000,0.0000,0.0000,0.0000,0.0000,-2.9867,-0.2357,-4.7682,-0.0258,-0.0779,0.0062
1774945433.3520,0.0000,0.0000,0.0000,0.0000,0.0000,-2.9845,-0.2366,-28.5423,0.0445,-0.0033,0.0083
1774945433.3714,0.0000,0.0000,0.0000,0.0000,0.0000,-2.9851,-0.2345,43.7526,0.0338,-0.0491,0.0040
1774945433.3916,0.0000,0.0000,0.0000,0.0000,0.0000,-2.9869,-0.2339,52.9254,-0.0163,-0.0278,-0.0013
1774945433.4124,0.0000,0.0000,0.0000,0.0000,0.0000,-2.9869,-0.2349,-8.7385,-0.0205,0.0042,0.0008
1774945433.4318,0.0000,0.0000,0.0000,0.0000,0.0000,-2.9848,-0.2339,32.6191,0.0221,-0.0150,-0.0205
1774945433.4528,0.0000,0.0000,0.0000,0.0000,0.0000,-2.9868,-0.2341,-10.8991,-0.0024,-0.0395,0.0051
1774945433.4715,0.0000,0.0000,0.0000,0.0000,0.0000,-2.9893,-0.2352,-25.4343,-0.0195,0.0787,0.0094
1774945433.4921,0.0000,0.0000,0.0000,0.0000,0.0000,-2.9886,-0.2330,20.1036,0.0455,0.0138,-0.0077
1774945433.5115,0.0000,0.0000,0.0000,0.0000,0.0000,-2.9884,-0.2348,-9.4335,0.0455,-0.0214,0.0094
1774945433.5314,0.0000,0.0000,0.0000,0.0000,0.0000,-2.9895,-0.2350,-13.5661,-0.0045,-0.0257,0.0094
1774945433.5513,0.0000,0.0000,0.0000,0.0000,0.0000,-2.9895,-0.2351,25.7035,0.0274,-0.0086,-0.0066
1774945433.5714,0.0000,0.0000,0.0000,0.0000,0.0000,-2.9904,-0.2362,-30.9097,0.0242,-0.0374,0.0296
1774945433.5917,0.0000,0.0000,0.0000,0.0000,0.0000,-2.9888,-0.2363,-24.0926,0.0413,0.0585,0.0115
1774945433.6112,0.0000,0.0000,0.0000,0.0000,0.0000,-2.9875,-0.2360,23.1283,0.0072,0.0351,0.0062
1774945433.6315,0.0000,0.0000,0.0000,0.0000,0.0000,-2.9878,-0.2346,-27.0797,-0.0195,-0.0587,0.0243
1774945433.6515,0.0000,0.0000,0.0000,0.0000,0.0000,-2.9862,-0.2340,-14.9881,0.0146,-0.0651,0.0200
1774945433.6713,0.0000,0.0000,0.0000,0.0000,0.0000,-2.9853,-0.2319,54.6244,-0.0088,-0.0619,-0.0055
1774945433.6914,0.0000,0.0000,0.0000,0.0000,0.0000,-2.9874,-0.2334,-24.7756,-0.0557,-0.0544,0.0136
1774945433.7117,0.0000,0.0000,0.0000,0.0000,0.0000,-2.9859,-0.2336,-45.1217,0.0178,-0.0086,-0.0141
1774945433.7313,0.0000,0.0000,0.0000,0.0000,0.0000,-2.9872,-0.2327,45.8328,-0.0141,-0.0257,-0.0045
1774945433.7562,0.0000,0.0000,0.0000,0.0000,0.0000,-2.9879,-0.2298,0.0000,-0.0163,-0.0097,-0.0183
1774945433.7711,0.0000,0.0000,0.0000,0.0000,0.0000,-2.9880,-0.2344,-34.4853,-0.0472,0.0212,-0.0119
1774945433.7914,0.0000,0.0000,0.0000,0.0000,0.0000,-2.9880,-0.2324,14.9621,0.0210,-0.0331,0.0051
1774945433.8113,0.0000,0.0000,0.0000,0.0000,0.0000,-2.9860,-0.2327,-41.3141,0.0381,0.0308,0.0030
1774945433.8313,0.0000,0.0000,0.0000,0.0000,0.0000,-2.9895,-0.2316,16.1565,-0.0280,0.0585,0.0008
1774945433.8513,0.0000,0.0000,0.0000,0.0000,0.0000,-2.9894,-0.2339,33.3501,0.0008,-0.0395,0.0136
1774945433.8713,0.0000,0.0000,0.0000,0.0000,0.0000,-2.9871,-0.2338,-38.6845,0.0626,0.0510,0.0019
1774945433.8927,0.0000,0.0000,0.0000,0.0000,0.0000,-2.9886,-0.2333,1.5826,0.0381,-0.0065,-0.0087
1774945433.9117,0.0000,0.0000,0.0000,0.0000,0.0000,-2.9894,-0.2346,36.2854,-0.0408,-0.0129,0.0179
1774945433.9323,0.0000,0.0000,0.0000,0.0000,0.0000,-2.9874,-0.2325,-41.3810,0.0061,0.0010,0.0040
1774945433.9517,0.0000,0.0000,0.0000,0.0000,0.0000,-2.9847,-0.2321,29.7593,0.0487,0.0042,0.0094
1774945433.9714,0.0000,0.0000,0.0000,0.0000,0.0000,-2.9838,-0.2299,15.9742,0.0061,-0.0651,0.0072
1774945433.9921,0.0000,0.0000,0.0000,0.0000,0.0000,-2.9859,-0.2285,0.0000,-0.0184,0.0074,-0.0002
1774945434.0114,0.0000,0.0000,0.0000,0.0000,0.0000,-2.9862,-0.2278,0.0000,-0.0472,-0.0384,-0.0013
1774945434.0313,0.0000,0.0000,0.0000,0.0000,0.0000,-2.9857,-0.2288,22.7353,0.0306,-0.0384,0.0094
1774945434.0521,0.0000,0.0000,0.0000,0.0000,0.0000,-2.9881,-0.2279,-59.7008,-0.0227,0.0191,-0.0077
1774945434.0716,0.0000,0.0000,0.0000,0.0000,0.0000,-2.9872,-0.2294,30.9398,-0.0301,0.0170,0.0030
1774945434.0921,0.0000,0.0000,0.0000,0.0000,0.0000,-2.9859,-0.2292,10.1569,0.0040,-0.0278,0.0072
1774945434.1112,0.0000,0.0000,0.0000,0.0000,0.0000,-2.9850,-0.2295,-51.0087,0.0264,0.0340,-0.0194
1774945434.1314,0.0000,0.0000,0.0000,0.0000,0.0000,-2.9871,-0.2296,31.0329,-0.0109,0.0233,0.0030
1774945434.1517,0.0000,0.0000,0.0000,0.0000,0.0000,-2.9898,-0.2316,47.7565,-0.0088,-0.0267,0.0051
1774945434.1716,0.0000,0.0000,0.0000,0.0000,0.0000,-2.9897,-0.2333,-22.5534,0.0114,0.0489,0.0040
1774945434.1915,0.0000,0.0000,0.0000,0.0000,0.0000,-2.9886,-0.2310,17.5917,0.0572,-0.0054,0.0104
1774945434.2114,0.0000,0.0000,0.0000,0.0000,0.0000,-2.9896,-0.2318,27.2809,-0.0141,0.0287,0.0040
1774945434.2314,0.0000,0.0000,0.0000,0.0000,0.0000,-2.9871,-0.2318,-44.1771,0.0295,-0.0203,0.0051
1774945434.2512,0.0000,0.0000,0.0000,0.0000,0.0000,-2.9859,-0.2322,36.7459,0.0487,-0.0001,-0.0034
1774945434.2713,0.0000,0.0000,0.0000,0.0000,0.0000,-2.9862,-0.2325,18.1012,-0.0120,-0.0715,-0.0034
1774945434.2914,0.0000,0.0000,0.0000,0.0000,0.0000,-2.9853,-0.2337,-44.5827,-0.0237,0.0138,-0.0098
1774945434.3114,0.0000,0.0000,0.0000,0.0000,0.0000,-2.9859,-0.2331,48.2243,0.0295,0.0074,0.0072
1774945434.3313,0.0000,0.0000,0.0000,0.0000,0.0000,-2.9849,-0.2328,4.1071,0.0338,-0.0406,0.0072
1774945434.3514,0.0000,0.0000,0.0000,0.0000,0.0000,-2.9861,-0.2331,-47.4945,-0.0280,0.0010,0.0126
1774945434.3711,0.0000,0.0000,0.0000,0.0000,0.0000,-2.9852,-0.2316,50.7447,-0.0099,0.0297,-0.0130
1774945434.3913,0.0000,0.0000,0.0000,0.0000,0.0000,-2.9848,-0.2304,24.9520,-0.0237,-0.0416,0.0040
1774945434.4122,0.0000,0.0000,0.0000,0.0000,0.0000,-2.9860,-0.2304,31.5004,-0.0035,-0.0448,-0.0002
1774945434.4316,0.0000,0.0000,0.0000,0.0000,0.0000,-2.9887,-0.2297,16.6483,-0.0301,0.0202,-0.0087
1774945434.4527,0.0000,0.0000,0.0000,0.0000,0.0000,-2.9867,-0.2285,21.5789,-0.0099,-0.0629,0.0040
1774945434.4714,0.0000,0.0000,0.0000,0.0000,0.0000,-2.9857,-0.2292,-65.2113,0.0029,0.0063,-0.0109
1774945434.4913,0.0000,0.0000,0.0000,0.0000,0.0000,-2.9858,-0.2297,15.1481,-0.0024,0.0585,-0.0300
1774945434.5115,0.0000,0.0000,0.0000,0.0000,0.0000,-2.9872,-0.2300,48.9741,-0.0429,-0.0043,-0.0066
1774945434.5313,0.0000,0.0000,0.0000,0.0000,0.0000,-2.9865,-0.2289,-36.2999,-0.0269,-0.0597,0.0030
1774945434.5517,0.0000,0.0000,0.0000,0.0000,0.0000,-2.9847,-0.2285,15.2842,0.0359,-0.0012,-0.0066
1774945434.5715,0.0000,0.0000,0.0000,0.0000,0.0000,-2.9875,-0.2278,39.1636,-0.0152,-0.0363,0.0019
1774945434.5912,0.0000,0.0000,0.0000,0.0000,0.0000,-2.9878,-0.2290,-26.2287,-0.0418,-0.0182,0.0136
1774945434.6114,0.0000,0.0000,0.0000,0.0000,0.0000,-2.9868,-0.2284,-27.3474,0.0114,-0.0427,-0.0066
1774945434.6312,0.0000,0.0000,0.0000,0.0000,0.0000,-2.9866,-0.2303,32.2397,0.0285,0.0127,-0.0077
1774945434.6521,0.0000,0.0000,0.0000,0.0000,0.0000,-2.9865,-0.2291,44.8280,0.0157,-0.0523,-0.0045
1774945434.6712,0.0000,0.0000,0.0000,0.0000,0.0000,-2.9877,-0.2304,6.7219,-0.0131,0.0212,-0.0055
1774945434.6913,0.0000,0.0000,0.0000,0.0000,0.0000,-2.9887,-0.2296,34.0853,0.0114,-0.0043,0.0008
1774945434.7112,0.0000,0.0000,0.0000,0.0000,0.0000,-2.9879,-0.2305,-20.2723,0.0455,0.0159,0.0072
1774945434.7312,0.0000,0.0000,0.0000,0.0000,0.0000,-2.9884,-0.2291,-28.0377,0.0413,0.0191,0.0094
1774945434.7524,0.0000,0.0000,0.0000,0.0000,0.0000,-2.9870,-0.2293,30.7230,0.0370,0.0063,-0.0045
1774945434.7714,0.0000,0.0000,0.0000,0.0000,0.0000,-2.9884,-0.2295,37.0393,0.0019,-0.0022,0.0104
1774945434.7917,0.0000,0.0000,0.0000,0.0000,0.0000,-2.9849,-0.2298,-3.8148,0.0338,0.0265,0.0072
1774945434.8114,0.0000,0.0000,0.0000,0.0000,0.0000,-2.9846,-0.2277,39.7018,-0.0408,-0.0012,0.0221
1774945434.8312,0.0000,0.0000,0.0000,0.0000,0.0000,-2.9812,-0.2290,-29.4157,0.0168,0.0095,0.0051
1774945434.8512,0.0000,0.0000,0.0000,0.0000,0.0000,-2.9802,-0.2270,-4.2834,0.0221,-0.0214,-0.0066
1774945434.8713,0.0000,0.0000,0.0000,0.0000,0.0000,-2.9797,-0.2252,16.1023,-0.0045,-0.0800,-0.0087
1774945434.8915,0.0000,0.0000,0.0000,0.0000,0.0000,-2.9794,-0.2255,-26.7807,-0.0195,-0.0459,-0.0034
1774945434.9113,0.0000,0.0000,0.0000,0.0000,0.0000,-2.9812,-0.2254,-22.8478,0.0232,-0.0033,0.0019
1774945434.9313,0.0000,0.0000,0.0000,0.0000,0.0000,-2.9815,-0.2254,25.9263,-0.0035,0.0052,-0.0066
1774945434.9513,0.0000,0.0000,0.0000,0.0000,0.0000,-2.9810,-0.2242,17.7110,0.0029,-0.0182,-0.0151
1774945434.9713,0.0000,0.0000,0.0000,0.0000,0.0000,-2.9838,-0.2221,8.5098,-0.0312,-0.0086,-0.0130
1774945434.9925,0.0000,0.0000,0.0000,0.0000,0.0000,-2.9843,-0.2215,12.1220,-0.0024,-0.0054,-0.0141
1774945435.0115,0.0000,0.0000,0.0000,0.0000,0.0000,-2.9848,-0.2219,-4.2256,-0.0067,0.0287,-0.0151
1774945435.0313,0.0000,0.0000,0.0000,0.0000,0.0000,-2.9870,-0.2217,12.2676,-0.0312,0.0787,-0.0098
1774945435.0517,0.0000,0.0000,0.0000,0.0000,0.0000,-2.9867,-0.2213,26.0103,0.0221,0.0447,0.0030
1774945435.0714,0.0000,0.0000,0.0000,0.0000,0.0000,-2.9862,-0.2240,0.0415,0.0104,0.0489,0.0072
1774945435.0915,0.0000,0.0000,0.0000,0.0000,0.0000,-2.9859,-0.2230,26.7736,0.0029,0.0564,-0.0002
1774945435.1113,0.0000,0.0000,0.0000,0.0000,0.0000,-2.9885,-0.2218,22.1440,-0.0397,0.0148,0.0040
1774945435.1315,0.0000,0.0000,0.0000,0.0000,0.0000,-2.9869,-0.2204,-6.4033,-0.0035,-0.0022,0.0019
1774945435.1513,0.0000,0.0000,0.0000,0.0000,0.0000,-2.9859,-0.2211,14.0869,0.0168,0.0425,0.0008
1774945435.1714,0.0000,0.0000,0.0000,0.0000,0.0000,-2.9868,-0.2207,-0.2173,0.0232,0.0777,-0.0194
1774945435.1914,0.0000,0.0000,0.0000,0.0000,0.0000,-2.9887,-0.2214,16.9444,-0.0525,0.0510,-0.0173
1774945435.2114,0.0000,0.0000,0.0000,0.0000,0.0000,-2.9886,-0.2215,10.4053,-0.0376,0.0244,-0.0141
1774945435.2314,0.0000,0.0000,0.0000,0.0000,0.0000,-2.9879,-0.2203,-8.4045,-0.0099,0.0031,-0.0119
1774945435.2515,0.0000,0.0000,0.0000,0.0000,0.0000,-2.9874,-0.2202,-3.1227,-0.0024,0.0116,-0.0055
1774945435.2712,0.0000,0.0000,0.0000,0.0000,0.0000,-2.9907,-0.2208,1.7825,-0.0141,0.0372,-0.0045
1774945435.2918,0.0000,0.0000,0.0000,0.0000,0.0000,-2.9917,-0.2198,2.6029,-0.0024,0.0265,0.0051
1774945435.3113,0.0000,0.0000,0.0000,0.0000,0.0000,-2.9908,-0.2202,22.3197,0.0370,0.0052,-0.0130
1774945435.3312,0.0000,0.0000,0.0000,0.0000,0.0000,-2.9924,-0.2215,21.0269,0.0050,0.0116,-0.0002
1774945435.3513,0.0000,0.0000,0.0000,0.0000,0.0000,-2.9936,-0.2220,19.4386,-0.0227,0.0020,-0.0055
1774945435.3713,0.0000,0.0000,0.0000,0.0000,0.0000,-2.9931,-0.2218,-19.8534,-0.0120,-0.0097,0.0051
1774945435.3912,0.0000,0.0000,0.0000,0.0000,0.0000,-2.9912,-0.2211,-14.6351,0.0295,0.0265,-0.0024
1774945435.4113,0.0000,0.0000,0.0000,0.0000,0.0000,-2.9916,-0.2215,16.5358,0.0178,0.0329,0.0040
1774945435.4318,0.0000,0.0000,0.0000,0.0000,0.0000,-2.9890,-0.2222,6.2908,0.0402,0.0361,-0.0045
1774945435.4526,0.0000,0.0000,0.0000,0.0000,0.0000,-2.9893,-0.2198,5.6159,-0.0003,-0.0661,0.0104
1774945435.4722,0.0000,0.0000,0.0000,0.0000,0.0000,-2.9876,-0.2227,22.7390,0.0189,0.0180,0.0008
1774945435.4925,0.0000,0.0000,0.0000,0.0000,0.0000,-2.9885,-0.2223,-11.1150,0.0008,-0.0075,0.0019
1774945435.5112,0.0000,0.0000,0.0000,0.0000,0.0000,-2.9871,-0.2232,-9.9388,0.0136,0.0361,-0.0141
1774945435.5313,0.0000,0.0000,0.0000,0.0000,0.0000,-2.9873,-0.2214,-3.6259,0.0114,-0.0246,-0.0087
1774945435.5536,0.0000,0.0000,0.0000,0.0000,0.0000,-2.9878,-0.2222,-12.4830,0.0189,-0.0214,0.0062
1774945435.5717,0.0000,0.0000,0.0000,0.0000,0.0000,-2.9892,-0.2234,3.2307,0.0029,0.0010,0.0040
1774945435.5912,0.0000,0.0000,0.0000,0.0000,0.0000,-2.9885,-0.2236,0.9423,0.0029,0.0074,0.0019
1774945435.6113,0.0000,0.0000,0.0000,0.0000,0.0000,-2.9855,-0.2248,-5.4645,0.0189,-0.0086,-0.0045
1774945435.6315,0.0000,0.0000,0.0000,0.0000,0.0000,-2.9864,-0.2245,-18.5043,0.0221,-0.0267,-0.0002
1774945435.6530,0.0000,0.0000,0.0000,0.0000,0.0000,-2.9867,-0.2265,32.0831,0.0264,0.0223,-0.0119
1774945435.6712,0.0000,0.0000,0.0000,0.0000,0.0000,-2.9885,-0.2251,-18.5614,0.0157,-0.0352,0.0168
1774945435.6919,0.0000,0.0000,0.0000,0.0000,0.0000,-2.9880,-0.2258,23.7892,0.0019,0.0287,0.0126
1774945435.7113,0.0000,0.0000,0.0000,0.0000,0.0000,-2.9860,-0.2236,36.8564,0.0264,-0.0480,0.0158
1774945435.7312,0.0000,0.0000,0.0000,0.0000,0.0000,-2.9852,-0.2244,-27.1192,-0.0003,-0.0363,0.0051
1774945435.7552,0.0000,0.0000,0.0000,0.0000,0.0000,-2.9865,-0.2250,0.2186,-0.0258,0.0233,-0.0130
1774945435.7712,0.0000,0.0000,0.0000,0.0000,0.0000,-2.9862,-0.2256,14.8583,-0.0195,0.0276,-0.0077
1774945435.7918,0.0000,0.0000,0.0000,0.0000,0.0000,-2.9835,-0.2259,-1.1110,0.0082,-0.0203,-0.0087
1774945435.8114,0.0000,0.0000,0.0000,0.0000,0.0000,-2.9841,-0.2247,20.8350,0.0200,-0.0257,0.0040
1774945435.8313,0.0000,0.0000,0.0000,0.0000,0.0000,-2.9848,-0.2250,21.4502,0.0104,-0.0288,0.0179
1774945435.8514,0.0000,0.0000,0.0000,0.0000,0.0000,-2.9856,-0.2260,-9.1402,0.0370,-0.0065,0.0136
1774945435.8712,0.0000,0.0000,0.0000,0.0000,0.0000,-2.9843,-0.2268,18.3252,-0.0099,0.0074,0.0136
1774945435.8919,0.0000,0.0000,0.0000,0.0000,0.0000,-2.9824,-0.2264,-25.6114,-0.0067,-0.0576,-0.0173
1774945435.9112,0.0000,0.0000,0.0000,0.0000,0.0000,-2.9837,-0.2262,-9.5002,-0.0631,-0.0384,-0.0322
1774945435.9333,0.0000,0.0000,0.0000,0.0000,0.0000,-2.9838,-0.2264,-0.9975,0.0008,-0.0267,-0.0055
1774945435.9531,0.0000,0.0000,0.0000,0.0000,0.0000,-2.9847,-0.2268,43.0754,0.0626,0.0297,-0.0013
1774945435.9717,0.0000,0.0000,0.0000,0.0000,0.0000,-2.9864,-0.2273,3.7559,0.0082,0.0372,0.0062
1774945435.9912,0.0000,0.0000,0.0000,0.0000,0.0000,-2.9859,-0.2257,-1.4837,0.0136,-0.0310,-0.0109
1774945436.0112,0.0000,0.0000,0.0000,0.0000,0.0000,-2.9844,-0.2278,-9.2268,-0.0408,-0.0065,-0.0226
1774945436.0312,0.0000,0.0000,0.0000,0.0000,0.0000,-2.9824,-0.2273,-11.3048,0.0114,0.0063,-0.0141
1774945436.0512,0.0000,0.0000,0.0000,0.0000,0.0000,-2.9830,-0.2280,22.6401,0.0114,0.0191,0.0083
1774945436.0712,0.0000,0.0000,0.0000,0.0000,0.0000,-2.9821,-0.2254,-43.5331,0.0306,-0.0491,0.0083
1774945436.0912,0.0000,0.0000,0.0000,0.0000,0.0000,-2.9853,-0.2266,9.2981,0.0146,0.0084,0.0094
1774945436.1112,0.0000,0.0000,0.0000,0.0000,0.0000,-2.9859,-0.2268,7.0196,0.0114,-0.0075,0.0115
1774945436.1324,0.0000,0.0000,0.0000,0.0000,0.0000,-2.9842,-0.2283,-29.3586,0.0061,0.0297,0.0008
1774945436.1515,0.0000,0.0000,0.0000,0.0000,0.0000,-2.9818,-0.2290,22.2162,-0.0035,0.0308,0.0062
1774945436.1715,0.0000,0.0000,0.0000,0.0000,0.0000,-2.9806,-0.2269,-13.8233,-0.0099,-0.0597,0.0136
1774945436.1914,0.0000,0.0000,0.0000,0.0000,0.0000,-2.9819,-0.2282,-34.5398,-0.0429,-0.0033,-0.0055
1774945436.2114,0.0000,0.0000,0.0000,0.0000,0.0000,-2.9808,-0.2270,-18.1249,-0.0131,-0.0278,-0.0077
1774945436.2317,0.0000,0.0000,0.0000,0.0000,0.0000,-2.9796,-0.2255,41.6436,-0.0333,-0.0203,-0.0055
1774945436.2550,0.0000,0.0000,0.0000,0.0000,0.0000,-2.9801,-0.2262,-58.4085,-0.0269,-0.0225,-0.0013
1774945436.2712,0.0000,0.0000,0.0000,0.0000,0.0000,-2.9808,-0.2258,33.2014,-0.0258,-0.0107,-0.0109
1774945436.2914,0.0000,0.0000,0.0000,0.0000,0.0000,-2.9830,-0.2244,55.0426,-0.0184,-0.0171,-0.0098
1774945436.3112,0.0000,0.0000,0.0000,0.0000,0.0000,-2.9833,-0.2245,-30.3672,0.0072,-0.0363,-0.0045
1774945436.3312,0.0000,0.0000,0.0000,0.0000,0.0000,-2.9818,-0.2278,7.1850,-0.0003,0.0340,-0.0034
1774945436.3512,0.0000,0.0000,0.0000,0.0000,0.0000,-2.9803,-0.2266,-20.2884,0.0210,-0.0235,-0.0183
1774945436.3716,0.0000,0.0000,0.0000,0.0000,0.0000,-2.9819,-0.2274,-7.4339,-0.0216,0.0361,-0.0087
1774945436.3914,0.0000,0.0000,0.0000,0.0000,0.0000,-2.9802,-0.2283,17.9983,0.0253,-0.0118,-0.0119
1774945436.4123,0.0000,0.0000,0.0000,0.0000,0.0000,-2.9821,-0.2300,-9.7856,0.0019,0.0383,0.0019
1774945436.4313,0.0000,0.0000,0.0000,0.0000,0.0000,-2.9808,-0.2288,-12.9615,0.0146,0.0202,0.0062
1774945436.4514,0.0000,0.0000,0.0000,0.0000,0.0000,-2.9800,-0.2292,24.5760,0.0029,-0.0075,-0.0034
1774945436.4713,0.0000,0.0000,0.0000,0.0000,0.0000,-2.9804,-0.2294,-21.0612,-0.0024,0.0202,-0.0045
1774945436.4912,0.0000,0.0000,0.0000,0.0000,0.0000,-2.9776,-0.2274,-17.8146,0.0242,0.0212,-0.0034
1774945436.5122,0.0000,0.0000,0.0000,0.0000,0.0000,-2.9783,-0.2291,0.0000,-0.0077,0.0489,-0.0002
1774945436.5313,0.0000,0.0000,0.0000,0.0000,0.0000,-2.9778,-0.2274,-30.9035,0.0232,-0.0352,0.0019
1774945436.5513,0.0000,0.0000,0.0000,0.0000,0.0000,-2.9810,-0.2281,0.8716,-0.0195,0.0031,-0.0013
1774945436.5713,0.0000,0.0000,0.0000,0.0000,0.0000,-2.9815,-0.2306,24.5760,-0.0227,-0.0299,0.0051
1774945436.5928,0.0000,0.0000,0.0000,0.0000,0.0000,-2.9813,-0.2304,-41.9781,-0.0013,-0.0193,-0.0034
1774945436.6114,0.0000,0.0000,0.0000,0.0000,0.0000,-2.9811,-0.2295,9.9237,0.0189,-0.0086,-0.0013
1774945436.6313,0.0000,0.0000,0.0000,0.0000,0.0000,-2.9786,-0.2308,29.1021,0.0295,-0.0555,-0.0098
1774945436.6517,0.0000,0.0000,0.0000,0.0000,0.0000,-2.9788,-0.2306,-3.1041,-0.0216,0.0074,-0.0151
1774945436.6714,0.0000,0.0000,0.0000,0.0000,0.0000,-2.9788,-0.2303,5.1237,-0.0088,0.0095,-0.0194
1774945436.6912,0.0000,0.0000,0.0000,0.0000,0.0000,-2.9784,-0.2295,5.5107,-0.0141,-0.0107,-0.0173
1774945436.7113,0.0000,0.0000,0.0000,0.0000,0.0000,-2.9770,-0.2286,-22.6132,-0.0269,-0.0267,-0.0087
1774945436.7313,0.0000,0.0000,0.0000,0.0000,0.0000,-2.9758,-0.2272,-2.4219,0.0264,-0.0352,-0.0045
1774945436.7514,0.0000,0.0000,0.0000,0.0000,0.0000,-2.9771,-0.2281,34.5520,-0.0152,-0.0086,-0.0045
1774945436.7712,0.0000,0.0000,0.0000,0.0000,0.0000,-2.9760,-0.2271,11.6510,-0.0248,0.0074,-0.0098
1774945436.7913,0.0000,0.0000,0.0000,0.0000,0.0000,-2.9772,-0.2271,18.7588,0.0072,0.0308,0.0019
1774945436.8113,0.0000,0.0000,0.0000,0.0000,0.0000,-2.9788,-0.2265,12.4478,0.0445,-0.0065,0.0062
1774945436.8312,0.0000,0.0000,0.0000,0.0000,0.0000,-2.9787,-0.2241,-2.3113,0.0391,-0.0438,-0.0109
1774945436.8512,0.0000,0.0000,0.0000,0.0000,0.0000,-2.9814,-0.2250,36.0916,-0.0195,-0.0235,0.0051
1774945436.8713,0.0000,0.0000,0.0000,0.0000,0.0000,-2.9802,-0.2266,18.3704,0.0168,0.0148,0.0030
1774945436.8913,0.0000,0.0000,0.0000,0.0000,0.0000,-2.9796,-0.2260,-19.3862,0.0114,-0.0022,-0.0024
1774945436.9112,0.0000,0.0000,0.0000,0.0000,0.0000,-2.9772,-0.2261,2.8887,0.0019,-0.0054,-0.0013
1774945436.9313,0.0000,0.0000,0.0000,0.0000,0.0000,-2.9751,-0.2267,-2.0902,0.0477,-0.0246,-0.0077
1774945436.9513,0.0000,0.0000,0.0000,0.0000,0.0000,-2.9781,-0.2257,-33.3654,0.0050,-0.0129,0.0062
1774945436.9712,0.0000,0.0000,0.0000,0.0000,0.0000,-2.9788,-0.2265,-12.6063,0.0019,0.0116,0.0030
1774945436.9913,0.0000,0.0000,0.0000,0.0000,0.0000,-2.9756,-0.2275,23.7721,0.0040,0.0084,-0.0109
1774945437.0118,0.0000,0.0000,0.0000,0.0000,0.0000,-2.9752,-0.2266,3.4434,0.0040,-0.0118,0.0030
1774945437.0312,0.0000,0.0000,0.0000,0.0000,0.0000,-2.9758,-0.2277,-22.4515,0.0242,-0.0203,-0.0024
1774945437.0517,0.0000,0.0000,0.0000,0.0000,0.0000,-2.9776,-0.2282,7.5663,-0.0067,-0.0406,-0.0098
1774945437.0712,0.0000,0.0000,0.0000,0.0000,0.0000,-2.9802,-0.2288,-13.5823,-0.0056,-0.0129,0.0008
1774945437.0917,0.0000,0.0000,0.0000,0.0000,0.0000,-2.9791,-0.2302,-19.1268,0.0423,0.0202,-0.0077
1774945437.1113,0.0000,0.0000,0.0000,0.0000,0.0000,-2.9809,-0.2310,14.7308,-0.0035,0.0202,-0.0077
1774945437.1313,0.0000,0.0000,0.0000,0.0000,0.0000,-2.9808,-0.2308,28.4814,0.0146,-0.0086,-0.0098
1774945437.1512,0.0000,0.0000,0.0000,0.0000,0.0000,-2.9814,-0.2318,12.7008,0.0253,-0.0267,-0.0109
1774945437.1713,0.0000,0.0000,0.0000,0.0000,0.0000,-2.9830,-0.2318,2.7762,-0.0045,-0.0182,0.0019
1774945437.1915,0.0000,0.0000,0.0000,0.0000,0.0000,-2.9814,-0.2313,49.2140,-0.0056,-0.0139,0.0040
1774945437.2114,0.0000,0.0000,0.0000,0.0000,0.0000,-2.9800,-0.2298,6.5490,-0.0152,-0.0438,0.0008
1774945437.2314,0.0000,0.0000,0.0000,0.0000,0.0000,-2.9776,-0.2282,20.7174,-0.0013,-0.0310,-0.0024
1774945437.2525,0.0000,0.0000,0.0000,0.0000,0.0000,-2.9775,-0.2279,43.0911,-0.0013,-0.0097,-0.0162
1774945437.2713,0.0000,0.0000,0.0000,0.0000,0.0000,-2.9806,-0.2289,-9.7923,-0.0322,0.0159,-0.0205
1774945437.2912,0.0000,0.0000,0.0000,0.0000,0.0000,-2.9795,-0.2285,-18.3577,-0.0173,0.0319,-0.0162
1774945437.3112,0.0000,0.0000,0.0000,0.0000,0.0000,-2.9811,-0.2277,-2.5259,0.0061,0.0010,-0.0013
1774945437.3312,0.0000,0.0000,0.0000,0.0000,0.0000,-2.9819,-0.2255,17.3777,0.0125,-0.0416,0.0094
1774945437.3513,0.0000,0.0000,0.0000,0.0000,0.0000,-2.9817,-0.2251,6.1645,0.0061,-0.0363,-0.0141
1774945437.3712,0.0000,0.0000,0.0000,0.0000,0.0000,-2.9844,-0.2254,10.0460,-0.0067,-0.0129,-0.0098
1774945437.3913,0.0000,0.0000,0.0000,0.0000,0.0000,-2.9856,-0.2262,36.8478,-0.0280,-0.0012,-0.0130
1774945437.4113,0.0000,0.0000,0.0000,0.0000,0.0000,-2.9839,-0.2274,9.5885,0.0008,0.0042,-0.0066
1774945437.4335,0.0000,0.0000,0.0000,0.0000,0.0000,-2.9828,-0.2263,7.1260,0.0274,-0.0235,-0.0002
1774945437.4584,0.0000,0.0000,0.0000,0.0000,0.0000,-2.9839,-0.2269,6.6670,-0.0056,-0.0278,-0.0151
1774945437.4714,0.0000,0.0000,0.0000,0.0000,0.0000,-2.9852,-0.2264,0.7251,-0.0067,-0.0352,-0.0098
1774945437.4912,0.0000,0.0000,0.0000,0.0000,0.0000,-2.9852,-0.2264,-15.2982,0.0136,-0.0384,-0.0013
1774945437.5112,0.0000,0.0000,0.0000,0.0000,0.0000,-2.9849,-0.2260,0.3772,0.0114,-0.0310,-0.0055
1774945437.5324,0.0000,0.0000,0.0000,0.0000,0.0000,-2.9858,-0.2264,-21.2907,0.0125,-0.0150,0.0040
1774945437.5531,0.0000,0.0000,0.0000,0.0000,0.0000,-2.9839,-0.2261,14.6072,0.0040,-0.0033,-0.0055
1774945437.5713,0.0000,0.0000,0.0000,0.0000,0.0000,-2.9820,-0.2258,18.6229,0.0114,-0.0203,-0.0077
1774945437.5912,0.0000,0.0000,0.0000,0.0000,0.0000,-2.9821,-0.2257,-11.8896,0.0232,-0.0065,-0.0066
1774945437.6113,0.0000,0.0000,0.0000,0.0000,0.0000,-2.9823,-0.2276,10.2536,0.0114,0.0255,-0.0151
1774945437.6318,0.0000,0.0000,0.0000,0.0000,0.0000,-2.9832,-0.2288,5.5781,0.0136,0.0340,-0.0034
1774945437.6512,0.0000,0.0000,0.0000,0.0000,0.0000,-2.9831,-0.2281,-52.2175,0.0338,-0.0043,0.0136
1774945437.6717,0.0000,0.0000,0.0000,0.0000,0.0000,-2.9834,-0.2286,-7.4809,0.0178,0.0361,-0.0024
1774945437.6912,0.0000,0.0000,0.0000,0.0000,0.0000,-2.9837,-0.2262,-0.9980,-0.0365,-0.0043,-0.0077
1774945437.7177,0.0000,0.0000,0.0000,0.0000,0.0000,-2.9829,-0.2263,7.8325,-0.0237,0.0233,-0.0034
1774945437.7312,0.0000,0.0000,0.0000,0.0000,0.0000,-2.9809,-0.2269,34.5505,0.0264,0.0415,-0.0077
1774945437.7513,0.0000,0.0000,0.0000,0.0000,0.0000,-2.9808,-0.2251,23.8765,-0.0152,-0.0203,0.0104
1774945437.7713,0.0000,0.0000,0.0000,0.0000,0.0000,-2.9801,-0.2257,-29.9953,0.0178,-0.0161,-0.0109
1774945437.7912,0.0000,0.0000,0.0000,0.0000,0.0000,-2.9795,-0.2231,-9.7403,-0.0077,-0.0427,-0.0151
1774945437.8113,0.0000,0.0000,0.0000,0.0000,0.0000,-2.9823,-0.2214,-13.3668,-0.0397,-0.0331,-0.0034
1774945437.8313,0.0000,0.0000,0.0000,0.0000,0.0000,-2.9812,-0.2209,-5.5386,-0.0301,-0.0033,-0.0183
1774945437.8513,0.0000,0.0000,0.0000,0.0000,0.0000,-2.9795,-0.2209,45.0454,0.0029,-0.0054,-0.0066
1774945437.8712,0.0000,0.0000,0.0000,0.0000,0.0000,-2.9804,-0.2201,-10.0281,0.0061,-0.0278,-0.0013
1774945437.8939,0.0000,0.0000,0.0000,0.0000,0.0000,-2.9832,-0.2200,-3.1041,-0.0109,-0.0395,0.0030
1774945437.9113,0.0000,0.0000,0.0000,0.0000,0.0000,-2.9827,-0.2209,37.9806,0.0423,0.0052,-0.0002
1774945437.9327,0.0000,0.0000,0.0000,0.0000,0.0000,-2.9843,-0.2207,-10.6345,-0.0056,-0.0299,-0.0077
1774945437.9516,0.0000,0.0000,0.0000,0.0000,0.0000,-2.9848,-0.2212,3.4993,0.0104,0.0042,-0.0098
1774945437.9713,0.0000,0.0000,0.0000,0.0000,0.0000,-2.9862,-0.2196,-15.0809,0.0285,-0.0043,0.0083
1774945437.9912,0.0000,0.0000,0.0000,0.0000,0.0000,-2.9837,-0.2197,-2.9400,0.0093,-0.0150,-0.0098
1774945438.0113,0.0000,0.0000,0.0000,0.0000,0.0000,-2.9814,-0.2199,6.1047,0.0029,-0.0107,-0.0290
1774945438.0315,0.0000,0.0000,0.0000,0.0000,0.0000,-2.9823,-0.2190,9.5381,-0.0301,-0.0225,-0.0130
1774945438.0513,0.0000,0.0000,0.0000,0.0000,0.0000,-2.9806,-0.2190,-18.8445,-0.0056,0.0138,-0.0226
1774945438.0712,0.0000,0.0000,0.0000,0.0000,0.0000,-2.9793,-0.2191,-24.2535,0.0370,0.0233,-0.0055
1774945438.0913,0.0000,0.0000,0.0000,0.0000,0.0000,-2.9806,-0.2177,0.5508,0.0285,0.0084,0.0083
1774945438.1113,0.0000,0.0000,0.0000,0.0000,0.0000,-2.9820,-0.2185,9.5524,-0.0003,0.0095,0.0019
1774945438.1312,0.0000,0.0000,0.0000,0.0000,0.0000,-2.9829,-0.2175,-7.2889,-0.0354,-0.0320,-0.0077
1774945438.1522,0.0000,0.0000,0.0000,0.0000,0.0000,-2.9812,-0.2174,8.9281,-0.0354,-0.0299,-0.0034
1774945438.1713,0.0000,0.0000,0.0000,0.0000,0.0000,-2.9791,-0.2188,31.7347,-0.0344,-0.0012,-0.0087
1774945438.1913,0.0000,0.0000,0.0000,0.0000,0.0000,-2.9785,-0.2160,-10.5785,-0.0109,-0.0150,-0.0055
1774945438.2116,0.0000,0.0000,0.0000,0.0000,0.0000,-2.9781,-0.2161,-5.9079,0.0008,0.0063,-0.0013
1774945438.2313,0.0000,0.0000,0.0000,0.0000,0.0000,-2.9793,-0.2170,13.8469,-0.0088,0.0191,-0.0173
1774945438.2513,0.0000,0.0000,0.0000,0.0000,0.0000,-2.9807,-0.2157,-11.1623,0.0104,-0.0065,-0.0055
1774945438.2712,0.0000,0.0000,0.0000,0.0000,0.0000,-2.9809,-0.2164,0.6726,-0.0120,0.0212,-0.0077
1774945438.2916,0.0000,0.0000,0.0000,0.0000,0.0000,-2.9811,-0.2176,-15.2694,-0.0184,0.0340,-0.0109
1774945438.3112,0.0000,0.0000,0.0000,0.0000,0.0000,-2.9785,-0.2176,-1.6680,0.0168,0.0031,-0.0087
1774945438.3312,0.0000,0.0000,0.0000,0.0000,0.0000,-2.9794,-0.2180,10.0427,0.0189,0.0063,-0.0013
1774945438.3514,0.0000,0.0000,0.0000,0.0000,0.0000,-2.9810,-0.2201,2.1009,0.0125,0.0180,-0.0077
1774945438.3713,0.0000,0.0000,0.0000,0.0000,0.0000,-2.9819,-0.2188,-10.2750,0.0146,-0.0288,-0.0013
1774945438.3913,0.0000,0.0000,0.0000,0.0000,0.0000,-2.9818,-0.2196,-0.8568,0.0029,-0.0097,0.0019
1774945438.4112,0.0000,0.0000,0.0000,0.0000,0.0000,-2.9812,-0.2207,4.5688,-0.0088,0.0233,-0.0141
1774945438.4312,0.0000,0.0000,0.0000,0.0000,0.0000,-2.9787,-0.2187,10.3043,-0.0131,-0.0086,-0.0258
1774945438.4512,0.0000,0.0000,0.0000,0.0000,0.0000,-2.9765,-0.2179,22.3313,0.0040,-0.0310,-0.0162
1774945438.4712,0.0000,0.0000,0.0000,0.0000,0.0000,-2.9767,-0.2185,4.6771,-0.0003,-0.0139,-0.0205
1774945438.4912,0.0000,0.0000,0.0000,0.0000,0.0000,-2.9780,-0.2185,16.0665,0.0040,-0.0086,-0.0119
1774945438.5112,0.0000,0.0000,0.0000,0.0000,0.0000,-2.9807,-0.2184,0.1249,0.0146,-0.0214,0.0083
1774945438.5312,0.0000,0.0000,0.0000,0.0000,0.0000,-2.9825,-0.2182,-14.0752,-0.0035,-0.0086,0.0019
1774945438.5512,0.0000,0.0000,0.0000,0.0000,0.0000,-2.9810,-0.2185,19.2580,0.0061,0.0116,0.0051
1774945438.5713,0.0000,0.0000,0.0000,0.0000,0.0000,-2.9808,-0.2167,-20.4994,0.0178,-0.0129,-0.0045
1774945438.5912,0.0000,0.0000,0.0000,0.0000,0.0000,-2.9830,-0.2181,-5.7495,0.0168,0.0084,-0.0034
1774945438.6113,0.0000,0.0000,0.0000,0.0000,0.0000,-2.9817,-0.2183,15.3252,0.0210,0.0212,-0.0109
1774945438.6312,0.0000,0.0000,0.0000,0.0000,0.0000,-2.9790,-0.2179,-17.0652,0.0402,-0.0416,-0.0098
1774945438.6513,0.0000,0.0000,0.0000,0.0000,0.0000,-2.9819,-0.2190,0.2162,0.0104,0.0063,0.0008
1774945438.6712,0.0000,0.0000,0.0000,0.0000,0.0000,-2.9809,-0.2199,23.6431,-0.0056,0.0329,0.0019
1774945438.6912,0.0000,0.0000,0.0000,0.0000,0.0000,-2.9794,-0.2203,2.0113,0.0029,0.0031,-0.0002
1774945438.7112,0.0000,0.0000,0.0000,0.0000,0.0000,-2.9769,-0.2204,10.4432,-0.0088,-0.0278,-0.0034
1774945438.7313,0.0000,0.0000,0.0000,0.0000,0.0000,-2.9769,-0.2211,24.4119,-0.0152,-0.0033,-0.0151
1774945438.7514,0.0000,0.0000,0.0000,0.0000,0.0000,-2.9781,-0.2197,-28.6187,-0.0376,-0.0257,-0.0151
1774945438.7713,0.0000,0.0000,0.0000,0.0000,0.0000,-2.9752,-0.2206,-12.8337,0.0242,0.0010,-0.0205
1774945438.7912,0.0000,0.0000,0.0000,0.0000,0.0000,-2.9765,-0.2196,35.9427,0.0050,0.0276,-0.0098
1774945438.8113,0.0000,0.0000,0.0000,0.0000,0.0000,-2.9803,-0.2201,-3.8518,-0.0258,-0.0001,0.0008
1774945438.8314,0.0000,0.0000,0.0000,0.0000,0.0000,-2.9800,-0.2198,-14.2513,-0.0024,-0.0129,-0.0034
1774945438.8512,0.0000,0.0000,0.0000,0.0000,0.0000,-2.9779,-0.2179,8.8926,0.0455,-0.0267,-0.0183
1774945438.8713,0.0000,0.0000,0.0000,0.0000,0.0000,-2.9805,-0.2171,10.5618,0.0082,-0.0193,0.0030
1774945438.8913,0.0000,0.0000,0.0000,0.0000,0.0000,-2.9813,-0.2163,-5.2342,0.0008,0.0425,-0.0173
1774945438.9113,0.0000,0.0000,0.0000,0.0000,0.0000,-2.9779,-0.2147,8.9140,0.0530,-0.0406,-0.0300
1774945438.9313,0.0000,0.0000,0.0000,0.0000,0.0000,-2.9773,-0.2106,-6.8077,0.0295,-0.0704,-0.0364
1774945438.9516,0.0000,0.0000,0.0000,0.0000,0.0000,-2.9785,-0.2066,-22.1968,-0.0077,0.0010,-0.0396
1774945438.9712,0.0000,0.0000,0.0000,0.0000,0.0000,-2.9783,-0.2024,-10.4151,-0.0258,-0.0565,-0.0322
1774945438.9913,0.0000,0.0000,0.0000,0.0000,0.0000,-2.9773,-0.1980,3.2581,0.0338,-0.0502,0.0040
1774945439.0114,0.0000,0.0000,0.0000,0.0000,0.0000,-2.9784,-0.1956,-7.5870,0.0072,0.1160,0.0115
1774945439.0312,0.0000,0.0000,0.0000,0.0000,0.0000,-2.9794,-0.1946,12.0327,-0.0120,0.1895,-0.0045
1774945439.0513,0.0000,0.0000,0.0000,0.0000,0.0000,-2.9775,-0.1951,13.4519,-0.0056,0.1427,-0.0194
1774945439.0712,0.0000,0.0000,0.0000,0.0000,0.0000,-2.9773,-0.1950,-25.0141,0.0029,0.1895,-0.0375
1774945439.0912,0.0000,0.0000,0.0000,0.0000,0.0000,-2.9785,-0.1955,5.9198,-0.0312,0.2236,-0.0545
1774945439.1115,0.0000,0.0000,0.0000,0.0000,0.0000,-2.9779,-0.1977,16.4001,-0.0503,0.2289,-0.0503
1774945439.1313,0.0000,0.0000,0.0000,0.0000,0.0000,-2.9800,-0.1991,-9.3576,-0.0514,0.2407,-0.0364
1774945439.1516,0.0000,0.0000,0.0000,0.0000,0.0000,-2.9820,-0.2001,4.6339,-0.0578,0.2343,-0.0237
1774945439.1712,0.0000,0.0000,0.0000,0.0000,0.0000,-2.9825,-0.2011,1.9075,-0.0674,0.2076,-0.0119
1774945439.1915,0.0000,0.0000,0.0000,0.0000,0.0000,-2.9824,-0.2034,-18.1770,-0.0748,0.2034,-0.0130
1774945439.2114,0.0000,0.0000,0.0000,0.0000,0.0000,-2.9810,-0.2079,0.0000,-0.0727,0.2044,-0.0215
1774945439.2319,0.0000,0.0000,0.0000,0.0000,0.0000,-2.9810,-0.2096,2.5255,-0.0844,0.1395,-0.0332
1774945439.2513,0.0000,0.0000,0.0000,0.0000,0.0000,-2.9813,-0.2108,-7.0360,-0.0887,0.1139,-0.0386
1774945439.2713,0.0000,0.0000,0.0000,0.0000,0.0000,-2.9831,-0.2135,10.9126,-0.0674,0.0638,-0.0396
1774945439.2913,0.0000,0.0000,0.0000,0.0000,0.0000,-2.9864,-0.2172,-8.9070,-0.0557,0.0436,-0.0364
1774945439.3114,0.0000,0.0000,0.0000,0.0000,0.0000,-2.9899,-0.2188,-9.5984,-0.0685,0.0372,-0.0300
1774945439.3313,0.0000,0.0000,0.0000,0.0000,0.0000,-2.9931,-0.2208,6.5655,-0.0525,-0.0171,-0.0173
1774945439.3513,0.0000,0.0000,0.0000,0.0000,0.0000,-2.9961,-0.2232,-5.2957,-0.0258,-0.0555,-0.0119
1774945439.3713,0.0000,0.0000,0.0000,0.0000,0.0000,-2.9990,-0.2250,-0.2941,-0.0397,-0.0533,-0.0130
1774945439.3913,0.0000,0.0000,0.0000,0.0000,0.0000,-3.0014,-0.2258,7.1050,-0.0472,-0.0789,-0.0173
1774945439.4112,0.0000,0.0000,0.0000,0.0000,0.0000,-2.9995,-0.2261,-3.2941,-0.0290,-0.1205,-0.0205
1774945439.4313,0.0000,0.0000,0.0000,0.0000,0.0000,-2.9992,-0.2266,4.6956,-0.0077,-0.1545,-0.0183
1774945439.4512,0.0000,0.0000,0.0000,0.0000,0.0000,-3.0002,-0.2257,3.7647,-0.0205,-0.1897,-0.0151
1774945439.4712,0.0000,0.0000,0.0000,0.0000,0.0000,-3.0009,-0.2251,0.4147,-0.0152,-0.2004,-0.0130
1774945439.4913,0.0000,0.0000,0.0000,0.0000,0.0000,-3.0016,-0.2245,1.4103,-0.0035,-0.1972,-0.0109
1774945439.5112,0.0000,0.0000,0.0000,0.0000,0.0000,-3.0035,-0.2238,4.7286,0.0157,-0.2004,-0.0013
1774945439.5313,0.0000,0.0000,0.0000,0.0000,0.0000,-3.0060,-0.2228,-7.6007,0.0114,-0.2004,0.0040
1774945439.5513,0.0000,0.0000,0.0000,0.0000,0.0000,-3.0073,-0.2224,-3.0126,0.0317,-0.1908,-0.0002
1774945439.5713,0.0000,0.0000,0.0000,0.0000,0.0000,-3.0073,-0.2222,3.5683,0.0498,-0.1791,-0.0066
1774945439.5912,0.0000,0.0000,0.0000,0.0000,0.0000,-3.0083,-0.2222,-7.9436,0.0530,-0.1556,-0.0045
1774945439.6113,0.0000,0.0000,0.0000,0.0000,0.0000,-3.0087,-0.2232,-6.5887,0.0519,-0.1247,-0.0077
1774945439.6315,0.0000,0.0000,0.0000,0.0000,0.0000,-3.0061,-0.2242,4.0995,0.0647,-0.1205,-0.0141
1774945439.6530,0.0000,0.0000,0.0000,0.0000,0.0000,-3.0050,-0.2252,0.4152,0.0754,-0.1087,-0.0109
1774945439.6713,0.0000,0.0000,0.0000,0.0000,0.0000,-3.0061,-0.2266,0.7059,0.0583,-0.0779,-0.0013
1774945439.6913,0.0000,0.0000,0.0000,0.0000,0.0000,-3.0028,-0.2272,-4.1397,0.0594,-0.0619,0.0030
1774945439.7113,0.0000,0.0000,0.0000,0.0000,0.0000,-2.9980,-0.2272,-6.3350,0.0732,-0.0576,-0.0013
1774945439.7313,0.0000,0.0000,0.0000,0.0000,0.0000,-2.9971,-0.2296,2.7567,0.0540,-0.0438,-0.0024
1774945439.7521,0.0000,0.0000,0.0000,0.0000,0.0000,-2.9947,-0.2323,8.5992,0.0445,-0.0342,-0.0045
1774945439.7713,0.0000,0.0000,0.0000,0.0000,0.0000,-2.9903,-0.2332,-1.7686,0.0498,-0.0395,-0.0119
1774945439.7912,0.0000,0.0000,0.0000,0.0000,0.0000,-2.9896,-0.2321,-1.2382,0.0477,-0.0427,-0.0077
1774945439.8112,0.0000,0.0000,0.0000,0.0000,0.0000,-2.9912,-0.2323,9.4505,0.0264,-0.0406,-0.0055
1774945439.8312,0.0000,0.0000,0.0000,0.0000,0.0000,-2.9895,-0.2336,-7.1097,0.0200,-0.0384,-0.0066
1774945439.8513,0.0000,0.0000,0.0000,0.0000,0.0000,-2.9870,-0.2333,3.7892,0.0285,-0.0288,-0.0024
1774945439.8713,0.0000,0.0000,0.0000,0.0000,0.0000,-2.9863,-0.2339,8.6286,0.0285,-0.0438,-0.0066
1774945439.8915,0.0000,0.0000,0.0000,0.0000,0.0000,-2.9872,-0.2341,-7.0077,0.0082,-0.0427,-0.0013
1774945439.9114,0.0000,0.0000,0.0000,0.0000,0.0000,-2.9856,-0.2335,1.0386,0.0019,-0.0395,-0.0087
1774945439.9313,0.0000,0.0000,0.0000,0.0000,0.0000,-2.9825,-0.2313,5.2646,0.0061,-0.0459,-0.0098
1774945439.9513,0.0000,0.0000,0.0000,0.0000,0.0000,-2.9814,-0.2321,-1.4933,0.0072,-0.0395,-0.0183
1774945439.9713,0.0000,0.0000,0.0000,0.0000,0.0000,-2.9843,-0.2319,-2.5103,-0.0067,-0.0257,-0.0119
1774945439.9915,0.0000,0.0000,0.0000,0.0000,0.0000,-2.9863,-0.2305,5.1105,-0.0056,-0.0214,-0.0098
1774945440.0111,0.0000,0.0000,0.0000,0.0000,0.0000,-2.9870,-0.2297,-6.6994,-0.0045,-0.0225,-0.0024
1774945440.0313,0.0000,0.0000,0.0000,0.0000,0.0000,-2.9872,-0.2296,1.5845,0.0029,-0.0054,-0.0034
1774945440.0513,0.0000,0.0000,0.0000,0.0000,0.0000,-2.9858,-0.2297,3.5253,-0.0045,-0.0033,-0.0151
1774945440.0712,0.0000,0.0000,0.0000,0.0000,0.0000,-2.9866,-0.2282,-6.3301,-0.0067,-0.0107,-0.0215
1774945440.0915,0.0000,0.0000,0.0000,0.0000,0.0000,-2.9882,-0.2261,2.2696,-0.0024,-0.0075,-0.0151
1774945440.1113,0.0000,0.0000,0.0000,0.0000,0.0000,-2.9915,-0.2252,3.1100,0.0008,-0.0129,-0.0109
1774945440.1312,0.0000,0.0000,0.0000,0.0000,0.0000,-2.9922,-0.2276,-4.7715,0.0125,-0.0022,-0.0109
1774945440.1515,0.0000,0.0000,0.0000,0.0000,0.0000,-2.9929,-0.2272,-0.2184,0.0050,-0.0022,-0.0109
1774945440.1713,0.0000,0.0000,0.0000,0.0000,0.0000,-2.9949,-0.2256,-1.7167,0.0061,-0.0075,-0.0087
1774945440.1913,0.0000,0.0000,0.0000,0.0000,0.0000,-2.9925,-0.2250,-1.1830,0.0029,-0.0054,-0.0141
1774945440.2113,0.0000,0.0000,0.0000,0.0000,0.0000,-2.9905,-0.2251,3.9809,-0.0035,-0.0012,-0.0141
1774945440.2315,0.0000,0.0000,0.0000,0.0000,0.0000,-2.9888,-0.2264,0.0000,-0.0013,-0.0012,-0.0173
1774945440.2524,0.0000,0.0000,0.0000,0.0000,0.0000,-2.9879,-0.2263,2.2518,0.0029,-0.0043,-0.0130
1774945440.2713,0.0000,0.0000,0.0000,0.0000,0.0000,-2.9878,-0.2249,1.4884,0.0019,-0.0033,-0.0087
1774945440.2912,0.0000,0.0000,0.0000,0.0000,0.0000,-2.9892,-0.2242,0.1247,0.0040,-0.0054,-0.0098
1774945440.3112,0.0000,0.0000,0.0000,0.0000,0.0000,-2.9895,-0.2244,-3.4522,0.0040,-0.0001,-0.0109
1774945440.3325,0.0000,0.0000,0.0000,0.0000,0.0000,-2.9909,-0.2250,0.8532,-0.0067,0.0042,-0.0066
1774945440.3517,0.0000,0.0000,0.0000,0.0000,0.0000,-2.9914,-0.2243,-1.0593,-0.0099,-0.0065,-0.0066
1774945440.3714,0.0000,0.0000,0.0000,0.0000,0.0000,-2.9905,-0.2228,-3.5462,-0.0003,-0.0097,-0.0130
1774945440.3924,0.0000,0.0000,0.0000,0.0000,0.0000,-2.9907,-0.2223,0.6666,0.0029,-0.0054,-0.0183
1774945440.4112,0.0000,0.0000,0.0000,0.0000,0.0000,-2.9932,-0.2237,1.3513,0.0104,-0.0012,-0.0151
1774945440.4312,0.0000,0.0000,0.0000,0.0000,0.0000,-2.9961,-0.2248,-2.5563,0.0114,0.0010,-0.0055
1774945440.4513,0.0000,0.0000,0.0000,0.0000,0.0000,-2.9952,-0.2233,0.2280,0.0061,-0.0043,-0.0034
1774945440.4713,0.0000,0.0000,0.0000,0.0000,0.0000,-2.9922,-0.2214,-3.9997,0.0104,-0.0097,-0.0130
1774945440.4912,0.0000,0.0000,0.0000,0.0000,0.0000,-2.9892,-0.2217,-2.2390,0.0072,-0.0043,-0.0183
1774945440.5114,0.0000,0.0000,0.0000,0.0000,0.0000,-2.9913,-0.2222,3.6170,0.0061,-0.0001,-0.0119
1774945440.5314,0.0000,0.0000,0.0000,0.0000,0.0000,-2.9917,-0.2229,0.9383,0.0008,-0.0033,-0.0066
1774945440.5524,0.0000,0.0000,0.0000,0.0000,0.0000,-2.9881,-0.2221,0.4901,0.0093,-0.0086,-0.0087
1774945440.5712,0.0000,0.0000,0.0000,0.0000,0.0000,-2.9872,-0.2222,0.7839,0.0114,-0.0086,-0.0151
1774945440.5925,0.0000,0.0000,0.0000,0.0000,0.0000,-2.9893,-0.2228,-2.5205,0.0050,-0.0065,-0.0130
1774945440.6112,0.0000,0.0000,0.0000,0.0000,0.0000,-2.9917,-0.2244,-1.0552,-0.0024,-0.0001,-0.0045
1774945440.6312,0.0000,0.0000,0.0000,0.0000,0.0000,-2.9889,-0.2240,-0.1320,0.0040,-0.0075,-0.0077
1774945440.6515,0.0000,0.0000,0.0000,0.0000,0.0000,-2.9855,-0.2242,0.2444,0.0104,-0.0139,-0.0183
1774945440.6714,0.0000,0.0000,0.0000,0.0000,0.0000,-2.9879,-0.2266,0.5423,0.0019,-0.0065,-0.0205
1774945440.6914,0.0000,0.0000,0.0000,0.0000,0.0000,-2.9912,-0.2279,-0.0420,-0.0045,-0.0033,-0.0119
1774945440.7113,0.0000,0.0000,0.0000,0.0000,0.0000,-2.9888,-0.2278,-1.3209,0.0040,-0.0022,-0.0066
1774945440.7314,0.0000,0.0000,0.0000,0.0000,0.0000,-2.9859,-0.2277,-1.8673,0.0008,-0.0054,-0.0119
1774945440.7514,0.0000,0.0000,0.0000,0.0000,0.0000,-2.9886,-0.2274,0.6059,-0.0003,-0.0054,-0.0151
1774945440.7713,0.0000,0.0000,0.0000,0.0000,0.0000,-2.9916,-0.2284,-1.2763,-0.0035,-0.0001,-0.0109
1774945440.7913,0.0000,0.0000,0.0000,0.0000,0.0000,-2.9924,-0.2283,2.7016,-0.0003,-0.0033,-0.0034
1774945440.8113,0.0000,0.0000,0.0000,0.0000,0.0000,-2.9902,-0.2282,4.5607,0.0072,-0.0054,-0.0066
1774945440.8312,0.0000,0.0000,0.0000,0.0000,0.0000,-2.9904,-0.2286,3.3844,0.0061,-0.0033,-0.0130
1774945440.8514,0.0000,0.0000,0.0000,0.0000,0.0000,-2.9925,-0.2286,2.8653,0.0050,0.0010,-0.0141
1774945440.8713,0.0000,0.0000,0.0000,0.0000,0.0000,-2.9952,-0.2278,0.5110,0.0082,-0.0012,-0.0109
1774945440.8913,0.0000,0.0000,0.0000,0.0000,0.0000,-2.9966,-0.2278,-0.1707,0.0114,-0.0033,-0.0045
1774945440.9120,0.0000,0.0000,0.0000,0.0000,0.0000,-2.9960,-0.2274,-2.8614,0.0114,-0.0065,-0.0055
1774945440.9312,0.0000,0.0000,0.0000,0.0000,0.0000,-2.9920,-0.2277,-0.8817,0.0104,-0.0022,-0.0119
1774945440.9513,0.0000,0.0000,0.0000,0.0000,0.0000,-2.9916,-0.2267,-3.7000,0.0093,-0.0022,-0.0130
1774945440.9713,0.0000,0.0000,0.0000,0.0000,0.0000,-2.9889,-0.2252,-0.9479,0.0050,-0.0065,-0.0130
1774945440.9912,0.0000,0.0000,0.0000,0.0000,0.0000,-2.9867,-0.2249,-1.1078,0.0072,-0.0075,-0.0087
1774945441.0114,0.0000,0.0000,0.0000,0.0000,0.0000,-2.9858,-0.2261,-2.5687,0.0061,-0.0033,-0.0130
1774945441.0313,0.0000,0.0000,0.0000,0.0000,0.0000,-2.9837,-0.2264,2.1800,0.0029,-0.0033,-0.0141
1774945441.0513,0.0000,0.0000,0.0000,0.0000,0.0000,-2.9856,-0.2251,-0.6224,0.0019,-0.0097,-0.0119
1774945441.0715,0.0000,0.0000,0.0000,0.0000,0.0000,-2.9870,-0.2233,-3.7317,-0.0003,-0.0118,-0.0098
1774945441.0913,0.0000,0.0000,0.0000,0.0000,0.0000,-2.9888,-0.2238,1.3899,0.0029,-0.0012,-0.0109
1774945441.1113,0.0000,0.0000,0.0000,0.0000,0.0000,-2.9902,-0.2257,-1.7911,-0.0013,0.0010,-0.0077
1774945441.1318,0.0000,0.0000,0.0000,0.0000,0.0000,-2.9900,-0.2269,0.4394,0.0008,0.0010,-0.0087
1774945441.1516,0.0000,0.0000,0.0000,0.0000,0.0000,-2.9902,-0.2254,-3.1961,0.0050,-0.0043,-0.0141
1774945441.1715,0.0000,0.0000,0.0000,0.0000,0.0000,-2.9900,-0.2221,-4.1264,-0.0003,-0.0097,-0.0162
1774945441.1917,0.0000,0.0000,0.0000,0.0000,0.0000,-2.9914,-0.2221,1.0742,0.0050,0.0052,-0.0162
1774945441.2112,0.0000,0.0000,0.0000,0.0000,0.0000,-2.9915,-0.2223,2.4601,0.0019,0.0106,-0.0130
1774945441.2313,0.0000,0.0000,0.0000,0.0000,0.0000,-2.9903,-0.2199,0.6096,0.0040,-0.0033,-0.0130
1774945441.2513,0.0000,0.0000,0.0000,0.0000,0.0000,-2.9909,-0.2171,-2.0959,0.0008,-0.0075,-0.0109
1774945441.2713,0.0000,0.0000,0.0000,0.0000,0.0000,-2.9915,-0.2170,0.2163,0.0040,-0.0033,-0.0087
1774945441.2913,0.0000,0.0000,0.0000,0.0000,0.0000,-2.9917,-0.2174,-4.3623,0.0019,0.0031,-0.0055
1774945441.3112,0.0000,0.0000,0.0000,0.0000,0.0000,-2.9907,-0.2161,-0.9056,0.0125,-0.0054,-0.0098
1774945441.3313,0.0000,0.0000,0.0000,0.0000,0.0000,-2.9910,-0.2130,3.0837,0.0136,-0.0193,-0.0130
1774945441.3513,0.0000,0.0000,0.0000,0.0000,0.0000,-2.9912,-0.2134,-2.5378,0.0040,-0.0097,-0.0151
1774945441.3713,0.0000,0.0000,0.0000,0.0000,0.0000,-2.9901,-0.2130,0.3441,0.0136,0.0180,-0.0130
1774945441.3914,0.0000,0.0000,0.0000,0.0000,0.0000,-2.9898,-0.2106,2.6368,0.0093,0.0180,-0.0141
1774945441.4114,0.0000,0.0000,0.0000,0.0000,0.0000,-2.9912,-0.2112,-8.6704,-0.0088,0.0255,-0.0130
1774945441.4312,0.0000,0.0000,0.0000,0.0000,0.0000,-2.9910,-0.2132,1.1350,-0.0195,0.0383,-0.0098
1774945441.4514,0.0000,0.0000,0.0000,0.0000,0.0000,-2.9886,-0.2140,-6.6635,0.0008,0.0468,-0.0247
1774945441.4713,0.0000,0.0000,0.0000,0.0000,0.0000,-2.9922,-0.2134,1.5296,-0.0322,0.0383,-0.0194
1774945441.4913,0.0000,0.0000,0.0000,0.0000,0.0000,-2.9907,-0.2148,3.3382,-0.0322,0.0542,-0.0226
1774945441.5113,0.0000,0.0000,0.0000,0.0000,0.0000,-2.9889,-0.2136,-1.5169,-0.0269,0.0479,-0.0194
1774945441.5313,0.0000,0.0000,0.0000,0.0000,0.0000,-2.9905,-0.2118,-16.5721,-0.0333,0.0223,-0.0151
1774945441.5513,0.0000,0.0000,0.0000,0.0000,0.0000,-2.9907,-0.2120,2.2369,-0.0216,0.0372,-0.0162
1774945441.5713,0.0000,0.0000,0.0000,0.0000,0.0000,-2.9923,-0.2099,-6.8549,-0.0397,0.0170,-0.0173
1774945441.5913,0.0000,0.0000,0.0000,0.0000,0.0000,-2.9923,-0.2108,-4.5338,-0.0152,0.0265,-0.0237
1774945441.6118,0.0000,0.0000,0.0000,0.0000,0.0000,-2.9938,-0.2093,0.0000,-0.0290,0.0404,-0.0258
1774945441.6313,0.0000,0.0000,0.0000,0.0000,0.0000,-2.9957,-0.2094,-0.1294,-0.0333,0.0180,-0.0205
1774945441.6513,0.0000,0.0000,0.0000,0.0000,0.0000,-2.9965,-0.2089,3.2544,-0.0621,0.0308,-0.0258
1774945441.6713,0.0000,0.0000,0.0000,0.0000,0.0000,-2.9956,-0.2088,2.5960,-0.0493,0.0265,-0.0269
1774945441.6913,0.0000,0.0000,0.0000,0.0000,0.0000,-2.9958,-0.2085,-3.4155,-0.0493,0.0383,-0.0269
1774945441.7113,0.0000,0.0000,0.0000,0.0000,0.0000,-2.9957,-0.2084,-5.6929,-0.0599,0.0393,-0.0269
1774945441.7313,0.0000,0.0000,0.0000,0.0000,0.0000,-2.9956,-0.2071,-6.6053,-0.0493,0.0383,-0.0205
1774945441.7513,0.0000,0.0000,0.0000,0.0000,0.0000,-2.9962,-0.2050,-5.8947,-0.0354,0.0159,-0.0162
1774945441.7713,0.0000,0.0000,0.0000,0.0000,0.0000,-2.9999,-0.2062,15.1225,-0.0440,0.0447,-0.0130
1774945441.7912,0.0000,0.0000,0.0000,0.0000,0.0000,-3.0047,-0.2055,10.2368,-0.0685,0.0361,-0.0226
1774945441.8113,0.0000,0.0000,0.0000,0.0000,0.0000,-3.0041,-0.2057,-11.3366,-0.0546,0.0447,-0.0279
1774945441.8314,0.0000,0.0000,0.0000,0.0000,0.0000,-3.0031,-0.2047,-9.1910,-0.0482,0.0596,-0.0386
1774945441.8513,0.0000,0.0000,0.0000,0.0000,0.0000,-3.0048,-0.2053,3.9887,-0.0567,0.0787,-0.0332
1774945441.8713,0.0000,0.0000,0.0000,0.0000,0.0000,-3.0043,-0.2032,18.9591,-0.0418,0.0542,-0.0215
1774945441.8912,0.0000,0.0000,0.0000,0.0000,0.0000,-3.0064,-0.2041,-11.6763,-0.0290,0.0393,-0.0183
1774945441.9113,0.0000,0.0000,0.0000,0.0000,0.0000,-3.0103,-0.2052,9.8913,-0.0376,0.0841,-0.0077
1774945441.9313,0.0000,0.0000,0.0000,0.0000,0.0000,-3.0142,-0.2052,-9.6558,-0.0567,0.0713,-0.0151
1774945441.9513,0.0000,0.0000,0.0000,0.0000,0.0000,-3.0137,-0.2072,-26.9221,-0.0386,0.0809,-0.0130
1774945441.9712,0.0000,0.0000,0.0000,0.0000,0.0000,-3.0123,-0.2071,17.8669,0.0008,0.0702,-0.0109
1774945441.9913,0.0000,0.0000,0.0000,0.0000,0.0000,-3.0119,-0.2068,16.8222,0.0178,0.0180,-0.0162
1774945442.0112,0.0000,0.0000,0.0000,0.0000,0.0000,-3.0149,-0.2070,-7.9269,-0.0035,0.0329,-0.0258
1774945442.0313,0.0000,0.0000,0.0000,0.0000,0.0000,-3.0166,-0.2066,24.7639,-0.0397,0.0574,-0.0364
1774945442.0513,0.0000,0.0000,0.0000,0.0000,0.0000,-3.0139,-0.2055,9.6800,-0.0131,0.0308,-0.0354
1774945442.0713,0.0000,0.0000,0.0000,0.0000,0.0000,-3.0119,-0.2038,4.7444,0.0093,0.0063,-0.0183
1774945442.0912,0.0000,0.0000,0.0000,0.0000,0.0000,-3.0128,-0.2008,12.7242,0.0200,-0.0310,-0.0162
1774945442.1113,0.0000,0.0000,0.0000,0.0000,0.0000,-3.0164,-0.2015,-4.7195,-0.0067,0.0116,-0.0077
1774945442.1314,0.0000,0.0000,0.0000,0.0000,0.0000,-3.0178,-0.2019,6.4477,-0.0365,0.0404,-0.0002
1774945442.1513,0.0000,0.0000,0.0000,0.0000,0.0000,-3.0151,-0.2000,5.0619,0.0082,0.0010,0.0094
1774945442.1712,0.0000,0.0000,0.0000,0.0000,0.0000,-3.0129,-0.1998,-17.9364,0.0487,-0.0203,-0.0077
1774945442.1912,0.0000,0.0000,0.0000,0.0000,0.0000,-3.0147,-0.2021,8.3881,-0.0056,0.0479,-0.0162
1774945442.2112,0.0000,0.0000,0.0000,0.0000,0.0000,-3.0169,-0.2040,17.3208,-0.0237,0.0383,-0.0119
1774945442.2313,0.0000,0.0000,0.0000,0.0000,0.0000,-3.0137,-0.2042,-28.5499,0.0370,0.0393,-0.0077
1774945442.2512,0.0000,0.0000,0.0000,0.0000,0.0000,-3.0127,-0.2051,16.5402,0.0519,0.0223,-0.0162
1774945442.2714,0.0000,0.0000,0.0000,0.0000,0.0000,-3.0163,-0.2068,-22.0367,-0.0301,0.0138,-0.0130
1774945442.2917,0.0000,0.0000,0.0000,0.0000,0.0000,-3.0159,-0.2071,-2.2804,0.0157,0.0063,-0.0045
1774945442.3113,0.0000,0.0000,0.0000,0.0000,0.0000,-3.0147,-0.2072,-7.5241,0.0679,0.0138,0.0051
1774945442.3312,0.0000,0.0000,0.0000,0.0000,0.0000,-3.0157,-0.2094,16.3207,0.0061,-0.0257,-0.0066
1774945442.3513,0.0000,0.0000,0.0000,0.0000,0.0000,-3.0151,-0.2099,-55.6014,-0.0141,0.0063,-0.0130
1774945442.3713,0.0000,0.0000,0.0000,0.0000,0.0000,-3.0113,-0.2107,12.4687,0.0381,-0.0257,-0.0226
1774945442.3914,0.0000,0.0000,0.0000,0.0000,0.0000,-3.0115,-0.2121,39.3711,0.0242,-0.0033,-0.0290
1774945442.4113,0.0000,0.0000,0.0000,0.0000,0.0000,-3.0115,-0.2137,-17.1129,-0.0024,-0.0033,-0.0183
1774945442.4313,0.0000,0.0000,0.0000,0.0000,0.0000,-3.0084,-0.2139,2.1239,0.0200,-0.0427,-0.0130
1774945442.4512,0.0000,0.0000,0.0000,0.0000,0.0000,-3.0101,-0.2154,-17.1163,-0.0077,-0.0267,-0.0045
1774945442.4712,0.0000,0.0000,0.0000,0.0000,0.0000,-3.0128,-0.2168,7.3063,-0.0216,-0.0012,-0.0045
1774945442.4912,0.0000,0.0000,0.0000,0.0000,0.0000,-3.0101,-0.2151,-4.7540,0.0019,-0.0427,-0.0034
1774945442.5113,0.0000,0.0000,0.0000,0.0000,0.0000,-3.0113,-0.2160,-19.8148,0.0061,-0.0384,-0.0109
1774945442.5312,0.0000,0.0000,0.0000,0.0000,0.0000,-3.0132,-0.2174,17.7772,-0.0280,0.0116,-0.0098
1774945442.5512,0.0000,0.0000,0.0000,0.0000,0.0000,-3.0135,-0.2171,34.9403,-0.0141,-0.0182,-0.0045
1774945442.5713,0.0000,0.0000,0.0000,0.0000,0.0000,-3.0137,-0.2187,-0.1688,0.0136,-0.0086,-0.0055
1774945442.5913,0.0000,0.0000,0.0000,0.0000,0.0000,-3.0143,-0.2204,37.9259,-0.0205,0.0500,-0.0151
1774945442.6120,0.0000,0.0000,0.0000,0.0000,0.0000,-3.0146,-0.2206,34.2975,-0.0013,0.0042,-0.0141
1774945442.6315,0.0000,0.0000,0.0000,0.0000,0.0000,-3.0146,-0.2205,-18.8115,0.0232,-0.0491,-0.0109
1774945442.6514,0.0000,0.0000,0.0000,0.0000,0.0000,-3.0142,-0.2238,17.8970,-0.0024,0.0106,-0.0109
1774945442.6713,0.0000,0.0000,0.0000,0.0000,0.0000,-3.0134,-0.2229,25.6482,0.0189,-0.0225,0.0040
1774945442.6912,0.0000,0.0000,0.0000,0.0000,0.0000,-3.0142,-0.2233,-19.0218,0.0370,-0.0225,-0.0034
1774945442.7113,0.0000,0.0000,0.0000,0.0000,0.0000,-3.0162,-0.2260,26.1363,0.0242,0.0244,0.0051
1774945442.7313,0.0000,0.0000,0.0000,0.0000,0.0000,-3.0157,-0.2240,-2.3971,0.0519,-0.0267,0.0126
1774945442.7513,0.0000,0.0000,0.0000,0.0000,0.0000,-3.0136,-0.2238,-8.2014,0.0455,-0.0587,-0.0055
1774945442.7713,0.0000,0.0000,0.0000,0.0000,0.0000,-3.0140,-0.2238,-11.0216,0.0157,-0.0288,-0.0141
1774945442.7912,0.0000,0.0000,0.0000,0.0000,0.0000,-3.0104,-0.2235,21.6089,0.0210,-0.0576,-0.0130
1774945442.8113,0.0000,0.0000,0.0000,0.0000,0.0000,-3.0088,-0.2241,4.2415,0.0221,-0.0565,-0.0194
1774945442.8313,0.0000,0.0000,0.0000,0.0000,0.0000,-3.0079,-0.2248,-10.6357,0.0253,-0.0033,-0.0173
1774945442.8513,0.0000,0.0000,0.0000,0.0000,0.0000,-3.0084,-0.2242,19.9797,0.0125,-0.0406,-0.0130
1774945442.8713,0.0000,0.0000,0.0000,0.0000,0.0000,-3.0074,-0.2231,-3.9677,0.0295,-0.0459,-0.0141
1774945442.8913,0.0000,0.0000,0.0000,0.0000,0.0000,-3.0049,-0.2216,16.8291,0.0125,-0.0363,-0.0162
1774945442.9113,0.0000,0.0000,0.0000,0.0000,0.0000,-3.0062,-0.2186,-23.7103,-0.0173,-0.0896,-0.0130
1774945442.9314,0.0000,0.0000,0.0000,0.0000,0.0000,-3.0054,-0.2187,2.5672,-0.0056,-0.0320,-0.0290
1774945442.9522,0.0000,0.0000,0.0000,0.0000,0.0000,-3.0052,-0.2168,14.1799,-0.0003,-0.0033,-0.0215
1774945442.9713,0.0000,0.0000,0.0000,0.0000,0.0000,-3.0051,-0.2143,-45.8494,0.0029,-0.0139,-0.0119
1774945442.9913,0.0000,0.0000,0.0000,0.0000,0.0000,-3.0071,-0.2141,1.0852,-0.0109,0.0329,-0.0087
1774945443.0112,0.0000,0.0000,0.0000,0.0000,0.0000,-3.0081,-0.2110,-7.1221,-0.0131,-0.0310,0.0072
1774945443.0315,0.0000,0.0000,0.0000,0.0000,0.0000,-3.0078,-0.2141,0.5184,0.0253,0.0106,-0.0002
1774945443.0513,0.0000,0.0000,0.0000,0.0000,0.0000,-3.0099,-0.2149,45.7158,-0.0024,0.0436,-0.0066
1774945443.0713,0.0000,0.0000,0.0000,0.0000,0.0000,-3.0092,-0.2147,30.6321,-0.0088,-0.0288,0.0019
1774945443.0913,0.0000,0.0000,0.0000,0.0000,0.0000,-3.0083,-0.2156,15.7774,0.0125,0.0116,-0.0077
1774945443.1113,0.0000,0.0000,0.0000,0.0000,0.0000,-3.0069,-0.2144,6.3833,0.0008,0.0095,-0.0045
1774945443.1313,0.0000,0.0000,0.0000,0.0000,0.0000,-3.0078,-0.2153,26.7299,0.0200,0.0479,-0.0087
1774945443.1512,0.0000,0.0000,0.0000,0.0000,0.0000,-3.0101,-0.2160,33.0421,0.0029,0.0574,-0.0055
1774945443.1712,0.0000,0.0000,0.0000,0.0000,0.0000,-3.0117,-0.2155,-1.7766,0.0008,-0.0097,0.0051
1774945443.1913,0.0000,0.0000,0.0000,0.0000,0.0000,-3.0099,-0.2185,26.2309,0.0381,0.0202,-0.0013
1774945443.2113,0.0000,0.0000,0.0000,0.0000,0.0000,-3.0090,-0.2170,3.3923,0.0306,-0.0427,0.0040
1774945443.2313,0.0000,0.0000,0.0000,0.0000,0.0000,-3.0088,-0.2186,-15.6198,0.0242,-0.0257,-0.0109
1774945443.2514,0.0000,0.0000,0.0000,0.0000,0.0000,-3.0081,-0.2187,-12.8261,0.0040,0.0202,-0.0087
1774945443.2713,0.0000,0.0000,0.0000,0.0000,0.0000,-3.0076,-0.2200,2.0240,-0.0099,0.0020,-0.0045
1774945443.2913,0.0000,0.0000,0.0000,0.0000,0.0000,-3.0067,-0.2226,-17.1656,0.0189,0.0468,-0.0141
1774945443.3113,0.0000,0.0000,0.0000,0.0000,0.0000,-3.0072,-0.2225,-13.8698,-0.0035,0.0319,0.0008
1774945443.3313,0.0000,0.0000,0.0000,0.0000,0.0000,-3.0060,-0.2230,-0.2625,0.0146,0.0233,-0.0024
1774945443.3513,0.0000,0.0000,0.0000,0.0000,0.0000,-3.0058,-0.2239,-13.0050,0.0349,-0.0033,-0.0024
1774945443.3713,0.0000,0.0000,0.0000,0.0000,0.0000,-3.0058,-0.2234,19.6253,0.0210,-0.0320,0.0019
1774945443.3913,0.0000,0.0000,0.0000,0.0000,0.0000,-3.0059,-0.2233,13.4911,0.0264,-0.0491,-0.0077
1774945443.4113,0.0000,0.0000,0.0000,0.0000,0.0000,-3.0070,-0.2228,-18.6655,-0.0109,-0.0768,-0.0045
1774945443.4314,0.0000,0.0000,0.0000,0.0000,0.0000,-3.0049,-0.2241,15.0302,0.0264,-0.0171,-0.0013
1774945443.4513,0.0000,0.0000,0.0000,0.0000,0.0000,-3.0064,-0.2237,-17.7361,0.0093,-0.0118,-0.0109
1774945443.4713,0.0000,0.0000,0.0000,0.0000,0.0000,-3.0063,-0.2236,-3.1371,0.0146,-0.0288,-0.0055
1774945443.4912,0.0000,0.0000,0.0000,0.0000,0.0000,-3.0052,-0.2243,24.9209,0.0285,-0.0267,-0.0066
1774945443.5113,0.0000,0.0000,0.0000,0.0000,0.0000,-3.0049,-0.2223,17.5380,0.0274,-0.0800,0.0062
1774945443.5313,0.0000,0.0000,0.0000,0.0000,0.0000,-3.0047,-0.2245,25.3310,0.0381,-0.0139,-0.0098
1774945443.5513,0.0000,0.0000,0.0000,0.0000,0.0000,-3.0047,-0.2238,-7.8200,0.0200,-0.0235,-0.0173
1774945443.5713,0.0000,0.0000,0.0000,0.0000,0.0000,-3.0047,-0.2241,5.3662,0.0104,-0.0107,-0.0247
1774945443.5913,0.0000,0.0000,0.0000,0.0000,0.0000,-3.0040,-0.2245,-19.8823,0.0306,-0.0363,-0.0183
1774945443.6113,0.0000,0.0000,0.0000,0.0000,0.0000,-3.0042,-0.2238,-41.6514,0.0540,-0.0480,-0.0045
1774945443.6313,0.0000,0.0000,0.0000,0.0000,0.0000,-3.0039,-0.2255,16.9953,-0.0035,0.0116,-0.0269
1774945443.6513,0.0000,0.0000,0.0000,0.0000,0.0000,-3.0041,-0.2237,1.3299,-0.0344,-0.0352,-0.0279
1774945443.6713,0.0000,0.0000,0.0000,0.0000,0.0000,-3.0025,-0.2243,28.2763,-0.0344,0.0191,-0.0279
1774945443.6913,0.0000,0.0000,0.0000,0.0000,0.0000,-3.0012,-0.2211,11.4037,-0.0429,-0.0608,-0.0151
1774945443.7112,0.0000,0.0000,0.0000,0.0000,0.0000,-3.0025,-0.2206,-26.8150,-0.0131,-0.0118,-0.0151
1774945443.7313,0.0000,0.0000,0.0000,0.0000,0.0000,-3.0042,-0.2193,37.6532,-0.0152,0.0052,-0.0013
1774945443.7513,0.0000,0.0000,0.0000,0.0000,0.0000,-3.0063,-0.2191,-23.7576,0.0136,-0.0257,0.0051
1774945443.7713,0.0000,0.0000,0.0000,0.0000,0.0000,-3.0080,-0.2203,-11.7768,-0.0152,0.0116,0.0040
1774945443.7913,0.0000,0.0000,0.0000,0.0000,0.0000,-3.0082,-0.2187,29.9183,0.0200,-0.0448,-0.0034
1774945443.8113,0.0000,0.0000,0.0000,0.0000,0.0000,-3.0096,-0.2197,12.4691,-0.0216,-0.0320,-0.0205
1774945443.8312,0.0000,0.0000,0.0000,0.0000,0.0000,-3.0088,-0.2192,-17.7402,0.0050,-0.0161,-0.0183
1774945443.8513,0.0000,0.0000,0.0000,0.0000,0.0000,-3.0083,-0.2212,25.2840,0.0210,0.0223,-0.0066
1774945443.8714,0.0000,0.0000,0.0000,0.0000,0.0000,-3.0074,-0.2194,-42.7668,0.0477,-0.0864,0.0115
1774945443.8913,0.0000,0.0000,0.0000,0.0000,0.0000,-3.0065,-0.2216,-9.6414,0.0498,0.0297,-0.0055
1774945443.9112,0.0000,0.0000,0.0000,0.0000,0.0000,-3.0069,-0.2216,9.6448,0.0040,-0.0086,0.0062
1774945443.9312,0.0000,0.0000,0.0000,0.0000,0.0000,-3.0050,-0.2237,-32.3622,0.0093,-0.0267,-0.0205
1774945443.9513,0.0000,0.0000,0.0000,0.0000,0.0000,-3.0044,-0.2239,12.6420,-0.0280,-0.0001,-0.0226
1774945443.9712,0.0000,0.0000,0.0000,0.0000,0.0000,-3.0032,-0.2232,12.8238,-0.0173,-0.0800,-0.0322
1774945443.9912,0.0000,0.0000,0.0000,0.0000,0.0000,-3.0050,-0.2240,-51.8669,-0.0280,-0.0288,-0.0173
1774945444.0113,0.0000,0.0000,0.0000,0.0000,0.0000,-3.0057,-0.2235,7.9546,-0.0344,-0.0278,-0.0130
1774945444.0313,0.0000,0.0000,0.0000,0.0000,0.0000,-3.0065,-0.2245,16.6526,-0.0301,-0.0129,-0.0098
1774945444.0512,0.0000,0.0000,0.0000,0.0000,0.0000,-3.0054,-0.2215,-67.7792,-0.0237,-0.0267,-0.0215
1774945444.0712,0.0000,0.0000,0.0000,0.0000,0.0000,-3.0075,-0.2220,43.2126,-0.0386,-0.0022,-0.0162
1774945444.0921,0.0000,0.0000,0.0000,0.0000,0.0000,-3.0079,-0.2200,-15.8809,-0.0237,-0.0363,-0.0194
1774945444.1112,0.0000,0.0000,0.0000,0.0000,0.0000,-3.0068,-0.2188,7.5497,0.0029,0.0510,-0.0173
1774945444.1313,0.0000,0.0000,0.0000,0.0000,0.0000,-3.0066,-0.2149,-25.9055,0.0136,-0.0651,-0.0045
1774945444.1513,0.0000,0.0000,0.0000,0.0000,0.0000,-3.0080,-0.2160,1.8380,0.0306,0.0265,-0.0173
1774945444.1712,0.0000,0.0000,0.0000,0.0000,0.0000,-3.0080,-0.2133,-34.7801,0.0285,0.0244,-0.0151
1774945444.1924,0.0000,0.0000,0.0000,0.0000,0.0000,-3.0093,-0.2138,37.5514,0.0232,0.0372,-0.0066
1774945444.2115,0.0000,0.0000,0.0000,0.0000,0.0000,-3.0105,-0.2121,0.0000,0.0349,0.0383,0.0115
1774945444.2313,0.0000,0.0000,0.0000,0.0000,0.0000,-3.0103,-0.2124,-2.5551,0.0466,0.0500,0.0190
1774945444.2520,0.0000,0.0000,0.0000,0.0000,0.0000,-3.0109,-0.2103,-8.4628,0.0519,-0.0171,0.0211
1774945444.2713,0.0000,0.0000,0.0000,0.0000,0.0000,-3.0087,-0.2117,7.8475,0.0381,0.0063,0.0008
1774945444.2916,0.0000,0.0000,0.0000,0.0000,0.0000,-3.0069,-0.2127,-1.5532,0.0146,-0.0427,-0.0055
1774945444.3113,0.0000,0.0000,0.0000,0.0000,0.0000,-3.0045,-0.2137,4.7065,0.0157,-0.0054,-0.0407
1774945444.3312,0.0000,0.0000,0.0000,0.0000,0.0000,-3.0035,-0.2124,-8.1319,-0.0152,-0.0320,-0.0418
1774945444.3512,0.0000,0.0000,0.0000,0.0000,0.0000,-3.0019,-0.2152,25.8660,-0.0141,-0.0118,-0.0311
1774945444.3712,0.0000,0.0000,0.0000,0.0000,0.0000,-3.0019,-0.2146,-22.9133,-0.0088,-0.0480,-0.0087
1774945444.3918,0.0000,0.0000,0.0000,0.0000,0.0000,-3.0036,-0.2165,11.3859,-0.0173,-0.0097,0.0051
1774945444.4112,0.0000,0.0000,0.0000,0.0000,0.0000,-3.0044,-0.2140,-13.0810,-0.0088,-0.0246,0.0040
1774945444.4312,0.0000,0.0000,0.0000,0.0000,0.0000,-3.0055,-0.2166,10.0849,-0.0258,-0.0054,-0.0013
1774945444.4513,0.0000,0.0000,0.0000,0.0000,0.0000,-3.0052,-0.2150,3.6199,-0.0045,-0.1045,0.0019
1774945444.4715,0.0000,0.0000,0.0000,0.0000,0.0000,-3.0053,-0.2178,13.2383,0.0349,0.0084,-0.0151
1774945444.4913,0.0000,0.0000,0.0000,0.0000,0.0000,-3.0064,-0.2158,-3.6786,0.0146,0.0297,-0.0087
1774945444.5113,0.0000,0.0000,0.0000,0.0000,0.0000,-3.0072,-0.2183,10.7655,0.0285,0.0873,-0.0109
1774945444.5314,0.0000,0.0000,0.0000,0.0000,0.0000,-3.0083,-0.2154,0.7607,0.0146,-0.0171,-0.0109
1774945444.5513,0.0000,0.0000,0.0000,0.0000,0.0000,-3.0093,-0.2170,16.7890,0.0381,0.0223,-0.0055
1774945444.5713,0.0000,0.0000,0.0000,0.0000,0.0000,-3.0090,-0.2151,-35.7485,0.0572,-0.0182,-0.0013
1774945444.5912,0.0000,0.0000,0.0000,0.0000,0.0000,-3.0084,-0.2179,16.7544,0.0125,0.0329,-0.0215
1774945444.6112,0.0000,0.0000,0.0000,0.0000,0.0000,-3.0081,-0.2163,10.4920,-0.0333,-0.0246,-0.0087
1774945444.6314,0.0000,0.0000,0.0000,0.0000,0.0000,-3.0061,-0.2199,-37.1774,0.0562,0.0457,-0.0109
1774945444.6514,0.0000,0.0000,0.0000,0.0000,0.0000,-3.0051,-0.2199,-1.3359,-0.0056,0.0180,-0.0119
1774945444.6712,0.0000,0.0000,0.0000,0.0000,0.0000,-3.0038,-0.2226,-13.0164,-0.0120,0.0308,-0.0119
1774945444.6912,0.0000,0.0000,0.0000,0.0000,0.0000,-3.0047,-0.2216,-6.1180,-0.0450,-0.0022,0.0072
1774945444.7112,0.0000,0.0000,0.0000,0.0000,0.0000,-3.0040,-0.2221,-9.7019,-0.0035,0.0127,-0.0258
1774945444.7313,0.0000,0.0000,0.0000,0.0000,0.0000,-3.0057,-0.2212,-4.6972,-0.0333,-0.0363,-0.0322
1774945444.7698,0.0000,0.0000,0.0000,0.0000,0.0000,-3.0056,-0.2225,26.4204,-0.0312,-0.0086,0.0062
1774945444.7714,0.0000,0.0000,0.0000,0.0000,0.0000,-3.0077,-0.2230,-39.2990,-0.0109,0.0052,-0.0066
1774945444.7913,0.0000,0.0000,0.0000,0.0000,0.0000,-3.0083,-0.2247,4.8163,-0.0035,0.0170,-0.0130
1774945444.8112,0.0000,0.0000,0.0000,0.0000,0.0000,-3.0094,-0.2224,32.2733,-0.0248,-0.0310,-0.0066
1774945444.8313,0.0000,0.0000,0.0000,0.0000,0.0000,-3.0069,-0.2223,-16.7445,-0.0013,-0.0597,-0.0034
1774945444.8513,0.0000,0.0000,0.0000,0.0000,0.0000,-3.0084,-0.2225,-11.5829,0.0391,-0.0384,-0.0055
1774945444.8712,0.0000,0.0000,0.0000,0.0000,0.0000,-3.0079,-0.2233,49.4131,0.0349,-0.0012,-0.0141
1774945444.8912,0.0000,0.0000,0.0000,0.0000,0.0000,-3.0096,-0.2228,18.6839,0.0008,-0.0257,-0.0087
1774945444.9113,0.0000,0.0000,0.0000,0.0000,0.0000,-3.0085,-0.2234,22.2711,-0.0152,-0.0416,-0.0183
1774945444.9324,0.0000,0.0000,0.0000,0.0000,0.0000,-3.0064,-0.2232,-14.3662,0.0093,-0.0288,-0.0258
1774945444.9513,0.0000,0.0000,0.0000,0.0000,0.0000,-3.0076,-0.2236,-3.3639,-0.0024,-0.0086,-0.0226
1774945444.9713,0.0000,0.0000,0.0000,0.0000,0.0000,-3.0084,-0.2238,5.0196,-0.0312,0.0372,-0.0109
1774945444.9913,0.0000,0.0000,0.0000,0.0000,0.0000,-3.0077,-0.2244,3.1758,0.0061,0.0052,-0.0013
1774945445.0120,0.0000,0.0000,0.0000,0.0000,0.0000,-3.0089,-0.2229,15.1687,-0.0322,-0.0129,0.0019
1774945445.0324,0.0000,0.0000,0.0000,0.0000,0.0000,-3.0088,-0.2222,-25.1053,-0.0077,-0.0257,-0.0034
1774945445.0514,0.0000,0.0000,0.0000,0.0000,0.0000,-3.0094,-0.2247,18.7226,-0.0141,0.0095,-0.0098
1774945445.0716,0.0000,0.0000,0.0000,0.0000,0.0000,-3.0097,-0.2224,-26.3807,0.0040,-0.0619,-0.0045
1774945445.0913,0.0000,0.0000,0.0000,0.0000,0.0000,-3.0102,-0.2260,33.3296,0.0274,0.0319,-0.0045
1774945445.1113,0.0000,0.0000,0.0000,0.0000,0.0000,-3.0119,-0.2244,19.8630,0.0093,-0.0310,-0.0045
1774945445.1314,0.0000,0.0000,0.0000,0.0000,0.0000,-3.0113,-0.2261,10.2473,0.0242,0.0042,-0.0130
1774945445.1512,0.0000,0.0000,0.0000,0.0000,0.0000,-3.0100,-0.2216,-22.7784,0.0477,-0.0693,0.0040
1774945445.1713,0.0000,0.0000,0.0000,0.0000,0.0000,-3.0087,-0.2242,11.4159,0.0594,0.0074,-0.0173
1774945445.1922,0.0000,0.0000,0.0000,0.0000,0.0000,-3.0089,-0.2206,-23.9824,0.0136,-0.0043,-0.0151
1774945445.2113,0.0000,0.0000,0.0000,0.0000,0.0000,-3.0068,-0.2228,25.0580,0.0029,-0.0150,-0.0237
1774945445.2314,0.0000,0.0000,0.0000,0.0000,0.0000,-3.0048,-0.2199,-26.6671,0.0104,-0.0661,-0.0055
1774945445.2513,0.0000,0.0000,0.0000,0.0000,0.0000,-3.0038,-0.2204,-5.0783,0.0210,0.0212,-0.0205
1774945445.2713,0.0000,0.0000,0.0000,0.0000,0.0000,-3.0046,-0.2202,29.0699,-0.0322,-0.0257,-0.0119
1774945445.2913,0.0000,0.0000,0.0000,0.0000,0.0000,-3.0046,-0.2206,-1.5376,-0.0365,-0.0129,-0.0098
1774945445.3113,0.0000,0.0000,0.0000,0.0000,0.0000,-3.0029,-0.2194,-1.2951,0.0040,0.0617,-0.0066
1774945445.3315,0.0000,0.0000,0.0000,0.0000,0.0000,-3.0032,-0.2203,32.8942,-0.0013,0.0106,-0.0141
1774945445.3513,0.0000,0.0000,0.0000,0.0000,0.0000,-3.0031,-0.2208,-18.3973,-0.0173,0.0308,-0.0098
1774945445.3713,0.0000,0.0000,0.0000,0.0000,0.0000,-3.0050,-0.2184,-15.1688,-0.0067,0.0191,-0.0013
1774945445.3916,0.0000,0.0000,0.0000,0.0000,0.0000,-3.0048,-0.2198,31.1833,0.0104,0.0084,-0.0258
1774945445.4112,0.0000,0.0000,0.0000,0.0000,0.0000,-3.0055,-0.2197,-14.5251,-0.0109,0.0468,-0.0247
1774945445.4313,0.0000,0.0000,0.0000,0.0000,0.0000,-3.0043,-0.2200,33.4711,0.0168,0.0447,-0.0269
1774945445.4513,0.0000,0.0000,0.0000,0.0000,0.0000,-3.0057,-0.2195,-11.7667,0.0114,-0.0438,-0.0087
1774945445.4715,0.0000,0.0000,0.0000,0.0000,0.0000,-3.0053,-0.2209,-15.6018,0.0221,0.0329,-0.0151
1774945445.4913,0.0000,0.0000,0.0000,0.0000,0.0000,-3.0034,-0.2216,20.2226,0.0136,0.0042,-0.0205
1774945445.5113,0.0000,0.0000,0.0000,0.0000,0.0000,-3.0033,-0.2218,-31.4181,0.0072,-0.0363,-0.0055
1774945445.5317,0.0000,0.0000,0.0000,0.0000,0.0000,-3.0020,-0.2215,-9.8939,-0.0003,0.0052,-0.0173
1774945445.5513,0.0000,0.0000,0.0000,0.0000,0.0000,-3.0020,-0.2213,25.8148,-0.0227,-0.0214,-0.0237
1774945445.5713,0.0000,0.0000,0.0000,0.0000,0.0000,-2.9995,-0.2217,-44.1977,-0.0248,-0.0033,-0.0311
1774945445.5914,0.0000,0.0000,0.0000,0.0000,0.0000,-3.0030,-0.2214,6.5139,-0.0535,0.0191,-0.0098
1774945445.6113,0.0000,0.0000,0.0000,0.0000,0.0000,-3.0001,-0.2231,22.2823,0.0104,0.0170,-0.0183
1774945445.6313,0.0000,0.0000,0.0000,0.0000,0.0000,-3.0037,-0.2213,-41.9173,-0.0322,-0.0225,-0.0045
1774945445.6513,0.0000,0.0000,0.0000,0.0000,0.0000,-3.0053,-0.2205,-16.7139,-0.0344,-0.0310,-0.0194
1774945445.6713,0.0000,0.0000,0.0000,0.0000,0.0000,-3.0052,-0.2190,17.4406,-0.0024,0.0052,0.0030
1774945445.6913,0.0000,0.0000,0.0000,0.0000,0.0000,-3.0062,-0.2209,11.9477,0.0242,0.0031,-0.0141
1774945445.7113,0.0000,0.0000,0.0000,0.0000,0.0000,-3.0060,-0.2221,-9.3988,-0.0290,0.0489,-0.0215
1774945445.7314,0.0000,0.0000,0.0000,0.0000,0.0000,-3.0094,-0.2218,31.8799,-0.0088,-0.0129,0.0072
1774945445.7513,0.0000,0.0000,0.0000,0.0000,0.0000,-3.0069,-0.2228,20.0939,0.0402,-0.0182,-0.0311
1774945445.7724,0.0000,0.0000,0.0000,0.0000,0.0000,-3.0065,-0.2218,31.1431,0.0338,-0.0214,0.0040
1774945445.7913,0.0000,0.0000,0.0000,0.0000,0.0000,-3.0054,-0.2221,-32.4719,0.0530,-0.0065,-0.0034
1774945445.8113,0.0000,0.0000,0.0000,0.0000,0.0000,-3.0041,-0.2224,-30.0912,0.0572,0.0308,-0.0109
1774945445.8313,0.0000,0.0000,0.0000,0.0000,0.0000,-3.0050,-0.2247,30.4691,0.0232,0.0340,0.0062
1774945445.8513,0.0000,0.0000,0.0000,0.0000,0.0000,-3.0034,-0.2252,-24.8295,0.0061,0.0340,-0.0247
1774945445.8713,0.0000,0.0000,0.0000,0.0000,0.0000,-3.0026,-0.2262,20.2091,0.0136,0.0084,-0.0002
1774945445.8913,0.0000,0.0000,0.0000,0.0000,0.0000,-3.0015,-0.2251,-13.1502,0.0264,-0.0182,-0.0141
1774945445.9113,0.0000,0.0000,0.0000,0.0000,0.0000,-3.0014,-0.2256,35.1625,0.0285,0.0010,0.0072
1774945445.9323,0.0000,0.0000,0.0000,0.0000,0.0000,-2.9996,-0.2249,-22.2561,-0.0216,-0.0267,-0.0173
1774945445.9517,0.0000,0.0000,0.0000,0.0000,0.0000,-3.0013,-0.2259,18.1899,-0.0354,-0.0043,-0.0055
1774945445.9712,0.0000,0.0000,0.0000,0.0000,0.0000,-2.9980,-0.2273,50.9662,0.0008,-0.0022,-0.0119
1774945445.9916,0.0000,0.0000,0.0000,0.0000,0.0000,-2.9986,-0.2275,-42.9256,-0.0003,-0.0150,-0.0077
1774945446.0113,0.0000,0.0000,0.0000,0.0000,0.0000,-2.9987,-0.2280,14.7374,0.0146,-0.0544,0.0008
1774945446.0313,0.0000,0.0000,0.0000,0.0000,0.0000,-2.9998,-0.2296,-11.8538,-0.0077,-0.0438,-0.0013
1774945446.0512,0.0000,0.0000,0.0000,0.0000,0.0000,-3.0005,-0.2280,10.3940,0.0168,-0.1055,-0.0151
1774945446.0713,0.0000,0.0000,0.0000,0.0000,0.0000,-2.9990,-0.2292,29.7469,-0.0120,-0.0747,-0.0364
1774945446.0934,0.0000,0.0000,0.0000,0.0000,0.0000,-3.0010,-0.2268,-28.3307,-0.0237,-0.0704,-0.0194
1774945446.1114,0.0000,0.0000,0.0000,0.0000,0.0000,-3.0008,-0.2280,34.3274,0.0200,-0.0395,-0.0290
1774945446.1312,0.0000,0.0000,0.0000,0.0000,0.0000,-3.0020,-0.2261,-54.5538,-0.0195,-0.0075,-0.0141
1774945446.1513,0.0000,0.0000,0.0000,0.0000,0.0000,-3.0028,-0.2261,5.1757,-0.0035,-0.0097,-0.0045
1774945446.1714,0.0000,0.0000,0.0000,0.0000,0.0000,-3.0035,-0.2249,9.0987,-0.0077,-0.0544,-0.0055
1774945446.1914,0.0000,0.0000,0.0000,0.0000,0.0000,-3.0054,-0.2261,-42.0516,0.0050,-0.0299,0.0104
1774945446.2119,0.0000,0.0000,0.0000,0.0000,0.0000,-3.0038,-0.2263,36.7433,0.0136,-0.0161,-0.0151
1774945446.2313,0.0000,0.0000,0.0000,0.0000,0.0000,-3.0053,-0.2253,-26.4100,-0.0429,-0.0107,0.0040
1774945446.2514,0.0000,0.0000,0.0000,0.0000,0.0000,-3.0044,-0.2248,-31.4453,-0.0227,0.0372,-0.0087
1774945446.2717,0.0000,0.0000,0.0000,0.0000,0.0000,-3.0051,-0.2251,-6.8511,-0.0141,0.0223,-0.0130
1774945446.2913,0.0000,0.0000,0.0000,0.0000,0.0000,-3.0035,-0.2254,-29.9428,-0.0056,0.0042,-0.0183
1774945446.3114,0.0000,0.0000,0.0000,0.0000,0.0000,-3.0044,-0.2235,-7.2358,-0.0173,-0.0597,-0.0300
1774945446.3314,0.0000,0.0000,0.0000,0.0000,0.0000,-3.0039,-0.2242,15.3165,-0.0141,-0.0267,-0.0205
1774945446.3513,0.0000,0.0000,0.0000,0.0000,0.0000,-3.0037,-0.2240,19.3686,0.0264,-0.0086,0.0008
1774945446.3713,0.0000,0.0000,0.0000,0.0000,0.0000,-3.0051,-0.2221,-38.5871,0.0189,-0.0640,0.0126
1774945446.3913,0.0000,0.0000,0.0000,0.0000,0.0000,-3.0046,-0.2222,-37.6205,0.0072,-0.0033,-0.0130
1774945446.4113,0.0000,0.0000,0.0000,0.0000,0.0000,-3.0071,-0.2213,46.0879,-0.0152,-0.0033,-0.0226
1774945446.4314,0.0000,0.0000,0.0000,0.0000,0.0000,-3.0052,-0.2217,29.0193,-0.0035,0.0202,-0.0205
1774945446.4513,0.0000,0.0000,0.0000,0.0000,0.0000,-3.0048,-0.2206,-9.7664,0.0157,0.0020,-0.0141
1774945446.4712,0.0000,0.0000,0.0000,0.0000,0.0000,-3.0031,-0.2205,7.5546,0.0168,0.0148,-0.0162
1774945446.4913,0.0000,0.0000,0.0000,0.0000,0.0000,-3.0032,-0.2209,-0.5170,0.0050,-0.0097,0.0030
1774945446.5112,0.0000,0.0000,0.0000,0.0000,0.0000,-3.0029,-0.2212,-37.4385,0.0264,0.0329,0.0179
1774945446.5313,0.0000,0.0000,0.0000,0.0000,0.0000,-3.0030,-0.2227,60.9169,0.0082,0.0564,-0.0098
1774945446.5513,0.0000,0.0000,0.0000,0.0000,0.0000,-3.0045,-0.2231,-1.5813,-0.0173,0.0127,-0.0162
1774945446.5713,0.0000,0.0000,0.0000,0.0000,0.0000,-3.0021,-0.2229,17.6734,0.0050,-0.0065,-0.0162
1774945446.5913,0.0000,0.0000,0.0000,0.0000,0.0000,-3.0010,-0.2224,4.2712,-0.0290,-0.0693,-0.0269
1774945446.6113,0.0000,0.0000,0.0000,0.0000,0.0000,-2.9997,-0.2219,-20.4663,-0.0120,-0.0619,-0.0205
1774945446.6313,0.0000,0.0000,0.0000,0.0000,0.0000,-2.9960,-0.2206,-11.9353,0.0168,-0.0374,-0.0183
1774945446.6513,0.0000,0.0000,0.0000,0.0000,0.0000,-2.9969,-0.2177,13.7631,0.0019,-0.0320,-0.0002
1774945446.6713,0.0000,0.0000,0.0000,0.0000,0.0000,-2.9967,-0.2179,7.6577,0.0264,0.0010,-0.0173
1774945446.6922,0.0000,0.0000,0.0000,0.0000,0.0000,-3.0000,-0.2171,1.9942,-0.0227,0.0010,-0.0024
1774945446.7112,0.0000,0.0000,0.0000,0.0000,0.0000,-3.0001,-0.2173,-10.5844,-0.0312,-0.0182,-0.0077
1774945446.7313,0.0000,0.0000,0.0000,0.0000,0.0000,-2.9987,-0.2171,6.5022,-0.0077,-0.0225,-0.0215
1774945446.7513,0.0000,0.0000,0.0000,0.0000,0.0000,-2.9987,-0.2148,-32.9732,-0.0003,0.0095,-0.0119
1774945446.7713,0.0000,0.0000,0.0000,0.0000,0.0000,-3.0001,-0.2126,37.6969,0.0359,0.0063,0.0008
1774945446.7925,0.0000,0.0000,0.0000,0.0000,0.0000,-3.0015,-0.2116,-11.4325,0.0295,0.0159,0.0008
1774945446.8112,0.0000,0.0000,0.0000,0.0000,0.0000,-3.0003,-0.2111,24.1636,0.0349,0.0233,-0.0183
1774945446.8313,0.0000,0.0000,0.0000,0.0000,0.0000,-2.9997,-0.2120,-38.6955,0.0327,0.0138,-0.0077
1774945446.8512,0.0000,0.0000,0.0000,0.0000,0.0000,-3.0013,-0.2102,12.3368,-0.0077,0.0159,-0.0322
1774945446.8713,0.0000,0.0000,0.0000,0.0000,0.0000,-3.0009,-0.2114,-16.6104,0.0029,0.0425,-0.0322
1774945446.8962,0.0000,0.0000,0.0000,0.0000,0.0000,-3.0009,-0.2133,0.0000,0.0104,0.0372,-0.0141
1774945446.9112,0.0000,0.0000,0.0000,0.0000,0.0000,-2.9994,-0.2144,-31.3538,0.0040,0.0212,0.0030
1774945446.9313,0.0000,0.0000,0.0000,0.0000,0.0000,-2.9991,-0.2136,8.6536,0.0306,0.0159,-0.0055
1774945446.9513,0.0000,0.0000,0.0000,0.0000,0.0000,-3.0008,-0.2161,-42.4254,0.0136,0.0223,0.0008
1774945446.9713,0.0000,0.0000,0.0000,0.0000,0.0000,-3.0016,-0.2148,27.9758,-0.0216,0.0212,-0.0173
1774945446.9953,0.0000,0.0000,0.0000,0.0000,0.0000,-3.0031,-0.2157,0.0000,-0.0013,0.0010,-0.0055
1774945447.0115,0.0000,0.0000,0.0000,0.0000,0.0000,-3.0040,-0.2144,-24.4200,0.0114,0.0276,-0.0183
1774945447.0314,0.0000,0.0000,0.0000,0.0000,0.0000,-3.0025,-0.2135,47.1507,-0.0003,0.0031,-0.0130
1774945447.0513,0.0000,0.0000,0.0000,0.0000,0.0000,-3.0025,-0.2124,21.6748,-0.0003,0.0297,-0.0141
1774945447.0714,0.0000,0.0000,0.0000,0.0000,0.0000,-3.0034,-0.2124,-5.1818,-0.0173,0.0106,-0.0119
1774945447.0913,0.0000,0.0000,0.0000,0.0000,0.0000,-3.0028,-0.2130,-22.9358,-0.0365,0.0095,-0.0364
1774945447.1113,0.0000,0.0000,0.0000,0.0000,0.0000,-3.0033,-0.2131,13.7405,-0.0163,-0.0736,-0.0098
1774945447.1315,0.0000,0.0000,0.0000,0.0000,0.0000,-3.0004,-0.2125,0.1336,0.0104,-0.0438,-0.0087
1774945447.1513,0.0000,0.0000,0.0000,0.0000,0.0000,-3.0019,-0.2127,45.6113,-0.0003,-0.0065,-0.0045
1774945447.1713,0.0000,0.0000,0.0000,0.0000,0.0000,-3.0024,-0.2119,-38.6390,-0.0290,-0.0214,-0.0055
1774945447.1913,0.0000,0.0000,0.0000,0.0000,0.0000,-3.0013,-0.2125,-6.2463,-0.0067,0.0297,-0.0343
1774945447.2112,0.0000,0.0000,0.0000,0.0000,0.0000,-3.0033,-0.2123,4.0510,-0.0077,0.0138,-0.0205
1774945447.2313,0.0000,0.0000,0.0000,0.0000,0.0000,-3.0027,-0.2135,-54.9685,-0.0322,-0.0267,-0.0151
1774945447.2512,0.0000,0.0000,0.0000,0.0000,0.0000,-3.0037,-0.2144,-57.9350,-0.0195,0.0052,-0.0151
1774945447.2713,0.0000,0.0000,0.0000,0.0000,0.0000,-3.0056,-0.2145,44.8965,-0.0035,0.0042,0.0019
1774945447.2920,0.0000,0.0000,0.0000,0.0000,0.0000,-3.0053,-0.2150,-2.3806,0.0157,-0.0001,0.0019
1774945447.3112,0.0000,0.0000,0.0000,0.0000,0.0000,-3.0056,-0.2154,25.4405,0.0519,-0.0225,0.0040
1774945447.3313,0.0000,0.0000,0.0000,0.0000,0.0000,-3.0056,-0.2163,45.3739,0.0519,-0.0502,0.0062
1774945447.3513,0.0000,0.0000,0.0000,0.0000,0.0000,-3.0028,-0.2179,7.4140,0.0487,0.0106,-0.0098
1774945447.3712,0.0000,0.0000,0.0000,0.0000,0.0000,-3.0038,-0.2171,73.2181,0.0370,-0.0278,-0.0119
1774945447.3913,0.0000,0.0000,0.0000,0.0000,0.0000,-3.0023,-0.2169,-17.8314,0.0743,-0.0214,-0.0087
1774945447.4122,0.0000,0.0000,0.0000,0.0000,0.0000,-3.0006,-0.2165,17.7939,0.0019,-0.0193,-0.0173
1774945447.4313,0.0000,0.0000,0.0000,0.0000,0.0000,-3.0005,-0.2190,47.0161,-0.0141,0.0020,-0.0098
1774945447.4513,0.0000,0.0000,0.0000,0.0000,0.0000,-2.9971,-0.2185,13.5159,0.0050,-0.0075,-0.0237
1774945447.4713,0.0000,0.0000,0.0000,0.0000,0.0000,-2.9978,-0.2184,-20.7101,-0.0365,-0.0214,0.0030
1774945447.4913,0.0000,0.0000,0.0000,0.0000,0.0000,-2.9981,-0.2177,-91.6725,-0.0067,0.0095,0.0008
1774945447.5113,0.0000,0.0000,0.0000,0.0000,0.0000,-2.9974,-0.2183,19.9731,0.0072,0.0031,0.0083
1774945447.5313,0.0000,0.0000,0.0000,0.0000,0.0000,-2.9987,-0.2192,-64.0139,0.0146,0.0191,0.0008
1774945447.5513,0.0000,0.0000,0.0000,0.0000,0.0000,-2.9997,-0.2210,70.3995,-0.0163,0.0202,-0.0087
1774945447.5715,0.0000,0.0000,0.0000,0.0000,0.0000,-2.9998,-0.2221,29.7835,-0.0152,0.0212,-0.0098
1774945447.5913,0.0000,0.0000,0.0000,0.0000,0.0000,-3.0018,-0.2240,48.4304,0.0050,0.0393,-0.0269
1774945447.6112,0.0000,0.0000,0.0000,0.0000,0.0000,-3.0006,-0.2229,-10.8297,0.0445,-0.0896,-0.0215
1774945447.6313,0.0000,0.0000,0.0000,0.0000,0.0000,-3.0008,-0.2218,-78.5310,-0.0205,-0.0502,-0.0343
1774945447.6514,0.0000,0.0000,0.0000,0.0000,0.0000,-3.0009,-0.2223,27.7988,-0.0184,-0.0374,-0.0354
1774945447.6714,0.0000,0.0000,0.0000,0.0000,0.0000,-2.9989,-0.2214,-13.1920,0.0178,-0.0214,-0.0024
1774945447.6914,0.0000,0.0000,0.0000,0.0000,0.0000,-3.0013,-0.2213,11.6929,-0.0258,-0.0182,0.0030
1774945447.7113,0.0000,0.0000,0.0000,0.0000,0.0000,-3.0010,-0.2215,-19.6046,0.0104,0.0127,-0.0077
1774945447.7313,0.0000,0.0000,0.0000,0.0000,0.0000,-3.0010,-0.2219,3.4908,-0.0312,0.0383,-0.0300
1774945447.7517,0.0000,0.0000,0.0000,0.0000,0.0000,-3.0035,-0.2218,-1.0048,-0.0408,-0.0246,-0.0034
1774945447.7713,0.0000,0.0000,0.0000,0.0000,0.0000,-3.0015,-0.2214,-13.8350,0.0423,-0.0235,-0.0215
1774945447.7933,0.0000,0.0000,0.0000,0.0000,0.0000,-3.0027,-0.2225,19.5108,0.0295,-0.0022,-0.0098
1774945447.8112,0.0000,0.0000,0.0000,0.0000,0.0000,-3.0053,-0.2210,-30.8195,-0.0312,-0.0374,0.0040
1774945447.8313,0.0000,0.0000,0.0000,0.0000,0.0000,-3.0034,-0.2226,-32.1273,0.0157,0.0479,-0.0290
1774945447.8513,0.0000,0.0000,0.0000,0.0000,0.0000,-3.0043,-0.2226,34.6707,0.0008,0.0095,-0.0119
1774945447.8713,0.0000,0.0000,0.0000,0.0000,0.0000,-3.0034,-0.2224,-15.0038,0.0210,-0.0533,-0.0098
1774945447.8914,0.0000,0.0000,0.0000,0.0000,0.0000,-3.0022,-0.2225,-2.6454,0.0274,-0.0150,-0.0119
1774945447.9114,0.0000,0.0000,0.0000,0.0000,0.0000,-3.0027,-0.2230,48.6867,-0.0141,-0.0161,-0.0130
1774945447.9329,0.0000,0.0000,0.0000,0.0000,0.0000,-3.0006,-0.2216,-30.9830,0.0136,-0.0874,-0.0162
1774945447.9514,0.0000,0.0000,0.0000,0.0000,0.0000,-3.0001,-0.2222,42.7950,0.0306,-0.0715,-0.0237
1774945447.9713,0.0000,0.0000,0.0000,0.0000,0.0000,-2.9996,-0.2230,0.5059,0.0114,-0.0235,-0.0460
1774945447.9917,0.0000,0.0000,0.0000,0.0000,0.0000,-3.0012,-0.2228,-10.9091,-0.0919,-0.0257,-0.0684
1774945448.0114,0.0000,0.0000,0.0000,0.0000,0.0000,-3.0016,-0.2230,10.2704,-0.0887,-0.0012,-0.0588
1774945448.0320,0.0000,0.0000,0.0000,0.0000,0.0000,-3.0007,-0.2234,-32.8093,-0.0482,-0.0608,-0.0727
1774945448.0514,0.0000,0.0000,0.0000,0.0000,0.0000,-3.0025,-0.2239,-27.8495,-0.0844,-0.1098,-0.0652
1774945448.0713,0.0000,0.0000,0.0000,0.0000,0.0000,-3.0053,-0.2210,-48.1627,-0.0653,-0.0960,-0.0556
1774945448.0914,0.0000,0.0000,0.0000,0.0000,0.0000,-3.0052,-0.2211,32.8961,-0.0567,-0.1162,-0.0492
1774945448.1113,0.0000,0.0000,0.0000,0.0000,0.0000,-3.0089,-0.2225,-12.5292,-0.0844,-0.0725,-0.0354
1774945448.1322,0.0000,0.0000,0.0000,0.0000,0.0000,-3.0102,-0.2231,-51.8059,-0.0940,-0.0821,-0.0258
1774945448.1514,0.0000,0.0000,0.0000,0.0000,0.0000,-3.0132,-0.2223,-53.8809,-0.0812,-0.1396,-0.0269
1774945448.1714,0.0000,0.0000,0.0000,0.0000,0.0000,-3.0161,-0.2221,-26.4425,-0.0227,-0.1055,-0.0545
1774945448.1914,0.0000,0.0000,0.0000,0.0000,0.0000,-3.0186,-0.2218,6.1613,-0.0557,-0.0704,-0.0545
1774945448.2133,0.0000,0.0000,0.0000,0.0000,0.0000,-3.0227,-0.2219,19.3506,-0.0567,-0.1098,-0.0556
1774945448.2315,0.0000,0.0000,0.0000,0.0000,0.0000,-3.0211,-0.2215,-22.9598,-0.0461,-0.0736,-0.0748
1774945448.2513,0.0000,0.0000,0.0000,0.0000,0.0000,-3.0225,-0.2204,-6.5982,-0.0557,-0.1066,-0.0588
1774945448.2712,0.0000,0.0000,0.0000,0.0000,0.0000,-3.0228,-0.2205,-19.5354,-0.0557,-0.0896,-0.0684
1774945448.2913,0.0000,0.0000,0.0000,0.0000,0.0000,-3.0259,-0.2190,11.2179,-0.1089,-0.0906,-0.0514
1774945448.3112,0.0000,0.0000,0.0000,0.0000,0.0000,-3.0281,-0.2199,-33.2486,-0.0802,-0.0480,-0.0375
1774945448.3312,0.0000,0.0000,0.0000,0.0000,0.0000,-3.0291,-0.2190,12.8149,-0.0887,-0.0416,-0.0471
1774945448.3512,0.0000,0.0000,0.0000,0.0000,0.0000,-3.0317,-0.2177,38.6349,-0.1164,-0.0992,-0.0577
1774945448.3712,0.0000,0.0000,0.0000,0.0000,0.0000,-3.0327,-0.2167,-42.8197,-0.1004,-0.0757,-0.0748
1774945448.3912,0.0000,0.0000,0.0000,0.0000,0.0000,-3.0368,-0.2155,33.6063,-0.0887,-0.0342,-0.0620
1774945448.4113,0.0000,0.0000,0.0000,0.0000,0.0000,-3.0385,-0.2139,5.7035,-0.0685,-0.0672,-0.0450
1774945448.4314,0.0000,0.0000,0.0000,0.0000,0.0000,-3.0438,-0.2136,-5.7528,-0.0983,-0.0225,-0.0375
1774945448.4512,0.0000,0.0000,0.0000,0.0000,0.0000,-3.0456,-0.2128,33.2948,-0.0770,-0.0395,-0.0396
1774945448.4712,0.0000,0.0000,0.0000,0.0000,0.0000,-3.0488,-0.2112,-8.5294,-0.0834,-0.0363,-0.0396
1774945448.4914,0.0000,0.0000,0.0000,0.0000,0.0000,-3.0510,-0.2113,0.5956,-0.0376,0.0159,-0.0354
1774945448.5113,0.0000,0.0000,0.0000,0.0000,0.0000,-3.0524,-0.2103,48.7497,-0.0216,0.0106,-0.0386
1774945448.5313,0.0000,0.0000,0.0000,0.0000,0.0000,-3.0528,-0.2108,29.7900,-0.0386,0.0010,-0.0439
1774945448.5514,0.0000,0.0000,0.0000,0.0000,0.0000,-3.0534,-0.2100,5.2116,-0.0780,0.0276,-0.0514
1774945448.5713,0.0000,0.0000,0.0000,0.0000,0.0000,-3.0548,-0.2106,16.7533,-0.0163,0.0447,-0.0439
1774945448.5913,0.0000,0.0000,0.0000,0.0000,0.0000,-3.0544,-0.2125,1.9755,-0.0024,0.0297,-0.0386
1774945448.6113,0.0000,0.0000,0.0000,0.0000,0.0000,-3.0571,-0.2124,-19.4236,-0.0258,0.0510,-0.0226
1774945448.6312,0.0000,0.0000,0.0000,0.0000,0.0000,-3.0575,-0.2112,-4.4675,-0.0195,0.0084,-0.0514
1774945448.6514,0.0000,0.0000,0.0000,0.0000,0.0000,-3.0613,-0.2121,-25.3081,-0.0674,0.0138,-0.0450
1774945448.6713,0.0000,0.0000,0.0000,0.0000,0.0000,-3.0603,-0.2129,-0.1650,-0.0546,-0.0171,-0.0854
1774945448.6913,0.0000,0.0000,0.0000,0.0000,0.0000,-3.0598,-0.2113,20.5130,-0.0599,-0.0118,-0.0791
1774945448.7113,0.0000,0.0000,0.0000,0.0000,0.0000,-3.0592,-0.2090,7.4009,-0.0738,-0.1077,-0.0812
1774945448.7315,0.0000,0.0000,0.0000,0.0000,0.0000,-3.0621,-0.2099,-12.2707,-0.0685,-0.0214,-0.0471
1774945448.7514,0.0000,0.0000,0.0000,0.0000,0.0000,-3.0639,-0.2096,3.2956,-0.0397,0.0191,-0.0343
1774945448.7720,0.0000,0.0000,0.0000,0.0000,0.0000,-3.0668,-0.2070,-20.9676,-0.0269,-0.0363,-0.0322
1774945448.7914,0.0000,0.0000,0.0000,0.0000,0.0000,-3.0717,-0.2085,-27.6471,-0.0791,0.0404,-0.0205
1774945448.8117,0.0000,0.0000,0.0000,0.0000,0.0000,-3.0728,-0.2067,23.1130,-0.0717,0.0255,-0.0364
1774945448.8312,0.0000,0.0000,0.0000,0.0000,0.0000,-3.0738,-0.2066,-2.1686,-0.0919,0.0297,-0.0503
1774945448.8513,0.0000,0.0000,0.0000,0.0000,0.0000,-3.0741,-0.2045,4.6084,-0.0887,0.0457,-0.0460
1774945448.8713,0.0000,0.0000,0.0000,0.0000,0.0000,-3.0733,-0.2047,19.7176,-0.0695,0.0851,-0.0609
1774945448.8913,0.0000,0.0000,0.0000,0.0000,0.0000,-3.0743,-0.2052,-21.3074,-0.0631,0.0361,-0.0503
1774945448.9116,0.0000,0.0000,0.0000,0.0000,0.0000,-3.0776,-0.2068,20.1680,-0.0525,0.0489,-0.0460
1774945448.9313,0.0000,0.0000,0.0000,0.0000,0.0000,-3.0800,-0.2061,-9.3130,-0.0493,0.0500,-0.0386
1774945448.9513,0.0000,0.0000,0.0000,0.0000,0.0000,-3.0835,-0.2059,3.0202,-0.0184,0.0351,-0.0332
1774945448.9715,0.0000,0.0000,0.0000,0.0000,0.0000,-3.0850,-0.2081,56.3657,-0.0567,0.0084,-0.0354
1774945448.9916,0.0000,0.0000,0.0000,0.0000,0.0000,-3.0867,-0.2065,17.4125,-0.0855,0.0180,-0.0269
1774945449.0113,0.0000,0.0000,0.0000,0.0000,0.0000,-3.0845,-0.2070,26.7100,-0.0141,0.0425,-0.0269
1774945449.0314,0.0000,0.0000,0.0000,0.0000,0.0000,-3.0855,-0.2088,-38.7375,-0.0216,0.0670,-0.0269
1774945449.0512,0.0000,0.0000,0.0000,0.0000,0.0000,-3.0867,-0.2120,6.5435,-0.0685,0.0894,-0.0535
1774945449.0715,0.0000,0.0000,0.0000,0.0000,0.0000,-3.0880,-0.2103,-10.0481,-0.0461,0.0020,-0.0609
1774945449.0915,0.0000,0.0000,0.0000,0.0000,0.0000,-3.0891,-0.2123,8.1151,-0.0376,0.0404,-0.0545
1774945449.1114,0.0000,0.0000,0.0000,0.0000,0.0000,-3.0884,-0.2126,32.1907,-0.0418,0.0255,-0.0567
1774945449.1313,0.0000,0.0000,0.0000,0.0000,0.0000,-3.0915,-0.2122,-15.3297,-0.0642,-0.0033,-0.0343
1774945449.1513,0.0000,0.0000,0.0000,0.0000,0.0000,-3.0928,-0.2128,-47.3293,-0.0951,0.0276,-0.0300
1774945449.1713,0.0000,0.0000,0.0000,0.0000,0.0000,-3.0953,-0.2134,-22.6011,-0.0834,0.0074,-0.0343
1774945449.1917,0.0000,0.0000,0.0000,0.0000,0.0000,-3.0967,-0.2146,-6.1097,-0.0685,-0.0427,-0.0290
1774945449.2113,0.0000,0.0000,0.0000,0.0000,0.0000,-3.0984,-0.2135,-30.7865,-0.0876,-0.0491,-0.0450
1774945449.2313,0.0000,0.0000,0.0000,0.0000,0.0000,-3.1003,-0.2163,-8.2566,-0.0898,0.0265,-0.0364
1774945449.2515,0.0000,0.0000,0.0000,0.0000,0.0000,-3.1005,-0.2172,6.0618,-0.0972,-0.0342,-0.0460
1774945449.2712,0.0000,0.0000,0.0000,0.0000,0.0000,-3.1038,-0.2178,-5.6065,-0.0866,-0.0225,-0.0364
1774945449.2913,0.0000,0.0000,0.0000,0.0000,0.0000,-3.1040,-0.2157,-39.8791,-0.0738,-0.0832,-0.0588
1774945449.3112,0.0000,0.0000,0.0000,0.0000,0.0000,-3.1060,-0.2155,43.8960,-0.0631,-0.0960,-0.0311
1774945449.3315,0.0000,0.0000,0.0000,0.0000,0.0000,-3.1071,-0.2129,-28.4535,-0.0557,-0.0842,-0.0279
1774945449.3513,0.0000,0.0000,0.0000,0.0000,0.0000,-3.1115,-0.2095,9.3648,-0.0642,-0.0693,-0.0364
1774945449.3713,0.0000,0.0000,0.0000,0.0000,0.0000,-3.1109,-0.2080,-8.5118,-0.0237,-0.0736,-0.0663
1774945449.3915,0.0000,0.0000,0.0000,0.0000,0.0000,-3.1125,-0.2068,8.2612,-0.0717,0.0170,-0.0418
1774945449.4112,0.0000,0.0000,0.0000,0.0000,0.0000,-3.1105,-0.2050,-6.9062,-0.0312,0.0042,-0.0535
1774945449.4316,0.0000,0.0000,0.0000,0.0000,0.0000,-3.1104,-0.2042,-43.6721,-0.0216,0.0063,-0.0407
1774945449.4514,0.0000,0.0000,0.0000,0.0000,0.0000,-3.1108,-0.2021,-32.3801,-0.0227,0.0351,-0.0375
1774945449.4715,0.0000,0.0000,0.0000,0.0000,0.0000,-3.1116,-0.2039,21.7340,-0.0727,0.0873,-0.0471
1774945449.4913,0.0000,0.0000,0.0000,0.0000,0.0000,-3.1128,-0.2056,-40.3685,-0.0759,0.0894,-0.0354
1774945449.5113,0.0000,0.0000,0.0000,0.0000,0.0000,-3.1135,-0.2074,11.5109,-0.0365,0.1384,-0.0407
1774945449.5313,0.0000,0.0000,0.0000,0.0000,0.0000,-3.1169,-0.2102,14.1721,-0.0823,0.0830,-0.0343
1774945449.5516,0.0000,0.0000,0.0000,0.0000,0.0000,-3.1194,-0.2136,-2.8819,-0.0674,0.0521,-0.0609
1774945449.5718,0.0000,0.0000,0.0000,0.0000,0.0000,-3.1211,-0.2154,-34.1799,-0.0674,0.0596,-0.0428
1774945449.5915,0.0000,0.0000,0.0000,0.0000,0.0000,-3.1198,-0.2163,20.1175,0.0019,0.0191,-0.0428
1774945449.6116,0.0000,0.0000,0.0000,0.0000,0.0000,-3.1223,-0.2195,-5.5636,-0.0514,0.0319,-0.0354
1774945449.6367,0.0000,0.0000,0.0000,0.0000,0.0000,-3.1229,-0.2181,12.9117,-0.1004,-0.0075,-0.0503
1774945449.6514,0.0000,0.0000,0.0000,0.0000,0.0000,-3.1247,-0.2159,-0.8441,-0.1132,-0.0629,-0.0620
1774945449.6716,0.0000,0.0000,0.0000,0.0000,0.0000,-3.1230,-0.2155,-22.7469,-0.0621,-0.0331,-0.0535
1774945449.6957,0.0000,0.0000,0.0000,0.0000,0.0000,-3.1239,-0.2140,15.3840,-0.0322,0.0180,-0.0482
1774945449.7115,0.0000,0.0000,0.0000,0.0000,0.0000,-3.1272,-0.2118,13.2367,-0.1025,0.0159,-0.0471
1774945449.7316,0.0000,0.0000,0.0000,0.0000,0.0000,-3.1283,-0.2109,-28.9754,-0.0962,0.0702,-0.0609
1774945449.7520,0.0000,0.0000,0.0000,0.0000,0.0000,-3.1277,-0.2118,31.5433,-0.1217,0.1352,-0.0705
1774945449.7714,0.0000,0.0000,0.0000,0.0000,0.0000,-3.1295,-0.2151,18.7813,-0.1750,0.1576,-0.0982
1774945449.7958,0.0000,0.0000,0.0000,0.0000,0.0000,-3.1332,-0.2205,50.0013,-0.2368,0.2268,-0.1376
1774945449.8115,0.0000,0.0000,0.0000,0.0000,0.0000,-3.1383,-0.2254,79.7513,-0.3167,0.2108,-0.1387
1774945449.8314,0.0000,0.0000,0.0000,0.0000,0.0000,-3.1413,-0.2308,22.5011,-0.3049,0.2300,-0.1792
1774945449.8514,0.0000,0.0000,0.0000,0.0000,0.0000,3.1356,-0.2356,30.5493,-0.3518,0.2492,-0.0854
1774945449.8715,0.0000,0.0000,0.0000,0.0000,0.0000,3.1301,-0.2367,53.9081,-0.1867,-0.0075,0.0253
1774945449.8913,0.0000,0.0000,0.0000,0.0000,0.0000,3.1288,-0.2310,-78.4044,0.0690,-0.2696,-0.0024
1774945449.9114,0.0000,0.0000,0.0000,0.0000,0.0000,3.1289,-0.2258,-39.1446,0.0274,-0.3751,-0.0876
1774945449.9313,0.0000,0.0000,0.0000,0.0000,0.0000,3.1226,-0.2201,-78.6773,-0.1665,-0.2206,-0.0631
1774945449.9513,0.0000,0.0000,0.0000,0.0000,0.0000,3.1177,-0.2168,15.4685,-0.0791,-0.0779,-0.0332
1774945449.9712,0.0000,0.0000,0.0000,0.0000,0.0000,3.1173,-0.2143,34.5278,0.0338,-0.0427,-0.0055
1774945449.9912,0.0000,0.0000,0.0000,0.0000,0.0000,3.1168,-0.2113,-11.1241,0.1265,-0.0832,0.0136
1774945450.0113,0.0000,0.0000,0.0000,0.0000,0.0000,3.1157,-0.2085,-21.1928,0.0956,-0.0928,0.0019
1774945450.0312,0.0000,0.0000,0.0000,0.0000,0.0000,3.1154,-0.2081,25.7865,0.1009,-0.0651,-0.0024
1774945450.0514,0.0000,0.0000,0.0000,0.0000,0.0000,3.1200,-0.2082,6.3210,0.1670,-0.0320,-0.0119
1774945450.0713,0.0000,0.0000,0.0000,0.0000,0.0000,3.1225,-0.2081,-11.4418,0.1403,-0.0171,-0.0364
1774945450.0914,0.0000,0.0000,0.0000,0.0000,0.0000,3.1258,-0.2084,93.9396,0.0881,-0.0129,-0.0439
1774945450.1113,0.0000,0.0000,0.0000,0.0000,0.0000,3.1309,-0.2100,-7.7922,0.1318,0.0681,-0.0545
1774945450.1313,0.0000,0.0000,0.0000,0.0000,0.0000,3.1350,-0.2111,59.5160,0.1126,0.0479,-0.0205
1774945450.1513,0.0000,0.0000,0.0000,0.0000,0.0000,3.1368,-0.2111,-10.4433,0.0594,0.0084,-0.0173
1774945450.1714,0.0000,0.0000,0.0000,0.0000,0.0000,3.1403,-0.2127,-19.6588,0.0636,0.0148,-0.0130
1774945450.1913,0.0000,0.0000,0.0000,0.0000,0.0000,3.1401,-0.2145,-12.4929,0.0477,0.0553,-0.0013
1774945450.2115,0.0000,0.0000,0.0000,0.0000,0.0000,3.1405,-0.2141,12.1494,-0.0013,-0.0086,0.0008
1774945450.2313,0.0000,0.0000,0.0000,0.0000,0.0000,-3.1407,-0.2136,-7.1066,0.0189,-0.0683,-0.0173
1774945450.2514,0.0000,0.0000,0.0000,0.0000,0.0000,3.1394,-0.2146,26.4308,-0.0163,-0.0203,-0.0247
1774945450.2714,0.0000,0.0000,0.0000,0.0000,0.0000,3.1394,-0.2128,24.1784,-0.0088,-0.0480,-0.0322
1774945450.2912,0.0000,0.0000,0.0000,0.0000,0.0000,3.1388,-0.2126,-40.3566,-0.0397,-0.0533,-0.0258
1774945450.3112,0.0000,0.0000,0.0000,0.0000,0.0000,3.1382,-0.2123,-29.9767,-0.0365,-0.0033,-0.0492
1774945450.3312,0.0000,0.0000,0.0000,0.0000,0.0000,3.1352,-0.2109,19.0166,-0.0951,-0.0459,-0.0343
1774945450.3513,0.0000,0.0000,0.0000,0.0000,0.0000,3.1323,-0.2093,48.3672,-0.1047,-0.0789,-0.0215
1774945450.3717,0.0000,0.0000,0.0000,0.0000,0.0000,3.1327,-0.2079,-50.0342,-0.0844,-0.0747,-0.0311
1774945450.3917,0.0000,0.0000,0.0000,0.0000,0.0000,3.1288,-0.2077,-20.0997,-0.1228,0.0010,-0.0300
1774945450.4115,0.0000,0.0000,0.0000,0.0000,0.0000,3.1289,-0.2096,32.8342,-0.0908,0.0542,-0.0290
1774945450.4312,0.0000,0.0000,0.0000,0.0000,0.0000,3.1271,-0.2095,-21.7308,-0.0450,-0.0459,-0.0034
1774945450.4514,0.0000,0.0000,0.0000,0.0000,0.0000,3.1246,-0.2081,10.3016,-0.0493,-0.0779,-0.0162
1774945450.4713,0.0000,0.0000,0.0000,0.0000,0.0000,3.1216,-0.2070,-33.6559,-0.0866,-0.0395,-0.0173
1774945450.4915,0.0000,0.0000,0.0000,0.0000,0.0000,3.1199,-0.2079,22.3228,-0.0642,-0.0470,-0.0247
1774945450.5115,0.0000,0.0000,0.0000,0.0000,0.0000,3.1191,-0.2086,-14.7112,-0.0759,-0.0565,-0.0396
1774945450.5316,0.0000,0.0000,0.0000,0.0000,0.0000,3.1176,-0.2084,-37.6778,0.0040,0.0052,-0.0311
1774945450.5512,0.0000,0.0000,0.0000,0.0000,0.0000,3.1183,-0.2090,-9.9868,-0.0269,0.0148,-0.0237
1774945450.5714,0.0000,0.0000,0.0000,0.0000,0.0000,3.1156,-0.2075,-22.8373,-0.0045,-0.0225,-0.0343
1774945450.5915,0.0000,0.0000,0.0000,0.0000,0.0000,3.1144,-0.2057,35.3046,0.0274,-0.0672,-0.0215
1774945450.6114,0.0000,0.0000,0.0000,0.0000,0.0000,3.1131,-0.2049,-58.4379,0.0285,-0.0022,0.0051
1774945450.6316,0.0000,0.0000,0.0000,0.0000,0.0000,3.1126,-0.2048,-27.4602,0.0338,0.0159,0.0051
1774945450.6515,0.0000,0.0000,0.0000,0.0000,0.0000,3.1109,-0.2041,10.7348,-0.0013,-0.0065,-0.0077
1774945450.6714,0.0000,0.0000,0.0000,0.0000,0.0000,3.1118,-0.2062,2.9766,0.0477,-0.0107,-0.0332
1774945450.6915,0.0000,0.0000,0.0000,0.0000,0.0000,3.1133,-0.2041,13.9277,0.0370,-0.0576,-0.0205
1774945450.7113,0.0000,0.0000,0.0000,0.0000,0.0000,3.1151,-0.2030,-35.3619,0.0221,-0.0438,-0.0545
1774945450.7314,0.0000,0.0000,0.0000,0.0000,0.0000,3.1150,-0.2022,31.1740,-0.0397,-0.0842,-0.0514
1774945450.7515,0.0000,0.0000,0.0000,0.0000,0.0000,3.1155,-0.2002,-7.0898,-0.0738,-0.1013,-0.0332
1774945450.7715,0.0000,0.0000,0.0000,0.0000,0.0000,3.1126,-0.1971,-28.8655,-0.1345,-0.1269,-0.0002
1774945450.7915,0.0000,0.0000,0.0000,0.0000,0.0000,3.1103,-0.1937,43.6135,-0.2453,-0.2462,0.0190
1774945450.8114,0.0000,0.0000,0.0000,0.0000,0.0000,3.1030,-0.1903,-42.1929,-0.3816,-0.2781,0.0424
1774945450.8313,0.0000,0.0000,0.0000,0.0000,0.0000,3.0952,-0.1840,7.8746,-0.4765,-0.3250,0.1074
1774945450.8514,0.0000,0.0000,0.0000,0.0000,0.0000,3.0893,-0.1747,17.4607,-0.4211,-0.4741,0.0839
1774945450.8712,0.0000,0.0000,0.0000,0.0000,0.0000,3.0938,-0.1682,-46.2915,0.3193,-0.0640,0.0094
1774945450.8914,0.0000,0.0000,0.0000,0.0000,0.0000,3.0981,-0.1757,100.9263,0.2447,0.3706,-0.0162
1774945450.9117,0.0000,0.0000,0.0000,0.0000,0.0000,3.0953,-0.1844,85.9477,0.0210,0.4026,-0.0716
1774945450.9313,0.0000,0.0000,0.0000,0.0000,0.0000,3.0889,-0.1902,-58.0130,-0.0759,0.3120,-0.0844
1774945450.9515,0.0000,0.0000,0.0000,0.0000,0.0000,3.0908,-0.1915,-14.1050,0.0509,0.0681,-0.1728
1774945450.9713,0.0000,0.0000,0.0000,0.0000,0.0000,3.0898,-0.1929,-32.4233,0.1318,0.0585,-0.0929
1774945450.9913,0.0000,0.0000,0.0000,0.0000,0.0000,3.0900,-0.1920,-71.8032,0.0455,0.0447,-0.0780
1774945451.0114,0.0000,0.0000,0.0000,0.0000,0.0000,3.0904,-0.1961,40.9118,-0.0408,0.2311,-0.0354
1774945451.0314,0.0000,0.0000,0.0000,0.0000,0.0000,3.0895,-0.2002,39.1708,0.0253,0.2577,0.0488
1774945451.0518,0.0000,0.0000,0.0000,0.0000,0.0000,3.0936,-0.2019,-8.8605,0.1222,0.1118,0.0701
1774945451.0717,0.0000,0.0000,0.0000,0.0000,0.0000,3.0970,-0.2018,-47.5533,0.1339,0.0319,0.0435
1774945451.0915,0.0000,0.0000,0.0000,0.0000,0.0000,3.0976,-0.2013,12.1850,-0.0067,-0.0342,-0.0205
1774945451.1113,0.0000,0.0000,0.0000,0.0000,0.0000,3.0993,-0.2010,43.0743,-0.1260,-0.0480,-0.0631
1774945451.1314,0.0000,0.0000,0.0000,0.0000,0.0000,3.1001,-0.2018,17.5458,-0.0993,0.0425,-0.0503
1774945451.1513,0.0000,0.0000,0.0000,0.0000,0.0000,3.1020,-0.2004,26.0478,-0.0195,0.0180,-0.0290
1774945451.1713,0.0000,0.0000,0.0000,0.0000,0.0000,3.0996,-0.2014,44.6476,-0.0067,-0.0161,0.0115
1774945451.1914,0.0000,0.0000,0.0000,0.0000,0.0000,3.0966,-0.2016,-22.6940,0.0221,-0.0203,0.0211
1774945451.2113,0.0000,0.0000,0.0000,0.0000,0.0000,3.0960,-0.2007,0.2948,0.0146,-0.0544,0.0083
1774945451.2314,0.0000,0.0000,0.0000,0.0000,0.0000,3.0964,-0.1995,11.9887,0.0093,-0.0651,-0.0066
1774945451.2514,0.0000,0.0000,0.0000,0.0000,0.0000,3.0984,-0.1980,-12.0599,0.0221,-0.0491,-0.0641
1774945451.2713,0.0000,0.0000,0.0000,0.0000,0.0000,3.0962,-0.1971,57.1917,0.0029,-0.0075,-0.0460
1774945451.2915,0.0000,0.0000,0.0000,0.0000,0.0000,3.0966,-0.1955,-11.8416,0.0295,-0.0533,-0.0535
1774945451.3112,0.0000,0.0000,0.0000,0.0000,0.0000,3.0948,-0.1962,-0.3522,0.0679,-0.0395,-0.0087
1774945451.3312,0.0000,0.0000,0.0000,0.0000,0.0000,3.0966,-0.1971,77.9517,0.0636,0.0127,0.0115
1774945451.3513,0.0000,0.0000,0.0000,0.0000,0.0000,3.0971,-0.1973,-37.4906,0.0583,-0.0384,0.0136
1774945451.3714,0.0000,0.0000,0.0000,0.0000,0.0000,3.0983,-0.1963,-4.4952,0.0019,-0.0576,0.0040
1774945451.3922,0.0000,0.0000,0.0000,0.0000,0.0000,3.0996,-0.1944,38.2108,-0.0610,-0.0704,-0.0173
1774945451.4113,0.0000,0.0000,0.0000,0.0000,0.0000,3.1029,-0.1937,-74.1250,-0.0056,-0.0214,-0.0556
1774945451.4315,0.0000,0.0000,0.0000,0.0000,0.0000,3.1037,-0.1929,45.1426,0.0232,0.0148,-0.0439
1774945451.4514,0.0000,0.0000,0.0000,0.0000,0.0000,3.1008,-0.1928,-8.1651,0.0157,0.0500,-0.0258
1774945451.4713,0.0000,0.0000,0.0000,0.0000,0.0000,3.0983,-0.1920,22.5341,0.0019,0.0351,-0.0279
1774945451.4913,0.0000,0.0000,0.0000,0.0000,0.0000,3.0945,-0.1918,59.9888,-0.0056,-0.0448,-0.0066
1774945451.5113,0.0000,0.0000,0.0000,0.0000,0.0000,3.0941,-0.1919,-54.2536,0.0349,-0.0480,-0.0024
1774945451.5313,0.0000,0.0000,0.0000,0.0000,0.0000,3.0925,-0.1915,-3.1229,-0.0258,-0.0097,0.0040
1774945451.5514,0.0000,0.0000,0.0000,0.0000,0.0000,3.0936,-0.1937,-49.9557,-0.0024,0.0095,-0.0205
1774945451.5713,0.0000,0.0000,0.0000,0.0000,0.0000,3.0940,-0.1930,18.1586,0.0061,-0.0182,-0.0247
1774945451.5915,0.0000,0.0000,0.0000,0.0000,0.0000,3.0962,-0.1946,90.5401,0.0583,-0.0331,-0.0258
1774945451.6113,0.0000,0.0000,0.0000,0.0000,0.0000,3.0983,-0.1923,-23.2885,0.0935,-0.0906,-0.0098
1774945451.6313,0.0000,0.0000,0.0000,0.0000,0.0000,3.0962,-0.1926,20.1207,0.0658,-0.0555,0.0083
1774945451.6513,0.0000,0.0000,0.0000,0.0000,0.0000,3.0964,-0.1943,-31.3780,0.0338,0.0521,-0.0077
1774945451.6715,0.0000,0.0000,0.0000,0.0000,0.0000,3.0956,-0.1965,22.5241,-0.0067,0.0638,-0.0055
1774945451.6914,0.0000,0.0000,0.0000,0.0000,0.0000,3.0986,-0.1983,16.8768,0.0381,0.0404,-0.0151
1774945451.7112,0.0000,0.0000,0.0000,0.0000,0.0000,3.0998,-0.1968,19.2105,0.0146,-0.0054,-0.0311
1774945451.7315,0.0000,0.0000,0.0000,0.0000,0.0000,3.1033,-0.1962,6.8613,0.0232,-0.0416,-0.0418
1774945451.7515,0.0000,0.0000,0.0000,0.0000,0.0000,3.1031,-0.1955,-40.2244,-0.0035,0.0233,-0.0343
1774945451.7713,0.0000,0.0000,0.0000,0.0000,0.0000,3.1026,-0.1975,-14.0159,0.0391,0.0297,0.0062
1774945451.7913,0.0000,0.0000,0.0000,0.0000,0.0000,3.1023,-0.1980,-20.4621,0.0540,0.0031,0.0221
1774945451.8114,0.0000,0.0000,0.0000,0.0000,0.0000,3.1022,-0.1981,2.6104,0.0168,-0.0107,0.0221
1774945451.8313,0.0000,0.0000,0.0000,0.0000,0.0000,3.1020,-0.2004,21.3678,-0.0269,-0.0544,0.0062
1774945451.8513,0.0000,0.0000,0.0000,0.0000,0.0000,3.1030,-0.2010,3.0698,0.0232,-0.0896,-0.0215
1774945451.8713,0.0000,0.0000,0.0000,0.0000,0.0000,3.1053,-0.2041,-20.4609,0.0519,0.0425,-0.0428
1774945451.8919,0.0000,0.0000,0.0000,0.0000,0.0000,3.1041,-0.2056,34.5765,-0.0035,-0.0033,-0.0343
1774945451.9113,0.0000,0.0000,0.0000,0.0000,0.0000,3.1035,-0.2076,-7.3291,0.0061,-0.0640,-0.0226
1774945451.9314,0.0000,0.0000,0.0000,0.0000,0.0000,3.1026,-0.2067,-30.2322,0.0274,-0.0832,-0.0077
1774945451.9520,0.0000,0.0000,0.0000,0.0000,0.0000,3.1047,-0.2057,6.3314,0.0381,-0.0747,-0.0024
1774945451.9714,0.0000,0.0000,0.0000,0.0000,0.0000,3.1066,-0.2045,0.0438,0.0232,-0.0842,-0.0141
1774945451.9914,0.0000,0.0000,0.0000,0.0000,0.0000,3.1066,-0.2045,-1.1944,-0.0567,-0.0235,-0.0290
1774945452.0113,0.0000,0.0000,0.0000,0.0000,0.0000,3.1049,-0.2012,24.9179,-0.0472,-0.0789,-0.0439
1774945452.0313,0.0000,0.0000,0.0000,0.0000,0.0000,3.1072,-0.2000,-14.0310,0.0093,-0.0874,-0.0556
1774945452.0513,0.0000,0.0000,0.0000,0.0000,0.0000,3.1063,-0.1968,-46.2237,0.0061,-0.0480,-0.0407
1774945452.0713,0.0000,0.0000,0.0000,0.0000,0.0000,3.1038,-0.1972,37.8429,0.0168,0.0500,-0.0119
1774945452.0913,0.0000,0.0000,0.0000,0.0000,0.0000,3.1009,-0.1994,-13.5609,-0.0535,-0.0043,0.1042
1774945452.1113,0.0000,0.0000,0.0000,0.0000,0.0000,3.1005,-0.2001,-17.4643,-0.0535,-0.0864,0.2107
1774945452.1313,0.0000,0.0000,0.0000,0.0000,0.0000,3.1018,-0.1995,-68.7954,-0.0599,-0.0459,0.1521
1774945452.1514,0.0000,0.0000,0.0000,0.0000,0.0000,3.1044,-0.1992,7.7748,-0.0269,-0.0693,0.0573
1774945452.1714,0.0000,0.0000,0.0000,0.0000,0.0000,3.1065,-0.2004,-0.7522,0.0146,-0.0672,0.0019
1774945452.1913,0.0000,0.0000,0.0000,0.0000,0.0000,3.1088,-0.1990,-6.1170,0.0466,-0.0320,-0.0418
1774945452.2113,0.0000,0.0000,0.0000,0.0000,0.0000,3.1091,-0.1997,2.5309,0.0029,0.0042,-0.0599
1774945452.2313,0.0000,0.0000,0.0000,0.0000,0.0000,3.1067,-0.1957,2.7261,-0.0461,-0.0523,-0.0269
1774945452.2514,0.0000,0.0000,0.0000,0.0000,0.0000,3.1049,-0.1915,-13.3138,-0.0386,0.0042,0.0126
1774945452.2715,0.0000,0.0000,0.0000,0.0000,0.0000,3.1045,-0.1880,18.9430,-0.0482,0.0233,0.0456
1774945452.2914,0.0000,0.0000,0.0000,0.0000,0.0000,3.1037,-0.1848,-7.9350,-0.0088,0.0138,0.0509
1774945452.3114,0.0000,0.0000,0.0000,0.0000,0.0000,3.1032,-0.1833,23.5715,-0.0514,0.0670,0.0264
1774945452.3312,0.0000,0.0000,0.0000,0.0000,0.0000,3.1046,-0.1857,-12.9399,-0.0035,0.0958,0.0413
1774945452.3512,0.0000,0.0000,0.0000,0.0000,0.0000,3.1025,-0.1911,0.8863,-0.0088,0.1714,0.0307
1774945452.3713,0.0000,0.0000,0.0000,0.0000,0.0000,3.1013,-0.1937,-87.9246,-0.0184,0.1363,0.0424
1774945452.3914,0.0000,0.0000,0.0000,0.0000,0.0000,3.0999,-0.1951,31.0901,0.0082,0.0819,0.0605
1774945452.4116,0.0000,0.0000,0.0000,0.0000,0.0000,3.1005,-0.1962,-17.8776,0.0274,0.0148,0.0594
1774945452.4361,0.0000,0.0000,0.0000,0.0000,0.0000,3.1016,-0.1996,38.1666,0.0519,0.0074,0.0839
1774945452.4513,0.0000,0.0000,0.0000,0.0000,0.0000,3.1029,-0.2019,-45.8232,0.0264,0.0660,0.0509
1774945452.4713,0.0000,0.0000,0.0000,0.0000,0.0000,3.1050,-0.2041,-0.6177,0.0295,0.0660,0.0264
1774945452.4915,0.0000,0.0000,0.0000,0.0000,0.0000,3.1068,-0.2056,-19.1480,0.0370,0.0052,0.0190
1774945452.5114,0.0000,0.0000,0.0000,0.0000,0.0000,3.1074,-0.2095,-29.4588,0.0583,-0.0012,0.0126
1774945452.5312,0.0000,0.0000,0.0000,0.0000,0.0000,3.1107,-0.2096,-47.4917,0.0785,-0.0342,0.0083
1774945452.5515,0.0000,0.0000,0.0000,0.0000,0.0000,3.1108,-0.2123,-1.2238,0.0764,-0.0054,0.0328
1774945452.5749,0.0000,0.0000,0.0000,0.0000,0.0000,3.1130,-0.2151,-23.9137,0.1031,-0.0523,0.0339
1774945452.5913,0.0000,0.0000,0.0000,0.0000,0.0000,3.1147,-0.2166,22.1968,0.0828,-0.1024,0.0211
1774945452.6112,0.0000,0.0000,0.0000,0.0000,0.0000,3.1155,-0.2170,51.4140,0.0146,-0.1492,0.0115
1774945452.6317,0.0000,0.0000,0.0000,0.0000,0.0000,3.1173,-0.2167,-38.8222,0.0455,-0.2281,0.0072
1774945452.6513,0.0000,0.0000,0.0000,0.0000,0.0000,3.1188,-0.2162,14.3799,0.0860,-0.2057,0.0371
1774945452.6718,0.0000,0.0000,0.0000,0.0000,0.0000,3.1206,-0.2159,-18.8640,0.0711,-0.1588,0.0275
1774945452.6914,0.0000,0.0000,0.0000,0.0000,0.0000,3.1222,-0.2160,-14.0749,0.0913,-0.1812,-0.0055
1774945452.7113,0.0000,0.0000,0.0000,0.0000,0.0000,3.1237,-0.2157,-12.6238,0.0338,-0.1865,-0.0364
1774945452.7313,0.0000,0.0000,0.0000,0.0000,0.0000,3.1250,-0.2151,19.5306,0.0402,-0.2067,-0.0471
1774945452.7513,0.0000,0.0000,0.0000,0.0000,0.0000,3.1265,-0.2142,-18.8316,0.0519,-0.2419,-0.0418
1774945452.7713,0.0000,0.0000,0.0000,0.0000,0.0000,3.1277,-0.2138,-20.4967,0.0668,-0.2004,-0.0375
1774945452.7913,0.0000,0.0000,0.0000,0.0000,0.0000,3.1275,-0.2138,-0.1724,0.0370,-0.1609,-0.0269
1774945452.8113,0.0000,0.0000,0.0000,0.0000,0.0000,3.1271,-0.2132,-14.9465,0.0125,-0.1801,-0.0215
1774945452.8313,0.0000,0.0000,0.0000,0.0000,0.0000,3.1287,-0.2133,-18.2683,0.0125,-0.1151,-0.0535
1774945452.8514,0.0000,0.0000,0.0000,0.0000,0.0000,3.1294,-0.2131,51.6621,-0.0141,-0.1130,-0.0439
1774945452.8712,0.0000,0.0000,0.0000,0.0000,0.0000,3.1280,-0.2134,0.4157,-0.0525,-0.1151,-0.0332
1774945452.8913,0.0000,0.0000,0.0000,0.0000,0.0000,3.1272,-0.2144,-3.4350,-0.0429,-0.0661,-0.0205
1774945452.9117,0.0000,0.0000,0.0000,0.0000,0.0000,3.1255,-0.2147,-2.3108,-0.0418,-0.0331,-0.0002
1774945452.9312,0.0000,0.0000,0.0000,0.0000,0.0000,3.1234,-0.2134,-13.1759,-0.0301,-0.0331,0.0030
1774945452.9513,0.0000,0.0000,0.0000,0.0000,0.0000,3.1222,-0.2137,-2.3982,-0.0322,-0.0182,0.0030
1774945452.9713,0.0000,0.0000,0.0000,0.0000,0.0000,3.1216,-0.2139,14.6570,-0.0365,-0.0139,-0.0087
1774945452.9915,0.0000,0.0000,0.0000,0.0000,0.0000,3.1217,-0.2137,-0.3755,-0.0333,-0.0246,-0.0226
1774945453.0114,0.0000,0.0000,0.0000,0.0000,0.0000,3.1198,-0.2140,-2.2723,-0.0301,-0.0075,-0.0300
1774945453.0313,0.0000,0.0000,0.0000,0.0000,0.0000,3.1179,-0.2136,10.4103,-0.0099,0.0084,-0.0269
1774945453.0517,0.0000,0.0000,0.0000,0.0000,0.0000,3.1155,-0.2118,5.9424,0.0114,0.0010,-0.0151
1774945453.0713,0.0000,0.0000,0.0000,0.0000,0.0000,3.1128,-0.2093,0.3363,0.0200,-0.0054,-0.0045
1774945453.0939,0.0000,0.0000,0.0000,0.0000,0.0000,3.1122,-0.2065,8.6834,0.0189,0.0010,0.0008
1774945453.1114,0.0000,0.0000,0.0000,0.0000,0.0000,3.1132,-0.2040,11.3200,0.0306,0.0074,-0.0024
1774945453.1331,0.0000,0.0000,0.0000,0.0000,0.0000,3.1153,-0.2028,-7.1854,0.0242,0.0244,-0.0109
1774945453.1513,0.0000,0.0000,0.0000,0.0000,0.0000,3.1165,-0.2015,16.8714,0.0274,0.0638,-0.0119
1774945453.1714,0.0000,0.0000,0.0000,0.0000,0.0000,3.1172,-0.2003,4.6568,0.0445,0.0745,-0.0119
1774945453.1914,0.0000,0.0000,0.0000,0.0000,0.0000,3.1164,-0.1993,0.9887,0.0540,0.0915,-0.0109
1774945453.2127,0.0000,0.0000,0.0000,0.0000,0.0000,3.1156,-0.1987,4.5983,0.0551,0.1107,-0.0034
1774945453.2312,0.0000,0.0000,0.0000,0.0000,0.0000,3.1148,-0.1981,3.6828,0.0519,0.1224,0.0019
1774945453.2514,0.0000,0.0000,0.0000,0.0000,0.0000,3.1161,-0.1978,4.8440,0.0466,0.1288,0.0051
1774945453.2712,0.0000,0.0000,0.0000,0.0000,0.0000,3.1189,-0.1975,9.9701,0.0455,0.1341,-0.0002
1774945453.2912,0.0000,0.0000,0.0000,0.0000,0.0000,3.1218,-0.1975,8.0235,0.0391,0.1416,-0.0024
1774945453.3112,0.0000,0.0000,0.0000,0.0000,0.0000,3.1234,-0.1976,7.1079,0.0391,0.1416,-0.0087
1774945453.3314,0.0000,0.0000,0.0000,0.0000,0.0000,3.1242,-0.1976,2.3451,0.0338,0.1469,-0.0109
1774945453.3512,0.0000,0.0000,0.0000,0.0000,0.0000,3.1266,-0.1970,-6.2190,0.0306,0.1352,-0.0151
1774945453.3713,0.0000,0.0000,0.0000,0.0000,0.0000,3.1271,-0.1965,-6.5582,0.0104,0.1320,-0.0141
1774945453.3912,0.0000,0.0000,0.0000,0.0000,0.0000,3.1287,-0.1962,-10.6399,-0.0013,0.1214,-0.0130
1774945453.4112,0.0000,0.0000,0.0000,0.0000,0.0000,3.1293,-0.1955,-7.8334,-0.0173,0.1224,-0.0151
1774945453.4313,0.0000,0.0000,0.0000,0.0000,0.0000,3.1306,-0.1951,-5.0180,-0.0280,0.1118,-0.0205
1774945453.4513,0.0000,0.0000,0.0000,0.0000,0.0000,3.1316,-0.1943,-4.1979,-0.0312,0.1043,-0.0183
1774945453.4712,0.0000,0.0000,0.0000,0.0000,0.0000,3.1320,-0.1945,3.6669,-0.0408,0.0990,-0.0237
1774945453.4913,0.0000,0.0000,0.0000,0.0000,0.0000,3.1324,-0.1962,20.0689,-0.0461,0.0883,-0.0247
1774945453.5112,0.0000,0.0000,0.0000,0.0000,0.0000,3.1304,-0.1963,9.4890,-0.0557,0.0724,-0.0258
1774945453.5314,0.0000,0.0000,0.0000,0.0000,0.0000,3.1287,-0.1952,-0.2504,-0.0578,0.0606,-0.0300
1774945453.5513,0.0000,0.0000,0.0000,0.0000,0.0000,3.1274,-0.1931,0.8255,-0.0653,0.0447,-0.0300
1774945453.5712,0.0000,0.0000,0.0000,0.0000,0.0000,3.1252,-0.1925,-5.7606,-0.0642,0.0329,-0.0311
1774945453.5913,0.0000,0.0000,0.0000,0.0000,0.0000,3.1235,-0.1929,-6.8246,-0.0557,0.0372,-0.0269
1774945453.6112,0.0000,0.0000,0.0000,0.0000,0.0000,3.1192,-0.1942,1.0705,-0.0472,0.0351,-0.0247
1774945453.6313,0.0000,0.0000,0.0000,0.0000,0.0000,3.1145,-0.1950,1.4046,-0.0386,0.0297,-0.0205
1774945453.6555,0.0000,0.0000,0.0000,0.0000,0.0000,3.1101,-0.1954,-0.3416,-0.0227,0.0127,-0.0215
1774945453.6714,0.0000,0.0000,0.0000,0.0000,0.0000,3.1059,-0.1960,-7.7560,-0.0088,0.0031,-0.0173
1774945453.6915,0.0000,0.0000,0.0000,0.0000,0.0000,3.1019,-0.1967,-3.5029,0.0008,-0.0001,-0.0130
1774945453.7113,0.0000,0.0000,0.0000,0.0000,0.0000,3.0982,-0.1979,-4.9615,0.0072,-0.0043,-0.0109
1774945453.7313,0.0000,0.0000,0.0000,0.0000,0.0000,3.0951,-0.1991,-5.8148,0.0136,-0.0043,-0.0098
1774945453.7514,0.0000,0.0000,0.0000,0.0000,0.0000,3.0970,-0.1985,-2.1546,0.0221,-0.0107,-0.0087
1774945453.7715,0.0000,0.0000,0.0000,0.0000,0.0000,3.0991,-0.1986,-6.7246,0.0327,-0.0214,-0.0045
1774945453.7914,0.0000,0.0000,0.0000,0.0000,0.0000,3.1013,-0.1977,-8.8676,0.0455,-0.0310,-0.0066
1774945453.8114,0.0000,0.0000,0.0000,0.0000,0.0000,3.1040,-0.1995,-1.7595,0.0413,-0.0267,-0.0034
1774945453.8312,0.0000,0.0000,0.0000,0.0000,0.0000,3.1043,-0.2001,2.5568,0.0434,-0.0150,0.0019
1774945453.8513,0.0000,0.0000,0.0000,0.0000,0.0000,3.1032,-0.2001,0.2577,0.0445,-0.0193,0.0019
1774945453.8714,0.0000,0.0000,0.0000,0.0000,0.0000,3.1054,-0.1989,-3.0535,0.0338,-0.0288,0.0008
1774945453.8914,0.0000,0.0000,0.0000,0.0000,0.0000,3.1075,-0.1992,-5.7278,0.0253,-0.0278,-0.0045
1774945453.9114,0.0000,0.0000,0.0000,0.0000,0.0000,3.1115,-0.1993,-5.4590,0.0264,-0.0161,-0.0077
1774945453.9313,0.0000,0.0000,0.0000,0.0000,0.0000,3.1153,-0.1982,-4.1365,0.0232,-0.0075,-0.0109
1774945453.9514,0.0000,0.0000,0.0000,0.0000,0.0000,3.1173,-0.1983,-0.8236,0.0136,-0.0043,-0.0130
1774945453.9714,0.0000,0.0000,0.0000,0.0000,0.0000,3.1186,-0.1968,1.6123,0.0114,-0.0012,-0.0098
1774945453.9914,0.0000,0.0000,0.0000,0.0000,0.0000,3.1196,-0.1950,2.9036,0.0072,-0.0033,-0.0119
1774945454.0113,0.0000,0.0000,0.0000,0.0000,0.0000,3.1208,-0.1941,-0.6162,-0.0035,-0.0075,-0.0141
1774945454.0365,0.0000,0.0000,0.0000,0.0000,0.0000,3.1200,-0.1953,-0.2929,-0.0099,-0.0012,-0.0130
1774945454.0513,0.0000,0.0000,0.0000,0.0000,0.0000,3.1180,-0.1960,4.2626,-0.0184,0.0020,-0.0151
1774945454.0713,0.0000,0.0000,0.0000,0.0000,0.0000,3.1186,-0.1970,6.7664,-0.0109,0.0052,-0.0162
1774945454.0913,0.0000,0.0000,0.0000,0.0000,0.0000,3.1167,-0.1970,1.5200,-0.0067,0.0031,-0.0151
1774945454.1114,0.0000,0.0000,0.0000,0.0000,0.0000,3.1161,-0.1956,1.9001,0.0050,-0.0022,-0.0151
1774945454.1313,0.0000,0.0000,0.0000,0.0000,0.0000,3.1153,-0.1957,-0.6869,0.0093,-0.0075,-0.0119
1774945454.1513,0.0000,0.0000,0.0000,0.0000,0.0000,3.1140,-0.1964,-0.0840,0.0061,-0.0022,-0.0119
1774945454.1715,0.0000,0.0000,0.0000,0.0000,0.0000,3.1138,-0.1973,2.2631,0.0008,-0.0001,-0.0098
1774945454.1913,0.0000,0.0000,0.0000,0.0000,0.0000,3.1154,-0.1986,0.7910,0.0008,-0.0022,-0.0087
1774945454.2114,0.0000,0.0000,0.0000,0.0000,0.0000,3.1169,-0.1992,0.8672,0.0050,-0.0022,-0.0087
1774945454.2324,0.0000,0.0000,0.0000,0.0000,0.0000,3.1167,-0.1995,-1.1925,0.0093,-0.0043,-0.0109
1774945454.2542,0.0000,0.0000,0.0000,0.0000,0.0000,3.1190,-0.1990,-0.2992,0.0072,-0.0033,-0.0151
1774945454.2797,0.0000,0.0000,0.0000,0.0000,0.0000,3.1192,-0.1979,-1.7762,0.0104,-0.0043,-0.0130
1774945454.2914,0.0000,0.0000,0.0000,0.0000,0.0000,3.1178,-0.1971,-0.3666,0.0019,-0.0033,-0.0130
1774945454.3113,0.0000,0.0000,0.0000,0.0000,0.0000,3.1173,-0.1966,-1.5170,-0.0035,-0.0054,-0.0130
1774945454.3313,0.0000,0.0000,0.0000,0.0000,0.0000,3.1157,-0.1962,-4.8364,0.0008,-0.0033,-0.0109
1774945454.3513,0.0000,0.0000,0.0000,0.0000,0.0000,3.1168,-0.1965,-1.1529,0.0008,-0.0033,-0.0109
1774945454.3717,0.0000,0.0000,0.0000,0.0000,0.0000,3.1145,-0.1971,-1.8924,0.0029,-0.0033,-0.0141
1774945454.3914,0.0000,0.0000,0.0000,0.0000,0.0000,3.1130,-0.1980,0.6674,0.0072,-0.0043,-0.0130
1774945454.4113,0.0000,0.0000,0.0000,0.0000,0.0000,3.1123,-0.1986,1.8231,0.0093,-0.0033,-0.0119
1774945454.4314,0.0000,0.0000,0.0000,0.0000,0.0000,3.1124,-0.1987,-2.2581,0.0093,-0.0043,-0.0109
1774945454.4512,0.0000,0.0000,0.0000,0.0000,0.0000,3.1140,-0.1989,1.9948,0.0061,-0.0043,-0.0098
1774945454.4714,0.0000,0.0000,0.0000,0.0000,0.0000,3.1154,-0.1988,0.4338,0.0061,-0.0054,-0.0109
1774945454.4913,0.0000,0.0000,0.0000,0.0000,0.0000,3.1169,-0.1984,0.6021,-0.0003,-0.0033,-0.0109
1774945454.5113,0.0000,0.0000,0.0000,0.0000,0.0000,3.1184,-0.1981,0.1275,0.0050,-0.0033,-0.0141
1774945454.5314,0.0000,0.0000,0.0000,0.0000,0.0000,3.1176,-0.1977,-0.9624,0.0029,-0.0033,-0.0119
1774945454.5513,0.0000,0.0000,0.0000,0.0000,0.0000,3.1166,-0.1972,0.2125,0.0050,-0.0043,-0.0119
1774945454.5714,0.0000,0.0000,0.0000,0.0000,0.0000,3.1147,-0.1967,-1.0768,0.0040,-0.0043,-0.0098
1774945454.5914,0.0000,0.0000,0.0000,0.0000,0.0000,3.1131,-0.1968,1.7314,0.0040,-0.0033,-0.0098
1774945454.6112,0.0000,0.0000,0.0000,0.0000,0.0000,3.1134,-0.1983,-0.8859,0.0040,-0.0022,-0.0087
1774945454.6313,0.0000,0.0000,0.0000,0.0000,0.0000,3.1131,-0.1996,0.7119,0.0061,0.0031,-0.0109
1774945454.6513,0.0000,0.0000,0.0000,0.0000,0.0000,3.1118,-0.1992,1.1449,0.0093,0.0042,-0.0098
1774945454.6714,0.0000,0.0000,0.0000,0.0000,0.0000,3.1109,-0.1986,-3.0344,0.0082,0.0042,-0.0109
1774945454.6913,0.0000,0.0000,0.0000,0.0000,0.0000,3.1110,-0.1983,0.6085,0.0125,0.0042,-0.0098
1774945454.7122,0.0000,0.0000,0.0000,0.0000,0.0000,3.1116,-0.1994,-0.2640,0.0189,0.0084,-0.0066
1774945454.7313,0.0000,0.0000,0.0000,0.0000,0.0000,3.1116,-0.2002,2.6039,0.0189,0.0074,-0.0066
1774945454.7513,0.0000,0.0000,0.0000,0.0000,0.0000,3.1125,-0.2007,1.8222,0.0189,0.0052,-0.0045
1774945454.7713,0.0000,0.0000,0.0000,0.0000,0.0000,3.1138,-0.2001,-0.0435,0.0136,-0.0033,-0.0066
1774945454.7913,0.0000,0.0000,0.0000,0.0000,0.0000,3.1173,-0.2000,-1.1693,0.0082,-0.0097,-0.0098
1774945454.8114,0.0000,0.0000,0.0000,0.0000,0.0000,3.1208,-0.2006,-2.4123,0.0061,-0.0065,-0.0162
1774945454.8317,0.0000,0.0000,0.0000,0.0000,0.0000,3.1237,-0.2007,1.2000,0.0019,-0.0012,-0.0162
1774945454.8514,0.0000,0.0000,0.0000,0.0000,0.0000,3.1236,-0.1999,-1.2325,0.0019,-0.0043,-0.0151
1774945454.8714,0.0000,0.0000,0.0000,0.0000,0.0000,3.1210,-0.1992,-0.9615,-0.0035,-0.0054,-0.0141
1774945454.8915,0.0000,0.0000,0.0000,0.0000,0.0000,3.1184,-0.1985,2.4933,0.0029,-0.0065,-0.0098
1774945454.9115,0.0000,0.0000,0.0000,0.0000,0.0000,3.1161,-0.1984,-1.0513,-0.0024,-0.0022,-0.0087
1774945454.9314,0.0000,0.0000,0.0000,0.0000,0.0000,3.1145,-0.1980,0.1184,0.0008,-0.0022,-0.0119
1774945454.9513,0.0000,0.0000,0.0000,0.0000,0.0000,3.1127,-0.1975,-0.1275,0.0061,-0.0033,-0.0119
1774945454.9712,0.0000,0.0000,0.0000,0.0000,0.0000,3.1119,-0.1987,-0.1271,0.0050,-0.0043,-0.0141
1774945454.9916,0.0000,0.0000,0.0000,0.0000,0.0000,3.1134,-0.1993,0.1297,0.0061,-0.0022,-0.0130
1774945455.0114,0.0000,0.0000,0.0000,0.0000,0.0000,3.1145,-0.1997,-2.4593,0.0061,-0.0054,-0.0098
1774945455.0313,0.0000,0.0000,0.0000,0.0000,0.0000,3.1167,-0.2002,-1.3962,0.0061,-0.0054,-0.0098
1774945455.0513,0.0000,0.0000,0.0000,0.0000,0.0000,3.1187,-0.2002,-0.3744,0.0050,-0.0043,-0.0098
1774945455.0713,0.0000,0.0000,0.0000,0.0000,0.0000,3.1200,-0.1997,1.1840,0.0008,-0.0033,-0.0109
1774945455.0914,0.0000,0.0000,0.0000,0.0000,0.0000,3.1208,-0.1990,-1.1462,0.0040,-0.0033,-0.0130
1774945455.1113,0.0000,0.0000,0.0000,0.0000,0.0000,3.1187,-0.1986,-0.2902,-0.0003,-0.0033,-0.0130
1774945455.1312,0.0000,0.0000,0.0000,0.0000,0.0000,3.1169,-0.1985,1.9926,0.0019,-0.0033,-0.0130
1774945455.1514,0.0000,0.0000,0.0000,0.0000,0.0000,3.1144,-0.1984,-0.3465,0.0029,-0.0043,-0.0130
1774945455.1717,0.0000,0.0000,0.0000,0.0000,0.0000,3.1125,-0.1986,0.4358,0.0050,-0.0033,-0.0109
1774945455.1920,0.0000,0.0000,0.0000,0.0000,0.0000,3.1129,-0.1996,-1.2484,0.0104,-0.0043,-0.0109
1774945455.2113,0.0000,0.0000,0.0000,0.0000,0.0000,3.1125,-0.2005,-0.4968,0.0114,-0.0012,-0.0077
1774945455.2339,0.0000,0.0000,0.0000,0.0000,0.0000,3.1133,-0.2011,3.3439,0.0146,0.0052,-0.0087
1774945455.2514,0.0000,0.0000,0.0000,0.0000,0.0000,3.1146,-0.2011,3.9965,0.0072,-0.0001,-0.0087
1774945455.2713,0.0000,0.0000,0.0000,0.0000,0.0000,3.1153,-0.2005,1.2347,0.0050,-0.0065,-0.0087
1774945455.2914,0.0000,0.0000,0.0000,0.0000,0.0000,3.1173,-0.2001,-1.4197,0.0072,-0.0033,-0.0098
1774945455.3114,0.0000,0.0000,0.0000,0.0000,0.0000,3.1192,-0.1994,0.2545,0.0061,-0.0022,-0.0098
1774945455.3313,0.0000,0.0000,0.0000,0.0000,0.0000,3.1202,-0.1987,-1.9917,0.0061,-0.0043,-0.0162
1774945455.3513,0.0000,0.0000,0.0000,0.0000,0.0000,3.1199,-0.1986,-1.2280,-0.0003,-0.0022,-0.0141
1774945455.3713,0.0000,0.0000,0.0000,0.0000,0.0000,3.1189,-0.1986,1.0439,0.0019,-0.0022,-0.0098
1774945455.3913,0.0000,0.0000,0.0000,0.0000,0.0000,3.1167,-0.1988,-1.7860,0.0008,-0.0043,-0.0098
1774945455.4113,0.0000,0.0000,0.0000,0.0000,0.0000,3.1161,-0.1989,0.0876,0.0029,-0.0033,-0.0098
1774945455.4313,0.0000,0.0000,0.0000,0.0000,0.0000,3.1154,-0.1988,0.5415,0.0072,-0.0033,-0.0119
1774945455.4513,0.0000,0.0000,0.0000,0.0000,0.0000,3.1141,-0.1996,0.6781,0.0061,-0.0043,-0.0119
1774945455.4712,0.0000,0.0000,0.0000,0.0000,0.0000,3.1143,-0.2001,0.2076,0.0093,-0.0033,-0.0119
1774945455.4913,0.0000,0.0000,0.0000,0.0000,0.0000,3.1146,-0.2002,0.6655,0.0019,-0.0033,-0.0109
1774945455.5113,0.0000,0.0000,0.0000,0.0000,0.0000,3.1163,-0.2002,0.3769,0.0050,-0.0043,-0.0109
1774945455.5313,0.0000,0.0000,0.0000,0.0000,0.0000,3.1179,-0.1998,0.0000,0.0050,-0.0043,-0.0130
1774945455.5513,0.0000,0.0000,0.0000,0.0000,0.0000,3.1199,-0.2001,0.0904,0.0072,-0.0033,-0.0119
1774945455.5712,0.0000,0.0000,0.0000,0.0000,0.0000,3.1203,-0.2006,-0.0858,0.0114,-0.0001,-0.0109
1774945455.5913,0.0000,0.0000,0.0000,0.0000,0.0000,3.1181,-0.1998,1.6326,0.0093,-0.0012,-0.0098
1774945455.6112,0.0000,0.0000,0.0000,0.0000,0.0000,3.1162,-0.1986,1.3306,0.0061,-0.0065,-0.0109
1774945455.6313,0.0000,0.0000,0.0000,0.0000,0.0000,3.1158,-0.1992,-2.0088,0.0040,-0.0086,-0.0119
1774945455.6512,0.0000,0.0000,0.0000,0.0000,0.0000,3.1168,-0.2001,-0.8687,0.0040,-0.0012,-0.0109
1774945455.6712,0.0000,0.0000,0.0000,0.0000,0.0000,3.1174,-0.1997,0.0849,0.0040,-0.0022,-0.0109
1774945455.6912,0.0000,0.0000,0.0000,0.0000,0.0000,3.1179,-0.1996,0.0000,0.0040,-0.0065,-0.0119
1774945455.7112,0.0000,0.0000,0.0000,0.0000,0.0000,3.1195,-0.2002,-0.2476,0.0050,-0.0043,-0.0098
1774945455.7313,0.0000,0.0000,0.0000,0.0000,0.0000,3.1187,-0.2005,-0.3788,0.0040,-0.0012,-0.0109
1774945455.7512,0.0000,0.0000,0.0000,0.0000,0.0000,3.1189,-0.1998,0.0000,0.0029,-0.0043,-0.0119
1774945455.7719,0.0000,0.0000,0.0000,0.0000,0.0000,3.1187,-0.1996,-0.3818,0.0040,-0.0043,-0.0119
1774945455.7913,0.0000,0.0000,0.0000,0.0000,0.0000,3.1179,-0.1996,0.6217,0.0019,-0.0043,-0.0109
1774945455.8112,0.0000,0.0000,0.0000,0.0000,0.0000,3.1172,-0.1997,-0.5522,0.0029,-0.0043,-0.0119
1774945455.8313,0.0000,0.0000,0.0000,0.0000,0.0000,3.1160,-0.1999,0.1652,0.0008,-0.0033,-0.0098
1774945455.8512,0.0000,0.0000,0.0000,0.0000,0.0000,3.1164,-0.2001,1.8531,0.0050,-0.0043,-0.0119
1774945455.8713,0.0000,0.0000,0.0000,0.0000,0.0000,3.1155,-0.2002,-0.4677,0.0050,-0.0043,-0.0119
1774945455.8914,0.0000,0.0000,0.0000,0.0000,0.0000,3.1164,-0.1998,0.1805,0.0040,-0.0054,-0.0119
1774945455.9112,0.0000,0.0000,0.0000,0.0000,0.0000,3.1176,-0.1999,-0.4295,0.0040,-0.0033,-0.0109
1774945455.9315,0.0000,0.0000,0.0000,0.0000,0.0000,3.1179,-0.2001,-0.1266,0.0019,-0.0033,-0.0119
1774945455.9513,0.0000,0.0000,0.0000,0.0000,0.0000,3.1187,-0.2001,-0.8697,0.0040,-0.0022,-0.0130
1774945455.9715,0.0000,0.0000,0.0000,0.0000,0.0000,3.1180,-0.2001,-1.6105,0.0040,-0.0033,-0.0109
1774945455.9914,0.0000,0.0000,0.0000,0.0000,0.0000,3.1182,-0.2000,0.8628,0.0050,-0.0054,-0.0119
1774945456.0113,0.0000,0.0000,0.0000,0.0000,0.0000,3.1170,-0.1999,0.3128,0.0040,-0.0043,-0.0130
1774945456.0313,0.0000,0.0000,0.0000,0.0000,0.0000,3.1165,-0.1998,0.4582,0.0050,-0.0033,-0.0119
1774945456.0513,0.0000,0.0000,0.0000,0.0000,0.0000,3.1166,-0.1998,-0.7369,0.0040,-0.0033,-0.0119
1774945456.0716,0.0000,0.0000,0.0000,0.0000,0.0000,3.1161,-0.2006,-0.2096,0.0029,-0.0012,-0.0098
1774945456.0913,0.0000,0.0000,0.0000,0.0000,0.0000,3.1168,-0.2000,1.2802,0.0082,-0.0043,-0.0109
1774945456.1114,0.0000,0.0000,0.0000,0.0000,0.0000,3.1163,-0.1999,-1.3902,0.0050,-0.0043,-0.0109
1774945456.1314,0.0000,0.0000,0.0000,0.0000,0.0000,3.1169,-0.2003,1.0147,0.0104,-0.0001,-0.0109
1774945456.1512,0.0000,0.0000,0.0000,0.0000,0.0000,3.1168,-0.1999,0.3649,0.0093,0.0031,-0.0109
1774945456.1715,0.0000,0.0000,0.0000,0.0000,0.0000,3.1161,-0.1994,-1.1123,0.0061,-0.0012,-0.0087
1774945456.1913,0.0000,0.0000,0.0000,0.0000,0.0000,3.1169,-0.2003,-3.3020,0.0104,0.0020,-0.0098
1774945456.2113,0.0000,0.0000,0.0000,0.0000,0.0000,3.1172,-0.2002,-4.2526,0.0242,0.0031,-0.0087
1774945456.2313,0.0000,0.0000,0.0000,0.0000,0.0000,3.1145,-0.2007,-4.5673,0.0232,0.0095,-0.0055
1774945456.2513,0.0000,0.0000,0.0000,0.0000,0.0000,3.1115,-0.2006,2.2469,0.0157,0.0106,-0.0055
1774945456.2713,0.0000,0.0000,0.0000,0.0000,0.0000,3.1142,-0.2016,-1.6863,0.0221,0.0106,-0.0055
1774945456.2914,0.0000,0.0000,0.0000,0.0000,0.0000,3.1170,-0.2020,-0.1698,0.0349,0.0138,-0.0034
1774945456.3111,0.0000,0.0000,0.0000,0.0000,0.0000,3.1168,-0.2019,0.1349,0.0295,0.0127,-0.0066
1774945456.3322,0.0000,0.0000,0.0000,0.0000,0.0000,3.1198,-0.2024,2.9303,0.0221,0.0106,-0.0077
1774945456.3514,0.0000,0.0000,0.0000,0.0000,0.0000,3.1227,-0.2028,3.7819,0.0232,0.0020,-0.0077
1774945456.3713,0.0000,0.0000,0.0000,0.0000,0.0000,3.1245,-0.2033,2.3433,0.0210,-0.0033,-0.0087
1774945456.3914,0.0000,0.0000,0.0000,0.0000,0.0000,3.1249,-0.2037,0.5046,0.0082,-0.0022,-0.0119
1774945456.4112,0.0000,0.0000,0.0000,0.0000,0.0000,3.1280,-0.2030,0.6841,0.0008,-0.0054,-0.0109
1774945456.4314,0.0000,0.0000,0.0000,0.0000,0.0000,3.1313,-0.2031,0.0841,0.0050,-0.0086,-0.0141
1774945456.4515,0.0000,0.0000,0.0000,0.0000,0.0000,3.1299,-0.2036,-2.5496,-0.0003,-0.0043,-0.0119
1774945456.4713,0.0000,0.0000,0.0000,0.0000,0.0000,3.1272,-0.2027,1.8880,-0.0035,-0.0022,-0.0109
1774945456.4913,0.0000,0.0000,0.0000,0.0000,0.0000,3.1246,-0.2015,-1.3153,0.0029,-0.0065,-0.0130
1774945456.5112,0.0000,0.0000,0.0000,0.0000,0.0000,3.1221,-0.2010,-1.0712,0.0072,-0.0054,-0.0119
1774945456.5314,0.0000,0.0000,0.0000,0.0000,0.0000,3.1192,-0.2007,1.0707,0.0008,-0.0022,-0.0098
1774945456.5513,0.0000,0.0000,0.0000,0.0000,0.0000,3.1177,-0.2007,1.1703,0.0029,-0.0043,-0.0119
1774945456.5714,0.0000,0.0000,0.0000,0.0000,0.0000,3.1190,-0.2009,1.7513,0.0072,-0.0043,-0.0109
1774945456.5913,0.0000,0.0000,0.0000,0.0000,0.0000,3.1194,-0.2015,0.7217,0.0050,-0.0033,-0.0130
1774945456.6114,0.0000,0.0000,0.0000,0.0000,0.0000,3.1220,-0.2024,0.0825,0.0104,-0.0043,-0.0109
1774945456.6313,0.0000,0.0000,0.0000,0.0000,0.0000,3.1235,-0.2020,0.0889,0.0093,-0.0022,-0.0098
1774945456.6512,0.0000,0.0000,0.0000,0.0000,0.0000,3.1243,-0.2026,2.5150,0.0040,-0.0012,-0.0130
1774945456.6753,0.0000,0.0000,0.0000,0.0000,0.0000,3.1255,-0.2025,0.3335,0.0019,-0.0033,-0.0130
1774945456.6913,0.0000,0.0000,0.0000,0.0000,0.0000,3.1243,-0.2028,-3.3291,0.0008,-0.0043,-0.0119
1774945456.7112,0.0000,0.0000,0.0000,0.0000,0.0000,3.1246,-0.2025,0.0440,0.0040,-0.0043,-0.0119
1774945456.7313,0.0000,0.0000,0.0000,0.0000,0.0000,3.1222,-0.2020,0.0430,0.0008,-0.0054,-0.0119
1774945456.7513,0.0000,0.0000,0.0000,0.0000,0.0000,3.1203,-0.2018,0.0000,0.0029,-0.0043,-0.0119
1774945456.7714,0.0000,0.0000,0.0000,0.0000,0.0000,3.1197,-0.2017,-0.4308,0.0061,-0.0022,-0.0109
1774945456.7914,0.0000,0.0000,0.0000,0.0000,0.0000,3.1181,-0.2020,-0.9598,0.0050,-0.0022,-0.0098
1774945456.8112,0.0000,0.0000,0.0000,0.0000,0.0000,3.1193,-0.2024,2.0029,0.0104,-0.0012,-0.0109
1774945456.8312,0.0000,0.0000,0.0000,0.0000,0.0000,3.1205,-0.2027,1.7851,0.0072,0.0010,-0.0109
1774945456.8514,0.0000,0.0000,0.0000,0.0000,0.0000,3.1209,-0.2024,0.2911,0.0072,-0.0033,-0.0119
1774945456.8712,0.0000,0.0000,0.0000,0.0000,0.0000,3.1206,-0.2024,-2.1708,0.0093,-0.0012,-0.0077
1774945456.8921,0.0000,0.0000,0.0000,0.0000,0.0000,3.1216,-0.2028,-1.9278,0.0072,0.0031,-0.0109
1774945456.9115,0.0000,0.0000,0.0000,0.0000,0.0000,3.1223,-0.2023,-0.5663,0.0061,-0.0043,-0.0109
1774945456.9315,0.0000,0.0000,0.0000,0.0000,0.0000,3.1214,-0.2015,-1.8326,0.0040,-0.0043,-0.0098
1774945456.9515,0.0000,0.0000,0.0000,0.0000,0.0000,3.1230,-0.2021,2.3910,0.0008,-0.0022,-0.0130
1774945456.9712,0.0000,0.0000,0.0000,0.0000,0.0000,3.1236,-0.2020,0.1681,0.0040,-0.0043,-0.0109
1774945456.9913,0.0000,0.0000,0.0000,0.0000,0.0000,3.1228,-0.2016,0.8279,-0.0013,-0.0033,-0.0130
1774945457.0114,0.0000,0.0000,0.0000,0.0000,0.0000,3.1229,-0.2019,-0.3546,0.0029,-0.0043,-0.0141
1774945457.0314,0.0000,0.0000,0.0000,0.0000,0.0000,3.1217,-0.2022,-1.8807,0.0029,-0.0043,-0.0109
1774945457.0514,0.0000,0.0000,0.0000,0.0000,0.0000,3.1211,-0.2024,1.2750,0.0040,-0.0022,-0.0109
1774945457.0712,0.0000,0.0000,0.0000,0.0000,0.0000,3.1201,-0.2026,-0.3809,0.0061,-0.0033,-0.0119
1774945457.0914,0.0000,0.0000,0.0000,0.0000,0.0000,3.1199,-0.2027,1.3099,0.0061,-0.0043,-0.0130
1774945457.1114,0.0000,0.0000,0.0000,0.0000,0.0000,3.1210,-0.2029,-0.0836,0.0072,-0.0033,-0.0119
1774945457.1315,0.0000,0.0000,0.0000,0.0000,0.0000,3.1214,-0.2028,-0.2631,0.0019,-0.0043,-0.0119
1774945457.1513,0.0000,0.0000,0.0000,0.0000,0.0000,3.1232,-0.2030,0.2053,0.0040,-0.0043,-0.0119
1774945457.1713,0.0000,0.0000,0.0000,0.0000,0.0000,3.1236,-0.2032,-1.4650,0.0050,-0.0033,-0.0109
1774945457.1913,0.0000,0.0000,0.0000,0.0000,0.0000,3.1231,-0.2034,1.4724,0.0050,-0.0043,-0.0119
1774945457.2113,0.0000,0.0000,0.0000,0.0000,0.0000,3.1225,-0.2032,-0.7035,0.0050,-0.0033,-0.0119
1774945457.2314,0.0000,0.0000,0.0000,0.0000,0.0000,3.1215,-0.2029,0.6251,0.0029,-0.0033,-0.0109
1774945457.2513,0.0000,0.0000,0.0000,0.0000,0.0000,3.1211,-0.2028,-0.7472,0.0050,-0.0033,-0.0130
1774945457.2714,0.0000,0.0000,0.0000,0.0000,0.0000,3.1208,-0.2025,-0.8288,0.0019,-0.0033,-0.0119
1774945457.2913,0.0000,0.0000,0.0000,0.0000,0.0000,3.1217,-0.2025,0.7923,0.0029,-0.0043,-0.0119
1774945457.3114,0.0000,0.0000,0.0000,0.0000,0.0000,3.1221,-0.2025,1.0857,0.0050,-0.0033,-0.0119
1774945457.3313,0.0000,0.0000,0.0000,0.0000,0.0000,3.1224,-0.2029,0.5629,0.0029,-0.0022,-0.0098
1774945457.3512,0.0000,0.0000,0.0000,0.0000,0.0000,3.1228,-0.2029,-0.3831,0.0061,-0.0043,-0.0098
1774945457.3714,0.0000,0.0000,0.0000,0.0000,0.0000,3.1223,-0.2031,-1.0076,0.0040,-0.0043,-0.0109
1774945457.3913,0.0000,0.0000,0.0000,0.0000,0.0000,3.1233,-0.2031,0.9364,0.0040,-0.0033,-0.0130
1774945457.4113,0.0000,0.0000,0.0000,0.0000,0.0000,3.1232,-0.2028,-0.0414,0.0040,-0.0054,-0.0141
1774945457.4313,0.0000,0.0000,0.0000,0.0000,0.0000,3.1236,-0.2027,0.4254,0.0019,-0.0043,-0.0109
1774945457.4513,0.0000,0.0000,0.0000,0.0000,0.0000,3.1234,-0.2025,-0.4742,0.0050,-0.0033,-0.0119
1774945457.4714,0.0000,0.0000,0.0000,0.0000,0.0000,3.1223,-0.2027,0.0840,0.0040,-0.0033,-0.0119
1774945457.4913,0.0000,0.0000,0.0000,0.0000,0.0000,3.1226,-0.2026,0.2131,0.0082,-0.0022,-0.0119
1774945457.5113,0.0000,0.0000,0.0000,0.0000,0.0000,3.1217,-0.2027,-1.8007,0.0050,-0.0054,-0.0119
1774945457.5312,0.0000,0.0000,0.0000,0.0000,0.0000,3.1220,-0.2028,0.5508,0.0040,-0.0022,-0.0109
1774945457.5512,0.0000,0.0000,0.0000,0.0000,0.0000,3.1219,-0.2027,0.8754,0.0040,-0.0033,-0.0119
1774945457.5713,0.0000,0.0000,0.0000,0.0000,0.0000,3.1225,-0.2028,0.5924,0.0029,-0.0033,-0.0119
1774945457.5912,0.0000,0.0000,0.0000,0.0000,0.0000,3.1234,-0.2030,-0.5025,0.0082,-0.0043,-0.0130
1774945457.6114,0.0000,0.0000,0.0000,0.0000,0.0000,3.1221,-0.2033,-0.1853,0.0040,-0.0012,-0.0098
1774945457.6314,0.0000,0.0000,0.0000,0.0000,0.0000,3.1227,-0.2035,2.2704,0.0061,-0.0022,-0.0109
1774945457.6514,0.0000,0.0000,0.0000,0.0000,0.0000,3.1214,-0.2031,-0.1313,0.0050,-0.0043,-0.0098
1774945457.6713,0.0000,0.0000,0.0000,0.0000,0.0000,3.1218,-0.2030,0.4228,0.0040,-0.0054,-0.0109
1774945457.6912,0.0000,0.0000,0.0000,0.0000,0.0000,3.1232,-0.2036,0.1274,0.0072,-0.0012,-0.0119
1774945457.7122,0.0000,0.0000,0.0000,0.0000,0.0000,3.1223,-0.2035,0.3155,0.0050,-0.0012,-0.0087
1774945457.7314,0.0000,0.0000,0.0000,0.0000,0.0000,3.1224,-0.2028,0.4193,0.0082,-0.0022,-0.0109
1774945457.7513,0.0000,0.0000,0.0000,0.0000,0.0000,3.1220,-0.2031,-1.0411,0.0050,-0.0043,-0.0109
1774945457.7713,0.0000,0.0000,0.0000,0.0000,0.0000,3.1229,-0.2034,0.8447,0.0061,-0.0012,-0.0077
1774945457.7914,0.0000,0.0000,0.0000,0.0000,0.0000,3.1230,-0.2036,1.0316,0.0082,0.0010,-0.0087
1774945457.8113,0.0000,0.0000,0.0000,0.0000,0.0000,3.1217,-0.2027,1.7506,0.0072,-0.0033,-0.0087
1774945457.8315,0.0000,0.0000,0.0000,0.0000,0.0000,3.1232,-0.2028,0.0000,0.0082,-0.0043,-0.0109
1774945457.8514,0.0000,0.0000,0.0000,0.0000,0.0000,3.1243,-0.2034,-1.1531,0.0040,-0.0022,-0.0109
1774945457.8713,0.0000,0.0000,0.0000,0.0000,0.0000,3.1257,-0.2033,0.9543,0.0050,-0.0033,-0.0109
1774945457.8914,0.0000,0.0000,0.0000,0.0000,0.0000,3.1254,-0.2025,-1.6505,0.0050,-0.0043,-0.0119
1774945457.9114,0.0000,0.0000,0.0000,0.0000,0.0000,3.1251,-0.2024,-0.3788,0.0050,-0.0043,-0.0109
1774945457.9313,0.0000,0.0000,0.0000,0.0000,0.0000,3.1250,-0.2025,-0.8236,0.0082,-0.0033,-0.0119
1774945457.9513,0.0000,0.0000,0.0000,0.0000,0.0000,3.1240,-0.2028,0.3458,0.0050,-0.0012,-0.0098
1774945457.9713,0.0000,0.0000,0.0000,0.0000,0.0000,3.1233,-0.2032,0.4997,0.0104,-0.0012,-0.0098
1774945457.9915,0.0000,0.0000,0.0000,0.0000,0.0000,3.1220,-0.2033,0.6745,0.0061,-0.0001,-0.0098
1774945458.0112,0.0000,0.0000,0.0000,0.0000,0.0000,3.1220,-0.2033,2.2219,0.0061,-0.0043,-0.0109
1774945458.0314,0.0000,0.0000,0.0000,0.0000,0.0000,3.1222,-0.2042,-1.3897,0.0082,-0.0022,-0.0130
1774945458.0512,0.0000,0.0000,0.0000,0.0000,0.0000,3.1231,-0.2057,0.0828,0.0104,0.0052,-0.0109
1774945458.0713,0.0000,0.0000,0.0000,0.0000,0.0000,3.1224,-0.2059,-1.4323,0.0136,0.0063,-0.0098
1774945458.0912,0.0000,0.0000,0.0000,0.0000,0.0000,3.1209,-0.2052,-2.0285,0.0072,-0.0001,-0.0119
1774945458.1114,0.0000,0.0000,0.0000,0.0000,0.0000,3.1222,-0.2050,1.6139,0.0104,-0.0033,-0.0130
1774945458.1313,0.0000,0.0000,0.0000,0.0000,0.0000,3.1232,-0.2055,0.0439,0.0114,-0.0001,-0.0109
1774945458.1514,0.0000,0.0000,0.0000,0.0000,0.0000,3.1242,-0.2046,1.0954,0.0082,0.0010,-0.0087
1774945458.1713,0.0000,0.0000,0.0000,0.0000,0.0000,3.1251,-0.2036,-0.2538,0.0050,-0.0054,-0.0098
1774945458.1915,0.0000,0.0000,0.0000,0.0000,0.0000,3.1276,-0.2033,-0.5602,0.0029,-0.0075,-0.0087
1774945458.2113,0.0000,0.0000,0.0000,0.0000,0.0000,3.1299,-0.2039,-0.5177,0.0093,-0.0033,-0.0109
1774945458.2312,0.0000,0.0000,0.0000,0.0000,0.0000,3.1279,-0.2037,-1.2263,0.0040,-0.0022,-0.0130
1774945458.2513,0.0000,0.0000,0.0000,0.0000,0.0000,3.1274,-0.2028,1.4886,0.0029,-0.0033,-0.0119
1774945458.2714,0.0000,0.0000,0.0000,0.0000,0.0000,3.1261,-0.2022,1.0052,0.0029,-0.0043,-0.0119
1774945458.2913,0.0000,0.0000,0.0000,0.0000,0.0000,3.1242,-0.2026,-0.2134,0.0029,-0.0043,-0.0109
1774945458.3113,0.0000,0.0000,0.0000,0.0000,0.0000,3.1239,-0.2031,-0.4487,0.0082,0.0020,-0.0098
1774945458.3313,0.0000,0.0000,0.0000,0.0000,0.0000,3.1231,-0.2044,1.2647,0.0104,0.0052,-0.0087
1774945458.3512,0.0000,0.0000,0.0000,0.0000,0.0000,3.1224,-0.2045,1.3556,0.0200,0.0020,-0.0077
1774945458.3713,0.0000,0.0000,0.0000,0.0000,0.0000,3.1203,-0.2048,0.0448,0.0178,0.0031,-0.0077
1774945458.3913,0.0000,0.0000,0.0000,0.0000,0.0000,3.1214,-0.2055,-2.2937,0.0168,0.0020,-0.0087
1774945458.4112,0.0000,0.0000,0.0000,0.0000,0.0000,3.1235,-0.2068,-2.1403,0.0157,0.0042,-0.0087
1774945458.4313,0.0000,0.0000,0.0000,0.0000,0.0000,3.1254,-0.2080,-0.6625,0.0125,0.0052,-0.0109
1774945458.4513,0.0000,0.0000,0.0000,0.0000,0.0000,3.1274,-0.2080,-2.2399,0.0104,0.0031,-0.0098
1774945458.4712,0.0000,0.0000,0.0000,0.0000,0.0000,3.1283,-0.2069,-2.4502,0.0082,-0.0033,-0.0119
1774945458.4912,0.0000,0.0000,0.0000,0.0000,0.0000,3.1298,-0.2061,1.0849,0.0093,-0.0065,-0.0119
1774945458.5115,0.0000,0.0000,0.0000,0.0000,0.0000,3.1299,-0.2047,1.0059,0.0104,-0.0065,-0.0119
1774945458.5333,0.0000,0.0000,0.0000,0.0000,0.0000,3.1292,-0.2036,2.9276,0.0050,-0.0054,-0.0055
1774945458.5513,0.0000,0.0000,0.0000,0.0000,0.0000,3.1288,-0.2030,0.8746,0.0029,-0.0033,-0.0109
1774945458.5713,0.0000,0.0000,0.0000,0.0000,0.0000,3.1285,-0.2023,0.2670,-0.0024,-0.0033,-0.0098
1774945458.5914,0.0000,0.0000,0.0000,0.0000,0.0000,3.1295,-0.2014,1.4865,0.0040,-0.0054,-0.0109
1774945458.6112,0.0000,0.0000,0.0000,0.0000,0.0000,3.1279,-0.2013,-1.6275,0.0050,-0.0043,-0.0141
1774945458.6313,0.0000,0.0000,0.0000,0.0000,0.0000,3.1263,-0.2019,-0.6445,0.0050,-0.0033,-0.0109
1774945458.6512,0.0000,0.0000,0.0000,0.0000,0.0000,3.1252,-0.2027,0.5493,0.0082,-0.0012,-0.0141
1774945458.6713,0.0000,0.0000,0.0000,0.0000,0.0000,3.1240,-0.2042,0.6897,0.0072,-0.0001,-0.0098
1774945458.6913,0.0000,0.0000,0.0000,0.0000,0.0000,3.1241,-0.2055,0.6403,0.0093,0.0031,-0.0087
1774945458.7114,0.0000,0.0000,0.0000,0.0000,0.0000,3.1237,-0.2058,-2.1234,0.0072,0.0010,-0.0130
1774945458.7316,0.0000,0.0000,0.0000,0.0000,0.0000,3.1249,-0.2057,0.1239,0.0072,-0.0012,-0.0077
1774945458.7513,0.0000,0.0000,0.0000,0.0000,0.0000,3.1252,-0.2059,-0.6930,0.0093,-0.0012,-0.0109
1774945458.7713,0.0000,0.0000,0.0000,0.0000,0.0000,3.1265,-0.2056,0.8524,0.0093,-0.0001,-0.0098
1774945458.7914,0.0000,0.0000,0.0000,0.0000,0.0000,3.1282,-0.2049,-0.6362,0.0061,-0.0022,-0.0087
1774945458.8118,0.0000,0.0000,0.0000,0.0000,0.0000,3.1299,-0.2049,-1.0657,0.0050,-0.0054,-0.0098
1774945458.8333,0.0000,0.0000,0.0000,0.0000,0.0000,3.1323,-0.2054,0.1344,0.0061,-0.0043,-0.0119
1774945458.8516,0.0000,0.0000,0.0000,0.0000,0.0000,3.1319,-0.2053,-0.3866,0.0029,-0.0022,-0.0130
1774945458.8713,0.0000,0.0000,0.0000,0.0000,0.0000,3.1308,-0.2047,0.0000,0.0008,-0.0043,-0.0130
1774945458.8923,0.0000,0.0000,0.0000,0.0000,0.0000,3.1292,-0.2048,0.2213,0.0029,-0.0054,-0.0130
1774945458.9112,0.0000,0.0000,0.0000,0.0000,0.0000,3.1265,-0.2052,0.4216,0.0008,-0.0033,-0.0098
1774945458.9313,0.0000,0.0000,0.0000,0.0000,0.0000,3.1248,-0.2055,-0.2643,0.0072,-0.0033,-0.0109
1774945458.9513,0.0000,0.0000,0.0000,0.0000,0.0000,3.1235,-0.2051,-1.0824,0.0050,-0.0043,-0.0098
1774945458.9713,0.0000,0.0000,0.0000,0.0000,0.0000,3.1238,-0.2054,1.2961,0.0104,-0.0065,-0.0119
1774945458.9913,0.0000,0.0000,0.0000,0.0000,0.0000,3.1239,-0.2061,0.4742,0.0136,-0.0043,-0.0098
1774945459.0113,0.0000,0.0000,0.0000,0.0000,0.0000,3.1253,-0.2073,0.7917,0.0114,-0.0001,-0.0109
1774945459.0313,0.0000,0.0000,0.0000,0.0000,0.0000,3.1248,-0.2068,-0.8340,0.0178,-0.0001,-0.0087
1774945459.0513,0.0000,0.0000,0.0000,0.0000,0.0000,3.1242,-0.2059,-1.6182,0.0168,-0.0086,-0.0077
1774945459.0714,0.0000,0.0000,0.0000,0.0000,0.0000,3.1257,-0.2067,-0.6365,0.0125,-0.0075,-0.0087
1774945459.0913,0.0000,0.0000,0.0000,0.0000,0.0000,3.1284,-0.2066,2.0430,0.0114,-0.0022,-0.0119
1774945459.1113,0.0000,0.0000,0.0000,0.0000,0.0000,3.1302,-0.2058,3.4917,0.0093,-0.0033,-0.0109
1774945459.1313,0.0000,0.0000,0.0000,0.0000,0.0000,3.1309,-0.2052,-1.5308,0.0061,-0.0043,-0.0109
1774945459.1513,0.0000,0.0000,0.0000,0.0000,0.0000,3.1327,-0.2048,1.3332,0.0040,-0.0043,-0.0119
1774945459.1714,0.0000,0.0000,0.0000,0.0000,0.0000,3.1329,-0.2044,-0.8073,0.0061,-0.0054,-0.0119
1774945459.1912,0.0000,0.0000,0.0000,0.0000,0.0000,3.1319,-0.2047,-4.0617,0.0040,-0.0022,-0.0109
1774945459.2112,0.0000,0.0000,0.0000,0.0000,0.0000,3.1317,-0.2042,2.7137,0.0040,-0.0022,-0.0119
1774945459.2313,0.0000,0.0000,0.0000,0.0000,0.0000,3.1296,-0.2043,0.1783,0.0019,-0.0065,-0.0130
1774945459.2512,0.0000,0.0000,0.0000,0.0000,0.0000,3.1287,-0.2054,-0.4628,0.0029,-0.0043,-0.0119
1774945459.2713,0.0000,0.0000,0.0000,0.0000,0.0000,3.1277,-0.2043,1.7067,0.0050,-0.0022,-0.0109
1774945459.2913,0.0000,0.0000,0.0000,0.0000,0.0000,3.1260,-0.2039,-0.1264,0.0029,-0.0054,-0.0077
1774945459.3114,0.0000,0.0000,0.0000,0.0000,0.0000,3.1264,-0.2050,-2.0650,0.0093,-0.0022,-0.0109
1774945459.3335,0.0000,0.0000,0.0000,0.0000,0.0000,3.1275,-0.2038,5.8633,0.0050,-0.0001,-0.0098
1774945459.3518,0.0000,0.0000,0.0000,0.0000,0.0000,3.1282,-0.2022,4.7463,0.0029,-0.0129,-0.0109
1774945459.3713,0.0000,0.0000,0.0000,0.0000,0.0000,3.1294,-0.2006,-3.4245,0.0082,-0.0086,-0.0119
1774945459.3914,0.0000,0.0000,0.0000,0.0000,0.0000,3.1294,-0.1998,-7.4676,0.0008,0.0084,-0.0183
1774945459.4112,0.0000,0.0000,0.0000,0.0000,0.0000,3.1295,-0.1980,6.8060,0.0050,-0.0075,-0.0183
1774945459.4314,0.0000,0.0000,0.0000,0.0000,0.0000,3.1306,-0.1944,-19.8894,0.0072,-0.0118,-0.0247
1774945459.4513,0.0000,0.0000,0.0000,0.0000,0.0000,3.1310,-0.1906,-10.7218,0.0210,0.0020,-0.0322
1774945459.4712,0.0000,0.0000,0.0000,0.0000,0.0000,3.1307,-0.1875,5.1755,0.0242,0.0287,-0.0279
1774945459.4913,0.0000,0.0000,0.0000,0.0000,0.0000,3.1278,-0.1878,-0.9031,0.0359,0.0500,0.0019
1774945459.5114,0.0000,0.0000,0.0000,0.0000,0.0000,3.1249,-0.1891,6.0446,0.0445,0.0692,0.0253
1774945459.5314,0.0000,0.0000,0.0000,0.0000,0.0000,3.1251,-0.1882,-6.0448,0.0434,0.0745,0.0179
1774945459.5513,0.0000,0.0000,0.0000,0.0000,0.0000,3.1265,-0.1857,-19.0316,0.0594,0.0116,-0.0066
1774945459.5713,0.0000,0.0000,0.0000,0.0000,0.0000,3.1280,-0.1851,2.5331,0.0615,0.1000,-0.0322
1774945459.5913,0.0000,0.0000,0.0000,0.0000,0.0000,3.1290,-0.1860,11.8936,0.0722,0.1842,-0.0226
1774945459.6113,0.0000,0.0000,0.0000,0.0000,0.0000,3.1297,-0.1918,11.5003,0.0775,0.1767,-0.0119
1774945459.6314,0.0000,0.0000,0.0000,0.0000,0.0000,3.1276,-0.1974,-8.3651,0.0722,0.1661,0.0232
1774945459.6512,0.0000,0.0000,0.0000,0.0000,0.0000,3.1253,-0.2016,-0.6991,0.0700,0.1107,0.0371
1774945459.6713,0.0000,0.0000,0.0000,0.0000,0.0000,3.1258,-0.2045,-12.2947,0.0636,0.0404,0.0296
1774945459.6914,0.0000,0.0000,0.0000,0.0000,0.0000,3.1288,-0.2060,3.0223,0.0785,0.0468,0.0211
1774945459.7115,0.0000,0.0000,0.0000,0.0000,0.0000,3.1297,-0.2043,0.0000,0.0658,0.0500,0.0094
1774945459.7314,0.0000,0.0000,0.0000,0.0000,0.0000,3.1323,-0.1987,-31.9370,0.0732,-0.0821,-0.0364
1774945459.7514,0.0000,0.0000,0.0000,0.0000,0.0000,3.1339,-0.1937,-35.2193,0.1062,-0.0789,-0.0386
1774945459.7714,0.0000,0.0000,0.0000,0.0000,0.0000,3.1344,-0.1895,20.7909,0.0647,0.0063,-0.0279
1774945459.7913,0.0000,0.0000,0.0000,0.0000,0.0000,3.1336,-0.1859,32.6914,-0.0141,0.0084,-0.0141
1774945459.8113,0.0000,0.0000,0.0000,0.0000,0.0000,3.1345,-0.1825,15.4931,-0.0248,0.0116,-0.0002
1774945459.8339,0.0000,0.0000,0.0000,0.0000,0.0000,3.1368,-0.1798,-6.4810,-0.0088,0.0447,-0.0173
1774945459.8512,0.0000,0.0000,0.0000,0.0000,0.0000,3.1389,-0.1780,4.5159,-0.0003,0.0628,-0.0482
1774945459.8714,0.0000,0.0000,0.0000,0.0000,0.0000,3.1398,-0.1775,26.9416,0.0253,0.0468,-0.0247
1774945459.8914,0.0000,0.0000,0.0000,0.0000,0.0000,3.1379,-0.1780,0.1373,0.0008,0.0798,-0.0162
1774945459.9113,0.0000,0.0000,0.0000,0.0000,0.0000,3.1358,-0.1810,26.6558,-0.0099,0.1064,-0.0173
1774945459.9314,0.0000,0.0000,0.0000,0.0000,0.0000,3.1374,-0.1846,-5.3657,0.0050,0.1299,-0.0024
1774945459.9513,0.0000,0.0000,0.0000,0.0000,0.0000,3.1388,-0.1880,13.1730,-0.0269,0.1086,-0.0055
1774945459.9713,0.0000,0.0000,0.0000,0.0000,0.0000,3.1414,-0.1911,17.3673,-0.0099,0.0915,-0.0109
1774945459.9913,0.0000,0.0000,0.0000,0.0000,0.0000,-3.1415,-0.1935,32.0616,0.0136,0.0660,-0.0077
1774945460.0113,0.0000,0.0000,0.0000,0.0000,0.0000,-3.1412,-0.1957,19.8586,-0.0227,0.0692,-0.0226
1774945460.0314,0.0000,0.0000,0.0000,0.0000,0.0000,-3.1396,-0.1949,9.9946,-0.0141,0.0574,-0.0407
1774945460.0512,0.0000,0.0000,0.0000,0.0000,0.0000,-3.1399,-0.1928,15.8226,-0.0333,0.0084,-0.0524
1774945460.0713,0.0000,0.0000,0.0000,0.0000,0.0000,-3.1383,-0.1896,-2.7931,0.0061,-0.0406,-0.0641
1774945460.0913,0.0000,0.0000,0.0000,0.0000,0.0000,-3.1399,-0.1859,2.0338,-0.0067,-0.0384,-0.0471
1774945460.1113,0.0000,0.0000,0.0000,0.0000,0.0000,3.1409,-0.1882,-3.2184,0.0072,0.0489,-0.0055
1774945460.1313,0.0000,0.0000,0.0000,0.0000,0.0000,3.1381,-0.1908,-3.4538,-0.0205,0.0574,0.0211
1774945460.1513,0.0000,0.0000,0.0000,0.0000,0.0000,3.1371,-0.1930,-18.1161,-0.0013,0.0010,0.0296
1774945460.1715,0.0000,0.0000,0.0000,0.0000,0.0000,3.1362,-0.1921,-27.7880,-0.0258,-0.1013,0.0211
1774945460.1926,0.0000,0.0000,0.0000,0.0000,0.0000,3.1353,-0.1942,-3.1267,-0.0898,-0.0150,-0.0215
1774945460.2118,0.0000,0.0000,0.0000,0.0000,0.0000,3.1365,-0.1967,2.4182,-0.0440,0.0745,-0.0439
1774945460.2314,0.0000,0.0000,0.0000,0.0000,0.0000,3.1399,-0.1969,15.6795,0.0050,0.0351,-0.0908
1774945460.2515,0.0000,0.0000,0.0000,0.0000,0.0000,3.1384,-0.1941,2.2553,-0.0216,-0.0182,-0.0993
1774945460.2714,0.0000,0.0000,0.0000,0.0000,0.0000,3.1353,-0.1901,-25.8113,-0.0653,-0.0544,-0.0748
1774945460.2913,0.0000,0.0000,0.0000,0.0000,0.0000,3.1327,-0.1910,6.5715,-0.0045,0.0351,-0.0237
1774945460.3124,0.0000,0.0000,0.0000,0.0000,0.0000,3.1324,-0.1892,12.3659,0.0146,0.0308,0.0083
1774945460.3312,0.0000,0.0000,0.0000,0.0000,0.0000,3.1305,-0.1894,17.1542,-0.0472,0.0681,0.0062
1774945460.3526,0.0000,0.0000,0.0000,0.0000,0.0000,3.1293,-0.1864,20.9152,-0.0237,-0.0107,0.0158
1774945460.3714,0.0000,0.0000,0.0000,0.0000,0.0000,3.1311,-0.1857,14.1608,0.0295,-0.0129,-0.0109
1774945460.3912,0.0000,0.0000,0.0000,0.0000,0.0000,3.1324,-0.1860,36.3239,0.0509,0.0340,-0.0162
1774945460.4115,0.0000,0.0000,0.0000,0.0000,0.0000,3.1325,-0.1849,47.4539,0.0221,0.0159,-0.0396
1774945460.4314,0.0000,0.0000,0.0000,0.0000,0.0000,3.1341,-0.1810,13.5171,0.0711,-0.0320,-0.0577
1774945460.4513,0.0000,0.0000,0.0000,0.0000,0.0000,3.1322,-0.1800,-4.1725,0.0114,-0.0065,-0.0396
1774945460.4713,0.0000,0.0000,0.0000,0.0000,0.0000,3.1342,-0.1813,-7.1182,0.0093,0.0351,-0.0396
1774945460.4912,0.0000,0.0000,0.0000,0.0000,0.0000,3.1360,-0.1804,17.8549,0.0274,0.0372,-0.0109
1774945460.5114,0.0000,0.0000,0.0000,0.0000,0.0000,3.1374,-0.1798,-31.4363,0.0327,0.0308,-0.0109
1774945460.5313,0.0000,0.0000,0.0000,0.0000,0.0000,3.1373,-0.1812,-5.1664,0.0136,0.0990,-0.0077
1774945460.5513,0.0000,0.0000,0.0000,0.0000,0.0000,3.1377,-0.1815,105.9499,0.0327,0.1054,-0.0013
1774945460.5714,0.0000,0.0000,0.0000,0.0000,0.0000,3.1381,-0.1825,-8.1039,0.0370,0.1032,-0.0279
1774945460.5913,0.0000,0.0000,0.0000,0.0000,0.0000,3.1373,-0.1835,37.2619,-0.0045,0.1214,-0.0375
1774945460.6112,0.0000,0.0000,0.0000,0.0000,0.0000,3.1363,-0.1818,10.7847,0.0061,0.0532,-0.0279
1774945460.6326,0.0000,0.0000,0.0000,0.0000,0.0000,3.1376,-0.1799,-40.4222,0.0562,0.0287,-0.0269
1774945460.6515,0.0000,0.0000,0.0000,0.0000,0.0000,3.1363,-0.1802,37.7071,0.0381,0.0681,-0.0130
1774945460.6713,0.0000,0.0000,0.0000,0.0000,0.0000,3.1352,-0.1801,36.5885,0.0125,0.0905,-0.0215
1774945460.6913,0.0000,0.0000,0.0000,0.0000,0.0000,3.1368,-0.1822,11.4625,0.0285,0.0670,-0.0354
1774945460.7113,0.0000,0.0000,0.0000,0.0000,0.0000,3.1385,-0.1829,-21.9324,0.0210,0.0510,-0.0269
1774945460.7312,0.0000,0.0000,0.0000,0.0000,0.0000,3.1398,-0.1794,-16.7115,0.0391,-0.0406,-0.0460
1774945460.7514,0.0000,0.0000,0.0000,0.0000,0.0000,3.1384,-0.1757,-26.2691,0.0008,-0.0235,-0.0524
1774945460.7714,0.0000,0.0000,0.0000,0.0000,0.0000,3.1380,-0.1763,43.8227,-0.0237,0.0415,-0.0663
1774945460.7913,0.0000,0.0000,0.0000,0.0000,0.0000,3.1385,-0.1747,2.9870,0.0402,0.0596,-0.0460
1774945460.8114,0.0000,0.0000,0.0000,0.0000,0.0000,3.1366,-0.1734,-14.5002,0.0210,0.0819,-0.0247
1774945460.8325,0.0000,0.0000,0.0000,0.0000,0.0000,3.1362,-0.1733,6.5437,0.0019,0.0500,-0.0290
1774945460.8513,0.0000,0.0000,0.0000,0.0000,0.0000,3.1361,-0.1698,1.8020,0.0754,-0.0097,-0.0354
1774945460.8714,0.0000,0.0000,0.0000,0.0000,0.0000,3.1351,-0.1664,40.9333,0.0402,0.0159,-0.0247
1774945460.8927,0.0000,0.0000,0.0000,0.0000,0.0000,3.1352,-0.1643,-25.1278,0.0114,0.0553,-0.0343
1774945460.9113,0.0000,0.0000,0.0000,0.0000,0.0000,3.1370,-0.1652,-78.2634,0.0200,0.1533,-0.0716
1774945460.9314,0.0000,0.0000,0.0000,0.0000,0.0000,3.1386,-0.1655,0.9051,0.0093,0.1874,-0.0450
1774945460.9516,0.0000,0.0000,0.0000,0.0000,0.0000,3.1385,-0.1656,-7.8351,0.0125,0.0873,-0.0087
1774945460.9714,0.0000,0.0000,0.0000,0.0000,0.0000,3.1401,-0.1677,-45.8701,0.0679,0.1118,-0.0300
1774945460.9913,0.0000,0.0000,0.0000,0.0000,0.0000,-3.1413,-0.1691,56.0151,0.0572,0.1736,-0.0375
1774945461.0113,0.0000,0.0000,0.0000,0.0000,0.0000,-3.1408,-0.1728,55.6413,0.0114,0.1831,-0.0300
1774945461.0314,0.0000,0.0000,0.0000,0.0000,0.0000,-3.1408,-0.1779,-8.7790,-0.0280,0.2172,-0.0556
1774945461.0513,0.0000,0.0000,0.0000,0.0000,0.0000,-3.1391,-0.1786,42.4665,-0.0056,0.1384,-0.0759
1774945461.0713,0.0000,0.0000,0.0000,0.0000,0.0000,-3.1380,-0.1783,-37.5004,0.0445,-0.0022,-0.0439
1774945461.0914,0.0000,0.0000,0.0000,0.0000,0.0000,-3.1385,-0.1774,-106.6965,0.0668,-0.0086,-0.0279
1774945461.1113,0.0000,0.0000,0.0000,0.0000,0.0000,-3.1392,-0.1780,-12.7039,0.0732,0.0702,-0.0194
1774945461.1317,0.0000,0.0000,0.0000,0.0000,0.0000,-3.1398,-0.1813,34.3405,0.0423,0.0915,0.0104
1774945461.1514,0.0000,0.0000,0.0000,0.0000,0.0000,-3.1407,-0.1824,-30.3643,0.1105,0.0297,0.0285
1774945461.1721,0.0000,0.0000,0.0000,0.0000,0.0000,-3.1382,-0.1802,55.3269,0.1723,-0.0715,-0.0237
1774945461.1913,0.0000,0.0000,0.0000,0.0000,0.0000,-3.1392,-0.1780,-30.7751,-0.0227,-0.1247,-0.0556
1774945461.2112,0.0000,0.0000,0.0000,0.0000,0.0000,-3.1383,-0.1769,-77.8388,-0.0216,-0.1343,-0.0471
1774945461.2314,0.0000,0.0000,0.0000,0.0000,0.0000,-3.1337,-0.1770,-0.4442,0.1126,0.0042,-0.0418
1774945461.2515,0.0000,0.0000,0.0000,0.0000,0.0000,-3.1314,-0.1771,-31.1334,0.0903,0.0063,-0.0300
1774945461.2713,0.0000,0.0000,0.0000,0.0000,0.0000,-3.1292,-0.1816,21.4069,-0.0663,0.1171,-0.0609
1774945461.2914,0.0000,0.0000,0.0000,0.0000,0.0000,-3.1299,-0.1847,47.4682,-0.0951,0.0809,-0.0375
1774945461.3113,0.0000,0.0000,0.0000,0.0000,0.0000,-3.1284,-0.1858,4.5320,0.0178,-0.0406,-0.0631
1774945461.3314,0.0000,0.0000,0.0000,0.0000,0.0000,-3.1277,-0.1837,-34.7644,0.0327,-0.1013,-0.0609
1774945461.3512,0.0000,0.0000,0.0000,0.0000,0.0000,-3.1313,-0.1836,17.6663,-0.0653,-0.0597,-0.0471
1774945461.3715,0.0000,0.0000,0.0000,0.0000,0.0000,-3.1346,-0.1865,-26.5142,-0.0855,-0.0342,-0.0460
1774945461.3914,0.0000,0.0000,0.0000,0.0000,0.0000,-3.1356,-0.1895,33.3508,-0.0333,-0.0363,-0.0503
1774945461.4118,0.0000,0.0000,0.0000,0.0000,0.0000,-3.1360,-0.1922,46.1337,-0.0344,-0.0587,-0.0631
1774945461.4349,0.0000,0.0000,0.0000,0.0000,0.0000,-3.1362,-0.1940,52.1032,-0.0567,-0.0949,-0.0695
1774945461.4514,0.0000,0.0000,0.0000,0.0000,0.0000,-3.1380,-0.1951,-33.4061,-0.0940,-0.0938,-0.0716
1774945461.4714,0.0000,0.0000,0.0000,0.0000,0.0000,-3.1404,-0.1964,-52.9249,-0.0812,-0.1354,-0.0577
1774945461.4913,0.0000,0.0000,0.0000,0.0000,0.0000,-3.1411,-0.1973,-61.3244,-0.0088,-0.1695,-0.0503
1774945461.5121,0.0000,0.0000,0.0000,0.0000,0.0000,-3.1405,-0.1965,-81.3712,0.0008,-0.1705,-0.0492
1774945461.5313,0.0000,0.0000,0.0000,0.0000,0.0000,3.1398,-0.1974,-24.9045,-0.0802,-0.0704,-0.0418
1774945461.5513,0.0000,0.0000,0.0000,0.0000,0.0000,3.1378,-0.1982,23.3402,-0.0887,-0.1226,-0.0407
1774945461.5714,0.0000,0.0000,0.0000,0.0000,0.0000,3.1389,-0.1978,38.2625,0.0168,-0.2185,-0.0727
1774945461.5912,0.0000,0.0000,0.0000,0.0000,0.0000,3.1391,-0.1986,-1.7921,0.0466,-0.1354,-0.0503
1774945461.6114,0.0000,0.0000,0.0000,0.0000,0.0000,3.1370,-0.1983,-39.4117,0.0200,-0.1087,-0.0311
1774945461.6314,0.0000,0.0000,0.0000,0.0000,0.0000,3.1361,-0.1986,17.0303,0.0285,-0.1162,-0.0375
1774945461.6513,0.0000,0.0000,0.0000,0.0000,0.0000,3.1366,-0.1985,12.4541,0.0317,-0.1727,-0.0300
1774945461.6712,0.0000,0.0000,0.0000,0.0000,0.0000,3.1357,-0.1984,-5.4210,0.0040,-0.1418,-0.0279
1774945461.6912,0.0000,0.0000,0.0000,0.0000,0.0000,3.1346,-0.1990,27.0562,0.0104,-0.1087,-0.0418
1774945461.7113,0.0000,0.0000,0.0000,0.0000,0.0000,3.1348,-0.2009,5.9203,0.0498,-0.0725,-0.0428
1774945461.7325,0.0000,0.0000,0.0000,0.0000,0.0000,3.1354,-0.2025,3.3805,0.0455,-0.1098,-0.0524
1774945461.7515,0.0000,0.0000,0.0000,0.0000,0.0000,3.1360,-0.2049,-3.5461,0.0317,-0.0896,-0.0620
1774945461.7713,0.0000,0.0000,0.0000,0.0000,0.0000,3.1381,-0.2050,4.4405,0.0743,-0.1418,-0.0386
1774945461.7913,0.0000,0.0000,0.0000,0.0000,0.0000,3.1394,-0.2050,-53.0660,0.0317,-0.1482,-0.0322
1774945461.8112,0.0000,0.0000,0.0000,0.0000,0.0000,3.1391,-0.2062,-3.8663,-0.0152,-0.1087,-0.0386
1774945461.8313,0.0000,0.0000,0.0000,0.0000,0.0000,3.1383,-0.2093,13.3961,0.0221,-0.0033,0.0147
1774945461.8512,0.0000,0.0000,0.0000,0.0000,0.0000,3.1383,-0.2125,9.6265,0.1297,-0.0065,0.0360
1774945461.8712,0.0000,0.0000,0.0000,0.0000,0.0000,3.1390,-0.2146,26.2934,0.1478,-0.0853,0.0403
1774945461.8914,0.0000,0.0000,0.0000,0.0000,0.0000,3.1380,-0.2151,11.3844,0.0530,-0.1300,-0.0013
1774945461.9112,0.0000,0.0000,0.0000,0.0000,0.0000,3.1394,-0.2155,-38.3285,0.0136,-0.1034,-0.0364
1774945461.9313,0.0000,0.0000,0.0000,0.0000,0.0000,-3.1403,-0.2157,-23.1013,0.0487,-0.0747,-0.0460
1774945461.9528,0.0000,0.0000,0.0000,0.0000,0.0000,-3.1384,-0.2158,26.4768,0.0807,-0.1077,-0.0332
1774945461.9733,0.0000,0.0000,0.0000,0.0000,0.0000,-3.1376,-0.2144,42.0417,0.0679,-0.1332,-0.0130
1774945461.9912,0.0000,0.0000,0.0000,0.0000,0.0000,-3.1379,-0.2136,-13.8771,0.0775,-0.1514,0.0072
1774945462.0112,0.0000,0.0000,0.0000,0.0000,0.0000,-3.1381,-0.2121,-41.7610,0.1254,-0.1290,0.0221
1774945462.0314,0.0000,0.0000,0.0000,0.0000,0.0000,-3.1370,-0.2116,-33.4688,0.0679,-0.0906,-0.0098
1774945462.0513,0.0000,0.0000,0.0000,0.0000,0.0000,-3.1358,-0.2114,-43.4021,-0.0216,-0.0864,-0.0162
1774945462.0713,0.0000,0.0000,0.0000,0.0000,0.0000,-3.1340,-0.2120,-23.4631,0.0093,-0.0342,-0.0418
1774945462.0913,0.0000,0.0000,0.0000,0.0000,0.0000,-3.1320,-0.2110,1.3898,0.0317,-0.1013,-0.0375
1774945462.1113,0.0000,0.0000,0.0000,0.0000,0.0000,-3.1297,-0.2121,-76.3649,0.0327,-0.0640,-0.0354
1774945462.1314,0.0000,0.0000,0.0000,0.0000,0.0000,-3.1307,-0.2139,-15.0938,-0.0173,-0.0576,-0.0141
1774945462.1513,0.0000,0.0000,0.0000,0.0000,0.0000,-3.1310,-0.2125,-20.8467,0.0370,-0.0587,0.0040
1774945462.1718,0.0000,0.0000,0.0000,0.0000,0.0000,-3.1332,-0.2124,0.0831,0.0146,-0.0129,0.0030
1774945462.1913,0.0000,0.0000,0.0000,0.0000,0.0000,-3.1347,-0.2133,12.8182,-0.0152,-0.0448,-0.0354
1774945462.2116,0.0000,0.0000,0.0000,0.0000,0.0000,-3.1341,-0.2135,0.0000,-0.0290,-0.0012,-0.0311
1774945462.2314,0.0000,0.0000,0.0000,0.0000,0.0000,-3.1365,-0.2159,-16.8278,-0.0631,0.0713,-0.0439
1774945462.2518,0.0000,0.0000,0.0000,0.0000,0.0000,-3.1353,-0.2168,9.2187,-0.0131,-0.0257,-0.0450
1774945462.2713,0.0000,0.0000,0.0000,0.0000,0.0000,-3.1357,-0.2171,-6.4675,-0.0195,-0.0683,-0.0247
1774945462.2913,0.0000,0.0000,0.0000,0.0000,0.0000,-3.1372,-0.2178,-42.7929,-0.0546,-0.1588,0.0317
1774945462.3116,0.0000,0.0000,0.0000,0.0000,0.0000,-3.1408,-0.2149,-24.0169,-0.0823,-0.1673,0.1681
1774945462.3320,0.0000,0.0000,0.0000,0.0000,0.0000,3.1402,-0.2085,-6.8439,-0.0535,-0.0960,0.2288
1774945462.3513,0.0000,0.0000,0.0000,0.0000,0.0000,3.1368,-0.2063,35.7811,-0.1143,-0.0938,0.2959
1774945462.3713,0.0000,0.0000,0.0000,0.0000,0.0000,3.1372,-0.2082,10.7666,-0.0791,0.0351,0.2608
1774945462.3914,0.0000,0.0000,0.0000,0.0000,0.0000,3.1372,-0.2094,32.8446,0.0104,0.0521,0.2416
1774945462.4115,0.0000,0.0000,0.0000,0.0000,0.0000,3.1373,-0.2094,30.9883,-0.0056,-0.0086,0.1809
1774945462.4314,0.0000,0.0000,0.0000,0.0000,0.0000,3.1371,-0.2094,-17.9094,0.0146,-0.0725,0.1777
1774945462.4512,0.0000,0.0000,0.0000,0.0000,0.0000,3.1406,-0.2107,-17.2980,0.0359,0.0095,0.1862
1774945462.4713,0.0000,0.0000,0.0000,0.0000,0.0000,-3.1382,-0.2095,1.1206,0.0583,-0.0320,0.2043
1774945462.4913,0.0000,0.0000,0.0000,0.0000,0.0000,-3.1362,-0.2065,27.4752,0.0168,-0.0747,0.2288
1774945462.5116,0.0000,0.0000,0.0000,0.0000,0.0000,-3.1324,-0.2046,-86.8150,0.0402,-0.0299,0.2416
1774945462.5317,0.0000,0.0000,0.0000,0.0000,0.0000,-3.1274,-0.2048,18.2168,0.0945,0.0596,0.2235
1774945462.5513,0.0000,0.0000,0.0000,0.0000,0.0000,-3.1251,-0.2043,-56.5103,0.0253,0.0628,0.2363
1774945462.5714,0.0000,0.0000,0.0000,0.0000,0.0000,-3.1213,-0.2069,-10.5421,0.0178,0.0958,0.2128
1774945462.5913,0.0000,0.0000,0.0000,0.0000,0.0000,-3.1214,-0.2118,73.7788,-0.0408,0.1416,0.2214
1774945462.6114,0.0000,0.0000,0.0000,0.0000,0.0000,-3.1183,-0.2124,107.5390,-0.0354,0.0638,0.2192
1774945462.6313,0.0000,0.0000,0.0000,0.0000,0.0000,-3.1181,-0.2145,27.4899,-0.0312,0.0542,0.2491
1774945462.6515,0.0000,0.0000,0.0000,0.0000,0.0000,-3.1162,-0.2169,-22.9895,-0.0227,0.0500,0.2544
1774945462.6713,0.0000,0.0000,0.0000,0.0000,0.0000,-3.1139,-0.2175,-78.7588,-0.0099,0.0159,0.2427
1774945462.6913,0.0000,0.0000,0.0000,0.0000,0.0000,-3.1129,-0.2188,9.7720,0.0242,0.0755,0.2054
1774945462.7114,0.0000,0.0000,0.0000,0.0000,0.0000,-3.1120,-0.2187,-103.9145,-0.0237,0.0404,0.2096
1774945462.7314,0.0000,0.0000,0.0000,0.0000,0.0000,-3.1135,-0.2199,58.1229,-0.0610,-0.1119,0.2331
1774945462.7513,0.0000,0.0000,0.0000,0.0000,0.0000,-3.1143,-0.2192,-19.2820,-0.0631,-0.0395,0.2203
1774945462.7713,0.0000,0.0000,0.0000,0.0000,0.0000,-3.1159,-0.2168,4.2007,-0.0237,-0.1162,0.2118
1774945462.7913,0.0000,0.0000,0.0000,0.0000,0.0000,-3.1172,-0.2160,-48.7260,-0.0386,-0.1034,0.2075
1774945462.8113,0.0000,0.0000,0.0000,0.0000,0.0000,-3.1164,-0.2164,16.9002,-0.0589,-0.0779,0.1841
1774945462.8315,0.0000,0.0000,0.0000,0.0000,0.0000,-3.1145,-0.2158,-32.7097,-0.0173,-0.0384,0.1734
1774945462.8513,0.0000,0.0000,0.0000,0.0000,0.0000,-3.1126,-0.2152,17.7201,-0.0397,-0.0384,0.1777
1774945462.8713,0.0000,0.0000,0.0000,0.0000,0.0000,-3.1115,-0.2145,8.5227,-0.0290,-0.0672,0.2192
1774945462.8913,0.0000,0.0000,0.0000,0.0000,0.0000,-3.1116,-0.2130,22.3857,-0.0642,-0.0299,0.2384
1774945462.9114,0.0000,0.0000,0.0000,0.0000,0.0000,-3.1116,-0.2095,-5.0156,-0.0930,-0.0470,0.2192
1774945462.9313,0.0000,0.0000,0.0000,0.0000,0.0000,-3.1109,-0.2088,30.2544,-0.0535,-0.0992,0.1819
1774945462.9514,0.0000,0.0000,0.0000,0.0000,0.0000,-3.1113,-0.2088,-35.1698,-0.0748,-0.0310,0.1958
1774945462.9713,0.0000,0.0000,0.0000,0.0000,0.0000,-3.1101,-0.2094,1.4268,-0.0706,0.0084,0.1617
1774945462.9918,0.0000,0.0000,0.0000,0.0000,0.0000,-3.1107,-0.2107,-48.0935,-0.0440,0.0457,0.1574
1774945463.0112,0.0000,0.0000,0.0000,0.0000,0.0000,-3.1106,-0.2101,-32.2713,-0.1260,0.0297,0.1873
1774945463.0313,0.0000,0.0000,0.0000,0.0000,0.0000,-3.1097,-0.2091,-55.0453,-0.0770,0.0084,0.2182
1774945463.0513,0.0000,0.0000,0.0000,0.0000,0.0000,-3.1075,-0.2095,-35.2167,-0.0599,0.0660,0.2736
1774945463.0712,0.0000,0.0000,0.0000,0.0000,0.0000,-3.1098,-0.2091,9.4774,-0.1196,0.0702,0.3257
1774945463.0913,0.0000,0.0000,0.0000,0.0000,0.0000,-3.1110,-0.2069,-54.7350,-0.1430,-0.0086,0.3055
1774945463.1113,0.0000,0.0000,0.0000,0.0000,0.0000,-3.1118,-0.2065,5.1331,-0.1729,-0.0235,0.3023
1774945463.1313,0.0000,0.0000,0.0000,0.0000,0.0000,-3.1104,-0.2088,23.6774,-0.0418,0.0873,0.3023
1774945463.1513,0.0000,0.0000,0.0000,0.0000,0.0000,-3.1119,-0.2088,14.8858,-0.0919,-0.0171,0.3566
1774945463.1712,0.0000,0.0000,0.0000,0.0000,0.0000,-3.1128,-0.2108,-70.2266,-0.0035,-0.0278,0.3918
1774945463.1912,0.0000,0.0000,0.0000,0.0000,0.0000,-3.1149,-0.2129,-4.0106,-0.0557,0.0745,0.4131
1774945463.2114,0.0000,0.0000,0.0000,0.0000,0.0000,-3.1139,-0.2151,-10.0198,-0.0503,0.1650,0.4035
1774945463.2313,0.0000,0.0000,0.0000,0.0000,0.0000,-3.1129,-0.2139,-47.6791,-0.1079,-0.0075,0.3556
1774945463.2512,0.0000,0.0000,0.0000,0.0000,0.0000,-3.1111,-0.2150,-2.7664,-0.1409,0.0191,0.3012
1774945463.2712,0.0000,0.0000,0.0000,0.0000,0.0000,-3.1107,-0.2172,23.1860,-0.0855,0.0692,0.3151
1774945463.2913,0.0000,0.0000,0.0000,0.0000,0.0000,-3.1090,-0.2185,22.2422,-0.0578,0.0489,0.3449
1774945463.3118,0.0000,0.0000,0.0000,0.0000,0.0000,-3.1120,-0.2194,11.1370,-0.0951,0.0329,0.3566
1774945463.3313,0.0000,0.0000,0.0000,0.0000,0.0000,-3.1113,-0.2183,29.2620,-0.0376,-0.0033,0.3811
1774945463.3521,0.0000,0.0000,0.0000,0.0000,0.0000,-3.1106,-0.2199,18.3906,-0.0450,0.0244,0.4078
1774945463.3714,0.0000,0.0000,0.0000,0.0000,0.0000,-3.1088,-0.2198,1.7628,-0.1047,-0.0161,0.3577
1774945463.3912,0.0000,0.0000,0.0000,0.0000,0.0000,-3.1078,-0.2194,-20.6766,-0.1334,-0.0267,0.3204
1774945463.4114,0.0000,0.0000,0.0000,0.0000,0.0000,-3.1096,-0.2170,-12.5528,-0.1366,-0.0640,0.3513
1774945463.4312,0.0000,0.0000,0.0000,0.0000,0.0000,-3.1110,-0.2165,-24.1648,-0.0738,-0.0363,0.4067
1774945463.4513,0.0000,0.0000,0.0000,0.0000,0.0000,-3.1120,-0.2125,-3.3693,-0.1047,-0.0384,0.4451
1774945463.4712,0.0000,0.0000,0.0000,0.0000,0.0000,-3.1124,-0.2083,-3.7470,-0.1239,-0.0555,0.4941
1774945463.4912,0.0000,0.0000,0.0000,0.0000,0.0000,-3.1128,-0.2045,29.2429,-0.1036,-0.0725,0.5622
1774945463.5113,0.0000,0.0000,0.0000,0.0000,0.0000,-3.1087,-0.2010,-6.8101,-0.1036,-0.0736,0.5441
1774945463.5314,0.0000,0.0000,0.0000,0.0000,0.0000,-3.1077,-0.1994,22.4559,-0.1601,0.0447,0.5569
1774945463.5513,0.0000,0.0000,0.0000,0.0000,0.0000,-3.1049,-0.1982,34.9424,-0.0919,-0.0065,0.5548
1774945463.5712,0.0000,0.0000,0.0000,0.0000,0.0000,-3.1061,-0.1990,20.7301,-0.1388,0.0830,0.6006
1774945463.5912,0.0000,0.0000,0.0000,0.0000,0.0000,-3.1060,-0.1996,-24.0863,-0.1537,0.1118,0.6017
1774945463.6113,0.0000,0.0000,0.0000,0.0000,0.0000,-3.1098,-0.2020,-13.0882,-0.2346,0.1086,0.6411
1774945463.6313,0.0000,0.0000,0.0000,0.0000,0.0000,-3.1120,-0.2028,-42.4780,-0.2826,0.0947,0.6539
1774945463.6513,0.0000,0.0000,0.0000,0.0000,0.0000,-3.1156,-0.2035,-34.0951,-0.3433,0.0542,0.6965
1774945463.6713,0.0000,0.0000,0.0000,0.0000,0.0000,-3.1182,-0.2047,-89.0182,-0.2922,0.1043,0.6539
1774945463.6913,0.0000,0.0000,0.0000,0.0000,0.0000,-3.1206,-0.2074,-35.1078,-0.2879,0.1618,0.6251
1774945463.7113,0.0000,0.0000,0.0000,0.0000,0.0000,-3.1226,-0.2125,54.3226,-0.0642,0.2471,0.7124
1774945463.7314,0.0000,0.0000,0.0000,0.0000,0.0000,-3.1231,-0.2163,49.7184,-0.2016,0.1789,0.7423
1774945463.7517,0.0000,0.0000,0.0000,0.0000,0.0000,-3.1245,-0.2171,36.9849,-0.2815,0.0074,0.6954
1774945463.7722,0.0000,0.0000,0.0000,0.0000,0.0000,-3.1278,-0.2185,69.9741,-0.2251,0.0180,0.7242
1774945463.7912,0.0000,0.0000,0.0000,0.0000,0.0000,-3.1306,-0.2182,92.6459,-0.2655,-0.0267,0.7913
1774945463.8113,0.0000,0.0000,0.0000,0.0000,0.0000,-3.1320,-0.2173,-8.1119,-0.0557,-0.0821,0.8328
1774945463.8314,0.0000,0.0000,0.0000,0.0000,0.0000,-3.1328,-0.2162,-84.9270,-0.1228,-0.0395,0.8254
1774945463.8513,0.0000,0.0000,0.0000,0.0000,0.0000,-3.1331,-0.2149,67.7568,-0.1057,-0.0214,0.8563
1774945463.8713,0.0000,0.0000,0.0000,0.0000,0.0000,-3.1327,-0.2136,18.3502,-0.1824,-0.0470,0.9010
1774945463.8913,0.0000,0.0000,0.0000,0.0000,0.0000,-3.1316,-0.2131,34.9684,-0.2879,-0.0491,0.8712
1774945463.9129,0.0000,0.0000,0.0000,0.0000,0.0000,-3.1296,-0.2110,-27.7019,-0.1196,-0.0587,0.9308
1774945463.9326,0.0000,0.0000,0.0000,0.0000,0.0000,-3.1285,-0.2085,60.8521,-0.1803,0.0063,1.0373
1774945463.9562,0.0000,0.0000,0.0000,0.0000,0.0000,-3.1291,-0.2085,-23.1789,-0.1025,-0.0363,1.0427
1774945463.9743,0.0000,0.0000,0.0000,0.0000,0.0000,-3.1330,-0.2074,107.6175,-0.2176,0.0148,1.1108
1774945463.9913,0.0000,0.0000,0.0000,0.0000,0.0000,-3.1331,-0.2070,72.1905,-0.1707,-0.0523,1.1588
1774945464.0113,0.0000,0.0000,0.0000,0.0000,0.0000,-3.1356,-0.2052,86.6771,-0.3092,-0.0565,1.2227
1774945464.0313,0.0000,0.0000,0.0000,0.0000,0.0000,-3.1336,-0.2030,2.2704,-0.2836,-0.0086,1.1929
1774945464.0513,0.0000,0.0000,0.0000,0.0000,0.0000,-3.1317,-0.2036,-5.2761,-0.2655,0.0755,1.2131
1774945464.0712,0.0000,0.0000,0.0000,0.0000,0.0000,-3.1318,-0.2060,69.5539,-0.2112,0.1288,1.2887
1774945464.0913,0.0000,0.0000,0.0000,0.0000,0.0000,-3.1331,-0.2050,58.3247,-0.2623,0.0819,1.3282
1774945464.1113,0.0000,0.0000,0.0000,0.0000,0.0000,-3.1320,-0.2050,-58.6027,-0.3284,0.1352,1.3164
1774945464.1313,0.0000,0.0000,0.0000,0.0000,0.0000,-3.1305,-0.2063,97.7146,-0.2943,0.0969,1.3303
1774945464.1513,0.0000,0.0000,0.0000,0.0000,0.0000,-3.1307,-0.2058,9.6378,-0.2751,0.0116,1.4070
1774945464.1714,0.0000,0.0000,0.0000,0.0000,0.0000,-3.1324,-0.2038,10.4085,-0.2591,-0.0235,1.4741
1774945464.1913,0.0000,0.0000,0.0000,0.0000,0.0000,-3.1289,-0.2022,-48.1397,-0.1452,0.0084,1.5423
1774945464.2115,0.0000,0.0000,0.0000,0.0000,0.0000,-3.1262,-0.2026,-66.0404,-0.2240,0.0809,1.4880
1774945464.2313,0.0000,0.0000,0.0000,0.0000,0.0000,-3.1179,-0.2013,-28.9122,-0.1579,0.1554,1.4922
1774945464.2513,0.0000,0.0000,0.0000,0.0000,0.0000,-3.1154,-0.1991,44.1308,-0.3113,0.1309,1.5114
1774945464.2712,0.0000,0.0000,0.0000,0.0000,0.0000,-3.1115,-0.1999,26.6352,-0.2996,0.0905,1.5114
1774945464.2913,0.0000,0.0000,0.0000,0.0000,0.0000,-3.1079,-0.2002,-105.6358,-0.2943,0.1938,1.5050
1774945464.3112,0.0000,0.0000,0.0000,0.0000,0.0000,-3.1044,-0.2003,48.1932,-0.2421,0.1767,1.4858
1774945464.3314,0.0000,0.0000,0.0000,0.0000,0.0000,-3.1043,-0.1988,40.9619,-0.3007,0.0297,1.6009
1774945464.3517,0.0000,0.0000,0.0000,0.0000,0.0000,-3.1026,-0.1980,30.4686,-0.2208,0.0542,1.6808
1774945464.3726,0.0000,0.0000,0.0000,0.0000,0.0000,-3.1010,-0.1964,14.9821,-0.2645,0.0681,1.7063
1774945464.3913,0.0000,0.0000,0.0000,0.0000,0.0000,-3.0977,-0.1950,-47.9326,-0.2911,0.0873,1.6840
1774945464.4115,0.0000,0.0000,0.0000,0.0000,0.0000,-3.0932,-0.1950,-82.8539,-0.2783,0.1757,1.6701
1774945464.4313,0.0000,0.0000,0.0000,0.0000,0.0000,-3.0910,-0.1946,-42.7635,-0.3316,0.2332,1.6850
1774945464.4512,0.0000,0.0000,0.0000,0.0000,0.0000,-3.0883,-0.1949,118.5056,-0.3710,0.2652,1.6605
1774945464.4714,0.0000,0.0000,0.0000,0.0000,0.0000,-3.0872,-0.1949,43.5906,-0.4402,0.2364,1.6552
1774945464.4916,0.0000,0.0000,0.0000,0.0000,0.0000,-3.0874,-0.1936,16.4077,-0.4679,0.1682,1.6829
1774945464.5112,0.0000,0.0000,0.0000,0.0000,0.0000,-3.0887,-0.1925,26.4915,-0.4296,0.1214,1.7681
1774945464.5313,0.0000,0.0000,0.0000,0.0000,0.0000,-3.0912,-0.1901,113.5539,-0.3923,0.0745,1.8619
1774945464.5516,0.0000,0.0000,0.0000,0.0000,0.0000,-3.0938,-0.1864,37.9613,-0.4754,-0.0597,1.9183
1774945464.5714,0.0000,0.0000,0.0000,0.0000,0.0000,-3.0946,-0.1824,14.9916,-0.4914,0.0095,1.9226
1774945464.5914,0.0000,0.0000,0.0000,0.0000,0.0000,-3.0938,-0.1798,125.2054,-0.4615,0.0447,1.9023
1774945464.6112,0.0000,0.0000,0.0000,0.0000,0.0000,-3.0919,-0.1793,79.8613,-0.4583,0.1725,1.8512
1774945464.6313,0.0000,0.0000,0.0000,0.0000,0.0000,-3.0912,-0.1794,-48.3053,-0.5436,0.2055,1.7969
1774945464.6526,0.0000,0.0000,0.0000,0.0000,0.0000,-3.0919,-0.1829,15.7669,-0.5414,0.3227,1.7830
1774945464.6715,0.0000,0.0000,0.0000,0.0000,0.0000,-3.0923,-0.1858,-1.7898,-0.4743,0.3429,1.7958
1774945464.6913,0.0000,0.0000,0.0000,0.0000,0.0000,-3.0954,-0.1861,15.7364,-0.5127,0.2769,1.8917
1774945464.7117,0.0000,0.0000,0.0000,0.0000,0.0000,-3.0990,-0.1856,0.0000,-0.5553,0.2151,1.9279
1774945464.7313,0.0000,0.0000,0.0000,0.0000,0.0000,-3.1006,-0.1835,-8.7206,-0.5606,0.1597,1.9993
1774945464.7525,0.0000,0.0000,0.0000,0.0000,0.0000,-3.1020,-0.1812,-27.4440,-0.5840,0.1096,1.9993
1774945464.7713,0.0000,0.0000,0.0000,0.0000,0.0000,-3.1039,-0.1790,-17.0894,-0.6533,0.0681,2.0099
1774945464.7914,0.0000,0.0000,0.0000,0.0000,0.0000,-3.1062,-0.1779,-55.6358,-0.5755,0.2311,1.9865
1774945464.8114,0.0000,0.0000,0.0000,0.0000,0.0000,-3.1078,-0.1791,0.0000,-0.6650,0.2545,1.8874
1774945464.8313,0.0000,0.0000,0.0000,0.0000,0.0000,-3.1108,-0.1841,15.2734,-0.5404,0.3195,1.9215
1774945464.8513,0.0000,0.0000,0.0000,0.0000,0.0000,-3.1145,-0.1850,5.3739,-0.6810,0.1682,1.9609
1774945464.8713,0.0000,0.0000,0.0000,0.0000,0.0000,-3.1183,-0.1836,-9.5187,-0.7044,0.0937,2.0366
1774945464.8913,0.0000,0.0000,0.0000,0.0000,0.0000,-3.1215,-0.1817,-48.3752,-0.6554,0.0841,2.0760
1774945464.9112,0.0000,0.0000,0.0000,0.0000,0.0000,-3.1235,-0.1798,-9.2827,-0.5500,0.0990,2.0962
1774945464.9315,0.0000,0.0000,0.0000,0.0000,0.0000,-3.1216,-0.1798,-31.6198,-0.4157,0.1427,2.0270
1774945464.9512,0.0000,0.0000,0.0000,0.0000,0.0000,-3.1198,-0.1810,-30.0599,-0.3635,0.2044,1.9726
1774945464.9712,0.0000,0.0000,0.0000,0.0000,0.0000,-3.1184,-0.1849,17.7288,-0.4381,0.4580,1.8427
1774945464.9913,0.0000,0.0000,0.0000,0.0000,0.0000,-3.1177,-0.1908,11.2153,-0.4477,0.3770,1.7820
1774945465.0122,0.0000,0.0000,0.0000,0.0000,0.0000,-3.1170,-0.1937,0.0000,-0.4402,0.3621,1.7671
1774945465.0313,0.0000,0.0000,0.0000,0.0000,0.0000,-3.1210,-0.1963,-20.7881,-0.5904,0.2289,1.8320
1774945465.0513,0.0000,0.0000,0.0000,0.0000,0.0000,-3.1212,-0.1950,30.5448,-0.5500,0.1192,1.8938
1774945465.0713,0.0000,0.0000,0.0000,0.0000,0.0000,-3.1194,-0.1938,79.6090,-0.4211,-0.0139,1.9513
1774945465.0914,0.0000,0.0000,0.0000,0.0000,0.0000,-3.1165,-0.1918,-88.9224,-0.3763,0.0223,1.9045
1774945465.1116,0.0000,0.0000,0.0000,0.0000,0.0000,-3.1146,-0.1909,-39.8272,-0.3934,0.0638,1.8438
1774945465.1314,0.0000,0.0000,0.0000,0.0000,0.0000,-3.1123,-0.1909,-164.9545,-0.2826,0.1128,1.7852
1774945465.1513,0.0000,0.0000,0.0000,0.0000,0.0000,-3.1104,-0.1916,31.8454,-0.4402,0.1597,1.7085
1774945465.1714,0.0000,0.0000,0.0000,0.0000,0.0000,-3.1085,-0.1950,-0.8683,-0.3848,0.1821,1.5284
1774945465.1914,0.0000,0.0000,0.0000,0.0000,0.0000,-3.1088,-0.2014,24.4453,-0.5808,0.2620,1.4571
1774945465.2116,0.0000,0.0000,0.0000,0.0000,0.0000,-3.1090,-0.2058,-39.3495,-0.4232,0.0947,1.3878
1774945465.2313,0.0000,0.0000,0.0000,0.0000,0.0000,-3.1114,-0.2092,-46.0632,-0.4061,-0.0054,1.4496
1774945465.2513,0.0000,0.0000,0.0000,0.0000,0.0000,-3.1140,-0.2084,45.7371,-0.4360,-0.1492,1.4091
1774945465.2712,0.0000,0.0000,0.0000,0.0000,0.0000,-3.1158,-0.2066,-116.2798,-0.3678,-0.1737,1.3548
1774945465.2914,0.0000,0.0000,0.0000,0.0000,0.0000,-3.1150,-0.2038,64.4425,-0.2005,-0.1972,1.1162
1774945465.3112,0.0000,0.0000,0.0000,0.0000,0.0000,-3.1125,-0.2027,-71.7463,-0.2485,-0.1727,0.8946
1774945465.3312,0.0000,0.0000,0.0000,0.0000,0.0000,-3.1128,-0.2020,-67.4488,-0.4189,-0.1386,0.7284
1774945465.3513,0.0000,0.0000,0.0000,0.0000,0.0000,-3.1127,-0.2002,-4.6524,-0.2975,-0.1652,0.6325
1774945465.3746,0.0000,0.0000,0.0000,0.0000,0.0000,-3.1123,-0.1979,-21.1410,-0.2133,-0.2099,0.5953
1774945465.3913,0.0000,0.0000,0.0000,0.0000,0.0000,-3.1107,-0.1959,4.1235,-0.0983,-0.1386,0.4770
1774945465.4115,0.0000,0.0000,0.0000,0.0000,0.0000,-3.1091,-0.1940,4.8921,-0.1004,-0.1247,0.3630
1774945465.4317,0.0000,0.0000,0.0000,0.0000,0.0000,-3.1070,-0.1930,-23.1799,-0.0802,-0.0832,0.2288
1774945465.4514,0.0000,0.0000,0.0000,0.0000,0.0000,-3.1056,-0.1931,4.7640,-0.1239,-0.0331,0.1127
1774945465.4713,0.0000,0.0000,0.0000,0.0000,0.0000,-3.1036,-0.1932,-18.0603,-0.0738,-0.0320,-0.0428
1774945465.4913,0.0000,0.0000,0.0000,0.0000,0.0000,-3.1024,-0.1934,-9.9244,-0.1334,-0.0523,-0.1536
1774945465.5114,0.0000,0.0000,0.0000,0.0000,0.0000,-3.1033,-0.1943,17.0786,-0.1579,-0.0352,-0.2133
1774945465.5314,0.0000,0.0000,0.0000,0.0000,0.0000,-3.1081,-0.1971,25.9795,-0.2314,-0.0033,-0.2037
1774945465.5515,0.0000,0.0000,0.0000,0.0000,0.0000,-3.1161,-0.2005,18.5879,-0.2751,0.0308,-0.1366
1774945465.5713,0.0000,0.0000,0.0000,0.0000,0.0000,-3.1258,-0.2030,41.1128,-0.3135,-0.0161,-0.0450
1774945465.5913,0.0000,0.0000,0.0000,0.0000,0.0000,-3.1351,-0.2033,23.2114,-0.2570,-0.0960,0.0147
1774945465.6113,0.0000,0.0000,0.0000,0.0000,0.0000,3.1399,-0.2031,-22.8547,-0.2517,-0.1109,0.0158
1774945465.6316,0.0000,0.0000,0.0000,0.0000,0.0000,3.1332,-0.2045,-3.7757,-0.2645,-0.0747,-0.0013
1774945465.6513,0.0000,0.0000,0.0000,0.0000,0.0000,3.1279,-0.2062,-7.4573,-0.2037,-0.0661,-0.0375
1774945465.6714,0.0000,0.0000,0.0000,0.0000,0.0000,3.1262,-0.2087,-7.2395,-0.1089,-0.0491,-0.0652
1774945465.6914,0.0000,0.0000,0.0000,0.0000,0.0000,3.1245,-0.2113,0.2094,-0.0440,-0.0363,-0.0673
1774945465.7113,0.0000,0.0000,0.0000,0.0000,0.0000,3.1226,-0.2137,0.6214,-0.0024,-0.0448,-0.0641
1774945465.7313,0.0000,0.0000,0.0000,0.0000,0.0000,3.1209,-0.2154,1.8396,0.0210,-0.0555,-0.0407
1774945465.7514,0.0000,0.0000,0.0000,0.0000,0.0000,3.1198,-0.2169,12.6403,0.0381,-0.0779,-0.0002
1774945465.7713,0.0000,0.0000,0.0000,0.0000,0.0000,3.1206,-0.2180,13.3546,0.0583,-0.0853,0.0285
1774945465.7914,0.0000,0.0000,0.0000,0.0000,0.0000,3.1236,-0.2184,8.8689,0.0711,-0.0896,0.0392
1774945465.8115,0.0000,0.0000,0.0000,0.0000,0.0000,3.1289,-0.2189,3.9253,0.0967,-0.0832,0.0328
1774945465.8314,0.0000,0.0000,0.0000,0.0000,0.0000,3.1347,-0.2183,4.7096,0.1116,-0.0949,0.0158
1774945465.8513,0.0000,0.0000,0.0000,0.0000,0.0000,3.1399,-0.2185,1.7097,0.1307,-0.0970,-0.0098
1774945465.8713,0.0000,0.0000,0.0000,0.0000,0.0000,-3.1379,-0.2186,1.1234,0.1244,-0.0949,-0.0237
1774945465.8922,0.0000,0.0000,0.0000,0.0000,0.0000,-3.1332,-0.2192,1.2267,0.1052,-0.0906,-0.0194
1774945465.9112,0.0000,0.0000,0.0000,0.0000,0.0000,-3.1284,-0.2195,-1.2212,0.0892,-0.0992,-0.0130
1774945465.9314,0.0000,0.0000,0.0000,0.0000,0.0000,-3.1239,-0.2194,-4.4289,0.0636,-0.0970,-0.0002
1774945465.9513,0.0000,0.0000,0.0000,0.0000,0.0000,-3.1192,-0.2188,3.6240,0.0445,-0.0896,0.0094
1774945465.9713,0.0000,0.0000,0.0000,0.0000,0.0000,-3.1147,-0.2181,1.1066,0.0168,-0.0821,0.0115
1774945465.9914,0.0000,0.0000,0.0000,0.0000,0.0000,-3.1109,-0.2174,-2.9987,-0.0109,-0.0651,-0.0002
1774945466.0112,0.0000,0.0000,0.0000,0.0000,0.0000,-3.1078,-0.2170,2.4245,-0.0440,-0.0470,-0.0194
1774945466.0314,0.0000,0.0000,0.0000,0.0000,0.0000,-3.1054,-0.2163,3.7454,-0.0727,-0.0544,-0.0311
1774945466.0523,0.0000,0.0000,0.0000,0.0000,0.0000,-3.1035,-0.2158,-4.8467,-0.1036,-0.0544,-0.0460
1774945466.0719,0.0000,0.0000,0.0000,0.0000,0.0000,-3.1020,-0.2148,5.2158,-0.1430,-0.0565,-0.0535
1774945466.0913,0.0000,0.0000,0.0000,0.0000,0.0000,-3.1036,-0.2153,-7.4092,-0.1547,-0.0480,-0.0450
1774945466.1124,0.0000,0.0000,0.0000,0.0000,0.0000,-3.1078,-0.2166,7.6080,-0.1611,-0.0299,-0.0364
1774945466.1313,0.0000,0.0000,0.0000,0.0000,0.0000,-3.1123,-0.2182,3.4012,-0.1601,-0.0257,-0.0354
1774945466.1527,0.0000,0.0000,0.0000,0.0000,0.0000,-3.1156,-0.2194,2.3560,-0.1558,-0.0320,-0.0332
1774945466.1712,0.0000,0.0000,0.0000,0.0000,0.0000,-3.1202,-0.2196,-4.5629,-0.1547,-0.0278,-0.0386
1774945466.1914,0.0000,0.0000,0.0000,0.0000,0.0000,-3.1207,-0.2192,10.9207,-0.1377,-0.0320,-0.0460
1774945466.2112,0.0000,0.0000,0.0000,0.0000,0.0000,-3.1223,-0.2195,-8.1144,-0.1239,-0.0374,-0.0460
1774945466.2313,0.0000,0.0000,0.0000,0.0000,0.0000,-3.1264,-0.2184,-9.1105,-0.1025,-0.0320,-0.0482
1774945466.2514,0.0000,0.0000,0.0000,0.0000,0.0000,-3.1318,-0.2174,-11.5192,-0.0685,-0.0416,-0.0407
1774945466.2715,0.0000,0.0000,0.0000,0.0000,0.0000,-3.1370,-0.2169,-12.4144,-0.0472,-0.0384,-0.0258
1774945466.2915,0.0000,0.0000,0.0000,0.0000,0.0000,3.1416,-0.2167,-8.7481,-0.0141,-0.0214,-0.0109
1774945466.3114,0.0000,0.0000,0.0000,0.0000,0.0000,3.1374,-0.2173,0.5361,0.0008,-0.0150,-0.0024
1774945466.3314,0.0000,0.0000,0.0000,0.0000,0.0000,3.1351,-0.2201,1.8056,0.0082,-0.0043,-0.0002
1774945466.3515,0.0000,0.0000,0.0000,0.0000,0.0000,3.1363,-0.2235,9.5535,0.0221,0.0052,-0.0034
1774945466.3713,0.0000,0.0000,0.0000,0.0000,0.0000,3.1389,-0.2258,9.7102,0.0295,-0.0118,-0.0141
1774945466.3913,0.0000,0.0000,0.0000,0.0000,0.0000,3.1408,-0.2293,27.5451,0.0551,0.0052,-0.0034
1774945466.4115,0.0000,0.0000,0.0000,0.0000,0.0000,3.1415,-0.2326,21.3462,0.0658,-0.0448,0.0115
1774945466.4313,0.0000,0.0000,0.0000,0.0000,0.0000,-3.1394,-0.2347,21.5955,0.0785,-0.0821,0.0126
1774945466.4513,0.0000,0.0000,0.0000,0.0000,0.0000,-3.1382,-0.2375,6.7564,0.0775,-0.0565,0.0221
1774945466.4714,0.0000,0.0000,0.0000,0.0000,0.0000,-3.1365,-0.2402,-3.0364,0.0881,-0.0565,0.0317
1774945466.4913,0.0000,0.0000,0.0000,0.0000,0.0000,-3.1347,-0.2423,-14.3579,0.0849,-0.1055,0.0307
1774945466.5112,0.0000,0.0000,0.0000,0.0000,0.0000,-3.1330,-0.2430,7.1899,0.0785,-0.1503,0.0339
1774945466.5314,0.0000,0.0000,0.0000,0.0000,0.0000,-3.1303,-0.2428,-25.6085,0.0945,-0.1886,0.0158
1774945466.5514,0.0000,0.0000,0.0000,0.0000,0.0000,-3.1286,-0.2418,-58.6473,0.1020,-0.1759,-0.0194
1774945466.5713,0.0000,0.0000,0.0000,0.0000,0.0000,-3.1272,-0.2396,-3.2453,0.0519,-0.1908,0.0019
1774945466.5913,0.0000,0.0000,0.0000,0.0000,0.0000,-3.1245,-0.2375,44.1269,0.0743,-0.2302,0.0136
1774945466.6128,0.0000,0.0000,0.0000,0.0000,0.0000,-3.1226,-0.2374,30.2961,0.0445,-0.1631,0.0253
1774945466.6314,0.0000,0.0000,0.0000,0.0000,0.0000,-3.1209,-0.2371,32.6046,0.0370,-0.1897,0.0136
1774945466.6514,0.0000,0.0000,0.0000,0.0000,0.0000,-3.1190,-0.2356,8.4904,0.0125,-0.2344,0.0083
1774945466.6714,0.0000,0.0000,0.0000,0.0000,0.0000,-3.1169,-0.2338,-0.7653,-0.0280,-0.2504,-0.0130
1774945466.6913,0.0000,0.0000,0.0000,0.0000,0.0000,-3.1168,-0.2315,-29.6029,-0.0269,-0.1822,-0.0173
1774945466.7114,0.0000,0.0000,0.0000,0.0000,0.0000,-3.1169,-0.2321,23.0880,0.0008,-0.1386,-0.0119
1774945466.7314,0.0000,0.0000,0.0000,0.0000,0.0000,-3.1193,-0.2305,-21.7211,-0.0450,-0.1279,-0.0141
1774945466.7514,0.0000,0.0000,0.0000,0.0000,0.0000,-3.1196,-0.2321,39.2292,-0.0429,-0.0533,-0.0215
1774945466.7713,0.0000,0.0000,0.0000,0.0000,0.0000,-3.1202,-0.2340,33.3725,-0.0365,-0.0693,-0.0087
1774945466.7915,0.0000,0.0000,0.0000,0.0000,0.0000,-3.1207,-0.2366,16.7035,-0.0461,-0.0310,-0.0034
1774945466.8112,0.0000,0.0000,0.0000,0.0000,0.0000,-3.1196,-0.2376,19.7823,-0.0216,-0.0246,-0.0119
1774945466.8313,0.0000,0.0000,0.0000,0.0000,0.0000,-3.1209,-0.2388,-14.8450,-0.0418,-0.0299,-0.0130
1774945466.8522,0.0000,0.0000,0.0000,0.0000,0.0000,-3.1187,-0.2410,-24.1636,-0.0131,-0.0022,-0.0183
1774945466.8713,0.0000,0.0000,0.0000,0.0000,0.0000,-3.1201,-0.2398,-22.8380,-0.0077,-0.0288,-0.0226
1774945466.8913,0.0000,0.0000,0.0000,0.0000,0.0000,-3.1206,-0.2390,-38.5012,-0.0184,0.0031,-0.0205
1774945466.9117,0.0000,0.0000,0.0000,0.0000,0.0000,-3.1192,-0.2383,3.6764,-0.0099,0.0063,-0.0098
1774945466.9312,0.0000,0.0000,0.0000,0.0000,0.0000,-3.1191,-0.2358,-33.9745,0.0029,0.0010,-0.0183
1774945466.9534,0.0000,0.0000,0.0000,0.0000,0.0000,-3.1178,-0.2331,-1.7060,-0.0280,-0.0651,-0.0141
1774945466.9712,0.0000,0.0000,0.0000,0.0000,0.0000,-3.1177,-0.2291,-30.4813,-0.0163,-0.0661,-0.0130
1774945466.9913,0.0000,0.0000,0.0000,0.0000,0.0000,-3.1181,-0.2269,13.9221,0.0434,-0.0203,0.0829
1774945467.0115,0.0000,0.0000,0.0000,0.0000,0.0000,-3.1220,-0.2269,99.1318,-0.0834,0.0521,0.2235
1774945467.0321,0.0000,0.0000,0.0000,0.0000,0.0000,-3.1222,-0.2287,43.0741,-0.0791,0.1000,0.2831
1774945467.0530,0.0000,0.0000,0.0000,0.0000,0.0000,-3.1209,-0.2292,29.5442,-0.1356,0.0383,0.2640
1774945467.0713,0.0000,0.0000,0.0000,0.0000,0.0000,-3.1238,-0.2306,-13.3835,-0.1377,0.0670,0.2736
1774945467.0915,0.0000,0.0000,0.0000,0.0000,0.0000,-3.1233,-0.2326,9.3133,-0.0599,0.1011,0.3012
1774945467.1125,0.0000,0.0000,0.0000,0.0000,0.0000,-3.1265,-0.2334,25.5986,-0.0535,0.0841,0.3279
1774945467.1314,0.0000,0.0000,0.0000,0.0000,0.0000,-3.1269,-0.2337,2.4829,-0.0525,0.0905,0.3492
1774945467.1527,0.0000,0.0000,0.0000,0.0000,0.0000,-3.1253,-0.2347,14.9710,-0.0578,0.0862,0.3503
1774945467.1722,0.0000,0.0000,0.0000,0.0000,0.0000,-3.1230,-0.2365,-48.9709,-0.0940,0.0905,0.3023
1774945467.1917,0.0000,0.0000,0.0000,0.0000,0.0000,-3.1258,-0.2375,-38.5030,-0.0557,0.0915,0.2927
1774945467.2119,0.0000,0.0000,0.0000,0.0000,0.0000,-3.1238,-0.2367,-46.6008,-0.0674,-0.0033,0.2778
1774945467.2317,0.0000,0.0000,0.0000,0.0000,0.0000,-3.1253,-0.2358,0.3017,-0.0621,0.0020,0.2640
1774945467.2526,0.0000,0.0000,0.0000,0.0000,0.0000,-3.1212,-0.2347,-25.5165,0.0540,-0.0075,0.2395
1774945467.2713,0.0000,0.0000,0.0000,0.0000,0.0000,-3.1177,-0.2316,2.4912,0.0999,0.0106,0.2245
1774945467.2913,0.0000,0.0000,0.0000,0.0000,0.0000,-3.1185,-0.2297,30.2308,-0.0184,0.0329,0.2000
1774945467.3113,0.0000,0.0000,0.0000,0.0000,0.0000,-3.1173,-0.2298,0.0000,-0.0695,-0.0320,0.1223
1774945467.3314,0.0000,0.0000,0.0000,0.0000,0.0000,-3.1187,-0.2268,3.9562,-0.0589,-0.0193,0.0743
1774945467.3513,0.0000,0.0000,0.0000,0.0000,0.0000,-3.1194,-0.2254,-20.2776,-0.0227,0.0457,0.0648
1774945467.3712,0.0000,0.0000,0.0000,0.0000,0.0000,-3.1204,-0.2239,11.5622,-0.0056,0.0340,0.0605
1774945467.3913,0.0000,0.0000,0.0000,0.0000,0.0000,-3.1174,-0.2248,18.3249,0.0061,0.0319,0.0743
1774945467.4117,0.0000,0.0000,0.0000,0.0000,0.0000,-3.1194,-0.2268,-18.0573,0.0338,0.0553,0.1052
1774945467.4313,0.0000,0.0000,0.0000,0.0000,0.0000,-3.1221,-0.2274,-14.6070,0.0050,0.0713,0.1116
1774945467.4516,0.0000,0.0000,0.0000,0.0000,0.0000,-3.1232,-0.2249,25.2629,-0.0397,-0.0001,0.1127
1774945467.4712,0.0000,0.0000,0.0000,0.0000,0.0000,-3.1232,-0.2224,-39.5676,-0.0567,0.0319,0.0839
1774945467.4912,0.0000,0.0000,0.0000,0.0000,0.0000,-3.1227,-0.2222,48.0554,-0.0770,0.0745,0.0562
1774945467.5114,0.0000,0.0000,0.0000,0.0000,0.0000,-3.1246,-0.2200,-26.5991,-0.0759,0.0361,0.0488
1774945467.5393,0.0000,0.0000,0.0000,0.0000,0.0000,-3.1233,-0.2187,7.6343,-0.0631,0.1128,0.0498
1774945467.5520,0.0000,0.0000,0.0000,0.0000,0.0000,-3.1207,-0.2177,-7.5069,0.0210,0.1054,0.0786
1774945467.5713,0.0000,0.0000,0.0000,0.0000,0.0000,-3.1225,-0.2171,-9.0146,-0.0109,0.0020,0.1010
1774945467.5914,0.0000,0.0000,0.0000,0.0000,0.0000,-3.1243,-0.2159,-1.6662,-0.0503,0.0521,0.0562
1774945467.6112,0.0000,0.0000,0.0000,0.0000,0.0000,-3.1223,-0.2169,20.9177,-0.0567,0.0681,0.0829
1774945467.6315,0.0000,0.0000,0.0000,0.0000,0.0000,-3.1227,-0.2169,-63.8130,0.0114,0.0127,0.0829
1774945467.6516,0.0000,0.0000,0.0000,0.0000,0.0000,-3.1227,-0.2185,1.9652,-0.0248,0.0532,0.0594
1774945467.6713,0.0000,0.0000,0.0000,0.0000,0.0000,-3.1241,-0.2187,-7.3071,0.0019,0.0692,0.0584
1774945467.6915,0.0000,0.0000,0.0000,0.0000,0.0000,-3.1234,-0.2196,70.3430,0.0040,0.0404,0.0669
1774945467.7113,0.0000,0.0000,0.0000,0.0000,0.0000,-3.1222,-0.2215,-38.5100,0.0583,0.0138,0.0680
1774945467.7313,0.0000,0.0000,0.0000,0.0000,0.0000,-3.1224,-0.2220,13.6844,-0.0429,0.0276,0.0232
1774945467.7513,0.0000,0.0000,0.0000,0.0000,0.0000,-3.1208,-0.2252,43.0808,-0.0248,0.0766,-0.1174
1774945467.7713,0.0000,0.0000,0.0000,0.0000,0.0000,-3.1184,-0.2289,-6.0393,0.0498,0.0361,-0.1728
1774945467.7913,0.0000,0.0000,0.0000,0.0000,0.0000,-3.1167,-0.2330,-11.6489,0.0551,0.0479,-0.1557
1774945467.8115,0.0000,0.0000,0.0000,0.0000,0.0000,-3.1153,-0.2348,33.9269,0.0881,-0.0331,-0.1355
1774945467.8314,0.0000,0.0000,0.0000,0.0000,0.0000,-3.1165,-0.2363,63.6450,0.0338,-0.1386,-0.1025
1774945467.8527,0.0000,0.0000,0.0000,0.0000,0.0000,-3.1187,-0.2370,-23.8345,-0.0099,-0.1237,-0.0205
1774945467.8722,0.0000,0.0000,0.0000,0.0000,0.0000,-3.1181,-0.2376,28.6585,-0.0024,-0.1343,0.0211
1774945467.8915,0.0000,0.0000,0.0000,0.0000,0.0000,-3.1191,-0.2366,-14.2044,0.0253,-0.1354,0.0658
1774945467.9114,0.0000,0.0000,0.0000,0.0000,0.0000,-3.1179,-0.2348,-31.1713,0.0402,-0.1641,0.0743
1774945467.9315,0.0000,0.0000,0.0000,0.0000,0.0000,-3.1165,-0.2329,-40.3769,-0.0013,-0.1247,0.0221
1774945467.9514,0.0000,0.0000,0.0000,0.0000,0.0000,-3.1161,-0.2333,77.2567,-0.0748,-0.1130,-0.0237
1774945467.9714,0.0000,0.0000,0.0000,0.0000,0.0000,-3.1143,-0.2315,12.4443,0.0125,-0.1524,-0.0343
1774945467.9914,0.0000,0.0000,0.0000,0.0000,0.0000,-3.1151,-0.2302,-19.6009,-0.0120,-0.1386,-0.0428
1774945468.0113,0.0000,0.0000,0.0000,0.0000,0.0000,-3.1151,-0.2270,-68.9606,0.0178,-0.1151,-0.0162
1774945468.0313,0.0000,0.0000,0.0000,0.0000,0.0000,-3.1172,-0.2252,-55.5714,0.0658,-0.1364,0.0115
1774945468.0515,0.0000,0.0000,0.0000,0.0000,0.0000,-3.1177,-0.2238,1.4453,0.0072,-0.1130,0.0296
1774945468.0715,0.0000,0.0000,0.0000,0.0000,0.0000,-3.1169,-0.2230,68.6722,0.0050,-0.0938,0.0126
1774945468.0914,0.0000,0.0000,0.0000,0.0000,0.0000,-3.1173,-0.2217,59.5582,-0.0876,-0.1119,-0.0066
1774945468.1115,0.0000,0.0000,0.0000,0.0000,0.0000,-3.1151,-0.2201,85.1659,-0.0727,-0.1279,-0.0226
1774945468.1313,0.0000,0.0000,0.0000,0.0000,0.0000,-3.1142,-0.2197,25.3829,-0.0653,-0.1173,-0.0311
1774945468.1514,0.0000,0.0000,0.0000,0.0000,0.0000,-3.1147,-0.2204,20.6056,-0.0951,-0.0267,-0.0332
1774945468.1714,0.0000,0.0000,0.0000,0.0000,0.0000,-3.1149,-0.2224,47.3563,-0.0567,0.0351,-0.0247
1774945468.1913,0.0000,0.0000,0.0000,0.0000,0.0000,-3.1151,-0.2267,38.8293,-0.0312,0.1128,-0.0013
1774945468.2113,0.0000,0.0000,0.0000,0.0000,0.0000,-3.1150,-0.2319,46.3415,0.0136,0.1363,0.0062
1774945468.2314,0.0000,0.0000,0.0000,0.0000,0.0000,-3.1188,-0.2346,-5.3216,-0.0290,0.0819,0.0136
1774945468.2514,0.0000,0.0000,0.0000,0.0000,0.0000,-3.1216,-0.2345,-19.9295,0.0242,-0.0001,0.1052
1774945468.2713,0.0000,0.0000,0.0000,0.0000,0.0000,-3.1252,-0.2327,18.9256,-0.0898,-0.0278,0.2043
1774945468.2914,0.0000,0.0000,0.0000,0.0000,0.0000,-3.1270,-0.2307,23.1398,-0.0685,-0.0406,0.2842
1774945468.3116,0.0000,0.0000,0.0000,0.0000,0.0000,-3.1261,-0.2310,25.1374,-0.0748,0.0436,0.3055
1774945468.3314,0.0000,0.0000,0.0000,0.0000,0.0000,-3.1262,-0.2301,107.3959,-0.0844,-0.0267,0.2640
1774945468.3512,0.0000,0.0000,0.0000,0.0000,0.0000,-3.1275,-0.2286,33.7616,-0.1420,-0.0629,0.2256
1774945468.3714,0.0000,0.0000,0.0000,0.0000,0.0000,-3.1294,-0.2276,-14.4541,-0.1260,0.0457,0.2277
1774945468.3913,0.0000,0.0000,0.0000,0.0000,0.0000,-3.1293,-0.2285,-16.6276,-0.0866,0.0692,0.2459
1774945468.4116,0.0000,0.0000,0.0000,0.0000,0.0000,-3.1312,-0.2316,90.6541,-0.0780,0.1245,0.2554
1774945468.4314,0.0000,0.0000,0.0000,0.0000,0.0000,-3.1325,-0.2333,56.2529,-0.0472,0.1182,0.2608
1774945468.4512,0.0000,0.0000,0.0000,0.0000,0.0000,-3.1348,-0.2323,67.6483,-0.0876,-0.0118,0.2746
1774945468.4712,0.0000,0.0000,0.0000,0.0000,0.0000,-3.1347,-0.2309,42.1138,-0.0930,-0.0619,0.2608
1774945468.4914,0.0000,0.0000,0.0000,0.0000,0.0000,-3.1374,-0.2283,-11.3511,-0.0780,-0.0171,0.2714
1774945468.5113,0.0000,0.0000,0.0000,0.0000,0.0000,-3.1382,-0.2281,7.2960,-0.0791,0.0180,0.2661
1774945468.5314,0.0000,0.0000,0.0000,0.0000,0.0000,-3.1407,-0.2279,-36.2554,-0.1004,0.0265,0.2895
1774945468.5513,0.0000,0.0000,0.0000,0.0000,0.0000,3.1414,-0.2264,-48.3237,-0.0408,0.0148,0.3428
1774945468.5713,0.0000,0.0000,0.0000,0.0000,0.0000,3.1385,-0.2264,21.6332,-0.0440,-0.0193,0.3779
1774945468.5913,0.0000,0.0000,0.0000,0.0000,0.0000,3.1375,-0.2257,28.4815,-0.0930,0.0010,0.3684
1774945468.6113,0.0000,0.0000,0.0000,0.0000,0.0000,3.1356,-0.2257,-63.2245,-0.1505,0.0649,0.3950
1774945468.6313,0.0000,0.0000,0.0000,0.0000,0.0000,3.1346,-0.2275,-61.2377,-0.1441,0.0937,0.4270
1774945468.6513,0.0000,0.0000,0.0000,0.0000,0.0000,3.1330,-0.2290,-36.2184,-0.0993,0.0883,0.4397
1774945468.6743,0.0000,0.0000,0.0000,0.0000,0.0000,3.1316,-0.2289,5.1715,-0.0887,0.0692,0.4355
1774945468.6914,0.0000,0.0000,0.0000,0.0000,0.0000,3.1295,-0.2274,-0.1650,-0.1004,-0.0257,0.4706
1774945468.7113,0.0000,0.0000,0.0000,0.0000,0.0000,3.1271,-0.2273,-13.8408,-0.0962,-0.0075,0.4365
1774945468.7313,0.0000,0.0000,0.0000,0.0000,0.0000,3.1233,-0.2266,78.6415,-0.1015,-0.0129,0.4589
1774945468.7513,0.0000,0.0000,0.0000,0.0000,0.0000,3.1230,-0.2260,-9.3796,-0.0823,-0.0736,0.4163
1774945468.7714,0.0000,0.0000,0.0000,0.0000,0.0000,3.1233,-0.2260,-27.2604,-0.0514,-0.0533,0.4365
1774945468.7913,0.0000,0.0000,0.0000,0.0000,0.0000,3.1213,-0.2241,24.9536,-0.0866,-0.0416,0.4259
1774945468.8116,0.0000,0.0000,0.0000,0.0000,0.0000,3.1210,-0.2237,58.3220,-0.0386,-0.0342,0.4472
1774945468.8314,0.0000,0.0000,0.0000,0.0000,0.0000,3.1202,-0.2205,46.7081,-0.0450,-0.0193,0.4717
1774945468.8518,0.0000,0.0000,0.0000,0.0000,0.0000,3.1214,-0.2168,-19.4555,-0.0088,-0.0171,0.4525
1774945468.8721,0.0000,0.0000,0.0000,0.0000,0.0000,3.1214,-0.2141,-43.1783,-0.1100,-0.0565,0.4280
1774945468.8914,0.0000,0.0000,0.0000,0.0000,0.0000,3.1223,-0.2121,50.1607,-0.0354,0.0457,0.4248
1774945468.9115,0.0000,0.0000,0.0000,0.0000,0.0000,3.1267,-0.2140,151.2327,0.0999,0.1757,0.3236
1774945468.9314,0.0000,0.0000,0.0000,0.0000,0.0000,3.1277,-0.2167,-49.4465,-0.0472,0.0947,0.3055
1774945468.9526,0.0000,0.0000,0.0000,0.0000,0.0000,3.1271,-0.2171,57.3320,-0.0301,-0.0225,0.3289
1774945468.9713,0.0000,0.0000,0.0000,0.0000,0.0000,3.1270,-0.2149,-5.5487,0.0604,-0.0533,0.3353
1774945468.9915,0.0000,0.0000,0.0000,0.0000,0.0000,3.1290,-0.2155,55.1836,0.0487,0.0787,0.3279
1774945469.0113,0.0000,0.0000,0.0000,0.0000,0.0000,3.1326,-0.2162,132.7502,0.0253,0.1672,0.1787
1774945469.0314,0.0000,0.0000,0.0000,0.0000,0.0000,3.1382,-0.2194,43.4684,0.1499,0.1821,-0.0631
1774945469.0514,0.0000,0.0000,0.0000,0.0000,0.0000,3.1414,-0.2218,1.0202,0.0743,0.1491,-0.2101
1774945469.0715,0.0000,0.0000,0.0000,0.0000,0.0000,-3.1403,-0.2211,50.0413,0.0690,0.0702,-0.2410
1774945469.0912,0.0000,0.0000,0.0000,0.0000,0.0000,-3.1378,-0.2178,-14.0404,0.1073,-0.0118,-0.2026
1774945469.1113,0.0000,0.0000,0.0000,0.0000,0.0000,-3.1396,-0.2177,-56.1616,0.0509,0.0436,-0.0695
1774945469.1314,0.0000,0.0000,0.0000,0.0000,0.0000,-3.1385,-0.2155,-62.7521,0.1329,0.0031,0.0285
1774945469.1529,0.0000,0.0000,0.0000,0.0000,0.0000,-3.1368,-0.2158,-86.9013,0.0775,0.0415,0.0818
1774945469.1714,0.0000,0.0000,0.0000,0.0000,0.0000,-3.1369,-0.2151,-76.1253,-0.0067,0.0585,0.0914
1774945469.1915,0.0000,0.0000,0.0000,0.0000,0.0000,-3.1342,-0.2149,-11.8379,0.0413,0.0638,0.0520
1774945469.2116,0.0000,0.0000,0.0000,0.0000,0.0000,-3.1325,-0.2132,-52.5399,0.0114,0.0372,0.0296
1774945469.2313,0.0000,0.0000,0.0000,0.0000,0.0000,-3.1300,-0.2137,-58.0376,0.0359,0.0734,-0.0269
1774945469.2513,0.0000,0.0000,0.0000,0.0000,0.0000,-3.1301,-0.2145,-33.5052,0.0338,0.1064,-0.0524
1774945469.2715,0.0000,0.0000,0.0000,0.0000,0.0000,-3.1295,-0.2135,-16.3894,0.0157,0.0468,-0.0407
1774945469.2914,0.0000,0.0000,0.0000,0.0000,0.0000,-3.1284,-0.2158,-22.8394,0.0540,0.0958,-0.0418
1774945469.3113,0.0000,0.0000,0.0000,0.0000,0.0000,-3.1273,-0.2156,-9.4648,0.0509,0.0777,-0.0034
1774945469.3317,0.0000,0.0000,0.0000,0.0000,0.0000,-3.1247,-0.2177,17.2261,0.0242,0.0180,0.0094
1774945469.3514,0.0000,0.0000,0.0000,0.0000,0.0000,-3.1244,-0.2201,27.3272,-0.0035,0.0585,0.0253
1774945469.3714,0.0000,0.0000,0.0000,0.0000,0.0000,-3.1245,-0.2201,48.1422,-0.0386,0.0532,0.0221
1774945469.3913,0.0000,0.0000,0.0000,0.0000,0.0000,-3.1218,-0.2212,3.9935,0.0242,-0.0171,0.0147
1774945469.4130,0.0000,0.0000,0.0000,0.0000,0.0000,-3.1220,-0.2215,-73.6580,-0.0067,0.0031,-0.0024
1774945469.4314,0.0000,0.0000,0.0000,0.0000,0.0000,-3.1214,-0.2186,-19.0577,-0.0408,-0.0363,-0.0290
1774945469.4513,0.0000,0.0000,0.0000,0.0000,0.0000,-3.1215,-0.2204,-72.0499,-0.0482,-0.0033,-0.0300
1774945469.4713,0.0000,0.0000,0.0000,0.0000,0.0000,-3.1213,-0.2215,-47.6269,-0.0056,0.0202,-0.0279
1774945469.4913,0.0000,0.0000,0.0000,0.0000,0.0000,-3.1221,-0.2239,5.1377,0.0104,0.0255,0.0040
1774945469.5121,0.0000,0.0000,0.0000,0.0000,0.0000,-3.1231,-0.2249,-44.9350,-0.0397,-0.0544,0.0030
1774945469.5314,0.0000,0.0000,0.0000,0.0000,0.0000,-3.1253,-0.2222,-19.4865,-0.0514,-0.0576,-0.0087
1774945469.5513,0.0000,0.0000,0.0000,0.0000,0.0000,-3.1252,-0.2175,-10.7100,-0.0248,-0.0832,-0.0151
1774945469.5714,0.0000,0.0000,0.0000,0.0000,0.0000,-3.1265,-0.2142,35.3810,-0.0386,-0.0832,-0.0269
1774945469.5914,0.0000,0.0000,0.0000,0.0000,0.0000,-3.1273,-0.2128,60.3495,-0.0333,-0.0086,-0.0407
1774945469.6115,0.0000,0.0000,0.0000,0.0000,0.0000,-3.1275,-0.2124,95.8847,-0.0365,-0.0139,-0.0173
1774945469.6314,0.0000,0.0000,0.0000,0.0000,0.0000,-3.1263,-0.2107,-17.1402,-0.0035,-0.0533,-0.0173
1774945469.6517,0.0000,0.0000,0.0000,0.0000,0.0000,-3.1275,-0.2092,-7.6881,-0.0163,-0.0310,-0.0173
1774945469.6714,0.0000,0.0000,0.0000,0.0000,0.0000,-3.1307,-0.2070,-62.6372,-0.0791,-0.0352,-0.0205
1774945469.6913,0.0000,0.0000,0.0000,0.0000,0.0000,-3.1281,-0.2062,-78.4507,-0.0099,-0.0502,-0.0226
1774945469.7121,0.0000,0.0000,0.0000,0.0000,0.0000,-3.1285,-0.2046,-26.9076,-0.0024,-0.0129,-0.0024
1774945469.7314,0.0000,0.0000,0.0000,0.0000,0.0000,-3.1296,-0.2039,2.5400,-0.0152,-0.0225,-0.0013
1774945469.7513,0.0000,0.0000,0.0000,0.0000,0.0000,-3.1294,-0.2052,-26.8158,0.0104,0.0265,-0.0151
1774945469.7714,0.0000,0.0000,0.0000,0.0000,0.0000,-3.1301,-0.2048,4.0838,-0.0035,0.0596,-0.0119
1774945469.7913,0.0000,0.0000,0.0000,0.0000,0.0000,-3.1294,-0.2073,81.1167,0.0381,0.0724,-0.0087
1774945469.8113,0.0000,0.0000,0.0000,0.0000,0.0000,-3.1293,-0.2081,33.8844,0.0189,0.1459,-0.0215
1774945469.8313,0.0000,0.0000,0.0000,0.0000,0.0000,-3.1291,-0.2080,8.4652,0.0082,0.0713,0.0253
1774945469.8518,0.0000,0.0000,0.0000,0.0000,0.0000,-3.1279,-0.2100,-0.0414,0.0636,0.0574,0.0072
1774945469.8714,0.0000,0.0000,0.0000,0.0000,0.0000,-3.1278,-0.2146,-29.5231,0.0210,0.0468,0.0115
1774945469.8913,0.0000,0.0000,0.0000,0.0000,0.0000,-3.1266,-0.2183,10.2681,0.0359,-0.0033,0.0115
1774945469.9118,0.0000,0.0000,0.0000,0.0000,0.0000,-3.1233,-0.2174,-8.3107,0.0423,0.0191,-0.0151
1774945469.9314,0.0000,0.0000,0.0000,0.0000,0.0000,-3.1200,-0.2147,-11.3492,-0.0354,-0.0214,-0.0151
1774945469.9518,0.0000,0.0000,0.0000,0.0000,0.0000,-3.1170,-0.2131,-18.6607,-0.0056,-0.0193,-0.0279
1774945469.9715,0.0000,0.0000,0.0000,0.0000,0.0000,-3.1165,-0.2149,7.2812,-0.0205,0.0106,-0.0162
1774945469.9913,0.0000,0.0000,0.0000,0.0000,0.0000,-3.1145,-0.2159,12.3056,-0.0056,-0.0054,-0.0034
1774945470.0115,0.0000,0.0000,0.0000,0.0000,0.0000,-3.1138,-0.2173,-15.4701,0.0423,-0.0448,-0.0130
1774945470.0313,0.0000,0.0000,0.0000,0.0000,0.0000,-3.1148,-0.2175,47.2672,-0.0056,-0.0544,-0.0013
1774945470.0518,0.0000,0.0000,0.0000,0.0000,0.0000,-3.1176,-0.2168,-5.7648,-0.0099,-0.0523,-0.0034
1774945470.0715,0.0000,0.0000,0.0000,0.0000,0.0000,-3.1186,-0.2139,29.7308,-0.0013,-0.0107,-0.0077
1774945470.0928,0.0000,0.0000,0.0000,0.0000,0.0000,-3.1178,-0.2123,-55.4907,-0.0557,-0.0012,0.0008
1774945470.1114,0.0000,0.0000,0.0000,0.0000,0.0000,-3.1156,-0.2124,14.9420,-0.0386,-0.0288,-0.0215
1774945470.1314,0.0000,0.0000,0.0000,0.0000,0.0000,-3.1156,-0.2125,21.5362,-0.0312,-0.0608,-0.0183
1774945470.1514,0.0000,0.0000,0.0000,0.0000,0.0000,-3.1168,-0.2115,-13.2065,-0.0163,-0.0502,-0.0215
1774945470.1718,0.0000,0.0000,0.0000,0.0000,0.0000,-3.1172,-0.2107,7.5533,0.0104,-0.0342,-0.0247
1774945470.1913,0.0000,0.0000,0.0000,0.0000,0.0000,-3.1192,-0.2076,0.0000,-0.0280,-0.0193,-0.0066
1774945470.2114,0.0000,0.0000,0.0000,0.0000,0.0000,-3.1204,-0.2070,8.7528,-0.0227,0.0425,-0.0237
1774945470.2316,0.0000,0.0000,0.0000,0.0000,0.0000,-3.1210,-0.2081,125.0587,0.0370,0.0287,-0.0087
1774945470.2514,0.0000,0.0000,0.0000,0.0000,0.0000,-3.1225,-0.2082,64.2836,-0.0248,0.0052,0.0030
1774945470.2714,0.0000,0.0000,0.0000,0.0000,0.0000,-3.1236,-0.2073,-28.4633,-0.0344,0.0340,-0.0087
1774945470.2914,0.0000,0.0000,0.0000,0.0000,0.0000,-3.1247,-0.2078,-47.8167,0.0019,0.0479,-0.0045
1774945470.3113,0.0000,0.0000,0.0000,0.0000,0.0000,-3.1253,-0.2059,-41.3661,-0.0077,-0.0001,0.0008
1774945470.3314,0.0000,0.0000,0.0000,0.0000,0.0000,-3.1227,-0.2059,24.0520,0.0434,0.0084,-0.0066
1774945470.3514,0.0000,0.0000,0.0000,0.0000,0.0000,-3.1219,-0.2039,-11.1753,-0.0141,0.0148,-0.0173
1774945470.3730,0.0000,0.0000,0.0000,0.0000,0.0000,-3.1219,-0.2043,-24.6906,-0.0365,0.0212,-0.0237
1774945470.3913,0.0000,0.0000,0.0000,0.0000,0.0000,-3.1200,-0.2041,8.1218,0.0061,0.0233,-0.0205
1774945470.4113,0.0000,0.0000,0.0000,0.0000,0.0000,-3.1216,-0.2051,-7.3373,0.0050,0.0265,-0.0087
1774945470.4313,0.0000,0.0000,0.0000,0.0000,0.0000,-3.1248,-0.2033,1.1422,-0.0695,0.0084,-0.0098
1774945470.4514,0.0000,0.0000,0.0000,0.0000,0.0000,-3.1227,-0.2008,-36.1821,0.0157,0.0031,-0.0109
1774945470.4713,0.0000,0.0000,0.0000,0.0000,0.0000,-3.1234,-0.2033,17.5046,0.0327,0.0734,0.0030
1774945470.4913,0.0000,0.0000,0.0000,0.0000,0.0000,-3.1260,-0.2036,5.9586,-0.0120,0.1011,-0.0119
1774945470.5113,0.0000,0.0000,0.0000,0.0000,0.0000,-3.1264,-0.2058,15.6695,0.0104,0.0489,-0.0109
1774945470.5313,0.0000,0.0000,0.0000,0.0000,0.0000,-3.1274,-0.2080,-20.7629,0.0029,0.0052,0.0168
1774945470.5522,0.0000,0.0000,0.0000,0.0000,0.0000,-3.1298,-0.2106,19.5136,-0.0333,-0.0203,0.0211
1774945470.5715,0.0000,0.0000,0.0000,0.0000,0.0000,-3.1271,-0.2126,1.7340,0.0019,-0.0406,0.0083
1774945470.5913,0.0000,0.0000,0.0000,0.0000,0.0000,-3.1261,-0.2134,-46.8483,0.0264,-0.0299,0.0062
1774945470.6114,0.0000,0.0000,0.0000,0.0000,0.0000,-3.1279,-0.2124,8.7690,-0.0163,-0.0448,-0.0066
1774945470.6313,0.0000,0.0000,0.0000,0.0000,0.0000,-3.1267,-0.2136,12.6797,0.0136,-0.0257,-0.0386
1774945470.6514,0.0000,0.0000,0.0000,0.0000,0.0000,-3.1251,-0.2141,-8.3923,0.0253,-0.0065,-0.0269
1774945470.6714,0.0000,0.0000,0.0000,0.0000,0.0000,-3.1276,-0.2158,55.0906,0.0242,0.0628,-0.0055
1774945470.6914,0.0000,0.0000,0.0000,0.0000,0.0000,-3.1266,-0.2169,11.0691,0.0647,0.0777,-0.0024
1774945470.7113,0.0000,0.0000,0.0000,0.0000,0.0000,-3.1276,-0.2157,1.8861,0.0306,0.0127,0.0200
1774945470.7314,0.0000,0.0000,0.0000,0.0000,0.0000,-3.1278,-0.2161,0.9460,0.0338,-0.0438,0.0221
1774945470.7513,0.0000,0.0000,0.0000,0.0000,0.0000,-3.1268,-0.2169,-28.9235,0.0221,-0.0288,0.0179
1774945470.7715,0.0000,0.0000,0.0000,0.0000,0.0000,-3.1249,-0.2160,-8.1526,-0.0290,-0.0459,-0.0066
1774945470.7914,0.0000,0.0000,0.0000,0.0000,0.0000,-3.1229,-0.2155,4.1157,-0.0088,-0.0789,-0.0151
1774945470.8117,0.0000,0.0000,0.0000,0.0000,0.0000,-3.1212,-0.2153,-13.2237,-0.0067,-0.0299,-0.0194
1774945470.8313,0.0000,0.0000,0.0000,0.0000,0.0000,-3.1208,-0.2131,11.5198,-0.0418,-0.0661,-0.0269
1774945470.8518,0.0000,0.0000,0.0000,0.0000,0.0000,-3.1202,-0.2139,-53.6474,-0.0056,-0.0267,-0.0247
1774945470.8721,0.0000,0.0000,0.0000,0.0000,0.0000,-3.1227,-0.2142,21.7243,-0.0088,0.0340,-0.0215
1774945470.8913,0.0000,0.0000,0.0000,0.0000,0.0000,-3.1253,-0.2150,-20.7613,-0.0205,-0.0502,0.0040
1774945470.9113,0.0000,0.0000,0.0000,0.0000,0.0000,-3.1257,-0.2162,-44.5146,0.0423,-0.0012,0.0126
1774945470.9317,0.0000,0.0000,0.0000,0.0000,0.0000,-3.1277,-0.2163,18.3738,0.0295,0.0095,0.0094
1774945470.9518,0.0000,0.0000,0.0000,0.0000,0.0000,-3.1296,-0.2134,-47.6444,-0.0152,-0.1024,-0.0130
1774945470.9716,0.0000,0.0000,0.0000,0.0000,0.0000,-3.1278,-0.2117,-60.6186,0.0349,-0.0086,-0.0173
1774945470.9914,0.0000,0.0000,0.0000,0.0000,0.0000,-3.1280,-0.2099,42.4615,0.0093,0.0042,0.0040
1774945471.0126,0.0000,0.0000,0.0000,0.0000,0.0000,-3.1271,-0.2084,48.9860,0.0157,-0.0107,0.0083
1774945471.0312,0.0000,0.0000,0.0000,0.0000,0.0000,-3.1239,-0.2067,52.9317,0.0615,0.0425,-0.0013
1774945471.0514,0.0000,0.0000,0.0000,0.0000,0.0000,-3.1224,-0.2039,4.4351,0.0082,0.0063,-0.0151
1774945471.0714,0.0000,0.0000,0.0000,0.0000,0.0000,-3.1223,-0.2060,51.3033,-0.0131,-0.0225,0.0072
1774945471.0913,0.0000,0.0000,0.0000,0.0000,0.0000,-3.1206,-0.2079,10.1238,0.0274,-0.0001,0.0051
1774945471.1115,0.0000,0.0000,0.0000,0.0000,0.0000,-3.1223,-0.2076,-25.6628,-0.0099,-0.0406,0.0168
1774945471.1317,0.0000,0.0000,0.0000,0.0000,0.0000,-3.1255,-0.2083,-17.7178,-0.0493,-0.0246,0.0168
1774945471.1514,0.0000,0.0000,0.0000,0.0000,0.0000,-3.1242,-0.2090,-49.3247,0.0178,0.0383,-0.0141
1774945471.1722,0.0000,0.0000,0.0000,0.0000,0.0000,-3.1239,-0.2094,-0.9193,0.0189,-0.0118,-0.0098
1774945471.1914,0.0000,0.0000,0.0000,0.0000,0.0000,-3.1257,-0.2095,15.7916,-0.0312,-0.0043,-0.0205
1774945471.2143,0.0000,0.0000,0.0000,0.0000,0.0000,-3.1260,-0.2115,53.3663,-0.0088,0.0233,-0.0343
1774945471.2313,0.0000,0.0000,0.0000,0.0000,0.0000,-3.1262,-0.2115,3.7000,0.0072,-0.0246,-0.0045
1774945471.2514,0.0000,0.0000,0.0000,0.0000,0.0000,-3.1268,-0.2113,0.9746,0.0114,-0.0097,0.0040
1774945471.2713,0.0000,0.0000,0.0000,0.0000,0.0000,-3.1251,-0.2112,29.4416,0.0679,0.0191,0.0104
1774945471.2913,0.0000,0.0000,0.0000,0.0000,0.0000,-3.1276,-0.2088,-11.0738,-0.0589,-0.1205,0.1542
1774945471.3113,0.0000,0.0000,0.0000,0.0000,0.0000,-3.1288,-0.2089,-118.7295,-0.0972,-0.0107,0.2853
1774945471.3314,0.0000,0.0000,0.0000,0.0000,0.0000,-3.1283,-0.2072,-73.7963,-0.0227,0.0010,0.3055
1774945471.3514,0.0000,0.0000,0.0000,0.0000,0.0000,-3.1310,-0.2082,-32.9263,-0.0930,0.0042,0.2778
1774945471.3714,0.0000,0.0000,0.0000,0.0000,0.0000,-3.1312,-0.2090,16.7430,-0.0610,0.0436,0.2256
1774945471.3913,0.0000,0.0000,0.0000,0.0000,0.0000,-3.1328,-0.2093,99.8336,-0.0898,0.0372,0.2022
1774945471.4114,0.0000,0.0000,0.0000,0.0000,0.0000,-3.1345,-0.2073,-82.9838,-0.1004,-0.0107,0.1851
1774945471.4314,0.0000,0.0000,0.0000,0.0000,0.0000,-3.1390,-0.2085,83.0569,-0.1398,-0.0555,0.2064
1774945471.4513,0.0000,0.0000,0.0000,0.0000,0.0000,-3.1404,-0.2088,-24.4443,-0.1398,-0.0310,0.1990
1774945471.4714,0.0000,0.0000,0.0000,0.0000,0.0000,3.1401,-0.2091,-60.5189,-0.1313,0.0276,0.2395
1774945471.4914,0.0000,0.0000,0.0000,0.0000,0.0000,3.1371,-0.2089,-136.6114,-0.0930,-0.0012,0.2618
1774945471.5129,0.0000,0.0000,0.0000,0.0000,0.0000,3.1353,-0.2084,-119.1556,-0.0599,0.0010,0.2906
1774945471.5314,0.0000,0.0000,0.0000,0.0000,0.0000,3.1349,-0.2081,-28.1581,-0.0578,0.0542,0.2863
1774945471.5514,0.0000,0.0000,0.0000,0.0000,0.0000,3.1378,-0.2090,18.8746,-0.0450,0.0628,0.2416
1774945471.5713,0.0000,0.0000,0.0000,0.0000,0.0000,3.1348,-0.2108,20.1409,-0.0770,0.0532,0.2554
1774945471.5913,0.0000,0.0000,0.0000,0.0000,0.0000,3.1340,-0.2096,8.5520,-0.0727,0.0468,0.2554
1774945471.6114,0.0000,0.0000,0.0000,0.0000,0.0000,3.1347,-0.2116,57.6682,-0.0493,0.0905,0.2725
1774945471.6314,0.0000,0.0000,0.0000,0.0000,0.0000,3.1346,-0.2133,49.5132,-0.0109,0.0340,0.2991
1774945471.6523,0.0000,0.0000,0.0000,0.0000,0.0000,3.1348,-0.2134,28.4697,-0.0322,0.0202,0.2863
1774945471.6715,0.0000,0.0000,0.0000,0.0000,0.0000,3.1346,-0.2151,70.1935,-0.0088,0.0297,0.2736
1774945471.6913,0.0000,0.0000,0.0000,0.0000,0.0000,3.1319,-0.2156,50.6254,-0.0525,-0.0427,0.2885
1774945471.7113,0.0000,0.0000,0.0000,0.0000,0.0000,3.1332,-0.2158,11.9328,-0.0354,0.0116,0.2586
1774945471.7320,0.0000,0.0000,0.0000,0.0000,0.0000,3.1360,-0.2149,60.6866,0.0125,-0.0097,0.2341
1774945471.7513,0.0000,0.0000,0.0000,0.0000,0.0000,3.1379,-0.2137,-0.5941,0.0221,-0.0672,0.2054
1774945471.7714,0.0000,0.0000,0.0000,0.0000,0.0000,3.1407,-0.2129,-97.2706,0.0274,-0.0288,0.0743
1774945471.7913,0.0000,0.0000,0.0000,0.0000,0.0000,-3.1373,-0.2158,46.1269,0.1318,0.1182,-0.1185
1774945471.8133,0.0000,0.0000,0.0000,0.0000,0.0000,-3.1333,-0.2182,-63.3211,0.2053,0.0500,-0.1675
1774945471.8314,0.0000,0.0000,0.0000,0.0000,0.0000,-3.1310,-0.2224,50.8004,0.1307,0.0265,-0.1728
1774945471.8542,0.0000,0.0000,0.0000,0.0000,0.0000,-3.1295,-0.2234,65.1351,0.1254,-0.0523,-0.1494
1774945471.8714,0.0000,0.0000,0.0000,0.0000,0.0000,-3.1284,-0.2215,-38.1579,0.0604,-0.1194,-0.0567
1774945471.8915,0.0000,0.0000,0.0000,0.0000,0.0000,-3.1276,-0.2163,-7.9845,-0.0152,-0.1130,0.0147
1774945471.9122,0.0000,0.0000,0.0000,0.0000,0.0000,-3.1267,-0.2143,-1.8317,0.0221,-0.0619,0.0541
1774945471.9314,0.0000,0.0000,0.0000,0.0000,0.0000,-3.1234,-0.2099,-68.3762,0.0189,-0.0544,0.0626
1774945471.9514,0.0000,0.0000,0.0000,0.0000,0.0000,-3.1195,-0.2088,77.0058,0.0253,-0.0065,0.0467
1774945471.9713,0.0000,0.0000,0.0000,0.0000,0.0000,-3.1196,-0.2090,36.7365,-0.0109,-0.0608,0.0094
1774945471.9913,0.0000,0.0000,0.0000,0.0000,0.0000,-3.1197,-0.2100,-71.0398,0.0061,-0.0544,-0.0343
1774945472.0124,0.0000,0.0000,0.0000,0.0000,0.0000,-3.1192,-0.2117,30.3000,0.0295,0.0265,-0.0514
1774945472.0314,0.0000,0.0000,0.0000,0.0000,0.0000,-3.1211,-0.2148,89.9315,-0.0312,0.0479,-0.0237
1774945472.0513,0.0000,0.0000,0.0000,0.0000,0.0000,-3.1229,-0.2188,-16.5181,0.0040,0.0138,-0.0024
1774945472.0713,0.0000,0.0000,0.0000,0.0000,0.0000,-3.1212,-0.2236,21.6032,0.0604,0.1096,0.0136
1774945472.0913,0.0000,0.0000,0.0000,0.0000,0.0000,-3.1215,-0.2276,23.2254,0.0040,0.0574,0.0253
1774945472.1116,0.0000,0.0000,0.0000,0.0000,0.0000,-3.1206,-0.2293,-39.4646,-0.0248,-0.0747,0.0051
1774945472.1314,0.0000,0.0000,0.0000,0.0000,0.0000,-3.1191,-0.2300,67.1573,-0.0099,-0.1322,-0.0013
1774945472.1515,0.0000,0.0000,0.0000,0.0000,0.0000,-3.1169,-0.2307,37.6016,-0.0173,-0.1109,-0.0087
1774945472.1713,0.0000,0.0000,0.0000,0.0000,0.0000,-3.1159,-0.2298,75.4900,-0.0557,-0.1269,-0.0279
1774945472.1913,0.0000,0.0000,0.0000,0.0000,0.0000,-3.1169,-0.2296,46.5964,-0.0514,-0.0960,-0.0119
1774945472.2114,0.0000,0.0000,0.0000,0.0000,0.0000,-3.1168,-0.2281,19.1696,0.0370,-0.1514,0.0158
1774945472.2314,0.0000,0.0000,0.0000,0.0000,0.0000,-3.1178,-0.2249,-72.9563,0.0040,-0.1822,-0.0055
1774945472.2516,0.0000,0.0000,0.0000,0.0000,0.0000,-3.1210,-0.2230,-18.4366,-0.0482,-0.1247,-0.0066
1774945472.2714,0.0000,0.0000,0.0000,0.0000,0.0000,-3.1228,-0.2208,-2.5236,-0.0887,-0.0885,-0.0332
1774945472.2939,0.0000,0.0000,0.0000,0.0000,0.0000,-3.1221,-0.2194,29.2829,-0.0876,-0.1087,-0.0545
1774945472.3113,0.0000,0.0000,0.0000,0.0000,0.0000,-3.1238,-0.2170,79.8472,-0.0802,-0.1045,-0.0311
1774945472.3313,0.0000,0.0000,0.0000,0.0000,0.0000,-3.1229,-0.2155,41.6800,-0.0461,-0.0779,-0.0300
1774945472.3514,0.0000,0.0000,0.0000,0.0000,0.0000,-3.1237,-0.2132,-2.5723,-0.0344,-0.1002,-0.0162
1774945472.3734,0.0000,0.0000,0.0000,0.0000,0.0000,-3.1256,-0.2109,-63.9126,-0.0472,-0.0299,-0.0141
1774945472.3913,0.0000,0.0000,0.0000,0.0000,0.0000,-3.1283,-0.2116,2.9843,0.0008,0.0510,-0.0077
1774945472.4114,0.0000,0.0000,0.0000,0.0000,0.0000,-3.1287,-0.2101,28.3201,-0.0035,0.0436,0.0019
1774945472.4313,0.0000,0.0000,0.0000,0.0000,0.0000,-3.1271,-0.2107,-5.9575,-0.0056,0.0542,-0.0109
1774945472.4514,0.0000,0.0000,0.0000,0.0000,0.0000,-3.1280,-0.2107,-5.2048,-0.0418,0.0692,-0.0237
1774945472.4714,0.0000,0.0000,0.0000,0.0000,0.0000,-3.1290,-0.2108,4.3768,-0.0269,0.0596,-0.0396
1774945472.4914,0.0000,0.0000,0.0000,0.0000,0.0000,-3.1310,-0.2101,32.1516,-0.0333,0.0191,-0.0077
1774945472.5129,0.0000,0.0000,0.0000,0.0000,0.0000,-3.1310,-0.2088,-40.2699,0.0125,0.0127,-0.0173
1774945472.5314,0.0000,0.0000,0.0000,0.0000,0.0000,-3.1306,-0.2104,8.4119,0.0445,0.0969,0.0062
1774945472.5534,0.0000,0.0000,0.0000,0.0000,0.0000,-3.1326,-0.2113,3.0505,0.0178,0.0862,0.0094
1774945472.5716,0.0000,0.0000,0.0000,0.0000,0.0000,-3.1326,-0.2148,11.8620,0.0029,0.1672,-0.0034
1774945472.5913,0.0000,0.0000,0.0000,0.0000,0.0000,-3.1322,-0.2191,-31.1536,0.0391,0.0670,0.0221
1774945472.6129,0.0000,0.0000,0.0000,0.0000,0.0000,-3.1308,-0.2225,0.0000,0.0604,0.0819,0.0520
1774945472.6314,0.0000,0.0000,0.0000,0.0000,0.0000,-3.1290,-0.2258,-12.4936,0.0466,0.0500,0.0488
1774945472.6516,0.0000,0.0000,0.0000,0.0000,0.0000,-3.1301,-0.2288,-0.4291,0.0477,-0.0065,0.0243
1774945472.6714,0.0000,0.0000,0.0000,0.0000,0.0000,-3.1299,-0.2317,8.6736,-0.0024,-0.0597,0.0126
1774945472.6914,0.0000,0.0000,0.0000,0.0000,0.0000,-3.1257,-0.2320,-15.3930,0.0285,-0.0661,-0.0045
1774945472.7121,0.0000,0.0000,0.0000,0.0000,0.0000,-3.1250,-0.2331,0.0000,0.0445,-0.0533,0.0083
1774945472.7314,0.0000,0.0000,0.0000,0.0000,0.0000,-3.1233,-0.2285,-10.6887,0.0146,-0.1375,-0.0354
1774945472.7530,0.0000,0.0000,0.0000,0.0000,0.0000,-3.1222,-0.2239,-44.3273,0.0349,-0.1109,-0.0290
1774945472.7759,0.0000,0.0000,0.0000,0.0000,0.0000,-3.1218,-0.2216,-12.8733,0.0732,-0.0917,0.0115
1774945472.7914,0.0000,0.0000,0.0000,0.0000,0.0000,-3.1222,-0.2213,-26.9280,0.0849,-0.0363,0.0008
1774945472.8113,0.0000,0.0000,0.0000,0.0000,0.0000,-3.1248,-0.2206,-36.1927,-0.0195,0.0191,-0.0024
1774945472.8314,0.0000,0.0000,0.0000,0.0000,0.0000,-3.1246,-0.2171,75.1551,-0.0397,-0.0896,-0.0130
1774945472.8532,0.0000,0.0000,0.0000,0.0000,0.0000,-3.1241,-0.2115,38.9350,-0.0759,-0.1002,-0.0087
1774945472.8715,0.0000,0.0000,0.0000,0.0000,0.0000,-3.1233,-0.2078,56.5195,-0.0301,0.0319,0.0072
1774945472.8929,0.0000,0.0000,0.0000,0.0000,0.0000,-3.1233,-0.2042,2.9656,-0.0077,0.0468,0.0040
1774945472.9119,0.0000,0.0000,0.0000,0.0000,0.0000,-3.1218,-0.2025,29.8772,-0.0120,0.0596,0.0040
1774945472.9314,0.0000,0.0000,0.0000,0.0000,0.0000,-3.1215,-0.2001,-54.8491,-0.0312,0.0798,-0.0034
1774945472.9540,0.0000,0.0000,0.0000,0.0000,0.0000,-3.1212,-0.2000,-26.9913,0.0019,0.0990,-0.0332
1774945472.9715,0.0000,0.0000,0.0000,0.0000,0.0000,-3.1229,-0.2017,6.1048,-0.0344,0.1629,-0.0269
1774945472.9914,0.0000,0.0000,0.0000,0.0000,0.0000,-3.1234,-0.2038,-22.7010,-0.0418,0.2140,-0.0375
1774945473.0117,0.0000,0.0000,0.0000,0.0000,0.0000,-3.1230,-0.2066,10.0076,-0.0248,0.2044,-0.0418
1774945473.0314,0.0000,0.0000,0.0000,0.0000,0.0000,-3.1224,-0.2073,9.9177,-0.0152,0.1736,-0.0109
1774945473.0514,0.0000,0.0000,0.0000,0.0000,0.0000,-3.1225,-0.2081,9.2351,-0.0035,0.1309,-0.0151
1774945473.0714,0.0000,0.0000,0.0000,0.0000,0.0000,-3.1248,-0.2075,37.2273,-0.0386,0.1256,-0.0055
1774945473.0914,0.0000,0.0000,0.0000,0.0000,0.0000,-3.1249,-0.2072,-24.7515,-0.0152,0.1214,0.0008
1774945473.1115,0.0000,0.0000,0.0000,0.0000,0.0000,-3.1259,-0.2086,-44.1479,-0.0312,0.2087,0.0115
1774945473.1313,0.0000,0.0000,0.0000,0.0000,0.0000,-3.1265,-0.2079,-37.1429,-0.0184,0.1491,-0.0045
1774945473.1514,0.0000,0.0000,0.0000,0.0000,0.0000,-3.1272,-0.2053,-51.2871,-0.0578,0.0329,0.0019
1774945473.1714,0.0000,0.0000,0.0000,0.0000,0.0000,-3.1273,-0.2042,3.8269,-0.0195,0.1299,0.0115
1774945473.1913,0.0000,0.0000,0.0000,0.0000,0.0000,-3.1273,-0.2031,29.2767,0.0104,0.1075,-0.0162
1774945473.2114,0.0000,0.0000,0.0000,0.0000,0.0000,-3.1266,-0.2012,-25.2094,0.0029,0.0596,-0.0322
1774945473.2315,0.0000,0.0000,0.0000,0.0000,0.0000,-3.1266,-0.2000,-37.4021,-0.0163,0.0404,-0.0428
1774945473.2515,0.0000,0.0000,0.0000,0.0000,0.0000,-3.1278,-0.1982,-62.4533,0.0029,0.0383,-0.0386
1774945473.2714,0.0000,0.0000,0.0000,0.0000,0.0000,-3.1277,-0.1971,6.2843,0.0562,0.0393,-0.0258
1774945473.2914,0.0000,0.0000,0.0000,0.0000,0.0000,-3.1297,-0.1986,7.9555,0.0146,0.0819,-0.0098
1774945473.3125,0.0000,0.0000,0.0000,0.0000,0.0000,-3.1312,-0.1981,-14.9066,-0.0077,0.0383,0.0019
1774945473.3313,0.0000,0.0000,0.0000,0.0000,0.0000,-3.1300,-0.1983,-13.6577,-0.0418,0.0191,-0.0002
1774945473.3513,0.0000,0.0000,0.0000,0.0000,0.0000,-3.1273,-0.1997,-25.3201,0.0104,0.0628,-0.0024
1774945473.3713,0.0000,0.0000,0.0000,0.0000,0.0000,-3.1267,-0.2003,7.2674,0.0157,0.0574,-0.0045
1774945473.3913,0.0000,0.0000,0.0000,0.0000,0.0000,-3.1279,-0.1993,68.8544,-0.0344,-0.0171,-0.0141
1774945473.4114,0.0000,0.0000,0.0000,0.0000,0.0000,-3.1291,-0.1968,-33.5701,-0.0227,-0.0278,-0.0183
1774945473.4313,0.0000,0.0000,0.0000,0.0000,0.0000,-3.1284,-0.1977,7.8005,0.0050,0.0265,-0.0247
1774945473.4513,0.0000,0.0000,0.0000,0.0000,0.0000,-3.1279,-0.1978,-7.3137,0.0008,-0.0235,-0.0130
1774945473.4714,0.0000,0.0000,0.0000,0.0000,0.0000,-3.1283,-0.2023,6.4946,-0.0067,0.0489,-0.0098
1774945473.4913,0.0000,0.0000,0.0000,0.0000,0.0000,-3.1304,-0.2046,-30.1449,-0.0216,-0.0107,0.0190
1774945473.5113,0.0000,0.0000,0.0000,0.0000,0.0000,-3.1291,-0.2074,-16.7778,-0.0056,-0.0075,0.0349
1774945473.5313,0.0000,0.0000,0.0000,0.0000,0.0000,-3.1280,-0.2099,16.1227,0.0093,-0.0203,0.0317
1774945473.5513,0.0000,0.0000,0.0000,0.0000,0.0000,-3.1276,-0.2122,20.3070,-0.0120,-0.0225,0.0072
1774945473.5714,0.0000,0.0000,0.0000,0.0000,0.0000,-3.1270,-0.2139,7.8057,-0.0120,-0.0139,-0.0418
1774945473.5914,0.0000,0.0000,0.0000,0.0000,0.0000,-3.1256,-0.2153,39.5684,-0.0141,-0.0747,-0.0418
1774945473.6113,0.0000,0.0000,0.0000,0.0000,0.0000,-3.1272,-0.2165,-20.7328,-0.0077,-0.0651,-0.0364
1774945473.6313,0.0000,0.0000,0.0000,0.0000,0.0000,-3.1275,-0.2188,47.6621,0.0690,-0.0225,0.0072
1774945473.6513,0.0000,0.0000,0.0000,0.0000,0.0000,-3.1286,-0.2218,3.3994,0.0583,-0.0203,0.0456
1774945473.6713,0.0000,0.0000,0.0000,0.0000,0.0000,-3.1304,-0.2221,18.4374,-0.0067,-0.0981,0.0275
1774945473.6913,0.0000,0.0000,0.0000,0.0000,0.0000,-3.1288,-0.2193,38.2342,-0.0003,-0.1993,-0.0162
1774945473.7113,0.0000,0.0000,0.0000,0.0000,0.0000,-3.1254,-0.2151,-12.0223,0.0200,-0.1876,-0.0322
1774945473.7313,0.0000,0.0000,0.0000,0.0000,0.0000,-3.1239,-0.2121,32.0918,-0.0141,-0.1343,-0.0396
1774945473.7514,0.0000,0.0000,0.0000,0.0000,0.0000,-3.1225,-0.2080,-12.3742,0.0072,-0.1024,-0.0375
1774945473.7713,0.0000,0.0000,0.0000,0.0000,0.0000,-3.1209,-0.2062,80.3178,0.0509,-0.1205,-0.0119
1774945473.7913,0.0000,0.0000,0.0000,0.0000,0.0000,-3.1208,-0.2071,-35.9044,0.0636,-0.0928,0.0211
1774945473.8113,0.0000,0.0000,0.0000,0.0000,0.0000,-3.1216,-0.2094,0.0445,0.0477,0.0233,0.0349
1774945473.8313,0.0000,0.0000,0.0000,0.0000,0.0000,-3.1217,-0.2135,74.8233,-0.0429,0.0638,0.0456
1774945473.8514,0.0000,0.0000,0.0000,0.0000,0.0000,-3.1216,-0.2160,-2.3860,-0.0354,-0.0257,0.0243
1774945473.8713,0.0000,0.0000,0.0000,0.0000,0.0000,-3.1195,-0.2184,-14.7588,-0.0003,-0.0587,-0.0183
1774945473.8914,0.0000,0.0000,0.0000,0.0000,0.0000,-3.1174,-0.2197,45.8304,0.0477,-0.0491,-0.0300
1774945473.9121,0.0000,0.0000,0.0000,0.0000,0.0000,-3.1199,-0.2194,-25.3396,0.0562,-0.0299,-0.0215
1774945473.9314,0.0000,0.0000,0.0000,0.0000,0.0000,-3.1217,-0.2196,-9.4681,0.0317,0.0074,-0.0322
1774945473.9536,0.0000,0.0000,0.0000,0.0000,0.0000,-3.1222,-0.2183,32.7232,0.0210,0.0340,-0.0194
1774945473.9712,0.0000,0.0000,0.0000,0.0000,0.0000,-3.1201,-0.2175,21.9331,0.0008,-0.0150,-0.0130
1774945473.9914,0.0000,0.0000,0.0000,0.0000,0.0000,-3.1183,-0.2153,-28.7986,-0.0258,-0.0448,-0.0194
1774945474.0114,0.0000,0.0000,0.0000,0.0000,0.0000,-3.1167,-0.2139,8.1930,-0.0237,-0.0310,-0.0109
1774945474.0317,0.0000,0.0000,0.0000,0.0000,0.0000,-3.1180,-0.2125,11.9414,-0.0109,-0.0107,-0.0055
1774945474.0515,0.0000,0.0000,0.0000,0.0000,0.0000,-3.1188,-0.2118,39.5198,-0.0280,-0.0150,-0.0055
1774945474.0714,0.0000,0.0000,0.0000,0.0000,0.0000,-3.1181,-0.2103,-4.9157,-0.0035,-0.0107,-0.0194
1774945474.0914,0.0000,0.0000,0.0000,0.0000,0.0000,-3.1202,-0.2096,-11.8086,-0.0024,0.0223,-0.0162
1774945474.1114,0.0000,0.0000,0.0000,0.0000,0.0000,-3.1207,-0.2109,3.0705,-0.0301,0.0383,-0.0300
1774945474.1313,0.0000,0.0000,0.0000,0.0000,0.0000,-3.1215,-0.2100,-30.2909,-0.0301,0.0010,-0.0087
1774945474.1512,0.0000,0.0000,0.0000,0.0000,0.0000,-3.1237,-0.2088,-28.2085,-0.0376,0.0223,-0.0045
1774945474.1713,0.0000,0.0000,0.0000,0.0000,0.0000,-3.1232,-0.2094,-42.8388,-0.0035,0.0074,-0.0205
1774945474.1914,0.0000,0.0000,0.0000,0.0000,0.0000,-3.1230,-0.2083,-41.9209,0.0210,-0.0161,-0.0130
1774945474.2113,0.0000,0.0000,0.0000,0.0000,0.0000,-3.1244,-0.2076,-0.8277,-0.0163,0.0031,-0.0119
1774945474.2312,0.0000,0.0000,0.0000,0.0000,0.0000,-3.1229,-0.2090,-52.9021,-0.0472,-0.0182,-0.0300
1774945474.2523,0.0000,0.0000,0.0000,0.0000,0.0000,-3.1226,-0.2087,-19.8027,-0.0365,-0.0267,-0.0173
1774945474.2719,0.0000,0.0000,0.0000,0.0000,0.0000,-3.1222,-0.2103,12.7338,0.0029,-0.0043,0.0008
1774945474.2914,0.0000,0.0000,0.0000,0.0000,0.0000,-3.1211,-0.2132,-37.8120,0.0072,0.0265,-0.0034
1774945474.3117,0.0000,0.0000,0.0000,0.0000,0.0000,-3.1232,-0.2162,-3.5682,-0.0024,0.0202,0.0200
1774945474.3314,0.0000,0.0000,0.0000,0.0000,0.0000,-3.1256,-0.2195,-5.8833,-0.0269,0.0042,0.0221
1774945474.3512,0.0000,0.0000,0.0000,0.0000,0.0000,-3.1237,-0.2222,-38.5728,0.0317,-0.0054,0.0136
1774945474.3715,0.0000,0.0000,0.0000,0.0000,0.0000,-3.1225,-0.2226,-8.6131,0.0434,-0.0097,-0.0119
1774945474.3913,0.0000,0.0000,0.0000,0.0000,0.0000,-3.1254,-0.2223,11.7144,0.0125,-0.0747,-0.0194
1774945474.4113,0.0000,0.0000,0.0000,0.0000,0.0000,-3.1263,-0.2210,-32.5333,0.0232,-0.0917,0.0008
1774945474.4313,0.0000,0.0000,0.0000,0.0000,0.0000,-3.1250,-0.2208,-11.8072,0.0349,-0.0629,0.0104
1774945474.4513,0.0000,0.0000,0.0000,0.0000,0.0000,-3.1258,-0.2216,-25.1695,0.0029,-0.0672,-0.0034
1774945474.4713,0.0000,0.0000,0.0000,0.0000,0.0000,-3.1242,-0.2221,7.5308,-0.0333,-0.0853,0.0168
1774945474.4913,0.0000,0.0000,0.0000,0.0000,0.0000,-3.1226,-0.2235,50.3010,-0.0141,-0.0693,0.0243
1774945474.5113,0.0000,0.0000,0.0000,0.0000,0.0000,-3.1219,-0.2239,109.4266,-0.0035,-0.1205,0.0285
1774945474.5317,0.0000,0.0000,0.0000,0.0000,0.0000,-3.1222,-0.2246,14.5468,-0.0013,-0.1332,-0.0045
1774945474.5513,0.0000,0.0000,0.0000,0.0000,0.0000,-3.1231,-0.2240,44.2426,-0.0493,-0.1460,-0.0269
1774945474.5714,0.0000,0.0000,0.0000,0.0000,0.0000,-3.1240,-0.2232,-12.7333,-0.0301,-0.1205,-0.0460
1774945474.5913,0.0000,0.0000,0.0000,0.0000,0.0000,-3.1267,-0.2236,44.6829,-0.0557,-0.0832,-0.0183
1774945474.6118,0.0000,0.0000,0.0000,0.0000,0.0000,-3.1269,-0.2250,36.7145,0.0050,-0.0150,-0.0077
1774945474.6315,0.0000,0.0000,0.0000,0.0000,0.0000,-3.1281,-0.2242,10.8085,0.0274,-0.0725,0.0317
1774945474.6514,0.0000,0.0000,0.0000,0.0000,0.0000,-3.1301,-0.2255,-14.8375,0.0093,-0.0842,0.0317
1774945474.6715,0.0000,0.0000,0.0000,0.0000,0.0000,-3.1292,-0.2239,-30.7578,0.0210,-0.0672,0.0051
1774945474.6914,0.0000,0.0000,0.0000,0.0000,0.0000,-3.1273,-0.2236,-12.7365,0.0061,-0.0757,-0.0098
1774945474.7114,0.0000,0.0000,0.0000,0.0000,0.0000,-3.1264,-0.2232,-7.9656,-0.0472,-0.0704,-0.0290
1774945474.7313,0.0000,0.0000,0.0000,0.0000,0.0000,-3.1272,-0.2219,26.0728,-0.0748,-0.0299,-0.0279
1774945474.7513,0.0000,0.0000,0.0000,0.0000,0.0000,-3.1255,-0.2203,-2.9720,0.0146,-0.0512,-0.0130
1774945474.7721,0.0000,0.0000,0.0000,0.0000,0.0000,-3.1254,-0.2196,-30.0730,0.0615,-0.0267,0.0115
1774945474.7913,0.0000,0.0000,0.0000,0.0000,0.0000,-3.1279,-0.2175,-14.0668,0.0295,-0.0075,0.0094
1774945474.8115,0.0000,0.0000,0.0000,0.0000,0.0000,-3.1285,-0.2177,7.7207,-0.0269,0.0063,-0.0151
1774945474.8314,0.0000,0.0000,0.0000,0.0000,0.0000,-3.1284,-0.2171,25.9522,-0.0663,0.0042,-0.0205
1774945474.8515,0.0000,0.0000,0.0000,0.0000,0.0000,-3.1260,-0.2152,10.5365,0.0114,-0.0342,-0.0269
1774945474.8714,0.0000,0.0000,0.0000,0.0000,0.0000,-3.1260,-0.2133,-59.5394,0.0189,-0.0395,-0.0205
1774945474.8913,0.0000,0.0000,0.0000,0.0000,0.0000,-3.1284,-0.2136,-44.8112,0.0061,0.0329,0.0136
1774945474.9114,0.0000,0.0000,0.0000,0.0000,0.0000,-3.1268,-0.2139,52.2591,0.0093,0.1309,-0.0269
1774945474.9314,0.0000,0.0000,0.0000,0.0000,0.0000,-3.1244,-0.2160,93.7021,0.1073,0.1214,-0.1579
1774945474.9514,0.0000,0.0000,0.0000,0.0000,0.0000,-3.1225,-0.2179,67.4244,0.0647,0.1991,-0.2548
1774945474.9715,0.0000,0.0000,0.0000,0.0000,0.0000,-3.1217,-0.2213,37.0375,0.0019,0.1139,-0.2974
1774945474.9913,0.0000,0.0000,0.0000,0.0000,0.0000,-3.1242,-0.2219,40.4342,0.0381,-0.0161,-0.2282
1774945475.0153,0.0000,0.0000,0.0000,0.0000,0.0000,-3.1271,-0.2231,-23.6132,0.0093,-0.0747,-0.1973
1774945475.0313,0.0000,0.0000,0.0000,0.0000,0.0000,-3.1292,-0.2248,-24.7246,0.0114,-0.0374,-0.1643
1774945475.0519,0.0000,0.0000,0.0000,0.0000,0.0000,-3.1268,-0.2251,16.3552,0.0232,-0.0225,-0.1462
1774945475.0714,0.0000,0.0000,0.0000,0.0000,0.0000,-3.1274,-0.2225,7.2344,0.0626,0.0308,-0.1195
1774945475.0914,0.0000,0.0000,0.0000,0.0000,0.0000,-3.1272,-0.2217,-13.5673,0.1041,0.0564,-0.1142
1774945475.1123,0.0000,0.0000,0.0000,0.0000,0.0000,-3.1281,-0.2238,29.3934,0.0988,0.0319,-0.1121
1774945475.1312,0.0000,0.0000,0.0000,0.0000,0.0000,-3.1282,-0.2249,-28.2239,0.0775,0.0106,-0.1057
1774945475.1520,0.0000,0.0000,0.0000,0.0000,0.0000,-3.1252,-0.2222,3.6675,0.0285,-0.0608,-0.1153
1774945475.1715,0.0000,0.0000,0.0000,0.0000,0.0000,-3.1241,-0.2223,42.1860,-0.0216,-0.1045,-0.1206
1774945475.1913,0.0000,0.0000,0.0000,0.0000,0.0000,-3.1243,-0.2238,-50.8807,-0.0770,-0.0310,-0.1408
1774945475.2116,0.0000,0.0000,0.0000,0.0000,0.0000,-3.1241,-0.2216,25.5688,-0.0759,0.0095,-0.1547
1774945475.2312,0.0000,0.0000,0.0000,0.0000,0.0000,-3.1251,-0.2208,38.7737,0.0402,-0.0640,-0.0609
1774945475.2515,0.0000,0.0000,0.0000,0.0000,0.0000,-3.1263,-0.2196,-29.5085,0.0668,-0.0416,0.1191
1774945475.2714,0.0000,0.0000,0.0000,0.0000,0.0000,-3.1295,-0.2162,25.1063,-0.0109,-0.0054,0.2384
1774945475.2913,0.0000,0.0000,0.0000,0.0000,0.0000,-3.1279,-0.2135,-10.1627,0.0040,-0.0075,0.1905
1774945475.3123,0.0000,0.0000,0.0000,0.0000,0.0000,-3.1284,-0.2131,-17.3201,-0.1121,0.0553,0.1031
1774945475.3314,0.0000,0.0000,0.0000,0.0000,0.0000,-3.1274,-0.2104,2.7405,-0.1057,-0.0161,-0.0109
1774945475.3512,0.0000,0.0000,0.0000,0.0000,0.0000,-3.1256,-0.2080,-31.5358,-0.0578,-0.0512,-0.0759
1774945475.3718,0.0000,0.0000,0.0000,0.0000,0.0000,-3.1249,-0.2046,-51.0810,-0.0205,0.0255,-0.1046
1774945475.3913,0.0000,0.0000,0.0000,0.0000,0.0000,-3.1268,-0.2043,18.7517,0.0125,0.1043,-0.1004
1774945475.4114,0.0000,0.0000,0.0000,0.0000,0.0000,-3.1292,-0.2065,-55.1365,0.0221,0.1533,-0.0407
1774945475.4314,0.0000,0.0000,0.0000,0.0000,0.0000,-3.1310,-0.2105,-20.9310,0.0295,0.2279,0.0051
1774945475.4513,0.0000,0.0000,0.0000,0.0000,0.0000,-3.1345,-0.2142,59.5470,-0.0099,0.2119,0.0605
1774945475.4715,0.0000,0.0000,0.0000,0.0000,0.0000,-3.1347,-0.2167,27.8584,-0.0003,0.0926,0.0797
1774945475.4917,0.0000,0.0000,0.0000,0.0000,0.0000,-3.1340,-0.2193,-1.2848,0.0029,0.0724,0.0562
1774945475.5113,0.0000,0.0000,0.0000,0.0000,0.0000,-3.1304,-0.2198,36.8321,0.0008,0.0116,0.0136
1774945475.5313,0.0000,0.0000,0.0000,0.0000,0.0000,-3.1287,-0.2213,-27.1812,0.0210,-0.0107,-0.0130
1774945475.5512,0.0000,0.0000,0.0000,0.0000,0.0000,-3.1279,-0.2216,-75.6182,0.0636,0.0202,-0.0237
1774945475.5713,0.0000,0.0000,0.0000,0.0000,0.0000,-3.1287,-0.2223,-15.7125,0.0445,0.0329,-0.0130
1774945475.5914,0.0000,0.0000,0.0000,0.0000,0.0000,-3.1285,-0.2252,4.5895,0.0413,0.0074,0.0136
1774945475.6114,0.0000,0.0000,0.0000,0.0000,0.0000,-3.1266,-0.2280,-27.7818,0.0210,-0.0672,0.0030
1774945475.6316,0.0000,0.0000,0.0000,0.0000,0.0000,-3.1257,-0.2295,81.1298,-0.0173,-0.0810,-0.0205
1774945475.6513,0.0000,0.0000,0.0000,0.0000,0.0000,-3.1248,-0.2302,4.5875,-0.0344,-0.0981,0.0008
1774945475.6713,0.0000,0.0000,0.0000,0.0000,0.0000,-3.1213,-0.2308,-56.2175,0.0796,-0.0523,-0.0055
1774945475.6916,0.0000,0.0000,0.0000,0.0000,0.0000,-3.1219,-0.2284,12.3193,0.0647,-0.0970,-0.0098
1774945475.7119,0.0000,0.0000,0.0000,0.0000,0.0000,-3.1237,-0.2261,-1.4380,0.0455,-0.1822,-0.0024
1774945475.7313,0.0000,0.0000,0.0000,0.0000,0.0000,-3.1266,-0.2246,65.0785,-0.0099,-0.1343,0.0040
1774945475.7516,0.0000,0.0000,0.0000,0.0000,0.0000,-3.1249,-0.2218,93.0566,0.0168,-0.1364,-0.0130
1774945475.7713,0.0000,0.0000,0.0000,0.0000,0.0000,-3.1246,-0.2208,49.4887,-0.0482,-0.1087,-0.0098
1774945475.7913,0.0000,0.0000,0.0000,0.0000,0.0000,-3.1229,-0.2201,9.4602,-0.0248,-0.0288,-0.0226
1774945475.8113,0.0000,0.0000,0.0000,0.0000,0.0000,-3.1249,-0.2207,-1.6820,0.0146,-0.0054,0.0072
1774945475.8314,0.0000,0.0000,0.0000,0.0000,0.0000,-3.1249,-0.2196,-36.3937,0.0168,-0.0139,-0.0098
1774945475.8513,0.0000,0.0000,0.0000,0.0000,0.0000,-3.1253,-0.2173,-32.3030,0.0253,-0.0150,0.0158
1774945475.8716,0.0000,0.0000,0.0000,0.0000,0.0000,-3.1248,-0.2124,-32.7202,-0.0333,-0.1364,-0.0226
1774945475.8914,0.0000,0.0000,0.0000,0.0000,0.0000,-3.1220,-0.2082,-18.7933,-0.0525,-0.1141,-0.0407
1774945475.9114,0.0000,0.0000,0.0000,0.0000,0.0000,-3.1230,-0.2055,19.1618,-0.1089,-0.0320,-0.0354
1774945475.9326,0.0000,0.0000,0.0000,0.0000,0.0000,-3.1213,-0.2043,-8.4744,-0.0802,0.0404,-0.0439
1774945475.9513,0.0000,0.0000,0.0000,0.0000,0.0000,-3.1200,-0.2051,-13.3762,-0.0503,0.1032,-0.0247
1774945475.9712,0.0000,0.0000,0.0000,0.0000,0.0000,-3.1238,-0.2074,-2.0577,-0.0312,0.1256,-0.0119
1774945475.9913,0.0000,0.0000,0.0000,0.0000,0.0000,-3.1278,-0.2089,0.7131,-0.0376,0.1565,0.0008
1774945476.0125,0.0000,0.0000,0.0000,0.0000,0.0000,-3.1294,-0.2104,-26.6065,0.0295,0.1565,-0.0034
1774945476.0314,0.0000,0.0000,0.0000,0.0000,0.0000,-3.1319,-0.2115,9.6410,-0.0344,0.1448,-0.0045
1774945476.0515,0.0000,0.0000,0.0000,0.0000,0.0000,-3.1328,-0.2091,51.0344,-0.0386,0.0404,-0.0013
1774945476.0714,0.0000,0.0000,0.0000,0.0000,0.0000,-3.1344,-0.2118,9.6072,-0.0173,0.0873,-0.0002
1774945476.0913,0.0000,0.0000,0.0000,0.0000,0.0000,-3.1335,-0.2127,18.8051,0.0029,0.0798,-0.0119
1774945476.1116,0.0000,0.0000,0.0000,0.0000,0.0000,-3.1319,-0.2112,-22.6586,0.0264,0.0585,-0.0215
1774945476.1324,0.0000,0.0000,0.0000,0.0000,0.0000,-3.1317,-0.2117,-19.7164,0.0562,0.0841,-0.0045
1774945476.1530,0.0000,0.0000,0.0000,0.0000,0.0000,-3.1342,-0.2143,23.4537,0.0839,0.1139,0.0264
1774945476.1714,0.0000,0.0000,0.0000,0.0000,0.0000,-3.1344,-0.2144,24.4862,0.0775,0.0787,0.0243
1774945476.1915,0.0000,0.0000,0.0000,0.0000,0.0000,-3.1336,-0.2141,-36.4146,0.1041,0.0297,0.0147
1774945476.2114,0.0000,0.0000,0.0000,0.0000,0.0000,-3.1318,-0.2124,-22.5583,0.0242,0.0212,-0.0119
1774945476.2314,0.0000,0.0000,0.0000,0.0000,0.0000,-3.1294,-0.2111,-14.2347,0.0413,0.0138,-0.0130
1774945476.2513,0.0000,0.0000,0.0000,0.0000,0.0000,-3.1297,-0.2112,15.3772,0.0274,0.0606,-0.0151
1774945476.2714,0.0000,0.0000,0.0000,0.0000,0.0000,-3.1294,-0.2097,-12.9108,-0.0440,0.0468,-0.0290
1774945476.2913,0.0000,0.0000,0.0000,0.0000,0.0000,-3.1279,-0.2089,4.8349,-0.0333,0.0106,-0.0141
1774945476.3113,0.0000,0.0000,0.0000,0.0000,0.0000,-3.1264,-0.2074,-7.9778,-0.0195,-0.0438,-0.0215
1774945476.3317,0.0000,0.0000,0.0000,0.0000,0.0000,-3.1255,-0.2061,8.9295,-0.0216,-0.0235,-0.0045
1774945476.3514,0.0000,0.0000,0.0000,0.0000,0.0000,-3.1277,-0.2066,-7.7500,-0.0184,0.0116,-0.0162
1774945476.3718,0.0000,0.0000,0.0000,0.0000,0.0000,-3.1297,-0.2079,1.7814,0.0242,0.0127,0.0126
1774945476.3914,0.0000,0.0000,0.0000,0.0000,0.0000,-3.1296,-0.2085,-21.0857,0.0349,-0.0342,0.0072
1774945476.4114,0.0000,0.0000,0.0000,0.0000,0.0000,-3.1293,-0.2099,-10.7103,-0.0653,-0.0512,-0.0109
1774945476.4314,0.0000,0.0000,0.0000,0.0000,0.0000,-3.1292,-0.2105,32.2080,-0.1196,-0.0203,-0.0066
1774945476.4515,0.0000,0.0000,0.0000,0.0000,0.0000,-3.1295,-0.2120,42.7053,-0.0535,-0.0225,-0.0183
1774945476.4716,0.0000,0.0000,0.0000,0.0000,0.0000,-3.1302,-0.2133,10.2408,0.0306,-0.0267,-0.0045
1774945476.4913,0.0000,0.0000,0.0000,0.0000,0.0000,-3.1314,-0.2144,-22.7974,0.0540,0.0148,0.0211
1774945476.5118,0.0000,0.0000,0.0000,0.0000,0.0000,-3.1327,-0.2157,10.3624,0.0551,0.0457,-0.0130
1774945476.5313,0.0000,0.0000,0.0000,0.0000,0.0000,-3.1344,-0.2186,32.2296,0.0743,0.0532,0.0168
1774945476.5513,0.0000,0.0000,0.0000,0.0000,0.0000,-3.1337,-0.2189,-5.2579,0.0338,0.0074,0.0179
1774945476.5714,0.0000,0.0000,0.0000,0.0000,0.0000,-3.1316,-0.2176,-62.7837,-0.0258,-0.0810,-0.0247
1774945476.5915,0.0000,0.0000,0.0000,0.0000,0.0000,-3.1293,-0.2159,-44.8207,-0.0738,-0.0906,-0.0364
1774945476.6114,0.0000,0.0000,0.0000,0.0000,0.0000,-3.1285,-0.2144,-22.0403,-0.0205,-0.0299,-0.0119
1774945476.6315,0.0000,0.0000,0.0000,0.0000,0.0000,-3.1274,-0.2163,-10.1338,0.0210,-0.0182,0.0030
1774945476.6547,0.0000,0.0000,0.0000,0.0000,0.0000,-3.1266,-0.2167,-22.3333,0.0359,-0.0065,0.0062
1774945476.6715,0.0000,0.0000,0.0000,0.0000,0.0000,-3.1273,-0.2174,5.0109,0.0434,-0.0065,-0.0055
1774945476.6915,0.0000,0.0000,0.0000,0.0000,0.0000,-3.1287,-0.2206,3.6482,-0.0408,0.0670,-0.0002
1774945476.7114,0.0000,0.0000,0.0000,0.0000,0.0000,-3.1272,-0.2224,26.2129,0.0019,0.0212,-0.0151
1774945476.7314,0.0000,0.0000,0.0000,0.0000,0.0000,-3.1266,-0.2221,3.3225,0.0359,-0.0331,-0.0013
1774945476.7513,0.0000,0.0000,0.0000,0.0000,0.0000,-3.1287,-0.2197,16.5051,0.0040,-0.0917,0.0190
1774945476.7715,0.0000,0.0000,0.0000,0.0000,0.0000,-3.1272,-0.2192,-5.4134,0.0626,-0.0906,0.0147
1774945476.7917,0.0000,0.0000,0.0000,0.0000,0.0000,-3.1285,-0.2190,-17.2884,0.0061,-0.0363,0.0221
1774945476.8114,0.0000,0.0000,0.0000,0.0000,0.0000,-3.1259,-0.2164,7.0403,0.0658,-0.0406,-0.0322
1774945476.8315,0.0000,0.0000,0.0000,0.0000,0.0000,-3.1220,-0.2156,28.9923,0.0274,-0.0012,-0.1462
1774945476.8513,0.0000,0.0000,0.0000,0.0000,0.0000,-3.1207,-0.2162,-10.8394,0.0679,0.1203,-0.2527
1774945476.8712,0.0000,0.0000,0.0000,0.0000,0.0000,-3.1215,-0.2145,74.1475,0.0391,0.0596,-0.2239
1774945476.8914,0.0000,0.0000,0.0000,0.0000,0.0000,-3.1219,-0.2122,-32.5925,0.0530,-0.0523,-0.1717
1774945476.9115,0.0000,0.0000,0.0000,0.0000,0.0000,-3.1219,-0.2124,-35.0805,0.1116,-0.0288,-0.0865
1774945476.9313,0.0000,0.0000,0.0000,0.0000,0.0000,-3.1216,-0.2124,-52.9337,0.0935,-0.0139,-0.0524
1774945476.9514,0.0000,0.0000,0.0000,0.0000,0.0000,-3.1219,-0.2134,-74.3909,-0.0003,-0.0001,-0.0322
1774945476.9713,0.0000,0.0000,0.0000,0.0000,0.0000,-3.1196,-0.2151,-39.5895,-0.0237,0.0926,-0.0769
1774945476.9913,0.0000,0.0000,0.0000,0.0000,0.0000,-3.1188,-0.2162,29.9579,-0.0472,0.0489,-0.0833
1774945477.0156,0.0000,0.0000,0.0000,0.0000,0.0000,-3.1155,-0.2169,27.7319,0.0487,-0.0214,-0.0982
1774945477.0312,0.0000,0.0000,0.0000,0.0000,0.0000,-3.1154,-0.2157,-3.5621,0.0807,-0.0779,-0.0524
1774945477.0515,0.0000,0.0000,0.0000,0.0000,0.0000,-3.1197,-0.2136,-35.3612,-0.0695,-0.0491,0.0520
1774945477.0713,0.0000,0.0000,0.0000,0.0000,0.0000,-3.1236,-0.2121,22.6773,-0.1302,-0.0288,0.1319
1774945477.0913,0.0000,0.0000,0.0000,0.0000,0.0000,-3.1228,-0.2118,63.4598,-0.0269,0.0159,0.1564
1774945477.1113,0.0000,0.0000,0.0000,0.0000,0.0000,-3.1212,-0.2119,15.4378,-0.0429,-0.0129,0.1052
1774945477.1313,0.0000,0.0000,0.0000,0.0000,0.0000,-3.1216,-0.2138,-3.3548,-0.1260,0.0191,0.0083
1774945477.1513,0.0000,0.0000,0.0000,0.0000,0.0000,-3.1216,-0.2149,-31.6275,-0.0472,0.0074,-0.0620
1774945477.1712,0.0000,0.0000,0.0000,0.0000,0.0000,-3.1229,-0.2147,-42.3760,0.0423,-0.0288,-0.0609
1774945477.1912,0.0000,0.0000,0.0000,0.0000,0.0000,-3.1257,-0.2168,-46.3912,0.0743,0.0457,-0.0535
1774945477.2114,0.0000,0.0000,0.0000,0.0000,0.0000,-3.1282,-0.2172,38.2588,0.0583,-0.0075,-0.0183
1774945477.2314,0.0000,0.0000,0.0000,0.0000,0.0000,-3.1302,-0.2174,14.5700,0.0423,-0.0171,0.0296
1774945477.2516,0.0000,0.0000,0.0000,0.0000,0.0000,-3.1297,-0.2160,-26.2757,0.0019,-0.0683,0.0445
1774945477.2713,0.0000,0.0000,0.0000,0.0000,0.0000,-3.1274,-0.2136,-34.8232,0.0029,-0.0757,0.0328
1774945477.2913,0.0000,0.0000,0.0000,0.0000,0.0000,-3.1243,-0.2131,8.0850,-0.0567,-0.0672,0.0104
1774945477.3114,0.0000,0.0000,0.0000,0.0000,0.0000,-3.1215,-0.2124,24.2678,-0.0216,0.0042,-0.0055
1774945477.3314,0.0000,0.0000,0.0000,0.0000,0.0000,-3.1206,-0.2137,14.1905,-0.0376,0.0638,-0.0173
1774945477.3514,0.0000,0.0000,0.0000,0.0000,0.0000,-3.1221,-0.2139,-31.3597,-0.0344,0.0468,-0.0407
1774945477.3714,0.0000,0.0000,0.0000,0.0000,0.0000,-3.1229,-0.2132,-27.1291,-0.0163,0.0170,-0.0503
1774945477.3914,0.0000,0.0000,0.0000,0.0000,0.0000,-3.1236,-0.2115,34.6561,-0.0109,-0.0278,-0.0418
1774945477.4114,0.0000,0.0000,0.0000,0.0000,0.0000,-3.1259,-0.2105,-27.4739,-0.0173,0.0308,-0.0141
1774945477.4313,0.0000,0.0000,0.0000,0.0000,0.0000,-3.1273,-0.2091,53.8162,0.0104,-0.0810,0.0243
1774945477.4513,0.0000,0.0000,0.0000,0.0000,0.0000,-3.1283,-0.2078,-7.6845,0.0604,-0.0608,0.0403
1774945477.4713,0.0000,0.0000,0.0000,0.0000,0.0000,-3.1276,-0.2035,20.2698,0.0636,-0.0874,0.0264
1774945477.4914,0.0000,0.0000,0.0000,0.0000,0.0000,-3.1274,-0.2019,64.9143,0.0136,0.0042,0.0083
1774945477.5114,0.0000,0.0000,0.0000,0.0000,0.0000,-3.1263,-0.2012,0.3805,0.0029,-0.0012,0.0094
1774945477.5314,0.0000,0.0000,0.0000,0.0000,0.0000,-3.1248,-0.2024,-4.9886,0.0477,0.0894,-0.0045
1774945477.5514,0.0000,0.0000,0.0000,0.0000,0.0000,-3.1255,-0.2067,21.6155,0.0050,0.1512,0.0104
1774945477.5714,0.0000,0.0000,0.0000,0.0000,0.0000,-3.1273,-0.2107,-57.9679,-0.0067,0.1235,0.0168
1774945477.5913,0.0000,0.0000,0.0000,0.0000,0.0000,-3.1278,-0.2137,23.3776,0.0402,0.0020,0.0275
1774945477.6118,0.0000,0.0000,0.0000,0.0000,0.0000,-3.1265,-0.2150,-7.2833,0.0274,-0.0491,0.0317
1774945477.6424,0.0000,0.0000,0.0000,0.0000,0.0000,-3.1242,-0.2175,-38.9604,0.0381,-0.0565,0.0158
1774945477.6514,0.0000,0.0000,0.0000,0.0000,0.0000,-3.1244,-0.2206,23.6933,0.0285,-0.0619,-0.0247
1774945477.6713,0.0000,0.0000,0.0000,0.0000,0.0000,-3.1235,-0.2233,9.7318,0.0072,-0.0342,-0.0300
1774945477.6912,0.0000,0.0000,0.0000,0.0000,0.0000,-3.1222,-0.2242,-33.1646,-0.0099,-0.0459,-0.0077
1774945477.7116,0.0000,0.0000,0.0000,0.0000,0.0000,-3.1252,-0.2227,23.9243,-0.0386,-0.0576,-0.0087
1774945477.7314,0.0000,0.0000,0.0000,0.0000,0.0000,-3.1246,-0.2216,-36.6015,-0.0024,-0.1109,0.0040
1774945477.7532,0.0000,0.0000,0.0000,0.0000,0.0000,-3.1243,-0.2201,14.1770,0.0093,-0.0757,0.0051
1774945477.7713,0.0000,0.0000,0.0000,0.0000,0.0000,-3.1265,-0.2184,-29.7105,-0.0173,-0.1077,-0.0002
1774945477.7913,0.0000,0.0000,0.0000,0.0000,0.0000,-3.1269,-0.2170,30.2574,-0.0067,-0.0736,0.0019
1774945477.8114,0.0000,0.0000,0.0000,0.0000,0.0000,-3.1274,-0.2160,-21.2988,-0.0535,-0.0938,-0.0322
1774945477.8318,0.0000,0.0000,0.0000,0.0000,0.0000,-3.1301,-0.2156,27.8722,-0.0567,-0.0406,-0.0215
1774945477.8513,0.0000,0.0000,0.0000,0.0000,0.0000,-3.1313,-0.2155,15.2024,-0.0301,0.0287,-0.0162
1774945477.8715,0.0000,0.0000,0.0000,0.0000,0.0000,-3.1335,-0.2151,16.1393,-0.0077,0.0692,-0.0183
1774945477.8913,0.0000,0.0000,0.0000,0.0000,0.0000,-3.1347,-0.2154,7.9117,-0.0344,0.0457,-0.0119
1774945477.9115,0.0000,0.0000,0.0000,0.0000,0.0000,-3.1356,-0.2155,9.8230,-0.0045,0.0542,-0.0098
1774945477.9315,0.0000,0.0000,0.0000,0.0000,0.0000,-3.1369,-0.2156,-8.6219,-0.0184,0.0223,0.0008
1774945477.9527,0.0000,0.0000,0.0000,0.0000,0.0000,-3.1363,-0.2146,21.9079,0.0114,-0.0193,-0.0109
1774945477.9714,0.0000,0.0000,0.0000,0.0000,0.0000,-3.1357,-0.2131,-9.7485,-0.0067,-0.0214,-0.0205
1774945477.9914,0.0000,0.0000,0.0000,0.0000,0.0000,-3.1350,-0.2126,-2.5072,-0.0205,0.0383,-0.0151
1774945478.0124,0.0000,0.0000,0.0000,0.0000,0.0000,-3.1364,-0.2116,-12.2497,-0.0621,0.0617,-0.0183
1774945478.0315,0.0000,0.0000,0.0000,0.0000,0.0000,-3.1346,-0.2124,-28.9536,-0.0163,0.0660,-0.0151
1774945478.0527,0.0000,0.0000,0.0000,0.0000,0.0000,-3.1327,-0.2146,36.5263,0.0455,0.1608,0.0030
1774945478.0713,0.0000,0.0000,0.0000,0.0000,0.0000,-3.1346,-0.2155,46.0346,0.0327,0.0489,0.0115
1774945478.0914,0.0000,0.0000,0.0000,0.0000,0.0000,-3.1357,-0.2162,-9.2860,-0.0408,-0.0065,0.0008
1774945478.1115,0.0000,0.0000,0.0000,0.0000,0.0000,-3.1340,-0.2148,18.8161,0.0359,-0.0608,0.0126
1774945478.1314,0.0000,0.0000,0.0000,0.0000,0.0000,-3.1323,-0.2157,-47.3694,0.0977,-0.0576,0.0147
1774945478.1513,0.0000,0.0000,0.0000,0.0000,0.0000,-3.1332,-0.2156,21.0832,0.0168,-0.0406,0.0104
1774945478.1714,0.0000,0.0000,0.0000,0.0000,0.0000,-3.1327,-0.2141,-4.8971,-0.0333,-0.0214,-0.0077
1774945478.1920,0.0000,0.0000,0.0000,0.0000,0.0000,-3.1306,-0.2117,-26.4191,0.0402,-0.0992,0.0179
1774945478.2114,0.0000,0.0000,0.0000,0.0000,0.0000,-3.1313,-0.2110,-23.1441,0.0072,0.0170,-0.0024
1774945478.2314,0.0000,0.0000,0.0000,0.0000,0.0000,-3.1315,-0.2087,31.6915,0.0157,0.0553,-0.0205
1774945478.2514,0.0000,0.0000,0.0000,0.0000,0.0000,-3.1325,-0.2069,27.9060,0.0210,0.0074,0.0190
1774945478.2714,0.0000,0.0000,0.0000,0.0000,0.0000,-3.1335,-0.2027,-35.5723,0.0232,-0.1119,0.0381
1774945478.2913,0.0000,0.0000,0.0000,0.0000,0.0000,-3.1326,-0.1985,-0.7611,0.0274,-0.0736,0.0221
1774945478.3114,0.0000,0.0000,0.0000,0.0000,0.0000,-3.1303,-0.1976,74.3315,-0.0525,0.0351,-0.0215
1774945478.3313,0.0000,0.0000,0.0000,0.0000,0.0000,-3.1286,-0.1966,-10.3488,-0.0376,0.1032,-0.0322
1774945478.3513,0.0000,0.0000,0.0000,0.0000,0.0000,-3.1274,-0.1991,-21.0583,-0.0195,0.1576,-0.0460
1774945478.3715,0.0000,0.0000,0.0000,0.0000,0.0000,-3.1271,-0.1997,-13.9422,-0.0184,0.0787,-0.0183
1774945478.3915,0.0000,0.0000,0.0000,0.0000,0.0000,-3.1278,-0.2027,-34.2907,0.0093,0.0596,-0.0109
1774945478.4114,0.0000,0.0000,0.0000,0.0000,0.0000,-3.1292,-0.2041,-28.5363,0.0647,0.0393,-0.0098
1774945478.4314,0.0000,0.0000,0.0000,0.0000,0.0000,-3.1311,-0.2073,14.8094,-0.0056,0.0755,0.0136
1774945478.4513,0.0000,0.0000,0.0000,0.0000,0.0000,-3.1304,-0.2124,39.8297,-0.0258,0.0969,0.0275
1774945478.4715,0.0000,0.0000,0.0000,0.0000,0.0000,-3.1289,-0.2141,21.3930,0.0136,0.0660,0.0051
1774945478.4918,0.0000,0.0000,0.0000,0.0000,0.0000,-3.1276,-0.2175,-47.5173,-0.0280,-0.0001,-0.0087
1774945478.5128,0.0000,0.0000,0.0000,0.0000,0.0000,-3.1281,-0.2157,-17.5286,0.0232,-0.0491,-0.0034
1774945478.5314,0.0000,0.0000,0.0000,0.0000,0.0000,-3.1280,-0.2163,0.1400,0.0402,-0.0086,0.0200
1774945478.5514,0.0000,0.0000,0.0000,0.0000,0.0000,-3.1293,-0.2169,8.4657,0.0551,-0.0182,0.0158
1774945478.5715,0.0000,0.0000,0.0000,0.0000,0.0000,-3.1288,-0.2196,-31.7615,0.0402,0.0340,0.0158
1774945478.5914,0.0000,0.0000,0.0000,0.0000,0.0000,-3.1300,-0.2233,-39.0229,-0.0834,0.0617,0.0051
1774945478.6122,0.0000,0.0000,0.0000,0.0000,0.0000,-3.1296,-0.2265,-77.5172,-0.0450,-0.0129,-0.0034
1774945478.6317,0.0000,0.0000,0.0000,0.0000,0.0000,-3.1292,-0.2265,-8.8746,-0.0333,-0.1748,-0.0141
1774945478.6514,0.0000,0.0000,0.0000,0.0000,0.0000,-3.1289,-0.2247,16.6809,0.0221,-0.2408,-0.0024
1774945478.6716,0.0000,0.0000,0.0000,0.0000,0.0000,-3.1287,-0.2234,19.3723,0.0306,-0.2089,-0.0066
1774945478.6914,0.0000,0.0000,0.0000,0.0000,0.0000,-3.1284,-0.2226,70.4733,0.0232,-0.1567,-0.0119
1774945478.7115,0.0000,0.0000,0.0000,0.0000,0.0000,-3.1287,-0.2224,28.9708,-0.0322,-0.1332,-0.0130
1774945478.7314,0.0000,0.0000,0.0000,0.0000,0.0000,-3.1276,-0.2215,-25.8834,-0.0141,-0.1119,-0.0002
1774945478.7515,0.0000,0.0000,0.0000,0.0000,0.0000,-3.1265,-0.2208,29.4209,-0.0365,-0.0917,-0.0066
1774945478.7714,0.0000,0.0000,0.0000,0.0000,0.0000,-3.1287,-0.2150,-35.4162,-0.0131,-0.1524,-0.0119
1774945478.7915,0.0000,0.0000,0.0000,0.0000,0.0000,-3.1312,-0.2118,-22.2449,-0.0770,-0.1290,-0.0141
1774945478.8114,0.0000,0.0000,0.0000,0.0000,0.0000,-3.1295,-0.2074,3.0226,0.0210,-0.0832,-0.0183
1774945478.8315,0.0000,0.0000,0.0000,0.0000,0.0000,-3.1305,-0.2057,-33.1536,0.0519,-0.0374,-0.0024
1774945478.8517,0.0000,0.0000,0.0000,0.0000,0.0000,-3.1326,-0.2039,-48.9114,0.0114,-0.0001,-0.0119
1774945478.8713,0.0000,0.0000,0.0000,0.0000,0.0000,-3.1336,-0.2020,25.3317,0.0008,0.0415,-0.0055
1774945478.8916,0.0000,0.0000,0.0000,0.0000,0.0000,-3.1335,-0.2002,-15.4256,0.0668,0.0063,0.0104
1774945478.9116,0.0000,0.0000,0.0000,0.0000,0.0000,-3.1351,-0.2008,47.6696,0.0050,0.0606,0.0221
1774945478.9321,0.0000,0.0000,0.0000,0.0000,0.0000,-3.1354,-0.2012,10.1421,-0.0163,0.1629,0.0062
1774945478.9518,0.0000,0.0000,0.0000,0.0000,0.0000,-3.1339,-0.2020,-13.8002,-0.0056,0.1331,0.0211
1774945478.9714,0.0000,0.0000,0.0000,0.0000,0.0000,-3.1309,-0.2022,-29.3327,0.0487,0.1203,0.0115
1774945478.9914,0.0000,0.0000,0.0000,0.0000,0.0000,-3.1292,-0.2073,20.3733,0.0285,0.1757,-0.0013
1774945479.0114,0.0000,0.0000,0.0000,0.0000,0.0000,-3.1299,-0.2116,5.0638,0.0317,0.1618,0.0051
1774945479.0315,0.0000,0.0000,0.0000,0.0000,0.0000,-3.1287,-0.2173,26.2795,-0.0067,0.1586,0.0072
1774945479.0513,0.0000,0.0000,0.0000,0.0000,0.0000,-3.1277,-0.2189,-9.1863,-0.0024,0.0819,0.0051
1774945479.0716,0.0000,0.0000,0.0000,0.0000,0.0000,-3.1274,-0.2196,-1.9855,-0.0013,0.0361,0.0008
1774945479.0913,0.0000,0.0000,0.0000,0.0000,0.0000,-3.1261,-0.2217,5.4512,-0.0120,0.0052,-0.0130
1774945479.1114,0.0000,0.0000,0.0000,0.0000,0.0000,-3.1277,-0.2235,-13.8937,-0.0535,-0.0267,-0.0205
1774945479.1318,0.0000,0.0000,0.0000,0.0000,0.0000,-3.1253,-0.2209,65.8210,0.0253,-0.1247,-0.0258
1774945479.1514,0.0000,0.0000,0.0000,0.0000,0.0000,-3.1236,-0.2193,-1.5106,0.0413,-0.0512,-0.0428
1774945479.1714,0.0000,0.0000,0.0000,0.0000,0.0000,-3.1240,-0.2157,-31.3713,0.0136,-0.0129,-0.0407
1774945479.1912,0.0000,0.0000,0.0000,0.0000,0.0000,-3.1271,-0.2125,24.3502,-0.0514,-0.0107,-0.0151
1774945479.2114,0.0000,0.0000,0.0000,0.0000,0.0000,-3.1262,-0.2108,21.2155,-0.0237,-0.0012,0.0008
1774945479.2316,0.0000,0.0000,0.0000,0.0000,0.0000,-3.1265,-0.2069,43.4248,0.0594,-0.0619,0.0179
1774945479.2513,0.0000,0.0000,0.0000,0.0000,0.0000,-3.1289,-0.2037,90.7140,-0.0589,-0.0587,0.0488
1774945479.2713,0.0000,0.0000,0.0000,0.0000,0.0000,-3.1293,-0.1999,-6.4631,-0.0472,-0.0576,0.0285
1774945479.2915,0.0000,0.0000,0.0000,0.0000,0.0000,-3.1291,-0.1968,-29.1628,-0.0450,0.0052,0.0594
1774945479.3116,0.0000,0.0000,0.0000,0.0000,0.0000,-3.1277,-0.1927,-10.6635,0.0540,-0.0491,0.0392
1774945479.3314,0.0000,0.0000,0.0000,0.0000,0.0000,-3.1272,-0.1895,-17.4194,0.0178,-0.0033,-0.0109
1774945479.3514,0.0000,0.0000,0.0000,0.0000,0.0000,-3.1286,-0.1872,13.8315,-0.0748,0.0510,-0.0588
1774945479.3714,0.0000,0.0000,0.0000,0.0000,0.0000,-3.1287,-0.1893,62.3448,-0.0685,0.1693,-0.0982
1774945479.3915,0.0000,0.0000,0.0000,0.0000,0.0000,-3.1290,-0.1944,37.0599,-0.0567,0.2204,-0.0641
1774945479.4120,0.0000,0.0000,0.0000,0.0000,0.0000,-3.1299,-0.2019,145.6864,-0.0141,0.2566,-0.0066
1774945479.4344,0.0000,0.0000,0.0000,0.0000,0.0000,-3.1321,-0.2104,35.4703,-0.0525,0.2907,0.0594
1774945479.4513,0.0000,0.0000,0.0000,0.0000,0.0000,-3.1333,-0.2175,38.1292,0.0221,0.1480,0.0392
1774945479.4713,0.0000,0.0000,0.0000,0.0000,0.0000,-3.1333,-0.2225,17.8094,-0.0333,0.0170,0.0275
1774945479.4913,0.0000,0.0000,0.0000,0.0000,0.0000,-3.1332,-0.2244,-57.9167,-0.0131,-0.0310,0.0243
1774945479.5112,0.0000,0.0000,0.0000,0.0000,0.0000,-3.1311,-0.2255,-27.0548,0.1467,-0.0459,-0.0087
1774945479.5316,0.0000,0.0000,0.0000,0.0000,0.0000,-3.1316,-0.2268,-18.6462,0.0754,-0.0470,0.0083
1774945479.5512,0.0000,0.0000,0.0000,0.0000,0.0000,-3.1317,-0.2278,22.1538,0.0647,-0.0768,0.0062
1774945479.5715,0.0000,0.0000,0.0000,0.0000,0.0000,-3.1328,-0.2296,8.6242,-0.0152,-0.0683,0.0179
1774945479.5914,0.0000,0.0000,0.0000,0.0000,0.0000,-3.1300,-0.2293,-9.6769,0.0445,-0.1620,0.0243
1774945479.6113,0.0000,0.0000,0.0000,0.0000,0.0000,-3.1283,-0.2255,-17.3610,0.0093,-0.2494,-0.0045
1774945479.6315,0.0000,0.0000,0.0000,0.0000,0.0000,-3.1285,-0.2208,38.2118,-0.0876,-0.2984,-0.0077
1774945479.6514,0.0000,0.0000,0.0000,0.0000,0.0000,-3.1282,-0.2161,-40.0080,-0.0535,-0.2131,-0.0087
1774945479.6715,0.0000,0.0000,0.0000,0.0000,0.0000,-3.1263,-0.2115,6.1440,0.0722,-0.2131,-0.0024
1774945479.6915,0.0000,0.0000,0.0000,0.0000,0.0000,-3.1252,-0.2071,32.8676,0.0785,-0.2557,-0.0034
1774945479.7114,0.0000,0.0000,0.0000,0.0000,0.0000,-3.1253,-0.2026,-11.7858,-0.0120,-0.1972,-0.0364
1774945479.7314,0.0000,0.0000,0.0000,0.0000,0.0000,-3.1258,-0.2008,47.8429,-0.0855,-0.0992,-0.0609
1774945479.7518,0.0000,0.0000,0.0000,0.0000,0.0000,-3.1248,-0.1991,-24.0789,-0.0535,-0.0651,-0.0237
1774945479.7713,0.0000,0.0000,0.0000,0.0000,0.0000,-3.1249,-0.1987,-10.6101,0.0125,-0.0257,0.0008
1774945479.7913,0.0000,0.0000,0.0000,0.0000,0.0000,-3.1266,-0.1970,29.6534,-0.0152,-0.0107,0.0062
1774945479.8113,0.0000,0.0000,0.0000,0.0000,0.0000,-3.1301,-0.1931,50.6191,-0.0472,-0.0917,0.0094
1774945479.8313,0.0000,0.0000,0.0000,0.0000,0.0000,-3.1292,-0.1926,4.5409,0.0093,-0.0150,0.0072
1774945479.8514,0.0000,0.0000,0.0000,0.0000,0.0000,-3.1286,-0.1948,3.8557,0.0647,0.1214,-0.0162
1774945479.8714,0.0000,0.0000,0.0000,0.0000,0.0000,-3.1288,-0.1997,30.3773,-0.0503,0.2034,-0.0364
1774945479.8917,0.0000,0.0000,0.0000,0.0000,0.0000,-3.1296,-0.2038,-38.9457,-0.0503,0.1725,-0.0386
1774945479.9115,0.0000,0.0000,0.0000,0.0000,0.0000,-3.1305,-0.2107,38.3241,-0.0674,0.2439,-0.0162
1774945479.9313,0.0000,0.0000,0.0000,0.0000,0.0000,-3.1299,-0.2153,10.3321,0.0498,0.2044,-0.0013
1774945479.9517,0.0000,0.0000,0.0000,0.0000,0.0000,-3.1326,-0.2176,-16.7120,0.0295,0.1650,0.0317
1774945479.9712,0.0000,0.0000,0.0000,0.0000,0.0000,-3.1338,-0.2180,-11.0477,0.0381,0.1064,0.0104
1774945479.9915,0.0000,0.0000,0.0000,0.0000,0.0000,-3.1346,-0.2183,-29.8715,-0.0120,0.0617,0.0232
1774945480.0112,0.0000,0.0000,0.0000,0.0000,0.0000,-3.1325,-0.2166,-4.0701,0.0658,-0.0672,-0.0087
1774945480.0314,0.0000,0.0000,0.0000,0.0000,0.0000,-3.1317,-0.2159,44.1426,0.0125,-0.0683,-0.0194
1774945480.0514,0.0000,0.0000,0.0000,0.0000,0.0000,-3.1318,-0.2146,-12.1766,-0.0557,-0.0565,-0.0087
1774945480.0714,0.0000,0.0000,0.0000,0.0000,0.0000,-3.1315,-0.2170,-18.8399,-0.0429,-0.0022,-0.0130
1774945480.0913,0.0000,0.0000,0.0000,0.0000,0.0000,-3.1292,-0.2159,-41.9167,0.0008,-0.0065,0.0019
1774945480.1115,0.0000,0.0000,0.0000,0.0000,0.0000,-3.1298,-0.2167,6.4444,0.0050,0.0010,-0.0034
1774945480.1314,0.0000,0.0000,0.0000,0.0000,0.0000,-3.1299,-0.2150,-41.8839,-0.0248,0.0063,-0.0247
1774945480.1520,0.0000,0.0000,0.0000,0.0000,0.0000,-3.1318,-0.2140,38.0254,-0.0685,-0.0853,0.0051
1774945480.1714,0.0000,0.0000,0.0000,0.0000,0.0000,-3.1321,-0.2101,-24.3851,0.0359,-0.0789,0.0094
1774945480.1915,0.0000,0.0000,0.0000,0.0000,0.0000,-3.1318,-0.2063,-84.7962,0.0391,-0.0672,0.0200
1774945480.2115,0.0000,0.0000,0.0000,0.0000,0.0000,-3.1315,-0.2013,36.6752,-0.0248,-0.1375,0.0072
1774945480.2317,0.0000,0.0000,0.0000,0.0000,0.0000,-3.1329,-0.1972,-38.8332,-0.0759,-0.0129,0.0083
1774945480.2518,0.0000,0.0000,0.0000,0.0000,0.0000,-3.1332,-0.1949,5.7336,-0.0418,0.0308,-0.0024
1774945480.2712,0.0000,0.0000,0.0000,0.0000,0.0000,-3.1306,-0.1945,-2.9619,0.0359,0.0361,-0.0034
1774945480.2915,0.0000,0.0000,0.0000,0.0000,0.0000,-3.1315,-0.1947,2.5459,-0.0216,0.0574,0.0019
1774945480.3115,0.0000,0.0000,0.0000,0.0000,0.0000,-3.1329,-0.1942,-45.6174,0.0008,0.1139,-0.0279
1774945480.3315,0.0000,0.0000,0.0000,0.0000,0.0000,-3.1353,-0.1980,37.8351,-0.0088,0.1714,-0.0237
1774945480.3515,0.0000,0.0000,0.0000,0.0000,0.0000,-3.1355,-0.2011,-1.8680,0.0306,0.1054,-0.0247
1774945480.3714,0.0000,0.0000,0.0000,0.0000,0.0000,-3.1345,-0.2023,-12.0089,0.0413,0.1214,-0.0183
1774945480.3915,0.0000,0.0000,0.0000,0.0000,0.0000,-3.1382,-0.2047,4.6790,-0.0195,0.1107,0.0008
1774945480.4114,0.0000,0.0000,0.0000,0.0000,0.0000,-3.1397,-0.2097,-5.9767,0.0050,0.0990,0.0232
1774945480.4313,0.0000,0.0000,0.0000,0.0000,0.0000,-3.1408,-0.2130,18.9435,0.0029,0.0894,0.0339
1774945480.4514,0.0000,0.0000,0.0000,0.0000,0.0000,3.1412,-0.2177,7.1372,0.0029,0.0553,0.0339
1774945480.4716,0.0000,0.0000,0.0000,0.0000,0.0000,3.1402,-0.2211,0.0000,-0.0280,-0.0438,-0.0130
1774945480.4914,0.0000,0.0000,0.0000,0.0000,0.0000,3.1405,-0.2214,10.4125,-0.0557,-0.0896,-0.0226
1774945480.5116,0.0000,0.0000,0.0000,0.0000,0.0000,3.1415,-0.2241,12.0436,0.0200,-0.0193,-0.0034
1774945480.5316,0.0000,0.0000,0.0000,0.0000,0.0000,-3.1408,-0.2261,5.6196,0.0636,-0.0288,0.0232
1774945480.5513,0.0000,0.0000,0.0000,0.0000,0.0000,-3.1394,-0.2262,6.7800,0.0999,-0.1332,0.0104
1774945480.5715,0.0000,0.0000,0.0000,0.0000,0.0000,-3.1391,-0.2245,-13.7318,0.0168,-0.2153,-0.0066
1774945480.5915,0.0000,0.0000,0.0000,0.0000,0.0000,-3.1382,-0.2227,6.3022,-0.0227,-0.2344,-0.0024
1774945480.6118,0.0000,0.0000,0.0000,0.0000,0.0000,-3.1389,-0.2209,-9.3173,-0.0013,-0.1929,-0.0002
1774945480.6314,0.0000,0.0000,0.0000,0.0000,0.0000,-3.1363,-0.2188,3.8155,0.0785,-0.1950,-0.0034
1774945480.6514,0.0000,0.0000,0.0000,0.0000,0.0000,-3.1365,-0.2171,29.3526,0.0871,-0.1737,0.0285
1774945480.6713,0.0000,0.0000,0.0000,0.0000,0.0000,-3.1361,-0.2133,27.8950,0.0615,-0.1940,0.0083
1774945480.6918,0.0000,0.0000,0.0000,0.0000,0.0000,-3.1336,-0.2120,42.5745,0.0732,-0.1450,0.0168
1774945480.7114,0.0000,0.0000,0.0000,0.0000,0.0000,-3.1324,-0.2080,35.2119,0.0583,-0.1609,0.0221
1774945480.7315,0.0000,0.0000,0.0000,0.0000,0.0000,-3.1292,-0.2043,5.1914,0.0338,-0.1716,-0.0311
1774945480.7513,0.0000,0.0000,0.0000,0.0000,0.0000,-3.1278,-0.2023,10.0111,-0.0472,-0.1620,-0.0205
1774945480.7713,0.0000,0.0000,0.0000,0.0000,0.0000,-3.1257,-0.2027,-61.7906,-0.0173,0.0255,-0.0290
1774945480.7919,0.0000,0.0000,0.0000,0.0000,0.0000,-3.1257,-0.2026,14.5413,-0.0152,0.0787,-0.0034
1774945480.8123,0.0000,0.0000,0.0000,0.0000,0.0000,-3.1242,-0.2021,-41.2679,0.0445,0.0542,0.0019
1774945480.8316,0.0000,0.0000,0.0000,0.0000,0.0000,-3.1269,-0.2016,12.6387,-0.0333,0.0894,-0.0045
1774945480.8515,0.0000,0.0000,0.0000,0.0000,0.0000,-3.1290,-0.2009,17.1711,-0.0567,0.0926,-0.0055
1774945480.8713,0.0000,0.0000,0.0000,0.0000,0.0000,-3.1293,-0.2020,20.6122,-0.0610,0.1203,-0.0045
1774945480.8922,0.0000,0.0000,0.0000,0.0000,0.0000,-3.1288,-0.2041,11.1639,-0.0312,0.1405,-0.0322
1774945480.9115,0.0000,0.0000,0.0000,0.0000,0.0000,-3.1293,-0.2051,5.1466,-0.0802,0.1160,-0.0428
1774945480.9313,0.0000,0.0000,0.0000,0.0000,0.0000,-3.1305,-0.2064,-66.4037,-0.1089,0.1064,-0.0460
1774945480.9565,0.0000,0.0000,0.0000,0.0000,0.0000,-3.1327,-0.2082,6.5105,-0.0599,0.1160,-0.0162
1774945480.9715,0.0000,0.0000,0.0000,0.0000,0.0000,-3.1341,-0.2106,-22.4501,0.0082,0.0755,-0.0141
1774945480.9914,0.0000,0.0000,0.0000,0.0000,0.0000,-3.1360,-0.2132,47.9824,0.0264,0.1395,0.0083
1774945481.0115,0.0000,0.0000,0.0000,0.0000,0.0000,-3.1390,-0.2122,-41.2896,-0.0344,0.0308,0.0051
1774945481.0313,0.0000,0.0000,0.0000,0.0000,0.0000,-3.1409,-0.2117,-35.1177,-0.0823,0.0191,-0.0109
1774945481.0516,0.0000,0.0000,0.0000,0.0000,0.0000,-3.1399,-0.2114,15.7891,-0.0056,-0.0139,-0.0130
1774945481.0715,0.0000,0.0000,0.0000,0.0000,0.0000,-3.1382,-0.2095,34.8267,0.0668,-0.0363,0.0126
1774945481.0916,0.0000,0.0000,0.0000,0.0000,0.0000,-3.1394,-0.2054,38.0894,0.0210,-0.0352,0.0158
1774945481.1114,0.0000,0.0000,0.0000,0.0000,0.0000,-3.1394,-0.2035,39.3414,0.0189,0.0010,-0.0098
1774945481.1314,0.0000,0.0000,0.0000,0.0000,0.0000,-3.1396,-0.2013,-27.6317,-0.0280,0.0095,-0.0066
1774945481.1514,0.0000,0.0000,0.0000,0.0000,0.0000,-3.1393,-0.1980,-9.3929,-0.0152,-0.0310,0.0030
1774945481.1715,0.0000,0.0000,0.0000,0.0000,0.0000,-3.1383,-0.1960,-15.7724,-0.0727,0.0202,0.0040
1774945481.1913,0.0000,0.0000,0.0000,0.0000,0.0000,-3.1394,-0.1937,-54.3285,-0.0983,-0.0342,-0.0055
1774945481.2116,0.0000,0.0000,0.0000,0.0000,0.0000,-3.1403,-0.1930,-54.3725,-0.0077,0.0660,-0.0215
1774945481.2314,0.0000,0.0000,0.0000,0.0000,0.0000,-3.1411,-0.1907,51.2000,0.0242,0.0617,-0.0205
1774945481.2515,0.0000,0.0000,0.0000,0.0000,0.0000,3.1413,-0.1926,-1.8077,0.0796,0.0713,-0.0460
1774945481.2717,0.0000,0.0000,0.0000,0.0000,0.0000,-3.1415,-0.1963,49.3761,0.0391,0.1608,-0.0343
1774945481.2915,0.0000,0.0000,0.0000,0.0000,0.0000,3.1411,-0.1962,17.3669,-0.0045,0.0819,-0.0215
1774945481.3116,0.0000,0.0000,0.0000,0.0000,0.0000,3.1408,-0.2001,6.6679,0.0327,0.0830,0.0190
1774945481.3316,0.0000,0.0000,0.0000,0.0000,0.0000,3.1405,-0.2029,27.3500,0.0604,0.1011,0.0477
1774945481.3515,0.0000,0.0000,0.0000,0.0000,0.0000,3.1393,-0.2054,89.5373,0.0210,0.0873,0.0562
1774945481.3715,0.0000,0.0000,0.0000,0.0000,0.0000,3.1415,-0.2065,56.0281,0.0391,0.0457,0.0211
1774945481.3912,0.0000,0.0000,0.0000,0.0000,0.0000,-3.1392,-0.2047,-12.4965,0.0945,-0.0118,0.0243
1774945481.4113,0.0000,0.0000,0.0000,0.0000,0.0000,-3.1361,-0.2047,-63.0347,0.0455,0.0106,-0.0119
1774945481.4318,0.0000,0.0000,0.0000,0.0000,0.0000,-3.1344,-0.2046,58.5344,0.0157,0.0255,-0.0247
1774945481.4516,0.0000,0.0000,0.0000,0.0000,0.0000,-3.1335,-0.2051,-9.2240,-0.0514,0.0510,-0.0471
1774945481.4713,0.0000,0.0000,0.0000,0.0000,0.0000,-3.1311,-0.2073,91.9688,-0.0099,-0.0214,-0.0173
1774945481.4913,0.0000,0.0000,0.0000,0.0000,0.0000,-3.1301,-0.2074,13.8554,-0.0333,-0.0768,0.0232
1774945481.5116,0.0000,0.0000,0.0000,0.0000,0.0000,-3.1314,-0.2098,108.7173,-0.0493,0.0074,0.0371
1774945481.5321,0.0000,0.0000,0.0000,0.0000,0.0000,-3.1319,-0.2144,-72.4402,-0.0227,0.0585,0.0062
1774945481.5515,0.0000,0.0000,0.0000,0.0000,0.0000,-3.1328,-0.2162,-19.7150,-0.0493,-0.0672,-0.0215
1774945481.5713,0.0000,0.0000,0.0000,0.0000,0.0000,-3.1327,-0.2188,20.8980,-0.0344,-0.0470,-0.0237
1774945481.5913,0.0000,0.0000,0.0000,0.0000,0.0000,-3.1344,-0.2205,-0.6564,-0.0152,-0.1183,-0.0151
1774945481.6113,0.0000,0.0000,0.0000,0.0000,0.0000,-3.1368,-0.2216,20.8219,-0.0503,-0.0544,-0.0183
1774945481.6314,0.0000,0.0000,0.0000,0.0000,0.0000,-3.1377,-0.2223,75.4586,-0.0035,-0.0981,0.0040
1774945481.6515,0.0000,0.0000,0.0000,0.0000,0.0000,-3.1378,-0.2215,-27.5193,-0.0088,-0.1577,0.0158
1774945481.6714,0.0000,0.0000,0.0000,0.0000,0.0000,-3.1361,-0.2204,-25.4731,0.0146,-0.1237,-0.0055
1774945481.6919,0.0000,0.0000,0.0000,0.0000,0.0000,-3.1393,-0.2184,-20.9793,-0.0109,-0.1737,0.0104
1774945481.7115,0.0000,0.0000,0.0000,0.0000,0.0000,-3.1378,-0.2161,-29.1706,-0.0077,-0.2323,-0.0066
1774945481.7314,0.0000,0.0000,0.0000,0.0000,0.0000,-3.1386,-0.2121,-45.0618,0.0008,-0.2046,-0.0013
1774945481.7514,0.0000,0.0000,0.0000,0.0000,0.0000,-3.1379,-0.2092,34.5032,0.0381,-0.1705,-0.0034
1774945481.7714,0.0000,0.0000,0.0000,0.0000,0.0000,-3.1369,-0.2082,2.0364,0.0658,-0.0885,0.0062
1774945481.7914,0.0000,0.0000,0.0000,0.0000,0.0000,-3.1389,-0.2040,-14.3442,0.0082,-0.1162,0.0200
1774945481.8118,0.0000,0.0000,0.0000,0.0000,0.0000,-3.1381,-0.2013,-4.8042,-0.0301,-0.0565,0.0221
1774945481.8316,0.0000,0.0000,0.0000,0.0000,0.0000,-3.1356,-0.2012,-35.8963,0.0104,0.0276,0.0126
1774945481.8515,0.0000,0.0000,0.0000,0.0000,0.0000,-3.1336,-0.2020,-34.0227,0.0487,0.0468,-0.0194
1774945481.8716,0.0000,0.0000,0.0000,0.0000,0.0000,-3.1335,-0.2025,20.9164,-0.0131,0.0340,-0.0045
1774945481.8915,0.0000,0.0000,0.0000,0.0000,0.0000,-3.1335,-0.2058,-0.6233,-0.0077,0.0383,-0.0279
1774945481.9114,0.0000,0.0000,0.0000,0.0000,0.0000,-3.1317,-0.2079,25.8331,0.0114,0.0244,0.0051
1774945481.9313,0.0000,0.0000,0.0000,0.0000,0.0000,-3.1315,-0.2082,13.5307,0.0690,0.0329,0.0147
1774945481.9517,0.0000,0.0000,0.0000,0.0000,0.0000,-3.1333,-0.2092,42.6357,0.0168,0.0223,0.0136
1774945481.9714,0.0000,0.0000,0.0000,0.0000,0.0000,-3.1333,-0.2096,-15.8433,-0.0354,-0.0267,-0.0194
1774945481.9917,0.0000,0.0000,0.0000,0.0000,0.0000,-3.1325,-0.2077,-36.8369,-0.0173,-0.0320,-0.0269
1774945482.0114,0.0000,0.0000,0.0000,0.0000,0.0000,-3.1316,-0.2063,33.8097,0.0019,-0.0001,-0.0226
1774945482.0313,0.0000,0.0000,0.0000,0.0000,0.0000,-3.1309,-0.2071,-24.9693,-0.0056,0.0265,-0.0258
1774945482.0517,0.0000,0.0000,0.0000,0.0000,0.0000,-3.1321,-0.2055,34.6914,-0.0376,-0.0107,-0.0130
1774945482.0714,0.0000,0.0000,0.0000,0.0000,0.0000,-3.1302,-0.2067,-5.2427,0.0168,0.0276,-0.0237
1774945482.0915,0.0000,0.0000,0.0000,0.0000,0.0000,-3.1314,-0.2065,33.0600,0.0615,0.0095,0.0179
1774945482.1114,0.0000,0.0000,0.0000,0.0000,0.0000,-3.1318,-0.2035,-10.5883,0.0455,0.0042,0.0232
1774945482.1313,0.0000,0.0000,0.0000,0.0000,0.0000,-3.1341,-0.2002,8.9382,0.0285,-0.0150,0.0541
1774945482.1515,0.0000,0.0000,0.0000,0.0000,0.0000,-3.1332,-0.1970,-11.4156,0.0349,-0.0310,0.0467
1774945482.1715,0.0000,0.0000,0.0000,0.0000,0.0000,-3.1318,-0.1957,44.7897,-0.0045,0.0479,0.0307
1774945482.1917,0.0000,0.0000,0.0000,0.0000,0.0000,-3.1308,-0.1935,62.1000,-0.0365,0.0116,-0.0066
1774945482.2116,0.0000,0.0000,0.0000,0.0000,0.0000,-3.1282,-0.1912,12.1786,-0.0440,0.0148,-0.0620
1774945482.2314,0.0000,0.0000,0.0000,0.0000,0.0000,-3.1285,-0.1901,37.3666,-0.0258,0.0148,-0.0503
1774945482.2515,0.0000,0.0000,0.0000,0.0000,0.0000,-3.1305,-0.1898,28.0204,0.0008,0.0532,-0.0418
1774945482.2714,0.0000,0.0000,0.0000,0.0000,0.0000,-3.1320,-0.1905,19.9776,0.0274,0.1331,-0.0034
1774945482.2914,0.0000,0.0000,0.0000,0.0000,0.0000,-3.1327,-0.1914,-2.9929,0.0061,0.1437,0.0147
1774945482.3114,0.0000,0.0000,0.0000,0.0000,0.0000,-3.1314,-0.1927,-91.2099,0.0104,0.1491,0.0158
1774945482.3313,0.0000,0.0000,0.0000,0.0000,0.0000,-3.1330,-0.1969,1.5457,-0.0056,0.2087,0.0019
1774945482.3519,0.0000,0.0000,0.0000,0.0000,0.0000,-3.1350,-0.1997,-33.8708,-0.0397,0.1395,-0.0077
1774945482.3721,0.0000,0.0000,0.0000,0.0000,0.0000,-3.1354,-0.2025,-97.6823,-0.0418,0.0947,-0.0343
1774945482.3914,0.0000,0.0000,0.0000,0.0000,0.0000,-3.1344,-0.2051,28.6563,0.0466,0.0702,0.0008
1774945482.4116,0.0000,0.0000,0.0000,0.0000,0.0000,-3.1349,-0.2059,41.2717,0.0604,0.0766,0.0019
1774945482.4313,0.0000,0.0000,0.0000,0.0000,0.0000,-3.1347,-0.2071,37.9433,0.0232,0.0564,-0.0237
1774945482.4515,0.0000,0.0000,0.0000,0.0000,0.0000,-3.1358,-0.2084,-21.0115,0.0104,-0.0150,-0.0055
1774945482.4714,0.0000,0.0000,0.0000,0.0000,0.0000,-3.1369,-0.2117,-43.3005,0.0040,-0.0065,0.0104
1774945482.4935,0.0000,0.0000,0.0000,0.0000,0.0000,-3.1366,-0.2150,-14.5349,0.0168,0.0255,0.0498
1774945482.5115,0.0000,0.0000,0.0000,0.0000,0.0000,-3.1348,-0.2176,-29.7319,0.0317,-0.0416,0.0435
1774945482.5316,0.0000,0.0000,0.0000,0.0000,0.0000,-3.1333,-0.2192,55.6598,0.0061,-0.0970,0.0200
1774945482.5515,0.0000,0.0000,0.0000,0.0000,0.0000,-3.1336,-0.2206,71.2492,0.0519,-0.0832,-0.0034
1774945482.5716,0.0000,0.0000,0.0000,0.0000,0.0000,-3.1321,-0.2184,40.6248,0.0562,-0.1620,-0.0066
1774945482.5916,0.0000,0.0000,0.0000,0.0000,0.0000,-3.1301,-0.2167,-17.3316,0.0402,-0.1791,-0.0269
1774945482.6114,0.0000,0.0000,0.0000,0.0000,0.0000,-3.1306,-0.2155,-18.9817,-0.0035,-0.1791,-0.0087
1774945482.6322,0.0000,0.0000,0.0000,0.0000,0.0000,-3.1292,-0.2121,65.1022,-0.0120,-0.1535,-0.0151
1774945482.6513,0.0000,0.0000,0.0000,0.0000,0.0000,-3.1258,-0.2099,-56.5051,0.0509,-0.1929,0.0126
1774945482.6719,0.0000,0.0000,0.0000,0.0000,0.0000,-3.1251,-0.2065,51.2335,-0.0013,-0.1567,0.0030
1774945482.6914,0.0000,0.0000,0.0000,0.0000,0.0000,-3.1232,-0.2070,-4.5494,0.0104,-0.1343,0.0094
1774945482.7114,0.0000,0.0000,0.0000,0.0000,0.0000,-3.1242,-0.2070,11.7214,0.0093,-0.0225,-0.0066
1774945482.7313,0.0000,0.0000,0.0000,0.0000,0.0000,-3.1256,-0.2046,3.3849,0.0306,-0.0938,0.0115
1774945482.7515,0.0000,0.0000,0.0000,0.0000,0.0000,-3.1240,-0.2006,-40.0516,0.0050,-0.0842,0.0104
1774945482.7719,0.0000,0.0000,0.0000,0.0000,0.0000,-3.1238,-0.1968,0.0000,-0.0610,0.0116,-0.0109
1774945482.7914,0.0000,0.0000,0.0000,0.0000,0.0000,-3.1229,-0.1944,24.8997,-0.0589,0.0255,-0.0343
1774945482.8121,0.0000,0.0000,0.0000,0.0000,0.0000,-3.1254,-0.1918,0.0000,-0.0834,0.0553,-0.0386
1774945482.8321,0.0000,0.0000,0.0000,0.0000,0.0000,-3.1252,-0.1890,0.0000,-0.0258,0.0489,-0.0567
1774945482.8512,0.0000,0.0000,0.0000,0.0000,0.0000,-3.1252,-0.1923,-10.7853,-0.0141,0.1160,-0.0460
1774945482.8717,0.0000,0.0000,0.0000,0.0000,0.0000,-3.1268,-0.1924,0.0000,-0.0429,0.1906,-0.0162
1774945482.8915,0.0000,0.0000,0.0000,0.0000,0.0000,-3.1265,-0.1963,3.6208,-0.0173,0.1437,-0.0226
1774945482.9115,0.0000,0.0000,0.0000,0.0000,0.0000,-3.1267,-0.2026,-12.1986,-0.0099,0.1672,-0.0141
1774945482.9315,0.0000,0.0000,0.0000,0.0000,0.0000,-3.1287,-0.2051,-6.1713,-0.0109,0.1746,0.0051
1774945482.9520,0.0000,0.0000,0.0000,0.0000,0.0000,-3.1330,-0.2076,0.0000,-0.0333,0.1459,-0.0077
1774945482.9714,0.0000,0.0000,0.0000,0.0000,0.0000,-3.1345,-0.2089,-9.7623,-0.0195,0.0990,-0.0045
1774945482.9921,0.0000,0.0000,0.0000,0.0000,0.0000,-3.1346,-0.2080,0.0000,0.0221,0.0510,0.0104
1774945483.0114,0.0000,0.0000,0.0000,0.0000,0.0000,-3.1324,-0.2094,0.5977,0.0157,0.0084,-0.0024
1774945483.0312,0.0000,0.0000,0.0000,0.0000,0.0000,-3.1348,-0.2105,-17.5666,0.0114,-0.0235,-0.0077
1774945483.0514,0.0000,0.0000,0.0000,0.0000,0.0000,-3.1362,-0.2117,19.1919,0.0008,-0.0086,-0.0034
1774945483.0713,0.0000,0.0000,0.0000,0.0000,0.0000,-3.1340,-0.2117,3.5803,-0.0141,-0.0619,-0.0322
1774945483.0918,0.0000,0.0000,0.0000,0.0000,0.0000,-3.1343,-0.2076,-9.6142,-0.0163,-0.0629,-0.0258
1774945483.1114,0.0000,0.0000,0.0000,0.0000,0.0000,-3.1356,-0.2055,-14.8430,-0.0322,-0.0374,-0.0109
1774945483.1313,0.0000,0.0000,0.0000,0.0000,0.0000,-3.1358,-0.2025,-6.3372,-0.0109,-0.0352,-0.0290
1774945483.1514,0.0000,0.0000,0.0000,0.0000,0.0000,-3.1363,-0.2002,48.1270,-0.0056,-0.0075,-0.0119
1774945483.1715,0.0000,0.0000,0.0000,0.0000,0.0000,-3.1374,-0.1987,20.3134,0.0306,0.0404,0.0126
1774945483.1916,0.0000,0.0000,0.0000,0.0000,0.0000,-3.1368,-0.1981,-67.1694,0.0264,0.0404,-0.0013
1774945483.2114,0.0000,0.0000,0.0000,0.0000,0.0000,-3.1369,-0.1971,10.1792,0.0061,0.0116,-0.0098
1774945483.2315,0.0000,0.0000,0.0000,0.0000,0.0000,-3.1394,-0.1969,12.5994,0.0264,-0.0139,0.0094
1774945483.2517,0.0000,0.0000,0.0000,0.0000,0.0000,-3.1367,-0.1956,-48.0595,0.0114,-0.0033,-0.0077
1774945483.2713,0.0000,0.0000,0.0000,0.0000,0.0000,-3.1351,-0.1975,-45.4631,0.0125,-0.0054,-0.0034
1774945483.2914,0.0000,0.0000,0.0000,0.0000,0.0000,-3.1350,-0.1981,16.6718,0.0050,-0.0129,0.0062
1774945483.3114,0.0000,0.0000,0.0000,0.0000,0.0000,-3.1333,-0.1995,61.5639,0.0210,0.0010,-0.0098
1774945483.3321,0.0000,0.0000,0.0000,0.0000,0.0000,-3.1341,-0.2015,23.0835,0.0040,0.0202,-0.0077
1774945483.3514,0.0000,0.0000,0.0000,0.0000,0.0000,-3.1329,-0.2035,-67.6840,-0.0109,0.0383,-0.0258
1774945483.3720,0.0000,0.0000,0.0000,0.0000,0.0000,-3.1330,-0.2058,-21.2045,0.0285,0.0116,-0.0247
1774945483.3913,0.0000,0.0000,0.0000,0.0000,0.0000,-3.1342,-0.2083,44.6371,0.0317,0.0170,-0.0055
1774945483.4119,0.0000,0.0000,0.0000,0.0000,0.0000,-3.1368,-0.2114,-67.0352,0.0295,-0.0544,0.0190
1774945483.4317,0.0000,0.0000,0.0000,0.0000,0.0000,-3.1364,-0.2153,-48.0806,0.0796,0.0265,0.0488
1774945483.4517,0.0000,0.0000,0.0000,0.0000,0.0000,-3.1363,-0.2187,-4.1110,0.0391,-0.0278,0.0413
1774945483.4713,0.0000,0.0000,0.0000,0.0000,0.0000,-3.1356,-0.2208,5.2464,0.0253,-0.0502,0.0147
1774945483.4914,0.0000,0.0000,0.0000,0.0000,0.0000,-3.1354,-0.2197,40.4194,0.1286,-0.1535,0.1063
1774945483.5114,0.0000,0.0000,0.0000,0.0000,0.0000,-3.1368,-0.2182,78.7925,-0.0461,-0.1791,0.2533
1774945483.5320,0.0000,0.0000,0.0000,0.0000,0.0000,-3.1354,-0.2166,48.3110,0.0050,-0.1535,0.2885
1774945483.5514,0.0000,0.0000,0.0000,0.0000,0.0000,-3.1366,-0.2105,11.8992,-0.1121,-0.2057,0.3151
1774945483.5718,0.0000,0.0000,0.0000,0.0000,0.0000,-3.1382,-0.2045,1.2904,-0.0908,-0.1727,0.3460
1774945483.5914,0.0000,0.0000,0.0000,0.0000,0.0000,-3.1369,-0.2035,25.9233,-0.1388,-0.1045,0.2970
1774945483.6115,0.0000,0.0000,0.0000,0.0000,0.0000,-3.1367,-0.2023,-43.3170,-0.0866,-0.0949,0.3087
1774945483.6314,0.0000,0.0000,0.0000,0.0000,0.0000,-3.1367,-0.2036,-41.9419,-0.0802,-0.0555,0.2608
1774945483.6517,0.0000,0.0000,0.0000,0.0000,0.0000,-3.1401,-0.2028,-44.9741,-0.1228,-0.0342,0.2672
1774945483.6737,0.0000,0.0000,0.0000,0.0000,0.0000,3.1411,-0.2006,94.7754,-0.0940,-0.0981,0.2533
1774945483.6919,0.0000,0.0000,0.0000,0.0000,0.0000,-3.1403,-0.2016,-2.7148,-0.0503,-0.0747,0.2203
1774945483.7115,0.0000,0.0000,0.0000,0.0000,0.0000,3.1399,-0.2025,-12.0716,-0.0514,0.0574,0.2214
1774945483.7313,0.0000,0.0000,0.0000,0.0000,0.0000,3.1405,-0.2033,38.1313,-0.0525,0.0638,0.1830
1774945483.7513,0.0000,0.0000,0.0000,0.0000,0.0000,3.1409,-0.2037,-14.7338,-0.0812,0.0585,0.1585
1774945483.7718,0.0000,0.0000,0.0000,0.0000,0.0000,3.1367,-0.2056,51.8561,-0.1185,0.0468,0.1798
1774945483.7915,0.0000,0.0000,0.0000,0.0000,0.0000,3.1341,-0.2077,14.2274,-0.0983,0.1139,0.1990
1774945483.8115,0.0000,0.0000,0.0000,0.0000,0.0000,3.1353,-0.2107,31.7394,-0.0344,0.0947,0.2491
1774945483.8314,0.0000,0.0000,0.0000,0.0000,0.0000,3.1350,-0.2121,72.4487,-0.0227,0.1331,0.2618
1774945483.8518,0.0000,0.0000,0.0000,0.0000,0.0000,3.1373,-0.2126,-111.5375,-0.0440,0.0638,0.2171
1774945483.8720,0.0000,0.0000,0.0000,0.0000,0.0000,3.1378,-0.2143,-81.4649,-0.0823,0.0819,0.1905
1774945483.8916,0.0000,0.0000,0.0000,0.0000,0.0000,3.1387,-0.2172,-56.0748,-0.0227,0.1064,0.1553
1774945483.9114,0.0000,0.0000,0.0000,0.0000,0.0000,3.1356,-0.2174,34.3881,-0.0770,0.0766,0.1660
1774945483.9313,0.0000,0.0000,0.0000,0.0000,0.0000,3.1348,-0.2176,55.2176,-0.0770,-0.0075,0.1937
1774945483.9514,0.0000,0.0000,0.0000,0.0000,0.0000,3.1322,-0.2153,-58.5076,-0.0791,-0.1013,0.2107
1774945483.9718,0.0000,0.0000,0.0000,0.0000,0.0000,3.1330,-0.2152,88.0249,-0.0397,-0.0704,0.1990
1774945483.9923,0.0000,0.0000,0.0000,0.0000,0.0000,3.1353,-0.2135,130.0031,0.0019,-0.0587,0.1734
1774945484.0119,0.0000,0.0000,0.0000,0.0000,0.0000,3.1343,-0.2104,88.3276,-0.0397,-0.1300,0.1372
1774945484.0315,0.0000,0.0000,0.0000,0.0000,0.0000,3.1369,-0.2086,-49.5757,-0.0482,-0.0779,0.0914
1774945484.0514,0.0000,0.0000,0.0000,0.0000,0.0000,3.1368,-0.2088,75.4504,-0.0312,-0.0012,0.0946
1774945484.0714,0.0000,0.0000,0.0000,0.0000,0.0000,3.1358,-0.2095,35.5861,-0.0290,0.0063,0.0754
1774945484.0915,0.0000,0.0000,0.0000,0.0000,0.0000,3.1364,-0.2086,29.3012,-0.0546,-0.0097,0.0690
1774945484.1123,0.0000,0.0000,0.0000,0.0000,0.0000,3.1347,-0.2072,-50.6241,-0.0109,0.0361,0.0818
1774945484.1314,0.0000,0.0000,0.0000,0.0000,0.0000,3.1370,-0.2057,-1.3295,-0.0333,0.0052,0.0477
1774945484.1519,0.0000,0.0000,0.0000,0.0000,0.0000,3.1381,-0.2024,-17.9865,-0.0067,-0.0374,0.0232
1774945484.1717,0.0000,0.0000,0.0000,0.0000,0.0000,3.1379,-0.1996,30.9957,-0.0759,-0.0150,-0.0183
1774945484.1922,0.0000,0.0000,0.0000,0.0000,0.0000,3.1394,-0.1951,-6.4512,0.0434,-0.0438,-0.1494
1774945484.2116,0.0000,0.0000,0.0000,0.0000,0.0000,3.1388,-0.1940,28.7156,-0.0003,0.0106,-0.1717
1774945484.2316,0.0000,0.0000,0.0000,0.0000,0.0000,3.1378,-0.1927,-56.6777,-0.0173,0.0212,-0.1206
1774945484.2515,0.0000,0.0000,0.0000,0.0000,0.0000,3.1372,-0.1964,-2.1810,0.1020,0.2247,-0.0897
1774945484.2719,0.0000,0.0000,0.0000,0.0000,0.0000,3.1358,-0.1984,-3.9519,0.0498,0.0894,-0.0055
1774945484.2918,0.0000,0.0000,0.0000,0.0000,0.0000,3.1341,-0.1984,19.8923,0.0189,0.1363,0.0424
1774945484.3113,0.0000,0.0000,0.0000,0.0000,0.0000,3.1344,-0.2004,-32.7187,0.0040,0.1363,0.0424
1774945484.3318,0.0000,0.0000,0.0000,0.0000,0.0000,3.1360,-0.2015,-48.5984,0.0519,0.0915,0.0477
1774945484.3518,0.0000,0.0000,0.0000,0.0000,0.0000,3.1373,-0.2012,-38.9068,0.0040,0.1299,0.0136
1774945484.3716,0.0000,0.0000,0.0000,0.0000,0.0000,3.1392,-0.2000,-8.6735,0.0146,0.1011,-0.0205
1774945484.3914,0.0000,0.0000,0.0000,0.0000,0.0000,3.1404,-0.1975,22.3830,0.0519,0.0020,-0.0024
1774945484.4120,0.0000,0.0000,0.0000,0.0000,0.0000,3.1404,-0.1946,-45.5071,0.0189,0.0265,-0.0055
1774945484.4321,0.0000,0.0000,0.0000,0.0000,0.0000,-3.1414,-0.1926,103.4818,0.0200,0.1032,-0.0173
1774945484.4526,0.0000,0.0000,0.0000,0.0000,0.0000,-3.1407,-0.1904,3.0416,0.0019,0.0873,-0.0045
1774945484.4714,0.0000,0.0000,0.0000,0.0000,0.0000,-3.1399,-0.1892,-29.1981,-0.0120,0.1043,-0.0109
1774945484.4922,0.0000,0.0000,0.0000,0.0000,0.0000,-3.1401,-0.1891,-0.1755,-0.0376,0.1459,-0.0364
1774945484.5125,0.0000,0.0000,0.0000,0.0000,0.0000,-3.1402,-0.1871,-65.6906,0.0082,-0.0331,-0.0247
1774945484.5315,0.0000,0.0000,0.0000,0.0000,0.0000,-3.1400,-0.1841,10.4546,0.0050,0.0883,-0.0375
1774945484.5515,0.0000,0.0000,0.0000,0.0000,0.0000,-3.1416,-0.1844,16.7855,-0.0195,0.1672,-0.0290
1774945484.5719,0.0000,0.0000,0.0000,0.0000,0.0000,3.1401,-0.1847,27.5892,0.0072,0.1917,-0.0237
1774945484.5918,0.0000,0.0000,0.0000,0.0000,0.0000,3.1397,-0.1855,1.5439,-0.0120,0.1320,-0.0226
1774945484.6116,0.0000,0.0000,0.0000,0.0000,0.0000,3.1371,-0.1858,-28.0757,-0.0195,0.1214,-0.0237
1774945484.6318,0.0000,0.0000,0.0000,0.0000,0.0000,3.1357,-0.1888,35.9771,-0.0088,0.1565,-0.0247
1774945484.6529,0.0000,0.0000,0.0000,0.0000,0.0000,3.1377,-0.1908,-12.1596,0.0168,0.1139,-0.0162
1774945484.6718,0.0000,0.0000,0.0000,0.0000,0.0000,3.1353,-0.1951,-22.2621,0.0189,0.1214,-0.0109
1774945484.6917,0.0000,0.0000,0.0000,0.0000,0.0000,3.1361,-0.1969,-4.4767,0.0040,0.0969,-0.0087
1774945484.7114,0.0000,0.0000,0.0000,0.0000,0.0000,3.1371,-0.2000,12.4071,0.0104,0.0702,-0.0141
1774945484.7314,0.0000,0.0000,0.0000,0.0000,0.0000,3.1362,-0.2048,-3.1577,0.0136,0.0574,-0.0055
1774945484.7515,0.0000,0.0000,0.0000,0.0000,0.0000,3.1376,-0.2058,27.6989,0.0338,0.0159,-0.0024
1774945484.7718,0.0000,0.0000,0.0000,0.0000,0.0000,3.1372,-0.2063,3.8238,0.0455,-0.0491,0.0008
1774945484.7916,0.0000,0.0000,0.0000,0.0000,0.0000,3.1366,-0.2073,11.3545,0.0295,-0.0587,-0.0066
1774945484.8120,0.0000,0.0000,0.0000,0.0000,0.0000,3.1386,-0.2069,26.2564,0.0519,-0.0768,-0.0066
1774945484.8318,0.0000,0.0000,0.0000,0.0000,0.0000,3.1388,-0.2071,-13.3902,0.0604,-0.1141,-0.0034
1774945484.8526,0.0000,0.0000,0.0000,0.0000,0.0000,3.1383,-0.2059,-14.4896,0.0604,-0.1418,0.0030
1774945484.8717,0.0000,0.0000,0.0000,0.0000,0.0000,3.1373,-0.2041,23.3066,0.0487,-0.1503,0.0126
1774945484.8917,0.0000,0.0000,0.0000,0.0000,0.0000,3.1396,-0.2037,11.4963,0.0498,-0.1609,0.0147
1774945484.9114,0.0000,0.0000,0.0000,0.0000,0.0000,-3.1407,-0.2038,-12.8501,0.0679,-0.1833,0.0147
1774945484.9315,0.0000,0.0000,0.0000,0.0000,0.0000,-3.1376,-0.2033,-0.6777,0.0668,-0.1599,0.0083
1774945484.9514,0.0000,0.0000,0.0000,0.0000,0.0000,-3.1346,-0.2030,12.7751,0.0530,-0.1620,0.0040
1774945484.9714,0.0000,0.0000,0.0000,0.0000,0.0000,-3.1328,-0.2036,-12.0797,0.0402,-0.1620,-0.0045
1774945484.9919,0.0000,0.0000,0.0000,0.0000,0.0000,-3.1304,-0.2047,21.6719,0.0285,-0.1343,-0.0066
1774945485.0115,0.0000,0.0000,0.0000,0.0000,0.0000,-3.1288,-0.2050,0.5041,0.0200,-0.1300,-0.0045
1774945485.0321,0.0000,0.0000,0.0000,0.0000,0.0000,-3.1275,-0.2067,3.7064,0.0061,-0.1055,-0.0045
1774945485.0522,0.0000,0.0000,0.0000,0.0000,0.0000,-3.1259,-0.2075,9.1246,0.0019,-0.1034,-0.0098
1774945485.0718,0.0000,0.0000,0.0000,0.0000,0.0000,-3.1241,-0.2072,24.2360,-0.0248,-0.1034,-0.0237
1774945485.0918,0.0000,0.0000,0.0000,0.0000,0.0000,-3.1220,-0.2081,13.4448,-0.0131,-0.0874,-0.0258
1774945485.1114,0.0000,0.0000,0.0000,0.0000,0.0000,-3.1218,-0.2073,-14.4976,-0.0280,-0.0810,-0.0396
1774945485.1318,0.0000,0.0000,0.0000,0.0000,0.0000,-3.1235,-0.2067,-13.5535,-0.0610,-0.0853,-0.0386
1774945485.1517,0.0000,0.0000,0.0000,0.0000,0.0000,-3.1241,-0.2074,22.2959,-0.0567,-0.0544,-0.0375
1774945485.1728,0.0000,0.0000,0.0000,0.0000,0.0000,-3.1271,-0.2059,11.7410,-0.0642,-0.0352,-0.0215
1774945485.1930,0.0000,0.0000,0.0000,0.0000,0.0000,-3.1278,-0.2009,-3.9249,-0.0557,-0.0672,-0.0237
1774945485.2122,0.0000,0.0000,0.0000,0.0000,0.0000,-3.1279,-0.1965,4.8333,-0.0472,-0.0288,-0.0354
1774945485.2327,0.0000,0.0000,0.0000,0.0000,0.0000,-3.1297,-0.1930,11.6599,-0.0216,-0.0171,-0.0322
1774945485.2521,0.0000,0.0000,0.0000,0.0000,0.0000,-3.1329,-0.1917,0.0000,-0.0216,0.0319,-0.0269
1774945485.2716,0.0000,0.0000,0.0000,0.0000,0.0000,-3.1377,-0.1924,0.0000,-0.0322,0.0713,-0.0279
1774945485.2920,0.0000,0.0000,0.0000,0.0000,0.0000,3.1410,-0.1921,0.0000,-0.0418,0.0734,-0.0141
1774945485.3124,0.0000,0.0000,0.0000,0.0000,0.0000,3.1405,-0.1972,0.0000,-0.0525,0.0638,-0.0183
1774945485.3326,0.0000,0.0000,0.0000,0.0000,0.0000,-3.1413,-0.2015,0.0000,-0.0237,0.1032,-0.0151
1774945485.3515,0.0000,0.0000,0.0000,0.0000,0.0000,3.1409,-0.2070,0.0000,0.0050,0.1000,-0.0098
1774945485.3720,0.0000,0.0000,0.0000,0.0000,0.0000,3.1390,-0.2127,0.0000,-0.0088,0.0830,-0.0066
1774945485.3916,0.0000,0.0000,0.0000,0.0000,0.0000,3.1386,-0.2174,0.0000,-0.0120,0.0415,-0.0024
1774945485.4114,0.0000,0.0000,0.0000,0.0000,0.0000,3.1398,-0.2204,0.0000,0.0136,-0.0022,-0.0077
1774945485.4313,0.0000,0.0000,0.0000,0.0000,0.0000,3.1384,-0.2224,-4.2611,0.0189,-0.0512,-0.0119
1774945485.4518,0.0000,0.0000,0.0000,0.0000,0.0000,3.1366,-0.2251,0.0000,0.0274,-0.0171,-0.0151
1774945485.4727,0.0000,0.0000,0.0000,0.0000,0.0000,3.1344,-0.2249,0.0000,0.0381,-0.0715,-0.0034
1774945485.4920,0.0000,0.0000,0.0000,0.0000,0.0000,3.1365,-0.2259,0.0000,0.0690,-0.1322,0.0040
1774945485.5128,0.0000,0.0000,0.0000,0.0000,0.0000,3.1364,-0.2222,-25.2760,0.0658,-0.1716,0.0083
1774945485.5321,0.0000,0.0000,0.0000,0.0000,0.0000,3.1365,-0.2218,0.0000,0.0583,-0.1844,0.0094
1774945485.5514,0.0000,0.0000,0.0000,0.0000,0.0000,3.1402,-0.2193,-11.4482,0.0572,-0.1897,0.0179
1774945485.5723,0.0000,0.0000,0.0000,0.0000,0.0000,-3.1372,-0.2155,0.0000,0.0828,-0.1972,0.0094
1774945485.5930,0.0000,0.0000,0.0000,0.0000,0.0000,-3.1346,-0.2137,0.0000,0.0775,-0.2078,0.0062
1774945485.6115,0.0000,0.0000,0.0000,0.0000,0.0000,-3.1321,-0.2138,7.3337,0.0785,-0.1684,0.0051
1774945485.6316,0.0000,0.0000,0.0000,0.0000,0.0000,-3.1291,-0.2148,0.0000,0.0690,-0.1151,0.0008
1774945485.6529,0.0000,0.0000,0.0000,0.0000,0.0000,-3.1294,-0.2156,3.7310,0.0359,-0.1130,-0.0098
1774945485.6717,0.0000,0.0000,0.0000,0.0000,0.0000,-3.1293,-0.2170,-3.6245,0.0306,-0.1013,0.0019
1774945485.6915,0.0000,0.0000,0.0000,0.0000,0.0000,-3.1267,-0.2179,25.8833,0.0317,-0.0874,0.0019
1774945485.7114,0.0000,0.0000,0.0000,0.0000,0.0000,-3.1271,-0.2196,-17.9342,0.0168,-0.0587,0.0030
1774945485.7315,0.0000,0.0000,0.0000,0.0000,0.0000,-3.1265,-0.2214,2.5119,0.0114,-0.0597,-0.0013
1774945485.7522,0.0000,0.0000,0.0000,0.0000,0.0000,-3.1240,-0.2223,12.0506,0.0019,-0.0544,-0.0141
1774945485.7721,0.0000,0.0000,0.0000,0.0000,0.0000,-3.1215,-0.2253,-4.3317,-0.0067,-0.0246,-0.0205
1774945485.7916,0.0000,0.0000,0.0000,0.0000,0.0000,-3.1204,-0.2264,5.7623,-0.0290,-0.0225,-0.0290
1774945485.8123,0.0000,0.0000,0.0000,0.0000,0.0000,-3.1190,-0.2228,-10.6602,-0.0461,-0.0427,-0.0290
1774945485.8317,0.0000,0.0000,0.0000,0.0000,0.0000,-3.1189,-0.2183,10.1932,-0.0450,-0.0267,-0.0343
1774945485.8516,0.0000,0.0000,0.0000,0.0000,0.0000,-3.1193,-0.2133,20.1398,-0.0354,-0.0331,-0.0514
1774945485.8721,0.0000,0.0000,0.0000,0.0000,0.0000,-3.1208,-0.2092,14.5716,-0.0333,-0.0267,-0.0354
1774945485.8917,0.0000,0.0000,0.0000,0.0000,0.0000,-3.1240,-0.2066,8.2329,-0.0525,0.0020,-0.0226
1774945485.9121,0.0000,0.0000,0.0000,0.0000,0.0000,-3.1274,-0.2050,13.4891,-0.0578,0.0329,-0.0151
1774945485.9321,0.0000,0.0000,0.0000,0.0000,0.0000,-3.1304,-0.2043,3.1458,-0.0461,0.0372,0.0019
1774945485.9525,0.0000,0.0000,0.0000,0.0000,0.0000,-3.1315,-0.2049,10.5403,-0.0727,0.0692,-0.0109
1774945485.9720,0.0000,0.0000,0.0000,0.0000,0.0000,-3.1300,-0.2033,17.0873,-0.0599,0.0670,-0.0300
1774945485.9920,0.0000,0.0000,0.0000,0.0000,0.0000,-3.1282,-0.2058,6.3677,-0.0567,0.0851,-0.0471
1774945486.0123,0.0000,0.0000,0.0000,0.0000,0.0000,-3.1285,-0.2067,-23.5447,-0.0535,0.1139,-0.0428
1774945486.0320,0.0000,0.0000,0.0000,0.0000,0.0000,-3.1304,-0.2053,-42.0944,-0.0365,0.1203,-0.0450
1774945486.0524,0.0000,0.0000,0.0000,0.0000,0.0000,-3.1330,-0.2038,-2.7186,-0.0557,0.0958,-0.0418
1774945486.0715,0.0000,0.0000,0.0000,0.0000,0.0000,-3.1350,-0.2043,14.8689,-0.0610,0.1086,-0.0343
1774945486.0921,0.0000,0.0000,0.0000,0.0000,0.0000,-3.1386,-0.2036,7.0935,-0.0535,0.1309,-0.0279
1774945486.1124,0.0000,0.0000,0.0000,0.0000,0.0000,-3.1415,-0.2030,52.4264,-0.0408,0.1214,-0.0173
1774945486.1321,0.0000,0.0000,0.0000,0.0000,0.0000,3.1393,-0.2039,26.7754,-0.0557,0.1139,-0.0173
1774945486.1515,0.0000,0.0000,0.0000,0.0000,0.0000,3.1392,-0.2053,8.0275,-0.0173,0.1214,-0.0162
1774945486.1723,0.0000,0.0000,0.0000,0.0000,0.0000,3.1386,-0.2074,-8.2563,0.0072,0.0937,-0.0183
1774945486.1922,0.0000,0.0000,0.0000,0.0000,0.0000,3.1381,-0.2085,12.1042,-0.0163,0.0713,-0.0215
1774945486.2114,0.0000,0.0000,0.0000,0.0000,0.0000,3.1371,-0.2092,14.7470,-0.0163,0.0447,-0.0205
1774945486.2313,0.0000,0.0000,0.0000,0.0000,0.0000,3.1374,-0.2097,8.1526,0.0125,0.0255,-0.0173
1774945486.2534,0.0000,0.0000,0.0000,0.0000,0.0000,3.1357,-0.2107,-25.7433,0.0136,-0.0075,-0.0077
1774945486.2719,0.0000,0.0000,0.0000,0.0000,0.0000,3.1329,-0.2125,-1.2715,-0.0045,-0.0001,-0.0098
1774945486.2921,0.0000,0.0000,0.0000,0.0000,0.0000,3.1314,-0.2140,15.3671,0.0008,-0.0054,-0.0013
1774945486.3112,0.0000,0.0000,0.0000,0.0000,0.0000,3.1331,-0.2141,3.3421,0.0210,-0.0203,0.0019
1774945486.3321,0.0000,0.0000,0.0000,0.0000,0.0000,3.1347,-0.2143,27.7273,0.0178,-0.0320,-0.0087
1774945486.3522,0.0000,0.0000,0.0000,0.0000,0.0000,3.1354,-0.2141,6.7910,0.0189,-0.0491,-0.0173
1774945486.3714,0.0000,0.0000,0.0000,0.0000,0.0000,3.1365,-0.2145,-18.4707,0.0349,-0.0480,-0.0162
1774945486.3914,0.0000,0.0000,0.0000,0.0000,0.0000,3.1358,-0.2135,-8.9631,0.0562,-0.0470,-0.0045
1774945486.4116,0.0000,0.0000,0.0000,0.0000,0.0000,3.1347,-0.2134,-0.4828,0.0338,-0.0459,0.0008
1774945486.4317,0.0000,0.0000,0.0000,0.0000,0.0000,3.1322,-0.2134,-13.1020,0.0285,-0.0438,0.0030
1774945486.4514,0.0000,0.0000,0.0000,0.0000,0.0000,3.1325,-0.2124,-4.4860,0.0540,-0.0299,0.0147
1774945486.4719,0.0000,0.0000,0.0000,0.0000,0.0000,3.1355,-0.2142,12.8383,0.0423,-0.0310,0.0030
1774945486.4913,0.0000,0.0000,0.0000,0.0000,0.0000,3.1378,-0.2134,-34.5155,0.0498,-0.0406,-0.0034
1774945486.5118,0.0000,0.0000,0.0000,0.0000,0.0000,3.1402,-0.2139,5.4073,0.0498,-0.0278,-0.0002
1774945486.5312,0.0000,0.0000,0.0000,0.0000,0.0000,-3.1413,-0.2150,-4.0925,0.0359,-0.0342,-0.0045
1774945486.5518,0.0000,0.0000,0.0000,0.0000,0.0000,-3.1380,-0.2159,-2.8671,0.0200,-0.0161,-0.0087
1774945486.5722,0.0000,0.0000,0.0000,0.0000,0.0000,-3.1356,-0.2168,1.1045,0.0093,-0.0097,-0.0077
1774945486.5919,0.0000,0.0000,0.0000,0.0000,0.0000,-3.1325,-0.2161,-13.6696,0.0104,-0.0214,-0.0151
1774945486.6114,0.0000,0.0000,0.0000,0.0000,0.0000,-3.1301,-0.2170,3.7720,-0.0120,-0.0214,-0.0205
1774945486.6313,0.0000,0.0000,0.0000,0.0000,0.0000,-3.1306,-0.2174,29.9940,-0.0045,0.0020,-0.0237
1774945486.6515,0.0000,0.0000,0.0000,0.0000,0.0000,-3.1305,-0.2169,15.8538,-0.0077,0.0020,-0.0226
1774945486.6718,0.0000,0.0000,0.0000,0.0000,0.0000,-3.1314,-0.2154,-0.1709,-0.0003,-0.0097,-0.0247
1774945486.6914,0.0000,0.0000,0.0000,0.0000,0.0000,-3.1324,-0.2149,11.4194,-0.0099,0.0084,-0.0205
1774945486.7140,0.0000,0.0000,0.0000,0.0000,0.0000,-3.1332,-0.2138,-25.8121,-0.0120,-0.0171,-0.0205
1774945486.7335,0.0000,0.0000,0.0000,0.0000,0.0000,-3.1333,-0.2125,-2.1165,0.0114,-0.0299,-0.0013
1774945486.7515,0.0000,0.0000,0.0000,0.0000,0.0000,-3.1338,-0.2120,4.3214,0.0040,-0.0171,-0.0109
1774945486.7713,0.0000,0.0000,0.0000,0.0000,0.0000,-3.1357,-0.2116,-3.3260,-0.0067,-0.0161,-0.0013
1774945486.7913,0.0000,0.0000,0.0000,0.0000,0.0000,-3.1360,-0.2137,10.9697,-0.0013,0.0212,-0.0066
1774945486.8112,0.0000,0.0000,0.0000,0.0000,0.0000,-3.1347,-0.2152,11.3562,0.0093,0.0116,-0.0183
1774945486.8312,0.0000,0.0000,0.0000,0.0000,0.0000,-3.1341,-0.2145,-8.3109,0.0050,-0.0139,-0.0162
1774945486.8517,0.0000,0.0000,0.0000,0.0000,0.0000,-3.1330,-0.2149,-18.6859,0.0050,-0.0150,-0.0194
1774945486.8715,0.0000,0.0000,0.0000,0.0000,0.0000,-3.1334,-0.2153,9.5856,0.0093,-0.0086,-0.0183
1774945486.8915,0.0000,0.0000,0.0000,0.0000,0.0000,-3.1333,-0.2141,43.0435,0.0040,0.0063,-0.0045
1774945486.9121,0.0000,0.0000,0.0000,0.0000,0.0000,-3.1340,-0.2154,-2.5981,0.0072,0.0276,-0.0098
1774945486.9314,0.0000,0.0000,0.0000,0.0000,0.0000,-3.1353,-0.2152,-10.5619,0.0019,-0.0022,-0.0055
1774945486.9535,0.0000,0.0000,0.0000,0.0000,0.0000,-3.1345,-0.2161,18.2805,0.0104,-0.0278,-0.0034
1774945486.9719,0.0000,0.0000,0.0000,0.0000,0.0000,-3.1338,-0.2180,-18.0916,0.0285,0.0031,-0.0034
1774945486.9915,0.0000,0.0000,0.0000,0.0000,0.0000,-3.1344,-0.2186,11.0225,-0.0152,0.0148,-0.0237
1774945487.0121,0.0000,0.0000,0.0000,0.0000,0.0000,-3.1334,-0.2194,5.9178,-0.0216,0.0106,-0.0247
1774945487.0317,0.0000,0.0000,0.0000,0.0000,0.0000,-3.1327,-0.2195,-4.6307,0.0050,-0.0001,-0.0258
1774945487.0525,0.0000,0.0000,0.0000,0.0000,0.0000,-3.1324,-0.2194,22.2119,0.0221,-0.0225,-0.0173
1774945487.0715,0.0000,0.0000,0.0000,0.0000,0.0000,-3.1327,-0.2189,12.0230,0.0349,-0.0384,-0.0098
1774945487.0914,0.0000,0.0000,0.0000,0.0000,0.0000,-3.1330,-0.2180,-1.7920,0.0178,-0.0374,-0.0098
1774945487.1116,0.0000,0.0000,0.0000,0.0000,0.0000,-3.1342,-0.2177,19.3965,0.0008,-0.0257,-0.0205
1774945487.1320,0.0000,0.0000,0.0000,0.0000,0.0000,-3.1347,-0.2161,-7.8481,-0.0248,-0.0320,-0.0205
1774945487.1513,0.0000,0.0000,0.0000,0.0000,0.0000,-3.1341,-0.2145,1.7151,0.0061,-0.0342,-0.0141
1774945487.1717,0.0000,0.0000,0.0000,0.0000,0.0000,-3.1332,-0.2138,3.5470,0.0125,-0.0171,-0.0098
1774945487.1920,0.0000,0.0000,0.0000,0.0000,0.0000,-3.1331,-0.2129,-3.1757,0.0146,-0.0193,-0.0055
1774945487.2117,0.0000,0.0000,0.0000,0.0000,0.0000,-3.1347,-0.2138,-10.6188,0.0104,0.0052,0.0008
1774945487.2317,0.0000,0.0000,0.0000,0.0000,0.0000,-3.1347,-0.2138,-9.1414,0.0008,-0.0161,-0.0013
1774945487.2518,0.0000,0.0000,0.0000,0.0000,0.0000,-3.1337,-0.2139,-1.6406,-0.0131,-0.0033,-0.0119
1774945487.2712,0.0000,0.0000,0.0000,0.0000,0.0000,-3.1320,-0.2158,-2.1799,0.0200,0.0095,-0.0119
1774945487.2916,0.0000,0.0000,0.0000,0.0000,0.0000,-3.1329,-0.2170,29.6619,0.0061,0.0084,-0.0130
1774945487.3113,0.0000,0.0000,0.0000,0.0000,0.0000,-3.1357,-0.2180,14.8607,-0.0088,0.0127,-0.0109
1774945487.3315,0.0000,0.0000,0.0000,0.0000,0.0000,-3.1377,-0.2189,9.0184,0.0061,0.0031,-0.0098
1774945487.3512,0.0000,0.0000,0.0000,0.0000,0.0000,-3.1362,-0.2186,-10.3563,0.0221,-0.0267,-0.0109
1774945487.3714,0.0000,0.0000,0.0000,0.0000,0.0000,-3.1375,-0.2197,-5.5317,0.0253,-0.0065,-0.0130
1774945487.3913,0.0000,0.0000,0.0000,0.0000,0.0000,-3.1369,-0.2194,1.2243,0.0114,-0.0182,-0.0098
1774945487.4120,0.0000,0.0000,0.0000,0.0000,0.0000,-3.1368,-0.2216,-8.5249,0.0040,0.0010,-0.0119
1774945487.4314,0.0000,0.0000,0.0000,0.0000,0.0000,-3.1376,-0.2232,21.9645,-0.0280,0.0052,-0.0045
1774945487.4532,0.0000,0.0000,0.0000,0.0000,0.0000,-3.1366,-0.2245,37.0889,0.0040,0.0138,-0.0045
1774945487.4713,0.0000,0.0000,0.0000,0.0000,0.0000,-3.1360,-0.2256,24.2047,0.0370,-0.0065,-0.0109
1774945487.4915,0.0000,0.0000,0.0000,0.0000,0.0000,-3.1366,-0.2245,-15.1357,0.0349,-0.0363,-0.0141
1774945487.5120,0.0000,0.0000,0.0000,0.0000,0.0000,-3.1385,-0.2244,-50.1537,0.0082,-0.0683,-0.0109
1774945487.5314,0.0000,0.0000,0.0000,0.0000,0.0000,-3.1399,-0.2243,-20.8824,0.0114,-0.0683,-0.0109
1774945487.5514,0.0000,0.0000,0.0000,0.0000,0.0000,-3.1384,-0.2246,-13.8810,0.0093,-0.0629,-0.0087
1774945487.5712,0.0000,0.0000,0.0000,0.0000,0.0000,-3.1350,-0.2222,37.3760,0.0317,-0.0853,0.0040
1774945487.5916,0.0000,0.0000,0.0000,0.0000,0.0000,-3.1371,-0.2221,-7.6704,0.0136,-0.0864,-0.0077
1774945487.6116,0.0000,0.0000,0.0000,0.0000,0.0000,-3.1348,-0.2233,-12.8234,0.0093,-0.0736,-0.0162
1774945487.6320,0.0000,0.0000,0.0000,0.0000,0.0000,-3.1352,-0.2222,10.8323,0.0029,-0.0640,-0.0162
1774945487.6538,0.0000,0.0000,0.0000,0.0000,0.0000,-3.1336,-0.2228,-14.4727,0.0050,-0.0736,-0.0162
1774945487.6714,0.0000,0.0000,0.0000,0.0000,0.0000,-3.1323,-0.2231,-21.3748,0.0072,-0.0352,-0.0141
1774945487.6916,0.0000,0.0000,0.0000,0.0000,0.0000,-3.1304,-0.2223,24.1488,0.0061,-0.0288,-0.0183
1774945487.7112,0.0000,0.0000,0.0000,0.0000,0.0000,-3.1303,-0.2220,-35.8684,0.0125,-0.0448,-0.0194
1774945487.7314,0.0000,0.0000,0.0000,0.0000,0.0000,-3.1319,-0.2214,-1.7827,-0.0120,-0.0182,-0.0183
1774945487.7515,0.0000,0.0000,0.0000,0.0000,0.0000,-3.1324,-0.2207,11.6692,-0.0408,-0.0235,-0.0215
1774945487.7719,0.0000,0.0000,0.0000,0.0000,0.0000,-3.1324,-0.2209,-37.4380,-0.0141,-0.0161,-0.0205
1774945487.7912,0.0000,0.0000,0.0000,0.0000,0.0000,-3.1306,-0.2192,5.6970,0.0008,-0.0086,-0.0119
1774945487.8113,0.0000,0.0000,0.0000,0.0000,0.0000,-3.1305,-0.2175,21.6467,0.0114,-0.0182,-0.0173
1774945487.8316,0.0000,0.0000,0.0000,0.0000,0.0000,-3.1319,-0.2193,0.0000,0.0019,0.0010,-0.0119
1774945487.8513,0.0000,0.0000,0.0000,0.0000,0.0000,-3.1341,-0.2170,29.1966,-0.0013,0.0116,-0.0237
1774945487.8712,0.0000,0.0000,0.0000,0.0000,0.0000,-3.1353,-0.2131,8.6847,-0.0077,-0.0257,-0.0311
1774945487.8917,0.0000,0.0000,0.0000,0.0000,0.0000,-3.1367,-0.2097,0.0000,-0.0045,-0.0299,-0.0300
1774945487.9115,0.0000,0.0000,0.0000,0.0000,0.0000,-3.1372,-0.2063,0.0000,0.0104,0.0063,-0.0247
1774945487.9319,0.0000,0.0000,0.0000,0.0000,0.0000,-3.1380,-0.2055,0.0000,0.0253,0.0233,-0.0141
1774945487.9525,0.0000,0.0000,0.0000,0.0000,0.0000,-3.1412,-0.2061,0.0000,0.0146,0.0383,-0.0087
1774945487.9718,0.0000,0.0000,0.0000,0.0000,0.0000,3.1412,-0.2030,0.0000,-0.0035,0.0436,0.0008
1774945487.9914,0.0000,0.0000,0.0000,0.0000,0.0000,-3.1401,-0.2028,0.0000,-0.0045,0.0457,-0.0045
1774945488.0121,0.0000,0.0000,0.0000,0.0000,0.0000,-3.1402,-0.2051,0.0000,-0.0109,0.0873,-0.0162
1774945488.0316,0.0000,0.0000,0.0000,0.0000,0.0000,-3.1391,-0.2069,0.0000,0.0104,0.0905,-0.0237
1774945488.0518,0.0000,0.0000,0.0000,0.0000,0.0000,-3.1414,-0.2088,0.0000,0.0125,0.0937,-0.0162
1774945488.0718,0.0000,0.0000,0.0000,0.0000,0.0000,3.1399,-0.2103,0.0000,0.0093,0.0713,-0.0151
1774945488.0916,0.0000,0.0000,0.0000,0.0000,0.0000,3.1385,-0.2117,0.0000,0.0125,0.0873,-0.0098
1774945488.1120,0.0000,0.0000,0.0000,0.0000,0.0000,3.1392,-0.2117,8.0765,0.0285,0.0596,-0.0066
1774945488.1318,0.0000,0.0000,0.0000,0.0000,0.0000,3.1398,-0.2136,0.0000,0.0455,0.0329,-0.0119
1774945488.1515,0.0000,0.0000,0.0000,0.0000,0.0000,3.1404,-0.2132,-7.6930,0.0327,0.0308,-0.0087
1774945488.1719,0.0000,0.0000,0.0000,0.0000,0.0000,3.1406,-0.2128,0.0000,0.0114,0.0191,-0.0109
1774945488.1913,0.0000,0.0000,0.0000,0.0000,0.0000,-3.1400,-0.2134,0.0000,0.0114,0.0010,-0.0141
1774945488.2114,0.0000,0.0000,0.0000,0.0000,0.0000,-3.1391,-0.2129,-9.8601,0.0189,-0.0150,-0.0077
1774945488.2314,0.0000,0.0000,0.0000,0.0000,0.0000,-3.1359,-0.2124,2.7189,0.0264,-0.0448,-0.0130
1774945488.2522,0.0000,0.0000,0.0000,0.0000,0.0000,-3.1358,-0.2111,1.5550,0.0253,-0.0363,-0.0119
1774945488.2712,0.0000,0.0000,0.0000,0.0000,0.0000,-3.1360,-0.2103,0.0000,-0.0216,-0.0171,-0.0279
1774945488.2913,0.0000,0.0000,0.0000,0.0000,0.0000,-3.1348,-0.2098,-5.0859,-0.0152,-0.0001,-0.0130
1774945488.3116,0.0000,0.0000,0.0000,0.0000,0.0000,-3.1323,-0.2080,5.2320,-0.0013,-0.0043,-0.0098
1774945488.3315,0.0000,0.0000,0.0000,0.0000,0.0000,-3.1338,-0.2060,6.0970,0.0019,0.0063,-0.0077
1774945488.3513,0.0000,0.0000,0.0000,0.0000,0.0000,-3.1354,-0.2027,0.9090,-0.0248,-0.0171,-0.0258
1774945488.3713,0.0000,0.0000,0.0000,0.0000,0.0000,-3.1355,-0.1995,-7.4203,-0.0216,-0.0161,-0.0311
1774945488.3914,0.0000,0.0000,0.0000,0.0000,0.0000,-3.1357,-0.1982,8.3335,0.0274,0.0042,-0.0130
1774945488.4114,0.0000,0.0000,0.0000,0.0000,0.0000,-3.1356,-0.1974,8.5495,0.0146,0.0351,-0.0151
1774945488.4316,0.0000,0.0000,0.0000,0.0000,0.0000,-3.1388,-0.1977,-20.1412,-0.0482,0.0564,-0.0034
1774945488.4516,0.0000,0.0000,0.0000,0.0000,0.0000,-3.1383,-0.1987,2.2696,-0.0376,0.0947,-0.0162
1774945488.4713,0.0000,0.0000,0.0000,0.0000,0.0000,-3.1345,-0.2006,27.1599,0.0104,0.0862,-0.0151
1774945488.4912,0.0000,0.0000,0.0000,0.0000,0.0000,-3.1337,-0.2025,-53.2210,0.0072,0.1054,-0.0279
1774945488.5115,0.0000,0.0000,0.0000,0.0000,0.0000,-3.1365,-0.2039,74.3500,-0.0610,0.0979,-0.0396
1774945488.5316,0.0000,0.0000,0.0000,0.0000,0.0000,-3.1368,-0.2040,-17.0175,-0.0216,0.0436,-0.0258
1774945488.5515,0.0000,0.0000,0.0000,0.0000,0.0000,-3.1358,-0.2049,-45.8859,-0.0067,0.0287,-0.0194
1774945488.5715,0.0000,0.0000,0.0000,0.0000,0.0000,-3.1384,-0.2076,22.5153,-0.0152,0.0638,-0.0269
1774945488.5916,0.0000,0.0000,0.0000,0.0000,0.0000,-3.1404,-0.2087,-7.0097,-0.0440,0.0202,-0.0226
1774945488.6117,0.0000,0.0000,0.0000,0.0000,0.0000,-3.1396,-0.2106,-56.4175,-0.0131,0.0138,-0.0215
1774945488.6313,0.0000,0.0000,0.0000,0.0000,0.0000,-3.1397,-0.2102,32.9642,-0.0269,-0.0033,-0.0162
1774945488.6519,0.0000,0.0000,0.0000,0.0000,0.0000,-3.1406,-0.2093,-26.3998,-0.0418,-0.0342,-0.0173
1774945488.6713,0.0000,0.0000,0.0000,0.0000,0.0000,-3.1416,-0.2070,-24.1981,0.0082,-0.0374,-0.0269
1774945488.6913,0.0000,0.0000,0.0000,0.0000,0.0000,3.1407,-0.2036,73.8845,0.0008,-0.0054,-0.0194
1774945488.7114,0.0000,0.0000,0.0000,0.0000,0.0000,3.1400,-0.1993,-9.8650,0.0146,-0.0523,-0.0450
1774945488.7316,0.0000,0.0000,0.0000,0.0000,0.0000,3.1394,-0.1957,-12.9062,0.0040,0.0116,-0.0343
1774945488.7514,0.0000,0.0000,0.0000,0.0000,0.0000,3.1396,-0.1946,-18.8124,0.0136,0.0383,-0.0279
1774945488.7712,0.0000,0.0000,0.0000,0.0000,0.0000,3.1382,-0.1926,-10.8437,-0.0109,-0.0012,-0.0226
1774945488.7912,0.0000,0.0000,0.0000,0.0000,0.0000,3.1380,-0.1909,12.7900,0.0050,0.0308,-0.0024
1774945488.8114,0.0000,0.0000,0.0000,0.0000,0.0000,3.1365,-0.1911,39.1474,0.0093,0.0510,0.0083
1774945488.8313,0.0000,0.0000,0.0000,0.0000,0.0000,3.1372,-0.1933,-71.5812,-0.0045,0.0596,0.0115
1774945488.8516,0.0000,0.0000,0.0000,0.0000,0.0000,3.1389,-0.1975,-27.5613,0.0423,0.1150,-0.0066
1774945488.8715,0.0000,0.0000,0.0000,0.0000,0.0000,3.1377,-0.1981,14.3106,0.0349,0.0702,-0.0034
1774945488.8914,0.0000,0.0000,0.0000,0.0000,0.0000,3.1395,-0.1998,-42.4027,0.0530,0.0138,-0.0002
1774945488.9116,0.0000,0.0000,0.0000,0.0000,0.0000,3.1384,-0.2025,-15.6827,0.0306,0.0468,-0.0013
1774945488.9316,0.0000,0.0000,0.0000,0.0000,0.0000,3.1393,-0.2042,-33.2616,0.0381,0.0958,0.0094
1774945488.9513,0.0000,0.0000,0.0000,0.0000,0.0000,-3.1400,-0.2060,18.9078,0.0849,0.0372,-0.0205
1774945488.9717,0.0000,0.0000,0.0000,0.0000,0.0000,-3.1405,-0.2065,-14.2002,0.0722,-0.0139,-0.0119
1774945488.9918,0.0000,0.0000,0.0000,0.0000,0.0000,-3.1397,-0.2048,-1.9445,0.0359,-0.0278,-0.0237
1774945489.0115,0.0000,0.0000,0.0000,0.0000,0.0000,-3.1401,-0.2068,-17.1468,-0.0354,0.0063,-0.0247
1774945489.0313,0.0000,0.0000,0.0000,0.0000,0.0000,-3.1366,-0.2071,-27.0802,-0.0045,0.0372,-0.0439
1774945489.0518,0.0000,0.0000,0.0000,0.0000,0.0000,-3.1341,-0.2045,41.8267,-0.0301,-0.0139,-0.0567
1774945489.0713,0.0000,0.0000,0.0000,0.0000,0.0000,-3.1316,-0.2014,14.8143,-0.0067,-0.0587,-0.0450
1774945489.0913,0.0000,0.0000,0.0000,0.0000,0.0000,-3.1339,-0.1992,8.2932,-0.0472,-0.0416,-0.0290
1774945489.1113,0.0000,0.0000,0.0000,0.0000,0.0000,-3.1360,-0.1975,16.5371,-0.0472,0.0319,-0.0119
1774945489.1314,0.0000,0.0000,0.0000,0.0000,0.0000,-3.1355,-0.1960,-35.5072,0.0082,0.0404,-0.0087
1774945489.1517,0.0000,0.0000,0.0000,0.0000,0.0000,-3.1390,-0.1959,-41.0701,-0.0045,0.0447,-0.0002
1774945489.1716,0.0000,0.0000,0.0000,0.0000,0.0000,-3.1410,-0.1962,20.0070,-0.0035,0.0138,-0.0034
1774945489.1914,0.0000,0.0000,0.0000,0.0000,0.0000,3.1399,-0.1962,25.2210,-0.0024,0.0265,-0.0162
1774945489.2113,0.0000,0.0000,0.0000,0.0000,0.0000,3.1393,-0.1983,24.7067,-0.0013,0.0574,-0.0162
1774945489.2315,0.0000,0.0000,0.0000,0.0000,0.0000,-3.1413,-0.1989,46.3338,0.0402,0.0202,-0.0173
1774945489.2516,0.0000,0.0000,0.0000,0.0000,0.0000,3.1412,-0.1981,-0.4761,0.0381,-0.0384,-0.0247
1774945489.2717,0.0000,0.0000,0.0000,0.0000,0.0000,-3.1415,-0.1993,-10.3457,0.0157,0.0084,-0.0109
1774945489.2921,0.0000,0.0000,0.0000,0.0000,0.0000,-3.1409,-0.2029,-2.6085,0.0029,0.0734,-0.0183
1774945489.3116,0.0000,0.0000,0.0000,0.0000,0.0000,-3.1388,-0.2026,10.3106,0.0082,-0.0150,-0.0098
1774945489.3315,0.0000,0.0000,0.0000,0.0000,0.0000,-3.1400,-0.2045,-12.8137,-0.0301,-0.0374,-0.0066
1774945489.3513,0.0000,0.0000,0.0000,0.0000,0.0000,-3.1385,-0.2078,7.5717,0.0210,0.0308,-0.0237
1774945489.3712,0.0000,0.0000,0.0000,0.0000,0.0000,-3.1385,-0.2089,50.6090,-0.0045,0.0148,0.0040
1774945489.3916,0.0000,0.0000,0.0000,0.0000,0.0000,-3.1380,-0.2108,-35.0689,0.0338,-0.0576,-0.0077
1774945489.4113,0.0000,0.0000,0.0000,0.0000,0.0000,-3.1407,-0.2121,-3.4741,-0.0408,-0.0097,-0.0066
1774945489.4317,0.0000,0.0000,0.0000,0.0000,0.0000,-3.1405,-0.2147,23.1393,-0.0163,0.0329,-0.0396
1774945489.4517,0.0000,0.0000,0.0000,0.0000,0.0000,-3.1404,-0.2153,29.0685,-0.0280,-0.0257,-0.0215
1774945489.4716,0.0000,0.0000,0.0000,0.0000,0.0000,-3.1393,-0.2151,4.7485,0.0232,-0.0395,-0.0279
1774945489.4912,0.0000,0.0000,0.0000,0.0000,0.0000,-3.1411,-0.2137,46.2448,-0.0205,-0.0384,-0.0290
1774945489.5112,0.0000,0.0000,0.0000,0.0000,0.0000,-3.1407,-0.2150,7.7233,0.0008,-0.0374,-0.0364
1774945489.5316,0.0000,0.0000,0.0000,0.0000,0.0000,-3.1409,-0.2159,7.9024,0.0423,-0.0768,0.0062
1774945489.5513,0.0000,0.0000,0.0000,0.0000,0.0000,-3.1409,-0.2158,-24.3516,0.0317,-0.0864,0.0062
1774945489.5715,0.0000,0.0000,0.0000,0.0000,0.0000,3.1409,-0.2151,22.3505,-0.0099,-0.0992,-0.0066
1774945489.5915,0.0000,0.0000,0.0000,0.0000,0.0000,-3.1413,-0.2142,16.6272,-0.0013,-0.0874,-0.0269
1774945489.6112,0.0000,0.0000,0.0000,0.0000,0.0000,-3.1391,-0.2148,17.9763,0.0434,-0.0874,-0.0077
1774945489.6317,0.0000,0.0000,0.0000,0.0000,0.0000,-3.1376,-0.2144,-46.7246,0.0445,-0.0938,-0.0141
1774945489.6515,0.0000,0.0000,0.0000,0.0000,0.0000,-3.1381,-0.2147,-3.5933,0.0168,-0.0832,-0.0269
1774945489.6713,0.0000,0.0000,0.0000,0.0000,0.0000,-3.1383,-0.2171,10.6254,-0.0163,-0.0054,-0.0279
1774945489.6914,0.0000,0.0000,0.0000,0.0000,0.0000,-3.1384,-0.2180,15.7958,0.0029,-0.0480,-0.0013
1774945489.7114,0.0000,0.0000,0.0000,0.0000,0.0000,-3.1362,-0.2186,-60.6531,0.0264,-0.0544,-0.0024
1774945489.7315,0.0000,0.0000,0.0000,0.0000,0.0000,-3.1372,-0.2188,28.5880,0.0082,-0.0459,-0.0066
1774945489.7516,0.0000,0.0000,0.0000,0.0000,0.0000,-3.1368,-0.2198,-16.4039,-0.0290,-0.0139,-0.0034
1774945489.7712,0.0000,0.0000,0.0000,0.0000,0.0000,-3.1355,-0.2211,29.5844,0.0232,-0.0331,0.0062
1774945489.7913,0.0000,0.0000,0.0000,0.0000,0.0000,-3.1351,-0.2206,-4.7326,0.0210,-0.0704,-0.0055
1774945489.8114,0.0000,0.0000,0.0000,0.0000,0.0000,-3.1359,-0.2223,-36.2130,-0.0045,-0.0619,-0.0258
1774945489.8316,0.0000,0.0000,0.0000,0.0000,0.0000,-3.1353,-0.2227,7.4887,-0.0205,-0.0374,-0.0247
1774945489.8514,0.0000,0.0000,0.0000,0.0000,0.0000,-3.1356,-0.2231,11.7250,0.0285,-0.0395,0.0008
1774945489.8712,0.0000,0.0000,0.0000,0.0000,0.0000,-3.1345,-0.2228,8.9478,0.0540,-0.0715,0.0051
1774945489.8918,0.0000,0.0000,0.0000,0.0000,0.0000,-3.1380,-0.2231,-11.3411,-0.0109,-0.0533,-0.0034
1774945489.9115,0.0000,0.0000,0.0000,0.0000,0.0000,-3.1369,-0.2242,16.4230,-0.0003,-0.0246,-0.0215
1774945489.9314,0.0000,0.0000,0.0000,0.0000,0.0000,-3.1344,-0.2248,-16.8973,-0.0024,-0.0448,-0.0215
1774945489.9517,0.0000,0.0000,0.0000,0.0000,0.0000,-3.1334,-0.2252,-17.3833,0.0082,-0.1013,-0.0194
1774945489.9714,0.0000,0.0000,0.0000,0.0000,0.0000,-3.1343,-0.2257,0.5942,-0.0088,-0.0832,-0.0237
1774945489.9911,0.0000,0.0000,0.0000,0.0000,0.0000,-3.1327,-0.2281,-2.1877,-0.0003,-0.0363,-0.0332
1774945490.0117,0.0000,0.0000,0.0000,0.0000,0.0000,-3.1346,-0.2270,-15.7352,0.0178,-0.0651,0.0062
1774945490.0317,0.0000,0.0000,0.0000,0.0000,0.0000,-3.1339,-0.2258,-15.9638,0.0029,-0.1322,-0.0066
1774945490.0513,0.0000,0.0000,0.0000,0.0000,0.0000,-3.1344,-0.2233,-24.3243,-0.0535,-0.1322,-0.0183
1774945490.0714,0.0000,0.0000,0.0000,0.0000,0.0000,-3.1335,-0.2237,46.7608,-0.0354,-0.0320,-0.0290
1774945490.0915,0.0000,0.0000,0.0000,0.0000,0.0000,-3.1331,-0.2213,-0.3461,-0.0099,-0.0470,-0.0205
1774945490.1113,0.0000,0.0000,0.0000,0.0000,0.0000,-3.1323,-0.2216,15.8559,0.0264,-0.0640,-0.0311
1774945490.1313,0.0000,0.0000,0.0000,0.0000,0.0000,-3.1329,-0.2214,35.8121,0.0125,-0.0395,-0.0205
1774945490.1513,0.0000,0.0000,0.0000,0.0000,0.0000,-3.1350,-0.2222,12.8904,0.0189,-0.0331,0.0051
1774945490.1712,0.0000,0.0000,0.0000,0.0000,0.0000,-3.1354,-0.2246,8.3603,0.0413,0.0297,0.0115
1774945490.1912,0.0000,0.0000,0.0000,0.0000,0.0000,-3.1339,-0.2237,-5.7277,0.0274,-0.0299,0.0126
1774945490.2115,0.0000,0.0000,0.0000,0.0000,0.0000,-3.1331,-0.2262,35.0462,0.0242,-0.0310,0.0030
1774945490.2313,0.0000,0.0000,0.0000,0.0000,0.0000,-3.1336,-0.2272,-35.4389,0.0040,-0.0054,-0.0183
1774945490.2519,0.0000,0.0000,0.0000,0.0000,0.0000,-3.1321,-0.2300,2.8159,0.0136,0.0191,-0.0279
1774945490.2714,0.0000,0.0000,0.0000,0.0000,0.0000,-3.1321,-0.2310,-37.0754,0.0178,0.0106,-0.0258
1774945490.2917,0.0000,0.0000,0.0000,0.0000,0.0000,-3.1312,-0.2304,-6.6317,0.0040,-0.0278,-0.0290
1774945490.3117,0.0000,0.0000,0.0000,0.0000,0.0000,-3.1303,-0.2278,8.5482,-0.0013,-0.0896,-0.0386
1774945490.3314,0.0000,0.0000,0.0000,0.0000,0.0000,-3.1310,-0.2279,-18.1239,-0.0429,-0.0853,-0.0375
1774945490.3578,0.0000,0.0000,0.0000,0.0000,0.0000,-3.1305,-0.2287,38.2187,-0.0642,-0.0161,-0.0364
1774945490.3717,0.0000,0.0000,0.0000,0.0000,0.0000,-3.1279,-0.2274,23.6559,-0.0386,-0.0225,-0.0226
1774945490.3914,0.0000,0.0000,0.0000,0.0000,0.0000,-3.1298,-0.2259,-11.6495,-0.0397,-0.0789,-0.0130
1774945490.4112,0.0000,0.0000,0.0000,0.0000,0.0000,-3.1336,-0.2246,0.0000,-0.0344,-0.0480,-0.0215
1774945490.4313,0.0000,0.0000,0.0000,0.0000,0.0000,-3.1359,-0.2224,0.0000,-0.0418,-0.0470,-0.0034
1774945490.4516,0.0000,0.0000,0.0000,0.0000,0.0000,-3.1374,-0.2233,0.0000,-0.0152,-0.0001,-0.0066
1774945490.4715,0.0000,0.0000,0.0000,0.0000,0.0000,-3.1390,-0.2214,0.0000,-0.0173,0.0159,-0.0215
1774945490.4913,0.0000,0.0000,0.0000,0.0000,0.0000,-3.1415,-0.2181,0.0000,-0.0184,-0.0320,-0.0141
1774945490.5112,0.0000,0.0000,0.0000,0.0000,0.0000,-3.1413,-0.2174,0.0000,0.0061,-0.0267,-0.0311
1774945490.5316,0.0000,0.0000,0.0000,0.0000,0.0000,3.1380,-0.2159,0.0000,-0.0290,-0.0118,-0.0205
1774945490.5523,0.0000,0.0000,0.0000,0.0000,0.0000,3.1376,-0.2180,0.0000,0.0221,0.0404,-0.0194
1774945490.5714,0.0000,0.0000,0.0000,0.0000,0.0000,3.1379,-0.2184,0.0000,0.0370,0.0276,-0.0013
1774945490.5912,0.0000,0.0000,0.0000,0.0000,0.0000,3.1368,-0.2189,0.0000,0.0295,0.0010,0.0083
1774945490.6112,0.0000,0.0000,0.0000,0.0000,0.0000,3.1368,-0.2216,0.0000,0.0274,-0.0097,-0.0098
1774945490.6316,0.0000,0.0000,0.0000,0.0000,0.0000,3.1363,-0.2219,0.0000,0.0242,-0.0161,-0.0002
1774945490.6516,0.0000,0.0000,0.0000,0.0000,0.0000,3.1404,-0.2234,0.0000,0.0370,0.0276,-0.0045
1774945490.6714,0.0000,0.0000,0.0000,0.0000,0.0000,-3.1399,-0.2224,0.0000,0.0477,0.0276,-0.0194
1774945490.6913,0.0000,0.0000,0.0000,0.0000,0.0000,-3.1379,-0.2205,0.0000,0.0381,-0.0150,-0.0066
1774945490.7115,0.0000,0.0000,0.0000,0.0000,0.0000,-3.1378,-0.2199,0.0000,0.0253,-0.0182,-0.0226
1774945490.7312,0.0000,0.0000,0.0000,0.0000,0.0000,-3.1387,-0.2202,0.0000,-0.0013,-0.0448,-0.0173
1774945490.7512,0.0000,0.0000,0.0000,0.0000,0.0000,-3.1377,-0.2190,0.0000,-0.0013,-0.0065,-0.0173
1774945490.7718,0.0000,0.0000,0.0000,0.0000,0.0000,-3.1383,-0.2176,50.4255,0.0157,0.0244,0.0030
1774945490.7928,0.0000,0.0000,0.0000,0.0000,0.0000,-3.1399,-0.2166,0.0000,-0.0067,-0.0150,-0.0087
1774945490.8120,0.0000,0.0000,0.0000,0.0000,0.0000,-3.1397,-0.2152,0.6512,0.0072,-0.0299,-0.0237
1774945490.8313,0.0000,0.0000,0.0000,0.0000,0.0000,-3.1399,-0.2129,-17.5352,-0.0067,-0.0235,-0.0226
1774945490.8515,0.0000,0.0000,0.0000,0.0000,0.0000,-3.1399,-0.2144,-39.1729,0.0040,0.0180,-0.0205
1774945490.8721,0.0000,0.0000,0.0000,0.0000,0.0000,-3.1381,-0.2156,-27.4194,-0.0067,0.0574,-0.0300
1774945490.8914,0.0000,0.0000,0.0000,0.0000,0.0000,-3.1382,-0.2137,4.5887,-0.0099,0.0170,-0.0194
1774945490.9112,0.0000,0.0000,0.0000,0.0000,0.0000,-3.1371,-0.2126,-8.6031,-0.0077,-0.0257,-0.0226
1774945490.9320,0.0000,0.0000,0.0000,0.0000,0.0000,-3.1378,-0.2111,-28.7054,0.0093,-0.0161,-0.0194
1774945490.9514,0.0000,0.0000,0.0000,0.0000,0.0000,-3.1384,-0.2100,6.6920,-0.0141,0.0042,-0.0237
1774945490.9713,0.0000,0.0000,0.0000,0.0000,0.0000,-3.1378,-0.2083,-32.3407,-0.0077,0.0351,-0.0183
1774945490.9911,0.0000,0.0000,0.0000,0.0000,0.0000,-3.1361,-0.2062,-44.6667,0.0232,0.0127,-0.0258
1774945491.0115,0.0000,0.0000,0.0000,0.0000,0.0000,-3.1377,-0.2029,8.0049,0.0072,-0.0427,-0.0226
1774945491.0319,0.0000,0.0000,0.0000,0.0000,0.0000,-3.1396,-0.2026,-27.9393,-0.0013,-0.0203,-0.0215
1774945491.0519,0.0000,0.0000,0.0000,0.0000,0.0000,-3.1411,-0.2021,26.1699,-0.0141,0.0351,-0.0141
1774945491.0712,0.0000,0.0000,0.0000,0.0000,0.0000,-3.1397,-0.2035,54.1119,-0.0056,0.0894,-0.0162
1774945491.0913,0.0000,0.0000,0.0000,0.0000,0.0000,-3.1375,-0.2040,-3.0138,0.0540,0.0628,-0.0109
1774945491.1114,0.0000,0.0000,0.0000,0.0000,0.0000,-3.1392,-0.2080,37.6607,0.0402,0.0958,0.0115
1774945491.1315,0.0000,0.0000,0.0000,0.0000,0.0000,-3.1401,-0.2118,57.1049,0.0423,0.0500,0.0104
1774945491.1518,0.0000,0.0000,0.0000,0.0000,0.0000,-3.1409,-0.2159,25.1285,0.0264,0.0660,0.0126
1774945491.1715,0.0000,0.0000,0.0000,0.0000,0.0000,-3.1386,-0.2196,47.9764,0.0274,0.0819,0.0115
1774945491.1915,0.0000,0.0000,0.0000,0.0000,0.0000,-3.1358,-0.2192,38.8072,0.0381,-0.0257,-0.0109
1774945491.2112,0.0000,0.0000,0.0000,0.0000,0.0000,-3.1354,-0.2216,-5.8837,0.0232,-0.0331,-0.0151
1774945491.2312,0.0000,0.0000,0.0000,0.0000,0.0000,-3.1367,-0.2223,-9.8663,-0.0045,-0.0310,-0.0215
1774945491.2514,0.0000,0.0000,0.0000,0.0000,0.0000,-3.1341,-0.2200,-20.9127,0.0232,-0.0555,-0.0386
1774945491.2714,0.0000,0.0000,0.0000,0.0000,0.0000,-3.1305,-0.2198,0.5046,0.0615,0.0148,-0.0386
1774945491.2917,0.0000,0.0000,0.0000,0.0000,0.0000,-3.1319,-0.2184,21.2439,0.0402,-0.0480,-0.0066
1774945491.3112,0.0000,0.0000,0.0000,0.0000,0.0000,-3.1342,-0.2160,-4.7845,0.0082,-0.0587,0.0008
1774945491.3313,0.0000,0.0000,0.0000,0.0000,0.0000,-3.1331,-0.2134,-51.9737,-0.0056,-0.0736,-0.0045
1774945491.3514,0.0000,0.0000,0.0000,0.0000,0.0000,-3.1324,-0.2137,-38.6257,-0.0109,-0.0225,-0.0087
1774945491.3712,0.0000,0.0000,0.0000,0.0000,0.0000,-3.1312,-0.2127,3.1933,-0.0205,0.0031,-0.0173
1774945491.3916,0.0000,0.0000,0.0000,0.0000,0.0000,-3.1293,-0.2092,-4.6989,0.0221,-0.0171,-0.0300
1774945491.4112,0.0000,0.0000,0.0000,0.0000,0.0000,-3.1296,-0.2057,-1.4283,0.0519,-0.0075,-0.0343
1774945491.4314,0.0000,0.0000,0.0000,0.0000,0.0000,-3.1316,-0.2031,-29.6356,0.0200,-0.0033,-0.0215
1774945491.4514,0.0000,0.0000,0.0000,0.0000,0.0000,-3.1330,-0.2014,-23.9519,0.0210,0.0265,-0.0162
1774945491.4712,0.0000,0.0000,0.0000,0.0000,0.0000,-3.1332,-0.2004,14.7143,-0.0301,0.0585,-0.0183
1774945491.4913,0.0000,0.0000,0.0000,0.0000,0.0000,-3.1322,-0.2012,2.2041,-0.0184,0.0649,-0.0151
1774945491.5114,0.0000,0.0000,0.0000,0.0000,0.0000,-3.1305,-0.2020,2.9228,-0.0024,0.0628,-0.0290
1774945491.5314,0.0000,0.0000,0.0000,0.0000,0.0000,-3.1295,-0.2034,-22.5371,-0.0344,0.0542,-0.0354
1774945491.5513,0.0000,0.0000,0.0000,0.0000,0.0000,-3.1298,-0.2086,15.6186,-0.0397,0.1405,-0.0332
1774945491.5716,0.0000,0.0000,0.0000,0.0000,0.0000,-3.1292,-0.2104,4.1794,0.0008,0.0862,-0.0141
1774945491.5912,0.0000,0.0000,0.0000,0.0000,0.0000,-3.1309,-0.2128,-18.9043,-0.0013,0.0510,-0.0077
1774945491.6113,0.0000,0.0000,0.0000,0.0000,0.0000,-3.1325,-0.2132,-64.0218,-0.0195,0.0276,-0.0151
1774945491.6314,0.0000,0.0000,0.0000,0.0000,0.0000,-3.1338,-0.2141,49.5017,-0.0429,0.0180,-0.0151
1774945491.6561,0.0000,0.0000,0.0000,0.0000,0.0000,-3.1350,-0.2152,16.6427,-0.0386,0.0255,-0.0087
1774945491.6714,0.0000,0.0000,0.0000,0.0000,0.0000,-3.1349,-0.2161,-11.5063,0.0189,0.0404,-0.0066
1774945491.6916,0.0000,0.0000,0.0000,0.0000,0.0000,-3.1353,-0.2153,5.6337,0.0125,0.0223,-0.0269
1774945491.7112,0.0000,0.0000,0.0000,0.0000,0.0000,-3.1372,-0.2140,-3.9453,0.0061,-0.0001,-0.0343
1774945491.7313,0.0000,0.0000,0.0000,0.0000,0.0000,-3.1387,-0.2147,29.7218,0.0200,0.0233,-0.0087
1774945491.7515,0.0000,0.0000,0.0000,0.0000,0.0000,-3.1368,-0.2133,-8.0275,0.0487,-0.0182,-0.0162
1774945491.7714,0.0000,0.0000,0.0000,0.0000,0.0000,-3.1360,-0.2115,7.3608,0.0274,-0.0118,-0.0077
1774945491.7916,0.0000,0.0000,0.0000,0.0000,0.0000,-3.1349,-0.2104,-15.0676,0.0327,-0.0139,-0.0013
1774945491.8115,0.0000,0.0000,0.0000,0.0000,0.0000,-3.1359,-0.2115,23.2360,0.0072,0.0233,-0.0055
1774945491.8313,0.0000,0.0000,0.0000,0.0000,0.0000,-3.1340,-0.2110,39.1723,-0.0120,-0.0012,-0.0258
1774945491.8539,0.0000,0.0000,0.0000,0.0000,0.0000,-3.1331,-0.2095,6.5262,0.0306,-0.0310,-0.0258
1774945491.8716,0.0000,0.0000,0.0000,0.0000,0.0000,-3.1326,-0.2071,-16.4287,0.0157,-0.0544,-0.0471
1774945491.8912,0.0000,0.0000,0.0000,0.0000,0.0000,-3.1317,-0.2073,3.0006,-0.0205,0.0212,-0.0514
1774945491.9112,0.0000,0.0000,0.0000,0.0000,0.0000,-3.1317,-0.2074,3.0409,-0.0365,0.0574,-0.0269
1774945491.9323,0.0000,0.0000,0.0000,0.0000,0.0000,-3.1340,-0.2067,2.1551,-0.0280,0.0191,-0.0173
1774945491.9512,0.0000,0.0000,0.0000,0.0000,0.0000,-3.1344,-0.2063,-0.3476,-0.0141,-0.0502,-0.0130
1774945491.9716,0.0000,0.0000,0.0000,0.0000,0.0000,-3.1372,-0.2063,-43.2829,-0.0258,-0.0278,-0.0066
1774945491.9916,0.0000,0.0000,0.0000,0.0000,0.0000,-3.1380,-0.2089,11.6670,-0.0216,0.0574,0.0051
1774945492.0120,0.0000,0.0000,0.0000,0.0000,0.0000,-3.1377,-0.2087,-2.2464,0.0093,0.0510,-0.0077
1774945492.0314,0.0000,0.0000,0.0000,0.0000,0.0000,-3.1395,-0.2071,7.4642,0.0104,-0.0107,-0.0183
1774945492.0562,0.0000,0.0000,0.0000,0.0000,0.0000,-3.1380,-0.2068,-8.1477,0.0434,-0.0235,-0.0418
1774945492.0712,0.0000,0.0000,0.0000,0.0000,0.0000,-3.1398,-0.2080,72.7418,-0.0035,0.0521,-0.0098
1774945492.0921,0.0000,0.0000,0.0000,0.0000,0.0000,-3.1397,-0.2080,-0.5541,0.0349,0.0436,-0.0183
1774945492.1113,0.0000,0.0000,0.0000,0.0000,0.0000,-3.1402,-0.2079,22.6203,0.0232,-0.0129,-0.0215
1774945492.1315,0.0000,0.0000,0.0000,0.0000,0.0000,-3.1380,-0.2090,-9.8067,0.0061,0.0095,-0.0162
1774945492.1515,0.0000,0.0000,0.0000,0.0000,0.0000,-3.1375,-0.2111,6.0333,0.0008,0.0212,-0.0130
1774945492.1712,0.0000,0.0000,0.0000,0.0000,0.0000,-3.1359,-0.2080,-6.6690,0.0082,-0.0406,-0.0109
1774945492.1940,0.0000,0.0000,0.0000,0.0000,0.0000,-3.1340,-0.2039,-41.7295,0.0306,-0.0672,-0.0471
1774945492.2112,0.0000,0.0000,0.0000,0.0000,0.0000,-3.1341,-0.2018,-1.7303,-0.0290,0.0457,-0.0577
1774945492.2314,0.0000,0.0000,0.0000,0.0000,0.0000,-3.1336,-0.1984,-27.5984,0.0040,-0.0033,-0.0535
1774945492.2514,0.0000,0.0000,0.0000,0.0000,0.0000,-3.1351,-0.1959,-65.4684,0.0146,0.0532,-0.0343
1774945492.2721,0.0000,0.0000,0.0000,0.0000,0.0000,-3.1375,-0.1933,90.9401,0.0072,0.0329,-0.0183
1774945492.2914,0.0000,0.0000,0.0000,0.0000,0.0000,-3.1392,-0.1914,9.4551,-0.0173,0.0628,0.0030
1774945492.3118,0.0000,0.0000,0.0000,0.0000,0.0000,-3.1392,-0.1910,22.9440,0.0008,0.0969,-0.0045
1774945492.3322,0.0000,0.0000,0.0000,0.0000,0.0000,-3.1369,-0.1923,-44.6066,0.0242,0.1320,-0.0215
1774945492.3513,0.0000,0.0000,0.0000,0.0000,0.0000,-3.1383,-0.1960,21.3180,-0.0429,0.1320,-0.0258
1774945492.3713,0.0000,0.0000,0.0000,0.0000,0.0000,-3.1366,-0.1976,-40.8347,0.0114,0.1032,-0.0343
1774945492.3913,0.0000,0.0000,0.0000,0.0000,0.0000,-3.1359,-0.1990,47.5577,0.0509,0.0809,-0.0322
1774945492.4119,0.0000,0.0000,0.0000,0.0000,0.0000,-3.1380,-0.2019,20.3617,-0.0195,0.0905,-0.0205
1774945492.4316,0.0000,0.0000,0.0000,0.0000,0.0000,-3.1382,-0.2044,14.8705,0.0306,0.0777,-0.0226
1774945492.4515,0.0000,0.0000,0.0000,0.0000,0.0000,-3.1361,-0.2060,47.5182,0.0679,0.0585,-0.0119
1774945492.4712,0.0000,0.0000,0.0000,0.0000,0.0000,-3.1382,-0.2083,-8.7567,0.0189,0.0276,-0.0087
1774945492.4912,0.0000,0.0000,0.0000,0.0000,0.0000,-3.1367,-0.2099,-7.9625,0.0242,-0.0065,-0.0045
1774945492.5133,0.0000,0.0000,0.0000,0.0000,0.0000,-3.1353,-0.2100,-43.7339,0.0615,-0.0012,-0.0045
1774945492.5314,0.0000,0.0000,0.0000,0.0000,0.0000,-3.1368,-0.2123,-14.1112,0.0029,0.0479,0.0040
1774945492.5514,0.0000,0.0000,0.0000,0.0000,0.0000,-3.1334,-0.2134,93.9070,0.0423,-0.0107,0.0030
1774945492.5713,0.0000,0.0000,0.0000,0.0000,0.0000,-3.1330,-0.2167,-40.3672,0.0327,-0.0299,0.0019
1774945492.5922,0.0000,0.0000,0.0000,0.0000,0.0000,-3.1342,-0.2198,-1.5702,0.0338,-0.0257,-0.0024
1774945492.6116,0.0000,0.0000,0.0000,0.0000,0.0000,-3.1314,-0.2201,57.4052,0.0445,-0.1162,-0.0055
1774945492.6315,0.0000,0.0000,0.0000,0.0000,0.0000,-3.1302,-0.2194,-48.0858,0.0232,-0.1002,-0.0226
1774945492.6518,0.0000,0.0000,0.0000,0.0000,0.0000,-3.1314,-0.2167,39.8107,-0.0269,-0.1332,-0.0215
1774945492.6713,0.0000,0.0000,0.0000,0.0000,0.0000,-3.1304,-0.2141,72.7441,-0.0216,-0.1748,-0.0428
1774945492.6917,0.0000,0.0000,0.0000,0.0000,0.0000,-3.1292,-0.2093,51.0924,0.0114,-0.1535,-0.0514
1774945492.7112,0.0000,0.0000,0.0000,0.0000,0.0000,-3.1283,-0.2058,55.3834,-0.0418,-0.1332,-0.0780
1774945492.7318,0.0000,0.0000,0.0000,0.0000,0.0000,-3.1299,-0.2028,2.0319,-0.0322,-0.1119,-0.0279
1774945492.7512,0.0000,0.0000,0.0000,0.0000,0.0000,-3.1317,-0.2015,31.7423,-0.0333,-0.0438,-0.0269
1774945492.7714,0.0000,0.0000,0.0000,0.0000,0.0000,-3.1310,-0.1991,20.6145,-0.0045,-0.0246,-0.0141
1774945492.7912,0.0000,0.0000,0.0000,0.0000,0.0000,-3.1333,-0.1996,-12.7249,-0.0482,0.0276,0.0168
1774945492.8113,0.0000,0.0000,0.0000,0.0000,0.0000,-3.1349,-0.2002,-63.3464,-0.0312,0.0809,-0.0109
1774945492.8314,0.0000,0.0000,0.0000,0.0000,0.0000,-3.1353,-0.1995,-73.2137,-0.0045,0.0116,-0.0151
1774945492.8512,0.0000,0.0000,0.0000,0.0000,0.0000,-3.1380,-0.2008,-3.1762,-0.0109,0.0095,-0.0045
1774945492.8712,0.0000,0.0000,0.0000,0.0000,0.0000,-3.1374,-0.2039,-14.9946,0.0338,0.1107,-0.0311
1774945492.8939,0.0000,0.0000,0.0000,0.0000,0.0000,-3.1362,-0.2051,-23.0078,0.0210,0.0873,-0.0396
1774945492.9114,0.0000,0.0000,0.0000,0.0000,0.0000,-3.1377,-0.2061,-47.7669,-0.0013,0.0276,-0.0258
1774945492.9317,0.0000,0.0000,0.0000,0.0000,0.0000,-3.1360,-0.2067,15.3614,0.0136,-0.0257,-0.0386
1774945492.9642,0.0000,0.0000,0.0000,0.0000,0.0000,-3.1354,-0.2076,-9.7504,-0.0163,0.0063,-0.0439
1774945492.9715,0.0000,0.0000,0.0000,0.0000,0.0000,-3.1353,-0.2080,-78.8992,0.0008,-0.0342,-0.0130
1774945492.9918,0.0000,0.0000,0.0000,0.0000,0.0000,-3.1352,-0.2080,0.0000,-0.0035,-0.0054,-0.0162
1774945493.0115,0.0000,0.0000,0.0000,0.0000,0.0000,-3.1363,-0.2058,0.0000,-0.0184,-0.0352,-0.0237
1774945493.0318,0.0000,0.0000,0.0000,0.0000,0.0000,-3.1375,-0.2065,-1.2272,-0.0216,-0.0352,-0.0077
1774945493.0518,0.0000,0.0000,0.0000,0.0000,0.0000,-3.1359,-0.2050,-33.9686,0.0157,0.0276,-0.0375
1774945493.0712,0.0000,0.0000,0.0000,0.0000,0.0000,-3.1372,-0.2033,0.0000,0.0338,0.0415,-0.0045
1774945493.0969,0.0000,0.0000,0.0000,0.0000,0.0000,-3.1397,-0.2037,13.8327,0.0626,0.0383,0.0072
1774945493.1113,0.0000,0.0000,0.0000,0.0000,0.0000,3.1406,-0.2046,0.0000,0.0264,0.0329,-0.0141
1774945493.1311,0.0000,0.0000,0.0000,0.0000,0.0000,3.1403,-0.2038,0.0000,0.0253,-0.0225,-0.0300
1774945493.1512,0.0000,0.0000,0.0000,0.0000,0.0000,3.1400,-0.2067,0.0000,0.0072,-0.0395,-0.0194
1774945493.1715,0.0000,0.0000,0.0000,0.0000,0.0000,3.1402,-0.2059,0.0000,0.0402,-0.0033,-0.0375
1774945493.1916,0.0000,0.0000,0.0000,0.0000,0.0000,3.1396,-0.2096,0.0000,-0.0173,0.0510,-0.0077
1774945493.2114,0.0000,0.0000,0.0000,0.0000,0.0000,-3.1416,-0.2098,15.6629,0.0146,0.0670,-0.0194
1774945493.2315,0.0000,0.0000,0.0000,0.0000,0.0000,3.1408,-0.2106,0.0000,-0.0141,0.0095,0.0072
1774945493.2524,0.0000,0.0000,0.0000,0.0000,0.0000,3.1415,-0.2132,10.6891,-0.0290,0.0010,-0.0013
1774945493.2719,0.0000,0.0000,0.0000,0.0000,0.0000,-3.1414,-0.2162,-118.7427,-0.0397,-0.0033,-0.0375
1774945493.2912,0.0000,0.0000,0.0000,0.0000,0.0000,-3.1391,-0.2187,0.0000,-0.0227,-0.0001,-0.0332
1774945493.3112,0.0000,0.0000,0.0000,0.0000,0.0000,-3.1399,-0.2170,0.0000,-0.0099,-0.0150,-0.0109
1774945493.3313,0.0000,0.0000,0.0000,0.0000,0.0000,-3.1401,-0.2122,0.0000,0.0306,-0.0747,-0.0364
1774945493.3512,0.0000,0.0000,0.0000,0.0000,0.0000,-3.1407,-0.2101,85.7145,0.0327,-0.0800,-0.0343
1774945493.3713,0.0000,0.0000,0.0000,0.0000,0.0000,3.1402,-0.2084,-59.4584,-0.0003,-0.0470,-0.0375
1774945493.3912,0.0000,0.0000,0.0000,0.0000,0.0000,-3.1412,-0.2089,0.0000,0.0125,-0.0544,-0.0375
1774945493.4121,0.0000,0.0000,0.0000,0.0000,0.0000,-3.1405,-0.2097,47.9974,0.0540,0.0223,-0.0162
1774945493.4312,0.0000,0.0000,0.0000,0.0000,0.0000,-3.1412,-0.2090,34.2865,0.0242,-0.0075,0.0104
1774945493.4517,0.0000,0.0000,0.0000,0.0000,0.0000,-3.1399,-0.2098,-69.4935,0.0349,-0.0054,-0.0066
1774945493.4712,0.0000,0.0000,0.0000,0.0000,0.0000,-3.1397,-0.2105,-59.1273,0.0136,-0.0182,0.0072
1774945493.4912,0.0000,0.0000,0.0000,0.0000,0.0000,-3.1389,-0.2123,-27.4629,0.0509,0.0010,-0.0013
1774945493.5114,0.0000,0.0000,0.0000,0.0000,0.0000,-3.1357,-0.2136,65.1875,0.0562,0.0031,-0.0322
1774945493.5323,0.0000,0.0000,0.0000,0.0000,0.0000,-3.1359,-0.2132,9.9417,-0.0003,-0.0161,-0.0205
1774945493.5513,0.0000,0.0000,0.0000,0.0000,0.0000,-3.1337,-0.2158,-21.8749,-0.0013,0.0361,-0.0300
1774945493.5713,0.0000,0.0000,0.0000,0.0000,0.0000,-3.1321,-0.2155,0.2389,0.0178,-0.0075,-0.0524
1774945493.5915,0.0000,0.0000,0.0000,0.0000,0.0000,-3.1325,-0.2132,-32.1779,-0.0269,-0.0459,-0.0343
1774945493.6112,0.0000,0.0000,0.0000,0.0000,0.0000,-3.1323,-0.2153,2.6530,-0.0099,-0.0054,-0.0322
1774945493.6313,0.0000,0.0000,0.0000,0.0000,0.0000,-3.1316,-0.2148,-18.7310,0.0093,0.0084,-0.0375
1774945493.6513,0.0000,0.0000,0.0000,0.0000,0.0000,-3.1320,-0.2114,9.6555,-0.0024,-0.0640,-0.0141
1774945493.6714,0.0000,0.0000,0.0000,0.0000,0.0000,-3.1322,-0.2119,18.2280,0.0061,-0.0033,-0.0332
1774945493.6913,0.0000,0.0000,0.0000,0.0000,0.0000,-3.1354,-0.2096,-10.8240,-0.0408,0.0170,-0.0279
1774945493.7112,0.0000,0.0000,0.0000,0.0000,0.0000,-3.1344,-0.2072,-60.1861,-0.0195,0.0010,-0.0364
1774945493.7313,0.0000,0.0000,0.0000,0.0000,0.0000,-3.1344,-0.2085,15.9841,0.0157,0.0383,-0.0269
1774945493.7520,0.0000,0.0000,0.0000,0.0000,0.0000,-3.1378,-0.2082,-0.5806,-0.0109,0.0532,-0.0034
1774945493.7714,0.0000,0.0000,0.0000,0.0000,0.0000,-3.1385,-0.2067,21.5701,0.0221,0.0063,-0.0130
1774945493.7913,0.0000,0.0000,0.0000,0.0000,0.0000,-3.1368,-0.2028,-33.6476,0.0849,-0.0533,-0.0524
1774945493.8114,0.0000,0.0000,0.0000,0.0000,0.0000,-3.1368,-0.1979,21.7909,0.0668,-0.0800,-0.0716
1774945493.8328,0.0000,0.0000,0.0000,0.0000,0.0000,-3.1378,-0.1933,-24.7947,0.0509,-0.0171,-0.0514
1774945493.8516,0.0000,0.0000,0.0000,0.0000,0.0000,-3.1387,-0.1903,58.7964,-0.0056,0.0585,-0.0141
1774945493.8714,0.0000,0.0000,0.0000,0.0000,0.0000,-3.1374,-0.1883,-50.4171,-0.0184,0.0702,-0.0087
1774945493.8923,0.0000,0.0000,0.0000,0.0000,0.0000,-3.1348,-0.1868,42.8641,0.0700,0.1363,0.0019
1774945493.9112,0.0000,0.0000,0.0000,0.0000,0.0000,-3.1325,-0.1865,-4.3734,0.0295,0.1522,-0.0354
1774945493.9315,0.0000,0.0000,0.0000,0.0000,0.0000,-3.1319,-0.1874,-8.3040,-0.0099,0.1981,-0.0471
1774945493.9514,0.0000,0.0000,0.0000,0.0000,0.0000,-3.1331,-0.1921,0.7509,0.0977,0.2300,-0.0077
1774945493.9712,0.0000,0.0000,0.0000,0.0000,0.0000,-3.1343,-0.2003,-16.3736,0.0604,0.2758,0.0126
1774945493.9914,0.0000,0.0000,0.0000,0.0000,0.0000,-3.1336,-0.2073,-6.8240,0.0679,0.1853,0.0190
1774945494.0115,0.0000,0.0000,0.0000,0.0000,0.0000,-3.1331,-0.2133,49.3536,0.0285,0.1363,-0.0034
1774945494.0313,0.0000,0.0000,0.0000,0.0000,0.0000,-3.1304,-0.2187,51.4075,0.0732,0.0777,-0.0013
1774945494.0513,0.0000,0.0000,0.0000,0.0000,0.0000,-3.1298,-0.2216,-9.3407,0.0136,-0.0001,-0.0205
1774945494.0714,0.0000,0.0000,0.0000,0.0000,0.0000,-3.1285,-0.2250,-48.7897,0.0285,-0.0012,-0.0386
1774945494.0914,0.0000,0.0000,0.0000,0.0000,0.0000,-3.1271,-0.2271,26.9248,0.0349,-0.0203,-0.0258
1774945494.1113,0.0000,0.0000,0.0000,0.0000,0.0000,-3.1237,-0.2275,16.3142,0.0647,-0.0874,-0.0055
1774945494.1314,0.0000,0.0000,0.0000,0.0000,0.0000,-3.1224,-0.2260,61.8748,0.0082,-0.1631,-0.0247
1774945494.1514,0.0000,0.0000,0.0000,0.0000,0.0000,-3.1251,-0.2235,50.7657,-0.0855,-0.2259,-0.0279
1774945494.1715,0.0000,0.0000,0.0000,0.0000,0.0000,-3.1229,-0.2186,-7.5693,-0.0163,-0.2685,-0.0322
1774945494.1915,0.0000,0.0000,0.0000,0.0000,0.0000,-3.1215,-0.2140,-9.6641,-0.0354,-0.2621,-0.0620
1774945494.2113,0.0000,0.0000,0.0000,0.0000,0.0000,-3.1189,-0.2097,28.1194,0.0029,-0.2036,-0.0684
1774945494.2313,0.0000,0.0000,0.0000,0.0000,0.0000,-3.1208,-0.2032,-25.3965,-0.0131,-0.2589,-0.0524
1774945494.2520,0.0000,0.0000,0.0000,0.0000,0.0000,-3.1248,-0.2004,52.7537,-0.0823,-0.2121,-0.0439
1774945494.2714,0.0000,0.0000,0.0000,0.0000,0.0000,-3.1279,-0.1942,-19.8182,-0.0642,-0.1343,-0.0599
1774945494.2913,0.0000,0.0000,0.0000,0.0000,0.0000,-3.1290,-0.1896,29.4344,-0.0472,-0.1247,-0.0471
1774945494.3112,0.0000,0.0000,0.0000,0.0000,0.0000,-3.1285,-0.1840,-61.0426,0.0253,-0.0406,-0.0407
1774945494.3313,0.0000,0.0000,0.0000,0.0000,0.0000,-3.1314,-0.1820,82.8707,-0.0503,0.1000,-0.0386
1774945494.3513,0.0000,0.0000,0.0000,0.0000,0.0000,-3.1314,-0.1804,5.5652,-0.0738,0.0841,-0.0535
1774945494.3712,0.0000,0.0000,0.0000,0.0000,0.0000,-3.1323,-0.1793,3.7189,-0.0280,0.0990,-0.0514
1774945494.3914,0.0000,0.0000,0.0000,0.0000,0.0000,-3.1313,-0.1786,-12.9834,0.0530,0.1395,-0.0588
1774945494.4114,0.0000,0.0000,0.0000,0.0000,0.0000,-3.1328,-0.1834,15.6087,-0.0280,0.2950,-0.0524
1774945494.4312,0.0000,0.0000,0.0000,0.0000,0.0000,-3.1341,-0.1911,-12.2638,-0.0514,0.4324,-0.0535
1774945494.4513,0.0000,0.0000,0.0000,0.0000,0.0000,-3.1350,-0.1969,-30.3386,0.0253,0.3941,-0.0237
1774945494.4712,0.0000,0.0000,0.0000,0.0000,0.0000,-3.1313,-0.2007,7.8616,0.1190,0.2939,-0.0279
1774945494.4914,0.0000,0.0000,0.0000,0.0000,0.0000,-3.1329,-0.2078,1.1432,0.0242,0.3429,-0.0439
1774945494.5112,0.0000,0.0000,0.0000,0.0000,0.0000,-3.1362,-0.2116,21.1517,-0.0738,0.2226,-0.0641
1774945494.5312,0.0000,0.0000,0.0000,0.0000,0.0000,-3.1361,-0.2162,10.6009,-0.0376,0.1512,-0.0556
1774945494.5520,0.0000,0.0000,0.0000,0.0000,0.0000,-3.1329,-0.2189,16.7784,0.0668,0.1086,-0.0194
1774945494.5717,0.0000,0.0000,0.0000,0.0000,0.0000,-3.1331,-0.2222,61.8186,0.0210,0.1139,-0.0141
1774945494.5915,0.0000,0.0000,0.0000,0.0000,0.0000,-3.1347,-0.2252,-35.8123,0.0253,0.0297,0.0072
1774945494.6113,0.0000,0.0000,0.0000,0.0000,0.0000,-3.1344,-0.2287,-28.2196,0.0572,0.0074,0.0062
1774945494.6315,0.0000,0.0000,0.0000,0.0000,0.0000,-3.1327,-0.2290,-10.9706,0.0668,-0.0651,-0.0194
1774945494.6515,0.0000,0.0000,0.0000,0.0000,0.0000,-3.1330,-0.2295,25.5279,0.0232,-0.1439,-0.0258
1774945494.6713,0.0000,0.0000,0.0000,0.0000,0.0000,-3.1321,-0.2249,16.9233,0.0381,-0.2174,-0.0503
1774945494.6914,0.0000,0.0000,0.0000,0.0000,0.0000,-3.1313,-0.2218,31.6459,-0.0120,-0.2557,-0.0439
1774945494.7112,0.0000,0.0000,0.0000,0.0000,0.0000,-3.1312,-0.2182,-30.6019,-0.0131,-0.2760,-0.0226
1774945494.7312,0.0000,0.0000,0.0000,0.0000,0.0000,-3.1310,-0.2161,24.7717,0.0114,-0.2771,0.0008
1774945494.7512,0.0000,0.0000,0.0000,0.0000,0.0000,-3.1293,-0.2126,-20.1159,0.0743,-0.2760,0.0126
1774945494.7713,0.0000,0.0000,0.0000,0.0000,0.0000,-3.1294,-0.2085,-26.5390,0.0349,-0.2824,0.0094
1774945494.7913,0.0000,0.0000,0.0000,0.0000,0.0000,-3.1292,-0.2061,-31.6881,-0.0173,-0.2036,-0.0322
1774945494.8112,0.0000,0.0000,0.0000,0.0000,0.0000,-3.1282,-0.2039,79.5132,-0.0418,-0.1897,-0.0418
1774945494.8312,0.0000,0.0000,0.0000,0.0000,0.0000,-3.1264,-0.2007,6.9599,0.0200,-0.2025,-0.0503
1774945494.8516,0.0000,0.0000,0.0000,0.0000,0.0000,-3.1252,-0.1999,16.7450,0.0445,-0.1567,-0.0396
1774945494.8712,0.0000,0.0000,0.0000,0.0000,0.0000,-3.1269,-0.1983,-31.5983,0.0732,-0.0864,-0.0322
1774945494.8924,0.0000,0.0000,0.0000,0.0000,0.0000,-3.1289,-0.2013,11.5477,0.0242,0.0404,-0.0205
1774945494.9113,0.0000,0.0000,0.0000,0.0000,0.0000,-3.1300,-0.2028,19.3837,0.0285,0.0851,-0.0098
1774945494.9333,0.0000,0.0000,0.0000,0.0000,0.0000,-3.1269,-0.2043,-25.6152,0.0264,0.0947,-0.0151
1774945494.9519,0.0000,0.0000,0.0000,0.0000,0.0000,-3.1237,-0.2074,25.7717,-0.0099,0.0287,-0.0428
1774945494.9713,0.0000,0.0000,0.0000,0.0000,0.0000,-3.1241,-0.2096,23.1249,-0.0482,0.0020,-0.0545
1774945494.9914,0.0000,0.0000,0.0000,0.0000,0.0000,-3.1208,-0.2101,-62.7209,0.0317,-0.0384,-0.0471
1774945495.0112,0.0000,0.0000,0.0000,0.0000,0.0000,-3.1204,-0.2105,18.0225,0.0210,0.0063,-0.0300
1774945495.0311,0.0000,0.0000,0.0000,0.0000,0.0000,-3.1218,-0.2118,-84.6116,-0.0248,0.0905,-0.0141
1774945495.0513,0.0000,0.0000,0.0000,0.0000,0.0000,-3.1238,-0.2124,-3.1283,-0.0770,0.0873,-0.0194
1774945495.0713,0.0000,0.0000,0.0000,0.0000,0.0000,-3.1226,-0.2134,12.1806,-0.0312,0.0351,-0.0194
1774945495.0913,0.0000,0.0000,0.0000,0.0000,0.0000,-3.1229,-0.2145,39.9271,0.0072,0.0489,-0.0205
1774945495.1112,0.0000,0.0000,0.0000,0.0000,0.0000,-3.1255,-0.2154,69.3858,-0.0301,0.0457,-0.0375
1774945495.1313,0.0000,0.0000,0.0000,0.0000,0.0000,-3.1282,-0.2166,-27.2899,-0.0280,0.0191,-0.0428
1774945495.1513,0.0000,0.0000,0.0000,0.0000,0.0000,-3.1288,-0.2175,12.4224,-0.0322,-0.0395,-0.0503
1774945495.1713,0.0000,0.0000,0.0000,0.0000,0.0000,-3.1254,-0.2170,1.1669,-0.0109,-0.0917,-0.0567
1774945495.1913,0.0000,0.0000,0.0000,0.0000,0.0000,-3.1266,-0.2162,1.1024,0.0125,-0.0874,-0.0162
1774945495.2116,0.0000,0.0000,0.0000,0.0000,0.0000,-3.1267,-0.2161,1.1557,-0.0013,-0.0683,-0.0258
1774945495.2312,0.0000,0.0000,0.0000,0.0000,0.0000,-3.1279,-0.2176,-19.7145,-0.0557,0.0383,-0.0194
1774945495.2513,0.0000,0.0000,0.0000,0.0000,0.0000,-3.1278,-0.2187,-37.7654,-0.0131,0.0393,-0.0151
1774945495.2713,0.0000,0.0000,0.0000,0.0000,0.0000,-3.1277,-0.2215,-14.0050,-0.0248,0.0468,-0.0343
1774945495.2913,0.0000,0.0000,0.0000,0.0000,0.0000,-3.1276,-0.2195,-13.6898,0.0178,-0.0512,-0.0354
1774945495.3114,0.0000,0.0000,0.0000,0.0000,0.0000,-3.1298,-0.2201,58.8296,-0.0120,-0.0491,-0.0237
1774945495.3313,0.0000,0.0000,0.0000,0.0000,0.0000,-3.1265,-0.2209,54.0230,0.0849,-0.0139,-0.0247
1774945495.3513,0.0000,0.0000,0.0000,0.0000,0.0000,-3.1270,-0.2198,66.5218,0.0498,-0.0171,-0.0215
1774945495.3712,0.0000,0.0000,0.0000,0.0000,0.0000,-3.1264,-0.2187,-60.1944,0.0306,-0.0864,-0.0237
1774945495.3913,0.0000,0.0000,0.0000,0.0000,0.0000,-3.1273,-0.2187,-62.4688,-0.0173,0.0010,-0.0279
1774945495.4112,0.0000,0.0000,0.0000,0.0000,0.0000,-3.1243,-0.2176,-66.1759,0.0370,-0.0203,-0.0386
1774945495.4313,0.0000,0.0000,0.0000,0.0000,0.0000,-3.1254,-0.2196,-57.4976,-0.0269,0.0340,-0.0428
1774945495.4512,0.0000,0.0000,0.0000,0.0000,0.0000,-3.1259,-0.2167,-16.4757,-0.0280,-0.0012,-0.0460
1774945495.4712,0.0000,0.0000,0.0000,0.0000,0.0000,-3.1265,-0.2155,23.0831,-0.0450,-0.0288,-0.0599
1774945495.4913,0.0000,0.0000,0.0000,0.0000,0.0000,-3.1255,-0.2099,-77.4334,0.0295,-0.1077,-0.0727
1774945495.5112,0.0000,0.0000,0.0000,0.0000,0.0000,-3.1263,-0.2061,-3.9624,0.0019,0.0063,-0.0535
1774945495.5313,0.0000,0.0000,0.0000,0.0000,0.0000,-3.1266,-0.2028,63.4145,0.0743,0.0542,-0.0514
1774945495.5512,0.0000,0.0000,0.0000,0.0000,0.0000,-3.1260,-0.2037,0.0000,-0.0056,0.0798,-0.0215
1774945495.5712,0.0000,0.0000,0.0000,0.0000,0.0000,-3.1287,-0.2023,0.0000,0.0295,0.0819,-0.0173
1774945495.5913,0.0000,0.0000,0.0000,0.0000,0.0000,-3.1304,-0.2039,0.0000,-0.0195,0.1054,-0.0162
1774945495.6113,0.0000,0.0000,0.0000,0.0000,0.0000,-3.1281,-0.2054,0.0000,0.0072,0.0809,-0.0311
1774945495.6313,0.0000,0.0000,0.0000,0.0000,0.0000,-3.1266,-0.2066,0.0000,0.0114,0.0905,-0.0492
1774945495.6512,0.0000,0.0000,0.0000,0.0000,0.0000,-3.1235,-0.2049,0.0000,0.0732,-0.0512,-0.0716
1774945495.6717,0.0000,0.0000,0.0000,0.0000,0.0000,-3.1226,-0.2049,0.0000,0.0253,-0.0182,-0.0652
1774945495.6914,0.0000,0.0000,0.0000,0.0000,0.0000,-3.1251,-0.2029,0.0000,-0.0365,0.0617,-0.0482
1774945495.7118,0.0000,0.0000,0.0000,0.0000,0.0000,-3.1295,-0.2046,0.0000,-0.0440,0.1640,-0.0162
1774945495.7316,0.0000,0.0000,0.0000,0.0000,0.0000,-3.1298,-0.2064,0.0000,0.0413,0.1160,-0.0290
1774945495.7515,0.0000,0.0000,0.0000,0.0000,0.0000,-3.1288,-0.2086,0.0000,0.0285,0.1011,-0.0024
1774945495.7712,0.0000,0.0000,0.0000,0.0000,0.0000,-3.1288,-0.2091,0.0000,-0.0461,0.0095,-0.0396
1774945495.7912,0.0000,0.0000,0.0000,0.0000,0.0000,-3.1276,-0.2067,0.0000,-0.0152,-0.0704,-0.0450
1774945495.8122,0.0000,0.0000,0.0000,0.0000,0.0000,-3.1239,-0.2036,0.0000,0.0381,-0.0672,-0.0450
1774945495.8317,0.0000,0.0000,0.0000,0.0000,0.0000,-3.1255,-0.2039,23.3810,0.0232,-0.0320,-0.0407
1774945495.8512,0.0000,0.0000,0.0000,0.0000,0.0000,-3.1262,-0.2030,0.0000,-0.0748,0.0095,-0.0343
1774945495.8713,0.0000,0.0000,0.0000,0.0000,0.0000,-3.1268,-0.2028,0.0000,-0.0312,0.0841,-0.0428
1774945495.8938,0.0000,0.0000,0.0000,0.0000,0.0000,-3.1282,-0.2038,0.0000,0.0136,0.0447,-0.0556
1774945495.9114,0.0000,0.0000,0.0000,0.0000,0.0000,-3.1282,-0.2040,-44.6556,0.0690,-0.0182,-0.0183
1774945495.9313,0.0000,0.0000,0.0000,0.0000,0.0000,-3.1272,-0.2045,20.3531,0.0860,0.0319,-0.0428
1774945495.9528,0.0000,0.0000,0.0000,0.0000,0.0000,-3.1271,-0.2058,-10.1419,-0.0109,0.0777,-0.0673
1774945495.9714,0.0000,0.0000,0.0000,0.0000,0.0000,-3.1293,-0.2069,-16.2296,-0.0621,0.0138,-0.0450
1774945495.9913,0.0000,0.0000,0.0000,0.0000,0.0000,-3.1268,-0.2060,-47.3894,0.0764,0.0074,-0.0482
1774945496.0115,0.0000,0.0000,0.0000,0.0000,0.0000,-3.1286,-0.2054,-12.9415,0.0327,-0.0555,-0.0183
1774945496.0312,0.0000,0.0000,0.0000,0.0000,0.0000,-3.1272,-0.2086,-15.8287,-0.0195,0.0532,-0.0407
1774945496.0513,0.0000,0.0000,0.0000,0.0000,0.0000,-3.1266,-0.2086,89.8605,0.0050,0.0755,-0.0535
1774945496.0713,0.0000,0.0000,0.0000,0.0000,0.0000,-3.1275,-0.2054,7.8672,0.0338,-0.1141,-0.0279
1774945496.0914,0.0000,0.0000,0.0000,0.0000,0.0000,-3.1258,-0.2031,-29.8676,0.0050,-0.1258,-0.0577
1774945496.1115,0.0000,0.0000,0.0000,0.0000,0.0000,-3.1276,-0.2009,2.3356,-0.0567,-0.0363,-0.0503
1774945496.1315,0.0000,0.0000,0.0000,0.0000,0.0000,-3.1291,-0.2004,-109.1468,-0.0024,0.0479,-0.0503
1774945496.1514,0.0000,0.0000,0.0000,0.0000,0.0000,-3.1298,-0.2025,20.2362,0.0157,0.1320,-0.0354
1774945496.1712,0.0000,0.0000,0.0000,0.0000,0.0000,-3.1308,-0.2010,94.3879,0.0136,-0.0352,-0.0503
1774945496.1913,0.0000,0.0000,0.0000,0.0000,0.0000,-3.1292,-0.1981,-15.7504,0.0487,-0.1428,-0.0620
1774945496.2112,0.0000,0.0000,0.0000,0.0000,0.0000,-3.1285,-0.1980,36.0879,0.0498,-0.0864,-0.0418
1774945496.2312,0.0000,0.0000,0.0000,0.0000,0.0000,-3.1288,-0.2001,-46.0965,0.0679,0.0489,-0.0066
1774945496.2514,0.0000,0.0000,0.0000,0.0000,0.0000,-3.1283,-0.2019,9.6697,0.0306,0.0862,-0.0045
1774945496.2712,0.0000,0.0000,0.0000,0.0000,0.0000,-3.1302,-0.2072,-64.1549,-0.0035,0.0969,-0.0482
1774945496.2912,0.0000,0.0000,0.0000,0.0000,0.0000,-3.1302,-0.2123,67.7025,-0.0621,0.0787,-0.0641
1774945496.3113,0.0000,0.0000,0.0000,0.0000,0.0000,-3.1279,-0.2126,97.7633,-0.0045,-0.0960,-0.0695
1774945496.3312,0.0000,0.0000,0.0000,0.0000,0.0000,-3.1267,-0.2133,-6.8259,0.0519,-0.1194,-0.0418
1774945496.3517,0.0000,0.0000,0.0000,0.0000,0.0000,-3.1281,-0.2154,31.5060,0.0029,-0.0523,-0.0300
1774945496.3715,0.0000,0.0000,0.0000,0.0000,0.0000,-3.1294,-0.2196,49.4600,-0.0237,0.0819,-0.0269
1774945496.3912,0.0000,0.0000,0.0000,0.0000,0.0000,-3.1311,-0.2236,-58.1553,-0.0120,0.0425,-0.0162
1774945496.4112,0.0000,0.0000,0.0000,0.0000,0.0000,-3.1320,-0.2248,-65.4558,0.0189,-0.0225,-0.0226
1774945496.4313,0.0000,0.0000,0.0000,0.0000,0.0000,-3.1325,-0.2245,-47.3236,0.0477,-0.1013,-0.0322
1774945496.4513,0.0000,0.0000,0.0000,0.0000,0.0000,-3.1329,-0.2269,-10.2197,0.0178,-0.0491,-0.0524
1774945496.4713,0.0000,0.0000,0.0000,0.0000,0.0000,-3.1338,-0.2300,13.8066,-0.0045,-0.0310,-0.0620
1774945496.4913,0.0000,0.0000,0.0000,0.0000,0.0000,-3.1316,-0.2307,-41.6408,0.0168,-0.1599,-0.0364
1774945496.5113,0.0000,0.0000,0.0000,0.0000,0.0000,-3.1297,-0.2313,90.6019,0.0839,-0.1162,-0.0428
1774945496.5313,0.0000,0.0000,0.0000,0.0000,0.0000,-3.1296,-0.2315,69.6825,0.0178,-0.1950,-0.0375
1774945496.5520,0.0000,0.0000,0.0000,0.0000,0.0000,-3.1322,-0.2317,-59.8890,-0.0631,-0.1514,-0.0418
1774945496.5712,0.0000,0.0000,0.0000,0.0000,0.0000,-3.1310,-0.2303,2.8877,0.0093,-0.2110,-0.0247
1774945496.5912,0.0000,0.0000,0.0000,0.0000,0.0000,-3.1289,-0.2276,-32.5331,0.0146,-0.2302,0.0083
1774945496.6113,0.0000,0.0000,0.0000,0.0000,0.0000,-3.1271,-0.2215,-6.9962,0.0370,-0.2451,-0.0194
1774945496.6312,0.0000,0.0000,0.0000,0.0000,0.0000,-3.1278,-0.2189,-17.7113,-0.0514,-0.1439,-0.0407
1774945496.6513,0.0000,0.0000,0.0000,0.0000,0.0000,-3.1274,-0.2161,5.7949,-0.0237,-0.0821,-0.0482
1774945496.6714,0.0000,0.0000,0.0000,0.0000,0.0000,-3.1264,-0.2146,-29.8702,0.0029,-0.0406,-0.0258
1774945496.6913,0.0000,0.0000,0.0000,0.0000,0.0000,-3.1251,-0.2134,-6.5201,0.0317,-0.0214,-0.0428
1774945496.7113,0.0000,0.0000,0.0000,0.0000,0.0000,-3.1287,-0.2135,-9.1464,-0.0535,0.0170,-0.0652
1774945496.7313,0.0000,0.0000,0.0000,0.0000,0.0000,-3.1313,-0.2115,17.6938,-0.0248,-0.0555,-0.0545
1774945496.7513,0.0000,0.0000,0.0000,0.0000,0.0000,-3.1293,-0.2103,-8.5563,0.0082,-0.0480,-0.0482
1774945496.7713,0.0000,0.0000,0.0000,0.0000,0.0000,-3.1281,-0.2112,-22.5642,0.0200,0.0329,-0.0279
1774945496.7913,0.0000,0.0000,0.0000,0.0000,0.0000,-3.1297,-0.2110,34.2331,-0.0045,0.0553,-0.0194
1774945496.8113,0.0000,0.0000,0.0000,0.0000,0.0000,-3.1286,-0.2153,-90.2924,-0.0195,0.1576,-0.0194
1774945496.8313,0.0000,0.0000,0.0000,0.0000,0.0000,-3.1284,-0.2220,-40.1842,0.0253,0.2257,-0.0290
1774945496.8514,0.0000,0.0000,0.0000,0.0000,0.0000,-3.1279,-0.2274,-65.8924,0.0402,0.1235,-0.0705
1774945496.8716,0.0000,0.0000,0.0000,0.0000,0.0000,-3.1292,-0.2308,0.4567,-0.0738,-0.0288,-0.0812
1774945496.8913,0.0000,0.0000,0.0000,0.0000,0.0000,-3.1299,-0.2306,9.2290,-0.0578,-0.1450,-0.0791
1774945496.9122,0.0000,0.0000,0.0000,0.0000,0.0000,-3.1303,-0.2320,-6.7285,0.0050,-0.0629,-0.0471
1774945496.9349,0.0000,0.0000,0.0000,0.0000,0.0000,-3.1289,-0.2317,4.0951,0.0381,-0.0970,-0.0183
1774945496.9513,0.0000,0.0000,0.0000,0.0000,0.0000,-3.1329,-0.2337,-20.0245,-0.0525,-0.0118,0.0168
1774945496.9717,0.0000,0.0000,0.0000,0.0000,0.0000,-3.1326,-0.2337,-18.5366,0.0136,-0.0043,0.0051
1774945496.9912,0.0000,0.0000,0.0000,0.0000,0.0000,-3.1332,-0.2329,44.2488,-0.0013,-0.0086,0.0040
1774945497.0113,0.0000,0.0000,0.0000,0.0000,0.0000,-3.1319,-0.2330,3.2922,0.0434,-0.0938,-0.0215
1774945497.0316,0.0000,0.0000,0.0000,0.0000,0.0000,-3.1336,-0.2341,22.8594,0.0232,-0.0789,-0.0396
1774945497.0513,0.0000,0.0000,0.0000,0.0000,0.0000,-3.1334,-0.2315,35.3445,0.0434,-0.1535,-0.0450
1774945497.0712,0.0000,0.0000,0.0000,0.0000,0.0000,-3.1325,-0.2279,11.4662,0.0381,-0.1652,-0.0482
1774945497.1002,0.0000,0.0000,0.0000,0.0000,0.0000,-3.1321,-0.2251,-34.4182,-0.0120,-0.1141,-0.0460
1774945497.1116,0.0000,0.0000,0.0000,0.0000,0.0000,-3.1303,-0.2222,7.8731,-0.0024,-0.0395,-0.0716
1774945497.1313,0.0000,0.0000,0.0000,0.0000,0.0000,-3.1307,-0.2202,12.3240,-0.0472,-0.0470,-0.0514
1774945497.1514,0.0000,0.0000,0.0000,0.0000,0.0000,-3.1297,-0.2171,38.0232,0.0338,-0.0555,-0.0194
1774945497.1720,0.0000,0.0000,0.0000,0.0000,0.0000,-3.1312,-0.2148,-53.3155,0.0221,0.0116,-0.0151
1774945497.1913,0.0000,0.0000,0.0000,0.0000,0.0000,-3.1321,-0.2132,-28.9266,-0.0045,-0.0565,-0.0087
1774945497.2116,0.0000,0.0000,0.0000,0.0000,0.0000,-3.1328,-0.2115,-45.4653,-0.0301,-0.0107,-0.0471
1774945497.2317,0.0000,0.0000,0.0000,0.0000,0.0000,-3.1315,-0.2103,-1.2677,-0.0333,0.0606,-0.0577
1774945497.2564,0.0000,0.0000,0.0000,0.0000,0.0000,-3.1309,-0.2085,-18.7905,-0.0525,0.0425,-0.0577
1774945497.2712,0.0000,0.0000,0.0000,0.0000,0.0000,-3.1316,-0.2089,-24.0655,0.0019,0.0606,-0.0364
1774945497.2914,0.0000,0.0000,0.0000,0.0000,0.0000,-3.1317,-0.2096,31.1396,0.0264,0.0990,-0.0322
1774945497.3113,0.0000,0.0000,0.0000,0.0000,0.0000,-3.1346,-0.2109,40.6613,-0.0227,0.1096,-0.0077
1774945497.3312,0.0000,0.0000,0.0000,0.0000,0.0000,-3.1344,-0.2126,-54.7358,0.0221,0.1139,-0.0151
1774945497.3514,0.0000,0.0000,0.0000,0.0000,0.0000,-3.1356,-0.2151,58.1127,0.0477,0.1373,0.0147
1774945497.3733,0.0000,0.0000,0.0000,0.0000,0.0000,-3.1351,-0.2184,38.3816,0.0722,0.1693,-0.0194
1774945497.3913,0.0000,0.0000,0.0000,0.0000,0.0000,-3.1374,-0.2222,14.7297,-0.0088,0.1054,-0.0194
1774945497.4112,0.0000,0.0000,0.0000,0.0000,0.0000,-3.1342,-0.2233,-5.6941,0.0146,0.0180,-0.0354
1774945497.4312,0.0000,0.0000,0.0000,0.0000,0.0000,-3.1352,-0.2248,-22.2855,-0.0386,0.0127,-0.0258
1774945497.4513,0.0000,0.0000,0.0000,0.0000,0.0000,-3.1313,-0.2259,-55.3314,0.0604,0.0170,-0.0386
1774945497.4713,0.0000,0.0000,0.0000,0.0000,0.0000,-3.1317,-0.2268,-9.0316,0.0338,0.0542,0.0062
1774945497.4915,0.0000,0.0000,0.0000,0.0000,0.0000,-3.1299,-0.2254,35.2604,0.0658,0.0106,-0.0119
1774945497.5120,0.0000,0.0000,0.0000,0.0000,0.0000,-3.1318,-0.2254,24.9128,-0.0035,0.0532,-0.0215
1774945497.5314,0.0000,0.0000,0.0000,0.0000,0.0000,-3.1309,-0.2249,-15.1410,0.0349,0.0415,-0.0407
1774945497.5513,0.0000,0.0000,0.0000,0.0000,0.0000,-3.1286,-0.2249,-12.2988,0.0125,-0.0257,-0.0588
1774945497.5712,0.0000,0.0000,0.0000,0.0000,0.0000,-3.1280,-0.2233,-52.8065,-0.0482,-0.0864,-0.0599
1774945497.5912,0.0000,0.0000,0.0000,0.0000,0.0000,-3.1260,-0.2213,-9.2273,-0.0546,-0.1109,-0.0556
1774945497.6113,0.0000,0.0000,0.0000,0.0000,0.0000,-3.1258,-0.2195,-6.6486,0.0221,-0.0896,-0.0354
1774945497.6324,0.0000,0.0000,0.0000,0.0000,0.0000,-3.1272,-0.2187,44.0085,0.0370,-0.0374,0.0104
1774945497.6513,0.0000,0.0000,0.0000,0.0000,0.0000,-3.1300,-0.2189,36.2448,0.0349,-0.0107,0.0296
1774945497.6712,0.0000,0.0000,0.0000,0.0000,0.0000,-3.1300,-0.2188,9.5333,0.0445,0.0148,0.0126
1774945497.6914,0.0000,0.0000,0.0000,0.0000,0.0000,-3.1327,-0.2191,10.2530,0.0136,-0.0065,-0.0002
1774945497.7113,0.0000,0.0000,0.0000,0.0000,0.0000,-3.1313,-0.2192,-24.9499,0.0168,-0.0416,-0.0460
1774945497.7313,0.0000,0.0000,0.0000,0.0000,0.0000,-3.1310,-0.2185,-94.8533,-0.0045,-0.0555,-0.0503
1774945497.7512,0.0000,0.0000,0.0000,0.0000,0.0000,-3.1304,-0.2199,-41.6307,0.0221,0.0223,-0.0460
1774945497.7712,0.0000,0.0000,0.0000,0.0000,0.0000,-3.1316,-0.2204,18.7647,-0.0141,0.0404,-0.0386
1774945497.7913,0.0000,0.0000,0.0000,0.0000,0.0000,-3.1295,-0.2233,26.4680,0.0434,0.1288,-0.0226
1774945497.8112,0.0000,0.0000,0.0000,0.0000,0.0000,-3.1303,-0.2233,98.1252,0.0274,0.0415,0.0115
1774945497.8313,0.0000,0.0000,0.0000,0.0000,0.0000,-3.1290,-0.2194,-33.4926,0.0381,-0.1162,-0.0237
1774945497.8512,0.0000,0.0000,0.0000,0.0000,0.0000,-3.1301,-0.2178,-24.7259,-0.0173,0.0052,-0.0577
1774945497.8713,0.0000,0.0000,0.0000,0.0000,0.0000,-3.1284,-0.2165,42.1433,-0.0152,0.0692,-0.0822
1774945497.8912,0.0000,0.0000,0.0000,0.0000,0.0000,-3.1295,-0.2140,-54.5363,-0.0248,0.0361,-0.0727
1774945497.9112,0.0000,0.0000,0.0000,0.0000,0.0000,-3.1288,-0.2125,-51.6166,0.0370,0.0095,-0.0577
1774945497.9315,0.0000,0.0000,0.0000,0.0000,0.0000,-3.1314,-0.2088,-33.4769,-0.0056,-0.0459,-0.0375
1774945497.9513,0.0000,0.0000,0.0000,0.0000,0.0000,-3.1321,-0.2039,-38.7531,0.0008,-0.0896,-0.0354
1774945497.9712,0.0000,0.0000,0.0000,0.0000,0.0000,-3.1323,-0.2001,-26.5827,0.0200,0.0063,-0.0503
1774945497.9917,0.0000,0.0000,0.0000,0.0000,0.0000,-3.1317,-0.1974,-5.7397,0.0295,0.0170,-0.0290
1774945498.0113,0.0000,0.0000,0.0000,0.0000,0.0000,-3.1317,-0.2022,-14.5437,0.0636,0.1650,0.0019
1774945498.0314,0.0000,0.0000,0.0000,0.0000,0.0000,-3.1329,-0.2092,19.7536,0.0615,0.1682,0.0147
1774945498.0513,0.0000,0.0000,0.0000,0.0000,0.0000,-3.1325,-0.2149,-30.6313,0.0210,0.0660,-0.0183
1774945498.0713,0.0000,0.0000,0.0000,0.0000,0.0000,-3.1304,-0.2193,33.6009,0.0253,0.0468,-0.0407
1774945498.0915,0.0000,0.0000,0.0000,0.0000,0.0000,-3.1278,-0.2225,41.8948,0.0008,0.0436,-0.0577
1774945498.1113,0.0000,0.0000,0.0000,0.0000,0.0000,-3.1255,-0.2253,40.3469,0.0402,0.0681,-0.0524
1774945498.1314,0.0000,0.0000,0.0000,0.0000,0.0000,-3.1227,-0.2259,0.0000,0.0903,-0.0012,-0.0024
1774945498.1513,0.0000,0.0000,0.0000,0.0000,0.0000,-3.1234,-0.2293,-3.2761,0.0498,0.0276,-0.0013
1774945498.1713,0.0000,0.0000,0.0000,0.0000,0.0000,-3.1240,-0.2323,0.0000,-0.0237,0.0787,-0.0024
1774945498.1913,0.0000,0.0000,0.0000,0.0000,0.0000,-3.1237,-0.2334,0.0000,-0.0109,0.0372,-0.0418
1774945498.2114,0.0000,0.0000,0.0000,0.0000,0.0000,-3.1253,-0.2321,0.0000,-0.0301,-0.1343,-0.0471
1774945498.2313,0.0000,0.0000,0.0000,0.0000,0.0000,-3.1261,-0.2297,0.0000,-0.0450,-0.2036,-0.0599
1774945498.2513,0.0000,0.0000,0.0000,0.0000,0.0000,-3.1251,-0.2268,0.0000,-0.0653,-0.1993,-0.0727
1774945498.2721,0.0000,0.0000,0.0000,0.0000,0.0000,-3.1253,-0.2264,0.0000,-0.0461,-0.1386,-0.0364
1774945498.2913,0.0000,0.0000,0.0000,0.0000,0.0000,-3.1258,-0.2216,0.0000,-0.0131,-0.1322,-0.0141
1774945498.3113,0.0000,0.0000,0.0000,0.0000,0.0000,-3.1269,-0.2227,0.0000,0.0295,-0.1151,0.0126
1774945498.3313,0.0000,0.0000,0.0000,0.0000,0.0000,-3.1307,-0.2186,0.0000,-0.0557,-0.1055,-0.0269
1774945498.3513,0.0000,0.0000,0.0000,0.0000,0.0000,-3.1322,-0.2182,0.0000,-0.1132,-0.0672,-0.0759
1774945498.3713,0.0000,0.0000,0.0000,0.0000,0.0000,-3.1299,-0.2145,0.0000,-0.0450,-0.1652,-0.0684
1774945498.3913,0.0000,0.0000,0.0000,0.0000,0.0000,-3.1296,-0.2146,0.0000,0.0125,-0.0608,-0.0482
1774945498.4112,0.0000,0.0000,0.0000,0.0000,0.0000,-3.1306,-0.2136,-12.1931,-0.0780,-0.0150,-0.0620
1774945498.4315,0.0000,0.0000,0.0000,0.0000,0.0000,-3.1331,-0.2155,18.2571,0.0019,0.0596,-0.0279
1774945498.4515,0.0000,0.0000,0.0000,0.0000,0.0000,-3.1314,-0.2153,13.6965,0.0881,0.0031,0.0168
1774945498.4713,0.0000,0.0000,0.0000,0.0000,0.0000,-3.1302,-0.2154,0.0000,0.1009,0.0170,-0.0066
1774945498.4914,0.0000,0.0000,0.0000,0.0000,0.0000,-3.1313,-0.2168,37.1368,-0.0269,0.0138,-0.0300
1774945498.5113,0.0000,0.0000,0.0000,0.0000,0.0000,-3.1332,-0.2163,71.1208,-0.0237,0.0500,-0.0386
1774945498.5314,0.0000,0.0000,0.0000,0.0000,0.0000,-3.1291,-0.2175,0.0000,-0.0003,0.0670,-0.0482
1774945498.5513,0.0000,0.0000,0.0000,0.0000,0.0000,-3.1272,-0.2170,9.3091,0.0019,0.0170,-0.0652
1774945498.5714,0.0000,0.0000,0.0000,0.0000,0.0000,-3.1273,-0.2190,68.4498,-0.0280,0.0415,-0.0386
1774945498.5916,0.0000,0.0000,0.0000,0.0000,0.0000,-3.1278,-0.2221,-99.9867,0.0274,0.0191,-0.0226
1774945498.6113,0.0000,0.0000,0.0000,0.0000,0.0000,-3.1277,-0.2251,-37.0951,0.0253,0.0553,0.0019
1774945498.6314,0.0000,0.0000,0.0000,0.0000,0.0000,-3.1267,-0.2237,-9.0839,0.0349,-0.0416,-0.0034
1774945498.6514,0.0000,0.0000,0.0000,0.0000,0.0000,-3.1270,-0.2238,93.0909,-0.0621,-0.0097,-0.0311
1774945498.6713,0.0000,0.0000,0.0000,0.0000,0.0000,-3.1254,-0.2212,84.6988,-0.0429,-0.0416,-0.0514
1774945498.6913,0.0000,0.0000,0.0000,0.0000,0.0000,-3.1254,-0.2205,28.7664,-0.0258,0.0095,-0.0535
1774945498.7112,0.0000,0.0000,0.0000,0.0000,0.0000,-3.1249,-0.2207,37.3723,0.0455,-0.0864,-0.0279
1774945498.7314,0.0000,0.0000,0.0000,0.0000,0.0000,-3.1257,-0.2206,44.7019,0.0359,-0.0331,-0.0279
1774945498.7516,0.0000,0.0000,0.0000,0.0000,0.0000,-3.1268,-0.2180,6.4230,0.0498,-0.0779,-0.0162
1774945498.7713,0.0000,0.0000,0.0000,0.0000,0.0000,-3.1257,-0.2180,-25.9187,0.0445,0.0329,-0.0183
1774945498.7913,0.0000,0.0000,0.0000,0.0000,0.0000,-3.1248,-0.2162,-76.4594,0.0690,0.0628,0.0030
1774945498.8113,0.0000,0.0000,0.0000,0.0000,0.0000,-3.1235,-0.2155,-8.1030,0.0413,0.0777,-0.0237
1774945498.8314,0.0000,0.0000,0.0000,0.0000,0.0000,-3.1244,-0.2158,24.4774,-0.0322,0.0787,-0.0322
1774945498.8513,0.0000,0.0000,0.0000,0.0000,0.0000,-3.1240,-0.2173,53.5629,-0.0557,0.0915,-0.0641
1774945498.8712,0.0000,0.0000,0.0000,0.0000,0.0000,-3.1240,-0.2180,63.1158,-0.0642,0.0159,-0.0545
1774945498.8917,0.0000,0.0000,0.0000,0.0000,0.0000,-3.1228,-0.2166,-37.4582,-0.0067,-0.1034,-0.0556
1774945498.9113,0.0000,0.0000,0.0000,0.0000,0.0000,-3.1215,-0.2164,-26.1125,-0.0525,-0.0320,-0.0471
1774945498.9313,0.0000,0.0000,0.0000,0.0000,0.0000,-3.1212,-0.2159,-16.4621,-0.0248,0.0276,-0.0269
1774945498.9515,0.0000,0.0000,0.0000,0.0000,0.0000,-3.1202,-0.2163,-5.7631,-0.0045,0.0564,-0.0205
1774945498.9727,0.0000,0.0000,0.0000,0.0000,0.0000,-3.1217,-0.2152,-13.7999,-0.0216,-0.0118,-0.0151
1774945498.9924,0.0000,0.0000,0.0000,0.0000,0.0000,-3.1246,-0.2135,-15.8287,0.0008,-0.0043,-0.0066
1774945499.0113,0.0000,0.0000,0.0000,0.0000,0.0000,-3.1266,-0.2130,-31.5624,0.0509,-0.0257,-0.0386
1774945499.0313,0.0000,0.0000,0.0000,0.0000,0.0000,-3.1309,-0.2130,18.9412,-0.0184,0.0361,-0.0439
1774945499.0513,0.0000,0.0000,0.0000,0.0000,0.0000,-3.1314,-0.2098,8.1451,0.0285,-0.0065,-0.0822
1774945499.0713,0.0000,0.0000,0.0000,0.0000,0.0000,-3.1313,-0.2061,64.6003,0.0413,-0.0097,-0.0812
1774945499.0917,0.0000,0.0000,0.0000,0.0000,0.0000,-3.1308,-0.2037,6.3397,0.0008,0.0479,-0.0865
1774945499.1113,0.0000,0.0000,0.0000,0.0000,0.0000,-3.1313,-0.2009,18.8125,-0.0205,0.0255,-0.0258
1774945499.1313,0.0000,0.0000,0.0000,0.0000,0.0000,-3.1308,-0.1974,7.4275,0.0754,-0.0086,0.0253
1774945499.1513,0.0000,0.0000,0.0000,0.0000,0.0000,-3.1289,-0.1983,21.5525,0.0796,0.1725,0.0147
1774945499.1713,0.0000,0.0000,0.0000,0.0000,0.0000,-3.1277,-0.2004,9.0740,0.0764,0.2226,-0.0119
1774945499.1914,0.0000,0.0000,0.0000,0.0000,0.0000,-3.1277,-0.2041,-95.1938,0.0274,0.1981,-0.0354
1774945499.2115,0.0000,0.0000,0.0000,0.0000,0.0000,-3.1255,-0.2094,27.6915,0.0668,0.1608,-0.0599
1774945499.2315,0.0000,0.0000,0.0000,0.0000,0.0000,-3.1243,-0.2134,44.5984,0.0317,0.0692,-0.0322
1774945499.2512,0.0000,0.0000,0.0000,0.0000,0.0000,-3.1224,-0.2201,-65.7791,0.0136,0.1522,-0.0439
1774945499.2712,0.0000,0.0000,0.0000,0.0000,0.0000,-3.1231,-0.2242,-8.8356,0.0551,0.0713,-0.0119
1774945499.2913,0.0000,0.0000,0.0000,0.0000,0.0000,-3.1215,-0.2253,10.1874,0.1094,-0.0512,0.0040
1774945499.3113,0.0000,0.0000,0.0000,0.0000,0.0000,-3.1224,-0.2257,-81.7933,0.0796,-0.0491,-0.0055
1774945499.3313,0.0000,0.0000,0.0000,0.0000,0.0000,-3.1215,-0.2276,64.6326,0.0242,-0.0022,-0.0343
1774945499.3514,0.0000,0.0000,0.0000,0.0000,0.0000,-3.1200,-0.2270,36.8502,-0.0227,-0.0363,-0.0652
1774945499.3713,0.0000,0.0000,0.0000,0.0000,0.0000,-3.1197,-0.2258,40.0883,-0.0983,-0.0416,-0.0663
1774945499.3913,0.0000,0.0000,0.0000,0.0000,0.0000,-3.1180,-0.2244,16.6527,-0.0472,-0.0448,-0.0641
1774945499.4113,0.0000,0.0000,0.0000,0.0000,0.0000,-3.1185,-0.2222,-12.8028,-0.0099,-0.0981,-0.0183
1774945499.4312,0.0000,0.0000,0.0000,0.0000,0.0000,-3.1187,-0.2185,-2.0597,0.0146,-0.1087,-0.0354
1774945499.4518,0.0000,0.0000,0.0000,0.0000,0.0000,-3.1213,-0.2139,50.6122,-0.0067,-0.1098,-0.0545
1774945499.4713,0.0000,0.0000,0.0000,0.0000,0.0000,-3.1222,-0.2121,14.3439,-0.0280,-0.0438,-0.0588
1774945499.4920,0.0000,0.0000,0.0000,0.0000,0.0000,-3.1249,-0.2107,37.2087,-0.1143,0.0297,-0.0695
1774945499.5113,0.0000,0.0000,0.0000,0.0000,0.0000,-3.1246,-0.2087,11.9362,-0.0908,-0.0374,-0.0918
1774945499.5313,0.0000,0.0000,0.0000,0.0000,0.0000,-3.1265,-0.2077,-38.3396,-0.0610,-0.0821,-0.0524
1774945499.5513,0.0000,0.0000,0.0000,0.0000,0.0000,-3.1268,-0.2104,-25.5567,-0.0152,-0.0267,-0.0173
1774945499.5713,0.0000,0.0000,0.0000,0.0000,0.0000,-3.1306,-0.2138,-8.1829,-0.0631,0.0319,-0.0002
1774945499.5913,0.0000,0.0000,0.0000,0.0000,0.0000,-3.1320,-0.2175,-7.0810,-0.0354,0.0212,0.0030
1774945499.6113,0.0000,0.0000,0.0000,0.0000,0.0000,-3.1335,-0.2201,1.9642,-0.0088,-0.0129,0.0094
1774945499.6393,0.0000,0.0000,0.0000,0.0000,0.0000,-3.1339,-0.2206,-33.1341,0.0466,-0.0523,-0.0130
1774945499.6513,0.0000,0.0000,0.0000,0.0000,0.0000,-3.1355,-0.2217,44.8582,0.0136,-0.0523,-0.0247
1774945499.6713,0.0000,0.0000,0.0000,0.0000,0.0000,-3.1349,-0.2236,6.1441,0.0764,0.0479,-0.0503
1774945499.6913,0.0000,0.0000,0.0000,0.0000,0.0000,-3.1320,-0.2273,44.8378,0.0562,0.0606,-0.0375
1774945499.7112,0.0000,0.0000,0.0000,0.0000,0.0000,-3.1314,-0.2317,-55.7052,0.0391,0.0233,-0.0311
1774945499.7314,0.0000,0.0000,0.0000,0.0000,0.0000,-3.1298,-0.2346,-40.5352,0.0050,-0.0438,-0.0737
1774945499.7513,0.0000,0.0000,0.0000,0.0000,0.0000,-3.1284,-0.2346,-15.0265,0.0434,-0.1300,-0.0439
1774945499.7713,0.0000,0.0000,0.0000,0.0000,0.0000,-3.1295,-0.2317,71.7256,0.0903,-0.1822,0.0147
1774945499.7913,0.0000,0.0000,0.0000,0.0000,0.0000,-3.1286,-0.2276,3.3505,0.0636,-0.2046,0.0040
1774945499.8113,0.0000,0.0000,0.0000,0.0000,0.0000,-3.1268,-0.2244,51.0346,0.0146,-0.0938,-0.0258
1774945499.8312,0.0000,0.0000,0.0000,0.0000,0.0000,-3.1246,-0.2225,12.4786,0.0200,-0.0800,-0.0386
1774945499.8513,0.0000,0.0000,0.0000,0.0000,0.0000,-3.1251,-0.2174,-59.4071,0.0050,-0.1727,-0.0354
1774945499.8713,0.0000,0.0000,0.0000,0.0000,0.0000,-3.1254,-0.2162,-66.3953,-0.0056,-0.0139,-0.0503
1774945499.8915,0.0000,0.0000,0.0000,0.0000,0.0000,-3.1269,-0.2148,44.8263,-0.0376,-0.0502,-0.0215
1774945499.9113,0.0000,0.0000,0.0000,0.0000,0.0000,-3.1262,-0.2154,-59.0205,0.0029,-0.0448,-0.0098
1774945499.9313,0.0000,0.0000,0.0000,0.0000,0.0000,-3.1259,-0.2187,30.9941,0.0434,0.0596,0.0030
1774945499.9512,0.0000,0.0000,0.0000,0.0000,0.0000,-3.1242,-0.2202,53.4106,0.0509,0.0287,-0.0024
1774945499.9714,0.0000,0.0000,0.0000,0.0000,0.0000,-3.1271,-0.2209,-44.2273,0.0210,-0.0938,-0.0109
1774945499.9913,0.0000,0.0000,0.0000,0.0000,0.0000,-3.1261,-0.2222,74.8362,0.0082,-0.0608,-0.0492
1774945500.0113,0.0000,0.0000,0.0000,0.0000,0.0000,-3.1265,-0.2215,24.5221,0.0232,-0.0661,-0.0322
1774945500.0313,0.0000,0.0000,0.0000,0.0000,0.0000,-3.1260,-0.2235,-51.7619,0.0008,-0.0043,-0.0194
1774945500.0512,0.0000,0.0000,0.0000,0.0000,0.0000,-3.1256,-0.2246,-5.9191,0.0274,0.0404,-0.0151
1774945500.0713,0.0000,0.0000,0.0000,0.0000,0.0000,-3.1255,-0.2227,-26.4049,0.0562,0.0010,-0.0205
1774945500.0913,0.0000,0.0000,0.0000,0.0000,0.0000,-3.1272,-0.2216,23.5834,0.0338,-0.0097,-0.0034
1774945500.1115,0.0000,0.0000,0.0000,0.0000,0.0000,-3.1282,-0.2212,-21.2648,0.0636,0.0404,-0.0194
1774945500.1312,0.0000,0.0000,0.0000,0.0000,0.0000,-3.1278,-0.2212,-26.0480,0.0061,0.0489,-0.0514
1774945500.1513,0.0000,0.0000,0.0000,0.0000,0.0000,-3.1273,-0.2205,-47.9955,-0.0685,-0.0097,-0.0727
1774945500.1713,0.0000,0.0000,0.0000,0.0000,0.0000,-3.1264,-0.2185,38.1060,-0.0312,-0.0054,-0.0982
1774945500.1915,0.0000,0.0000,0.0000,0.0000,0.0000,-3.1250,-0.2135,13.9827,0.0093,-0.1173,-0.0577
1774945500.2113,0.0000,0.0000,0.0000,0.0000,0.0000,-3.1229,-0.2115,31.2191,0.0519,-0.0374,-0.0258
1774945500.2332,0.0000,0.0000,0.0000,0.0000,0.0000,-3.1242,-0.2082,13.6588,-0.0003,0.0425,-0.0258
1774945500.2513,0.0000,0.0000,0.0000,0.0000,0.0000,-3.1254,-0.2053,7.9441,-0.0333,0.0468,-0.0290
1774945500.2713,0.0000,0.0000,0.0000,0.0000,0.0000,-3.1244,-0.2034,-50.3066,0.0285,0.0319,-0.0332
1774945500.2914,0.0000,0.0000,0.0000,0.0000,0.0000,-3.1255,-0.2051,-1.5136,-0.0184,0.0734,-0.0567
1774945500.3116,0.0000,0.0000,0.0000,0.0000,0.0000,-3.1277,-0.2044,-46.8394,-0.0514,-0.0054,-0.0620
1774945500.3313,0.0000,0.0000,0.0000,0.0000,0.0000,-3.1286,-0.2072,-14.1890,-0.0599,0.0915,-0.0535
1774945500.3513,0.0000,0.0000,0.0000,0.0000,0.0000,-3.1284,-0.2117,37.3555,-0.0024,0.1714,-0.0205
1774945500.3713,0.0000,0.0000,0.0000,0.0000,0.0000,-3.1286,-0.2128,-18.8934,0.0221,0.0553,-0.0247
1774945500.3918,0.0000,0.0000,0.0000,0.0000,0.0000,-3.1285,-0.2146,-24.7803,0.0093,-0.0374,-0.0173
1774945500.4113,0.0000,0.0000,0.0000,0.0000,0.0000,-3.1304,-0.2193,35.0056,-0.0269,0.0819,-0.0354
1774945500.4313,0.0000,0.0000,0.0000,0.0000,0.0000,-3.1295,-0.2229,107.5756,-0.0013,0.0510,-0.0215
1774945500.4512,0.0000,0.0000,0.0000,0.0000,0.0000,-3.1292,-0.2253,78.9181,0.0104,-0.0384,-0.0215
1774945500.4712,0.0000,0.0000,0.0000,0.0000,0.0000,-3.1296,-0.2266,-53.9211,0.0050,-0.0384,-0.0354
1774945500.4912,0.0000,0.0000,0.0000,0.0000,0.0000,-3.1310,-0.2293,105.5807,-0.0205,-0.0225,-0.0354
1774945500.5113,0.0000,0.0000,0.0000,0.0000,0.0000,-3.1301,-0.2301,-113.3335,-0.0131,-0.0533,-0.0418
1774945500.5313,0.0000,0.0000,0.0000,0.0000,0.0000,-3.1291,-0.2306,57.4726,0.0082,0.0031,-0.0364
1774945500.5513,0.0000,0.0000,0.0000,0.0000,0.0000,-3.1282,-0.2269,-9.4972,-0.0003,-0.0949,-0.0386
1774945500.5713,0.0000,0.0000,0.0000,0.0000,0.0000,-3.1284,-0.2229,-59.5830,0.0264,-0.1673,-0.0237
1774945500.5913,0.0000,0.0000,0.0000,0.0000,0.0000,-3.1271,-0.2202,-112.8998,0.0828,-0.1396,-0.0151
1774945500.6113,0.0000,0.0000,0.0000,0.0000,0.0000,-3.1292,-0.2186,16.7359,0.0466,-0.0896,-0.0109
1774945500.6314,0.0000,0.0000,0.0000,0.0000,0.0000,-3.1291,-0.2160,5.9362,-0.0013,-0.1545,-0.0450
1774945500.6514,0.0000,0.0000,0.0000,0.0000,0.0000,-3.1301,-0.2144,-20.2944,-0.0685,-0.1034,-0.0428
1774945500.6713,0.0000,0.0000,0.0000,0.0000,0.0000,-3.1296,-0.2130,10.0137,-0.0045,-0.0629,-0.0343
1774945500.6914,0.0000,0.0000,0.0000,0.0000,0.0000,-3.1298,-0.2121,0.0000,-0.0003,-0.0288,-0.0087
1774945500.7114,0.0000,0.0000,0.0000,0.0000,0.0000,-3.1293,-0.2119,0.0000,0.0295,-0.0022,-0.0130
1774945500.7313,0.0000,0.0000,0.0000,0.0000,0.0000,-3.1314,-0.2105,0.0000,0.0178,0.0489,0.0019
1774945500.7514,0.0000,0.0000,0.0000,0.0000,0.0000,-3.1300,-0.2104,0.0000,0.0945,0.0212,-0.0194
1774945500.7713,0.0000,0.0000,0.0000,0.0000,0.0000,-3.1305,-0.2112,0.0000,0.0200,0.0031,-0.0258
1774945500.7914,0.0000,0.0000,0.0000,0.0000,0.0000,-3.1302,-0.2116,-8.5581,-0.0834,-0.0310,-0.0652
1774945500.8116,0.0000,0.0000,0.0000,0.0000,0.0000,-3.1308,-0.2133,-5.4236,-0.0748,-0.0118,-0.0716
1774945500.8313,0.0000,0.0000,0.0000,0.0000,0.0000,-3.1284,-0.2162,0.0000,0.0423,-0.0043,-0.0290
1774945500.8513,0.0000,0.0000,0.0000,0.0000,0.0000,-3.1284,-0.2158,0.0000,0.0860,0.0191,0.0104
1774945500.8713,0.0000,0.0000,0.0000,0.0000,0.0000,-3.1311,-0.2145,0.0000,-0.0045,0.0042,0.0232
1774945500.8931,0.0000,0.0000,0.0000,0.0000,0.0000,-3.1335,-0.2162,0.0000,-0.0045,0.0638,-0.0002
1774945500.9113,0.0000,0.0000,0.0000,0.0000,0.0000,-3.1326,-0.2170,0.0000,0.0295,0.0766,-0.0119
1774945500.9314,0.0000,0.0000,0.0000,0.0000,0.0000,-3.1334,-0.2190,0.0000,0.0019,0.0393,-0.0364
1774945500.9516,0.0000,0.0000,0.0000,0.0000,0.0000,-3.1327,-0.2196,-19.0951,-0.0088,0.0159,-0.0663
1774945500.9712,0.0000,0.0000,0.0000,0.0000,0.0000,-3.1337,-0.2200,36.4483,0.0008,0.0159,-0.0375
1774945500.9913,0.0000,0.0000,0.0000,0.0000,0.0000,-3.1335,-0.2205,0.0000,0.0264,0.0521,-0.0428
1774945501.0113,0.0000,0.0000,0.0000,0.0000,0.0000,-3.1321,-0.2243,0.0000,0.0572,0.0319,-0.0173
1774945501.0323,0.0000,0.0000,0.0000,0.0000,0.0000,-3.1317,-0.2277,0.0000,0.0104,0.0468,-0.0141
1774945501.0513,0.0000,0.0000,0.0000,0.0000,0.0000,-3.1315,-0.2298,-46.0833,0.0285,-0.0565,-0.0109
1774945501.0713,0.0000,0.0000,0.0000,0.0000,0.0000,-3.1307,-0.2324,0.0000,-0.0152,-0.0182,-0.0460
1774945501.0914,0.0000,0.0000,0.0000,0.0000,0.0000,-3.1285,-0.2330,0.0000,0.0050,-0.0842,-0.0162
1774945501.1113,0.0000,0.0000,0.0000,0.0000,0.0000,-3.1296,-0.2303,150.6317,-0.0088,-0.0896,-0.0194
1774945501.1324,0.0000,0.0000,0.0000,0.0000,0.0000,-3.1284,-0.2260,0.8106,-0.0322,-0.1620,-0.0332
1774945501.1514,0.0000,0.0000,0.0000,0.0000,0.0000,-3.1290,-0.2211,10.3982,-0.0525,-0.1183,-0.0279
1774945501.1713,0.0000,0.0000,0.0000,0.0000,0.0000,-3.1272,-0.2162,-83.0705,-0.0045,-0.0992,-0.0705
1774945501.1914,0.0000,0.0000,0.0000,0.0000,0.0000,-3.1277,-0.2135,-30.7796,0.0413,-0.0075,-0.0396
1774945501.2123,0.0000,0.0000,0.0000,0.0000,0.0000,-3.1287,-0.2099,-28.8267,0.0317,-0.0054,-0.0545
1774945501.2314,0.0000,0.0000,0.0000,0.0000,0.0000,-3.1295,-0.2062,-44.6406,-0.0013,-0.0715,-0.0652
1774945501.2514,0.0000,0.0000,0.0000,0.0000,0.0000,-3.1295,-0.2024,49.2869,-0.0067,0.0010,-0.0631
1774945501.2714,0.0000,0.0000,0.0000,0.0000,0.0000,-3.1297,-0.1995,42.5745,-0.0067,0.0265,-0.0482
1774945501.2913,0.0000,0.0000,0.0000,0.0000,0.0000,-3.1301,-0.1983,-14.6309,-0.0216,0.0734,-0.0663
1774945501.3113,0.0000,0.0000,0.0000,0.0000,0.0000,-3.1318,-0.1980,-21.3735,0.0019,0.0894,-0.0428
1774945501.3319,0.0000,0.0000,0.0000,0.0000,0.0000,-3.1329,-0.1973,-51.3837,0.0264,0.1427,-0.0269
1774945501.3513,0.0000,0.0000,0.0000,0.0000,0.0000,-3.1317,-0.1986,-5.0934,0.0999,0.1448,-0.0109
1774945501.3714,0.0000,0.0000,0.0000,0.0000,0.0000,-3.1302,-0.1994,-17.1591,0.0189,0.2236,-0.0439
1774945501.3914,0.0000,0.0000,0.0000,0.0000,0.0000,-3.1312,-0.2021,36.8921,-0.0120,0.2534,-0.0482
1774945501.4114,0.0000,0.0000,0.0000,0.0000,0.0000,-3.1304,-0.2047,40.9531,0.0189,0.2822,-0.0386
1774945501.4313,0.0000,0.0000,0.0000,0.0000,0.0000,-3.1302,-0.2069,-78.0649,0.0455,0.2343,-0.0535
1774945501.4513,0.0000,0.0000,0.0000,0.0000,0.0000,-3.1306,-0.2083,74.4738,-0.0045,0.1682,-0.0727
1774945501.4713,0.0000,0.0000,0.0000,0.0000,0.0000,-3.1336,-0.2105,21.2286,-0.0748,0.1352,-0.0759
1774945501.4913,0.0000,0.0000,0.0000,0.0000,0.0000,-3.1316,-0.2166,27.1915,0.0189,0.1895,-0.0311
1774945501.5113,0.0000,0.0000,0.0000,0.0000,0.0000,-3.1325,-0.2210,-134.3036,0.0242,0.1427,0.0179
1774945501.5313,0.0000,0.0000,0.0000,0.0000,0.0000,-3.1329,-0.2237,-58.1213,0.0019,0.0734,0.0072
1774945501.5514,0.0000,0.0000,0.0000,0.0000,0.0000,-3.1345,-0.2242,-52.7377,-0.0109,-0.0097,-0.0034
1774945501.5717,0.0000,0.0000,0.0000,0.0000,0.0000,-3.1335,-0.2247,0.5721,0.0040,-0.0416,-0.0396
1774945501.5914,0.0000,0.0000,0.0000,0.0000,0.0000,-3.1336,-0.2252,-36.9660,0.0125,0.0287,-0.0641
1774945501.6113,0.0000,0.0000,0.0000,0.0000,0.0000,-3.1357,-0.2279,35.9328,0.0200,0.0521,-0.0471
1774945501.6313,0.0000,0.0000,0.0000,0.0000,0.0000,-3.1346,-0.2308,4.6049,0.0636,-0.0629,-0.0364
1774945501.6513,0.0000,0.0000,0.0000,0.0000,0.0000,-3.1344,-0.2311,14.9790,0.0732,-0.2004,-0.0482
1774945501.6713,0.0000,0.0000,0.0000,0.0000,0.0000,-3.1348,-0.2273,-1.8209,0.0498,-0.2941,-0.0407
1774945501.6914,0.0000,0.0000,0.0000,0.0000,0.0000,-3.1336,-0.2241,-28.8835,0.0604,-0.2909,-0.0237
1774945501.7112,0.0000,0.0000,0.0000,0.0000,0.0000,-3.1312,-0.2212,-48.0870,0.0445,-0.2547,-0.0055
1774945501.7314,0.0000,0.0000,0.0000,0.0000,0.0000,-3.1304,-0.2185,55.7207,0.0019,-0.2014,-0.0077
1774945501.7513,0.0000,0.0000,0.0000,0.0000,0.0000,-3.1294,-0.2151,-18.2145,-0.0184,-0.2238,-0.0375
1774945501.7715,0.0000,0.0000,0.0000,0.0000,0.0000,-3.1289,-0.2120,60.3817,-0.0482,-0.2121,-0.0332
1774945501.7914,0.0000,0.0000,0.0000,0.0000,0.0000,-3.1273,-0.2082,-0.2843,0.0466,-0.1844,-0.0119
1774945501.8117,0.0000,0.0000,0.0000,0.0000,0.0000,-3.1285,-0.2070,6.4345,-0.0301,-0.1151,-0.0396
1774945501.8313,0.0000,0.0000,0.0000,0.0000,0.0000,-3.1281,-0.2045,-19.9675,-0.0131,-0.0512,-0.0119
1774945501.8513,0.0000,0.0000,0.0000,0.0000,0.0000,-3.1285,-0.2037,6.9612,0.0381,0.0297,-0.0269
1774945501.8713,0.0000,0.0000,0.0000,0.0000,0.0000,-3.1275,-0.2019,43.3807,0.0626,-0.0161,-0.0524
1774945501.8913,0.0000,0.0000,0.0000,0.0000,0.0000,-3.1288,-0.2000,3.2891,-0.0461,-0.0320,-0.0822
1774945501.9112,0.0000,0.0000,0.0000,0.0000,0.0000,-3.1302,-0.1975,-113.0086,-0.0759,-0.0033,-0.0791
1774945501.9315,0.0000,0.0000,0.0000,0.0000,0.0000,-3.1308,-0.1976,-61.2878,0.0082,0.0979,-0.0460
1774945501.9514,0.0000,0.0000,0.0000,0.0000,0.0000,-3.1314,-0.1984,47.1144,0.0221,0.1576,-0.0279
1774945501.9713,0.0000,0.0000,0.0000,0.0000,0.0000,-3.1320,-0.2020,21.8118,0.0242,0.2364,-0.0183
1774945501.9912,0.0000,0.0000,0.0000,0.0000,0.0000,-3.1317,-0.2047,37.9682,0.0413,0.2630,-0.0343
1774945502.0112,0.0000,0.0000,0.0000,0.0000,0.0000,-3.1299,-0.2086,64.6486,0.0136,0.2257,-0.0396
1774945502.0312,0.0000,0.0000,0.0000,0.0000,0.0000,-3.1294,-0.2095,-19.3458,-0.0280,0.1075,-0.0865
1774945502.0513,0.0000,0.0000,0.0000,0.0000,0.0000,-3.1314,-0.2103,-52.5098,-0.0780,0.0340,-0.0695
1774945502.0713,0.0000,0.0000,0.0000,0.0000,0.0000,-3.1323,-0.2115,-12.3769,-0.0141,0.0287,-0.0450
1774945502.0913,0.0000,0.0000,0.0000,0.0000,0.0000,-3.1331,-0.2131,-65.1088,0.0093,0.0809,-0.0087
1774945502.1113,0.0000,0.0000,0.0000,0.0000,0.0000,-3.1353,-0.2163,-16.0104,-0.0461,0.1693,0.0072
1774945502.1313,0.0000,0.0000,0.0000,0.0000,0.0000,-3.1361,-0.2169,-7.9719,0.0168,0.0713,0.0051
1774945502.1512,0.0000,0.0000,0.0000,0.0000,0.0000,-3.1357,-0.2182,-110.8282,0.0157,0.0074,-0.0514
1774945502.1713,0.0000,0.0000,0.0000,0.0000,0.0000,-3.1351,-0.2183,-62.7199,-0.0077,0.0042,-0.0727
1774945502.1913,0.0000,0.0000,0.0000,0.0000,0.0000,-3.1353,-0.2210,-21.2890,-0.0077,-0.0012,-0.0620
1774945502.2113,0.0000,0.0000,0.0000,0.0000,0.0000,-3.1362,-0.2230,-57.1726,0.0178,0.0191,-0.0237
1774945502.2315,0.0000,0.0000,0.0000,0.0000,0.0000,-3.1382,-0.2219,-35.5089,0.0221,-0.0683,-0.0269
1774945502.2516,0.0000,0.0000,0.0000,0.0000,0.0000,-3.1390,-0.2205,43.0587,0.0338,-0.0949,-0.0141
1774945502.2713,0.0000,0.0000,0.0000,0.0000,0.0000,-3.1377,-0.2210,3.6472,0.0658,-0.0565,-0.0119
1774945502.2913,0.0000,0.0000,0.0000,0.0000,0.0000,-3.1344,-0.2194,85.4447,0.0796,-0.1364,-0.0183
1774945502.3119,0.0000,0.0000,0.0000,0.0000,0.0000,-3.1327,-0.2201,2.0131,0.0647,-0.1045,-0.0343
1774945502.3315,0.0000,0.0000,0.0000,0.0000,0.0000,-3.1325,-0.2181,11.9298,0.0572,-0.1407,-0.0247
1774945502.3513,0.0000,0.0000,0.0000,0.0000,0.0000,-3.1319,-0.2154,-77.6211,0.0136,-0.0757,-0.0332
1774945502.3715,0.0000,0.0000,0.0000,0.0000,0.0000,-3.1313,-0.2164,-104.0515,0.0125,0.0116,-0.0332
1774945502.3915,0.0000,0.0000,0.0000,0.0000,0.0000,-3.1313,-0.2149,38.6708,-0.0120,-0.0097,-0.0226
1774945502.4122,0.0000,0.0000,0.0000,0.0000,0.0000,-3.1290,-0.2126,37.7940,0.0509,-0.0736,-0.0418
1774945502.4313,0.0000,0.0000,0.0000,0.0000,0.0000,-3.1281,-0.2099,106.1638,0.0168,-0.1002,-0.0663
1774945502.4514,0.0000,0.0000,0.0000,0.0000,0.0000,-3.1299,-0.2075,-71.1262,-0.0344,-0.0342,-0.0609
1774945502.4718,0.0000,0.0000,0.0000,0.0000,0.0000,-3.1289,-0.2075,12.7034,0.0434,-0.0427,-0.0290
1774945502.4916,0.0000,0.0000,0.0000,0.0000,0.0000,-3.1273,-0.2073,-45.1280,0.0679,-0.0278,-0.0322
1774945502.5113,0.0000,0.0000,0.0000,0.0000,0.0000,-3.1299,-0.2055,56.9987,-0.0003,0.0361,-0.0418
1774945502.5313,0.0000,0.0000,0.0000,0.0000,0.0000,-3.1306,-0.2036,-7.1632,-0.0045,0.0596,-0.0577
1774945502.5512,0.0000,0.0000,0.0000,0.0000,0.0000,-3.1323,-0.2029,31.5718,-0.0152,0.1139,-0.0556
1774945502.5713,0.0000,0.0000,0.0000,0.0000,0.0000,-3.1322,-0.2004,-39.0652,0.0136,0.0276,-0.0833
1774945502.5915,0.0000,0.0000,0.0000,0.0000,0.0000,-3.1345,-0.1995,-50.7566,-0.0248,-0.0416,-0.0759
1774945502.6115,0.0000,0.0000,0.0000,0.0000,0.0000,-3.1341,-0.2014,10.3038,0.0583,0.0063,-0.0386
1774945502.6312,0.0000,0.0000,0.0000,0.0000,0.0000,-3.1349,-0.2090,142.8535,0.0104,0.2566,0.0168
1774945502.6513,0.0000,0.0000,0.0000,0.0000,0.0000,-3.1356,-0.2131,91.9109,-0.0312,0.1501,0.0051
1774945502.6713,0.0000,0.0000,0.0000,0.0000,0.0000,-3.1356,-0.2178,-63.1973,-0.0195,0.0734,-0.0322
1774945502.6913,0.0000,0.0000,0.0000,0.0000,0.0000,-3.1322,-0.2188,32.4783,0.0519,-0.0107,-0.0684
1774945502.7113,0.0000,0.0000,0.0000,0.0000,0.0000,-3.1320,-0.2196,-80.2248,0.0264,-0.0533,-0.0375
1774945502.7312,0.0000,0.0000,0.0000,0.0000,0.0000,-3.1328,-0.2210,-173.5673,0.0445,-0.0097,-0.0450
1774945502.7513,0.0000,0.0000,0.0000,0.0000,0.0000,-3.1343,-0.2229,17.7753,-0.0035,0.0479,-0.0535
1774945502.7713,0.0000,0.0000,0.0000,0.0000,0.0000,-3.1357,-0.2227,-41.8420,0.0274,-0.0427,-0.0300
1774945502.7913,0.0000,0.0000,0.0000,0.0000,0.0000,-3.1339,-0.2238,21.2530,0.0455,-0.0555,0.0019
1774945502.8114,0.0000,0.0000,0.0000,0.0000,0.0000,-3.1330,-0.2232,-27.8671,0.0423,-0.0693,-0.0066
1774945502.8315,0.0000,0.0000,0.0000,0.0000,0.0000,-3.1309,-0.2229,-35.3913,0.0572,-0.0864,-0.0290
1774945502.8513,0.0000,0.0000,0.0000,0.0000,0.0000,-3.1319,-0.2236,-49.9177,0.0008,-0.1013,-0.0343
1774945502.8713,0.0000,0.0000,0.0000,0.0000,0.0000,-3.1311,-0.2228,61.5313,0.0338,-0.1055,-0.0354
1774945502.8915,0.0000,0.0000,0.0000,0.0000,0.0000,-3.1295,-0.2219,135.3111,-0.0184,-0.1034,-0.0418
1774945502.9113,0.0000,0.0000,0.0000,0.0000,0.0000,-3.1284,-0.2198,48.9533,-0.0354,-0.1269,-0.0279
1774945502.9314,0.0000,0.0000,0.0000,0.0000,0.0000,-3.1288,-0.2183,-13.1297,0.0125,-0.0928,-0.0130
1774945502.9513,0.0000,0.0000,0.0000,0.0000,0.0000,-3.1294,-0.2171,-77.7881,-0.0088,-0.0821,-0.0482
1774945502.9713,0.0000,0.0000,0.0000,0.0000,0.0000,-3.1282,-0.2159,-30.0306,-0.0376,-0.1055,-0.0577
1774945502.9913,0.0000,0.0000,0.0000,0.0000,0.0000,-3.1301,-0.2151,-26.9631,-0.0184,-0.1183,-0.0258
1774945503.0113,0.0000,0.0000,0.0000,0.0000,0.0000,-3.1288,-0.2133,1.0837,0.0093,-0.1045,-0.0418
1774945503.0314,0.0000,0.0000,0.0000,0.0000,0.0000,-3.1299,-0.2133,55.9886,-0.0205,-0.0150,-0.0418
1774945503.0515,0.0000,0.0000,0.0000,0.0000,0.0000,-3.1322,-0.2136,23.1682,-0.0109,0.0628,-0.0364
1774945503.0714,0.0000,0.0000,0.0000,0.0000,0.0000,-3.1330,-0.2152,15.5434,0.0892,0.0755,-0.0034
1774945503.0913,0.0000,0.0000,0.0000,0.0000,0.0000,-3.1316,-0.2120,-103.2369,0.0817,-0.1098,-0.0300
1774945503.1112,0.0000,0.0000,0.0000,0.0000,0.0000,-3.1348,-0.2089,-81.6522,-0.1132,-0.1567,-0.1099
1774945503.1322,0.0000,0.0000,0.0000,0.0000,0.0000,-3.1348,-0.2075,40.2330,-0.0120,-0.0853,-0.0673
1774945503.1513,0.0000,0.0000,0.0000,0.0000,0.0000,-3.1338,-0.2089,-11.2592,0.0647,0.0244,-0.0162
1774945503.1713,0.0000,0.0000,0.0000,0.0000,0.0000,-3.1332,-0.2132,-66.1130,-0.0269,0.1565,-0.0332
1774945503.1917,0.0000,0.0000,0.0000,0.0000,0.0000,-3.1360,-0.2152,25.0305,-0.1004,0.1171,-0.0237
1774945503.2117,0.0000,0.0000,0.0000,0.0000,0.0000,-3.1369,-0.2158,-49.8008,-0.0205,0.0564,-0.0141
1774945503.2314,0.0000,0.0000,0.0000,0.0000,0.0000,-3.1360,-0.2142,-78.7657,0.0072,-0.0033,-0.0300
1774945503.2513,0.0000,0.0000,0.0000,0.0000,0.0000,-3.1350,-0.2131,84.9064,0.0264,0.0351,-0.0556
1774945503.2714,0.0000,0.0000,0.0000,0.0000,0.0000,-3.1357,-0.2162,0.0000,0.0849,0.0436,-0.0151
1774945503.2913,0.0000,0.0000,0.0000,0.0000,0.0000,-3.1372,-0.2167,0.0000,0.1073,-0.0043,-0.0269
1774945503.3114,0.0000,0.0000,0.0000,0.0000,0.0000,-3.1396,-0.2171,0.0000,0.0050,-0.0214,-0.0396
1774945503.3314,0.0000,0.0000,0.0000,0.0000,0.0000,-3.1394,-0.2182,0.0000,-0.0280,0.0340,-0.0407
1774945503.3512,0.0000,0.0000,0.0000,0.0000,0.0000,-3.1376,-0.2197,0.0000,0.0114,0.0340,-0.0045
1774945503.3713,0.0000,0.0000,0.0000,0.0000,0.0000,-3.1369,-0.2228,0.0000,0.0551,0.0457,0.0040
1774945503.3913,0.0000,0.0000,0.0000,0.0000,0.0000,-3.1340,-0.2262,0.0000,0.0540,0.0127,-0.0396
1774945503.4113,0.0000,0.0000,0.0000,0.0000,0.0000,-3.1338,-0.2280,0.0000,0.0136,-0.0470,-0.0183
1774945503.4313,0.0000,0.0000,0.0000,0.0000,0.0000,-3.1334,-0.2292,0.0000,0.0402,-0.0459,-0.0471
1774945503.4512,0.0000,0.0000,0.0000,0.0000,0.0000,-3.1343,-0.2302,0.0000,-0.0290,-0.0491,-0.0460
1774945503.4713,0.0000,0.0000,0.0000,0.0000,0.0000,-3.1353,-0.2326,11.3695,-0.0099,-0.0576,-0.0066
1774945503.4913,0.0000,0.0000,0.0000,0.0000,0.0000,-3.1348,-0.2314,0.0000,-0.0013,-0.0747,-0.0119
1774945503.5113,0.0000,0.0000,0.0000,0.0000,0.0000,-3.1355,-0.2298,0.0000,-0.0227,-0.1002,-0.0279
1774945503.5313,0.0000,0.0000,0.0000,0.0000,0.0000,-3.1359,-0.2296,0.0000,0.0072,-0.1705,-0.0364
1774945503.5514,0.0000,0.0000,0.0000,0.0000,0.0000,-3.1336,-0.2291,0.0000,0.0455,-0.1482,-0.0162
1774945503.5714,0.0000,0.0000,0.0000,0.0000,0.0000,-3.1326,-0.2301,36.6508,0.0221,-0.0779,-0.0364
1774945503.5913,0.0000,0.0000,0.0000,0.0000,0.0000,-3.1345,-0.2286,0.0000,-0.0503,-0.1524,-0.0215
1774945503.6113,0.0000,0.0000,0.0000,0.0000,0.0000,-3.1372,-0.2243,0.0000,-0.0301,-0.1322,-0.0460
1774945503.6313,0.0000,0.0000,0.0000,0.0000,0.0000,-3.1369,-0.2223,0.0000,0.0274,-0.0715,-0.0822
1774945503.6514,0.0000,0.0000,0.0000,0.0000,0.0000,-3.1382,-0.2202,-31.7255,0.0242,0.0425,-0.0503
1774945503.6717,0.0000,0.0000,0.0000,0.0000,0.0000,-3.1405,-0.2171,0.0000,-0.0237,-0.0331,-0.0652
1774945503.6919,0.0000,0.0000,0.0000,0.0000,0.0000,-3.1389,-0.2132,60.2994,-0.0099,-0.1396,-0.0695
1774945503.7121,0.0000,0.0000,0.0000,0.0000,0.0000,-3.1362,-0.2088,0.0000,0.0839,-0.1354,-0.0354
1774945503.7314,0.0000,0.0000,0.0000,0.0000,0.0000,-3.1377,-0.2059,15.9136,0.0008,-0.0533,-0.0194
1774945503.7513,0.0000,0.0000,0.0000,0.0000,0.0000,3.1410,-0.2098,-3.3506,-0.1356,0.1224,-0.0183
1774945503.7714,0.0000,0.0000,0.0000,0.0000,0.0000,-3.1414,-0.2173,-61.3543,-0.0312,0.2172,-0.0173
1774945503.7914,0.0000,0.0000,0.0000,0.0000,0.0000,-3.1388,-0.2236,21.0966,0.0871,0.1352,-0.0418
1774945503.8113,0.0000,0.0000,0.0000,0.0000,0.0000,-3.1387,-0.2279,-22.2223,0.0019,0.0127,-0.0748
1774945503.8314,0.0000,0.0000,0.0000,0.0000,0.0000,-3.1407,-0.2311,11.2892,0.0008,0.0116,-0.0673
1774945503.8512,0.0000,0.0000,0.0000,0.0000,0.0000,-3.1403,-0.2314,-16.7709,0.0828,-0.0629,-0.0194
1774945503.8714,0.0000,0.0000,0.0000,0.0000,0.0000,-3.1412,-0.2289,-16.1191,0.0402,-0.1151,-0.0119
1774945503.8914,0.0000,0.0000,0.0000,0.0000,0.0000,3.1401,-0.2262,-84.8716,-0.0035,-0.1812,-0.0045
1774945503.9115,0.0000,0.0000,0.0000,0.0000,0.0000,3.1389,-0.2255,-3.2533,-0.0216,-0.0278,-0.0119
1774945503.9313,0.0000,0.0000,0.0000,0.0000,0.0000,3.1404,-0.2275,100.1789,0.0477,0.0724,-0.0055
1774945503.9514,0.0000,0.0000,0.0000,0.0000,0.0000,-3.1398,-0.2287,-6.4168,0.0658,0.0223,-0.0119
1774945503.9715,0.0000,0.0000,0.0000,0.0000,0.0000,-3.1388,-0.2283,-10.8394,0.0594,-0.0960,-0.0269
1774945503.9914,0.0000,0.0000,0.0000,0.0000,0.0000,-3.1404,-0.2289,6.2985,-0.0045,-0.0725,-0.0450
1774945504.0112,0.0000,0.0000,0.0000,0.0000,0.0000,-3.1402,-0.2283,21.8630,0.0466,-0.0992,-0.0269
1774945504.0314,0.0000,0.0000,0.0000,0.0000,0.0000,-3.1403,-0.2265,-39.9010,0.0615,-0.0363,-0.0194
1774945504.0513,0.0000,0.0000,0.0000,0.0000,0.0000,-3.1400,-0.2238,58.1936,0.0157,-0.0406,-0.0290
1774945504.0713,0.0000,0.0000,0.0000,0.0000,0.0000,-3.1390,-0.2215,-6.2565,-0.0482,-0.0118,-0.0599
1774945504.0913,0.0000,0.0000,0.0000,0.0000,0.0000,-3.1381,-0.2193,-32.0261,0.0114,0.0074,-0.0535
1774945504.1113,0.0000,0.0000,0.0000,0.0000,0.0000,-3.1392,-0.2169,6.6126,0.0136,0.0127,-0.0524
1774945504.1312,0.0000,0.0000,0.0000,0.0000,0.0000,-3.1396,-0.2137,-50.8109,-0.0003,-0.0565,-0.0460
1774945504.1512,0.0000,0.0000,0.0000,0.0000,0.0000,-3.1397,-0.2124,-25.1457,0.0029,-0.0352,-0.0364
1774945504.1713,0.0000,0.0000,0.0000,0.0000,0.0000,-3.1388,-0.2095,70.9972,0.0743,-0.0416,-0.0034
1774945504.1914,0.0000,0.0000,0.0000,0.0000,0.0000,-3.1392,-0.2085,35.1204,0.0168,0.0180,-0.0034
1774945504.2113,0.0000,0.0000,0.0000,0.0000,0.0000,-3.1397,-0.2101,0.1024,-0.0141,0.1245,-0.0194
1774945504.2315,0.0000,0.0000,0.0000,0.0000,0.0000,-3.1387,-0.2120,67.4675,-0.0365,0.1831,-0.0066
1774945504.2514,0.0000,0.0000,0.0000,0.0000,0.0000,-3.1377,-0.2146,-31.5199,0.0583,0.0905,-0.0311
1774945504.2717,0.0000,0.0000,0.0000,0.0000,0.0000,-3.1399,-0.2170,-5.4000,-0.0099,0.0809,-0.0258
1774945504.2914,0.0000,0.0000,0.0000,0.0000,0.0000,-3.1412,-0.2173,2.1927,0.0104,0.0116,-0.0620
1774945504.3113,0.0000,0.0000,0.0000,0.0000,0.0000,-3.1398,-0.2168,-3.4106,0.0445,-0.0992,-0.0428
1774945504.3312,0.0000,0.0000,0.0000,0.0000,0.0000,-3.1379,-0.2175,-92.0956,0.0700,-0.0065,-0.0258
1774945504.3513,0.0000,0.0000,0.0000,0.0000,0.0000,-3.1384,-0.2193,43.2109,-0.0269,0.0180,-0.0418
1774945504.3715,0.0000,0.0000,0.0000,0.0000,0.0000,-3.1389,-0.2239,21.2807,-0.0408,0.1256,-0.0173
1774945504.3914,0.0000,0.0000,0.0000,0.0000,0.0000,-3.1400,-0.2285,25.6886,-0.0152,0.1160,-0.0077
1774945504.4116,0.0000,0.0000,0.0000,0.0000,0.0000,-3.1384,-0.2312,-10.6595,0.0434,-0.0182,-0.0386
1774945504.4313,0.0000,0.0000,0.0000,0.0000,0.0000,-3.1395,-0.2336,-40.5937,0.0082,-0.0619,-0.0524
1774945504.4514,0.0000,0.0000,0.0000,0.0000,0.0000,-3.1391,-0.2354,32.3091,-0.0024,-0.0065,-0.0588
1774945504.4713,0.0000,0.0000,0.0000,0.0000,0.0000,-3.1367,-0.2379,44.0326,0.0583,-0.0693,-0.0332
1774945504.4917,0.0000,0.0000,0.0000,0.0000,0.0000,-3.1345,-0.2398,12.7577,0.0839,-0.0502,-0.0503
1774945504.5113,0.0000,0.0000,0.0000,0.0000,0.0000,-3.1350,-0.2404,48.2184,0.0136,-0.1066,-0.0865
1774945504.5314,0.0000,0.0000,0.0000,0.0000,0.0000,-3.1345,-0.2398,15.1758,0.0019,-0.2259,-0.1344
1774945504.5514,0.0000,0.0000,0.0000,0.0000,0.0000,-3.1341,-0.2387,-20.2169,-0.0237,-0.2174,-0.1270
1774945504.5713,0.0000,0.0000,0.0000,0.0000,0.0000,-3.1339,-0.2366,-73.5148,-0.0141,-0.2589,-0.1131
1774945504.5913,0.0000,0.0000,0.0000,0.0000,0.0000,-3.1353,-0.2345,-18.0252,-0.0024,-0.2664,-0.0535
1774945504.6113,0.0000,0.0000,0.0000,0.0000,0.0000,-3.1382,-0.2321,52.8531,-0.0141,-0.2419,0.0147
1774945504.6313,0.0000,0.0000,0.0000,0.0000,0.0000,-3.1393,-0.2300,-13.5934,-0.0322,-0.2163,0.0179
1774945504.6515,0.0000,0.0000,0.0000,0.0000,0.0000,-3.1389,-0.2288,41.1644,-0.0418,-0.2110,0.0296
1774945504.6713,0.0000,0.0000,0.0000,0.0000,0.0000,-3.1395,-0.2250,-36.1975,-0.0962,-0.2238,0.0467
1774945504.6918,0.0000,0.0000,0.0000,0.0000,0.0000,-3.1381,-0.2240,-42.7121,-0.0141,-0.0949,-0.0215
1774945504.7115,0.0000,0.0000,0.0000,0.0000,0.0000,-3.1380,-0.2232,105.3645,-0.0386,-0.0448,-0.0173
1774945504.7314,0.0000,0.0000,0.0000,0.0000,0.0000,-3.1391,-0.2195,-39.0551,-0.0141,-0.0363,-0.0396
1774945504.7514,0.0000,0.0000,0.0000,0.0000,0.0000,-3.1394,-0.2176,8.6583,0.0338,0.0020,-0.0450
1774945504.7713,0.0000,0.0000,0.0000,0.0000,0.0000,-3.1397,-0.2171,16.1475,0.0050,0.0457,-0.0631
1774945504.7912,0.0000,0.0000,0.0000,0.0000,0.0000,-3.1408,-0.2144,-34.9999,-0.0333,0.0383,-0.0364
1774945504.8113,0.0000,0.0000,0.0000,0.0000,0.0000,3.1398,-0.2137,69.2118,-0.0695,0.0702,-0.0215
1774945504.8312,0.0000,0.0000,0.0000,0.0000,0.0000,3.1399,-0.2142,71.9579,-0.0312,0.1171,-0.0226
1774945504.8512,0.0000,0.0000,0.0000,0.0000,0.0000,3.1409,-0.2150,33.5393,-0.0344,0.1032,-0.0141
1774945504.8713,0.0000,0.0000,0.0000,0.0000,0.0000,3.1389,-0.2191,-3.7065,-0.0003,0.1895,0.0030
1774945504.8977,0.0000,0.0000,0.0000,0.0000,0.0000,3.1404,-0.2261,79.3014,0.0551,0.1927,-0.0205
1774945504.9113,0.0000,0.0000,0.0000,0.0000,0.0000,-3.1413,-0.2349,-168.9169,0.1052,0.2556,-0.0258
1774945504.9326,0.0000,0.0000,0.0000,0.0000,0.0000,-3.1412,-0.2416,-112.4388,0.0540,0.1267,-0.0535
1774945504.9513,0.0000,0.0000,0.0000,0.0000,0.0000,-3.1391,-0.2441,-108.9999,0.0050,-0.0704,-0.1312
1774945504.9783,0.0000,0.0000,0.0000,0.0000,0.0000,-3.1393,-0.2465,-25.9766,-0.0227,-0.0235,-0.1046
1774945504.9912,0.0000,0.0000,0.0000,0.0000,0.0000,-3.1397,-0.2487,76.6877,0.0413,-0.0523,-0.0535
1774945505.0115,0.0000,0.0000,0.0000,0.0000,0.0000,-3.1405,-0.2502,1.7462,0.0775,-0.0970,-0.0013
1774945505.0323,0.0000,0.0000,0.0000,0.0000,0.0000,-3.1413,-0.2521,-7.8297,0.0562,-0.1141,0.0573
1774945505.0513,0.0000,0.0000,0.0000,0.0000,0.0000,-3.1403,-0.2543,-54.9148,0.0168,-0.1386,0.0562
1774945505.0754,0.0000,0.0000,0.0000,0.0000,0.0000,-3.1385,-0.2551,-129.3419,0.0232,-0.1897,0.0552
1774945505.0924,0.0000,0.0000,0.0000,0.0000,0.0000,-3.1362,-0.2538,-26.8927,0.0402,-0.2824,0.0211
1774945505.1114,0.0000,0.0000,0.0000,0.0000,0.0000,-3.1337,-0.2504,-39.6998,0.0881,-0.3399,-0.0055
1774945505.1313,0.0000,0.0000,0.0000,0.0000,0.0000,-3.1331,-0.2470,-50.0166,0.1062,-0.3122,-0.0141
1774945505.1513,0.0000,0.0000,0.0000,0.0000,0.0000,-3.1336,-0.2426,21.2453,0.0775,-0.2526,-0.0205
1774945505.1717,0.0000,0.0000,0.0000,0.0000,0.0000,-3.1320,-0.2361,21.3060,0.0423,-0.2866,-0.0183
1774945505.1914,0.0000,0.0000,0.0000,0.0000,0.0000,-3.1303,-0.2327,-33.1878,0.0221,-0.2536,-0.0098
1774945505.2113,0.0000,0.0000,0.0000,0.0000,0.0000,-3.1289,-0.2282,11.3616,0.0093,-0.1918,0.0019
1774945505.2314,0.0000,0.0000,0.0000,0.0000,0.0000,-3.1275,-0.2248,1.2725,0.0157,-0.1705,0.0136
1774945505.2513,0.0000,0.0000,0.0000,0.0000,0.0000,-3.1272,-0.2233,-21.8823,0.0285,-0.0992,0.0126
1774945505.2723,0.0000,0.0000,0.0000,0.0000,0.0000,-3.1259,-0.2216,26.0047,0.0242,-0.0235,0.0083
1774945505.2914,0.0000,0.0000,0.0000,0.0000,0.0000,-3.1249,-0.2201,17.2801,0.0050,-0.0139,-0.0077
1774945505.3113,0.0000,0.0000,0.0000,0.0000,0.0000,-3.1236,-0.2202,-29.5489,-0.0195,0.0308,-0.0269
1774945505.3315,0.0000,0.0000,0.0000,0.0000,0.0000,-3.1221,-0.2211,28.6345,-0.0280,0.0787,-0.0375
1774945505.3513,0.0000,0.0000,0.0000,0.0000,0.0000,-3.1231,-0.2220,16.2734,-0.0418,0.1032,-0.0279
1774945505.3714,0.0000,0.0000,0.0000,0.0000,0.0000,-3.1253,-0.2254,-3.5657,-0.0450,0.1554,-0.0119
1774945505.3912,0.0000,0.0000,0.0000,0.0000,0.0000,-3.1269,-0.2268,24.4817,-0.0365,0.2002,0.0019
1774945505.4113,0.0000,0.0000,0.0000,0.0000,0.0000,-3.1284,-0.2276,14.2606,-0.0280,0.1906,0.0104
1774945505.4313,0.0000,0.0000,0.0000,0.0000,0.0000,-3.1277,-0.2289,6.6049,-0.0248,0.1863,0.0030
1774945505.4513,0.0000,0.0000,0.0000,0.0000,0.0000,-3.1263,-0.2298,31.9963,-0.0248,0.1938,-0.0151
1774945505.4713,0.0000,0.0000,0.0000,0.0000,0.0000,-3.1255,-0.2304,32.7722,-0.0237,0.1789,-0.0279
1774945505.4915,0.0000,0.0000,0.0000,0.0000,0.0000,-3.1256,-0.2303,3.2719,-0.0141,0.1586,-0.0332
1774945505.5113,0.0000,0.0000,0.0000,0.0000,0.0000,-3.1271,-0.2300,-2.0366,-0.0056,0.1437,-0.0237
1774945505.5313,0.0000,0.0000,0.0000,0.0000,0.0000,-3.1289,-0.2291,13.5318,0.0061,0.1203,-0.0130
1774945505.5512,0.0000,0.0000,0.0000,0.0000,0.0000,-3.1297,-0.2277,-5.1682,0.0157,0.0915,-0.0045
1774945505.5713,0.0000,0.0000,0.0000,0.0000,0.0000,-3.1294,-0.2259,-13.1673,0.0210,0.0841,0.0030
1774945505.5915,0.0000,0.0000,0.0000,0.0000,0.0000,-3.1285,-0.2236,-2.4679,0.0274,0.0649,-0.0045
1774945505.6113,0.0000,0.0000,0.0000,0.0000,0.0000,-3.1276,-0.2216,6.5947,0.0274,0.0553,-0.0098
1774945505.6313,0.0000,0.0000,0.0000,0.0000,0.0000,-3.1264,-0.2186,-6.6374,0.0327,0.0425,-0.0205
1774945505.6513,0.0000,0.0000,0.0000,0.0000,0.0000,-3.1267,-0.2161,2.8178,0.0359,0.0383,-0.0151
1774945505.6714,0.0000,0.0000,0.0000,0.0000,0.0000,-3.1273,-0.2139,0.2819,0.0359,0.0351,-0.0119
1774945505.6913,0.0000,0.0000,0.0000,0.0000,0.0000,-3.1278,-0.2126,-0.3809,0.0306,0.0425,-0.0087
1774945505.7113,0.0000,0.0000,0.0000,0.0000,0.0000,-3.1263,-0.2121,-1.3804,0.0295,0.0510,0.0008
1774945505.7314,0.0000,0.0000,0.0000,0.0000,0.0000,-3.1242,-0.2129,-4.0011,0.0200,0.0574,0.0008
1774945505.7513,0.0000,0.0000,0.0000,0.0000,0.0000,-3.1213,-0.2139,-2.6418,0.0061,0.0681,-0.0055
1774945505.7713,0.0000,0.0000,0.0000,0.0000,0.0000,-3.1186,-0.2139,-4.8819,0.0050,0.0660,-0.0130
1774945505.7913,0.0000,0.0000,0.0000,0.0000,0.0000,-3.1164,-0.2129,-4.7280,-0.0003,0.0617,-0.0205
1774945505.8113,0.0000,0.0000,0.0000,0.0000,0.0000,-3.1156,-0.2127,0.0000,-0.0077,0.0542,-0.0237
1774945505.8313,0.0000,0.0000,0.0000,0.0000,0.0000,-3.1153,-0.2117,13.3664,-0.0099,0.0500,-0.0162
1774945505.8514,0.0000,0.0000,0.0000,0.0000,0.0000,-3.1155,-0.2133,0.0000,-0.0163,0.0510,-0.0098
1774945505.8725,0.0000,0.0000,0.0000,0.0000,0.0000,-3.1148,-0.2127,0.0000,-0.0163,0.0521,-0.0119
1774945505.8914,0.0000,0.0000,0.0000,0.0000,0.0000,-3.1132,-0.2111,0.0000,-0.0269,0.0447,-0.0119
1774945505.9112,0.0000,0.0000,0.0000,0.0000,0.0000,-3.1132,-0.2094,0.0000,-0.0344,0.0415,-0.0173
1774945505.9315,0.0000,0.0000,0.0000,0.0000,0.0000,-3.1117,-0.2112,0.0000,-0.0386,0.0404,-0.0279
1774945505.9514,0.0000,0.0000,0.0000,0.0000,0.0000,-3.1125,-0.2117,0.0000,-0.0376,0.0479,-0.0269
1774945505.9717,0.0000,0.0000,0.0000,0.0000,0.0000,-3.1134,-0.2107,0.0000,-0.0333,0.0447,-0.0269
1774945505.9917,0.0000,0.0000,0.0000,0.0000,0.0000,-3.1175,-0.2106,0.0000,-0.0344,0.0383,-0.0237
1774945506.0122,0.0000,0.0000,0.0000,0.0000,0.0000,-3.1190,-0.2100,0.0000,-0.0301,0.0287,-0.0215
1774945506.0319,0.0000,0.0000,0.0000,0.0000,0.0000,-3.1206,-0.2089,0.0000,-0.0386,0.0287,-0.0194
1774945506.0527,0.0000,0.0000,0.0000,0.0000,0.0000,-3.1216,-0.2075,0.0000,-0.0386,0.0297,-0.0183
1774945506.0719,0.0000,0.0000,0.0000,0.0000,0.0000,-3.1247,-0.2079,0.0000,-0.0333,0.0287,-0.0194
1774945506.0915,0.0000,0.0000,0.0000,0.0000,0.0000,-3.1275,-0.2102,0.0000,-0.0301,0.0287,-0.0215
1774945506.1113,0.0000,0.0000,0.0000,0.0000,0.0000,-3.1302,-0.2118,0.0000,-0.0195,0.0319,-0.0194
1774945506.1313,0.0000,0.0000,0.0000,0.0000,0.0000,-3.1334,-0.2108,0.0000,-0.0099,0.0255,-0.0194
1774945506.1513,0.0000,0.0000,0.0000,0.0000,0.0000,-3.1371,-0.2106,15.5672,0.0040,0.0116,-0.0109
1774945506.1721,0.0000,0.0000,0.0000,0.0000,0.0000,-3.1399,-0.2095,0.0000,0.0114,0.0031,-0.0066
1774945506.1916,0.0000,0.0000,0.0000,0.0000,0.0000,3.1407,-0.2112,0.0000,0.0114,0.0074,-0.0077
1774945506.2114,0.0000,0.0000,0.0000,0.0000,0.0000,3.1400,-0.2133,2.3984,0.0242,0.0170,-0.0045
1774945506.2315,0.0000,0.0000,0.0000,0.0000,0.0000,3.1400,-0.2168,0.6727,0.0370,0.0202,-0.0034
1774945506.2518,0.0000,0.0000,0.0000,0.0000,0.0000,-3.1410,-0.2176,0.2672,0.0370,0.0159,-0.0066
1774945506.2715,0.0000,0.0000,0.0000,0.0000,0.0000,-3.1377,-0.2158,0.0000,0.0423,0.0020,-0.0077
1774945506.2914,0.0000,0.0000,0.0000,0.0000,0.0000,-3.1342,-0.2159,-7.3242,0.0338,-0.0118,-0.0077
1774945506.3114,0.0000,0.0000,0.0000,0.0000,0.0000,-3.1309,-0.2159,-10.0819,0.0285,-0.0118,-0.0045
1774945506.3314,0.0000,0.0000,0.0000,0.0000,0.0000,-3.1272,-0.2161,-6.5120,0.0242,-0.0107,-0.0034
1774945506.3515,0.0000,0.0000,0.0000,0.0000,0.0000,-3.1233,-0.2160,-6.9937,0.0040,-0.0107,-0.0055
1774945506.3714,0.0000,0.0000,0.0000,0.0000,0.0000,-3.1197,-0.2162,-3.3105,-0.0003,-0.0012,-0.0109
1774945506.3914,0.0000,0.0000,0.0000,0.0000,0.0000,-3.1160,-0.2151,4.4425,-0.0003,-0.0033,-0.0151
1774945506.4115,0.0000,0.0000,0.0000,0.0000,0.0000,-3.1165,-0.2131,4.8959,-0.0035,-0.0054,-0.0194
1774945506.4313,0.0000,0.0000,0.0000,0.0000,0.0000,-3.1201,-0.2126,0.2595,-0.0099,-0.0022,-0.0162
1774945506.4514,0.0000,0.0000,0.0000,0.0000,0.0000,-3.1240,-0.2123,1.4312,-0.0056,0.0074,-0.0141
1774945506.4716,0.0000,0.0000,0.0000,0.0000,0.0000,-3.1279,-0.2122,4.3956,-0.0077,0.0084,-0.0119
1774945506.4914,0.0000,0.0000,0.0000,0.0000,0.0000,-3.1290,-0.2118,4.4580,-0.0067,0.0084,-0.0098
1774945506.5115,0.0000,0.0000,0.0000,0.0000,0.0000,-3.1282,-0.2124,8.2779,-0.0013,0.0063,-0.0119
1774945506.5313,0.0000,0.0000,0.0000,0.0000,0.0000,-3.1261,-0.2130,8.3390,0.0019,0.0031,-0.0141
1774945506.5515,0.0000,0.0000,0.0000,0.0000,0.0000,-3.1237,-0.2140,2.7240,0.0050,-0.0022,-0.0151
1774945506.5715,0.0000,0.0000,0.0000,0.0000,0.0000,-3.1248,-0.2157,0.2306,0.0019,-0.0033,-0.0130
1774945506.5916,0.0000,0.0000,0.0000,0.0000,0.0000,-3.1257,-0.2163,-0.7661,0.0029,-0.0054,-0.0098
1774945506.6113,0.0000,0.0000,0.0000,0.0000,0.0000,-3.1267,-0.2174,-5.5584,0.0008,-0.0054,-0.0087
1774945506.6312,0.0000,0.0000,0.0000,0.0000,0.0000,-3.1276,-0.2189,-1.9233,-0.0003,-0.0022,-0.0087
1774945506.6512,0.0000,0.0000,0.0000,0.0000,0.0000,-3.1275,-0.2188,3.3894,0.0019,-0.0022,-0.0109
1774945506.6720,0.0000,0.0000,0.0000,0.0000,0.0000,-3.1284,-0.2185,-3.9748,-0.0003,-0.0065,-0.0151
1774945506.6913,0.0000,0.0000,0.0000,0.0000,0.0000,-3.1277,-0.2188,-5.8400,0.0072,-0.0043,-0.0141
1774945506.7113,0.0000,0.0000,0.0000,0.0000,0.0000,-3.1294,-0.2183,-5.8185,0.0061,-0.0043,-0.0130
1774945506.7314,0.0000,0.0000,0.0000,0.0000,0.0000,-3.1287,-0.2168,-8.6521,0.0093,-0.0097,-0.0098
1774945506.7526,0.0000,0.0000,0.0000,0.0000,0.0000,-3.1287,-0.2175,-3.9710,0.0146,-0.0075,-0.0077
1774945506.7716,0.0000,0.0000,0.0000,0.0000,0.0000,-3.1296,-0.2173,3.8501,0.0029,-0.0043,-0.0109
1774945506.7915,0.0000,0.0000,0.0000,0.0000,0.0000,-3.1278,-0.2172,0.3402,0.0029,-0.0012,-0.0109
1774945506.8113,0.0000,0.0000,0.0000,0.0000,0.0000,-3.1258,-0.2159,1.8561,0.0050,-0.0022,-0.0119
1774945506.8314,0.0000,0.0000,0.0000,0.0000,0.0000,-3.1258,-0.2156,5.4363,0.0061,-0.0043,-0.0130
1774945506.8514,0.0000,0.0000,0.0000,0.0000,0.0000,-3.1263,-0.2150,-1.5689,0.0008,-0.0054,-0.0151
1774945506.8721,0.0000,0.0000,0.0000,0.0000,0.0000,-3.1253,-0.2143,-0.3392,0.0040,-0.0022,-0.0151
1774945506.8913,0.0000,0.0000,0.0000,0.0000,0.0000,-3.1267,-0.2142,2.4916,0.0019,-0.0043,-0.0087
1774945506.9114,0.0000,0.0000,0.0000,0.0000,0.0000,-3.1291,-0.2150,1.6092,-0.0035,-0.0033,-0.0098
1774945506.9314,0.0000,0.0000,0.0000,0.0000,0.0000,-3.1280,-0.2160,7.4938,0.0019,-0.0012,-0.0119
1774945506.9513,0.0000,0.0000,0.0000,0.0000,0.0000,-3.1271,-0.2163,1.4766,0.0008,-0.0012,-0.0130
1774945506.9713,0.0000,0.0000,0.0000,0.0000,0.0000,-3.1266,-0.2170,-1.9879,0.0050,0.0010,-0.0130
1774945506.9913,0.0000,0.0000,0.0000,0.0000,0.0000,-3.1281,-0.2168,-2.3211,0.0072,-0.0012,-0.0130
1774945507.0114,0.0000,0.0000,0.0000,0.0000,0.0000,-3.1288,-0.2173,-3.3795,0.0061,-0.0033,-0.0141
1774945507.0313,0.0000,0.0000,0.0000,0.0000,0.0000,-3.1287,-0.2170,0.6964,0.0061,-0.0001,-0.0098
1774945507.0513,0.0000,0.0000,0.0000,0.0000,0.0000,-3.1285,-0.2165,0.9467,0.0029,-0.0033,-0.0109
1774945507.0714,0.0000,0.0000,0.0000,0.0000,0.0000,-3.1259,-0.2161,4.5080,0.0061,-0.0022,-0.0087
1774945507.0913,0.0000,0.0000,0.0000,0.0000,0.0000,-3.1248,-0.2157,0.0000,0.0040,-0.0022,-0.0109
1774945507.1115,0.0000,0.0000,0.0000,0.0000,0.0000,-3.1240,-0.2153,1.1562,0.0082,-0.0033,-0.0119
1774945507.1313,0.0000,0.0000,0.0000,0.0000,0.0000,-3.1250,-0.2151,1.2794,0.0082,-0.0022,-0.0151
1774945507.1513,0.0000,0.0000,0.0000,0.0000,0.0000,-3.1254,-0.2148,3.5792,0.0019,-0.0043,-0.0130
1774945507.1715,0.0000,0.0000,0.0000,0.0000,0.0000,-3.1252,-0.2150,-3.0986,0.0029,-0.0043,-0.0077
1774945507.1913,0.0000,0.0000,0.0000,0.0000,0.0000,-3.1252,-0.2153,-5.6489,0.0040,-0.0022,-0.0077
1774945507.2114,0.0000,0.0000,0.0000,0.0000,0.0000,-3.1243,-0.2155,0.5908,0.0040,-0.0043,-0.0098
1774945507.2313,0.0000,0.0000,0.0000,0.0000,0.0000,-3.1244,-0.2160,1.2350,0.0040,-0.0054,-0.0130
1774945507.2513,0.0000,0.0000,0.0000,0.0000,0.0000,-3.1252,-0.2161,3.1669,0.0040,-0.0022,-0.0130
1774945507.2717,0.0000,0.0000,0.0000,0.0000,0.0000,-3.1249,-0.2159,-0.1786,0.0061,-0.0054,-0.0130
1774945507.2913,0.0000,0.0000,0.0000,0.0000,0.0000,-3.1257,-0.2162,-6.9852,-0.0003,-0.0054,-0.0109
1774945507.3113,0.0000,0.0000,0.0000,0.0000,0.0000,-3.1259,-0.2164,1.5012,0.0019,-0.0033,-0.0087
1774945507.3314,0.0000,0.0000,0.0000,0.0000,0.0000,-3.1267,-0.2166,-0.4206,0.0040,-0.0054,-0.0109
1774945507.3514,0.0000,0.0000,0.0000,0.0000,0.0000,-3.1261,-0.2166,-0.5669,0.0008,-0.0043,-0.0130
1774945507.3744,0.0000,0.0000,0.0000,0.0000,0.0000,-3.1258,-0.2165,-0.4521,0.0040,-0.0033,-0.0130
1774945507.3998,0.0000,0.0000,0.0000,0.0000,0.0000,-3.1268,-0.2166,0.2263,0.0019,-0.0033,-0.0130
1774945507.4114,0.0000,0.0000,0.0000,0.0000,0.0000,-3.1265,-0.2166,1.9618,0.0061,-0.0033,-0.0119
1774945507.4313,0.0000,0.0000,0.0000,0.0000,0.0000,-3.1273,-0.2165,1.0245,0.0050,-0.0033,-0.0119
1774945507.4514,0.0000,0.0000,0.0000,0.0000,0.0000,-3.1269,-0.2163,1.6395,0.0029,-0.0033,-0.0098
1774945507.4713,0.0000,0.0000,0.0000,0.0000,0.0000,-3.1260,-0.2163,0.8518,0.0050,-0.0033,-0.0130
1774945507.4912,0.0000,0.0000,0.0000,0.0000,0.0000,-3.1258,-0.2161,3.3699,0.0029,-0.0022,-0.0098
1774945507.5113,0.0000,0.0000,0.0000,0.0000,0.0000,-3.1261,-0.2160,-1.2658,0.0061,-0.0033,-0.0130
1774945507.5312,0.0000,0.0000,0.0000,0.0000,0.0000,-3.1258,-0.2162,0.7863,0.0019,-0.0022,-0.0098
1774945507.5513,0.0000,0.0000,0.0000,0.0000,0.0000,-3.1256,-0.2158,1.1385,0.0061,-0.0043,-0.0119
1774945507.5716,0.0000,0.0000,0.0000,0.0000,0.0000,-3.1254,-0.2157,-5.4822,0.0050,-0.0043,-0.0098
1774945507.5913,0.0000,0.0000,0.0000,0.0000,0.0000,-3.1254,-0.2161,2.5793,0.0029,-0.0033,-0.0098
1774945507.6113,0.0000,0.0000,0.0000,0.0000,0.0000,-3.1255,-0.2159,2.0278,0.0040,-0.0043,-0.0109
1774945507.6313,0.0000,0.0000,0.0000,0.0000,0.0000,-3.1254,-0.2158,-0.3946,0.0029,-0.0054,-0.0130
1774945507.6513,0.0000,0.0000,0.0000,0.0000,0.0000,-3.1248,-0.2160,0.7189,0.0050,-0.0043,-0.0130
1774945507.6716,0.0000,0.0000,0.0000,0.0000,0.0000,-3.1250,-0.2157,-3.3805,0.0019,-0.0033,-0.0119
1774945507.6913,0.0000,0.0000,0.0000,0.0000,0.0000,-3.1247,-0.2159,-2.6337,0.0040,-0.0054,-0.0119
1774945507.7114,0.0000,0.0000,0.0000,0.0000,0.0000,-3.1256,-0.2160,2.3851,0.0040,-0.0033,-0.0119
1774945507.7314,0.0000,0.0000,0.0000,0.0000,0.0000,-3.1248,-0.2164,0.3496,0.0019,-0.0043,-0.0119
1774945507.7513,0.0000,0.0000,0.0000,0.0000,0.0000,-3.1257,-0.2164,-0.0531,0.0040,-0.0022,-0.0130
1774945507.7713,0.0000,0.0000,0.0000,0.0000,0.0000,-3.1263,-0.2163,0.5138,0.0008,-0.0043,-0.0141
1774945507.7914,0.0000,0.0000,0.0000,0.0000,0.0000,-3.1255,-0.2163,2.4602,0.0040,-0.0054,-0.0141
1774945507.8122,0.0000,0.0000,0.0000,0.0000,0.0000,-3.1270,-0.2162,-3.4239,0.0008,-0.0043,-0.0098
1774945507.8314,0.0000,0.0000,0.0000,0.0000,0.0000,-3.1265,-0.2160,3.5683,0.0019,-0.0043,-0.0098
1774945507.8514,0.0000,0.0000,0.0000,0.0000,0.0000,-3.1265,-0.2159,-1.8827,0.0040,-0.0033,-0.0109
1774945507.8718,0.0000,0.0000,0.0000,0.0000,0.0000,-3.1267,-0.2163,0.0000,0.0029,-0.0022,-0.0119
1774945507.8916,0.0000,0.0000,0.0000,0.0000,0.0000,-3.1261,-0.2160,1.6449,0.0082,-0.0043,-0.0119
1774945507.9120,0.0000,0.0000,0.0000,0.0000,0.0000,-3.1263,-0.2158,-0.5680,0.0019,-0.0043,-0.0119
1774945507.9315,0.0000,0.0000,0.0000,0.0000,0.0000,-3.1255,-0.2157,1.5707,0.0029,-0.0033,-0.0119
1774945507.9520,0.0000,0.0000,0.0000,0.0000,0.0000,-3.1251,-0.2157,1.8119,0.0072,-0.0033,-0.0087
1774945507.9714,0.0000,0.0000,0.0000,0.0000,0.0000,-3.1253,-0.2154,-1.4422,0.0050,-0.0033,-0.0087
1774945507.9912,0.0000,0.0000,0.0000,0.0000,0.0000,-3.1247,-0.2161,-1.4290,0.0050,-0.0022,-0.0109
1774945508.0113,0.0000,0.0000,0.0000,0.0000,0.0000,-3.1259,-0.2162,2.8724,0.0029,-0.0033,-0.0098
1774945508.0313,0.0000,0.0000,0.0000,0.0000,0.0000,-3.1257,-0.2159,0.1180,0.0050,-0.0065,-0.0109
1774945508.0514,0.0000,0.0000,0.0000,0.0000,0.0000,-3.1252,-0.2161,-3.2117,0.0040,-0.0043,-0.0119
1774945508.0715,0.0000,0.0000,0.0000,0.0000,0.0000,-3.1247,-0.2163,-1.2034,0.0029,-0.0033,-0.0109
1774945508.0913,0.0000,0.0000,0.0000,0.0000,0.0000,-3.1249,-0.2160,-2.2545,0.0061,-0.0033,-0.0119
1774945508.1114,0.0000,0.0000,0.0000,0.0000,0.0000,-3.1253,-0.2162,-1.9768,0.0019,-0.0022,-0.0119
1774945508.1314,0.0000,0.0000,0.0000,0.0000,0.0000,-3.1250,-0.2161,1.0079,0.0061,-0.0033,-0.0130
1774945508.1514,0.0000,0.0000,0.0000,0.0000,0.0000,-3.1257,-0.2158,-1.2530,0.0019,-0.0043,-0.0119
1774945508.1717,0.0000,0.0000,0.0000,0.0000,0.0000,-3.1252,-0.2159,1.2446,0.0029,-0.0043,-0.0119
1774945508.1914,0.0000,0.0000,0.0000,0.0000,0.0000,-3.1252,-0.2159,2.3803,0.0008,-0.0033,-0.0119
1774945508.2115,0.0000,0.0000,0.0000,0.0000,0.0000,-3.1255,-0.2159,-0.5678,0.0061,-0.0033,-0.0109
1774945508.2314,0.0000,0.0000,0.0000,0.0000,0.0000,-3.1258,-0.2161,-0.5711,0.0040,-0.0033,-0.0098
1774945508.2514,0.0000,0.0000,0.0000,0.0000,0.0000,-3.1264,-0.2161,-0.4585,0.0008,-0.0043,-0.0109
1774945508.2714,0.0000,0.0000,0.0000,0.0000,0.0000,-3.1263,-0.2159,3.3396,0.0050,-0.0043,-0.0119
1774945508.2913,0.0000,0.0000,0.0000,0.0000,0.0000,-3.1267,-0.2161,-0.7334,0.0029,-0.0043,-0.0119
1774945508.3114,0.0000,0.0000,0.0000,0.0000,0.0000,-3.1262,-0.2163,0.4955,0.0029,-0.0043,-0.0098
1774945508.3313,0.0000,0.0000,0.0000,0.0000,0.0000,-3.1263,-0.2161,2.4866,0.0040,-0.0043,-0.0098
1774945508.3514,0.0000,0.0000,0.0000,0.0000,0.0000,-3.1263,-0.2162,-0.7955,0.0029,-0.0033,-0.0087
1774945508.3713,0.0000,0.0000,0.0000,0.0000,0.0000,-3.1254,-0.2165,3.0702,0.0072,-0.0022,-0.0087
1774945508.3913,0.0000,0.0000,0.0000,0.0000,0.0000,-3.1266,-0.2162,-1.4770,0.0061,-0.0054,-0.0077
1774945508.4114,0.0000,0.0000,0.0000,0.0000,0.0000,-3.1269,-0.2160,-1.9818,0.0061,-0.0043,-0.0098
1774945508.4313,0.0000,0.0000,0.0000,0.0000,0.0000,-3.1272,-0.2162,0.0000,0.0040,-0.0033,-0.0098
1774945508.4514,0.0000,0.0000,0.0000,0.0000,0.0000,-3.1282,-0.2172,0.0000,0.0040,-0.0043,-0.0087
1774945508.4713,0.0000,0.0000,0.0000,0.0000,0.0000,-3.1293,-0.2170,-3.5336,0.0040,-0.0054,-0.0087
1774945508.4914,0.0000,0.0000,0.0000,0.0000,0.0000,-3.1314,-0.2163,0.0000,0.0008,-0.0043,-0.0119
1774945508.5116,0.0000,0.0000,0.0000,0.0000,0.0000,-3.1298,-0.2156,0.0000,0.0040,-0.0054,-0.0098
1774945508.5313,0.0000,0.0000,0.0000,0.0000,0.0000,-3.1293,-0.2161,0.0000,0.0040,-0.0043,-0.0130
1774945508.5514,0.0000,0.0000,0.0000,0.0000,0.0000,-3.1294,-0.2156,0.0000,0.0061,-0.0033,-0.0119
1774945508.5715,0.0000,0.0000,0.0000,0.0000,0.0000,-3.1277,-0.2161,0.0000,0.0050,-0.0033,-0.0130
1774945508.5913,0.0000,0.0000,0.0000,0.0000,0.0000,-3.1285,-0.2173,0.0000,0.0040,-0.0033,-0.0130
1774945508.6113,0.0000,0.0000,0.0000,0.0000,0.0000,-3.1292,-0.2173,0.0000,0.0040,-0.0022,-0.0119
1774945508.6313,0.0000,0.0000,0.0000,0.0000,0.0000,-3.1302,-0.2175,0.0000,0.0019,-0.0054,-0.0130
1774945508.6515,0.0000,0.0000,0.0000,0.0000,0.0000,-3.1299,-0.2173,0.0000,0.0050,-0.0043,-0.0098
1774945508.6713,0.0000,0.0000,0.0000,0.0000,0.0000,-3.1300,-0.2165,0.0000,0.0040,-0.0033,-0.0109
1774945508.6914,0.0000,0.0000,0.0000,0.0000,0.0000,-3.1299,-0.2162,0.0000,0.0029,-0.0043,-0.0130
1774945508.7115,0.0000,0.0000,0.0000,0.0000,0.0000,-3.1288,-0.2165,0.0000,0.0050,-0.0033,-0.0119
1774945508.7317,0.0000,0.0000,0.0000,0.0000,0.0000,-3.1299,-0.2168,0.0000,0.0019,-0.0033,-0.0119
1774945508.7512,0.0000,0.0000,0.0000,0.0000,0.0000,-3.1300,-0.2174,0.0000,0.0040,-0.0043,-0.0130
1774945508.7714,0.0000,0.0000,0.0000,0.0000,0.0000,-3.1300,-0.2176,0.0000,0.0040,-0.0043,-0.0130
1774945508.7913,0.0000,0.0000,0.0000,0.0000,0.0000,-3.1294,-0.2170,0.6889,0.0029,-0.0033,-0.0119
1774945508.8113,0.0000,0.0000,0.0000,0.0000,0.0000,-3.1278,-0.2165,0.0000,0.0040,-0.0043,-0.0109
1774945508.8314,0.0000,0.0000,0.0000,0.0000,0.0000,-3.1280,-0.2164,-1.8694,0.0029,-0.0033,-0.0109
1774945508.8514,0.0000,0.0000,0.0000,0.0000,0.0000,-3.1269,-0.2161,0.5480,0.0040,-0.0043,-0.0109
1774945508.8715,0.0000,0.0000,0.0000,0.0000,0.0000,-3.1270,-0.2162,-1.1106,0.0050,-0.0033,-0.0109
1774945508.8914,0.0000,0.0000,0.0000,0.0000,0.0000,-3.1270,-0.2163,-0.2332,0.0029,-0.0043,-0.0109
1774945508.9114,0.0000,0.0000,0.0000,0.0000,0.0000,-3.1265,-0.2161,-1.0826,0.0029,-0.0033,-0.0109
1774945508.9318,0.0000,0.0000,0.0000,0.0000,0.0000,-3.1268,-0.2164,-0.8118,0.0008,-0.0043,-0.0119
1774945508.9514,0.0000,0.0000,0.0000,0.0000,0.0000,-3.1260,-0.2164,1.6641,0.0050,-0.0043,-0.0119
1774945508.9721,0.0000,0.0000,0.0000,0.0000,0.0000,-3.1267,-0.2163,-0.5893,0.0019,-0.0043,-0.0098
1774945508.9917,0.0000,0.0000,0.0000,0.0000,0.0000,-3.1265,-0.2161,0.0000,0.0029,-0.0033,-0.0109
1774945509.0114,0.0000,0.0000,0.0000,0.0000,0.0000,-3.1266,-0.2162,1.6849,0.0040,-0.0033,-0.0119
1774945509.0315,0.0000,0.0000,0.0000,0.0000,0.0000,-3.1268,-0.2161,1.4200,0.0019,-0.0043,-0.0098
1774945509.0512,0.0000,0.0000,0.0000,0.0000,0.0000,-3.1265,-0.2163,-1.1036,0.0050,-0.0022,-0.0109
1774945509.0712,0.0000,0.0000,0.0000,0.0000,0.0000,-3.1266,-0.2165,-2.3837,0.0019,-0.0033,-0.0119
1774945509.0915,0.0000,0.0000,0.0000,0.0000,0.0000,-3.1259,-0.2162,1.4096,0.0050,-0.0043,-0.0119
1774945509.1115,0.0000,0.0000,0.0000,0.0000,0.0000,-3.1263,-0.2162,-0.6848,0.0040,-0.0043,-0.0130
1774945509.1340,0.0000,0.0000,0.0000,0.0000,0.0000,-3.1258,-0.2162,-0.1616,0.0050,-0.0033,-0.0109
1774945509.1514,0.0000,0.0000,0.0000,0.0000,0.0000,-3.1260,-0.2161,-1.2951,0.0040,-0.0043,-0.0130
1774945509.1712,0.0000,0.0000,0.0000,0.0000,0.0000,-3.1265,-0.2162,-0.1139,0.0029,-0.0033,-0.0109
1774945509.1982,0.0000,0.0000,0.0000,0.0000,0.0000,-3.1259,-0.2163,1.8364,0.0050,-0.0033,-0.0109
1774945509.2118,0.0000,0.0000,0.0000,0.0000,0.0000,-3.1265,-0.2164,-1.1391,0.0019,-0.0033,-0.0119
1774945509.2344,0.0000,0.0000,0.0000,0.0000,0.0000,-3.1260,-0.2163,0.9544,0.0050,-0.0043,-0.0109
1774945509.2515,0.0000,0.0000,0.0000,0.0000,0.0000,-3.1264,-0.2159,0.4070,0.0029,-0.0033,-0.0098
1774945509.2715,0.0000,0.0000,0.0000,0.0000,0.0000,-3.1264,-0.2159,0.4070,0.0029,-0.0033,-0.0098
1774945509.2912,0.0000,0.0000,0.0000,0.0000,0.0000,-3.1264,-0.2161,-0.4539,0.0050,-0.0043,-0.0109
1774945509.3114,0.0000,0.0000,0.0000,0.0000,0.0000,-3.1269,-0.2164,-1.6515,-0.0003,-0.0054,-0.0119
1774945509.3315,0.0000,0.0000,0.0000,0.0000,0.0000,-3.1259,-0.2162,1.6283,0.0029,-0.0054,-0.0109
1774945509.3515,0.0000,0.0000,0.0000,0.0000,0.0000,-3.1266,-0.2160,-0.1683,0.0029,-0.0043,-0.0109
1774945509.3714,0.0000,0.0000,0.0000,0.0000,0.0000,-3.1263,-0.2161,0.4643,0.0029,-0.0043,-0.0109
1774945509.3914,0.0000,0.0000,0.0000,0.0000,0.0000,-3.1257,-0.2161,-1.5355,0.0061,-0.0033,-0.0130
1774945509.4114,0.0000,0.0000,0.0000,0.0000,0.0000,-3.1266,-0.2162,-1.7212,0.0029,-0.0033,-0.0119
1774945509.4315,0.0000,0.0000,0.0000,0.0000,0.0000,-3.1258,-0.2160,2.1551,0.0061,-0.0033,-0.0119
1774945509.4514,0.0000,0.0000,0.0000,0.0000,0.0000,-3.1266,-0.2162,1.1191,0.0040,-0.0033,-0.0109
1774945509.4718,0.0000,0.0000,0.0000,0.0000,0.0000,-3.1261,-0.2162,2.0319,0.0040,-0.0033,-0.0109
1774945509.4913,0.0000,0.0000,0.0000,0.0000,0.0000,-3.1263,-0.2162,0.3443,0.0050,-0.0043,-0.0119
1774945509.5133,0.0000,0.0000,0.0000,0.0000,0.0000,-3.1265,-0.2163,0.1133,0.0019,-0.0022,-0.0119
1774945509.5321,0.0000,0.0000,0.0000,0.0000,0.0000,-3.1258,-0.2162,-1.1691,0.0072,-0.0022,-0.0130
1774945509.5514,0.0000,0.0000,0.0000,0.0000,0.0000,-3.1267,-0.2162,-2.0576,0.0029,-0.0043,-0.0119
1774945509.5713,0.0000,0.0000,0.0000,0.0000,0.0000,-3.1261,-0.2162,0.9775,0.0029,-0.0043,-0.0087
1774945509.5913,0.0000,0.0000,0.0000,0.0000,0.0000,-3.1263,-0.2162,-0.1711,0.0061,-0.0033,-0.0119
1774945509.6114,0.0000,0.0000,0.0000,0.0000,0.0000,-3.1264,-0.2162,0.7955,0.0029,-0.0043,-0.0098
1774945509.6315,0.0000,0.0000,0.0000,0.0000,0.0000,-3.1261,-0.2161,-0.5194,0.0050,-0.0033,-0.0119
1774945509.6515,0.0000,0.0000,0.0000,0.0000,0.0000,-3.1266,-0.2161,0.2323,0.0040,-0.0033,-0.0109
1774945509.6714,0.0000,0.0000,0.0000,0.0000,0.0000,-3.1261,-0.2160,1.2070,0.0029,-0.0033,-0.0098
1774945509.6913,0.0000,0.0000,0.0000,0.0000,0.0000,-3.1267,-0.2162,-1.2352,0.0029,-0.0043,-0.0109
1774945509.7113,0.0000,0.0000,0.0000,0.0000,0.0000,-3.1262,-0.2160,0.8620,0.0040,-0.0043,-0.0109
1774945509.7314,0.0000,0.0000,0.0000,0.0000,0.0000,-3.1263,-0.2162,0.0000,0.0040,-0.0033,-0.0109
1774945509.7514,0.0000,0.0000,0.0000,0.0000,0.0000,-3.1264,-0.2162,0.8919,0.0029,-0.0033,-0.0119
1774945509.7715,0.0000,0.0000,0.0000,0.0000,0.0000,-3.1263,-0.2163,-1.3875,0.0061,-0.0043,-0.0119
1774945509.7913,0.0000,0.0000,0.0000,0.0000,0.0000,-3.1268,-0.2164,-1.8254,0.0019,-0.0022,-0.0109
1774945509.8154,0.0000,0.0000,0.0000,0.0000,0.0000,-3.1261,-0.2163,0.4306,0.0061,-0.0033,-0.0130
1774945509.8322,0.0000,0.0000,0.0000,0.0000,0.0000,-3.1269,-0.2161,0.1139,0.0029,-0.0033,-0.0109
1774945509.8515,0.0000,0.0000,0.0000,0.0000,0.0000,-3.1265,-0.2162,1.2048,0.0019,-0.0043,-0.0098
1774945509.8714,0.0000,0.0000,0.0000,0.0000,0.0000,-3.1261,-0.2160,-0.2751,0.0050,-0.0033,-0.0130
1774945509.8914,0.0000,0.0000,0.0000,0.0000,0.0000,-3.1266,-0.2163,-0.4598,0.0029,-0.0022,-0.0119
1774945509.9113,0.0000,0.0000,0.0000,0.0000,0.0000,-3.1259,-0.2162,1.0428,0.0040,-0.0043,-0.0098
1774945509.9315,0.0000,0.0000,0.0000,0.0000,0.0000,-3.1266,-0.2164,-0.8663,0.0040,-0.0033,-0.0119
1774945509.9535,0.0000,0.0000,0.0000,0.0000,0.0000,-3.1258,-0.2162,-0.6907,0.0040,-0.0033,-0.0119
1774945509.9714,0.0000,0.0000,0.0000,0.0000,0.0000,-3.1263,-0.2159,0.0000,0.0061,-0.0043,-0.0119
1774945509.9915,0.0000,0.0000,0.0000,0.0000,0.0000,-3.1264,-0.2161,0.0000,0.0019,-0.0033,-0.0109
1774945510.0114,0.0000,0.0000,0.0000,0.0000,0.0000,-3.1258,-0.2161,-0.8524,0.0050,-0.0033,-0.0119
1774945510.0314,0.0000,0.0000,0.0000,0.0000,0.0000,-3.1267,-0.2163,-1.6847,0.0019,-0.0043,-0.0119
1774945510.0514,0.0000,0.0000,0.0000,0.0000,0.0000,-3.1259,-0.2163,1.6159,0.0040,-0.0033,-0.0119
1774945510.0714,0.0000,0.0000,0.0000,0.0000,0.0000,-3.1263,-0.2162,0.2884,0.0029,-0.0043,-0.0109
1774945510.0914,0.0000,0.0000,0.0000,0.0000,0.0000,-3.1264,-0.2162,-0.1696,0.0050,-0.0033,-0.0130
1774945510.1114,0.0000,0.0000,0.0000,0.0000,0.0000,-3.1260,-0.2161,-0.9121,0.0061,-0.0033,-0.0119
1774945510.1315,0.0000,0.0000,0.0000,0.0000,0.0000,-3.1267,-0.2163,0.1706,0.0019,-0.0054,-0.0119
1774945510.1518,0.0000,0.0000,0.0000,0.0000,0.0000,-3.1261,-0.2161,1.0642,0.0050,-0.0043,-0.0119
1774945510.1714,0.0000,0.0000,0.0000,0.0000,0.0000,-3.1267,-0.2162,-1.8727,0.0050,-0.0033,-0.0119
1774945510.1913,0.0000,0.0000,0.0000,0.0000,0.0000,-3.1261,-0.2162,0.4688,0.0029,-0.0033,-0.0098
1774945510.2114,0.0000,0.0000,0.0000,0.0000,0.0000,-3.1263,-0.2161,0.4696,0.0050,-0.0033,-0.0119
1774945510.2314,0.0000,0.0000,0.0000,0.0000,0.0000,-3.1265,-0.2162,1.3777,0.0019,-0.0054,-0.0119
1774945510.2512,0.0000,0.0000,0.0000,0.0000,0.0000,-3.1261,-0.2162,-0.9038,0.0040,-0.0033,-0.0119
1774945510.2714,0.0000,0.0000,0.0000,0.0000,0.0000,-3.1265,-0.2163,-1.4336,0.0019,-0.0043,-0.0119
1774945510.2914,0.0000,0.0000,0.0000,0.0000,0.0000,-3.1257,-0.2162,0.9736,0.0019,-0.0043,-0.0109
1774945510.3114,0.0000,0.0000,0.0000,0.0000,0.0000,-3.1261,-0.2163,-0.4011,0.0029,-0.0033,-0.0109
1774945510.3314,0.0000,0.0000,0.0000,0.0000,0.0000,-3.1262,-0.2162,0.8246,0.0029,-0.0043,-0.0098
1774945510.3514,0.0000,0.0000,0.0000,0.0000,0.0000,-3.1262,-0.2160,-0.6264,0.0040,-0.0022,-0.0130
1774945510.3714,0.0000,0.0000,0.0000,0.0000,0.0000,-3.1265,-0.2162,0.0000,0.0008,-0.0043,-0.0119
1774945510.3912,0.0000,0.0000,0.0000,0.0000,0.0000,-3.1260,-0.2163,0.9349,0.0050,-0.0033,-0.0098
1774945510.4112,0.0000,0.0000,0.0000,0.0000,0.0000,-3.1268,-0.2163,-0.6332,0.0040,-0.0043,-0.0130
1774945510.4314,0.0000,0.0000,0.0000,0.0000,0.0000,-3.1261,-0.2161,2.1405,0.0040,-0.0054,-0.0109
1774945510.4514,0.0000,0.0000,0.0000,0.0000,0.0000,-3.1264,-0.2160,-0.1674,0.0040,-0.0043,-0.0119
1774945510.4714,0.0000,0.0000,0.0000,0.0000,0.0000,-3.1265,-0.2161,0.1128,0.0019,-0.0033,-0.0098
1774945510.4913,0.0000,0.0000,0.0000,0.0000,0.0000,-3.1257,-0.2163,0.1650,0.0061,-0.0022,-0.0119
1774945510.5113,0.0000,0.0000,0.0000,0.0000,0.0000,-3.1266,-0.2163,-0.7223,0.0019,-0.0033,-0.0109
1774945510.5314,0.0000,0.0000,0.0000,0.0000,0.0000,-3.1260,-0.2162,2.0164,0.0061,-0.0043,-0.0109
1774945510.5514,0.0000,0.0000,0.0000,0.0000,0.0000,-3.1266,-0.2161,-0.5199,0.0029,-0.0043,-0.0119
1774945510.5713,0.0000,0.0000,0.0000,0.0000,0.0000,-3.1261,-0.2160,0.3946,0.0019,-0.0033,-0.0109
1774945510.5913,0.0000,0.0000,0.0000,0.0000,0.0000,-3.1259,-0.2160,-0.6965,0.0029,-0.0033,-0.0098
1774945510.6114,0.0000,0.0000,0.0000,0.0000,0.0000,-3.1265,-0.2160,0.2856,0.0029,-0.0043,-0.0109
1774945510.6318,0.0000,0.0000,0.0000,0.0000,0.0000,-3.1259,-0.2160,0.7077,0.0061,-0.0043,-0.0119
1774945510.6513,0.0000,0.0000,0.0000,0.0000,0.0000,-3.1267,-0.2161,-1.5249,0.0008,-0.0043,-0.0109
1774945510.6714,0.0000,0.0000,0.0000,0.0000,0.0000,-3.1260,-0.2160,0.8335,0.0040,-0.0033,-0.0119
1774945510.6914,0.0000,0.0000,0.0000,0.0000,0.0000,-3.1262,-0.2160,0.5287,0.0019,-0.0033,-0.0098
1774945510.7113,0.0000,0.0000,0.0000,0.0000,0.0000,-3.1265,-0.2162,0.8188,0.0029,-0.0022,-0.0098
1774945510.7321,0.0000,0.0000,0.0000,0.0000,0.0000,-3.1259,-0.2160,-0.7197,0.0061,-0.0043,-0.0119
1774945510.7522,0.0000,0.0000,0.0000,0.0000,0.0000,-3.1267,-0.2162,-1.9478,0.0019,-0.0033,-0.0119
1774945510.7717,0.0000,0.0000,0.0000,0.0000,0.0000,-3.1260,-0.2161,1.1642,0.0072,-0.0043,-0.0119
1774945510.7913,0.0000,0.0000,0.0000,0.0000,0.0000,-3.1264,-0.2162,-0.1180,0.0040,-0.0043,-0.0109
1774945510.8114,0.0000,0.0000,0.0000,0.0000,0.0000,-3.1264,-0.2161,0.5175,0.0040,-0.0043,-0.0130
1774945510.8313,0.0000,0.0000,0.0000,0.0000,0.0000,-3.1261,-0.2160,-0.3825,0.0040,-0.0043,-0.0109
1774945510.8513,0.0000,0.0000,0.0000,0.0000,0.0000,-3.1266,-0.2161,1.3253,0.0019,-0.0043,-0.0098
1774945510.8713,0.0000,0.0000,0.0000,0.0000,0.0000,-3.1258,-0.2162,1.2435,0.0040,-0.0043,-0.0109
1774945510.8915,0.0000,0.0000,0.0000,0.0000,0.0000,-3.1263,-0.2161,-0.6480,0.0029,-0.0043,-0.0119
1774945510.9118,0.0000,0.0000,0.0000,0.0000,0.0000,-3.1259,-0.2161,0.5487,0.0061,-0.0043,-0.0119
1774945510.9315,0.0000,0.0000,0.0000,0.0000,0.0000,-3.1262,-0.2160,-0.1078,0.0040,-0.0043,-0.0119
1774945510.9513,0.0000,0.0000,0.0000,0.0000,0.0000,-3.1263,-0.2161,0.1126,0.0019,-0.0033,-0.0109
1774945510.9712,0.0000,0.0000,0.0000,0.0000,0.0000,-3.1264,-0.2162,0.0000,0.0040,-0.0033,-0.0109
1774945510.9913,0.0000,0.0000,0.0000,0.0000,0.0000,-3.1266,-0.2161,-1.6471,0.0029,-0.0033,-0.0109
1774945511.0113,0.0000,0.0000,0.0000,0.0000,0.0000,-3.1258,-0.2162,0.0000,0.0040,-0.0054,-0.0130
1774945511.0314,0.0000,0.0000,0.0000,0.0000,0.0000,-3.1261,-0.2162,0.0000,0.0029,-0.0054,-0.0109
1774945511.0514,0.0000,0.0000,0.0000,0.0000,0.0000,-3.1261,-0.2161,0.0000,0.0029,-0.0043,-0.0109
1774945511.0716,0.0000,0.0000,0.0000,0.0000,0.0000,-3.1259,-0.2159,0.0000,0.0040,-0.0033,-0.0130
1774945511.0913,0.0000,0.0000,0.0000,0.0000,0.0000,-3.1266,-0.2162,0.0000,0.0019,-0.0043,-0.0109
1774945511.1114,0.0000,0.0000,0.0000,0.0000,0.0000,-3.1255,-0.2162,0.0000,0.0061,-0.0022,-0.0109
1774945511.1315,0.0000,0.0000,0.0000,0.0000,0.0000,-3.1263,-0.2160,0.0000,0.0019,-0.0054,-0.0087
1774945511.1515,0.0000,0.0000,0.0000,0.0000,0.0000,-3.1261,-0.2162,0.0000,0.0040,-0.0033,-0.0109
1774945511.1714,0.0000,0.0000,0.0000,0.0000,0.0000,-3.1261,-0.2161,0.0000,0.0040,-0.0033,-0.0130
1774945511.1913,0.0000,0.0000,0.0000,0.0000,0.0000,-3.1264,-0.2162,0.0000,0.0029,-0.0033,-0.0109
1774945511.2115,0.0000,0.0000,0.0000,0.0000,0.0000,-3.1265,-0.2160,-0.1648,0.0050,-0.0043,-0.0109
1774945511.2314,0.0000,0.0000,0.0000,0.0000,0.0000,-3.1272,-0.2161,0.0000,0.0008,-0.0033,-0.0109
1774945511.2513,0.0000,0.0000,0.0000,0.0000,0.0000,-3.1265,-0.2160,0.0000,0.0061,-0.0033,-0.0119
1774945511.2713,0.0000,0.0000,0.0000,0.0000,0.0000,-3.1268,-0.2162,0.0000,0.0029,-0.0043,-0.0109
1774945511.2913,0.0000,0.0000,0.0000,0.0000,0.0000,-3.1266,-0.2164,0.0000,0.0008,-0.0022,-0.0087
1774945511.3113,0.0000,0.0000,0.0000,0.0000,0.0000,-3.1267,-0.2156,0.0000,0.0040,-0.0033,-0.0109
1774945511.3313,0.0000,0.0000,0.0000,0.0000,0.0000,-3.1269,-0.2150,0.0000,0.0019,-0.0075,-0.0119
1774945511.3516,0.0000,0.0000,0.0000,0.0000,0.0000,-3.1247,-0.2152,1.8715,0.0040,-0.0054,-0.0119
1774945511.3714,0.0000,0.0000,0.0000,0.0000,0.0000,-3.1244,-0.2154,0.7516,0.0050,-0.0033,-0.0119
1774945511.3912,0.0000,0.0000,0.0000,0.0000,0.0000,-3.1258,-0.2148,0.0000,0.0029,-0.0033,-0.0119
1774945511.4112,0.0000,0.0000,0.0000,0.0000,0.0000,-3.1263,-0.2149,-1.1341,0.0029,-0.0043,-0.0119
1774945511.4314,0.0000,0.0000,0.0000,0.0000,0.0000,-3.1274,-0.2158,-0.7806,0.0040,-0.0033,-0.0130
1774945511.4513,0.0000,0.0000,0.0000,0.0000,0.0000,-3.1280,-0.2160,2.0570,0.0029,-0.0022,-0.0109
1774945511.4714,0.0000,0.0000,0.0000,0.0000,0.0000,-3.1290,-0.2164,-1.7496,0.0029,-0.0043,-0.0130
1774945511.4912,0.0000,0.0000,0.0000,0.0000,0.0000,-3.1276,-0.2169,-0.3230,0.0040,-0.0033,-0.0109
1774945511.5114,0.0000,0.0000,0.0000,0.0000,0.0000,-3.1265,-0.2171,-0.4621,0.0061,-0.0022,-0.0119
1774945511.5314,0.0000,0.0000,0.0000,0.0000,0.0000,-3.1259,-0.2169,0.0000,0.0029,-0.0043,-0.0130
1774945511.5513,0.0000,0.0000,0.0000,0.0000,0.0000,-3.1244,-0.2166,0.3894,0.0061,-0.0043,-0.0130
1774945511.5713,0.0000,0.0000,0.0000,0.0000,0.0000,-3.1250,-0.2165,-1.5418,0.0029,-0.0033,-0.0130
1774945511.5913,0.0000,0.0000,0.0000,0.0000,0.0000,-3.1248,-0.2160,0.8811,0.0019,-0.0022,-0.0098
1774945511.6114,0.0000,0.0000,0.0000,0.0000,0.0000,-3.1257,-0.2155,0.7995,0.0029,-0.0054,-0.0119
1774945511.6314,0.0000,0.0000,0.0000,0.0000,0.0000,-3.1266,-0.2155,1.1751,0.0019,-0.0033,-0.0119
1774945511.6517,0.0000,0.0000,0.0000,0.0000,0.0000,-3.1270,-0.2157,-0.8723,0.0050,-0.0012,-0.0119
1774945511.6717,0.0000,0.0000,0.0000,0.0000,0.0000,-3.1279,-0.2160,-0.6863,0.0029,-0.0043,-0.0119
1774945511.6918,0.0000,0.0000,0.0000,0.0000,0.0000,-3.1271,-0.2162,0.9881,0.0050,-0.0043,-0.0098
1774945511.7124,0.0000,0.0000,0.0000,0.0000,0.0000,-3.1272,-0.2166,-0.9087,0.0040,-0.0033,-0.0098
1774945511.7312,0.0000,0.0000,0.0000,0.0000,0.0000,-3.1262,-0.2164,1.3171,0.0019,-0.0043,-0.0109
1774945511.7513,0.0000,0.0000,0.0000,0.0000,0.0000,-3.1253,-0.2162,0.0000,0.0040,-0.0043,-0.0119
1774945511.7712,0.0000,0.0000,0.0000,0.0000,0.0000,-3.1254,-0.2162,0.8002,0.0019,-0.0043,-0.0119
1774945511.7940,0.0000,0.0000,0.0000,0.0000,0.0000,-3.1250,-0.2158,-0.3986,0.0029,-0.0043,-0.0098
1774945511.8112,0.0000,0.0000,0.0000,0.0000,0.0000,-3.1260,-0.2158,-1.5001,0.0029,-0.0043,-0.0109
1774945511.8314,0.0000,0.0000,0.0000,0.0000,0.0000,-3.1261,-0.2157,0.9198,0.0050,-0.0043,-0.0119
1774945511.8528,0.0000,0.0000,0.0000,0.0000,0.0000,-3.1273,-0.2158,0.4106,0.0040,-0.0043,-0.0109
1774945511.8715,0.0000,0.0000,0.0000,0.0000,0.0000,-3.1273,-0.2160,0.1182,0.0019,-0.0033,-0.0098
1774945511.8912,0.0000,0.0000,0.0000,0.0000,0.0000,-3.1270,-0.2161,-1.0301,0.0050,-0.0033,-0.0109
1774945511.9123,0.0000,0.0000,0.0000,0.0000,0.0000,-3.1272,-0.2165,-0.7549,0.0029,-0.0022,-0.0119
1774945511.9314,0.0000,0.0000,0.0000,0.0000,0.0000,-3.1260,-0.2164,1.1224,0.0050,-0.0043,-0.0109
1774945511.9513,0.0000,0.0000,0.0000,0.0000,0.0000,-3.1265,-0.2163,-1.2703,0.0050,-0.0033,-0.0119
1774945511.9713,0.0000,0.0000,0.0000,0.0000,0.0000,-3.1257,-0.2161,0.5746,0.0050,-0.0043,-0.0109
1774945511.9913,0.0000,0.0000,0.0000,0.0000,0.0000,-3.1257,-0.2157,0.0000,0.0040,-0.0022,-0.0119
1774945512.0113,0.0000,0.0000,0.0000,0.0000,0.0000,-3.1263,-0.2158,0.9621,0.0019,-0.0043,-0.0098
1774945512.0314,0.0000,0.0000,0.0000,0.0000,0.0000,-3.1258,-0.2158,0.6497,0.0050,-0.0033,-0.0119
1774945512.0513,0.0000,0.0000,0.0000,0.0000,0.0000,-3.1270,-0.2160,-1.5014,-0.0013,-0.0033,-0.0098
1774945512.0713,0.0000,0.0000,0.0000,0.0000,0.0000,-3.1263,-0.2163,0.5153,0.0050,-0.0043,-0.0119
1774945512.0914,0.0000,0.0000,0.0000,0.0000,0.0000,-3.1270,-0.2162,0.0000,0.0040,-0.0022,-0.0098
1774945512.1114,0.0000,0.0000,0.0000,0.0000,0.0000,-3.1270,-0.2164,-0.5039,0.0040,-0.0022,-0.0109
1774945512.1314,0.0000,0.0000,0.0000,0.0000,0.0000,-3.1260,-0.2163,-1.2611,0.0040,-0.0033,-0.0119
1774945512.1514,0.0000,0.0000,0.0000,0.0000,0.0000,-3.1266,-0.2162,-0.9502,0.0019,-0.0033,-0.0119
1774945512.1714,0.0000,0.0000,0.0000,0.0000,0.0000,-3.1255,-0.2160,0.9746,0.0050,-0.0043,-0.0109
1774945512.1950,0.0000,0.0000,0.0000,0.0000,0.0000,-3.1261,-0.2158,-0.4973,0.0029,-0.0043,-0.0109
1774945512.2115,0.0000,0.0000,0.0000,0.0000,0.0000,-3.1258,-0.2160,0.8213,0.0019,-0.0043,-0.0119
1774945512.2314,0.0000,0.0000,0.0000,0.0000,0.0000,-3.1259,-0.2160,0.2849,0.0040,-0.0043,-0.0130
1774945512.2513,0.0000,0.0000,0.0000,0.0000,0.0000,-3.1267,-0.2161,0.4513,0.0029,-0.0033,-0.0119
1774945512.2767,0.0000,0.0000,0.0000,0.0000,0.0000,-3.1265,-0.2163,-0.3504,0.0029,-0.0033,-0.0098
1774945512.2915,0.0000,0.0000,0.0000,0.0000,0.0000,-3.1272,-0.2162,-1.6412,-0.0003,-0.0043,-0.0119
1774945512.3115,0.0000,0.0000,0.0000,0.0000,0.0000,-3.1264,-0.2163,0.0883,0.0040,-0.0043,-0.0098
1774945512.3315,0.0000,0.0000,0.0000,0.0000,0.0000,-3.1267,-0.2162,0.0000,0.0029,-0.0043,-0.0109
1774945512.3513,0.0000,0.0000,0.0000,0.0000,0.0000,-3.1265,-0.2161,0.6275,0.0019,-0.0043,-0.0109
1774945512.3712,0.0000,0.0000,0.0000,0.0000,0.0000,-3.1260,-0.2160,-0.5850,0.0029,-0.0033,-0.0109
1774945512.3913,0.0000,0.0000,0.0000,0.0000,0.0000,-3.1262,-0.2158,-0.1709,0.0019,-0.0043,-0.0109
1774945512.4114,0.0000,0.0000,0.0000,0.0000,0.0000,-3.1255,-0.2159,0.9669,0.0040,-0.0033,-0.0109
1774945512.4314,0.0000,0.0000,0.0000,0.0000,0.0000,-3.1262,-0.2161,-1.5923,0.0029,-0.0033,-0.0109
1774945512.4513,0.0000,0.0000,0.0000,0.0000,0.0000,-3.1259,-0.2162,0.5216,0.0029,-0.0033,-0.0109
1774945512.4713,0.0000,0.0000,0.0000,0.0000,0.0000,-3.1264,-0.2161,0.3364,0.0029,-0.0033,-0.0119
1774945512.4914,0.0000,0.0000,0.0000,0.0000,0.0000,-3.1268,-0.2161,0.8723,0.0040,-0.0043,-0.0098
1774945512.5114,0.0000,0.0000,0.0000,0.0000,0.0000,-3.1262,-0.2161,-0.3473,0.0061,-0.0043,-0.0119
1774945512.5315,0.0000,0.0000,0.0000,0.0000,0.0000,-3.1270,-0.2163,-2.1687,0.0019,-0.0043,-0.0109
1774945512.5514,0.0000,0.0000,0.0000,0.0000,0.0000,-3.1260,-0.2162,1.2685,0.0040,-0.0043,-0.0098
1774945512.5713,0.0000,0.0000,0.0000,0.0000,0.0000,-3.1266,-0.2160,0.0541,0.0029,-0.0043,-0.0130
1774945512.5913,0.0000,0.0000,0.0000,0.0000,0.0000,-3.1262,-0.2161,0.7983,0.0040,-0.0033,-0.0109
1774945512.6113,0.0000,0.0000,0.0000,0.0000,0.0000,-3.1259,-0.2162,-1.1624,0.0040,-0.0022,-0.0119
1774945512.6314,0.0000,0.0000,0.0000,0.0000,0.0000,-3.1264,-0.2162,-0.3461,0.0008,-0.0033,-0.0109
1774945512.6513,0.0000,0.0000,0.0000,0.0000,0.0000,-3.1257,-0.2161,0.9331,0.0050,-0.0043,-0.0109
1774945512.6713,0.0000,0.0000,0.0000,0.0000,0.0000,-3.1269,-0.2161,-0.6019,0.0029,-0.0033,-0.0109
1774945512.6913,0.0000,0.0000,0.0000,0.0000,0.0000,-3.1264,-0.2161,0.2891,0.0029,-0.0022,-0.0098
1774945512.7113,0.0000,0.0000,0.0000,0.0000,0.0000,-3.1265,-0.2161,-0.1691,0.0029,-0.0033,-0.0119
1774945512.7315,0.0000,0.0000,0.0000,0.0000,0.0000,-3.1268,-0.2162,0.5816,0.0019,-0.0043,-0.0109
1774945512.7513,0.0000,0.0000,0.0000,0.0000,0.0000,-3.1261,-0.2160,0.6971,0.0050,-0.0043,-0.0130
1774945512.7713,0.0000,0.0000,0.0000,0.0000,0.0000,-3.1269,-0.2159,-0.8719,0.0019,-0.0054,-0.0119
1774945512.7913,0.0000,0.0000,0.0000,0.0000,0.0000,-3.1261,-0.2159,1.2952,0.0050,-0.0043,-0.0119
1774945512.8114,0.0000,0.0000,0.0000,0.0000,0.0000,-3.1261,-0.2161,0.3773,0.0040,-0.0033,-0.0119
1774945512.8313,0.0000,0.0000,0.0000,0.0000,0.0000,-3.1261,-0.2160,0.9254,0.0019,-0.0043,-0.0109
1774945512.8513,0.0000,0.0000,0.0000,0.0000,0.0000,-3.1259,-0.2162,-0.6897,0.0040,-0.0033,-0.0109
1774945512.8713,0.0000,0.0000,0.0000,0.0000,0.0000,-3.1269,-0.2165,0.5925,0.0029,-0.0022,-0.0109
1774945512.8913,0.0000,0.0000,0.0000,0.0000,0.0000,-3.1263,-0.2162,1.6967,0.0061,-0.0022,-0.0130
1774945512.9114,0.0000,0.0000,0.0000,0.0000,0.0000,-3.1273,-0.2165,0.7620,0.0019,-0.0043,-0.0109
1774945512.9314,0.0000,0.0000,0.0000,0.0000,0.0000,-3.1272,-0.2162,-2.9581,0.0019,-0.0043,-0.0119
1774945512.9514,0.0000,0.0000,0.0000,0.0000,0.0000,-3.1264,-0.2167,-4.7125,0.0040,-0.0033,-0.0109
1774945512.9713,0.0000,0.0000,0.0000,0.0000,0.0000,-3.1264,-0.2167,-1.4549,0.0029,-0.0022,-0.0109
1774945512.9913,0.0000,0.0000,0.0000,0.0000,0.0000,-3.1266,-0.2165,-0.6379,0.0061,-0.0033,-0.0098
1774945513.0115,0.0000,0.0000,0.0000,0.0000,0.0000,-3.1269,-0.2165,-0.9023,0.0040,-0.0043,-0.0109
1774945513.0313,0.0000,0.0000,0.0000,0.0000,0.0000,-3.1272,-0.2162,4.0195,0.0050,-0.0033,-0.0098
1774945513.0513,0.0000,0.0000,0.0000,0.0000,0.0000,-3.1269,-0.2163,1.7237,0.0040,-0.0033,-0.0119
1774945513.0713,0.0000,0.0000,0.0000,0.0000,0.0000,-3.1261,-0.2163,1.5533,0.0029,-0.0033,-0.0109
1774945513.0914,0.0000,0.0000,0.0000,0.0000,0.0000,-3.1258,-0.2161,-0.6527,0.0050,-0.0033,-0.0119
1774945513.1113,0.0000,0.0000,0.0000,0.0000,0.0000,-3.1260,-0.2162,-0.9131,0.0050,-0.0033,-0.0098
1774945513.1313,0.0000,0.0000,0.0000,0.0000,0.0000,-3.1257,-0.2161,-0.1686,0.0061,-0.0022,-0.0109
1774945513.1513,0.0000,0.0000,0.0000,0.0000,0.0000,-3.1266,-0.2161,-2.2344,0.0040,-0.0033,-0.0098
1774945513.1716,0.0000,0.0000,0.0000,0.0000,0.0000,-3.1261,-0.2160,0.2726,0.0029,-0.0043,-0.0098
1774945513.1913,0.0000,0.0000,0.0000,0.0000,0.0000,-3.1262,-0.2160,-0.2270,0.0061,-0.0022,-0.0119
1774945513.2114,0.0000,0.0000,0.0000,0.0000,0.0000,-3.1260,-0.2161,1.2989,0.0029,-0.0043,-0.0119
1774945513.2318,0.0000,0.0000,0.0000,0.0000,0.0000,-3.1254,-0.2160,-0.2808,0.0050,-0.0033,-0.0098
1774945513.2514,0.0000,0.0000,0.0000,0.0000,0.0000,-3.1261,-0.2162,-1.7971,0.0040,-0.0043,-0.0119
1774945513.2752,0.0000,0.0000,0.0000,0.0000,0.0000,-3.1253,-0.2160,1.0387,0.0050,-0.0043,-0.0109
1774945513.2914,0.0000,0.0000,0.0000,0.0000,0.0000,-3.1263,-0.2159,-0.6232,0.0040,-0.0043,-0.0119
1774945513.3115,0.0000,0.0000,0.0000,0.0000,0.0000,-3.1262,-0.2162,-0.2304,0.0040,-0.0033,-0.0098
1774945513.3315,0.0000,0.0000,0.0000,0.0000,0.0000,-3.1260,-0.2162,-0.6171,0.0050,-0.0033,-0.0130
1774945513.3515,0.0000,0.0000,0.0000,0.0000,0.0000,-3.1264,-0.2163,-0.2838,0.0029,-0.0043,-0.0109
1774945513.3714,0.0000,0.0000,0.0000,0.0000,0.0000,-3.1255,-0.2162,1.3194,0.0061,-0.0033,-0.0109
1774945513.3914,0.0000,0.0000,0.0000,0.0000,0.0000,-3.1262,-0.2161,-1.3929,0.0029,-0.0043,-0.0130
1774945513.4113,0.0000,0.0000,0.0000,0.0000,0.0000,-3.1257,-0.2159,0.1111,0.0029,-0.0043,-0.0119
1774945513.4313,0.0000,0.0000,0.0000,0.0000,0.0000,-3.1258,-0.2160,-0.1725,0.0029,-0.0033,-0.0119
1774945513.4514,0.0000,0.0000,0.0000,0.0000,0.0000,-3.1265,-0.2162,1.6635,0.0019,-0.0022,-0.0109
1774945513.4713,0.0000,0.0000,0.0000,0.0000,0.0000,-3.1261,-0.2161,-0.1148,0.0061,-0.0033,-0.0109
1774945513.4912,0.0000,0.0000,0.0000,0.0000,0.0000,-3.1267,-0.2162,-0.8845,0.0019,-0.0022,-0.0109
1774945513.5112,0.0000,0.0000,0.0000,0.0000,0.0000,-3.1261,-0.2160,1.2304,0.0050,-0.0043,-0.0141
1774945513.5314,0.0000,0.0000,0.0000,0.0000,0.0000,-3.1261,-0.2158,0.0000,0.0040,-0.0033,-0.0119
1774945513.5514,0.0000,0.0000,0.0000,0.0000,0.0000,-3.1264,-0.2160,0.0000,0.0019,-0.0043,-0.0098
1774945513.5714,0.0000,0.0000,0.0000,0.0000,0.0000,-3.1260,-0.2160,0.0000,0.0040,-0.0022,-0.0130
1774945513.5913,0.0000,0.0000,0.0000,0.0000,0.0000,-3.1271,-0.2160,0.0000,0.0040,-0.0043,-0.0119
1774945513.6113,0.0000,0.0000,0.0000,0.0000,0.0000,-3.1260,-0.2159,0.0000,0.0040,-0.0033,-0.0109
1774945513.6315,0.0000,0.0000,0.0000,0.0000,0.0000,-3.1263,-0.2160,0.0000,0.0019,-0.0022,-0.0119
1774945513.6513,0.0000,0.0000,0.0000,0.0000,0.0000,-3.1265,-0.2158,0.0000,0.0019,-0.0043,-0.0119
1774945513.6715,0.0000,0.0000,0.0000,0.0000,0.0000,-3.1261,-0.2157,0.0000,0.0019,-0.0043,-0.0109
1774945513.6914,0.0000,0.0000,0.0000,0.0000,0.0000,-3.1264,-0.2163,0.0000,0.0019,-0.0043,-0.0119
1774945513.7115,0.0000,0.0000,0.0000,0.0000,0.0000,-3.1262,-0.2162,0.0000,0.0061,-0.0033,-0.0130
1774945513.7315,0.0000,0.0000,0.0000,0.0000,0.0000,-3.1278,-0.2164,0.0000,0.0019,-0.0043,-0.0119
1774945513.7514,0.0000,0.0000,0.0000,0.0000,0.0000,-3.1278,-0.2161,0.0000,0.0040,-0.0054,-0.0130
1774945513.7713,0.0000,0.0000,0.0000,0.0000,0.0000,-3.1262,-0.2159,0.0000,0.0029,-0.0054,-0.0119
1774945513.7912,0.0000,0.0000,0.0000,0.0000,0.0000,-3.1260,-0.2157,0.0000,0.0029,-0.0043,-0.0098
1774945513.8114,0.0000,0.0000,0.0000,0.0000,0.0000,-3.1239,-0.2159,0.0000,0.0029,-0.0033,-0.0119
1774945513.8314,0.0000,0.0000,0.0000,0.0000,0.0000,-3.1248,-0.2163,0.0000,0.0029,-0.0033,-0.0119
1774945513.8514,0.0000,0.0000,0.0000,0.0000,0.0000,-3.1263,-0.2158,0.0000,0.0050,-0.0043,-0.0119
1774945513.8713,0.0000,0.0000,0.0000,0.0000,0.0000,-3.1264,-0.2159,0.0000,0.0029,-0.0054,-0.0109
1774945513.8914,0.0000,0.0000,0.0000,0.0000,0.0000,-3.1249,-0.2154,0.0000,0.0050,-0.0043,-0.0109
1774945513.9120,0.0000,0.0000,0.0000,0.0000,0.0000,-3.1253,-0.2156,0.1718,0.0029,-0.0033,-0.0109
1774945513.9314,0.0000,0.0000,0.0000,0.0000,0.0000,-3.1264,-0.2162,-1.4530,0.0029,-0.0033,-0.0119
1774945513.9514,0.0000,0.0000,0.0000,0.0000,0.0000,-3.1257,-0.2161,0.7407,0.0050,-0.0033,-0.0119
1774945513.9714,0.0000,0.0000,0.0000,0.0000,0.0000,-3.1260,-0.2160,-1.6354,0.0040,-0.0043,-0.0119
1774945513.9914,0.0000,0.0000,0.0000,0.0000,0.0000,-3.1255,-0.2158,0.6979,0.0050,-0.0043,-0.0130
1774945514.0115,0.0000,0.0000,0.0000,0.0000,0.0000,-3.1256,-0.2157,-0.3361,0.0050,-0.0033,-0.0119
1774945514.0316,0.0000,0.0000,0.0000,0.0000,0.0000,-3.1261,-0.2160,0.2759,0.0008,-0.0033,-0.0109
1774945514.0514,0.0000,0.0000,0.0000,0.0000,0.0000,-3.1258,-0.2160,0.3958,0.0061,-0.0022,-0.0119
1774945514.0712,0.0000,0.0000,0.0000,0.0000,0.0000,-3.1267,-0.2160,-1.9332,0.0019,-0.0043,-0.0119
1774945514.0914,0.0000,0.0000,0.0000,0.0000,0.0000,-3.1260,-0.2161,0.6287,0.0040,-0.0043,-0.0130
1774945514.1113,0.0000,0.0000,0.0000,0.0000,0.0000,-3.1267,-0.2161,0.9634,0.0029,-0.0033,-0.0119
1774945514.1314,0.0000,0.0000,0.0000,0.0000,0.0000,-3.1270,-0.2162,0.9774,0.0040,-0.0043,-0.0119
1774945514.1512,0.0000,0.0000,0.0000,0.0000,0.0000,-3.1264,-0.2163,-0.3531,0.0072,-0.0033,-0.0119
1774945514.1713,0.0000,0.0000,0.0000,0.0000,0.0000,-3.1270,-0.2163,-0.7464,0.0019,-0.0033,-0.0098
1774945514.1913,0.0000,0.0000,0.0000,0.0000,0.0000,-3.1259,-0.2161,2.3314,0.0040,-0.0043,-0.0098
1774945514.2113,0.0000,0.0000,0.0000,0.0000,0.0000,-3.1265,-0.2159,-0.1672,0.0008,-0.0054,-0.0098
1774945514.2315,0.0000,0.0000,0.0000,0.0000,0.0000,-3.1262,-0.2157,0.7956,0.0040,-0.0043,-0.0119
1774945514.2513,0.0000,0.0000,0.0000,0.0000,0.0000,-3.1261,-0.2158,-0.8107,0.0050,-0.0033,-0.0109
1774945514.2714,0.0000,0.0000,0.0000,0.0000,0.0000,-3.1268,-0.2160,0.2775,0.0008,-0.0033,-0.0098
1774945514.2912,0.0000,0.0000,0.0000,0.0000,0.0000,-3.1262,-0.2159,0.8489,0.0029,-0.0033,-0.0109
1774945514.3115,0.0000,0.0000,0.0000,0.0000,0.0000,-3.1271,-0.2160,-1.1208,0.0019,-0.0043,-0.0098
1774945514.3314,0.0000,0.0000,0.0000,0.0000,0.0000,-3.1265,-0.2160,1.0334,0.0040,-0.0043,-0.0130
1774945514.3514,0.0000,0.0000,0.0000,0.0000,0.0000,-3.1265,-0.2160,0.7553,0.0050,-0.0043,-0.0130
1774945514.3713,0.0000,0.0000,0.0000,0.0000,0.0000,-3.1265,-0.2160,1.0655,0.0029,-0.0043,-0.0109
1774945514.3914,0.0000,0.0000,0.0000,0.0000,0.0000,-3.1260,-0.2160,-0.8614,0.0050,-0.0022,-0.0130
1774945514.4113,0.0000,0.0000,0.0000,0.0000,0.0000,-3.1263,-0.2161,-0.6526,0.0040,-0.0033,-0.0119
1774945514.4313,0.0000,0.0000,0.0000,0.0000,0.0000,-3.1257,-0.2161,0.9634,0.0040,-0.0043,-0.0109
1774945514.4512,0.0000,0.0000,0.0000,0.0000,0.0000,-3.1261,-0.2159,-0.8331,0.0019,-0.0043,-0.0119
1774945514.4713,0.0000,0.0000,0.0000,0.0000,0.0000,-3.1259,-0.2159,0.3367,0.0050,-0.0033,-0.0130
1774945514.4915,0.0000,0.0000,0.0000,0.0000,0.0000,-3.1261,-0.2160,-0.5759,0.0050,-0.0022,-0.0130
1774945514.5114,0.0000,0.0000,0.0000,0.0000,0.0000,-3.1266,-0.2161,0.1184,0.0019,-0.0033,-0.0109
1774945514.5313,0.0000,0.0000,0.0000,0.0000,0.0000,-3.1261,-0.2162,0.6610,0.0029,-0.0033,-0.0109
1774945514.5514,0.0000,0.0000,0.0000,0.0000,0.0000,-3.1267,-0.2161,-1.6121,0.0019,-0.0033,-0.0119
1774945514.5715,0.0000,0.0000,0.0000,0.0000,0.0000,-3.1260,-0.2159,0.7971,0.0050,-0.0054,-0.0109
1774945514.5914,0.0000,0.0000,0.0000,0.0000,0.0000,-3.1262,-0.2161,0.6555,0.0040,-0.0033,-0.0130
1774945514.6113,0.0000,0.0000,0.0000,0.0000,0.0000,-3.1262,-0.2159,2.2246,0.0050,-0.0033,-0.0119
1774945514.6315,0.0000,0.0000,0.0000,0.0000,0.0000,-3.1260,-0.2159,-0.4050,0.0050,-0.0054,-0.0109
1774945514.6514,0.0000,0.0000,0.0000,0.0000,0.0000,-3.1265,-0.2161,-1.2134,0.0019,-0.0033,-0.0119
1774945514.6718,0.0000,0.0000,0.0000,0.0000,0.0000,-3.1257,-0.2160,1.9081,0.0050,-0.0054,-0.0130
1774945514.6913,0.0000,0.0000,0.0000,0.0000,0.0000,-3.1265,-0.2161,-0.5115,0.0040,-0.0054,-0.0119
1774945514.7113,0.0000,0.0000,0.0000,0.0000,0.0000,-3.1263,-0.2161,0.4095,0.0040,-0.0033,-0.0098
1774945514.7316,0.0000,0.0000,0.0000,0.0000,0.0000,-3.1265,-0.2159,0.2687,0.0050,-0.0033,-0.0119
1774945514.7513,0.0000,0.0000,0.0000,0.0000,0.0000,-3.1268,-0.2161,0.0000,0.0019,-0.0022,-0.0098
1774945514.7717,0.0000,0.0000,0.0000,0.0000,0.0000,-3.1261,-0.2160,1.0344,0.0061,-0.0043,-0.0119
1774945514.7914,0.0000,0.0000,0.0000,0.0000,0.0000,-3.1269,-0.2161,-1.4289,0.0019,-0.0043,-0.0109
1774945514.8114,0.0000,0.0000,0.0000,0.0000,0.0000,-3.1262,-0.2161,1.3998,0.0029,-0.0033,-0.0119
1774945514.8314,0.0000,0.0000,0.0000,0.0000,0.0000,-3.1265,-0.2159,1.1014,0.0050,-0.0043,-0.0109
1774945514.8514,0.0000,0.0000,0.0000,0.0000,0.0000,-3.1266,-0.2157,0.8080,0.0019,-0.0043,-0.0109
1774945514.8715,0.0000,0.0000,0.0000,0.0000,0.0000,-3.1253,-0.2148,-0.1664,0.0082,-0.0086,-0.0087
1774945514.8913,0.0000,0.0000,0.0000,0.0000,0.0000,-3.1278,-0.2153,-1.2044,0.0029,-0.0075,-0.0109
1774945514.9114,0.0000,0.0000,0.0000,0.0000,0.0000,-3.1283,-0.2157,2.8015,0.0050,-0.0022,-0.0098
1774945514.9315,0.0000,0.0000,0.0000,0.0000,0.0000,-3.1276,-0.2153,2.2597,0.0061,-0.0033,-0.0098
1774945514.9521,0.0000,0.0000,0.0000,0.0000,0.0000,-3.1269,-0.2152,-2.8637,0.0029,-0.0054,-0.0109
1774945514.9714,0.0000,0.0000,0.0000,0.0000,0.0000,-3.1270,-0.2156,0.3697,-0.0013,-0.0033,-0.0151
1774945514.9915,0.0000,0.0000,0.0000,0.0000,0.0000,-3.1256,-0.2162,0.5766,-0.0013,-0.0033,-0.0130
1774945515.0114,0.0000,0.0000,0.0000,0.0000,0.0000,-3.1255,-0.2160,0.0560,0.0082,-0.0043,-0.0109
1774945515.0314,0.0000,0.0000,0.0000,0.0000,0.0000,-3.1269,-0.2163,-2.4684,0.0019,-0.0033,-0.0119
1774945515.0515,0.0000,0.0000,0.0000,0.0000,0.0000,-3.1263,-0.2162,1.5408,0.0019,-0.0033,-0.0087
1774945515.0713,0.0000,0.0000,0.0000,0.0000,0.0000,-3.1262,-0.2157,-0.2920,0.0040,-0.0043,-0.0141
1774945515.0917,0.0000,0.0000,0.0000,0.0000,0.0000,-3.1261,-0.2155,1.3464,0.0019,-0.0054,-0.0130
1774945515.1116,0.0000,0.0000,0.0000,0.0000,0.0000,-3.1265,-0.2152,1.1361,0.0029,-0.0043,-0.0141
1774945515.1316,0.0000,0.0000,0.0000,0.0000,0.0000,-3.1261,-0.2153,-0.4704,0.0019,-0.0043,-0.0119
1774945515.1513,0.0000,0.0000,0.0000,0.0000,0.0000,-3.1257,-0.2153,2.4816,0.0029,-0.0033,-0.0109
1774945515.1724,0.0000,0.0000,0.0000,0.0000,0.0000,-3.1252,-0.2154,1.2073,0.0029,-0.0043,-0.0109
1774945515.1914,0.0000,0.0000,0.0000,0.0000,0.0000,-3.1244,-0.2155,1.5508,0.0040,-0.0043,-0.0119
1774945515.2123,0.0000,0.0000,0.0000,0.0000,0.0000,-3.1243,-0.2154,0.3825,0.0029,-0.0033,-0.0151
1774945515.2378,0.0000,0.0000,0.0000,0.0000,0.0000,-3.1243,-0.2155,0.8308,0.0008,-0.0033,-0.0119
1774945515.2513,0.0000,0.0000,0.0000,0.0000,0.0000,-3.1244,-0.2155,-0.2902,0.0040,-0.0043,-0.0141
1774945515.2717,0.0000,0.0000,0.0000,0.0000,0.0000,-3.1260,-0.2157,-1.0623,0.0019,-0.0033,-0.0119
1774945515.2916,0.0000,0.0000,0.0000,0.0000,0.0000,-3.1262,-0.2156,3.7505,0.0040,-0.0043,-0.0130
1774945515.3116,0.0000,0.0000,0.0000,0.0000,0.0000,-3.1272,-0.2158,1.7660,0.0040,-0.0043,-0.0109
1774945515.3314,0.0000,0.0000,0.0000,0.0000,0.0000,-3.1273,-0.2161,1.7211,0.0040,-0.0033,-0.0109
1774945515.3514,0.0000,0.0000,0.0000,0.0000,0.0000,-3.1267,-0.2160,0.8540,0.0050,-0.0033,-0.0119
1774945515.3715,0.0000,0.0000,0.0000,0.0000,0.0000,-3.1267,-0.2161,-0.2307,0.0029,-0.0022,-0.0119
1774945515.3914,0.0000,0.0000,0.0000,0.0000,0.0000,-3.1254,-0.2162,1.1190,0.0061,-0.0033,-0.0119
1774945515.4120,0.0000,0.0000,0.0000,0.0000,0.0000,-3.1257,-0.2160,-0.4629,0.0019,-0.0033,-0.0119
1774945515.4315,0.0000,0.0000,0.0000,0.0000,0.0000,-3.1252,-0.2159,-0.6970,0.0040,-0.0043,-0.0119
1774945515.4516,0.0000,0.0000,0.0000,0.0000,0.0000,-3.1258,-0.2158,0.0589,0.0061,-0.0043,-0.0119
1774945515.4717,0.0000,0.0000,0.0000,0.0000,0.0000,-3.1267,-0.2157,1.0577,-0.0003,-0.0043,-0.0098
1774945515.4915,0.0000,0.0000,0.0000,0.0000,0.0000,-3.1266,-0.2159,-0.0579,0.0061,-0.0033,-0.0109
1774945515.5113,0.0000,0.0000,0.0000,0.0000,0.0000,-3.1277,-0.2161,-1.7273,0.0019,-0.0043,-0.0109
1774945515.5314,0.0000,0.0000,0.0000,0.0000,0.0000,-3.1269,-0.2162,1.0249,0.0040,-0.0033,-0.0130
1774945515.5513,0.0000,0.0000,0.0000,0.0000,0.0000,-3.1267,-0.2162,0.2260,0.0040,-0.0033,-0.0119
1774945515.5715,0.0000,0.0000,0.0000,0.0000,0.0000,-3.1265,-0.2162,0.4758,0.0019,-0.0022,-0.0109
1774945515.5912,0.0000,0.0000,0.0000,0.0000,0.0000,-3.1257,-0.2160,-0.5734,0.0050,-0.0022,-0.0109
1774945515.6113,0.0000,0.0000,0.0000,0.0000,0.0000,-3.1261,-0.2161,-1.2486,0.0019,-0.0043,-0.0109
1774945515.6313,0.0000,0.0000,0.0000,0.0000,0.0000,-3.1253,-0.2157,1.2771,0.0029,-0.0033,-0.0109
1774945515.6514,0.0000,0.0000,0.0000,0.0000,0.0000,-3.1261,-0.2155,-2.7860,0.0061,-0.0075,-0.0098
1774945515.6714,0.0000,0.0000,0.0000,0.0000,0.0000,-3.1271,-0.2153,0.0576,0.0050,-0.0086,-0.0109
1774945515.6913,0.0000,0.0000,0.0000,0.0000,0.0000,-3.1287,-0.2161,2.3540,0.0050,-0.0043,-0.0119
1774945515.7113,0.0000,0.0000,0.0000,0.0000,0.0000,-3.1298,-0.2160,5.0210,0.0019,-0.0012,-0.0119
1774945515.7315,0.0000,0.0000,0.0000,0.0000,0.0000,-3.1278,-0.2156,0.0000,0.0082,-0.0033,-0.0109
1774945515.7514,0.0000,0.0000,0.0000,0.0000,0.0000,-3.1258,-0.2159,-0.2942,0.0008,-0.0033,-0.0130
1774945515.7716,0.0000,0.0000,0.0000,0.0000,0.0000,-3.1247,-0.2155,2.6258,0.0008,-0.0043,-0.0141
1774945515.7912,0.0000,0.0000,0.0000,0.0000,0.0000,-3.1240,-0.2161,-0.8917,0.0019,-0.0022,-0.0109
1774945515.8114,0.0000,0.0000,0.0000,0.0000,0.0000,-3.1242,-0.2154,1.3125,0.0029,-0.0001,-0.0098
1774945515.8312,0.0000,0.0000,0.0000,0.0000,0.0000,-3.1247,-0.2152,-1.8047,0.0029,-0.0022,-0.0098
1774945515.8513,0.0000,0.0000,0.0000,0.0000,0.0000,-3.1256,-0.2155,-1.2703,0.0008,-0.0022,-0.0119
1774945515.8713,0.0000,0.0000,0.0000,0.0000,0.0000,-3.1268,-0.2149,4.5940,0.0040,-0.0043,-0.0119
1774945515.8923,0.0000,0.0000,0.0000,0.0000,0.0000,-3.1293,-0.2153,-2.4398,0.0040,-0.0054,-0.0119
1774945515.9113,0.0000,0.0000,0.0000,0.0000,0.0000,-3.1301,-0.2160,0.7684,0.0050,-0.0012,-0.0098
1774945515.9313,0.0000,0.0000,0.0000,0.0000,0.0000,-3.1296,-0.2163,0.7146,0.0072,-0.0033,-0.0109
1774945515.9513,0.0000,0.0000,0.0000,0.0000,0.0000,-3.1278,-0.2166,-1.0946,0.0040,-0.0043,-0.0098
1774945515.9714,0.0000,0.0000,0.0000,0.0000,0.0000,-3.1253,-0.2165,-0.0574,0.0072,-0.0033,-0.0109
1774945515.9915,0.0000,0.0000,0.0000,0.0000,0.0000,-3.1242,-0.2163,-1.7891,0.0029,-0.0033,-0.0109
1774945516.0117,0.0000,0.0000,0.0000,0.0000,0.0000,-3.1230,-0.2158,-0.9637,0.0040,-0.0043,-0.0119
1774945516.0314,0.0000,0.0000,0.0000,0.0000,0.0000,-3.1236,-0.2153,-0.3860,0.0040,-0.0033,-0.0130
1774945516.0514,0.0000,0.0000,0.0000,0.0000,0.0000,-3.1248,-0.2149,1.3848,0.0008,-0.0043,-0.0109
1774945516.0718,0.0000,0.0000,0.0000,0.0000,0.0000,-3.1262,-0.2148,-1.6148,0.0050,-0.0033,-0.0119
1774945516.0913,0.0000,0.0000,0.0000,0.0000,0.0000,-3.1282,-0.2152,-0.9956,0.0019,-0.0033,-0.0109
1774945516.1115,0.0000,0.0000,0.0000,0.0000,0.0000,-3.1281,-0.2153,0.0000,0.0050,-0.0033,-0.0109
1774945516.1314,0.0000,0.0000,0.0000,0.0000,0.0000,-3.1289,-0.2159,-1.8255,0.0050,-0.0043,-0.0098
1774945516.1514,0.0000,0.0000,0.0000,0.0000,0.0000,-3.1275,-0.2170,0.0000,0.0072,-0.0033,-0.0119
1774945516.1714,0.0000,0.0000,0.0000,0.0000,0.0000,-3.1261,-0.2169,0.0000,0.0050,-0.0043,-0.0109
1774945516.1912,0.0000,0.0000,0.0000,0.0000,0.0000,-3.1262,-0.2174,0.0000,0.0040,-0.0043,-0.0119
1774945516.2114,0.0000,0.0000,0.0000,0.0000,0.0000,-3.1244,-0.2165,0.0000,0.0050,-0.0033,-0.0109
1774945516.2315,0.0000,0.0000,0.0000,0.0000,0.0000,-3.1241,-0.2154,0.0000,0.0008,-0.0043,-0.0109
1774945516.2516,0.0000,0.0000,0.0000,0.0000,0.0000,-3.1239,-0.2150,0.0000,0.0029,-0.0043,-0.0119
1774945516.2715,0.0000,0.0000,0.0000,0.0000,0.0000,-3.1249,-0.2146,0.0000,0.0029,-0.0033,-0.0119
1774945516.2916,0.0000,0.0000,0.0000,0.0000,0.0000,-3.1265,-0.2148,0.0000,0.0040,-0.0022,-0.0119
1774945516.3119,0.0000,0.0000,0.0000,0.0000,0.0000,-3.1271,-0.2154,0.0000,0.0050,-0.0022,-0.0119
1774945516.3317,0.0000,0.0000,0.0000,0.0000,0.0000,-3.1284,-0.2159,0.0000,0.0040,-0.0033,-0.0119
1774945516.3514,0.0000,0.0000,0.0000,0.0000,0.0000,-3.1273,-0.2164,0.0000,0.0050,-0.0043,-0.0119
1774945516.3715,0.0000,0.0000,0.0000,0.0000,0.0000,-3.1264,-0.2167,0.0000,0.0040,-0.0043,-0.0119
1774945516.3914,0.0000,0.0000,0.0000,0.0000,0.0000,-3.1249,-0.2164,0.0000,0.0050,-0.0043,-0.0109
1774945516.4113,0.0000,0.0000,0.0000,0.0000,0.0000,-3.1240,-0.2159,0.0000,0.0050,-0.0043,-0.0130
1774945516.4316,0.0000,0.0000,0.0000,0.0000,0.0000,-3.1245,-0.2154,-1.4458,0.0019,-0.0043,-0.0119
1774945516.4517,0.0000,0.0000,0.0000,0.0000,0.0000,-3.1248,-0.2138,0.0000,0.0040,-0.0075,-0.0109
1774945516.4717,0.0000,0.0000,0.0000,0.0000,0.0000,-3.1253,-0.2145,0.0000,-0.0035,-0.0075,-0.0119
1774945516.4912,0.0000,0.0000,0.0000,0.0000,0.0000,-3.1241,-0.2151,1.0620,0.0019,-0.0043,-0.0109
1774945516.5112,0.0000,0.0000,0.0000,0.0000,0.0000,-3.1248,-0.2153,-1.0627,0.0019,-0.0022,-0.0119
1774945516.5319,0.0000,0.0000,0.0000,0.0000,0.0000,-3.1271,-0.2152,0.0520,-0.0003,-0.0043,-0.0098
1774945516.5522,0.0000,0.0000,0.0000,0.0000,0.0000,-3.1287,-0.2156,0.2348,0.0040,-0.0033,-0.0098
1774945516.5718,0.0000,0.0000,0.0000,0.0000,0.0000,-3.1305,-0.2163,-1.3203,0.0040,-0.0033,-0.0119
1774945516.5914,0.0000,0.0000,0.0000,0.0000,0.0000,-3.1301,-0.2162,1.1406,0.0040,-0.0033,-0.0109
1774945516.6113,0.0000,0.0000,0.0000,0.0000,0.0000,-3.1293,-0.2163,-0.4601,0.0050,-0.0043,-0.0098
1774945516.6313,0.0000,0.0000,0.0000,0.0000,0.0000,-3.1273,-0.2167,0.3603,0.0061,-0.0022,-0.0119
1774945516.6513,0.0000,0.0000,0.0000,0.0000,0.0000,-3.1252,-0.2164,-0.5379,0.0040,-0.0022,-0.0109
1774945516.6714,0.0000,0.0000,0.0000,0.0000,0.0000,-3.1246,-0.2161,-1.0216,0.0008,-0.0054,-0.0109
1774945516.6913,0.0000,0.0000,0.0000,0.0000,0.0000,-3.1231,-0.2160,1.8388,0.0040,-0.0054,-0.0130
1774945516.7113,0.0000,0.0000,0.0000,0.0000,0.0000,-3.1243,-0.2158,0.2140,-0.0003,-0.0033,-0.0098
1774945516.7313,0.0000,0.0000,0.0000,0.0000,0.0000,-3.1258,-0.2153,-0.2318,0.0019,-0.0033,-0.0098
1774945516.7514,0.0000,0.0000,0.0000,0.0000,0.0000,-3.1273,-0.2151,-1.1753,0.0040,-0.0022,-0.0119
1774945516.7714,0.0000,0.0000,0.0000,0.0000,0.0000,-3.1288,-0.2152,-0.3431,0.0019,-0.0033,-0.0098
1774945516.7914,0.0000,0.0000,0.0000,0.0000,0.0000,-3.1286,-0.2153,0.4464,0.0061,-0.0033,-0.0109
1774945516.8113,0.0000,0.0000,0.0000,0.0000,0.0000,-3.1286,-0.2157,-2.1731,0.0040,-0.0054,-0.0109
1774945516.8314,0.0000,0.0000,0.0000,0.0000,0.0000,-3.1268,-0.2159,1.0408,0.0040,-0.0033,-0.0119
1774945516.8515,0.0000,0.0000,0.0000,0.0000,0.0000,-3.1258,-0.2161,1.6584,0.0040,-0.0022,-0.0119
1774945516.8714,0.0000,0.0000,0.0000,0.0000,0.0000,-3.1251,-0.2160,2.3737,0.0029,-0.0033,-0.0130
1774945516.8915,0.0000,0.0000,0.0000,0.0000,0.0000,-3.1239,-0.2157,0.3385,0.0040,-0.0043,-0.0109
1774945516.9118,0.0000,0.0000,0.0000,0.0000,0.0000,-3.1250,-0.2158,-1.9484,0.0019,-0.0043,-0.0098
1774945516.9313,0.0000,0.0000,0.0000,0.0000,0.0000,-3.1251,-0.2153,-0.7810,0.0050,-0.0043,-0.0109
1774945516.9513,0.0000,0.0000,0.0000,0.0000,0.0000,-3.1260,-0.2152,-0.6985,0.0019,-0.0043,-0.0109
1774945516.9713,0.0000,0.0000,0.0000,0.0000,0.0000,-3.1271,-0.2152,-0.8034,0.0019,-0.0033,-0.0098
1774945516.9914,0.0000,0.0000,0.0000,0.0000,0.0000,-3.1273,-0.2152,-0.5220,0.0029,-0.0033,-0.0119
1774945517.0116,0.0000,0.0000,0.0000,0.0000,0.0000,-3.1281,-0.2156,0.0000,0.0029,-0.0033,-0.0109
1774945517.0315,0.0000,0.0000,0.0000,0.0000,0.0000,-3.1272,-0.2160,0.2892,0.0050,-0.0033,-0.0098
1774945517.0514,0.0000,0.0000,0.0000,0.0000,0.0000,-3.1269,-0.2163,-0.9898,0.0029,-0.0033,-0.0119
1774945517.0714,0.0000,0.0000,0.0000,0.0000,0.0000,-3.1256,-0.2162,0.9200,0.0040,-0.0033,-0.0119
1774945517.0915,0.0000,0.0000,0.0000,0.0000,0.0000,-3.1252,-0.2161,-0.0558,0.0019,-0.0043,-0.0109
1774945517.1114,0.0000,0.0000,0.0000,0.0000,0.0000,-3.1252,-0.2158,1.1407,0.0029,-0.0043,-0.0109
1774945517.1314,0.0000,0.0000,0.0000,0.0000,0.0000,-3.1255,-0.2154,-0.3398,0.0008,-0.0043,-0.0130
1774945517.1517,0.0000,0.0000,0.0000,0.0000,0.0000,-3.1269,-0.2153,-0.7741,0.0008,-0.0043,-0.0109
1774945517.1714,0.0000,0.0000,0.0000,0.0000,0.0000,-3.1270,-0.2151,0.6260,0.0029,-0.0043,-0.0119
1774945517.1914,0.0000,0.0000,0.0000,0.0000,0.0000,-3.1279,-0.2152,-0.9514,0.0050,-0.0033,-0.0109
1774945517.2114,0.0000,0.0000,0.0000,0.0000,0.0000,-3.1278,-0.2153,0.6979,0.0050,-0.0043,-0.0109
1774945517.2369,0.0000,0.0000,0.0000,0.0000,0.0000,-3.1276,-0.2155,-0.4470,0.0040,-0.0054,-0.0119
1774945517.2524,0.0000,0.0000,0.0000,0.0000,0.0000,-3.1267,-0.2158,-0.9723,0.0019,-0.0043,-0.0109
1774945517.2713,0.0000,0.0000,0.0000,0.0000,0.0000,-3.1255,-0.2160,1.3581,0.0029,-0.0033,-0.0119
1774945517.2915,0.0000,0.0000,0.0000,0.0000,0.0000,-3.1260,-0.2159,-1.5974,0.0029,-0.0033,-0.0130
1774945517.3115,0.0000,0.0000,0.0000,0.0000,0.0000,-3.1250,-0.2157,0.5280,0.0029,-0.0043,-0.0109
1774945517.3313,0.0000,0.0000,0.0000,0.0000,0.0000,-3.1258,-0.2155,-1.0743,0.0040,-0.0054,-0.0119
1774945517.3513,0.0000,0.0000,0.0000,0.0000,0.0000,-3.1266,-0.2157,-0.0590,0.0040,-0.0022,-0.0098
1774945517.3714,0.0000,0.0000,0.0000,0.0000,0.0000,-3.1265,-0.2156,-0.7415,0.0050,-0.0022,-0.0109
1774945517.3915,0.0000,0.0000,0.0000,0.0000,0.0000,-3.1274,-0.2157,-1.6622,0.0019,-0.0043,-0.0141
1774945517.4116,0.0000,0.0000,0.0000,0.0000,0.0000,-3.1269,-0.2158,1.5803,0.0040,-0.0033,-0.0109
1774945517.4315,0.0000,0.0000,0.0000,0.0000,0.0000,-3.1271,-0.2156,0.5164,0.0029,-0.0033,-0.0119
1774945517.4513,0.0000,0.0000,0.0000,0.0000,0.0000,-3.1264,-0.2157,0.8905,0.0029,-0.0054,-0.0119
1774945517.4713,0.0000,0.0000,0.0000,0.0000,0.0000,-3.1263,-0.2157,-0.6463,0.0061,-0.0033,-0.0109
1774945517.4913,0.0000,0.0000,0.0000,0.0000,0.0000,-3.1265,-0.2158,-0.9161,0.0019,-0.0033,-0.0109
1774945517.5122,0.0000,0.0000,0.0000,0.0000,0.0000,-3.1257,-0.2158,-0.4554,0.0040,-0.0043,-0.0119
1774945517.5314,0.0000,0.0000,0.0000,0.0000,0.0000,-3.1261,-0.2157,-1.4594,0.0040,-0.0033,-0.0119
1774945517.5514,0.0000,0.0000,0.0000,0.0000,0.0000,-3.1261,-0.2155,1.0234,0.0019,-0.0043,-0.0109
1774945517.5715,0.0000,0.0000,0.0000,0.0000,0.0000,-3.1260,-0.2155,0.5575,0.0040,-0.0043,-0.0130
1774945517.5915,0.0000,0.0000,0.0000,0.0000,0.0000,-3.1265,-0.2154,1.1999,0.0019,-0.0033,-0.0109
1774945517.6115,0.0000,0.0000,0.0000,0.0000,0.0000,-3.1267,-0.2154,-1.0301,0.0061,-0.0033,-0.0098
1774945517.6321,0.0000,0.0000,0.0000,0.0000,0.0000,-3.1276,-0.2156,-2.2253,0.0040,-0.0054,-0.0109
1774945517.6514,0.0000,0.0000,0.0000,0.0000,0.0000,-3.1271,-0.2157,0.9489,0.0050,-0.0054,-0.0130
1774945517.6715,0.0000,0.0000,0.0000,0.0000,0.0000,-3.1271,-0.2159,-0.1714,0.0040,-0.0043,-0.0098
1774945517.6916,0.0000,0.0000,0.0000,0.0000,0.0000,-3.1264,-0.2157,-0.0591,0.0019,-0.0033,-0.0098
1774945517.7114,0.0000,0.0000,0.0000,0.0000,0.0000,-3.1260,-0.2157,-0.1735,0.0050,-0.0043,-0.0130
1774945517.7314,0.0000,0.0000,0.0000,0.0000,0.0000,-3.1260,-0.2159,0.3449,0.0029,-0.0043,-0.0119
1774945517.7514,0.0000,0.0000,0.0000,0.0000,0.0000,-3.1262,-0.2155,-0.6603,0.0061,-0.0022,-0.0098
1774945517.7712,0.0000,0.0000,0.0000,0.0000,0.0000,-3.1272,-0.2156,-2.3419,0.0040,-0.0033,-0.0119
1774945517.7913,0.0000,0.0000,0.0000,0.0000,0.0000,-3.1267,-0.2154,0.8274,0.0050,-0.0043,-0.0109
1774945517.8114,0.0000,0.0000,0.0000,0.0000,0.0000,-3.1269,-0.2153,0.5714,0.0040,-0.0043,-0.0109
1774945517.8314,0.0000,0.0000,0.0000,0.0000,0.0000,-3.1268,-0.2154,0.3471,0.0008,-0.0043,-0.0087
1774945517.8513,0.0000,0.0000,0.0000,0.0000,0.0000,-3.1261,-0.2154,-0.7324,0.0040,-0.0033,-0.0119
1774945517.8713,0.0000,0.0000,0.0000,0.0000,0.0000,-3.1266,-0.2156,-0.0560,0.0019,-0.0033,-0.0109
1774945517.8915,0.0000,0.0000,0.0000,0.0000,0.0000,-3.1258,-0.2155,0.8600,0.0050,-0.0033,-0.0109
1774945517.9113,0.0000,0.0000,0.0000,0.0000,0.0000,-3.1263,-0.2158,-1.5762,0.0029,-0.0022,-0.0130
1774945517.9316,0.0000,0.0000,0.0000,0.0000,0.0000,-3.1261,-0.2155,1.3547,0.0029,-0.0033,-0.0109
1774945517.9516,0.0000,0.0000,0.0000,0.0000,0.0000,-3.1260,-0.2155,-0.9495,0.0029,-0.0033,-0.0119
1774945517.9713,0.0000,0.0000,0.0000,0.0000,0.0000,-3.1266,-0.2156,0.9081,0.0029,-0.0043,-0.0119
1774945517.9915,0.0000,0.0000,0.0000,0.0000,0.0000,-3.1263,-0.2153,1.0894,0.0050,-0.0043,-0.0119
1774945518.0114,0.0000,0.0000,0.0000,0.0000,0.0000,-3.1270,-0.2156,0.0416,-0.0003,-0.0043,-0.0109
1774945518.0314,0.0000,0.0000,0.0000,0.0000,0.0000,-3.1265,-0.2157,1.3591,0.0050,-0.0043,-0.0119
1774945518.0514,0.0000,0.0000,0.0000,0.0000,0.0000,-3.1271,-0.2154,0.2333,0.0050,-0.0043,-0.0119
1774945518.0716,0.0000,0.0000,0.0000,0.0000,0.0000,-3.1268,-0.2157,0.5554,0.0040,-0.0033,-0.0109
1774945518.0914,0.0000,0.0000,0.0000,0.0000,0.0000,-3.1259,-0.2155,0.1746,0.0029,-0.0033,-0.0098
1774945518.1121,0.0000,0.0000,0.0000,0.0000,0.0000,-3.1269,-0.2157,-1.1604,0.0008,-0.0043,-0.0109
1774945518.1314,0.0000,0.0000,0.0000,0.0000,0.0000,-3.1259,-0.2156,1.0170,0.0061,-0.0043,-0.0109
1774945518.1515,0.0000,0.0000,0.0000,0.0000,0.0000,-3.1266,-0.2156,-0.2746,0.0040,-0.0043,-0.0119
1774945518.1714,0.0000,0.0000,0.0000,0.0000,0.0000,-3.1263,-0.2154,-0.0581,0.0029,-0.0022,-0.0109
1774945518.1913,0.0000,0.0000,0.0000,0.0000,0.0000,-3.1264,-0.2154,-0.5304,0.0040,-0.0033,-0.0119
1774945518.2116,0.0000,0.0000,0.0000,0.0000,0.0000,-3.1270,-0.2155,0.7974,0.0029,-0.0033,-0.0098
1774945518.2324,0.0000,0.0000,0.0000,0.0000,0.0000,-3.1263,-0.2155,-0.6861,0.0061,-0.0043,-0.0119
1774945518.2514,0.0000,0.0000,0.0000,0.0000,0.0000,-3.1272,-0.2156,-2.4960,0.0040,-0.0054,-0.0130
1774945518.2740,0.0000,0.0000,0.0000,0.0000,0.0000,-3.1261,-0.2156,0.2684,0.0050,-0.0043,-0.0119
1774945518.2914,0.0000,0.0000,0.0000,0.0000,0.0000,-3.1263,-0.2155,0.7637,0.0040,-0.0033,-0.0109
1774945518.3116,0.0000,0.0000,0.0000,0.0000,0.0000,-3.1266,-0.2154,0.4635,0.0029,-0.0033,-0.0119
1774945518.3314,0.0000,0.0000,0.0000,0.0000,0.0000,-3.1262,-0.2154,-1.0256,0.0050,-0.0022,-0.0109
1774945518.3514,0.0000,0.0000,0.0000,0.0000,0.0000,-3.1267,-0.2154,-1.3625,0.0029,-0.0033,-0.0119
1774945518.3715,0.0000,0.0000,0.0000,0.0000,0.0000,-3.1263,-0.2155,0.6302,0.0050,-0.0033,-0.0109
1774945518.3914,0.0000,0.0000,0.0000,0.0000,0.0000,-3.1267,-0.2156,-0.1145,0.0029,-0.0054,-0.0119
1774945518.4114,0.0000,0.0000,0.0000,0.0000,0.0000,-3.1264,-0.2155,0.2720,0.0029,-0.0033,-0.0119
1774945518.4313,0.0000,0.0000,0.0000,0.0000,0.0000,-3.1264,-0.2155,-1.5562,0.0029,-0.0022,-0.0109
1774945518.4515,0.0000,0.0000,0.0000,0.0000,0.0000,-3.1266,-0.2157,0.2265,0.0008,-0.0043,-0.0119
1774945518.4714,0.0000,0.0000,0.0000,0.0000,0.0000,-3.1260,-0.2157,-0.2160,0.0050,-0.0054,-0.0119
1774945518.4914,0.0000,0.0000,0.0000,0.0000,0.0000,-3.1269,-0.2159,-2.1022,0.0019,-0.0033,-0.0109
1774945518.5115,0.0000,0.0000,0.0000,0.0000,0.0000,-3.1260,-0.2156,1.7086,0.0050,-0.0043,-0.0130
1774945518.5317,0.0000,0.0000,0.0000,0.0000,0.0000,-3.1263,-0.2156,0.0582,0.0040,-0.0054,-0.0119
1774945518.5513,0.0000,0.0000,0.0000,0.0000,0.0000,-3.1265,-0.2156,0.8441,0.0050,-0.0033,-0.0119
1774945518.5713,0.0000,0.0000,0.0000,0.0000,0.0000,-3.1262,-0.2156,-0.2739,0.0040,-0.0033,-0.0130
1774945518.5914,0.0000,0.0000,0.0000,0.0000,0.0000,-3.1269,-0.2157,-1.5513,0.0029,-0.0043,-0.0109
1774945518.6114,0.0000,0.0000,0.0000,0.0000,0.0000,-3.1263,-0.2157,1.2931,0.0040,-0.0043,-0.0119
1774945518.6314,0.0000,0.0000,0.0000,0.0000,0.0000,-3.1272,-0.2157,-0.3507,0.0050,-0.0033,-0.0130
1774945518.6514,0.0000,0.0000,0.0000,0.0000,0.0000,-3.1266,-0.2156,0.0553,0.0050,-0.0033,-0.0119
1774945518.6715,0.0000,0.0000,0.0000,0.0000,0.0000,-3.1259,-0.2157,0.0000,0.0040,-0.0033,-0.0119
1774945518.6914,0.0000,0.0000,0.0000,0.0000,0.0000,-3.1268,-0.2156,0.0000,0.0008,-0.0033,-0.0119
1774945518.7117,0.0000,0.0000,0.0000,0.0000,0.0000,-3.1271,-0.2154,0.0000,0.0072,-0.0097,-0.0119
1774945518.7312,0.0000,0.0000,0.0000,0.0000,0.0000,-3.1302,-0.2152,0.0000,0.0072,-0.0054,-0.0109
1774945518.7515,0.0000,0.0000,0.0000,0.0000,0.0000,-3.1311,-0.2152,0.0000,-0.0013,-0.0012,-0.0087
1774945518.7714,0.0000,0.0000,0.0000,0.0000,0.0000,-3.1282,-0.2158,0.0000,0.0050,-0.0012,-0.0109
1774945518.7915,0.0000,0.0000,0.0000,0.0000,0.0000,-3.1282,-0.2154,0.0000,0.0040,-0.0043,-0.0130
1774945518.8115,0.0000,0.0000,0.0000,0.0000,0.0000,-3.1268,-0.2171,0.0000,-0.0003,-0.0043,-0.0130
1774945518.8314,0.0000,0.0000,0.0000,0.0000,0.0000,-3.1269,-0.2169,0.0000,0.0050,-0.0022,-0.0130
1774945518.8518,0.0000,0.0000,0.0000,0.0000,0.0000,-3.1252,-0.2152,0.0000,0.0072,-0.0043,-0.0109
1774945518.8714,0.0000,0.0000,0.0000,0.0000,0.0000,-3.1264,-0.2158,0.0000,0.0029,-0.0043,-0.0109
1774945518.8918,0.0000,0.0000,0.0000,0.0000,0.0000,-3.1268,-0.2152,0.0000,0.0019,-0.0022,-0.0109
1774945518.9120,0.0000,0.0000,0.0000,0.0000,0.0000,-3.1264,-0.2151,0.0000,0.0019,-0.0001,-0.0130
1774945518.9315,0.0000,0.0000,0.0000,0.0000,0.0000,-3.1270,-0.2167,-5.7920,-0.0003,-0.0033,-0.0109
1774945518.9512,0.0000,0.0000,0.0000,0.0000,0.0000,-3.1271,-0.2172,0.0000,0.0061,-0.0043,-0.0119
1774945518.9713,0.0000,0.0000,0.0000,0.0000,0.0000,-3.1275,-0.2165,0.0000,0.0072,-0.0043,-0.0098
1774945518.9914,0.0000,0.0000,0.0000,0.0000,0.0000,-3.1269,-0.2162,0.0000,0.0050,-0.0086,-0.0098
1774945519.0120,0.0000,0.0000,0.0000,0.0000,0.0000,-3.1255,-0.2152,0.0000,0.0040,-0.0043,-0.0130
1774945519.0322,0.0000,0.0000,0.0000,0.0000,0.0000,-3.1247,-0.2147,0.0000,0.0029,-0.0033,-0.0098
1774945519.0515,0.0000,0.0000,0.0000,0.0000,0.0000,-3.1245,-0.2149,3.2480,0.0040,-0.0054,-0.0098
1774945519.0716,0.0000,0.0000,0.0000,0.0000,0.0000,-3.1263,-0.2148,0.0000,0.0008,-0.0022,-0.0130
1774945519.0915,0.0000,0.0000,0.0000,0.0000,0.0000,-3.1267,-0.2152,0.0000,0.0040,-0.0033,-0.0087
1774945519.1115,0.0000,0.0000,0.0000,0.0000,0.0000,-3.1276,-0.2153,-0.9043,0.0029,-0.0033,-0.0119
1774945519.1314,0.0000,0.0000,0.0000,0.0000,0.0000,-3.1283,-0.2152,0.9784,0.0008,-0.0033,-0.0119
1774945519.1515,0.0000,0.0000,0.0000,0.0000,0.0000,-3.1283,-0.2154,-2.1317,0.0061,-0.0043,-0.0109
1774945519.1715,0.0000,0.0000,0.0000,0.0000,0.0000,-3.1287,-0.2159,-0.7947,0.0029,-0.0022,-0.0109
1774945519.1914,0.0000,0.0000,0.0000,0.0000,0.0000,-3.1277,-0.2156,2.0623,0.0061,-0.0054,-0.0119
1774945519.2115,0.0000,0.0000,0.0000,0.0000,0.0000,-3.1264,-0.2157,-0.1144,0.0050,-0.0043,-0.0119
1774945519.2314,0.0000,0.0000,0.0000,0.0000,0.0000,-3.1253,-0.2157,1.3996,0.0050,-0.0043,-0.0109
1774945519.2515,0.0000,0.0000,0.0000,0.0000,0.0000,-3.1248,-0.2154,-1.1556,0.0029,-0.0033,-0.0119
1774945519.2714,0.0000,0.0000,0.0000,0.0000,0.0000,-3.1251,-0.2154,-1.6548,0.0008,-0.0043,-0.0119
1774945519.2914,0.0000,0.0000,0.0000,0.0000,0.0000,-3.1256,-0.2153,1.3559,0.0019,-0.0033,-0.0109
1774945519.3114,0.0000,0.0000,0.0000,0.0000,0.0000,-3.1274,-0.2152,-0.4502,0.0029,-0.0054,-0.0130
1774945519.3313,0.0000,0.0000,0.0000,0.0000,0.0000,-3.1278,-0.2152,-0.1599,0.0029,-0.0043,-0.0109
1774945519.3514,0.0000,0.0000,0.0000,0.0000,0.0000,-3.1282,-0.2153,0.9260,0.0050,-0.0043,-0.0119
1774945519.3716,0.0000,0.0000,0.0000,0.0000,0.0000,-3.1281,-0.2154,1.2085,0.0029,-0.0043,-0.0109
1774945519.3914,0.0000,0.0000,0.0000,0.0000,0.0000,-3.1265,-0.2154,-1.8037,0.0040,-0.0043,-0.0109
1774945519.4114,0.0000,0.0000,0.0000,0.0000,0.0000,-3.1263,-0.2156,-1.4592,0.0019,-0.0033,-0.0119
1774945519.4313,0.0000,0.0000,0.0000,0.0000,0.0000,-3.1252,-0.2155,2.0463,0.0029,-0.0043,-0.0109
1774945519.4515,0.0000,0.0000,0.0000,0.0000,0.0000,-3.1258,-0.2154,0.3931,0.0040,-0.0033,-0.0141
1774945519.4714,0.0000,0.0000,0.0000,0.0000,0.0000,-3.1257,-0.2152,1.4894,0.0050,-0.0043,-0.0130
1774945519.4914,0.0000,0.0000,0.0000,0.0000,0.0000,-3.1257,-0.2150,-0.5755,0.0040,-0.0033,-0.0119
1774945519.5114,0.0000,0.0000,0.0000,0.0000,0.0000,-3.1266,-0.2153,-1.0621,0.0029,-0.0033,-0.0109
1774945519.5313,0.0000,0.0000,0.0000,0.0000,0.0000,-3.1262,-0.2152,1.7724,0.0050,-0.0043,-0.0119
1774945519.5514,0.0000,0.0000,0.0000,0.0000,0.0000,-3.1272,-0.2154,-0.9660,0.0029,-0.0043,-0.0119
1774945519.5714,0.0000,0.0000,0.0000,0.0000,0.0000,-3.1269,-0.2154,0.6554,0.0040,-0.0043,-0.0098
1774945519.5914,0.0000,0.0000,0.0000,0.0000,0.0000,-3.1270,-0.2156,0.9657,0.0040,-0.0033,-0.0119
1774945519.6115,0.0000,0.0000,0.0000,0.0000,0.0000,-3.1270,-0.2156,0.2865,0.0029,-0.0033,-0.0119
1774945519.6315,0.0000,0.0000,0.0000,0.0000,0.0000,-3.1260,-0.2156,-0.6582,0.0040,-0.0022,-0.0130
1774945519.6513,0.0000,0.0000,0.0000,0.0000,0.0000,-3.1256,-0.2154,-2.5055,0.0019,-0.0043,-0.0141
1774945519.6716,0.0000,0.0000,0.0000,0.0000,0.0000,-3.1255,-0.2157,2.6483,0.0019,-0.0043,-0.0109
1774945519.6914,0.0000,0.0000,0.0000,0.0000,0.0000,-3.1261,-0.2155,0.3437,0.0029,-0.0033,-0.0119
1774945519.7114,0.0000,0.0000,0.0000,0.0000,0.0000,-3.1262,-0.2155,0.0576,0.0029,-0.0054,-0.0119
1774945519.7315,0.0000,0.0000,0.0000,0.0000,0.0000,-3.1267,-0.2156,-1.1266,0.0040,-0.0043,-0.0109
1774945519.7513,0.0000,0.0000,0.0000,0.0000,0.0000,-3.1276,-0.2152,-6.3059,0.0029,-0.0054,-0.0130
1774945519.7714,0.0000,0.0000,0.0000,0.0000,0.0000,-3.1262,-0.2158,-3.6218,0.0029,-0.0054,-0.0119
1774945519.7916,0.0000,0.0000,0.0000,0.0000,0.0000,-3.1261,-0.2162,-1.0267,0.0029,-0.0033,-0.0109
1774945519.8113,0.0000,0.0000,0.0000,0.0000,0.0000,-3.1259,-0.2159,2.3872,0.0008,-0.0043,-0.0119
1774945519.8314,0.0000,0.0000,0.0000,0.0000,0.0000,-3.1259,-0.2152,2.5856,-0.0013,-0.0043,-0.0151
1774945519.8514,0.0000,0.0000,0.0000,0.0000,0.0000,-3.1262,-0.2150,3.4405,0.0019,-0.0065,-0.0130
1774945519.8714,0.0000,0.0000,0.0000,0.0000,0.0000,-3.1269,-0.2150,0.2917,0.0061,-0.0043,-0.0109
1774945519.8915,0.0000,0.0000,0.0000,0.0000,0.0000,-3.1279,-0.2149,-2.4158,0.0061,-0.0043,-0.0130
1774945519.9129,0.0000,0.0000,0.0000,0.0000,0.0000,-3.1278,-0.2148,0.0000,0.0061,-0.0054,-0.0098
1774945519.9315,0.0000,0.0000,0.0000,0.0000,0.0000,-3.1277,-0.2154,-0.5628,0.0050,-0.0043,-0.0119
1774945519.9513,0.0000,0.0000,0.0000,0.0000,0.0000,-3.1271,-0.2154,0.6264,0.0008,-0.0033,-0.0098
1774945519.9720,0.0000,0.0000,0.0000,0.0000,0.0000,-3.1263,-0.2154,0.6718,0.0029,-0.0043,-0.0109
1774945519.9912,0.0000,0.0000,0.0000,0.0000,0.0000,-3.1260,-0.2158,0.5758,0.0019,-0.0054,-0.0119
1774945520.0114,0.0000,0.0000,0.0000,0.0000,0.0000,-3.1255,-0.2158,0.7506,0.0050,-0.0033,-0.0119
1774945520.0313,0.0000,0.0000,0.0000,0.0000,0.0000,-3.1265,-0.2156,-1.9198,0.0040,-0.0043,-0.0119
1774945520.0513,0.0000,0.0000,0.0000,0.0000,0.0000,-3.1266,-0.2152,-0.1118,0.0040,-0.0043,-0.0109
1774945520.0714,0.0000,0.0000,0.0000,0.0000,0.0000,-3.1272,-0.2151,-0.8204,0.0040,-0.0054,-0.0119
1774945520.0912,0.0000,0.0000,0.0000,0.0000,0.0000,-3.1275,-0.2151,-1.0576,0.0029,-0.0033,-0.0119
1774945520.1116,0.0000,0.0000,0.0000,0.0000,0.0000,-3.1270,-0.2151,-1.2595,0.0040,-0.0033,-0.0109
1774945520.1313,0.0000,0.0000,0.0000,0.0000,0.0000,-3.1271,-0.2154,-2.1488,-0.0003,-0.0033,-0.0130
1774945520.1513,0.0000,0.0000,0.0000,0.0000,0.0000,-3.1263,-0.2155,1.9255,0.0050,-0.0033,-0.0119
1774945520.1715,0.0000,0.0000,0.0000,0.0000,0.0000,-3.1271,-0.2154,0.8841,0.0061,-0.0054,-0.0119
1774945520.1914,0.0000,0.0000,0.0000,0.0000,0.0000,-3.1269,-0.2155,0.8518,0.0040,-0.0043,-0.0109
1774945520.2126,0.0000,0.0000,0.0000,0.0000,0.0000,-3.1263,-0.2155,-0.2240,0.0061,-0.0022,-0.0119
1774945520.2314,0.0000,0.0000,0.0000,0.0000,0.0000,-3.1264,-0.2155,0.0000,0.0019,-0.0043,-0.0130
1774945520.2515,0.0000,0.0000,0.0000,0.0000,0.0000,-3.1256,-0.2153,-0.2314,0.0040,-0.0033,-0.0119
1774945520.2713,0.0000,0.0000,0.0000,0.0000,0.0000,-3.1263,-0.2153,-1.7767,0.0029,-0.0043,-0.0119
1774945520.2913,0.0000,0.0000,0.0000,0.0000,0.0000,-3.1264,-0.2150,0.9400,0.0029,-0.0043,-0.0098
1774945520.3114,0.0000,0.0000,0.0000,0.0000,0.0000,-3.1270,-0.2151,0.2357,0.0040,-0.0022,-0.0098
1774945520.3313,0.0000,0.0000,0.0000,0.0000,0.0000,-3.1275,-0.2151,1.4295,0.0040,-0.0043,-0.0098
1774945520.3514,0.0000,0.0000,0.0000,0.0000,0.0000,-3.1266,-0.2151,-0.5197,0.0072,-0.0043,-0.0130
1774945520.3714,0.0000,0.0000,0.0000,0.0000,0.0000,-3.1268,-0.2153,-1.3551,0.0008,-0.0033,-0.0109
1774945520.3915,0.0000,0.0000,0.0000,0.0000,0.0000,-3.1259,-0.2154,1.5010,0.0040,-0.0033,-0.0109
1774945520.4115,0.0000,0.0000,0.0000,0.0000,0.0000,-3.1259,-0.2155,0.2334,0.0040,-0.0033,-0.0119
1774945520.4315,0.0000,0.0000,0.0000,0.0000,0.0000,-3.1258,-0.2153,0.0534,0.0019,-0.0054,-0.0098
1774945520.4516,0.0000,0.0000,0.0000,0.0000,0.0000,-3.1262,-0.2151,-1.5231,0.0050,-0.0033,-0.0109
1774945520.4715,0.0000,0.0000,0.0000,0.0000,0.0000,-3.1269,-0.2152,0.0000,0.0029,-0.0033,-0.0109
1774945520.4914,0.0000,0.0000,0.0000,0.0000,0.0000,-3.1266,-0.2151,0.4319,0.0040,-0.0043,-0.0109
1774945520.5114,0.0000,0.0000,0.0000,0.0000,0.0000,-3.1276,-0.2153,-1.2718,0.0029,-0.0043,-0.0130
1774945520.5314,0.0000,0.0000,0.0000,0.0000,0.0000,-3.1268,-0.2152,1.7159,0.0029,-0.0033,-0.0109
1774945520.5514,0.0000,0.0000,0.0000,0.0000,0.0000,-3.1270,-0.2152,0.1117,0.0029,-0.0033,-0.0119
1774945520.5717,0.0000,0.0000,0.0000,0.0000,0.0000,-3.1268,-0.2153,0.7485,0.0040,-0.0033,-0.0130
1774945520.5912,0.0000,0.0000,0.0000,0.0000,0.0000,-3.1264,-0.2153,-0.8569,0.0050,-0.0043,-0.0109
1774945520.6113,0.0000,0.0000,0.0000,0.0000,0.0000,-3.1269,-0.2153,-2.1176,0.0029,-0.0033,-0.0109
1774945520.6313,0.0000,0.0000,0.0000,0.0000,0.0000,-3.1260,-0.2153,1.1424,0.0040,-0.0043,-0.0098
1774945520.6514,0.0000,0.0000,0.0000,0.0000,0.0000,-3.1265,-0.2154,-0.4137,0.0040,-0.0033,-0.0141
1774945520.6713,0.0000,0.0000,0.0000,0.0000,0.0000,-3.1264,-0.2153,0.9339,0.0029,-0.0043,-0.0119
1774945520.6912,0.0000,0.0000,0.0000,0.0000,0.0000,-3.1265,-0.2151,-1.1812,0.0061,-0.0033,-0.0119
1774945520.7114,0.0000,0.0000,0.0000,0.0000,0.0000,-3.1270,-0.2153,-1.3640,0.0040,-0.0043,-0.0119
1774945520.7314,0.0000,0.0000,0.0000,0.0000,0.0000,-3.1262,-0.2153,-0.7763,0.0072,-0.0033,-0.0109
1774945520.7515,0.0000,0.0000,0.0000,0.0000,0.0000,-3.1274,-0.2152,-2.1410,0.0029,-0.0043,-0.0130
1774945520.7712,0.0000,0.0000,0.0000,0.0000,0.0000,-3.1266,-0.2143,2.0443,-0.0013,-0.0097,-0.0109
1774945520.7914,0.0000,0.0000,0.0000,0.0000,0.0000,-3.1247,-0.2156,1.4406,0.0008,-0.0086,-0.0141
1774945520.8114,0.0000,0.0000,0.0000,0.0000,0.0000,-3.1228,-0.2165,1.8310,0.0029,-0.0033,-0.0130
1774945520.8315,0.0000,0.0000,0.0000,0.0000,0.0000,-3.1238,-0.2162,-1.4413,0.0050,-0.0012,-0.0130
1774945520.8514,0.0000,0.0000,0.0000,0.0000,0.0000,-3.1269,-0.2153,-5.3774,-0.0013,-0.0054,-0.0098
1774945520.8715,0.0000,0.0000,0.0000,0.0000,0.0000,-3.1274,-0.2151,-0.1681,0.0061,-0.0054,-0.0109
1774945520.8914,0.0000,0.0000,0.0000,0.0000,0.0000,-3.1283,-0.2145,-0.5363,-0.0003,-0.0107,-0.0130
1774945520.9114,0.0000,0.0000,0.0000,0.0000,0.0000,-3.1263,-0.2151,2.8884,-0.0003,-0.0107,-0.0151
1774945520.9313,0.0000,0.0000,0.0000,0.0000,0.0000,-3.1239,-0.2161,1.1457,0.0061,-0.0043,-0.0130
1774945520.9514,0.0000,0.0000,0.0000,0.0000,0.0000,-3.1247,-0.2161,1.2057,0.0019,-0.0033,-0.0119
1774945520.9715,0.0000,0.0000,0.0000,0.0000,0.0000,-3.1261,-0.2153,-0.7499,0.0019,-0.0054,-0.0109
1774945520.9912,0.0000,0.0000,0.0000,0.0000,0.0000,-3.1258,-0.2151,-3.7704,0.0008,-0.0043,-0.0087
1774945521.0118,0.0000,0.0000,0.0000,0.0000,0.0000,-3.1256,-0.2149,0.5143,0.0019,-0.0033,-0.0098
1774945521.0313,0.0000,0.0000,0.0000,0.0000,0.0000,-3.1266,-0.2146,3.6186,0.0029,-0.0022,-0.0130
1774945521.0512,0.0000,0.0000,0.0000,0.0000,0.0000,-3.1273,-0.2146,9.6185,0.0008,-0.0022,-0.0130
1774945521.0714,0.0000,0.0000,0.0000,0.0000,0.0000,-3.1278,-0.2145,6.7562,0.0050,-0.0043,-0.0130
1774945521.0914,0.0000,0.0000,0.0000,0.0000,0.0000,-3.1285,-0.2145,1.6586,0.0029,-0.0054,-0.0109
1774945521.1114,0.0000,0.0000,0.0000,0.0000,0.0000,-3.1271,-0.2147,0.4564,0.0093,-0.0054,-0.0098
1774945521.1314,0.0000,0.0000,0.0000,0.0000,0.0000,-3.1262,-0.2149,-2.7652,0.0050,-0.0043,-0.0087
1774945521.1514,0.0000,0.0000,0.0000,0.0000,0.0000,-3.1249,-0.2150,-1.2253,0.0008,-0.0033,-0.0119
1774945521.1714,0.0000,0.0000,0.0000,0.0000,0.0000,-3.1242,-0.2145,-4.4313,-0.0003,-0.0075,-0.0119
1774945521.1914,0.0000,0.0000,0.0000,0.0000,0.0000,-3.1255,-0.2144,-4.8863,-0.0024,-0.0065,-0.0130
1774945521.2115,0.0000,0.0000,0.0000,0.0000,0.0000,-3.1259,-0.2148,1.2994,0.0008,-0.0043,-0.0130
1774945521.2320,0.0000,0.0000,0.0000,0.0000,0.0000,-3.1267,-0.2147,-3.5571,-0.0003,-0.0043,-0.0130
1774945521.2515,0.0000,0.0000,0.0000,0.0000,0.0000,-3.1278,-0.2140,0.0000,0.0040,-0.0075,-0.0109
1774945521.2715,0.0000,0.0000,0.0000,0.0000,0.0000,-3.1303,-0.2139,0.0000,0.0019,-0.0033,-0.0141
1774945521.2917,0.0000,0.0000,0.0000,0.0000,0.0000,-3.1295,-0.2152,0.0000,0.0050,-0.0033,-0.0109
1774945521.3115,0.0000,0.0000,0.0000,0.0000,0.0000,-3.1289,-0.2152,0.0000,0.0072,-0.0022,-0.0109
1774945521.3315,0.0000,0.0000,0.0000,0.0000,0.0000,-3.1291,-0.2150,0.0000,0.0029,-0.0033,-0.0087
1774945521.3513,0.0000,0.0000,0.0000,0.0000,0.0000,-3.1269,-0.2154,0.0000,0.0072,-0.0033,-0.0109
1774945521.3714,0.0000,0.0000,0.0000,0.0000,0.0000,-3.1281,-0.2151,0.0000,0.0029,-0.0033,-0.0109
1774945521.3914,0.0000,0.0000,0.0000,0.0000,0.0000,-3.1266,-0.2147,0.0000,0.0029,-0.0054,-0.0130
1774945521.4115,0.0000,0.0000,0.0000,0.0000,0.0000,-3.1237,-0.2154,0.0000,0.0050,-0.0033,-0.0119
1774945521.4314,0.0000,0.0000,0.0000,0.0000,0.0000,-3.1237,-0.2152,0.0000,0.0029,-0.0033,-0.0098
1774945521.4514,0.0000,0.0000,0.0000,0.0000,0.0000,-3.1240,-0.2151,0.0000,0.0050,-0.0033,-0.0119
1774945521.4714,0.0000,0.0000,0.0000,0.0000,0.0000,-3.1262,-0.2146,-1.7133,0.0019,-0.0054,-0.0119
1774945521.4913,0.0000,0.0000,0.0000,0.0000,0.0000,-3.1286,-0.2145,0.0000,0.0029,-0.0054,-0.0119
1774945521.5115,0.0000,0.0000,0.0000,0.0000,0.0000,-3.1292,-0.2138,0.0000,0.0019,-0.0043,-0.0119
1774945521.5314,0.0000,0.0000,0.0000,0.0000,0.0000,-3.1301,-0.2148,0.0000,0.0008,-0.0054,-0.0098
1774945521.5514,0.0000,0.0000,0.0000,0.0000,0.0000,-3.1288,-0.2151,0.6985,0.0029,-0.0033,-0.0098
1774945521.5716,0.0000,0.0000,0.0000,0.0000,0.0000,-3.1290,-0.2155,0.0000,0.0040,-0.0043,-0.0098
1774945521.5912,0.0000,0.0000,0.0000,0.0000,0.0000,-3.1302,-0.2159,1.3341,0.0019,-0.0022,-0.0119
1774945521.6115,0.0000,0.0000,0.0000,0.0000,0.0000,-3.1303,-0.2155,2.3359,0.0061,-0.0033,-0.0119
1774945521.6314,0.0000,0.0000,0.0000,0.0000,0.0000,-3.1305,-0.2155,0.0000,0.0040,-0.0054,-0.0119
1774945521.6517,0.0000,0.0000,0.0000,0.0000,0.0000,-3.1297,-0.2152,-1.0731,0.0050,-0.0022,-0.0109
1774945521.6719,0.0000,0.0000,0.0000,0.0000,0.0000,-3.1283,-0.2149,0.0000,0.0019,-0.0043,-0.0119
1774945521.6913,0.0000,0.0000,0.0000,0.0000,0.0000,-3.1268,-0.2150,-0.3539,0.0040,-0.0065,-0.0109
1774945521.7114,0.0000,0.0000,0.0000,0.0000,0.0000,-3.1276,-0.2151,2.6993,0.0019,-0.0043,-0.0109
1774945521.7313,0.0000,0.0000,0.0000,0.0000,0.0000,-3.1286,-0.2150,0.2292,0.0029,-0.0022,-0.0109
1774945521.7513,0.0000,0.0000,0.0000,0.0000,0.0000,-3.1276,-0.2148,-1.2450,0.0061,-0.0022,-0.0119
1774945521.7713,0.0000,0.0000,0.0000,0.0000,0.0000,-3.1283,-0.2145,-1.0269,0.0029,-0.0043,-0.0098
1774945521.7914,0.0000,0.0000,0.0000,0.0000,0.0000,-3.1275,-0.2148,-0.5984,0.0040,-0.0043,-0.0141
1774945521.8114,0.0000,0.0000,0.0000,0.0000,0.0000,-3.1265,-0.2148,0.1181,0.0029,-0.0022,-0.0109
1774945521.8318,0.0000,0.0000,0.0000,0.0000,0.0000,-3.1260,-0.2148,-0.3505,0.0040,-0.0043,-0.0119
1774945521.8513,0.0000,0.0000,0.0000,0.0000,0.0000,-3.1270,-0.2150,-0.7679,0.0029,-0.0033,-0.0109
1774945521.8720,0.0000,0.0000,0.0000,0.0000,0.0000,-3.1270,-0.2153,1.0781,0.0040,-0.0012,-0.0109
1774945521.8914,0.0000,0.0000,0.0000,0.0000,0.0000,-3.1264,-0.2149,0.9142,0.0019,-0.0001,-0.0119
1774945521.9116,0.0000,0.0000,0.0000,0.0000,0.0000,-3.1261,-0.2139,-2.8767,0.0029,-0.0043,-0.0119
1774945521.9314,0.0000,0.0000,0.0000,0.0000,0.0000,-3.1246,-0.2134,0.3533,0.0050,-0.0043,-0.0119
1774945521.9514,0.0000,0.0000,0.0000,0.0000,0.0000,-3.1267,-0.2138,-0.1643,0.0040,-0.0043,-0.0119
1774945521.9713,0.0000,0.0000,0.0000,0.0000,0.0000,-3.1286,-0.2143,1.3150,0.0019,-0.0022,-0.0098
1774945521.9916,0.0000,0.0000,0.0000,0.0000,0.0000,-3.1289,-0.2143,-0.3879,0.0072,-0.0054,-0.0109
1774945522.0116,0.0000,0.0000,0.0000,0.0000,0.0000,-3.1296,-0.2151,-0.0562,0.0019,-0.0033,-0.0087
1774945522.0316,0.0000,0.0000,0.0000,0.0000,0.0000,-3.1283,-0.2151,0.0579,0.0050,-0.0033,-0.0098
1774945522.0515,0.0000,0.0000,0.0000,0.0000,0.0000,-3.1274,-0.2148,-0.4652,0.0040,-0.0054,-0.0119
1774945522.0714,0.0000,0.0000,0.0000,0.0000,0.0000,-3.1259,-0.2148,1.4962,0.0029,-0.0043,-0.0109
1774945522.0915,0.0000,0.0000,0.0000,0.0000,0.0000,-3.1259,-0.2147,-0.1110,0.0008,-0.0033,-0.0119
1774945522.1114,0.0000,0.0000,0.0000,0.0000,0.0000,-3.1264,-0.2146,0.2198,0.0019,-0.0022,-0.0109
1774945522.1315,0.0000,0.0000,0.0000,0.0000,0.0000,-3.1263,-0.2142,-0.6775,0.0061,-0.0054,-0.0119
1774945522.1514,0.0000,0.0000,0.0000,0.0000,0.0000,-3.1279,-0.2146,-2.4685,0.0019,-0.0043,-0.0109
1774945522.1715,0.0000,0.0000,0.0000,0.0000,0.0000,-3.1275,-0.2146,0.7990,0.0040,-0.0033,-0.0109
1774945522.1914,0.0000,0.0000,0.0000,0.0000,0.0000,-3.1286,-0.2145,0.7301,0.0029,-0.0033,-0.0119
1774945522.2114,0.0000,0.0000,0.0000,0.0000,0.0000,-3.1290,-0.2147,-0.0584,0.0029,-0.0033,-0.0109
1774945522.2321,0.0000,0.0000,0.0000,0.0000,0.0000,-3.1284,-0.2146,0.1763,0.0050,-0.0033,-0.0109
1774945522.2516,0.0000,0.0000,0.0000,0.0000,0.0000,-3.1284,-0.2146,-0.0559,0.0019,-0.0033,-0.0130
1774945522.2715,0.0000,0.0000,0.0000,0.0000,0.0000,-3.1267,-0.2146,0.5319,0.0050,-0.0043,-0.0109
1774945522.2914,0.0000,0.0000,0.0000,0.0000,0.0000,-3.1268,-0.2146,-0.4845,0.0050,-0.0022,-0.0130
1774945522.3117,0.0000,0.0000,0.0000,0.0000,0.0000,-3.1263,-0.2144,0.0556,0.0050,-0.0033,-0.0098
1774945522.3394,0.0000,0.0000,0.0000,0.0000,0.0000,-3.1267,-0.2147,-0.4012,0.0029,-0.0022,-0.0119
1774945522.3522,0.0000,0.0000,0.0000,0.0000,0.0000,-3.1274,-0.2148,1.0494,0.0029,-0.0043,-0.0098
1774945522.3714,0.0000,0.0000,0.0000,0.0000,0.0000,-3.1273,-0.2147,0.2263,0.0061,-0.0043,-0.0109
1774945522.3914,0.0000,0.0000,0.0000,0.0000,0.0000,-3.1284,-0.2149,-1.4946,0.0050,-0.0043,-0.0119
1774945522.4115,0.0000,0.0000,0.0000,0.0000,0.0000,-3.1282,-0.2146,1.5352,0.0061,-0.0043,-0.0130
1774945522.4315,0.0000,0.0000,0.0000,0.0000,0.0000,-3.1285,-0.2145,0.9789,0.0040,-0.0033,-0.0098
1774945522.4518,0.0000,0.0000,0.0000,0.0000,0.0000,-3.1283,-0.2145,0.8218,0.0029,-0.0033,-0.0109
1774945522.4715,0.0000,0.0000,0.0000,0.0000,0.0000,-3.1274,-0.2146,-0.7610,0.0061,-0.0022,-0.0119
1774945522.4914,0.0000,0.0000,0.0000,0.0000,0.0000,-3.1272,-0.2147,-0.8215,0.0019,-0.0033,-0.0098
1774945522.5117,0.0000,0.0000,0.0000,0.0000,0.0000,-3.1265,-0.2147,0.8911,0.0040,-0.0033,-0.0109
1774945522.5314,0.0000,0.0000,0.0000,0.0000,0.0000,-3.1273,-0.2148,-0.5183,0.0029,-0.0043,-0.0119
1774945522.5513,0.0000,0.0000,0.0000,0.0000,0.0000,-3.1271,-0.2146,0.8549,0.0050,-0.0033,-0.0119
1774945522.5716,0.0000,0.0000,0.0000,0.0000,0.0000,-3.1277,-0.2145,-0.0590,0.0019,-0.0043,-0.0109
1774945522.5914,0.0000,0.0000,0.0000,0.0000,0.0000,-3.1287,-0.2146,1.1314,0.0040,-0.0043,-0.0109
1774945522.6115,0.0000,0.0000,0.0000,0.0000,0.0000,-3.1283,-0.2145,0.0000,0.0061,-0.0043,-0.0109
1774945522.6315,0.0000,0.0000,0.0000,0.0000,0.0000,-3.1288,-0.2147,-1.3008,0.0040,-0.0043,-0.0119
1774945522.6513,0.0000,0.0000,0.0000,0.0000,0.0000,-3.1276,-0.2146,2.0238,0.0050,-0.0022,-0.0109
1774945522.6715,0.0000,0.0000,0.0000,0.0000,0.0000,-3.1277,-0.2146,0.5052,0.0029,-0.0043,-0.0119
1774945522.6913,0.0000,0.0000,0.0000,0.0000,0.0000,-3.1272,-0.2148,0.6402,0.0029,-0.0033,-0.0109
1774945522.7114,0.0000,0.0000,0.0000,0.0000,0.0000,-3.1268,-0.2146,-0.6008,0.0019,-0.0022,-0.0109
1774945522.7314,0.0000,0.0000,0.0000,0.0000,0.0000,-3.1273,-0.2147,-0.4650,0.0019,-0.0033,-0.0119
1774945522.7513,0.0000,0.0000,0.0000,0.0000,0.0000,-3.1268,-0.2147,1.5105,0.0040,-0.0043,-0.0109
1774945522.7713,0.0000,0.0000,0.0000,0.0000,0.0000,-3.1281,-0.2147,-0.7049,0.0040,-0.0054,-0.0119
1774945522.7917,0.0000,0.0000,0.0000,0.0000,0.0000,-3.1276,-0.2146,0.7100,0.0029,-0.0033,-0.0098
1774945522.8119,0.0000,0.0000,0.0000,0.0000,0.0000,-3.1279,-0.2145,0.3392,0.0050,-0.0043,-0.0119
1774945522.8315,0.0000,0.0000,0.0000,0.0000,0.0000,-3.1284,-0.2146,0.5793,0.0040,-0.0033,-0.0109
1774945522.8515,0.0000,0.0000,0.0000,0.0000,0.0000,-3.1273,-0.2147,-0.1596,0.0050,-0.0043,-0.0109
1774945522.8714,0.0000,0.0000,0.0000,0.0000,0.0000,-3.1281,-0.2147,-1.6752,0.0029,-0.0043,-0.0109
1774945522.8915,0.0000,0.0000,0.0000,0.0000,0.0000,-3.1268,-0.2147,1.3131,0.0040,-0.0022,-0.0098
1774945522.9117,0.0000,0.0000,0.0000,0.0000,0.0000,-3.1273,-0.2148,1.0320,0.0008,-0.0043,-0.0119
1774945522.9316,0.0000,0.0000,0.0000,0.0000,0.0000,-3.1274,-0.2147,0.8952,0.0029,-0.0033,-0.0098
1774945522.9520,0.0000,0.0000,0.0000,0.0000,0.0000,-3.1271,-0.2146,-0.9703,0.0029,-0.0022,-0.0109
1774945522.9716,0.0000,0.0000,0.0000,0.0000,0.0000,-3.1279,-0.2146,-1.0956,0.0019,-0.0033,-0.0109
1774945522.9913,0.0000,0.0000,0.0000,0.0000,0.0000,-3.1276,-0.2147,0.9070,0.0029,-0.0033,-0.0109
1774945523.0118,0.0000,0.0000,0.0000,0.0000,0.0000,-3.1284,-0.2145,-1.3538,0.0019,-0.0033,-0.0098
1774945523.0317,0.0000,0.0000,0.0000,0.0000,0.0000,-3.1280,-0.2145,0.1189,0.0040,-0.0043,-0.0109
1774945523.0515,0.0000,0.0000,0.0000,0.0000,0.0000,-3.1278,-0.2144,0.0594,0.0029,-0.0033,-0.0098
1774945523.0715,0.0000,0.0000,0.0000,0.0000,0.0000,-3.1278,-0.2145,0.9311,0.0040,-0.0033,-0.0130
1774945523.0914,0.0000,0.0000,0.0000,0.0000,0.0000,-3.1270,-0.2146,-0.2737,0.0040,-0.0043,-0.0119
1774945523.1116,0.0000,0.0000,0.0000,0.0000,0.0000,-3.1274,-0.2148,-0.8899,0.0019,-0.0043,-0.0098
1774945523.1314,0.0000,0.0000,0.0000,0.0000,0.0000,-3.1270,-0.2147,2.6343,0.0040,-0.0033,-0.0098
1774945523.1518,0.0000,0.0000,0.0000,0.0000,0.0000,-3.1276,-0.2145,0.7828,0.0040,-0.0043,-0.0130
1774945523.1713,0.0000,0.0000,0.0000,0.0000,0.0000,-3.1276,-0.2145,-0.2741,0.0029,-0.0043,-0.0109
1774945523.1914,0.0000,0.0000,0.0000,0.0000,0.0000,-3.1276,-0.2144,-1.0756,0.0029,-0.0043,-0.0119
1774945523.2117,0.0000,0.0000,0.0000,0.0000,0.0000,-3.1282,-0.2147,-0.1811,0.0019,-0.0033,-0.0119
1774945523.2316,0.0000,0.0000,0.0000,0.0000,0.0000,-3.1278,-0.2148,0.7397,0.0029,-0.0043,-0.0119
1774945523.2512,0.0000,0.0000,0.0000,0.0000,0.0000,-3.1284,-0.2149,-1.1298,0.0040,-0.0033,-0.0141
1774945523.2717,0.0000,0.0000,0.0000,0.0000,0.0000,-3.1275,-0.2146,0.4488,0.0061,-0.0043,-0.0119
1774945523.2916,0.0000,0.0000,0.0000,0.0000,0.0000,-3.1276,-0.2147,0.0000,0.0040,-0.0043,-0.0109
1774945523.3114,0.0000,0.0000,0.0000,0.0000,0.0000,-3.1276,-0.2147,1.0308,0.0040,-0.0033,-0.0130
1774945523.3314,0.0000,0.0000,0.0000,0.0000,0.0000,-3.1271,-0.2146,-0.2322,0.0029,-0.0033,-0.0109
1774945523.3514,0.0000,0.0000,0.0000,0.0000,0.0000,-3.1279,-0.2148,-2.1153,0.0019,-0.0054,-0.0109
1774945523.3715,0.0000,0.0000,0.0000,0.0000,0.0000,-3.1271,-0.2147,1.5612,0.0050,-0.0043,-0.0119
1774945523.3914,0.0000,0.0000,0.0000,0.0000,0.0000,-3.1279,-0.2147,0.4006,0.0019,-0.0043,-0.0109
1774945523.4115,0.0000,0.0000,0.0000,0.0000,0.0000,-3.1278,-0.2147,0.0590,0.0040,-0.0033,-0.0109
1774945523.4316,0.0000,0.0000,0.0000,0.0000,0.0000,-3.1274,-0.2146,-0.4455,0.0050,-0.0033,-0.0109
1774945523.4515,0.0000,0.0000,0.0000,0.0000,0.0000,-3.1280,-0.2146,-0.3561,0.0019,-0.0033,-0.0119
1774945523.4714,0.0000,0.0000,0.0000,0.0000,0.0000,-3.1270,-0.2148,0.8053,0.0050,-0.0022,-0.0109
1774945523.4914,0.0000,0.0000,0.0000,0.0000,0.0000,-3.1278,-0.2149,-0.5695,0.0040,-0.0033,-0.0098
1774945523.5115,0.0000,0.0000,0.0000,0.0000,0.0000,-3.1274,-0.2147,0.8934,0.0061,-0.0043,-0.0119
1774945523.5318,0.0000,0.0000,0.0000,0.0000,0.0000,-3.1272,-0.2147,0.2893,0.0050,-0.0043,-0.0130
1774945523.5518,0.0000,0.0000,0.0000,0.0000,0.0000,-3.1277,-0.2147,0.6996,0.0029,-0.0033,-0.0109
1774945523.5717,0.0000,0.0000,0.0000,0.0000,0.0000,-3.1272,-0.2145,-0.5080,0.0061,-0.0033,-0.0119
1774945523.5914,0.0000,0.0000,0.0000,0.0000,0.0000,-3.1280,-0.2142,-1.6856,0.0061,-0.0075,-0.0109
1774945523.6114,0.0000,0.0000,0.0000,0.0000,0.0000,-3.1280,-0.2145,2.5278,0.0029,-0.0054,-0.0098
1774945523.6314,0.0000,0.0000,0.0000,0.0000,0.0000,-3.1279,-0.2151,1.5980,0.0029,-0.0022,-0.0130
1774945523.6513,0.0000,0.0000,0.0000,0.0000,0.0000,-3.1278,-0.2145,-1.0925,0.0082,-0.0022,-0.0098
1774945523.6716,0.0000,0.0000,0.0000,0.0000,0.0000,-3.1276,-0.2143,-0.4517,0.0072,-0.0043,-0.0130
1774945523.6917,0.0000,0.0000,0.0000,0.0000,0.0000,-3.1271,-0.2147,-0.2912,-0.0013,-0.0022,-0.0109
1774945523.7114,0.0000,0.0000,0.0000,0.0000,0.0000,-3.1258,-0.2144,2.4881,0.0040,-0.0033,-0.0119
1774945523.7317,0.0000,0.0000,0.0000,0.0000,0.0000,-3.1267,-0.2144,-1.2153,0.0019,-0.0043,-0.0109
1774945523.7515,0.0000,0.0000,0.0000,0.0000,0.0000,-3.1273,-0.2150,-0.5586,0.0019,-0.0043,-0.0109
1774945523.7730,0.0000,0.0000,0.0000,0.0000,0.0000,-3.1281,-0.2155,0.3278,0.0008,0.0010,-0.0109
1774945523.7916,0.0000,0.0000,0.0000,0.0000,0.0000,-3.1280,-0.2147,2.3838,0.0008,0.0010,-0.0098
1774945523.8117,0.0000,0.0000,0.0000,0.0000,0.0000,-3.1253,-0.2141,0.0000,0.0050,-0.0043,-0.0098
1774945523.8318,0.0000,0.0000,0.0000,0.0000,0.0000,-3.1247,-0.2141,-0.6347,0.0008,-0.0043,-0.0109
1774945523.8514,0.0000,0.0000,0.0000,0.0000,0.0000,-3.1240,-0.2137,0.0000,0.0029,-0.0033,-0.0119
1774945523.8717,0.0000,0.0000,0.0000,0.0000,0.0000,-3.1241,-0.2133,0.0000,0.0029,-0.0054,-0.0119
1774945523.8914,0.0000,0.0000,0.0000,0.0000,0.0000,-3.1243,-0.2133,0.0000,0.0019,-0.0043,-0.0109
1774945523.9114,0.0000,0.0000,0.0000,0.0000,0.0000,-3.1250,-0.2133,-1.8213,0.0050,-0.0022,-0.0109
1774945523.9314,0.0000,0.0000,0.0000,0.0000,0.0000,-3.1229,-0.2129,0.0000,0.0040,-0.0033,-0.0119
1774945523.9520,0.0000,0.0000,0.0000,0.0000,0.0000,-3.1212,-0.2130,0.0000,0.0093,-0.0033,-0.0098
1774945523.9715,0.0000,0.0000,0.0000,0.0000,0.0000,-3.1227,-0.2136,0.0000,0.0029,-0.0033,-0.0119
1774945523.9915,0.0000,0.0000,0.0000,0.0000,0.0000,-3.1229,-0.2143,0.0000,0.0061,-0.0033,-0.0119
1774945524.0116,0.0000,0.0000,0.0000,0.0000,0.0000,-3.1243,-0.2145,0.0000,0.0040,-0.0033,-0.0119
1774945524.0315,0.0000,0.0000,0.0000,0.0000,0.0000,-3.1262,-0.2145,0.0000,0.0029,-0.0043,-0.0109
1774945524.0512,0.0000,0.0000,0.0000,0.0000,0.0000,-3.1262,-0.2146,0.0000,0.0040,-0.0033,-0.0109
1774945524.0717,0.0000,0.0000,0.0000,0.0000,0.0000,-3.1286,-0.2144,0.0000,0.0008,-0.0033,-0.0109
1774945524.0914,0.0000,0.0000,0.0000,0.0000,0.0000,-3.1295,-0.2142,0.0000,0.0029,-0.0033,-0.0109
1774945524.1114,0.0000,0.0000,0.0000,0.0000,0.0000,-3.1296,-0.2141,0.0000,0.0029,-0.0043,-0.0119
1774945524.1313,0.0000,0.0000,0.0000,0.0000,0.0000,-3.1286,-0.2142,0.0000,0.0029,-0.0054,-0.0098
1774945524.1515,0.0000,0.0000,0.0000,0.0000,0.0000,-3.1274,-0.2148,0.0000,0.0061,-0.0033,-0.0119
1774945524.1715,0.0000,0.0000,0.0000,0.0000,0.0000,-3.1279,-0.2145,-2.6936,0.0008,-0.0043,-0.0119
1774945524.1914,0.0000,0.0000,0.0000,0.0000,0.0000,-3.1280,-0.2146,0.0000,0.0072,-0.0075,-0.0098
1774945524.2117,0.0000,0.0000,0.0000,0.0000,0.0000,-3.1296,-0.2147,0.0000,0.0029,-0.0065,-0.0119
1774945524.2317,0.0000,0.0000,0.0000,0.0000,0.0000,-3.1292,-0.2150,0.4495,0.0008,-0.0022,-0.0119
1774945524.2514,0.0000,0.0000,0.0000,0.0000,0.0000,-3.1283,-0.2147,-2.4548,0.0093,-0.0033,-0.0098
1774945524.2714,0.0000,0.0000,0.0000,0.0000,0.0000,-3.1293,-0.2144,-0.1132,0.0029,-0.0054,-0.0119
1774945524.2914,0.0000,0.0000,0.0000,0.0000,0.0000,-3.1279,-0.2150,-0.8179,-0.0003,-0.0033,-0.0119
1774945524.3114,0.0000,0.0000,0.0000,0.0000,0.0000,-3.1268,-0.2148,0.1680,0.0029,-0.0043,-0.0119
1774945524.3314,0.0000,0.0000,0.0000,0.0000,0.0000,-3.1268,-0.2148,-0.9188,0.0040,-0.0065,-0.0141
1774945524.3515,0.0000,0.0000,0.0000,0.0000,0.0000,-3.1274,-0.2154,-0.4577,0.0029,-0.0001,-0.0109
1774945524.3715,0.0000,0.0000,0.0000,0.0000,0.0000,-3.1275,-0.2149,1.9627,0.0029,-0.0022,-0.0098
1774945524.3913,0.0000,0.0000,0.0000,0.0000,0.0000,-3.1267,-0.2142,1.3256,0.0082,-0.0054,-0.0109
1774945524.4115,0.0000,0.0000,0.0000,0.0000,0.0000,-3.1282,-0.2144,-0.5563,0.0029,-0.0043,-0.0109
1774945524.4314,0.0000,0.0000,0.0000,0.0000,0.0000,-3.1276,-0.2146,3.6974,0.0019,-0.0022,-0.0109
1774945524.4514,0.0000,0.0000,0.0000,0.0000,0.0000,-3.1278,-0.2142,2.4014,0.0040,-0.0054,-0.0130
1774945524.4715,0.0000,0.0000,0.0000,0.0000,0.0000,-3.1283,-0.2143,-0.9978,0.0019,-0.0054,-0.0109
1774945524.4914,0.0000,0.0000,0.0000,0.0000,0.0000,-3.1280,-0.2146,0.2875,0.0072,-0.0022,-0.0119
1774945524.5114,0.0000,0.0000,0.0000,0.0000,0.0000,-3.1281,-0.2146,-2.4858,0.0050,-0.0043,-0.0109
1774945524.5317,0.0000,0.0000,0.0000,0.0000,0.0000,-3.1275,-0.2146,-0.9692,0.0061,-0.0054,-0.0119
1774945524.5514,0.0000,0.0000,0.0000,0.0000,0.0000,-3.1275,-0.2147,0.2877,0.0040,-0.0033,-0.0119
1774945524.5714,0.0000,0.0000,0.0000,0.0000,0.0000,-3.1268,-0.2145,1.3801,0.0019,-0.0054,-0.0119
1774945524.5914,0.0000,0.0000,0.0000,0.0000,0.0000,-3.1271,-0.2147,1.6738,0.0040,-0.0033,-0.0130
1774945524.6114,0.0000,0.0000,0.0000,0.0000,0.0000,-3.1276,-0.2147,1.8883,0.0008,-0.0043,-0.0130
1774945524.6314,0.0000,0.0000,0.0000,0.0000,0.0000,-3.1274,-0.2147,-1.1530,0.0061,-0.0033,-0.0119
1774945524.6514,0.0000,0.0000,0.0000,0.0000,0.0000,-3.1284,-0.2149,-2.7717,0.0040,-0.0043,-0.0119
1774945524.6714,0.0000,0.0000,0.0000,0.0000,0.0000,-3.1281,-0.2144,1.0007,0.0040,-0.0054,-0.0130
1774945524.6914,0.0000,0.0000,0.0000,0.0000,0.0000,-3.1289,-0.2148,0.4600,0.0040,-0.0043,-0.0119
1774945524.7113,0.0000,0.0000,0.0000,0.0000,0.0000,-3.1289,-0.2148,-0.3483,0.0050,-0.0043,-0.0109
1774945524.7314,0.0000,0.0000,0.0000,0.0000,0.0000,-3.1279,-0.2147,0.8223,0.0019,-0.0033,-0.0098
1774945524.7514,0.0000,0.0000,0.0000,0.0000,0.0000,-3.1277,-0.2149,-1.3447,0.0008,-0.0043,-0.0109
1774945524.7715,0.0000,0.0000,0.0000,0.0000,0.0000,-3.1269,-0.2150,3.1764,0.0040,-0.0033,-0.0130
1774945524.7913,0.0000,0.0000,0.0000,0.0000,0.0000,-3.1274,-0.2149,0.4675,0.0029,-0.0043,-0.0130
1774945524.8115,0.0000,0.0000,0.0000,0.0000,0.0000,-3.1272,-0.2150,-0.9902,0.0029,-0.0054,-0.0087
1774945524.8314,0.0000,0.0000,0.0000,0.0000,0.0000,-3.1280,-0.2152,-0.7948,0.0061,-0.0033,-0.0130
1774945524.8514,0.0000,0.0000,0.0000,0.0000,0.0000,-3.1287,-0.2150,1.1418,0.0008,-0.0033,-0.0119
1774945524.8715,0.0000,0.0000,0.0000,0.0000,0.0000,-3.1278,-0.2148,0.7753,0.0050,-0.0043,-0.0109
1774945524.8914,0.0000,0.0000,0.0000,0.0000,0.0000,-3.1285,-0.2147,-1.4034,0.0040,-0.0054,-0.0109
1774945524.9114,0.0000,0.0000,0.0000,0.0000,0.0000,-3.1281,-0.2147,1.3980,0.0019,-0.0022,-0.0109
1774945524.9324,0.0000,0.0000,0.0000,0.0000,0.0000,-3.1279,-0.2146,-0.6337,0.0040,-0.0043,-0.0130
1774945524.9517,0.0000,0.0000,0.0000,0.0000,0.0000,-3.1283,-0.2146,1.7854,0.0050,-0.0043,-0.0098
1774945524.9717,0.0000,0.0000,0.0000,0.0000,0.0000,-3.1279,-0.2147,-0.9087,0.0061,-0.0033,-0.0109
1774945524.9914,0.0000,0.0000,0.0000,0.0000,0.0000,-3.1279,-0.2147,-3.0148,0.0019,-0.0033,-0.0098
1774945525.0122,0.0000,0.0000,0.0000,0.0000,0.0000,-3.1269,-0.2147,0.0586,0.0050,-0.0033,-0.0119
1774945525.0317,0.0000,0.0000,0.0000,0.0000,0.0000,-3.1270,-0.2147,-2.6736,0.0019,-0.0033,-0.0109
1774945525.0514,0.0000,0.0000,0.0000,0.0000,0.0000,-3.1267,-0.2148,-1.3032,0.0019,-0.0043,-0.0109
1774945525.0714,0.0000,0.0000,0.0000,0.0000,0.0000,-3.1270,-0.2145,0.9635,0.0040,-0.0043,-0.0109
1774945525.0914,0.0000,0.0000,0.0000,0.0000,0.0000,-3.1277,-0.2144,1.8563,0.0029,-0.0043,-0.0109
1774945525.1114,0.0000,0.0000,0.0000,0.0000,0.0000,-3.1277,-0.2145,-2.5175,0.0029,-0.0022,-0.0109
1774945525.1316,0.0000,0.0000,0.0000,0.0000,0.0000,-3.1281,-0.2146,-0.8467,0.0019,-0.0054,-0.0109
1774945525.1515,0.0000,0.0000,0.0000,0.0000,0.0000,-3.1272,-0.2143,0.8292,0.0019,-0.0054,-0.0109
1774945525.1717,0.0000,0.0000,0.0000,0.0000,0.0000,-3.1274,-0.2147,0.5563,0.0019,-0.0043,-0.0119
1774945525.1916,0.0000,0.0000,0.0000,0.0000,0.0000,-3.1280,-0.2149,0.4543,0.0019,-0.0043,-0.0119
1774945525.2116,0.0000,0.0000,0.0000,0.0000,0.0000,-3.1275,-0.2147,-1.4523,0.0040,-0.0033,-0.0119
1774945525.2315,0.0000,0.0000,0.0000,0.0000,0.0000,-3.1279,-0.2149,-0.6505,0.0019,-0.0033,-0.0109
1774945525.2516,0.0000,0.0000,0.0000,0.0000,0.0000,-3.1277,-0.2149,2.2178,0.0040,-0.0043,-0.0119
1774945525.2714,0.0000,0.0000,0.0000,0.0000,0.0000,-3.1276,-0.2151,-0.3566,0.0019,-0.0033,-0.0109
1774945525.2915,0.0000,0.0000,0.0000,0.0000,0.0000,-3.1270,-0.2149,0.1792,0.0061,-0.0033,-0.0130
1774945525.3115,0.0000,0.0000,0.0000,0.0000,0.0000,-3.1276,-0.2147,0.3913,0.0029,-0.0043,-0.0109
1774945525.3314,0.0000,0.0000,0.0000,0.0000,0.0000,-3.1278,-0.2148,0.0576,0.0008,-0.0033,-0.0119
1774945525.3515,0.0000,0.0000,0.0000,0.0000,0.0000,-3.1273,-0.2146,0.6341,0.0040,-0.0033,-0.0119
1774945525.3721,0.0000,0.0000,0.0000,0.0000,0.0000,-3.1284,-0.2145,-0.8589,0.0019,-0.0054,-0.0130
1774945525.3918,0.0000,0.0000,0.0000,0.0000,0.0000,-3.1276,-0.2146,0.6792,0.0061,-0.0043,-0.0109
1774945525.4114,0.0000,0.0000,0.0000,0.0000,0.0000,-3.1282,-0.2148,0.1179,0.0061,-0.0033,-0.0109
1774945525.4314,0.0000,0.0000,0.0000,0.0000,0.0000,-3.1285,-0.2145,1.8729,0.0050,-0.0033,-0.0098
1774945525.4515,0.0000,0.0000,0.0000,0.0000,0.0000,-3.1287,-0.2146,-2.5101,0.0050,-0.0043,-0.0109
1774945525.4715,0.0000,0.0000,0.0000,0.0000,0.0000,-3.1288,-0.2151,-1.4907,0.0019,-0.0033,-0.0119
1774945525.4914,0.0000,0.0000,0.0000,0.0000,0.0000,-3.1280,-0.2149,0.4551,0.0040,-0.0033,-0.0098
1774945525.5118,0.0000,0.0000,0.0000,0.0000,0.0000,-3.1286,-0.2148,-4.1003,0.0029,-0.0043,-0.0130
1774945525.5314,0.0000,0.0000,0.0000,0.0000,0.0000,-3.1276,-0.2150,0.2301,0.0061,-0.0043,-0.0151
1774945525.5512,0.0000,0.0000,0.0000,0.0000,0.0000,-3.1276,-0.2146,0.6812,0.0040,-0.0033,-0.0119
1774945525.5714,0.0000,0.0000,0.0000,0.0000,0.0000,-3.1282,-0.2146,-0.7015,0.0029,-0.0054,-0.0119
1774945525.5918,0.0000,0.0000,0.0000,0.0000,0.0000,-3.1272,-0.2148,-0.4597,0.0061,-0.0022,-0.0141
1774945525.6128,0.0000,0.0000,0.0000,0.0000,0.0000,-3.1283,-0.2146,0.3774,0.0029,-0.0022,-0.0130
1774945525.6314,0.0000,0.0000,0.0000,0.0000,0.0000,-3.1279,-0.2143,0.2872,0.0061,-0.0043,-0.0119
1774945525.6514,0.0000,0.0000,0.0000,0.0000,0.0000,-3.1276,-0.2146,2.2366,0.0040,-0.0033,-0.0119
1774945525.6715,0.0000,0.0000,0.0000,0.0000,0.0000,-3.1275,-0.2147,3.7213,0.0029,-0.0033,-0.0098
1774945525.6916,0.0000,0.0000,0.0000,0.0000,0.0000,-3.1273,-0.2146,0.7061,0.0050,-0.0043,-0.0130
1774945525.7115,0.0000,0.0000,0.0000,0.0000,0.0000,-3.1276,-0.2148,1.3112,0.0008,-0.0022,-0.0119
1774945525.7314,0.0000,0.0000,0.0000,0.0000,0.0000,-3.1275,-0.2146,1.9369,0.0040,-0.0054,-0.0119
1774945525.7515,0.0000,0.0000,0.0000,0.0000,0.0000,-3.1284,-0.2147,-5.9783,0.0029,-0.0043,-0.0130
1774945525.7722,0.0000,0.0000,0.0000,0.0000,0.0000,-3.1274,-0.2147,-1.2997,0.0029,-0.0043,-0.0109
1774945525.7913,0.0000,0.0000,0.0000,0.0000,0.0000,-3.1280,-0.2147,-1.8089,0.0050,-0.0043,-0.0109
1774945525.8116,0.0000,0.0000,0.0000,0.0000,0.0000,-3.1285,-0.2150,1.5550,0.0019,-0.0033,-0.0109
1774945525.8314,0.0000,0.0000,0.0000,0.0000,0.0000,-3.1285,-0.2150,2.2145,0.0040,-0.0022,-0.0109
1774945525.8513,0.0000,0.0000,0.0000,0.0000,0.0000,-3.1293,-0.2150,-0.4497,0.0050,-0.0022,-0.0109
1774945525.8713,0.0000,0.0000,0.0000,0.0000,0.0000,-3.1286,-0.2153,1.2029,0.0029,-0.0022,-0.0109
1774945525.8916,0.0000,0.0000,0.0000,0.0000,0.0000,-3.1290,-0.2153,0.1138,0.0050,-0.0043,-0.0119
1774945525.9113,0.0000,0.0000,0.0000,0.0000,0.0000,-3.1291,-0.2149,-2.7292,0.0050,-0.0043,-0.0087
1774945525.9320,0.0000,0.0000,0.0000,0.0000,0.0000,-3.1278,-0.2151,3.7621,0.0029,-0.0033,-0.0098
1774945525.9515,0.0000,0.0000,0.0000,0.0000,0.0000,-3.1282,-0.2150,-2.7355,0.0019,-0.0033,-0.0119
1774945525.9718,0.0000,0.0000,0.0000,0.0000,0.0000,-3.1274,-0.2148,1.0216,0.0050,-0.0033,-0.0098
1774945525.9915,0.0000,0.0000,0.0000,0.0000,0.0000,-3.1285,-0.2149,-0.6668,0.0040,-0.0043,-0.0119
1774945526.0115,0.0000,0.0000,0.0000,0.0000,0.0000,-3.1278,-0.2147,1.3812,0.0019,-0.0022,-0.0098
1774945526.0321,0.0000,0.0000,0.0000,0.0000,0.0000,-3.1277,-0.2147,0.1171,0.0040,-0.0033,-0.0119
1774945526.0515,0.0000,0.0000,0.0000,0.0000,0.0000,-3.1281,-0.2147,-2.1232,0.0029,-0.0043,-0.0109
1774945526.0714,0.0000,0.0000,0.0000,0.0000,0.0000,-3.1275,-0.2149,1.3180,0.0040,-0.0022,-0.0109
1774945526.0913,0.0000,0.0000,0.0000,0.0000,0.0000,-3.1280,-0.2148,-1.1363,0.0040,-0.0043,-0.0119
1774945526.1115,0.0000,0.0000,0.0000,0.0000,0.0000,-3.1272,-0.2148,-0.1159,0.0061,-0.0043,-0.0119
1774945526.1315,0.0000,0.0000,0.0000,0.0000,0.0000,-3.1275,-0.2147,1.3963,0.0040,-0.0033,-0.0119
1774945526.1518,0.0000,0.0000,0.0000,0.0000,0.0000,-3.1274,-0.2145,0.5884,0.0029,-0.0043,-0.0109
1774945526.1719,0.0000,0.0000,0.0000,0.0000,0.0000,-3.1273,-0.2147,-1.2349,0.0040,-0.0022,-0.0119
1774945526.1914,0.0000,0.0000,0.0000,0.0000,0.0000,-3.1277,-0.2146,0.7937,0.0019,-0.0022,-0.0109
1774945526.2115,0.0000,0.0000,0.0000,0.0000,0.0000,-3.1274,-0.2145,0.6106,0.0040,-0.0054,-0.0119
1774945526.2318,0.0000,0.0000,0.0000,0.0000,0.0000,-3.1282,-0.2147,-1.5068,0.0029,-0.0043,-0.0130
1774945526.2514,0.0000,0.0000,0.0000,0.0000,0.0000,-3.1282,-0.2148,1.5772,0.0040,-0.0033,-0.0119
1774945526.2720,0.0000,0.0000,0.0000,0.0000,0.0000,-3.1286,-0.2147,-2.1901,0.0019,-0.0033,-0.0109
1774945526.2916,0.0000,0.0000,0.0000,0.0000,0.0000,-3.1292,-0.2149,0.2954,0.0019,-0.0033,-0.0119
1774945526.3117,0.0000,0.0000,0.0000,0.0000,0.0000,-3.1292,-0.2149,1.3083,0.0050,-0.0033,-0.0119
1774945526.3314,0.0000,0.0000,0.0000,0.0000,0.0000,-3.1295,-0.2150,-1.4802,0.0040,-0.0033,-0.0109
1774945526.3518,0.0000,0.0000,0.0000,0.0000,0.0000,-3.1289,-0.2152,1.1148,0.0050,-0.0033,-0.0130
1774945526.3717,0.0000,0.0000,0.0000,0.0000,0.0000,-3.1283,-0.2147,0.0000,0.0040,-0.0033,-0.0098
1774945526.3915,0.0000,0.0000,0.0000,0.0000,0.0000,-3.1300,-0.2152,-2.2398,0.0019,-0.0043,-0.0119
1774945526.4113,0.0000,0.0000,0.0000,0.0000,0.0000,-3.1296,-0.2148,0.0000,0.0029,-0.0022,-0.0109
1774945526.4314,0.0000,0.0000,0.0000,0.0000,0.0000,-3.1294,-0.2146,0.0000,0.0019,-0.0033,-0.0109
1774945526.4516,0.0000,0.0000,0.0000,0.0000,0.0000,-3.1284,-0.2150,0.0000,0.0029,-0.0043,-0.0109
1774945526.4714,0.0000,0.0000,0.0000,0.0000,0.0000,-3.1298,-0.2149,0.0000,0.0019,-0.0033,-0.0119
1774945526.4920,0.0000,0.0000,0.0000,0.0000,0.0000,-3.1295,-0.2150,-0.4591,0.0050,-0.0043,-0.0130
1774945526.5113,0.0000,0.0000,0.0000,0.0000,0.0000,-3.1293,-0.2151,0.0000,0.0029,-0.0043,-0.0109
1774945526.5315,0.0000,0.0000,0.0000,0.0000,0.0000,-3.1300,-0.2151,0.0000,0.0029,-0.0022,-0.0119
1774945526.5514,0.0000,0.0000,0.0000,0.0000,0.0000,-3.1280,-0.2153,0.0000,0.0040,-0.0033,-0.0119
1774945526.5714,0.0000,0.0000,0.0000,0.0000,0.0000,-3.1286,-0.2156,0.0000,0.0019,-0.0043,-0.0109
1774945526.5914,0.0000,0.0000,0.0000,0.0000,0.0000,-3.1287,-0.2151,0.0000,0.0040,-0.0043,-0.0119
1774945526.6114,0.0000,0.0000,0.0000,0.0000,0.0000,-3.1280,-0.2151,0.0000,0.0029,-0.0022,-0.0119
1774945526.6318,0.0000,0.0000,0.0000,0.0000,0.0000,-3.1270,-0.2145,0.0000,0.0029,-0.0022,-0.0130
1774945526.6515,0.0000,0.0000,0.0000,0.0000,0.0000,-3.1250,-0.2138,0.0000,0.0050,-0.0033,-0.0130
1774945526.6715,0.0000,0.0000,0.0000,0.0000,0.0000,-3.1264,-0.2140,0.0000,-0.0003,-0.0022,-0.0119
1774945526.6921,0.0000,0.0000,0.0000,0.0000,0.0000,-3.1262,-0.2138,1.3500,0.0029,-0.0012,-0.0119
1774945526.7115,0.0000,0.0000,0.0000,0.0000,0.0000,-3.1266,-0.2138,0.8247,0.0061,-0.0054,-0.0098
1774945526.7315,0.0000,0.0000,0.0000,0.0000,0.0000,-3.1263,-0.2134,0.0000,0.0029,-0.0043,-0.0119
1774945526.7514,0.0000,0.0000,0.0000,0.0000,0.0000,-3.1264,-0.2138,-1.7674,0.0061,-0.0022,-0.0109
1774945526.7715,0.0000,0.0000,0.0000,0.0000,0.0000,-3.1256,-0.2139,-1.7684,0.0019,-0.0043,-0.0109
1774945526.7916,0.0000,0.0000,0.0000,0.0000,0.0000,-3.1253,-0.2143,-0.2268,0.0029,-0.0043,-0.0098
1774945526.8115,0.0000,0.0000,0.0000,0.0000,0.0000,-3.1261,-0.2145,0.0000,0.0029,-0.0033,-0.0130
1774945526.8318,0.0000,0.0000,0.0000,0.0000,0.0000,-3.1260,-0.2145,0.3578,0.0029,-0.0043,-0.0098
1774945526.8516,0.0000,0.0000,0.0000,0.0000,0.0000,-3.1263,-0.2146,-0.2786,0.0040,-0.0033,-0.0109
1774945526.8716,0.0000,0.0000,0.0000,0.0000,0.0000,-3.1274,-0.2147,0.7646,-0.0003,-0.0033,-0.0098
1774945526.8915,0.0000,0.0000,0.0000,0.0000,0.0000,-3.1270,-0.2146,-0.0415,0.0061,-0.0054,-0.0109
1774945526.9116,0.0000,0.0000,0.0000,0.0000,0.0000,-3.1281,-0.2147,-2.0092,0.0019,-0.0054,-0.0119
1774945526.9317,0.0000,0.0000,0.0000,0.0000,0.0000,-3.1280,-0.2145,0.1904,0.0019,-0.0033,-0.0109
1774945526.9517,0.0000,0.0000,0.0000,0.0000,0.0000,-3.1280,-0.2145,1.1649,0.0050,-0.0043,-0.0130
1774945526.9715,0.0000,0.0000,0.0000,0.0000,0.0000,-3.1283,-0.2146,-1.3518,0.0040,-0.0022,-0.0119
1774945526.9920,0.0000,0.0000,0.0000,0.0000,0.0000,-3.1281,-0.2149,0.2492,0.0040,-0.0043,-0.0109
1774945527.0114,0.0000,0.0000,0.0000,0.0000,0.0000,-3.1279,-0.2148,-1.8830,0.0008,-0.0054,-0.0109
1774945527.0314,0.0000,0.0000,0.0000,0.0000,0.0000,-3.1275,-0.2151,-1.2766,0.0050,-0.0033,-0.0098
1774945527.0515,0.0000,0.0000,0.0000,0.0000,0.0000,-3.1276,-0.2151,0.7484,0.0029,-0.0043,-0.0109
1774945527.0723,0.0000,0.0000,0.0000,0.0000,0.0000,-3.1282,-0.2151,0.8529,0.0029,-0.0033,-0.0119
1774945527.0920,0.0000,0.0000,0.0000,0.0000,0.0000,-3.1276,-0.2150,0.8735,0.0040,-0.0043,-0.0109
1774945527.1115,0.0000,0.0000,0.0000,0.0000,0.0000,-3.1284,-0.2148,0.6845,0.0040,-0.0033,-0.0130
1774945527.1320,0.0000,0.0000,0.0000,0.0000,0.0000,-3.1287,-0.2149,0.1669,0.0040,-0.0022,-0.0119
1774945527.1521,0.0000,0.0000,0.0000,0.0000,0.0000,-3.1281,-0.2146,0.2490,0.0040,-0.0022,-0.0119
1774945527.1714,0.0000,0.0000,0.0000,0.0000,0.0000,-3.1278,-0.2144,0.7440,0.0040,-0.0043,-0.0109
1774945527.1914,0.0000,0.0000,0.0000,0.0000,0.0000,-3.1281,-0.2146,0.3396,0.0050,-0.0043,-0.0141
1774945527.2115,0.0000,0.0000,0.0000,0.0000,0.0000,-3.1281,-0.2147,1.9425,0.0019,-0.0033,-0.0087
1774945527.2316,0.0000,0.0000,0.0000,0.0000,0.0000,-3.1281,-0.2147,0.1096,0.0040,-0.0022,-0.0109
1774945527.2521,0.0000,0.0000,0.0000,0.0000,0.0000,-3.1284,-0.2146,-3.2603,0.0029,-0.0054,-0.0098
1774945527.2721,0.0000,0.0000,0.0000,0.0000,0.0000,-3.1278,-0.2149,0.0000,0.0050,-0.0043,-0.0098
1774945527.2913,0.0000,0.0000,0.0000,0.0000,0.0000,-3.1286,-0.2147,-1.4685,0.0040,-0.0033,-0.0098
1774945527.3123,0.0000,0.0000,0.0000,0.0000,0.0000,-3.1278,-0.2145,1.8560,0.0008,-0.0043,-0.0098
1774945527.3314,0.0000,0.0000,0.0000,0.0000,0.0000,-3.1277,-0.2146,-0.7644,0.0029,-0.0033,-0.0119
1774945527.3522,0.0000,0.0000,0.0000,0.0000,0.0000,-3.1276,-0.2148,-1.4548,0.0019,-0.0033,-0.0119
1774945527.3716,0.0000,0.0000,0.0000,0.0000,0.0000,-3.1271,-0.2146,0.2835,0.0061,-0.0043,-0.0109
1774945527.3922,0.0000,0.0000,0.0000,0.0000,0.0000,-3.1277,-0.2147,-0.9262,0.0029,-0.0043,-0.0098
1774945527.4119,0.0000,0.0000,0.0000,0.0000,0.0000,-3.1275,-0.2150,1.5619,0.0029,-0.0022,-0.0109
1774945527.4321,0.0000,0.0000,0.0000,0.0000,0.0000,-3.1273,-0.2149,-1.4272,0.0050,-0.0033,-0.0119
1774945527.4520,0.0000,0.0000,0.0000,0.0000,0.0000,-3.1278,-0.2149,0.8279,0.0008,-0.0033,-0.0098
1774945527.4723,0.0000,0.0000,0.0000,0.0000,0.0000,-3.1277,-0.2149,-0.3470,0.0040,-0.0022,-0.0109
1774945527.4918,0.0000,0.0000,0.0000,0.0000,0.0000,-3.1281,-0.2149,-1.1350,0.0029,-0.0033,-0.0109
1774945527.5123,0.0000,0.0000,0.0000,0.0000,0.0000,-3.1281,-0.2149,0.2851,0.0019,-0.0043,-0.0087
1774945527.5324,0.0000,0.0000,0.0000,0.0000,0.0000,-3.1281,-0.2148,0.0000,0.0019,-0.0033,-0.0098
1774945527.5521,0.0000,0.0000,0.0000,0.0000,0.0000,-3.1281,-0.2148,1.1097,0.0029,-0.0033,-0.0109
1774945527.5729,0.0000,0.0000,0.0000,0.0000,0.0000,-3.1279,-0.2152,-0.7862,0.0050,-0.0043,-0.0119
1774945527.5917,0.0000,0.0000,0.0000,0.0000,0.0000,-3.1283,-0.2150,-0.9666,0.0029,-0.0033,-0.0141
1774945527.6116,0.0000,0.0000,0.0000,0.0000,0.0000,-3.1272,-0.2147,1.1206,0.0050,-0.0043,-0.0109
1774945527.6320,0.0000,0.0000,0.0000,0.0000,0.0000,-3.1285,-0.2149,-1.2463,0.0029,-0.0043,-0.0119
1774945527.6523,0.0000,0.0000,0.0000,0.0000,0.0000,-3.1290,-0.2151,2.0484,0.0019,-0.0033,-0.0130
1774945527.6716,0.0000,0.0000,0.0000,0.0000,0.0000,-3.1286,-0.2149,1.8227,0.0050,-0.0022,-0.0087
1774945527.6927,0.0000,0.0000,0.0000,0.0000,0.0000,-3.1296,-0.2154,-0.5109,0.0019,-0.0043,-0.0130
1774945527.7121,0.0000,0.0000,0.0000,0.0000,0.0000,-3.1290,-0.2151,2.7133,0.0040,-0.0033,-0.0119
1774945527.7314,0.0000,0.0000,0.0000,0.0000,0.0000,-3.1292,-0.2149,-2.8352,0.0040,-0.0043,-0.0119
1774945527.7514,0.0000,0.0000,0.0000,0.0000,0.0000,-3.1283,-0.2148,-2.0499,0.0061,-0.0054,-0.0109
1774945527.7715,0.0000,0.0000,0.0000,0.0000,0.0000,-3.1281,-0.2150,-2.0404,0.0040,-0.0033,-0.0119
1774945527.7925,0.0000,0.0000,0.0000,0.0000,0.0000,-3.1279,-0.2149,-0.2555,0.0029,-0.0054,-0.0130
1774945527.8124,0.0000,0.0000,0.0000,0.0000,0.0000,-3.1277,-0.2149,-1.0011,0.0019,-0.0043,-0.0109
1774945527.8317,0.0000,0.0000,0.0000,0.0000,0.0000,-3.1276,-0.2149,0.0834,0.0040,-0.0033,-0.0130
1774945527.8513,0.0000,0.0000,0.0000,0.0000,0.0000,-3.1269,-0.2148,1.2603,0.0072,-0.0043,-0.0130
1774945527.8720,0.0000,0.0000,0.0000,0.0000,0.0000,-3.1279,-0.2149,-0.7044,0.0029,-0.0043,-0.0109
1774945527.8914,0.0000,0.0000,0.0000,0.0000,0.0000,-3.1278,-0.2148,1.7076,0.0050,-0.0043,-0.0098
1774945527.9114,0.0000,0.0000,0.0000,0.0000,0.0000,-3.1284,-0.2147,0.8794,0.0050,-0.0033,-0.0119
1774945527.9318,0.0000,0.0000,0.0000,0.0000,0.0000,-3.1289,-0.2148,-0.1260,0.0040,-0.0033,-0.0119
1774945527.9515,0.0000,0.0000,0.0000,0.0000,0.0000,-3.1280,-0.2147,-0.6644,0.0050,-0.0022,-0.0119
1774945527.9713,0.0000,0.0000,0.0000,0.0000,0.0000,-3.1284,-0.2149,-0.2284,-0.0003,-0.0033,-0.0109
1774945527.9921,0.0000,0.0000,0.0000,0.0000,0.0000,-3.1282,-0.2150,0.3734,0.0019,-0.0033,-0.0109
1774945528.0122,0.0000,0.0000,0.0000,0.0000,0.0000,-3.1281,-0.2147,-0.3860,0.0050,-0.0033,-0.0119
1774945528.0326,0.0000,0.0000,0.0000,0.0000,0.0000,-3.1286,-0.2149,1.5292,-0.0003,-0.0033,-0.0109
1774945528.0514,0.0000,0.0000,0.0000,0.0000,0.0000,-3.1282,-0.2147,1.0128,0.0029,-0.0022,-0.0109
1774945528.0723,0.0000,0.0000,0.0000,0.0000,0.0000,-3.1294,-0.2152,-1.9704,0.0008,-0.0022,-0.0109
1774945528.0916,0.0000,0.0000,0.0000,0.0000,0.0000,-3.1293,-0.2152,3.1602,0.0050,-0.0065,-0.0109
1774945528.1136,0.0000,0.0000,0.0000,0.0000,0.0000,-3.1299,-0.2155,-0.3338,0.0040,-0.0043,-0.0119
1774945528.1321,0.0000,0.0000,0.0000,0.0000,0.0000,-3.1301,-0.2152,1.9099,0.0040,-0.0043,-0.0130
1774945528.1519,0.0000,0.0000,0.0000,0.0000,0.0000,-3.1290,-0.2150,0.1672,0.0040,-0.0043,-0.0119
1774945528.1718,0.0000,0.0000,0.0000,0.0000,0.0000,-3.1290,-0.2151,-0.6764,0.0019,-0.0033,-0.0119
1774945528.1920,0.0000,0.0000,0.0000,0.0000,0.0000,-3.1278,-0.2149,0.7099,0.0061,-0.0033,-0.0130
1774945528.2115,0.0000,0.0000,0.0000,0.0000,0.0000,-3.1283,-0.2149,0.3758,0.0029,-0.0043,-0.0130
1774945528.2314,0.0000,0.0000,0.0000,0.0000,0.0000,-3.1276,-0.2151,1.4768,0.0050,-0.0033,-0.0098
1774945528.2520,0.0000,0.0000,0.0000,0.0000,0.0000,-3.1275,-0.2150,0.7055,0.0040,-0.0022,-0.0109
1774945528.2726,0.0000,0.0000,0.0000,0.0000,0.0000,-3.1278,-0.2150,0.5348,0.0029,-0.0033,-0.0130
1774945528.2921,0.0000,0.0000,0.0000,0.0000,0.0000,-3.1276,-0.2150,-1.2853,0.0050,-0.0043,-0.0119
1774945528.3114,0.0000,0.0000,0.0000,0.0000,0.0000,-3.1284,-0.2149,-0.5696,0.0019,-0.0043,-0.0119
1774945528.3314,0.0000,0.0000,0.0000,0.0000,0.0000,-3.1276,-0.2151,0.8510,0.0050,-0.0033,-0.0130
1774945528.3518,0.0000,0.0000,0.0000,0.0000,0.0000,-3.1284,-0.2148,0.0000,0.0061,-0.0043,-0.0119
1774945528.3719,0.0000,0.0000,0.0000,0.0000,0.0000,-3.1279,-0.2147,0.2501,0.0019,-0.0033,-0.0109
1774945528.3915,0.0000,0.0000,0.0000,0.0000,0.0000,-3.1273,-0.2149,-0.1677,0.0061,-0.0022,-0.0119
1774945528.4116,0.0000,0.0000,0.0000,0.0000,0.0000,-3.1283,-0.2147,-0.5484,0.0008,-0.0022,-0.0119
1774945528.4321,0.0000,0.0000,0.0000,0.0000,0.0000,-3.1272,-0.2147,1.5391,0.0040,-0.0033,-0.0109
1774945528.4554,0.0000,0.0000,0.0000,0.0000,0.0000,-3.1277,-0.2148,-0.4018,0.0008,-0.0033,-0.0130
1774945528.4717,0.0000,0.0000,0.0000,0.0000,0.0000,-3.1273,-0.2149,0.7822,0.0029,-0.0033,-0.0130
1774945528.4923,0.0000,0.0000,0.0000,0.0000,0.0000,-3.1288,-0.2149,0.8101,0.0029,-0.0033,-0.0098
1774945528.5114,0.0000,0.0000,0.0000,0.0000,0.0000,-3.1285,-0.2149,1.4874,0.0019,-0.0033,-0.0109
1774945528.5319,0.0000,0.0000,0.0000,0.0000,0.0000,-3.1299,-0.2153,-0.9152,0.0029,-0.0033,-0.0119
1774945528.5520,0.0000,0.0000,0.0000,0.0000,0.0000,-3.1303,-0.2150,-1.7420,0.0029,-0.0054,-0.0119
1774945528.5712,0.0000,0.0000,0.0000,0.0000,0.0000,-3.1291,-0.2149,0.1315,0.0019,-0.0054,-0.0109
1774945528.5913,0.0000,0.0000,0.0000,0.0000,0.0000,-3.1282,-0.2152,1.2762,0.0019,-0.0033,-0.0109
1774945528.6117,0.0000,0.0000,0.0000,0.0000,0.0000,-3.1275,-0.2150,1.0527,0.0019,-0.0043,-0.0109
1774945528.6318,0.0000,0.0000,0.0000,0.0000,0.0000,-3.1279,-0.2148,-1.2759,0.0050,-0.0043,-0.0119
1774945528.6516,0.0000,0.0000,0.0000,0.0000,0.0000,-3.1281,-0.2148,0.0429,0.0019,-0.0043,-0.0130
1774945528.6717,0.0000,0.0000,0.0000,0.0000,0.0000,-3.1274,-0.2146,3.0369,0.0040,-0.0033,-0.0109
1774945528.6915,0.0000,0.0000,0.0000,0.0000,0.0000,-3.1285,-0.2145,0.1295,0.0029,-0.0043,-0.0109
1774945528.7115,0.0000,0.0000,0.0000,0.0000,0.0000,-3.1288,-0.2145,0.0416,0.0029,-0.0033,-0.0119
1774945528.7320,0.0000,0.0000,0.0000,0.0000,0.0000,-3.1288,-0.2145,0.0416,0.0061,-0.0033,-0.0119
1774945528.7517,0.0000,0.0000,0.0000,0.0000,0.0000,-3.1291,-0.2146,-0.9547,0.0019,-0.0033,-0.0109
1774945528.7724,0.0000,0.0000,0.0000,0.0000,0.0000,-3.1287,-0.2146,-1.6892,0.0019,-0.0022,-0.0109
1774945528.7917,0.0000,0.0000,0.0000,0.0000,0.0000,-3.1282,-0.2148,-1.8158,0.0019,-0.0033,-0.0119
1774945528.8121,0.0000,0.0000,0.0000,0.0000,0.0000,-3.1273,-0.2150,1.1686,0.0040,-0.0043,-0.0098
1774945528.8317,0.0000,0.0000,0.0000,0.0000,0.0000,-3.1278,-0.2147,0.9846,0.0019,-0.0043,-0.0130
1774945528.8519,0.0000,0.0000,0.0000,0.0000,0.0000,-3.1273,-0.2147,1.9708,0.0029,-0.0022,-0.0109
1774945528.8720,0.0000,0.0000,0.0000,0.0000,0.0000,-3.1273,-0.2145,-0.2037,0.0072,-0.0043,-0.0109
1774945528.8918,0.0000,0.0000,0.0000,0.0000,0.0000,-3.1290,-0.2146,1.0634,0.0019,-0.0033,-0.0119
1774945528.9117,0.0000,0.0000,0.0000,0.0000,0.0000,-3.1294,-0.2126,2.9712,-0.0088,-0.0182,-0.0119
1774945528.9319,0.0000,0.0000,0.0000,0.0000,0.0000,-3.1278,-0.2135,-3.0291,-0.0067,-0.0129,-0.0151
1774945528.9520,0.0000,0.0000,0.0000,0.0000,0.0000,-3.1258,-0.2140,0.0000,-0.0003,-0.0043,-0.0119
1774945528.9715,0.0000,0.0000,0.0000,0.0000,0.0000,-3.1258,-0.2140,0.0000,0.0040,0.0010,-0.0119
1774945528.9917,0.0000,0.0000,0.0000,0.0000,0.0000,-3.1287,-0.2134,-1.2296,-0.0003,-0.0097,-0.0119
1774945529.0118,0.0000,0.0000,0.0000,0.0000,0.0000,-3.1296,-0.2144,-1.0073,0.0040,-0.0022,-0.0098
1774945529.0315,0.0000,0.0000,0.0000,0.0000,0.0000,-3.1315,-0.2144,-0.3290,0.0050,-0.0012,-0.0119
1774945529.0526,0.0000,0.0000,0.0000,0.0000,0.0000,-3.1318,-0.2136,0.1249,0.0019,-0.0043,-0.0119
1774945529.0719,0.0000,0.0000,0.0000,0.0000,0.0000,-3.1302,-0.2135,-0.5014,0.0050,-0.0043,-0.0119
1774945529.0916,0.0000,0.0000,0.0000,0.0000,0.0000,-3.1281,-0.2143,1.7569,0.0040,-0.0022,-0.0119
1774945529.1116,0.0000,0.0000,0.0000,0.0000,0.0000,-3.1252,-0.2137,-0.0824,0.0072,-0.0043,-0.0130
1774945529.1316,0.0000,0.0000,0.0000,0.0000,0.0000,-3.1234,-0.2133,-2.9669,0.0029,-0.0022,-0.0098
1774945529.1513,0.0000,0.0000,0.0000,0.0000,0.0000,-3.1232,-0.2142,0.0000,0.0029,-0.0033,-0.0087
1774945529.1720,0.0000,0.0000,0.0000,0.0000,0.0000,-3.1260,-0.2140,-1.0287,0.0040,-0.0043,-0.0119
1774945529.1917,0.0000,0.0000,0.0000,0.0000,0.0000,-3.1278,-0.2138,1.5860,-0.0013,-0.0033,-0.0098
1774945529.2118,0.0000,0.0000,0.0000,0.0000,0.0000,-3.1288,-0.2147,0.0000,0.0040,-0.0054,-0.0109
1774945529.2321,0.0000,0.0000,0.0000,0.0000,0.0000,-3.1319,-0.2144,-1.9293,0.0008,-0.0022,-0.0130
1774945529.2520,0.0000,0.0000,0.0000,0.0000,0.0000,-3.1329,-0.2146,0.0000,0.0040,-0.0033,-0.0109
1774945529.2720,0.0000,0.0000,0.0000,0.0000,0.0000,-3.1329,-0.2145,-0.4963,0.0050,-0.0054,-0.0119
1774945529.2917,0.0000,0.0000,0.0000,0.0000,0.0000,-3.1313,-0.2145,-0.6396,0.0040,-0.0043,-0.0098
1774945529.3115,0.0000,0.0000,0.0000,0.0000,0.0000,-3.1314,-0.2152,0.0000,0.0019,-0.0043,-0.0109
1774945529.3313,0.0000,0.0000,0.0000,0.0000,0.0000,-3.1299,-0.2152,0.1728,0.0008,-0.0054,-0.0119
1774945529.3518,0.0000,0.0000,0.0000,0.0000,0.0000,-3.1293,-0.2154,0.0424,0.0040,-0.0033,-0.0130
1774945529.3716,0.0000,0.0000,0.0000,0.0000,0.0000,-3.1292,-0.2151,-0.7068,-0.0003,-0.0033,-0.0130
1774945529.3915,0.0000,0.0000,0.0000,0.0000,0.0000,-3.1293,-0.2148,1.0669,0.0019,-0.0033,-0.0109
1774945529.4114,0.0000,0.0000,0.0000,0.0000,0.0000,-3.1306,-0.2146,-4.2542,0.0019,-0.0043,-0.0087
1774945529.4313,0.0000,0.0000,0.0000,0.0000,0.0000,-3.1306,-0.2143,1.9220,0.0029,-0.0043,-0.0119
1774945529.4516,0.0000,0.0000,0.0000,0.0000,0.0000,-3.1305,-0.2144,-1.2764,0.0050,-0.0054,-0.0109
1774945529.4716,0.0000,0.0000,0.0000,0.0000,0.0000,-3.1309,-0.2145,-1.1011,0.0019,-0.0033,-0.0119
1774945529.4913,0.0000,0.0000,0.0000,0.0000,0.0000,-3.1300,-0.2141,2.8732,0.0050,-0.0033,-0.0119
1774945529.5115,0.0000,0.0000,0.0000,0.0000,0.0000,-3.1289,-0.2147,-1.2267,0.0050,-0.0054,-0.0130
1774945529.5316,0.0000,0.0000,0.0000,0.0000,0.0000,-3.1280,-0.2147,-0.1768,0.0061,-0.0033,-0.0119
1774945529.5519,0.0000,0.0000,0.0000,0.0000,0.0000,-3.1271,-0.2144,-0.4587,0.0029,-0.0033,-0.0119
1774945529.5718,0.0000,0.0000,0.0000,0.0000,0.0000,-3.1270,-0.2147,-0.5404,0.0019,-0.0033,-0.0109
1774945529.5915,0.0000,0.0000,0.0000,0.0000,0.0000,-3.1272,-0.2147,0.6800,0.0061,-0.0033,-0.0130
1774945529.6125,0.0000,0.0000,0.0000,0.0000,0.0000,-3.1294,-0.2145,-0.9305,0.0029,-0.0033,-0.0119
1774945529.6322,0.0000,0.0000,0.0000,0.0000,0.0000,-3.1296,-0.2145,0.3378,0.0029,-0.0043,-0.0119
1774945529.6514,0.0000,0.0000,0.0000,0.0000,0.0000,-3.1299,-0.2141,-0.4973,0.0040,-0.0043,-0.0130
1774945529.6728,0.0000,0.0000,0.0000,0.0000,0.0000,-3.1302,-0.2140,0.9256,0.0029,-0.0033,-0.0109
1774945529.6920,0.0000,0.0000,0.0000,0.0000,0.0000,-3.1296,-0.2145,-1.8376,0.0061,-0.0043,-0.0119
1774945529.7186,0.0000,0.0000,0.0000,0.0000,0.0000,-3.1299,-0.2145,1.0327,0.0019,-0.0033,-0.0130
1774945529.7316,0.0000,0.0000,0.0000,0.0000,0.0000,-3.1288,-0.2147,0.8715,0.0040,-0.0054,-0.0141
1774945529.7512,0.0000,0.0000,0.0000,0.0000,0.0000,-3.1291,-0.2152,-0.5146,0.0029,-0.0043,-0.0119
1774945529.7718,0.0000,0.0000,0.0000,0.0000,0.0000,-3.1289,-0.2150,1.6914,0.0050,-0.0043,-0.0130
1774945529.7915,0.0000,0.0000,0.0000,0.0000,0.0000,-3.1288,-0.2145,0.0000,0.0040,-0.0043,-0.0119
1774945529.8115,0.0000,0.0000,0.0000,0.0000,0.0000,-3.1296,-0.2146,0.7339,0.0019,-0.0043,-0.0119
1774945529.8314,0.0000,0.0000,0.0000,0.0000,0.0000,-3.1288,-0.2146,1.2748,0.0050,-0.0022,-0.0130
1774945529.8515,0.0000,0.0000,0.0000,0.0000,0.0000,-3.1296,-0.2143,-0.7727,0.0061,-0.0054,-0.0119
1774945529.8716,0.0000,0.0000,0.0000,0.0000,0.0000,-3.1291,-0.2144,1.3641,0.0050,-0.0043,-0.0098
1774945529.8921,0.0000,0.0000,0.0000,0.0000,0.0000,-3.1293,-0.2143,1.9155,0.0029,-0.0033,-0.0119
1774945529.9122,0.0000,0.0000,0.0000,0.0000,0.0000,-3.1287,-0.2144,0.5132,0.0029,-0.0043,-0.0119
1774945529.9314,0.0000,0.0000,0.0000,0.0000,0.0000,-3.1277,-0.2146,-1.7078,0.0050,-0.0043,-0.0119
1774945529.9518,0.0000,0.0000,0.0000,0.0000,0.0000,-3.1281,-0.2145,-1.7720,0.0029,-0.0043,-0.0109
1774945529.9715,0.0000,0.0000,0.0000,0.0000,0.0000,-3.1274,-0.2145,-1.1436,0.0029,-0.0043,-0.0109
1774945529.9917,0.0000,0.0000,0.0000,0.0000,0.0000,-3.1282,-0.2144,0.1285,0.0040,-0.0033,-0.0130
1774945530.0119,0.0000,0.0000,0.0000,0.0000,0.0000,-3.1285,-0.2144,1.7072,0.0029,-0.0043,-0.0098
1774945530.0313,0.0000,0.0000,0.0000,0.0000,0.0000,-3.1288,-0.2145,0.6711,0.0050,-0.0043,-0.0119
1774945530.0515,0.0000,0.0000,0.0000,0.0000,0.0000,-3.1296,-0.2146,0.5079,0.0019,-0.0022,-0.0109
1774945530.0713,0.0000,0.0000,0.0000,0.0000,0.0000,-3.1290,-0.2143,0.0000,0.0040,-0.0033,-0.0130
1774945530.0917,0.0000,0.0000,0.0000,0.0000,0.0000,-3.1288,-0.2142,0.4768,0.0029,-0.0043,-0.0098
1774945530.1114,0.0000,0.0000,0.0000,0.0000,0.0000,-3.1292,-0.2145,-1.1266,0.0040,-0.0043,-0.0098
1774945530.1320,0.0000,0.0000,0.0000,0.0000,0.0000,-3.1298,-0.2146,1.3588,0.0040,-0.0033,-0.0130
1774945530.1524,0.0000,0.0000,0.0000,0.0000,0.0000,-3.1300,-0.2150,-0.2156,0.0050,-0.0043,-0.0130
1774945530.1717,0.0000,0.0000,0.0000,0.0000,0.0000,-3.1303,-0.2150,0.4036,0.0050,-0.0033,-0.0109
1774945530.1913,0.0000,0.0000,0.0000,0.0000,0.0000,-3.1307,-0.2152,-0.2573,0.0029,-0.0054,-0.0130
1774945530.2116,0.0000,0.0000,0.0000,0.0000,0.0000,-3.1296,-0.2147,-0.2874,0.0050,-0.0022,-0.0119
1774945530.2322,0.0000,0.0000,0.0000,0.0000,0.0000,-3.1302,-0.2147,0.8462,0.0050,-0.0054,-0.0130
1774945530.2517,0.0000,0.0000,0.0000,0.0000,0.0000,-3.1294,-0.2144,1.1509,0.0061,-0.0043,-0.0119
1774945530.2714,0.0000,0.0000,0.0000,0.0000,0.0000,-3.1294,-0.2143,-0.9247,0.0061,-0.0033,-0.0119
1774945530.2913,0.0000,0.0000,0.0000,0.0000,0.0000,-3.1299,-0.2147,1.3114,0.0008,-0.0022,-0.0098
1774945530.3118,0.0000,0.0000,0.0000,0.0000,0.0000,-3.1286,-0.2146,1.0679,0.0050,-0.0043,-0.0109
1774945530.3314,0.0000,0.0000,0.0000,0.0000,0.0000,-3.1291,-0.2148,-1.6413,0.0029,-0.0033,-0.0119
1774945530.3515,0.0000,0.0000,0.0000,0.0000,0.0000,-3.1285,-0.2145,0.9492,0.0050,-0.0054,-0.0109
1774945530.3714,0.0000,0.0000,0.0000,0.0000,0.0000,-3.1284,-0.2144,-0.1679,0.0050,-0.0033,-0.0130
1774945530.3913,0.0000,0.0000,0.0000,0.0000,0.0000,-3.1287,-0.2148,0.4180,0.0019,-0.0043,-0.0098
1774945530.4116,0.0000,0.0000,0.0000,0.0000,0.0000,-3.1287,-0.2146,-0.2260,0.0050,-0.0033,-0.0130
1774945530.4317,0.0000,0.0000,0.0000,0.0000,0.0000,-3.1296,-0.2145,-0.5095,0.0008,-0.0033,-0.0109
1774945530.4515,0.0000,0.0000,0.0000,0.0000,0.0000,-3.1287,-0.2146,0.7015,0.0040,-0.0033,-0.0098
1774945530.4711,0.0000,0.0000,0.0000,0.0000,0.0000,-3.1293,-0.2148,0.0834,0.0019,-0.0022,-0.0098
1774945530.4915,0.0000,0.0000,0.0000,0.0000,0.0000,-3.1288,-0.2145,0.2090,0.0040,-0.0022,-0.0119
1774945530.5114,0.0000,0.0000,0.0000,0.0000,0.0000,-3.1289,-0.2144,0.0840,0.0050,-0.0043,-0.0109
1774945530.5318,0.0000,0.0000,0.0000,0.0000,0.0000,-3.1295,-0.2144,-1.2925,0.0008,-0.0043,-0.0109
1774945530.5520,0.0000,0.0000,0.0000,0.0000,0.0000,-3.1297,-0.2147,1.4499,0.0061,-0.0022,-0.0109
1774945530.5716,0.0000,0.0000,0.0000,0.0000,0.0000,-3.1304,-0.2150,-1.8077,0.0040,-0.0054,-0.0130
1774945530.5912,0.0000,0.0000,0.0000,0.0000,0.0000,-3.1305,-0.2150,-0.1689,0.0040,-0.0054,-0.0098
1774945530.6116,0.0000,0.0000,0.0000,0.0000,0.0000,-3.1308,-0.2150,0.8945,0.0040,-0.0043,-0.0109
1774945530.6320,0.0000,0.0000,0.0000,0.0000,0.0000,-3.1310,-0.2149,0.2081,0.0008,-0.0054,-0.0098
1774945530.6518,0.0000,0.0000,0.0000,0.0000,0.0000,-3.1301,-0.2149,0.0442,0.0029,-0.0033,-0.0119
1774945530.6718,0.0000,0.0000,0.0000,0.0000,0.0000,-3.1297,-0.2149,-0.3351,0.0019,-0.0043,-0.0109
1774945530.6912,0.0000,0.0000,0.0000,0.0000,0.0000,-3.1291,-0.2145,0.2502,0.0050,-0.0043,-0.0119
1774945530.7121,0.0000,0.0000,0.0000,0.0000,0.0000,-3.1298,-0.2144,-2.1361,0.0019,-0.0043,-0.0109
1774945530.7324,0.0000,0.0000,0.0000,0.0000,0.0000,-3.1288,-0.2143,1.3849,0.0040,-0.0043,-0.0119
1774945530.7514,0.0000,0.0000,0.0000,0.0000,0.0000,-3.1286,-0.2146,0.3082,0.0029,-0.0022,-0.0098
1774945530.7714,0.0000,0.0000,0.0000,0.0000,0.0000,-3.1291,-0.2146,0.4716,0.0029,-0.0033,-0.0119
1774945530.7924,0.0000,0.0000,0.0000,0.0000,0.0000,-3.1285,-0.2145,-0.5211,0.0050,-0.0033,-0.0130
1774945530.8114,0.0000,0.0000,0.0000,0.0000,0.0000,-3.1292,-0.2146,-0.5147,0.0019,-0.0033,-0.0098
1774945530.8321,0.0000,0.0000,0.0000,0.0000,0.0000,-3.1289,-0.2143,0.8476,0.0050,-0.0043,-0.0098
1774945530.8522,0.0000,0.0000,0.0000,0.0000,0.0000,-3.1289,-0.2144,-0.3666,0.0040,-0.0043,-0.0119
1774945530.8714,0.0000,0.0000,0.0000,0.0000,0.0000,-3.1284,-0.2147,0.6406,0.0029,-0.0012,-0.0109
1774945530.8915,0.0000,0.0000,0.0000,0.0000,0.0000,-3.1283,-0.2148,-0.1406,0.0040,-0.0022,-0.0109
1774945530.9120,0.0000,0.0000,0.0000,0.0000,0.0000,-3.1288,-0.2148,-0.8095,0.0029,-0.0043,-0.0119
1774945530.9319,0.0000,0.0000,0.0000,0.0000,0.0000,-3.1279,-0.2145,1.7544,0.0050,-0.0043,-0.0098
1774945530.9521,0.0000,0.0000,0.0000,0.0000,0.0000,-3.1290,-0.2145,-1.4532,0.0040,-0.0043,-0.0109
1774945530.9714,0.0000,0.0000,0.0000,0.0000,0.0000,-3.1293,-0.2149,1.3735,0.0061,-0.0043,-0.0098
1774945530.9914,0.0000,0.0000,0.0000,0.0000,0.0000,-3.1297,-0.2146,-0.3318,0.0040,-0.0043,-0.0109
1774945531.0118,0.0000,0.0000,0.0000,0.0000,0.0000,-3.1304,-0.2146,0.7630,0.0019,-0.0033,-0.0098
1774945531.0313,0.0000,0.0000,0.0000,0.0000,0.0000,-3.1296,-0.2148,-0.9054,0.0040,-0.0043,-0.0087
1774945531.0525,0.0000,0.0000,0.0000,0.0000,0.0000,-3.1302,-0.2146,-2.6081,0.0019,-0.0033,-0.0109
1774945531.0715,0.0000,0.0000,0.0000,0.0000,0.0000,-3.1297,-0.2144,0.5657,0.0050,-0.0054,-0.0119
1774945531.0912,0.0000,0.0000,0.0000,0.0000,0.0000,-3.1291,-0.2145,-0.1647,0.0040,-0.0033,-0.0109
1774945531.1118,0.0000,0.0000,0.0000,0.0000,0.0000,-3.1293,-0.2144,0.5923,0.0040,-0.0054,-0.0119
1774945531.1314,0.0000,0.0000,0.0000,0.0000,0.0000,-3.1288,-0.2147,0.2931,0.0029,-0.0022,-0.0109
1774945531.1525,0.0000,0.0000,0.0000,0.0000,0.0000,-3.1294,-0.2148,-1.9310,0.0029,-0.0043,-0.0119
1774945531.1713,0.0000,0.0000,0.0000,0.0000,0.0000,-3.1281,-0.2149,1.1584,0.0029,-0.0033,-0.0098
1774945531.1913,0.0000,0.0000,0.0000,0.0000,0.0000,-3.1285,-0.2147,1.2188,0.0040,-0.0043,-0.0098
1774945531.2121,0.0000,0.0000,0.0000,0.0000,0.0000,-3.1286,-0.2146,-0.1736,0.0040,-0.0033,-0.0119
1774945531.2313,0.0000,0.0000,0.0000,0.0000,0.0000,-3.1289,-0.2145,0.9458,0.0050,-0.0022,-0.0119
1774945531.2533,0.0000,0.0000,0.0000,0.0000,0.0000,-3.1294,-0.2147,0.0824,-0.0003,-0.0033,-0.0098
1774945531.2713,0.0000,0.0000,0.0000,0.0000,0.0000,-3.1287,-0.2149,-1.1040,0.0040,-0.0033,-0.0109
1774945531.2916,0.0000,0.0000,0.0000,0.0000,0.0000,-3.1288,-0.2148,-1.1610,0.0029,-0.0033,-0.0119
1774945531.3125,0.0000,0.0000,0.0000,0.0000,0.0000,-3.1283,-0.2147,0.8008,0.0040,-0.0033,-0.0119
1774945531.3320,0.0000,0.0000,0.0000,0.0000,0.0000,-3.1284,-0.2148,-0.1237,0.0019,-0.0033,-0.0119
1774945531.3525,0.0000,0.0000,0.0000,0.0000,0.0000,-3.1283,-0.2145,0.7552,0.0040,-0.0033,-0.0130
1774945531.3712,0.0000,0.0000,0.0000,0.0000,0.0000,-3.1280,-0.2143,-0.7267,0.0072,-0.0043,-0.0119
1774945531.3916,0.0000,0.0000,0.0000,0.0000,0.0000,-3.1290,-0.2147,0.1258,0.0029,-0.0022,-0.0119
1774945531.4112,0.0000,0.0000,0.0000,0.0000,0.0000,-3.1290,-0.2147,1.5295,0.0061,-0.0033,-0.0109
1774945531.4312,0.0000,0.0000,0.0000,0.0000,0.0000,-3.1300,-0.2147,-1.5479,0.0029,-0.0033,-0.0098
1774945531.4515,0.0000,0.0000,0.0000,0.0000,0.0000,-3.1294,-0.2147,2.3842,0.0050,-0.0043,-0.0109
1774945531.4715,0.0000,0.0000,0.0000,0.0000,0.0000,-3.1296,-0.2145,-0.9047,0.0050,-0.0043,-0.0119
1774945531.4914,0.0000,0.0000,0.0000,0.0000,0.0000,-3.1300,-0.2146,-1.0661,0.0040,-0.0043,-0.0109
1774945531.5117,0.0000,0.0000,0.0000,0.0000,0.0000,-3.1277,-0.2146,1.0892,0.0029,-0.0033,-0.0098
1774945531.5321,0.0000,0.0000,0.0000,0.0000,0.0000,-3.1277,-0.2145,-1.2949,0.0050,-0.0043,-0.0119
1774945531.5528,0.0000,0.0000,0.0000,0.0000,0.0000,-3.1279,-0.2147,1.3286,0.0040,-0.0043,-0.0109
1774945531.5722,0.0000,0.0000,0.0000,0.0000,0.0000,-3.1286,-0.2149,-0.8859,0.0050,-0.0033,-0.0119
1774945531.5921,0.0000,0.0000,0.0000,0.0000,0.0000,-3.1291,-0.2152,-0.2524,0.0029,-0.0033,-0.0087
1774945531.6125,0.0000,0.0000,0.0000,0.0000,0.0000,-3.1303,-0.2148,-0.2558,0.0040,-0.0033,-0.0098
1774945531.6317,0.0000,0.0000,0.0000,0.0000,0.0000,-3.1313,-0.2139,-1.4467,0.0040,-0.0054,-0.0130
1774945531.6518,0.0000,0.0000,0.0000,0.0000,0.0000,-3.1288,-0.2134,0.7780,-0.0003,-0.0107,-0.0130
1774945531.6718,0.0000,0.0000,0.0000,0.0000,0.0000,-3.1259,-0.2142,1.2589,0.0008,-0.0065,-0.0130
1774945531.6931,0.0000,0.0000,0.0000,0.0000,0.0000,-3.1245,-0.2154,0.9648,0.0050,-0.0022,-0.0119
1774945531.7165,0.0000,0.0000,0.0000,0.0000,0.0000,-3.1264,-0.2154,0.0000,0.0040,-0.0022,-0.0109
1774945531.7329,0.0000,0.0000,0.0000,0.0000,0.0000,-3.1303,-0.2146,-2.8951,-0.0035,-0.0043,-0.0098
1774945531.7563,0.0000,0.0000,0.0000,0.0000,0.0000,-3.1310,-0.2143,0.9283,0.0061,-0.0033,-0.0141
1774945531.7713,0.0000,0.0000,0.0000,0.0000,0.0000,-3.1336,-0.2143,0.5056,0.0040,-0.0033,-0.0109
1774945531.7913,0.0000,0.0000,0.0000,0.0000,0.0000,-3.1351,-0.2143,1.4826,0.0008,-0.0043,-0.0109
1774945531.8125,0.0000,0.0000,0.0000,0.0000,0.0000,-3.1357,-0.2149,0.0000,0.0050,-0.0033,-0.0109
1774945531.8333,0.0000,0.0000,0.0000,0.0000,0.0000,-3.1364,-0.2161,1.3375,0.0019,-0.0022,-0.0119
1774945531.8512,0.0000,0.0000,0.0000,0.0000,0.0000,-3.1334,-0.2160,0.6304,0.0040,-0.0054,-0.0119
1774945531.8712,0.0000,0.0000,0.0000,0.0000,0.0000,-3.1310,-0.2157,3.5936,0.0040,-0.0043,-0.0098
1774945531.8913,0.0000,0.0000,0.0000,0.0000,0.0000,-3.1288,-0.2163,1.1121,0.0029,-0.0065,-0.0119
1774945531.9118,0.0000,0.0000,0.0000,0.0000,0.0000,-3.1294,-0.2158,0.4261,0.0029,-0.0033,-0.0130
1774945531.9316,0.0000,0.0000,0.0000,0.0000,0.0000,-3.1303,-0.2151,0.5534,0.0040,-0.0054,-0.0119
1774945531.9517,0.0000,0.0000,0.0000,0.0000,0.0000,-3.1303,-0.2151,-0.9104,0.0050,-0.0065,-0.0109
1774945531.9718,0.0000,0.0000,0.0000,0.0000,0.0000,-3.1323,-0.2149,-1.2804,0.0008,-0.0033,-0.0109
1774945531.9912,0.0000,0.0000,0.0000,0.0000,0.0000,-3.1311,-0.2146,1.5106,0.0029,-0.0043,-0.0109
1774945532.0114,0.0000,0.0000,0.0000,0.0000,0.0000,-3.1314,-0.2144,-3.0814,0.0061,-0.0054,-0.0130
1774945532.0317,0.0000,0.0000,0.0000,0.0000,0.0000,-3.1303,-0.2143,0.2093,0.0040,-0.0043,-0.0119
1774945532.0513,0.0000,0.0000,0.0000,0.0000,0.0000,-3.1286,-0.2143,-0.1359,0.0040,-0.0033,-0.0119
1774945532.0712,0.0000,0.0000,0.0000,0.0000,0.0000,-3.1281,-0.2148,0.2504,0.0040,-0.0043,-0.0109
1774945532.0914,0.0000,0.0000,0.0000,0.0000,0.0000,-3.1276,-0.2150,0.6733,0.0061,-0.0033,-0.0130
1774945532.1118,0.0000,0.0000,0.0000,0.0000,0.0000,-3.1284,-0.2148,-1.4213,0.0008,-0.0033,-0.0109
1774945532.1313,0.0000,0.0000,0.0000,0.0000,0.0000,-3.1281,-0.2148,2.2926,0.0029,-0.0033,-0.0109
1774945532.1515,0.0000,0.0000,0.0000,0.0000,0.0000,-3.1296,-0.2144,-0.2513,0.0040,-0.0022,-0.0130
1774945532.1718,0.0000,0.0000,0.0000,0.0000,0.0000,-3.1305,-0.2142,1.2969,0.0029,-0.0043,-0.0109
1774945532.1911,0.0000,0.0000,0.0000,0.0000,0.0000,-3.1310,-0.2144,-1.1318,0.0050,-0.0033,-0.0119
1774945532.2116,0.0000,0.0000,0.0000,0.0000,0.0000,-3.1316,-0.2145,-0.0869,0.0050,-0.0033,-0.0141
1774945532.2316,0.0000,0.0000,0.0000,0.0000,0.0000,-3.1308,-0.2146,1.6136,0.0050,-0.0033,-0.0119
1774945532.2518,0.0000,0.0000,0.0000,0.0000,0.0000,-3.1304,-0.2149,-0.1692,0.0050,-0.0043,-0.0119
1774945532.2712,0.0000,0.0000,0.0000,0.0000,0.0000,-3.1292,-0.2148,2.1769,0.0029,-0.0043,-0.0098
1774945532.2913,0.0000,0.0000,0.0000,0.0000,0.0000,-3.1283,-0.2145,0.3891,0.0050,-0.0033,-0.0119
1774945532.3113,0.0000,0.0000,0.0000,0.0000,0.0000,-3.1287,-0.2146,-0.8406,0.0029,-0.0043,-0.0119
1774945532.3313,0.0000,0.0000,0.0000,0.0000,0.0000,-3.1288,-0.2144,2.2510,0.0061,-0.0022,-0.0119
1774945532.3512,0.0000,0.0000,0.0000,0.0000,0.0000,-3.1297,-0.2143,-1.4532,0.0029,-0.0054,-0.0119
1774945532.3712,0.0000,0.0000,0.0000,0.0000,0.0000,-3.1297,-0.2142,0.7392,0.0040,-0.0033,-0.0119
1774945532.3912,0.0000,0.0000,0.0000,0.0000,0.0000,-3.1304,-0.2141,-0.0441,0.0029,-0.0033,-0.0109
1774945532.4117,0.0000,0.0000,0.0000,0.0000,0.0000,-3.1304,-0.2144,-1.3966,0.0029,-0.0033,-0.0109
1774945532.4313,0.0000,0.0000,0.0000,0.0000,0.0000,-3.1294,-0.2142,-0.7478,0.0040,-0.0022,-0.0109
1774945532.4513,0.0000,0.0000,0.0000,0.0000,0.0000,-3.1297,-0.2146,-0.3554,0.0029,-0.0043,-0.0109
1774945532.4712,0.0000,0.0000,0.0000,0.0000,0.0000,-3.1287,-0.2145,0.8325,0.0072,-0.0033,-0.0130
1774945532.4913,0.0000,0.0000,0.0000,0.0000,0.0000,-3.1286,-0.2144,0.8387,0.0029,-0.0043,-0.0098
1774945532.5113,0.0000,0.0000,0.0000,0.0000,0.0000,-3.1284,-0.2145,0.7981,0.0008,-0.0033,-0.0109
1774945532.5313,0.0000,0.0000,0.0000,0.0000,0.0000,-3.1285,-0.2144,-0.6792,0.0040,-0.0022,-0.0119
1774945532.5517,0.0000,0.0000,0.0000,0.0000,0.0000,-3.1295,-0.2146,0.2108,0.0008,-0.0022,-0.0109
1774945532.5712,0.0000,0.0000,0.0000,0.0000,0.0000,-3.1289,-0.2141,0.1647,0.0040,-0.0022,-0.0130
1774945532.5914,0.0000,0.0000,0.0000,0.0000,0.0000,-3.1298,-0.2140,-1.0376,0.0072,-0.0033,-0.0098
1774945532.6114,0.0000,0.0000,0.0000,0.0000,0.0000,-3.1300,-0.2143,0.3354,0.0050,-0.0033,-0.0098
1774945532.6313,0.0000,0.0000,0.0000,0.0000,0.0000,-3.1301,-0.2146,1.0070,0.0050,-0.0022,-0.0119
1774945532.6513,0.0000,0.0000,0.0000,0.0000,0.0000,-3.1305,-0.2147,1.5049,0.0029,-0.0043,-0.0109
1774945532.6712,0.0000,0.0000,0.0000,0.0000,0.0000,-3.1306,-0.2149,-1.2459,0.0050,-0.0033,-0.0109
1774945532.6912,0.0000,0.0000,0.0000,0.0000,0.0000,-3.1310,-0.2147,-0.8967,0.0019,-0.0054,-0.0109
1774945532.7118,0.0000,0.0000,0.0000,0.0000,0.0000,-3.1298,-0.2145,0.7108,0.0040,-0.0054,-0.0119
1774945532.7312,0.0000,0.0000,0.0000,0.0000,0.0000,-3.1298,-0.2145,-0.6293,0.0050,-0.0054,-0.0151
1774945532.7513,0.0000,0.0000,0.0000,0.0000,0.0000,-3.1295,-0.2144,0.8272,0.0029,-0.0043,-0.0119
1774945532.7713,0.0000,0.0000,0.0000,0.0000,0.0000,-3.1292,-0.2147,0.2132,0.0040,-0.0043,-0.0109
1774945532.7913,0.0000,0.0000,0.0000,0.0000,0.0000,-3.1300,-0.2146,0.8321,0.0008,-0.0033,-0.0109
1774945532.8113,0.0000,0.0000,0.0000,0.0000,0.0000,-3.1291,-0.2147,1.3992,0.0050,-0.0043,-0.0119
1774945532.8313,0.0000,0.0000,0.0000,0.0000,0.0000,-3.1297,-0.2146,-1.4906,0.0019,-0.0043,-0.0109
1774945532.8515,0.0000,0.0000,0.0000,0.0000,0.0000,-3.1294,-0.2143,-0.0418,0.0040,-0.0043,-0.0119
1774945532.8714,0.0000,0.0000,0.0000,0.0000,0.0000,-3.1293,-0.2143,0.3479,0.0050,-0.0033,-0.0130
1774945532.8913,0.0000,0.0000,0.0000,0.0000,0.0000,-3.1295,-0.2146,0.0830,0.0050,-0.0043,-0.0098
1774945532.9114,0.0000,0.0000,0.0000,0.0000,0.0000,-3.1293,-0.2144,-1.3146,0.0050,-0.0043,-0.0109
1774945532.9315,0.0000,0.0000,0.0000,0.0000,0.0000,-3.1295,-0.2145,0.6861,0.0029,-0.0033,-0.0109
1774945532.9514,0.0000,0.0000,0.0000,0.0000,0.0000,-3.1287,-0.2144,0.9431,0.0040,-0.0043,-0.0109
1774945532.9717,0.0000,0.0000,0.0000,0.0000,0.0000,-3.1295,-0.2144,-0.9077,0.0019,-0.0033,-0.0119
1774945532.9913,0.0000,0.0000,0.0000,0.0000,0.0000,-3.1293,-0.2144,1.4860,0.0050,-0.0033,-0.0141
1774945533.0122,0.0000,0.0000,0.0000,0.0000,0.0000,-3.1290,-0.2145,-0.3019,0.0029,-0.0022,-0.0109
1774945533.0313,0.0000,0.0000,0.0000,0.0000,0.0000,-3.1293,-0.2143,-0.0840,0.0019,-0.0033,-0.0109
1774945533.0512,0.0000,0.0000,0.0000,0.0000,0.0000,-3.1284,-0.2142,0.7369,0.0072,-0.0043,-0.0109
1774945533.0721,0.0000,0.0000,0.0000,0.0000,0.0000,-3.1292,-0.2148,-0.9125,0.0019,-0.0033,-0.0087
1774945533.0913,0.0000,0.0000,0.0000,0.0000,0.0000,-3.1295,-0.2147,1.8506,0.0040,-0.0033,-0.0098
1774945533.1115,0.0000,0.0000,0.0000,0.0000,0.0000,-3.1295,-0.2146,-0.4249,0.0050,-0.0043,-0.0130
1774945533.1313,0.0000,0.0000,0.0000,0.0000,0.0000,-3.1309,-0.2146,-1.4071,0.0019,-0.0033,-0.0087
1774945533.1516,0.0000,0.0000,0.0000,0.0000,0.0000,-3.1305,-0.2146,-1.6521,0.0061,-0.0033,-0.0119
1774945533.1713,0.0000,0.0000,0.0000,0.0000,0.0000,-3.1308,-0.2143,-1.8102,0.0019,-0.0054,-0.0130
1774945533.1913,0.0000,0.0000,0.0000,0.0000,0.0000,-3.1296,-0.2144,1.1203,0.0050,-0.0043,-0.0119
1774945533.2114,0.0000,0.0000,0.0000,0.0000,0.0000,-3.1296,-0.2145,0.1236,0.0040,-0.0033,-0.0119
1774945533.2312,0.0000,0.0000,0.0000,0.0000,0.0000,-3.1292,-0.2143,-0.0413,0.0029,-0.0054,-0.0109
1774945533.2522,0.0000,0.0000,0.0000,0.0000,0.0000,-3.1287,-0.2144,0.1277,0.0040,-0.0033,-0.0130
1774945533.2717,0.0000,0.0000,0.0000,0.0000,0.0000,-3.1287,-0.2146,2.3398,0.0029,-0.0022,-0.0119
1774945533.2916,0.0000,0.0000,0.0000,0.0000,0.0000,-3.1282,-0.2145,-0.5315,0.0050,-0.0054,-0.0119
1774945533.3114,0.0000,0.0000,0.0000,0.0000,0.0000,-3.1294,-0.2143,-0.6710,0.0029,-0.0022,-0.0130
1774945533.3312,0.0000,0.0000,0.0000,0.0000,0.0000,-3.1294,-0.2141,0.6262,0.0029,-0.0043,-0.0109
1774945533.3515,0.0000,0.0000,0.0000,0.0000,0.0000,-3.1300,-0.2143,-0.9116,0.0040,-0.0043,-0.0119
1774945533.3713,0.0000,0.0000,0.0000,0.0000,0.0000,-3.1301,-0.2141,0.0880,0.0040,-0.0043,-0.0119
1774945533.3913,0.0000,0.0000,0.0000,0.0000,0.0000,-3.1292,-0.2142,-0.2882,0.0050,-0.0022,-0.0109
1774945533.4114,0.0000,0.0000,0.0000,0.0000,0.0000,-3.1291,-0.2145,-1.3766,0.0019,-0.0043,-0.0119
1774945533.4313,0.0000,0.0000,0.0000,0.0000,0.0000,-3.1283,-0.2145,1.2058,0.0040,-0.0033,-0.0109
1774945533.4514,0.0000,0.0000,0.0000,0.0000,0.0000,-3.1282,-0.2144,0.4651,0.0029,-0.0033,-0.0098
1774945533.4714,0.0000,0.0000,0.0000,0.0000,0.0000,-3.1282,-0.2143,-0.5016,0.0061,-0.0033,-0.0077
1774945533.4913,0.0000,0.0000,0.0000,0.0000,0.0000,-3.1283,-0.2144,0.1710,0.0061,-0.0033,-0.0109
1774945533.5114,0.0000,0.0000,0.0000,0.0000,0.0000,-3.1291,-0.2142,0.5358,0.0019,-0.0043,-0.0087
1774945533.5315,0.0000,0.0000,0.0000,0.0000,0.0000,-3.1292,-0.2141,-1.3220,0.0040,-0.0043,-0.0119
1774945533.5513,0.0000,0.0000,0.0000,0.0000,0.0000,-3.1303,-0.2145,-1.1634,0.0019,-0.0033,-0.0119
1774945533.5713,0.0000,0.0000,0.0000,0.0000,0.0000,-3.1302,-0.2142,-2.0288,0.0061,-0.0054,-0.0109
1774945533.5912,0.0000,0.0000,0.0000,0.0000,0.0000,-3.1300,-0.2142,-1.6566,0.0040,-0.0043,-0.0119
1774945533.6121,0.0000,0.0000,0.0000,0.0000,0.0000,-3.1296,-0.2144,0.5986,0.0040,-0.0033,-0.0109
1774945533.6312,0.0000,0.0000,0.0000,0.0000,0.0000,-3.1288,-0.2145,-1.8759,0.0050,-0.0054,-0.0119
1774945533.6512,0.0000,0.0000,0.0000,0.0000,0.0000,-3.1291,-0.2147,-1.7760,0.0019,-0.0033,-0.0109
1774945533.6712,0.0000,0.0000,0.0000,0.0000,0.0000,-3.1284,-0.2142,1.1331,0.0061,-0.0043,-0.0119
1774945533.6921,0.0000,0.0000,0.0000,0.0000,0.0000,-3.1288,-0.2143,0.3927,0.0008,-0.0065,-0.0109
1774945533.7119,0.0000,0.0000,0.0000,0.0000,0.0000,-3.1284,-0.2150,0.7537,0.0029,-0.0043,-0.0109
1774945533.7322,0.0000,0.0000,0.0000,0.0000,0.0000,-3.1278,-0.2151,-0.1142,0.0061,-0.0033,-0.0130
1774945533.7514,0.0000,0.0000,0.0000,0.0000,0.0000,-3.1288,-0.2145,2.2134,0.0019,-0.0022,-0.0119
1774945533.7713,0.0000,0.0000,0.0000,0.0000,0.0000,-3.1297,-0.2136,1.9506,0.0019,-0.0161,-0.0087
1774945533.7912,0.0000,0.0000,0.0000,0.0000,0.0000,-3.1314,-0.2140,-3.0028,-0.0035,-0.0086,-0.0098
1774945533.8113,0.0000,0.0000,0.0000,0.0000,0.0000,-3.1291,-0.2139,3.8139,-0.0003,-0.0022,-0.0130
1774945533.8313,0.0000,0.0000,0.0000,0.0000,0.0000,-3.1290,-0.2133,-1.6190,-0.0035,-0.0107,-0.0130
1774945533.8513,0.0000,0.0000,0.0000,0.0000,0.0000,-3.1301,-0.2138,-4.0614,-0.0003,-0.0054,-0.0109
1774945533.8714,0.0000,0.0000,0.0000,0.0000,0.0000,-3.1289,-0.2139,0.2182,0.0072,-0.0001,-0.0119
1774945533.8916,0.0000,0.0000,0.0000,0.0000,0.0000,-3.1296,-0.2134,-1.9228,0.0029,-0.0054,-0.0098
1774945533.9119,0.0000,0.0000,0.0000,0.0000,0.0000,-3.1299,-0.2137,-0.0852,0.0040,-0.0043,-0.0087
1774945533.9313,0.0000,0.0000,0.0000,0.0000,0.0000,-3.1298,-0.2140,3.7481,0.0050,-0.0022,-0.0119
1774945533.9522,0.0000,0.0000,0.0000,0.0000,0.0000,-3.1295,-0.2136,-0.5170,0.0040,-0.0065,-0.0109
1774945533.9713,0.0000,0.0000,0.0000,0.0000,0.0000,-3.1292,-0.2136,-1.4715,0.0029,-0.0043,-0.0119
1774945533.9912,0.0000,0.0000,0.0000,0.0000,0.0000,-3.1288,-0.2137,0.5379,0.0040,-0.0043,-0.0119
1774945534.0113,0.0000,0.0000,0.0000,0.0000,0.0000,-3.1282,-0.2138,-2.0080,0.0050,-0.0033,-0.0109
1774945534.0313,0.0000,0.0000,0.0000,0.0000,0.0000,-3.1291,-0.2143,-2.6819,0.0029,-0.0033,-0.0098
1774945534.0515,0.0000,0.0000,0.0000,0.0000,0.0000,-3.1287,-0.2141,1.1738,0.0050,-0.0065,-0.0098
1774945534.0712,0.0000,0.0000,0.0000,0.0000,0.0000,-3.1297,-0.2142,-1.9124,0.0061,-0.0022,-0.0119
1774945534.0913,0.0000,0.0000,0.0000,0.0000,0.0000,-3.1297,-0.2145,-1.0184,0.0008,-0.0033,-0.0098
1774945534.1114,0.0000,0.0000,0.0000,0.0000,0.0000,-3.1302,-0.2142,0.3973,0.0050,-0.0054,-0.0109
1774945534.1313,0.0000,0.0000,0.0000,0.0000,0.0000,-3.1318,-0.2144,-2.2820,0.0019,-0.0022,-0.0119
1774945534.1513,0.0000,0.0000,0.0000,0.0000,0.0000,-3.1322,-0.2142,2.5861,0.0008,-0.0033,-0.0098
1774945534.1713,0.0000,0.0000,0.0000,0.0000,0.0000,-3.1320,-0.2148,-0.3311,0.0061,-0.0043,-0.0130
1774945534.1913,0.0000,0.0000,0.0000,0.0000,0.0000,-3.1313,-0.2149,0.2911,0.0040,-0.0033,-0.0109
1774945534.2120,0.0000,0.0000,0.0000,0.0000,0.0000,-3.1313,-0.2150,0.0000,0.0019,-0.0043,-0.0109
1774945534.2313,0.0000,0.0000,0.0000,0.0000,0.0000,-3.1306,-0.2149,-1.2067,0.0019,-0.0043,-0.0109
1774945534.2512,0.0000,0.0000,0.0000,0.0000,0.0000,-3.1301,-0.2144,0.0834,0.0029,-0.0043,-0.0109
1774945534.2713,0.0000,0.0000,0.0000,0.0000,0.0000,-3.1307,-0.2143,-0.7280,0.0040,-0.0022,-0.0119
1774945534.2912,0.0000,0.0000,0.0000,0.0000,0.0000,-3.1310,-0.2143,1.5437,0.0019,-0.0043,-0.0098
1774945534.3118,0.0000,0.0000,0.0000,0.0000,0.0000,-3.1313,-0.2143,-1.2585,0.0061,-0.0043,-0.0119
1774945534.3313,0.0000,0.0000,0.0000,0.0000,0.0000,-3.1320,-0.2144,0.5724,0.0019,-0.0033,-0.0098
1774945534.3515,0.0000,0.0000,0.0000,0.0000,0.0000,-3.1314,-0.2149,0.7740,0.0040,-0.0033,-0.0130
1774945534.3713,0.0000,0.0000,0.0000,0.0000,0.0000,-3.1323,-0.2146,-2.8121,0.0029,-0.0033,-0.0109
1774945534.3914,0.0000,0.0000,0.0000,0.0000,0.0000,-3.1317,-0.2146,0.0000,0.0061,-0.0033,-0.0098
1774945534.4113,0.0000,0.0000,0.0000,0.0000,0.0000,-3.1335,-0.2154,-0.0428,0.0008,-0.0033,-0.0119
1774945534.4312,0.0000,0.0000,0.0000,0.0000,0.0000,-3.1339,-0.2156,0.3446,0.0008,-0.0012,-0.0109
1774945534.4512,0.0000,0.0000,0.0000,0.0000,0.0000,-3.1345,-0.2159,-0.6301,0.0040,-0.0033,-0.0098
1774945534.4712,0.0000,0.0000,0.0000,0.0000,0.0000,-3.1348,-0.2155,-0.4712,0.0008,-0.0043,-0.0109
1774945534.4912,0.0000,0.0000,0.0000,0.0000,0.0000,-3.1331,-0.2150,0.5110,0.0040,-0.0043,-0.0119
1774945534.5113,0.0000,0.0000,0.0000,0.0000,0.0000,-3.1330,-0.2147,2.6281,0.0050,-0.0043,-0.0109
1774945534.5315,0.0000,0.0000,0.0000,0.0000,0.0000,-3.1320,-0.2145,-0.0416,0.0019,-0.0043,-0.0109
1774945534.5523,0.0000,0.0000,0.0000,0.0000,0.0000,-3.1302,-0.2145,-0.5928,0.0050,-0.0033,-0.0130
1774945534.5713,0.0000,0.0000,0.0000,0.0000,0.0000,-3.1302,-0.2142,0.1301,0.0029,-0.0033,-0.0098
1774945534.5913,0.0000,0.0000,0.0000,0.0000,0.0000,-3.1292,-0.2142,-1.1747,0.0029,-0.0022,-0.0109
1774945534.6113,0.0000,0.0000,0.0000,0.0000,0.0000,-3.1296,-0.2144,-0.3609,0.0019,-0.0043,-0.0119
1774945534.6313,0.0000,0.0000,0.0000,0.0000,0.0000,-3.1299,-0.2142,1.3162,0.0040,-0.0033,-0.0109
1774945534.6513,0.0000,0.0000,0.0000,0.0000,0.0000,-3.1306,-0.2142,-0.5489,0.0061,-0.0043,-0.0119
1774945534.6713,0.0000,0.0000,0.0000,0.0000,0.0000,-3.1311,-0.2142,-0.2699,0.0029,-0.0033,-0.0130
1774945534.6912,0.0000,0.0000,0.0000,0.0000,0.0000,-3.1305,-0.2139,-0.1237,0.0050,-0.0033,-0.0109
1774945534.7113,0.0000,0.0000,0.0000,0.0000,0.0000,-3.1307,-0.2143,-2.4016,-0.0003,-0.0054,-0.0130
1774945534.7313,0.0000,0.0000,0.0000,0.0000,0.0000,-3.1301,-0.2144,0.9972,0.0040,-0.0033,-0.0109
1774945534.7516,0.0000,0.0000,0.0000,0.0000,0.0000,-3.1301,-0.2146,0.8146,0.0040,-0.0033,-0.0119
1774945534.7715,0.0000,0.0000,0.0000,0.0000,0.0000,-3.1294,-0.2141,-0.7965,0.0029,-0.0043,-0.0098
1774945534.7915,0.0000,0.0000,0.0000,0.0000,0.0000,-3.1287,-0.2139,-0.0421,0.0061,-0.0033,-0.0109
1774945534.8115,0.0000,0.0000,0.0000,0.0000,0.0000,-3.1290,-0.2142,1.0399,0.0008,-0.0022,-0.0119
1774945534.8318,0.0000,0.0000,0.0000,0.0000,0.0000,-3.1301,-0.2148,1.4872,0.0040,-0.0033,-0.0109
1774945534.8513,0.0000,0.0000,0.0000,0.0000,0.0000,-3.1311,-0.2147,-1.0891,0.0029,-0.0043,-0.0098
1774945534.8712,0.0000,0.0000,0.0000,0.0000,0.0000,-3.1318,-0.2147,-0.4958,0.0040,-0.0043,-0.0098
1774945534.8915,0.0000,0.0000,0.0000,0.0000,0.0000,-3.1323,-0.2146,-0.2078,0.0029,-0.0033,-0.0098
1774945534.9117,0.0000,0.0000,0.0000,0.0000,0.0000,-3.1321,-0.2144,1.1344,0.0050,-0.0033,-0.0109
1774945534.9319,0.0000,0.0000,0.0000,0.0000,0.0000,-3.1308,-0.2139,-0.3358,0.0050,-0.0033,-0.0109
1774945534.9515,0.0000,0.0000,0.0000,0.0000,0.0000,-3.1307,-0.2142,1.6398,0.0008,-0.0033,-0.0098
1774945534.9713,0.0000,0.0000,0.0000,0.0000,0.0000,-3.1297,-0.2144,0.4611,0.0050,-0.0022,-0.0109
1774945534.9913,0.0000,0.0000,0.0000,0.0000,0.0000,-3.1297,-0.2142,0.5048,0.0008,-0.0033,-0.0109
1774945535.0127,0.0000,0.0000,0.0000,0.0000,0.0000,-3.1290,-0.2146,0.5426,0.0029,-0.0043,-0.0109
1774945535.0317,0.0000,0.0000,0.0000,0.0000,0.0000,-3.1290,-0.2143,-0.2912,0.0040,-0.0033,-0.0109
1774945535.0513,0.0000,0.0000,0.0000,0.0000,0.0000,-3.1299,-0.2143,0.2971,0.0019,-0.0043,-0.0119
1774945535.0714,0.0000,0.0000,0.0000,0.0000,0.0000,-3.1299,-0.2143,0.2953,0.0050,-0.0043,-0.0098
1774945535.0913,0.0000,0.0000,0.0000,0.0000,0.0000,-3.1314,-0.2141,-1.0926,0.0040,-0.0043,-0.0119
1774945535.1114,0.0000,0.0000,0.0000,0.0000,0.0000,-3.1310,-0.2141,0.0828,0.0040,-0.0054,-0.0077
1774945535.1313,0.0000,0.0000,0.0000,0.0000,0.0000,-3.1305,-0.2142,-0.3331,0.0061,-0.0033,-0.0130
1774945535.1512,0.0000,0.0000,0.0000,0.0000,0.0000,-3.1301,-0.2145,0.3842,0.0019,-0.0022,-0.0119
1774945535.1713,0.0000,0.0000,0.0000,0.0000,0.0000,-3.1289,-0.2145,-0.0852,0.0050,-0.0033,-0.0130
1774945535.1914,0.0000,0.0000,0.0000,0.0000,0.0000,-3.1297,-0.2145,0.6481,0.0040,-0.0033,-0.0119
1774945535.2113,0.0000,0.0000,0.0000,0.0000,0.0000,-3.1284,-0.2143,1.3933,0.0040,-0.0022,-0.0098
1774945535.2318,0.0000,0.0000,0.0000,0.0000,0.0000,-3.1287,-0.2139,0.9832,0.0050,-0.0043,-0.0109
1774945535.2513,0.0000,0.0000,0.0000,0.0000,0.0000,-3.1293,-0.2140,-0.5561,0.0050,-0.0043,-0.0098
1774945535.2712,0.0000,0.0000,0.0000,0.0000,0.0000,-3.1297,-0.2143,1.1929,0.0040,-0.0001,-0.0098
1774945535.2912,0.0000,0.0000,0.0000,0.0000,0.0000,-3.1310,-0.2142,1.3982,0.0050,-0.0054,-0.0119
1774945535.3114,0.0000,0.0000,0.0000,0.0000,0.0000,-3.1314,-0.2144,-1.8523,0.0050,-0.0043,-0.0109
1774945535.3312,0.0000,0.0000,0.0000,0.0000,0.0000,-3.1321,-0.2142,-1.8153,0.0040,-0.0033,-0.0119
1774945535.3512,0.0000,0.0000,0.0000,0.0000,0.0000,-3.1312,-0.2139,-1.4408,0.0029,-0.0054,-0.0098
1774945535.3712,0.0000,0.0000,0.0000,0.0000,0.0000,-3.1305,-0.2141,-0.8020,0.0050,-0.0043,-0.0109
1774945535.3917,0.0000,0.0000,0.0000,0.0000,0.0000,-3.1306,-0.2144,1.6835,-0.0003,-0.0043,-0.0119
1774945535.4113,0.0000,0.0000,0.0000,0.0000,0.0000,-3.1295,-0.2144,-1.7963,0.0050,-0.0033,-0.0109
1774945535.4312,0.0000,0.0000,0.0000,0.0000,0.0000,-3.1301,-0.2143,-0.4161,0.0029,-0.0043,-0.0109
1774945535.4512,0.0000,0.0000,0.0000,0.0000,0.0000,-3.1292,-0.2144,2.2809,0.0040,-0.0043,-0.0109
1774945535.4712,0.0000,0.0000,0.0000,0.0000,0.0000,-3.1297,-0.2143,0.9613,0.0029,-0.0043,-0.0119
1774945535.4912,0.0000,0.0000,0.0000,0.0000,0.0000,-3.1302,-0.2141,0.9932,0.0029,-0.0033,-0.0098
1774945535.5113,0.0000,0.0000,0.0000,0.0000,0.0000,-3.1304,-0.2140,-0.4791,0.0050,-0.0033,-0.0130
1774945535.5319,0.0000,0.0000,0.0000,0.0000,0.0000,-3.1309,-0.2142,-0.2916,0.0019,-0.0043,-0.0109
1774945535.5514,0.0000,0.0000,0.0000,0.0000,0.0000,-3.1302,-0.2140,-0.5830,0.0061,-0.0043,-0.0098
1774945535.5713,0.0000,0.0000,0.0000,0.0000,0.0000,-3.1304,-0.2141,-1.2332,0.0040,-0.0033,-0.0130
1774945535.5913,0.0000,0.0000,0.0000,0.0000,0.0000,-3.1293,-0.2142,0.7086,0.0029,-0.0043,-0.0109
1774945535.6115,0.0000,0.0000,0.0000,0.0000,0.0000,-3.1292,-0.2140,0.7586,0.0082,-0.0043,-0.0130
1774945535.6312,0.0000,0.0000,0.0000,0.0000,0.0000,-3.1293,-0.2144,0.8219,0.0029,-0.0033,-0.0109
1774945535.6513,0.0000,0.0000,0.0000,0.0000,0.0000,-3.1285,-0.2141,-0.3474,0.0050,-0.0043,-0.0109
1774945535.6712,0.0000,0.0000,0.0000,0.0000,0.0000,-3.1291,-0.2139,-1.9255,0.0029,-0.0043,-0.0098
1774945535.6912,0.0000,0.0000,0.0000,0.0000,0.0000,-3.1287,-0.2139,0.7846,0.0040,-0.0033,-0.0109
1774945535.7120,0.0000,0.0000,0.0000,0.0000,0.0000,-3.1291,-0.2138,0.0412,0.0029,-0.0033,-0.0119
1774945535.7312,0.0000,0.0000,0.0000,0.0000,0.0000,-3.1296,-0.2138,0.2038,0.0040,-0.0033,-0.0098
1774945535.7512,0.0000,0.0000,0.0000,0.0000,0.0000,-3.1304,-0.2138,-0.9647,0.0050,-0.0033,-0.0109
1774945535.7712,0.0000,0.0000,0.0000,0.0000,0.0000,-3.1311,-0.2140,-1.3792,0.0019,-0.0022,-0.0109
1774945535.7912,0.0000,0.0000,0.0000,0.0000,0.0000,-3.1301,-0.2138,-0.5454,0.0072,-0.0033,-0.0109
1774945535.8115,0.0000,0.0000,0.0000,0.0000,0.0000,-3.1300,-0.2138,1.5924,0.0040,-0.0043,-0.0119
1774945535.8312,0.0000,0.0000,0.0000,0.0000,0.0000,-3.1300,-0.2143,0.9828,0.0040,-0.0033,-0.0119
1774945535.8512,0.0000,0.0000,0.0000,0.0000,0.0000,-3.1300,-0.2141,-0.2530,0.0029,-0.0054,-0.0119
1774945535.8712,0.0000,0.0000,0.0000,0.0000,0.0000,-3.1300,-0.2143,0.1670,0.0019,-0.0033,-0.0109
1774945535.8912,0.0000,0.0000,0.0000,0.0000,0.0000,-3.1296,-0.2141,-0.4101,0.0029,-0.0043,-0.0109
1774945535.9112,0.0000,0.0000,0.0000,0.0000,0.0000,-3.1301,-0.2140,0.3388,0.0029,-0.0043,-0.0119
1774945535.9344,0.0000,0.0000,0.0000,0.0000,0.0000,-3.1299,-0.2140,0.5615,0.0029,-0.0033,-0.0119
1774945535.9512,0.0000,0.0000,0.0000,0.0000,0.0000,-3.1306,-0.2141,0.4278,0.0040,-0.0022,-0.0119
1774945535.9712,0.0000,0.0000,0.0000,0.0000,0.0000,-3.1306,-0.2143,0.8726,0.0029,-0.0043,-0.0098
1774945535.9913,0.0000,0.0000,0.0000,0.0000,0.0000,-3.1301,-0.2143,-1.7038,0.0061,-0.0043,-0.0109
1774945536.0119,0.0000,0.0000,0.0000,0.0000,0.0000,-3.1299,-0.2142,0.3933,0.0040,-0.0054,-0.0109
1774945536.0318,0.0000,0.0000,0.0000,0.0000,0.0000,-3.1293,-0.2142,0.2938,0.0040,-0.0043,-0.0109
1774945536.0512,0.0000,0.0000,0.0000,0.0000,0.0000,-3.1297,-0.2144,-2.0106,0.0029,-0.0033,-0.0130
1774945536.0712,0.0000,0.0000,0.0000,0.0000,0.0000,-3.1294,-0.2142,1.3872,0.0029,-0.0033,-0.0098
1774945536.0912,0.0000,0.0000,0.0000,0.0000,0.0000,-3.1298,-0.2143,0.4208,0.0040,-0.0033,-0.0130
1774945536.1114,0.0000,0.0000,0.0000,0.0000,0.0000,-3.1292,-0.2141,0.4238,0.0029,-0.0033,-0.0098
1774945536.1312,0.0000,0.0000,0.0000,0.0000,0.0000,-3.1288,-0.2139,-1.4455,0.0050,-0.0022,-0.0130
1774945536.1512,0.0000,0.0000,0.0000,0.0000,0.0000,-3.1292,-0.2141,0.0413,0.0008,-0.0033,-0.0119
1774945536.1712,0.0000,0.0000,0.0000,0.0000,0.0000,-3.1290,-0.2139,0.5949,0.0061,-0.0054,-0.0109
1774945536.1912,0.0000,0.0000,0.0000,0.0000,0.0000,-3.1296,-0.2138,-0.5188,0.0040,-0.0033,-0.0109
1774945536.2143,0.0000,0.0000,0.0000,0.0000,0.0000,-3.1300,-0.2137,0.7642,0.0029,-0.0033,-0.0109
1774945536.2312,0.0000,0.0000,0.0000,0.0000,0.0000,-3.1297,-0.2137,-2.1167,0.0072,-0.0043,-0.0130
1774945536.2514,0.0000,0.0000,0.0000,0.0000,0.0000,-3.1302,-0.2138,-0.5848,0.0050,-0.0033,-0.0109
1774945536.2712,0.0000,0.0000,0.0000,0.0000,0.0000,-3.1294,-0.2138,-0.0418,0.0050,-0.0043,-0.0119
1774945536.2914,0.0000,0.0000,0.0000,0.0000,0.0000,-3.1299,-0.2143,-1.4835,0.0019,-0.0043,-0.0119
1774945536.3115,0.0000,0.0000,0.0000,0.0000,0.0000,-3.1296,-0.2141,0.9777,0.0061,-0.0043,-0.0119
1774945536.3323,0.0000,0.0000,0.0000,0.0000,0.0000,-3.1298,-0.2137,-1.9055,0.0040,-0.0043,-0.0119
1774945536.3512,0.0000,0.0000,0.0000,0.0000,0.0000,-3.1300,-0.2141,-0.6658,0.0029,-0.0033,-0.0119
1774945536.3713,0.0000,0.0000,0.0000,0.0000,0.0000,-3.1292,-0.2141,-0.0424,0.0050,-0.0033,-0.0119
1774945536.3913,0.0000,0.0000,0.0000,0.0000,0.0000,-3.1306,-0.2141,0.0421,0.0019,-0.0033,-0.0130
1774945536.4120,0.0000,0.0000,0.0000,0.0000,0.0000,-3.1301,-0.2143,1.5020,0.0040,-0.0033,-0.0119
1774945536.4317,0.0000,0.0000,0.0000,0.0000,0.0000,-3.1307,-0.2144,0.9257,0.0029,-0.0054,-0.0109
1774945536.4512,0.0000,0.0000,0.0000,0.0000,0.0000,-3.1304,-0.2142,-0.1266,0.0040,-0.0033,-0.0119
1774945536.4712,0.0000,0.0000,0.0000,0.0000,0.0000,-3.1301,-0.2143,-0.3810,0.0029,-0.0043,-0.0109
1774945536.4912,0.0000,0.0000,0.0000,0.0000,0.0000,-3.1302,-0.2143,0.4055,0.0008,-0.0043,-0.0109
1774945536.5114,0.0000,0.0000,0.0000,0.0000,0.0000,-3.1294,-0.2143,0.2098,0.0040,-0.0033,-0.0109
1774945536.5315,0.0000,0.0000,0.0000,0.0000,0.0000,-3.1301,-0.2144,-1.4324,0.0050,-0.0043,-0.0130
1774945536.5514,0.0000,0.0000,0.0000,0.0000,0.0000,-3.1296,-0.2145,0.7062,0.0029,-0.0033,-0.0119
1774945536.5713,0.0000,0.0000,0.0000,0.0000,0.0000,-3.1290,-0.2141,0.4729,0.0040,-0.0033,-0.0119
1774945536.5915,0.0000,0.0000,0.0000,0.0000,0.0000,-3.1291,-0.2140,-1.3148,0.0019,-0.0043,-0.0119
1774945536.6120,0.0000,0.0000,0.0000,0.0000,0.0000,-3.1289,-0.2142,0.7342,0.0040,-0.0022,-0.0119
1774945536.6312,0.0000,0.0000,0.0000,0.0000,0.0000,-3.1302,-0.2147,-2.2788,0.0040,-0.0043,-0.0119
1774945536.6514,0.0000,0.0000,0.0000,0.0000,0.0000,-3.1306,-0.2146,-0.8552,0.0050,-0.0033,-0.0119
1774945536.6713,0.0000,0.0000,0.0000,0.0000,0.0000,-3.1323,-0.2151,0.3416,0.0029,-0.0033,-0.0119
1774945536.6913,0.0000,0.0000,0.0000,0.0000,0.0000,-3.1323,-0.2153,0.1645,0.0008,-0.0033,-0.0109
1774945536.7114,0.0000,0.0000,0.0000,0.0000,0.0000,-3.1311,-0.2152,-0.2065,0.0061,-0.0054,-0.0119
1774945536.7314,0.0000,0.0000,0.0000,0.0000,0.0000,-3.1317,-0.2155,-0.7517,0.0019,-0.0043,-0.0119
1774945536.7514,0.0000,0.0000,0.0000,0.0000,0.0000,-3.1314,-0.2149,0.4587,0.0019,-0.0043,-0.0119
1774945536.7712,0.0000,0.0000,0.0000,0.0000,0.0000,-3.1307,-0.2140,-1.4231,0.0040,-0.0033,-0.0119
1774945536.7912,0.0000,0.0000,0.0000,0.0000,0.0000,-3.1291,-0.2144,0.8416,0.0029,-0.0043,-0.0098
1774945536.8113,0.0000,0.0000,0.0000,0.0000,0.0000,-3.1308,-0.2144,-0.2646,0.0050,-0.0033,-0.0109
1774945536.8312,0.0000,0.0000,0.0000,0.0000,0.0000,-3.1325,-0.2140,0.5280,0.0019,-0.0033,-0.0130
1774945536.8513,0.0000,0.0000,0.0000,0.0000,0.0000,-3.1311,-0.2138,0.5973,0.0050,-0.0022,-0.0098
1774945536.8712,0.0000,0.0000,0.0000,0.0000,0.0000,-3.1315,-0.2144,-0.9402,0.0040,-0.0033,-0.0109
1774945536.8912,0.0000,0.0000,0.0000,0.0000,0.0000,-3.1308,-0.2146,1.7632,0.0019,-0.0043,-0.0119
1774945536.9115,0.0000,0.0000,0.0000,0.0000,0.0000,-3.1300,-0.2149,-1.2564,0.0029,-0.0043,-0.0119
1774945536.9313,0.0000,0.0000,0.0000,0.0000,0.0000,-3.1304,-0.2146,1.0880,0.0040,-0.0043,-0.0119
1774945536.9512,0.0000,0.0000,0.0000,0.0000,0.0000,-3.1300,-0.2142,-1.1811,0.0061,-0.0043,-0.0119
1774945536.9713,0.0000,0.0000,0.0000,0.0000,0.0000,-3.1307,-0.2139,-1.4545,0.0019,-0.0033,-0.0109
1774945536.9914,0.0000,0.0000,0.0000,0.0000,0.0000,-3.1306,-0.2136,1.0313,0.0050,-0.0033,-0.0119
1774945537.0139,0.0000,0.0000,0.0000,0.0000,0.0000,-3.1313,-0.2139,0.0000,0.0019,-0.0033,-0.0109
1774945537.0312,0.0000,0.0000,0.0000,0.0000,0.0000,-3.1307,-0.2141,1.2680,0.0040,-0.0033,-0.0119
1774945537.0513,0.0000,0.0000,0.0000,0.0000,0.0000,-3.1308,-0.2147,0.4944,0.0040,-0.0043,-0.0119
1774945537.0712,0.0000,0.0000,0.0000,0.0000,0.0000,-3.1309,-0.2144,-0.1673,0.0008,-0.0033,-0.0109
1774945537.0915,0.0000,0.0000,0.0000,0.0000,0.0000,-3.1297,-0.2141,-2.7000,0.0061,-0.0033,-0.0119
1774945537.1113,0.0000,0.0000,0.0000,0.0000,0.0000,-3.1310,-0.2145,0.9947,0.0008,-0.0022,-0.0098
1774945537.1313,0.0000,0.0000,0.0000,0.0000,0.0000,-3.1306,-0.2147,-0.0856,0.0040,-0.0043,-0.0109
1774945537.1512,0.0000,0.0000,0.0000,0.0000,0.0000,-3.1315,-0.2142,-0.3332,0.0040,-0.0022,-0.0119
1774945537.1714,0.0000,0.0000,0.0000,0.0000,0.0000,-3.1324,-0.2142,-0.4548,-0.0003,-0.0043,-0.0098
1774945537.1913,0.0000,0.0000,0.0000,0.0000,0.0000,-3.1312,-0.2141,-0.9077,0.0050,-0.0043,-0.0109
1774945537.2115,0.0000,0.0000,0.0000,0.0000,0.0000,-3.1313,-0.2141,0.5834,0.0029,-0.0043,-0.0109
1774945537.2312,0.0000,0.0000,0.0000,0.0000,0.0000,-3.1307,-0.2145,1.6617,0.0029,-0.0043,-0.0109
1774945537.2519,0.0000,0.0000,0.0000,0.0000,0.0000,-3.1302,-0.2144,-1.2659,0.0029,-0.0043,-0.0109
1774945537.2717,0.0000,0.0000,0.0000,0.0000,0.0000,-3.1296,-0.2142,0.6860,0.0029,-0.0033,-0.0098
1774945537.2913,0.0000,0.0000,0.0000,0.0000,0.0000,-3.1292,-0.2141,0.6820,0.0050,-0.0043,-0.0109
1774945537.3112,0.0000,0.0000,0.0000,0.0000,0.0000,-3.1301,-0.2145,-1.4463,0.0040,-0.0033,-0.0119
1774945537.3324,0.0000,0.0000,0.0000,0.0000,0.0000,-3.1297,-0.2142,1.4233,0.0050,-0.0033,-0.0109
1774945537.3516,0.0000,0.0000,0.0000,0.0000,0.0000,-3.1308,-0.2142,-0.2769,0.0008,-0.0022,-0.0098
1774945537.3712,0.0000,0.0000,0.0000,0.0000,0.0000,-3.1308,-0.2141,-0.7611,0.0029,-0.0043,-0.0098
1774945537.3912,0.0000,0.0000,0.0000,0.0000,0.0000,-3.1308,-0.2139,0.1763,0.0061,-0.0043,-0.0130
1774945537.4113,0.0000,0.0000,0.0000,0.0000,0.0000,-3.1309,-0.2140,0.4468,0.0019,-0.0043,-0.0119
1774945537.4313,0.0000,0.0000,0.0000,0.0000,0.0000,-3.1299,-0.2143,-1.3481,0.0040,-0.0043,-0.0109
1774945537.4512,0.0000,0.0000,0.0000,0.0000,0.0000,-3.1298,-0.2141,-0.9786,0.0019,-0.0022,-0.0119
1774945537.4713,0.0000,0.0000,0.0000,0.0000,0.0000,-3.1295,-0.2140,0.6033,0.0040,-0.0043,-0.0109
1774945537.4912,0.0000,0.0000,0.0000,0.0000,0.0000,-3.1298,-0.2142,-1.6949,0.0040,-0.0033,-0.0119
1774945537.5114,0.0000,0.0000,0.0000,0.0000,0.0000,-3.1295,-0.2145,1.1398,0.0029,-0.0043,-0.0109
1774945537.5312,0.0000,0.0000,0.0000,0.0000,0.0000,-3.1295,-0.2142,-0.7461,0.0040,-0.0022,-0.0119
1774945537.5512,0.0000,0.0000,0.0000,0.0000,0.0000,-3.1294,-0.2140,-0.9939,0.0029,-0.0033,-0.0098
1774945537.5712,0.0000,0.0000,0.0000,0.0000,0.0000,-3.1289,-0.2139,0.5426,0.0050,-0.0043,-0.0109
1774945537.5912,0.0000,0.0000,0.0000,0.0000,0.0000,-3.1296,-0.2145,1.0036,0.0019,-0.0033,-0.0098
1774945537.6113,0.0000,0.0000,0.0000,0.0000,0.0000,-3.1301,-0.2143,0.9947,0.0050,-0.0033,-0.0109
1774945537.6313,0.0000,0.0000,0.0000,0.0000,0.0000,-3.1311,-0.2141,-1.2592,0.0019,-0.0033,-0.0109
1774945537.6512,0.0000,0.0000,0.0000,0.0000,0.0000,-3.1317,-0.2141,-1.0406,0.0019,-0.0033,-0.0109
1774945537.6712,0.0000,0.0000,0.0000,0.0000,0.0000,-3.1308,-0.2139,-1.5721,0.0050,-0.0033,-0.0109
1774945537.6913,0.0000,0.0000,0.0000,0.0000,0.0000,-3.1314,-0.2141,-2.2470,0.0029,-0.0043,-0.0109
1774945537.7120,0.0000,0.0000,0.0000,0.0000,0.0000,-3.1300,-0.2143,-0.4159,0.0050,-0.0043,-0.0119
1774945537.7313,0.0000,0.0000,0.0000,0.0000,0.0000,-3.1300,-0.2142,0.9027,0.0029,-0.0022,-0.0109
1774945537.7513,0.0000,0.0000,0.0000,0.0000,0.0000,-3.1298,-0.2143,1.3340,0.0029,-0.0043,-0.0119
1774945537.7714,0.0000,0.0000,0.0000,0.0000,0.0000,-3.1294,-0.2144,0.3805,0.0029,-0.0033,-0.0109
1774945537.7912,0.0000,0.0000,0.0000,0.0000,0.0000,-3.1306,-0.2144,0.0426,0.0008,-0.0043,-0.0109
1774945537.8112,0.0000,0.0000,0.0000,0.0000,0.0000,-3.1298,-0.2140,0.7930,0.0050,-0.0033,-0.0119
1774945537.8313,0.0000,0.0000,0.0000,0.0000,0.0000,-3.1306,-0.2142,-0.2516,0.0029,-0.0033,-0.0119
1774945537.8515,0.0000,0.0000,0.0000,0.0000,0.0000,-3.1306,-0.2142,2.2804,0.0040,-0.0043,-0.0119
1774945537.8714,0.0000,0.0000,0.0000,0.0000,0.0000,-3.1310,-0.2138,-1.2617,0.0040,-0.0043,-0.0109
1774945537.8923,0.0000,0.0000,0.0000,0.0000,0.0000,-3.1310,-0.2142,-0.0857,0.0040,-0.0043,-0.0141
1774945537.9122,0.0000,0.0000,0.0000,0.0000,0.0000,-3.1301,-0.2143,0.3482,0.0029,-0.0033,-0.0119
1774945537.9314,0.0000,0.0000,0.0000,0.0000,0.0000,-3.1301,-0.2145,-0.8583,0.0008,-0.0033,-0.0119
1774945537.9517,0.0000,0.0000,0.0000,0.0000,0.0000,-3.1296,-0.2143,-1.2643,0.0050,-0.0033,-0.0109
1774945537.9712,0.0000,0.0000,0.0000,0.0000,0.0000,-3.1302,-0.2148,-0.2504,0.0040,-0.0033,-0.0130
1774945537.9915,0.0000,0.0000,0.0000,0.0000,0.0000,-3.1294,-0.2143,0.0841,0.0029,-0.0033,-0.0098
1774945538.0113,0.0000,0.0000,0.0000,0.0000,0.0000,-3.1287,-0.2141,0.2103,0.0050,-0.0033,-0.0109
1774945538.0313,0.0000,0.0000,0.0000,0.0000,0.0000,-3.1291,-0.2142,0.2080,0.0008,-0.0043,-0.0087
1774945538.0514,0.0000,0.0000,0.0000,0.0000,0.0000,-3.1292,-0.2140,1.3086,0.0040,-0.0043,-0.0109
1774945538.0712,0.0000,0.0000,0.0000,0.0000,0.0000,-3.1305,-0.2138,-1.8352,0.0040,-0.0054,-0.0098
1774945538.0913,0.0000,0.0000,0.0000,0.0000,0.0000,-3.1312,-0.2138,-0.6363,0.0040,-0.0033,-0.0087
1774945538.1113,0.0000,0.0000,0.0000,0.0000,0.0000,-3.1315,-0.2140,-1.7221,0.0040,-0.0033,-0.0109
1774945538.1313,0.0000,0.0000,0.0000,0.0000,0.0000,-3.1310,-0.2138,-0.2970,0.0019,-0.0033,-0.0087
1774945538.1512,0.0000,0.0000,0.0000,0.0000,0.0000,-3.1302,-0.2141,-0.7492,0.0072,-0.0043,-0.0109
1774945538.1712,0.0000,0.0000,0.0000,0.0000,0.0000,-3.1304,-0.2145,-1.9901,0.0029,-0.0033,-0.0119
1774945538.1914,0.0000,0.0000,0.0000,0.0000,0.0000,-3.1294,-0.2144,1.3174,0.0050,-0.0043,-0.0109
1774945538.2113,0.0000,0.0000,0.0000,0.0000,0.0000,-3.1298,-0.2143,0.1701,0.0040,-0.0054,-0.0119
1774945538.2315,0.0000,0.0000,0.0000,0.0000,0.0000,-3.1299,-0.2146,2.0028,0.0040,-0.0033,-0.0109
1774945538.2514,0.0000,0.0000,0.0000,0.0000,0.0000,-3.1304,-0.2145,0.4202,0.0008,-0.0033,-0.0119
1774945538.2713,0.0000,0.0000,0.0000,0.0000,0.0000,-3.1308,-0.2143,-0.1367,0.0019,-0.0033,-0.0109
1774945538.2914,0.0000,0.0000,0.0000,0.0000,0.0000,-3.1302,-0.2144,1.1465,0.0040,-0.0033,-0.0130
1774945538.3112,0.0000,0.0000,0.0000,0.0000,0.0000,-3.1307,-0.2143,-1.4933,0.0040,-0.0033,-0.0119
1774945538.3312,0.0000,0.0000,0.0000,0.0000,0.0000,-3.1304,-0.2141,0.2925,0.0061,-0.0043,-0.0109
1774945538.3514,0.0000,0.0000,0.0000,0.0000,0.0000,-3.1302,-0.2140,-0.1656,0.0040,-0.0033,-0.0119
1774945538.3712,0.0000,0.0000,0.0000,0.0000,0.0000,-3.1301,-0.2145,0.9315,0.0029,-0.0033,-0.0130
1774945538.3921,0.0000,0.0000,0.0000,0.0000,0.0000,-3.1292,-0.2143,-0.0426,0.0061,-0.0033,-0.0119
1774945538.4115,0.0000,0.0000,0.0000,0.0000,0.0000,-3.1305,-0.2144,-0.9333,0.0008,-0.0033,-0.0098
1774945538.4314,0.0000,0.0000,0.0000,0.0000,0.0000,-3.1301,-0.2148,0.3306,0.0040,-0.0033,-0.0109
1774945538.4517,0.0000,0.0000,0.0000,0.0000,0.0000,-3.1300,-0.2144,0.6939,0.0019,-0.0012,-0.0130
1774945538.4713,0.0000,0.0000,0.0000,0.0000,0.0000,-3.1291,-0.2138,-0.2928,0.0040,-0.0054,-0.0119
1774945538.4918,0.0000,0.0000,0.0000,0.0000,0.0000,-3.1292,-0.2140,1.0176,0.0050,-0.0033,-0.0109
1774945538.5113,0.0000,0.0000,0.0000,0.0000,0.0000,-3.1299,-0.2140,-0.3335,0.0008,-0.0033,-0.0109
1774945538.5315,0.0000,0.0000,0.0000,0.0000,0.0000,-3.1301,-0.2137,2.1283,0.0019,-0.0097,-0.0119
1774945538.5512,0.0000,0.0000,0.0000,0.0000,0.0000,-3.1294,-0.2144,-2.1267,0.0019,-0.0075,-0.0109
1774945538.5712,0.0000,0.0000,0.0000,0.0000,0.0000,-3.1284,-0.2151,-1.3694,0.0050,-0.0022,-0.0130
1774945538.5913,0.0000,0.0000,0.0000,0.0000,0.0000,-3.1285,-0.2141,-1.5009,0.0040,-0.0022,-0.0130
1774945538.6116,0.0000,0.0000,0.0000,0.0000,0.0000,-3.1304,-0.2134,1.3125,0.0019,-0.0075,-0.0098
1774945538.6315,0.0000,0.0000,0.0000,0.0000,0.0000,-3.1323,-0.2142,0.4354,0.0040,-0.0033,-0.0098
1774945538.6528,0.0000,0.0000,0.0000,0.0000,0.0000,-3.1339,-0.2144,-2.0129,0.0040,-0.0043,-0.0119
1774945538.6713,0.0000,0.0000,0.0000,0.0000,0.0000,-3.1333,-0.2139,1.3950,0.0040,-0.0043,-0.0109
1774945538.6916,0.0000,0.0000,0.0000,0.0000,0.0000,-3.1323,-0.2139,0.5400,0.0072,-0.0065,-0.0109
1774945538.7113,0.0000,0.0000,0.0000,0.0000,0.0000,-3.1314,-0.2144,0.2227,0.0019,-0.0043,-0.0109
1774945538.7312,0.0000,0.0000,0.0000,0.0000,0.0000,-3.1300,-0.2140,0.7582,0.0029,-0.0022,-0.0130
1774945538.7513,0.0000,0.0000,0.0000,0.0000,0.0000,-3.1289,-0.2142,-0.6819,0.0029,-0.0054,-0.0119
1774945538.7713,0.0000,0.0000,0.0000,0.0000,0.0000,-3.1284,-0.2147,0.9285,0.0040,-0.0033,-0.0109
1774945538.7913,0.0000,0.0000,0.0000,0.0000,0.0000,-3.1293,-0.2143,-0.6853,0.0019,-0.0043,-0.0109
1774945538.8114,0.0000,0.0000,0.0000,0.0000,0.0000,-3.1299,-0.2139,0.1732,0.0040,-0.0054,-0.0109
1774945538.8312,0.0000,0.0000,0.0000,0.0000,0.0000,-3.1316,-0.2139,0.1247,0.0061,-0.0043,-0.0130
1774945538.8518,0.0000,0.0000,0.0000,0.0000,0.0000,-3.1327,-0.2141,1.1946,0.0029,-0.0043,-0.0109
1774945538.8714,0.0000,0.0000,0.0000,0.0000,0.0000,-3.1328,-0.2139,0.5746,0.0050,-0.0033,-0.0119
1774945538.8912,0.0000,0.0000,0.0000,0.0000,0.0000,-3.1321,-0.2141,-1.3487,0.0008,-0.0033,-0.0119
1774945538.9113,0.0000,0.0000,0.0000,0.0000,0.0000,-3.1307,-0.2139,-0.0412,0.0040,-0.0033,-0.0087
1774945538.9322,0.0000,0.0000,0.0000,0.0000,0.0000,-3.1311,-0.2140,-0.7839,0.0019,-0.0043,-0.0119
1774945538.9521,0.0000,0.0000,0.0000,0.0000,0.0000,-3.1298,-0.2139,-0.6244,0.0029,-0.0065,-0.0119
1774945538.9717,0.0000,0.0000,0.0000,0.0000,0.0000,-3.1300,-0.2141,-3.6140,0.0040,-0.0054,-0.0119
1774945538.9912,0.0000,0.0000,0.0000,0.0000,0.0000,-3.1294,-0.2136,-0.8360,0.0019,-0.0043,-0.0087
1774945539.0118,0.0000,0.0000,0.0000,0.0000,0.0000,-3.1299,-0.2137,3.9823,0.0050,-0.0054,-0.0119
1774945539.0313,0.0000,0.0000,0.0000,0.0000,0.0000,-3.1311,-0.2137,-0.4368,0.0019,-0.0022,-0.0119
1774945539.0514,0.0000,0.0000,0.0000,0.0000,0.0000,-3.1308,-0.2136,0.0000,0.0050,-0.0054,-0.0109
1774945539.0713,0.0000,0.0000,0.0000,0.0000,0.0000,-3.1317,-0.2139,-0.1640,0.0050,-0.0033,-0.0119
1774945539.0918,0.0000,0.0000,0.0000,0.0000,0.0000,-3.1319,-0.2139,2.3732,0.0050,-0.0022,-0.0130
1774945539.1115,0.0000,0.0000,0.0000,0.0000,0.0000,-3.1309,-0.2137,-0.7168,0.0061,-0.0043,-0.0119
1774945539.1322,0.0000,0.0000,0.0000,0.0000,0.0000,-3.1309,-0.2138,0.7364,0.0040,-0.0043,-0.0109
1774945539.1514,0.0000,0.0000,0.0000,0.0000,0.0000,-3.1293,-0.2141,1.8204,0.0040,-0.0022,-0.0109
1774945539.1713,0.0000,0.0000,0.0000,0.0000,0.0000,-3.1293,-0.2140,-0.4625,0.0040,-0.0054,-0.0130
1774945539.1913,0.0000,0.0000,0.0000,0.0000,0.0000,-3.1299,-0.2142,-0.9022,0.0019,-0.0033,-0.0119
1774945539.2121,0.0000,0.0000,0.0000,0.0000,0.0000,-3.1306,-0.2146,0.0000,0.0029,-0.0022,-0.0119
1774945539.2313,0.0000,0.0000,0.0000,0.0000,0.0000,-3.1318,-0.2145,-2.0049,0.0029,-0.0043,-0.0130
1774945539.2514,0.0000,0.0000,0.0000,0.0000,0.0000,-3.1316,-0.2148,0.4797,0.0040,-0.0054,-0.0119
1774945539.2712,0.0000,0.0000,0.0000,0.0000,0.0000,-3.1306,-0.2148,-0.8111,0.0061,-0.0054,-0.0130
1774945539.2914,0.0000,0.0000,0.0000,0.0000,0.0000,-3.1312,-0.2144,0.1679,0.0050,-0.0033,-0.0119
1774945539.3117,0.0000,0.0000,0.0000,0.0000,0.0000,-3.1323,-0.2143,-0.0412,0.0050,-0.0033,-0.0109
1774945539.3313,0.0000,0.0000,0.0000,0.0000,0.0000,-3.1314,-0.2150,0.2885,0.0040,-0.0065,-0.0109
1774945539.3513,0.0000,0.0000,0.0000,0.0000,0.0000,-3.1304,-0.2150,-0.7255,0.0040,-0.0033,-0.0098
1774945539.3712,0.0000,0.0000,0.0000,0.0000,0.0000,-3.1324,-0.2149,-0.4337,0.0029,-0.0033,-0.0119
1774945539.3913,0.0000,0.0000,0.0000,0.0000,0.0000,-3.1320,-0.2151,1.2935,0.0040,-0.0043,-0.0109
1774945539.4113,0.0000,0.0000,0.0000,0.0000,0.0000,-3.1319,-0.2150,-1.2120,0.0050,-0.0033,-0.0109
1774945539.4313,0.0000,0.0000,0.0000,0.0000,0.0000,-3.1332,-0.2147,1.1834,0.0019,-0.0033,-0.0109
1774945539.4520,0.0000,0.0000,0.0000,0.0000,0.0000,-3.1326,-0.2148,-0.0432,0.0061,-0.0043,-0.0119
1774945539.4713,0.0000,0.0000,0.0000,0.0000,0.0000,-3.1323,-0.2145,-1.6036,0.0040,-0.0033,-0.0109
1774945539.4913,0.0000,0.0000,0.0000,0.0000,0.0000,-3.1324,-0.2143,1.5825,0.0040,-0.0043,-0.0098
1774945539.5115,0.0000,0.0000,0.0000,0.0000,0.0000,-3.1325,-0.2144,-0.8892,0.0040,-0.0043,-0.0119
1774945539.5313,0.0000,0.0000,0.0000,0.0000,0.0000,-3.1316,-0.2142,1.0732,0.0008,-0.0033,-0.0098
1774945539.5514,0.0000,0.0000,0.0000,0.0000,0.0000,-3.1319,-0.2141,0.0000,0.0050,-0.0043,-0.0130
1774945539.5713,0.0000,0.0000,0.0000,0.0000,0.0000,-3.1318,-0.2140,-0.2900,0.0019,-0.0043,-0.0119
1774945539.5914,0.0000,0.0000,0.0000,0.0000,0.0000,-3.1309,-0.2141,0.7652,0.0040,-0.0033,-0.0119
1774945539.6112,0.0000,0.0000,0.0000,0.0000,0.0000,-3.1317,-0.2141,0.2607,0.0040,-0.0043,-0.0119
1774945539.6313,0.0000,0.0000,0.0000,0.0000,0.0000,-3.1317,-0.2140,0.2608,0.0040,-0.0054,-0.0109
1774945539.6513,0.0000,0.0000,0.0000,0.0000,0.0000,-3.1316,-0.2140,0.5146,0.0061,-0.0043,-0.0130
1774945539.6717,0.0000,0.0000,0.0000,0.0000,0.0000,-3.1321,-0.2136,1.8415,-0.0013,-0.0054,-0.0098
1774945539.6913,0.0000,0.0000,0.0000,0.0000,0.0000,-3.1306,-0.2139,-0.2969,0.0029,-0.0065,-0.0119
1774945539.7113,0.0000,0.0000,0.0000,0.0000,0.0000,-3.1305,-0.2146,-2.0335,0.0029,-0.0033,-0.0119
1774945539.7314,0.0000,0.0000,0.0000,0.0000,0.0000,-3.1302,-0.2142,0.8050,0.0050,-0.0033,-0.0109
1774945539.7522,0.0000,0.0000,0.0000,0.0000,0.0000,-3.1309,-0.2139,-1.4743,0.0008,-0.0043,-0.0130
1774945539.7713,0.0000,0.0000,0.0000,0.0000,0.0000,-3.1316,-0.2144,0.8676,0.0029,-0.0043,-0.0098
1774945539.7912,0.0000,0.0000,0.0000,0.0000,0.0000,-3.1316,-0.2143,-0.4239,0.0061,-0.0033,-0.0119
1774945539.8113,0.0000,0.0000,0.0000,0.0000,0.0000,-3.1330,-0.2140,-1.5866,-0.0013,-0.0043,-0.0109
1774945539.8313,0.0000,0.0000,0.0000,0.0000,0.0000,-3.1316,-0.2139,1.1192,0.0029,-0.0043,-0.0109
1774945539.8518,0.0000,0.0000,0.0000,0.0000,0.0000,-3.1319,-0.2138,-0.5078,0.0061,-0.0043,-0.0119
1774945539.8712,0.0000,0.0000,0.0000,0.0000,0.0000,-3.1313,-0.2135,-0.2086,0.0019,-0.0033,-0.0109
1774945539.8913,0.0000,0.0000,0.0000,0.0000,0.0000,-3.1305,-0.2135,-0.4145,0.0040,-0.0033,-0.0130
1774945539.9113,0.0000,0.0000,0.0000,0.0000,0.0000,-3.1308,-0.2138,-0.1291,0.0019,-0.0033,-0.0109
1774945539.9314,0.0000,0.0000,0.0000,0.0000,0.0000,-3.1299,-0.2140,-0.2595,0.0040,-0.0033,-0.0119
1774945539.9514,0.0000,0.0000,0.0000,0.0000,0.0000,-3.1307,-0.2142,-0.7724,0.0008,-0.0043,-0.0109
1774945539.9712,0.0000,0.0000,0.0000,0.0000,0.0000,-3.1310,-0.2142,0.3727,0.0019,-0.0033,-0.0109
1774945539.9912,0.0000,0.0000,0.0000,0.0000,0.0000,-3.1312,-0.2141,0.5112,0.0050,-0.0043,-0.0119
1774945540.0113,0.0000,0.0000,0.0000,0.0000,0.0000,-3.1318,-0.2142,1.0152,0.0029,-0.0043,-0.0098
1774945540.0313,0.0000,0.0000,0.0000,0.0000,0.0000,-3.1315,-0.2139,-0.0443,0.0040,-0.0043,-0.0109
1774945540.0513,0.0000,0.0000,0.0000,0.0000,0.0000,-3.1319,-0.2140,-0.2092,0.0029,-0.0033,-0.0109
1774945540.0713,0.0000,0.0000,0.0000,0.0000,0.0000,-3.1308,-0.2139,1.5249,0.0040,-0.0043,-0.0119
1774945540.0913,0.0000,0.0000,0.0000,0.0000,0.0000,-3.1309,-0.2140,-0.6957,0.0029,-0.0043,-0.0119
1774945540.1112,0.0000,0.0000,0.0000,0.0000,0.0000,-3.1304,-0.2139,0.3016,0.0029,-0.0043,-0.0109
1774945540.1321,0.0000,0.0000,0.0000,0.0000,0.0000,-3.1304,-0.2139,-0.4183,0.0040,-0.0033,-0.0119
1774945540.1512,0.0000,0.0000,0.0000,0.0000,0.0000,-3.1308,-0.2141,0.3823,0.0019,-0.0043,-0.0109
1774945540.1713,0.0000,0.0000,0.0000,0.0000,0.0000,-3.1310,-0.2140,-0.5279,0.0050,-0.0033,-0.0109
1774945540.1913,0.0000,0.0000,0.0000,0.0000,0.0000,-3.1317,-0.2139,-0.8760,0.0040,-0.0043,-0.0109
1774945540.2113,0.0000,0.0000,0.0000,0.0000,0.0000,-3.1313,-0.2138,0.3380,0.0050,-0.0043,-0.0109
1774945540.2312,0.0000,0.0000,0.0000,0.0000,0.0000,-3.1313,-0.2138,0.2537,0.0029,-0.0054,-0.0109
1774945540.2512,0.0000,0.0000,0.0000,0.0000,0.0000,-3.1309,-0.2139,0.9345,0.0029,-0.0043,-0.0119
1774945540.2713,0.0000,0.0000,0.0000,0.0000,0.0000,-3.1308,-0.2139,-0.8347,0.0072,-0.0043,-0.0119
1774945540.2912,0.0000,0.0000,0.0000,0.0000,0.0000,-3.1315,-0.2140,-0.9600,0.0019,-0.0033,-0.0119
1774945540.3113,0.0000,0.0000,0.0000,0.0000,0.0000,-3.1308,-0.2138,1.1433,0.0029,-0.0033,-0.0087
1774945540.3312,0.0000,0.0000,0.0000,0.0000,0.0000,-3.1316,-0.2138,-0.8799,0.0029,-0.0043,-0.0119
1774945540.3512,0.0000,0.0000,0.0000,0.0000,0.0000,-3.1311,-0.2138,0.8514,0.0019,-0.0043,-0.0109
1774945540.3712,0.0000,0.0000,0.0000,0.0000,0.0000,-3.1310,-0.2137,0.0467,0.0029,-0.0043,-0.0130
1774945540.3913,0.0000,0.0000,0.0000,0.0000,0.0000,-3.1318,-0.2139,-0.1723,0.0019,-0.0033,-0.0109
1774945540.4113,0.0000,0.0000,0.0000,0.0000,0.0000,-3.1312,-0.2138,-0.5964,0.0050,-0.0043,-0.0119
1774945540.4313,0.0000,0.0000,0.0000,0.0000,0.0000,-3.1321,-0.2139,-0.4326,0.0008,-0.0033,-0.0109
1774945540.4512,0.0000,0.0000,0.0000,0.0000,0.0000,-3.1310,-0.2138,1.2051,0.0061,-0.0043,-0.0130
1774945540.4713,0.0000,0.0000,0.0000,0.0000,0.0000,-3.1312,-0.2140,0.9439,0.0029,-0.0043,-0.0119
1774945540.4913,0.0000,0.0000,0.0000,0.0000,0.0000,-3.1316,-0.2137,0.5223,0.0040,-0.0033,-0.0098
1774945540.5114,0.0000,0.0000,0.0000,0.0000,0.0000,-3.1309,-0.2137,-0.8182,0.0050,-0.0033,-0.0109
1774945540.5313,0.0000,0.0000,0.0000,0.0000,0.0000,-3.1315,-0.2141,-0.1243,0.0008,-0.0043,-0.0109
1774945540.5512,0.0000,0.0000,0.0000,0.0000,0.0000,-3.1310,-0.2139,1.4178,0.0061,-0.0043,-0.0119
1774945540.5712,0.0000,0.0000,0.0000,0.0000,0.0000,-3.1316,-0.2139,-0.8341,0.0029,-0.0043,-0.0119
1774945540.5912,0.0000,0.0000,0.0000,0.0000,0.0000,-3.1315,-0.2139,0.0000,0.0029,-0.0043,-0.0119
1774945540.6112,0.0000,0.0000,0.0000,0.0000,0.0000,-3.1314,-0.2137,-0.3770,0.0050,-0.0043,-0.0119
1774945540.6312,0.0000,0.0000,0.0000,0.0000,0.0000,-3.1320,-0.2137,-0.4195,0.0019,-0.0043,-0.0119
1774945540.6512,0.0000,0.0000,0.0000,0.0000,0.0000,-3.1310,-0.2139,0.3300,0.0040,-0.0043,-0.0098
1774945540.6712,0.0000,0.0000,0.0000,0.0000,0.0000,-3.1320,-0.2139,-1.4729,0.0029,-0.0043,-0.0109
1774945540.6913,0.0000,0.0000,0.0000,0.0000,0.0000,-3.1317,-0.2138,0.3348,0.0029,-0.0043,-0.0109
1774945540.7113,0.0000,0.0000,0.0000,0.0000,0.0000,-3.1314,-0.2137,0.8392,0.0050,-0.0022,-0.0130
1774945540.7312,0.0000,0.0000,0.0000,0.0000,0.0000,-3.1316,-0.2137,0.6825,0.0019,-0.0054,-0.0119
1774945540.7513,0.0000,0.0000,0.0000,0.0000,0.0000,-3.1310,-0.2137,-0.6875,0.0050,-0.0033,-0.0130
1774945540.7712,0.0000,0.0000,0.0000,0.0000,0.0000,-3.1316,-0.2137,-0.4129,0.0019,-0.0033,-0.0119
1774945540.7912,0.0000,0.0000,0.0000,0.0000,0.0000,-3.1309,-0.2138,0.3335,0.0019,-0.0043,-0.0119
1774945540.8112,0.0000,0.0000,0.0000,0.0000,0.0000,-3.1317,-0.2136,-1.9192,0.0040,-0.0043,-0.0109
1774945540.8312,0.0000,0.0000,0.0000,0.0000,0.0000,-3.1314,-0.2137,0.0425,0.0040,-0.0033,-0.0109
1774945540.8512,0.0000,0.0000,0.0000,0.0000,0.0000,-3.1313,-0.2137,-0.1302,0.0029,-0.0033,-0.0119
1774945540.8712,0.0000,0.0000,0.0000,0.0000,0.0000,-3.1315,-0.2138,0.8621,0.0029,-0.0033,-0.0098
1774945540.8912,0.0000,0.0000,0.0000,0.0000,0.0000,-3.1309,-0.2138,0.5073,0.0050,-0.0043,-0.0130
1774945540.9112,0.0000,0.0000,0.0000,0.0000,0.0000,-3.1316,-0.2140,-1.0315,0.0019,-0.0043,-0.0119
1774945540.9313,0.0000,0.0000,0.0000,0.0000,0.0000,-3.1312,-0.2139,1.4011,0.0029,-0.0033,-0.0119
1774945540.9513,0.0000,0.0000,0.0000,0.0000,0.0000,-3.1316,-0.2138,-0.0873,0.0029,-0.0033,-0.0098
1774945540.9712,0.0000,0.0000,0.0000,0.0000,0.0000,-3.1316,-0.2139,0.2580,0.0008,-0.0033,-0.0109
1774945540.9912,0.0000,0.0000,0.0000,0.0000,0.0000,-3.1314,-0.2137,-0.7074,0.0040,-0.0022,-0.0098
1774945541.0113,0.0000,0.0000,0.0000,0.0000,0.0000,-3.1320,-0.2140,-0.6319,0.0008,-0.0043,-0.0119
1774945541.0312,0.0000,0.0000,0.0000,0.0000,0.0000,-3.1312,-0.2139,0.5895,0.0040,-0.0054,-0.0141
1774945541.0512,0.0000,0.0000,0.0000,0.0000,0.0000,-3.1317,-0.2139,-0.7083,0.0029,-0.0043,-0.0130
1774945541.0713,0.0000,0.0000,0.0000,0.0000,0.0000,-3.1313,-0.2140,0.4735,0.0050,-0.0043,-0.0119
1774945541.0912,0.0000,0.0000,0.0000,0.0000,0.0000,-3.1313,-0.2139,0.8423,0.0040,-0.0022,-0.0109
1774945541.1114,0.0000,0.0000,0.0000,0.0000,0.0000,-3.1319,-0.2143,1.9140,0.0019,-0.0022,-0.0119
1774945541.1317,0.0000,0.0000,0.0000,0.0000,0.0000,-3.1314,-0.2141,1.1526,0.0061,-0.0043,-0.0109
1774945541.1513,0.0000,0.0000,0.0000,0.0000,0.0000,-3.1321,-0.2142,-1.6451,-0.0003,-0.0022,-0.0109
1774945541.1713,0.0000,0.0000,0.0000,0.0000,0.0000,-3.1317,-0.2141,0.3125,0.0061,-0.0043,-0.0119
1774945541.1912,0.0000,0.0000,0.0000,0.0000,0.0000,-3.1318,-0.2140,-0.3759,0.0061,-0.0043,-0.0130
1774945541.2112,0.0000,0.0000,0.0000,0.0000,0.0000,-3.1318,-0.2139,0.2942,0.0029,-0.0033,-0.0109
1774945541.2312,0.0000,0.0000,0.0000,0.0000,0.0000,-3.1314,-0.2138,-0.5929,0.0050,-0.0022,-0.0130
1774945541.2513,0.0000,0.0000,0.0000,0.0000,0.0000,-3.1320,-0.2139,-0.3157,0.0008,-0.0033,-0.0119
1774945541.2713,0.0000,0.0000,0.0000,0.0000,0.0000,-3.1314,-0.2139,1.1967,0.0029,-0.0043,-0.0098
1774945541.2913,0.0000,0.0000,0.0000,0.0000,0.0000,-3.1321,-0.2139,0.0000,0.0029,-0.0043,-0.0109
1774945541.3113,0.0000,0.0000,0.0000,0.0000,0.0000,-3.1317,-0.2139,0.6288,0.0029,-0.0054,-0.0109
1774945541.3312,0.0000,0.0000,0.0000,0.0000,0.0000,-3.1313,-0.2139,-0.0425,0.0061,-0.0033,-0.0109
1774945541.3513,0.0000,0.0000,0.0000,0.0000,0.0000,-3.1318,-0.2139,0.2538,0.0029,-0.0033,-0.0109
1774945541.3712,0.0000,0.0000,0.0000,0.0000,0.0000,-3.1312,-0.2138,-0.7065,0.0040,-0.0033,-0.0109
1774945541.3913,0.0000,0.0000,0.0000,0.0000,0.0000,-3.1318,-0.2140,-1.9182,0.0029,-0.0033,-0.0119
1774945541.4113,0.0000,0.0000,0.0000,0.0000,0.0000,-3.1312,-0.2138,0.2567,0.0040,-0.0033,-0.0109
1774945541.4312,0.0000,0.0000,0.0000,0.0000,0.0000,-3.1313,-0.2141,0.0000,0.0029,-0.0033,-0.0109
1774945541.4522,0.0000,0.0000,0.0000,0.0000,0.0000,-3.1314,-0.2139,1.4961,0.0029,-0.0043,-0.0130
1774945541.4715,0.0000,0.0000,0.0000,0.0000,0.0000,-3.1316,-0.2138,-1.3098,0.0019,-0.0043,-0.0109
1774945541.4921,0.0000,0.0000,0.0000,0.0000,0.0000,-3.1311,-0.2139,0.3772,0.0019,-0.0043,-0.0098
1774945541.5113,0.0000,0.0000,0.0000,0.0000,0.0000,-3.1308,-0.2138,-2.0639,0.0072,-0.0033,-0.0098
1774945541.5313,0.0000,0.0000,0.0000,0.0000,0.0000,-3.1314,-0.2138,-1.2505,0.0040,-0.0033,-0.0130
1774945541.5512,0.0000,0.0000,0.0000,0.0000,0.0000,-3.1311,-0.2138,-0.5848,0.0029,-0.0033,-0.0109
1774945541.5712,0.0000,0.0000,0.0000,0.0000,0.0000,-3.1314,-0.2135,-2.3614,0.0029,-0.0033,-0.0109
1774945541.5912,0.0000,0.0000,0.0000,0.0000,0.0000,-3.1316,-0.2137,-1.6710,0.0029,-0.0022,-0.0119
1774945541.6116,0.0000,0.0000,0.0000,0.0000,0.0000,-3.1314,-0.2135,0.8818,0.0040,-0.0033,-0.0119
1774945541.6312,0.0000,0.0000,0.0000,0.0000,0.0000,-3.1318,-0.2141,-0.0417,0.0019,-0.0033,-0.0130
1774945541.6519,0.0000,0.0000,0.0000,0.0000,0.0000,-3.1311,-0.2142,3.5924,0.0040,-0.0043,-0.0098
1774945541.6712,0.0000,0.0000,0.0000,0.0000,0.0000,-3.1318,-0.2138,1.6734,0.0029,-0.0043,-0.0119
1774945541.6912,0.0000,0.0000,0.0000,0.0000,0.0000,-3.1317,-0.2138,-0.2101,0.0040,-0.0033,-0.0109
1774945541.7113,0.0000,0.0000,0.0000,0.0000,0.0000,-3.1312,-0.2137,-1.1134,0.0050,-0.0043,-0.0119
1774945541.7312,0.0000,0.0000,0.0000,0.0000,0.0000,-3.1322,-0.2138,-2.4692,0.0019,-0.0033,-0.0119
1774945541.7513,0.0000,0.0000,0.0000,0.0000,0.0000,-3.1312,-0.2137,0.5759,0.0061,-0.0043,-0.0109
1774945541.7712,0.0000,0.0000,0.0000,0.0000,0.0000,-3.1316,-0.2137,-0.6802,0.0050,-0.0033,-0.0130
1774945541.7912,0.0000,0.0000,0.0000,0.0000,0.0000,-3.1313,-0.2139,0.7481,0.0040,-0.0033,-0.0109
1774945541.8112,0.0000,0.0000,0.0000,0.0000,0.0000,-3.1311,-0.2134,-0.0846,0.0040,-0.0043,-0.0119
1774945541.8312,0.0000,0.0000,0.0000,0.0000,0.0000,-3.1317,-0.2129,0.4827,-0.0013,-0.0097,-0.0098
1774945541.8512,0.0000,0.0000,0.0000,0.0000,0.0000,-3.1296,-0.2145,2.0730,0.0019,-0.0054,-0.0119
1774945541.8712,0.0000,0.0000,0.0000,0.0000,0.0000,-3.1288,-0.2159,-0.4672,0.0040,-0.0043,-0.0119
1774945541.8913,0.0000,0.0000,0.0000,0.0000,0.0000,-3.1293,-0.2156,0.3492,-0.0003,-0.0065,-0.0141
1774945541.9112,0.0000,0.0000,0.0000,0.0000,0.0000,-3.1305,-0.2147,-1.1510,-0.0003,-0.0065,-0.0141
1774945541.9317,0.0000,0.0000,0.0000,0.0000,0.0000,-3.1305,-0.2145,1.6429,0.0019,-0.0043,-0.0119
1774945541.9514,0.0000,0.0000,0.0000,0.0000,0.0000,-3.1318,-0.2134,0.0899,0.0029,-0.0043,-0.0098
1774945541.9714,0.0000,0.0000,0.0000,0.0000,0.0000,-3.1343,-0.2127,-1.8322,0.0040,-0.0043,-0.0109
1774945541.9912,0.0000,0.0000,0.0000,0.0000,0.0000,-3.1346,-0.2129,1.1824,0.0050,-0.0033,-0.0109
1774945542.0121,0.0000,0.0000,0.0000,0.0000,0.0000,-3.1344,-0.2129,0.0000,0.0019,-0.0022,-0.0087
1774945542.0314,0.0000,0.0000,0.0000,0.0000,0.0000,-3.1323,-0.2127,1.1669,0.0008,-0.0033,-0.0119
1774945542.0513,0.0000,0.0000,0.0000,0.0000,0.0000,-3.1304,-0.2134,-0.0843,0.0072,-0.0033,-0.0119
1774945542.0713,0.0000,0.0000,0.0000,0.0000,0.0000,-3.1302,-0.2139,-0.9924,0.0019,-0.0043,-0.0098
1774945542.0912,0.0000,0.0000,0.0000,0.0000,0.0000,-3.1292,-0.2134,0.5836,0.0008,-0.0043,-0.0098
1774945542.1118,0.0000,0.0000,0.0000,0.0000,0.0000,-3.1291,-0.2136,-0.7080,0.0040,-0.0054,-0.0109
1774945542.1313,0.0000,0.0000,0.0000,0.0000,0.0000,-3.1302,-0.2137,0.8285,0.0008,-0.0033,-0.0109
1774945542.1513,0.0000,0.0000,0.0000,0.0000,0.0000,-3.1318,-0.2134,-0.5357,0.0029,-0.0022,-0.0119
1774945542.1712,0.0000,0.0000,0.0000,0.0000,0.0000,-3.1334,-0.2130,-0.2155,0.0019,-0.0033,-0.0109
1774945542.1912,0.0000,0.0000,0.0000,0.0000,0.0000,-3.1338,-0.2127,-0.3723,0.0029,-0.0033,-0.0109
1774945542.2121,0.0000,0.0000,0.0000,0.0000,0.0000,-3.1338,-0.2132,-0.7257,0.0029,-0.0022,-0.0098
1774945542.2313,0.0000,0.0000,0.0000,0.0000,0.0000,-3.1322,-0.2137,0.8440,0.0082,-0.0012,-0.0098
1774945542.2519,0.0000,0.0000,0.0000,0.0000,0.0000,-3.1328,-0.2136,-0.1360,0.0072,-0.0012,-0.0109
1774945542.2714,0.0000,0.0000,0.0000,0.0000,0.0000,-3.1330,-0.2136,2.4147,0.0040,-0.0022,-0.0119
1774945542.2913,0.0000,0.0000,0.0000,0.0000,0.0000,-3.1325,-0.2136,-0.4202,0.0072,-0.0033,-0.0109
1774945542.3114,0.0000,0.0000,0.0000,0.0000,0.0000,-3.1322,-0.2142,-0.1768,0.0040,-0.0022,-0.0098
1774945542.3312,0.0000,0.0000,0.0000,0.0000,0.0000,-3.1320,-0.2135,1.1014,0.0040,-0.0033,-0.0109
1774945542.3520,0.0000,0.0000,0.0000,0.0000,0.0000,-3.1314,-0.2136,-1.2917,0.0019,-0.0022,-0.0098
1774945542.3714,0.0000,0.0000,0.0000,0.0000,0.0000,-3.1314,-0.2134,0.0826,0.0061,-0.0033,-0.0119
1774945542.3912,0.0000,0.0000,0.0000,0.0000,0.0000,-3.1320,-0.2133,-1.1283,0.0050,-0.0033,-0.0109
1774945542.4113,0.0000,0.0000,0.0000,0.0000,0.0000,-3.1318,-0.2140,0.6760,0.0029,-0.0054,-0.0098
1774945542.4313,0.0000,0.0000,0.0000,0.0000,0.0000,-3.1310,-0.2145,0.9509,0.0082,-0.0043,-0.0119
1774945542.4515,0.0000,0.0000,0.0000,0.0000,0.0000,-3.1321,-0.2142,-0.4577,0.0029,-0.0054,-0.0141
1774945542.4716,0.0000,0.0000,0.0000,0.0000,0.0000,-3.1315,-0.2139,0.9264,0.0019,-0.0065,-0.0130
1774945542.4913,0.0000,0.0000,0.0000,0.0000,0.0000,-3.1312,-0.2138,1.1466,0.0008,-0.0065,-0.0130
1774945542.5113,0.0000,0.0000,0.0000,0.0000,0.0000,-3.1315,-0.2140,0.7435,0.0008,-0.0065,-0.0130
1774945542.5317,0.0000,0.0000,0.0000,0.0000,0.0000,-3.1312,-0.2142,-1.2145,0.0029,-0.0065,-0.0141
1774945542.5513,0.0000,0.0000,0.0000,0.0000,0.0000,-3.1321,-0.2136,-2.2726,-0.0013,-0.0065,-0.0130
1774945542.5712,0.0000,0.0000,0.0000,0.0000,0.0000,-3.1311,-0.2136,1.4683,0.0019,-0.0065,-0.0130
1774945542.5914,0.0000,0.0000,0.0000,0.0000,0.0000,-3.1318,-0.2135,-0.4654,0.0019,-0.0065,-0.0119
1774945542.6113,0.0000,0.0000,0.0000,0.0000,0.0000,-3.1322,-0.2133,0.0422,-0.0003,-0.0065,-0.0109
1774945542.6312,0.0000,0.0000,0.0000,0.0000,0.0000,-3.1323,-0.2135,-0.7117,0.0019,-0.0043,-0.0141
1774945542.6512,0.0000,0.0000,0.0000,0.0000,0.0000,-3.1340,-0.2137,0.0898,0.0019,-0.0043,-0.0109
1774945542.6718,0.0000,0.0000,0.0000,0.0000,0.0000,-3.1348,-0.2134,0.9513,0.0050,-0.0043,-0.0098
1774945542.6913,0.0000,0.0000,0.0000,0.0000,0.0000,-3.1359,-0.2135,-0.4520,0.0040,-0.0043,-0.0119
1774945542.7115,0.0000,0.0000,0.0000,0.0000,0.0000,-3.1345,-0.2134,0.9755,0.0040,-0.0033,-0.0109
1774945542.7315,0.0000,0.0000,0.0000,0.0000,0.0000,-3.1336,-0.2134,-1.9309,0.0029,-0.0054,-0.0109
1774945542.7513,0.0000,0.0000,0.0000,0.0000,0.0000,-3.1310,-0.2132,0.4963,0.0040,-0.0054,-0.0119
1774945542.7713,0.0000,0.0000,0.0000,0.0000,0.0000,-3.1298,-0.2135,-0.9517,0.0040,-0.0033,-0.0119
1774945542.7913,0.0000,0.0000,0.0000,0.0000,0.0000,-3.1305,-0.2135,-0.2973,0.0019,-0.0054,-0.0119
1774945542.8112,0.0000,0.0000,0.0000,0.0000,0.0000,-3.1306,-0.2135,1.2462,0.0040,-0.0033,-0.0119
1774945542.8312,0.0000,0.0000,0.0000,0.0000,0.0000,-3.1316,-0.2135,-0.1259,0.0029,-0.0033,-0.0098
1774945542.8514,0.0000,0.0000,0.0000,0.0000,0.0000,-3.1321,-0.2135,0.7322,0.0040,-0.0043,-0.0098
1774945542.8712,0.0000,0.0000,0.0000,0.0000,0.0000,-3.1332,-0.2130,-0.4560,0.0050,-0.0033,-0.0109
1774945542.8913,0.0000,0.0000,0.0000,0.0000,0.0000,-3.1340,-0.2130,-0.4803,0.0040,-0.0033,-0.0098
1774945542.9114,0.0000,0.0000,0.0000,0.0000,0.0000,-3.1330,-0.2128,0.3347,0.0050,-0.0033,-0.0130
1774945542.9369,0.0000,0.0000,0.0000,0.0000,0.0000,-3.1328,-0.2130,-0.1167,0.0019,-0.0043,-0.0119
1774945542.9514,0.0000,0.0000,0.0000,0.0000,0.0000,-3.1314,-0.2130,1.2184,0.0029,-0.0022,-0.0109
1774945542.9712,0.0000,0.0000,0.0000,0.0000,0.0000,-3.1312,-0.2133,0.0433,0.0008,-0.0033,-0.0098
1774945542.9912,0.0000,0.0000,0.0000,0.0000,0.0000,-3.1309,-0.2136,0.3283,0.0050,-0.0033,-0.0130
1774945543.0121,0.0000,0.0000,0.0000,0.0000,0.0000,-3.1307,-0.2135,-0.4151,0.0050,-0.0033,-0.0109
1774945543.0312,0.0000,0.0000,0.0000,0.0000,0.0000,-3.1320,-0.2134,-0.6345,0.0019,-0.0033,-0.0109
1774945543.0513,0.0000,0.0000,0.0000,0.0000,0.0000,-3.1319,-0.2132,0.7238,0.0040,-0.0033,-0.0119
1774945543.0713,0.0000,0.0000,0.0000,0.0000,0.0000,-3.1332,-0.2131,0.1312,0.0029,-0.0033,-0.0109
1774945543.0913,0.0000,0.0000,0.0000,0.0000,0.0000,-3.1331,-0.2132,0.3773,0.0029,-0.0043,-0.0098
1774945543.1113,0.0000,0.0000,0.0000,0.0000,0.0000,-3.1328,-0.2132,-0.2978,0.0050,-0.0043,-0.0109
1774945543.1312,0.0000,0.0000,0.0000,0.0000,0.0000,-3.1327,-0.2134,0.0840,0.0029,-0.0043,-0.0098
1774945543.1512,0.0000,0.0000,0.0000,0.0000,0.0000,-3.1313,-0.2134,0.0435,0.0072,-0.0033,-0.0130
1774945543.1713,0.0000,0.0000,0.0000,0.0000,0.0000,-3.1316,-0.2136,-1.8587,0.0008,-0.0033,-0.0109
1774945543.1913,0.0000,0.0000,0.0000,0.0000,0.0000,-3.1306,-0.2136,0.4652,0.0040,-0.0043,-0.0119
1774945543.2118,0.0000,0.0000,0.0000,0.0000,0.0000,-3.1313,-0.2135,-1.2790,0.0040,-0.0043,-0.0119
1774945543.2315,0.0000,0.0000,0.0000,0.0000,0.0000,-3.1319,-0.2136,1.2297,0.0008,-0.0033,-0.0109
1774945543.2513,0.0000,0.0000,0.0000,0.0000,0.0000,-3.1316,-0.2137,0.7992,0.0061,-0.0033,-0.0119
1774945543.2713,0.0000,0.0000,0.0000,0.0000,0.0000,-3.1332,-0.2137,0.3727,0.0008,-0.0054,-0.0130
1774945543.2912,0.0000,0.0000,0.0000,0.0000,0.0000,-3.1326,-0.2136,1.0589,0.0061,-0.0054,-0.0119
1774945543.3113,0.0000,0.0000,0.0000,0.0000,0.0000,-3.1331,-0.2133,-1.5727,0.0040,-0.0033,-0.0109
1774945543.3313,0.0000,0.0000,0.0000,0.0000,0.0000,-3.1327,-0.2130,-0.7045,0.0029,-0.0033,-0.0098
1774945543.3513,0.0000,0.0000,0.0000,0.0000,0.0000,-3.1319,-0.2127,-0.0412,0.0029,-0.0033,-0.0130
1774945543.3714,0.0000,0.0000,0.0000,0.0000,0.0000,-3.1319,-0.2118,-1.3240,0.0093,-0.0150,-0.0087
1774945543.3913,0.0000,0.0000,0.0000,0.0000,0.0000,-3.1342,-0.2132,-1.4280,0.0061,-0.0075,-0.0098
1774945543.4113,0.0000,0.0000,0.0000,0.0000,0.0000,-3.1348,-0.2142,-1.0785,-0.0024,0.0010,-0.0109
1774945543.4313,0.0000,0.0000,0.0000,0.0000,0.0000,-3.1326,-0.2127,1.1343,0.0104,-0.0054,-0.0098
1774945543.4514,0.0000,0.0000,0.0000,0.0000,0.0000,-3.1313,-0.2128,-3.4505,0.0061,-0.0075,-0.0109
1774945543.4712,0.0000,0.0000,0.0000,0.0000,0.0000,-3.1305,-0.2140,2.4954,-0.0024,-0.0022,-0.0141
1774945543.4912,0.0000,0.0000,0.0000,0.0000,0.0000,-3.1282,-0.2132,0.8504,0.0019,-0.0033,-0.0098
1774945543.5112,0.0000,0.0000,0.0000,0.0000,0.0000,-3.1299,-0.2130,-1.3332,0.0029,-0.0054,-0.0109
1774945543.5313,0.0000,0.0000,0.0000,0.0000,0.0000,-3.1316,-0.2140,0.3045,-0.0003,-0.0022,-0.0119
1774945543.5512,0.0000,0.0000,0.0000,0.0000,0.0000,-3.1323,-0.2140,-0.3003,0.0019,-0.0012,-0.0109
1774945543.5713,0.0000,0.0000,0.0000,0.0000,0.0000,-3.1331,-0.2130,-0.6769,0.0029,-0.0054,-0.0098
1774945543.5912,0.0000,0.0000,0.0000,0.0000,0.0000,-3.1337,-0.2134,-0.4989,0.0029,-0.0043,-0.0119
1774945543.6113,0.0000,0.0000,0.0000,0.0000,0.0000,-3.1336,-0.2138,1.0512,0.0019,-0.0033,-0.0130
1774945543.6314,0.0000,0.0000,0.0000,0.0000,0.0000,-3.1334,-0.2131,-0.7436,0.0061,-0.0022,-0.0130
1774945543.6513,0.0000,0.0000,0.0000,0.0000,0.0000,-3.1335,-0.2128,-1.1443,0.0029,-0.0043,-0.0119
1774945543.6713,0.0000,0.0000,0.0000,0.0000,0.0000,-3.1314,-0.2132,1.5444,0.0050,-0.0043,-0.0109
1774945543.6922,0.0000,0.0000,0.0000,0.0000,0.0000,-3.1304,-0.2133,0.2168,0.0050,-0.0033,-0.0098
1774945543.7141,0.0000,0.0000,0.0000,0.0000,0.0000,-3.1298,-0.2133,1.0157,0.0040,-0.0033,-0.0109
1774945543.7313,0.0000,0.0000,0.0000,0.0000,0.0000,-3.1298,-0.2131,-1.0125,0.0019,-0.0043,-0.0109
1774945543.7513,0.0000,0.0000,0.0000,0.0000,0.0000,-3.1315,-0.2132,-1.3189,-0.0003,-0.0033,-0.0109
1774945543.7714,0.0000,0.0000,0.0000,0.0000,0.0000,-3.1322,-0.2127,0.5473,0.0040,-0.0054,-0.0119
1774945543.7913,0.0000,0.0000,0.0000,0.0000,0.0000,-3.1335,-0.2127,-1.0710,0.0029,-0.0033,-0.0119
1774945543.8113,0.0000,0.0000,0.0000,0.0000,0.0000,-3.1335,-0.2128,-0.1729,0.0040,-0.0043,-0.0109
1774945543.8313,0.0000,0.0000,0.0000,0.0000,0.0000,-3.1332,-0.2124,-0.4184,0.0061,-0.0033,-0.0119
1774945543.8512,0.0000,0.0000,0.0000,0.0000,0.0000,-3.1336,-0.2127,0.9238,0.0029,-0.0043,-0.0087
1774945543.8713,0.0000,0.0000,0.0000,0.0000,0.0000,-3.1321,-0.2137,-0.4911,0.0061,-0.0033,-0.0130
1774945543.8981,0.0000,0.0000,0.0000,0.0000,0.0000,-3.1324,-0.2139,-0.8497,0.0029,-0.0043,-0.0109
1774945543.9113,0.0000,0.0000,0.0000,0.0000,0.0000,-3.1321,-0.2135,1.5846,0.0019,-0.0043,-0.0119
1774945543.9318,0.0000,0.0000,0.0000,0.0000,0.0000,-3.1310,-0.2139,0.0000,0.0029,-0.0043,-0.0130
1774945543.9513,0.0000,0.0000,0.0000,0.0000,0.0000,-3.1315,-0.2137,0.8758,0.0029,-0.0033,-0.0109
1774945543.9715,0.0000,0.0000,0.0000,0.0000,0.0000,-3.1320,-0.2133,0.6765,0.0061,-0.0054,-0.0130
1774945543.9918,0.0000,0.0000,0.0000,0.0000,0.0000,-3.1334,-0.2134,-1.1422,0.0040,-0.0033,-0.0119
1774945544.0112,0.0000,0.0000,0.0000,0.0000,0.0000,-3.1335,-0.2132,1.0681,0.0061,-0.0043,-0.0098
1774945544.0312,0.0000,0.0000,0.0000,0.0000,0.0000,-3.1342,-0.2131,-0.9271,0.0040,-0.0054,-0.0130
1774945544.0513,0.0000,0.0000,0.0000,0.0000,0.0000,-3.1328,-0.2133,-0.5620,0.0029,-0.0043,-0.0109
1774945544.0713,0.0000,0.0000,0.0000,0.0000,0.0000,-3.1316,-0.2131,-0.0425,0.0061,-0.0033,-0.0130
1774945544.0913,0.0000,0.0000,0.0000,0.0000,0.0000,-3.1312,-0.2133,1.3542,0.0019,-0.0033,-0.0109
1774945544.1113,0.0000,0.0000,0.0000,0.0000,0.0000,-3.1304,-0.2137,0.2974,0.0061,-0.0043,-0.0109
1774945544.1313,0.0000,0.0000,0.0000,0.0000,0.0000,-3.1314,-0.2135,-0.2901,0.0029,-0.0033,-0.0119
1774945544.1513,0.0000,0.0000,0.0000,0.0000,0.0000,-3.1314,-0.2132,1.1892,0.0019,-0.0043,-0.0119
1774945544.1713,0.0000,0.0000,0.0000,0.0000,0.0000,-3.1321,-0.2133,-1.0997,0.0029,-0.0043,-0.0119
1774945544.1913,0.0000,0.0000,0.0000,0.0000,0.0000,-3.1326,-0.2131,0.2505,0.0040,-0.0033,-0.0119
1774945544.2126,0.0000,0.0000,0.0000,0.0000,0.0000,-3.1326,-0.2128,-1.0731,0.0050,-0.0043,-0.0109
1774945544.2316,0.0000,0.0000,0.0000,0.0000,0.0000,-3.1331,-0.2131,-1.6626,0.0029,-0.0043,-0.0109
1774945544.2517,0.0000,0.0000,0.0000,0.0000,0.0000,-3.1320,-0.2129,1.2968,0.0050,-0.0022,-0.0087
1774945544.2713,0.0000,0.0000,0.0000,0.0000,0.0000,-3.1324,-0.2127,0.2117,0.0040,-0.0054,-0.0098
1774945544.2913,0.0000,0.0000,0.0000,0.0000,0.0000,-3.1318,-0.2134,0.9041,0.0050,-0.0043,-0.0119
1774945544.3113,0.0000,0.0000,0.0000,0.0000,0.0000,-3.1311,-0.2134,0.9182,0.0050,-0.0033,-0.0109
1774945544.3313,0.0000,0.0000,0.0000,0.0000,0.0000,-3.1316,-0.2132,1.0209,0.0029,-0.0033,-0.0119
1774945544.3513,0.0000,0.0000,0.0000,0.0000,0.0000,-3.1314,-0.2128,0.0420,0.0029,-0.0033,-0.0109
1774945544.3713,0.0000,0.0000,0.0000,0.0000,0.0000,-3.1326,-0.2135,-0.4352,0.0029,-0.0033,-0.0109
1774945544.3913,0.0000,0.0000,0.0000,0.0000,0.0000,-3.1324,-0.2133,0.1286,0.0040,-0.0033,-0.0098
1774945544.4113,0.0000,0.0000,0.0000,0.0000,0.0000,-3.1324,-0.2133,-0.2060,0.0040,-0.0022,-0.0109
1774945544.4312,0.0000,0.0000,0.0000,0.0000,0.0000,-3.1327,-0.2133,0.3454,0.0029,-0.0054,-0.0109
1774945544.4514,0.0000,0.0000,0.0000,0.0000,0.0000,-3.1318,-0.2128,0.0000,0.0029,-0.0033,-0.0130
1774945544.4713,0.0000,0.0000,0.0000,0.0000,0.0000,-3.1316,-0.2135,-1.8196,0.0029,-0.0033,-0.0109
1774945544.4913,0.0000,0.0000,0.0000,0.0000,0.0000,-3.1315,-0.2135,1.9236,0.0029,-0.0043,-0.0087
1774945544.5112,0.0000,0.0000,0.0000,0.0000,0.0000,-3.1335,-0.2137,-0.7189,0.0029,-0.0033,-0.0119
1774945544.5313,0.0000,0.0000,0.0000,0.0000,0.0000,-3.1338,-0.2128,1.9844,0.0029,-0.0033,-0.0130
1774945544.5527,0.0000,0.0000,0.0000,0.0000,0.0000,-3.1315,-0.2129,1.1558,0.0050,-0.0043,-0.0109
1774945544.5712,0.0000,0.0000,0.0000,0.0000,0.0000,-3.1321,-0.2134,-0.1668,-0.0003,-0.0043,-0.0109
1774945544.5913,0.0000,0.0000,0.0000,0.0000,0.0000,-3.1318,-0.2135,1.0855,0.0040,-0.0033,-0.0119
1774945544.6113,0.0000,0.0000,0.0000,0.0000,0.0000,-3.1325,-0.2140,-1.2187,0.0050,-0.0043,-0.0119
1774945544.6313,0.0000,0.0000,0.0000,0.0000,0.0000,-3.1339,-0.2139,0.5129,0.0040,-0.0033,-0.0119
1774945544.6513,0.0000,0.0000,0.0000,0.0000,0.0000,-3.1331,-0.2129,0.6351,0.0050,-0.0033,-0.0119
1774945544.6713,0.0000,0.0000,0.0000,0.0000,0.0000,-3.1319,-0.2129,1.3218,0.0019,-0.0033,-0.0109
1774945544.6912,0.0000,0.0000,0.0000,0.0000,0.0000,-3.1313,-0.2131,0.0423,0.0050,-0.0022,-0.0130
1774945544.7113,0.0000,0.0000,0.0000,0.0000,0.0000,-3.1316,-0.2137,-0.9852,0.0029,-0.0033,-0.0098
1774945544.7318,0.0000,0.0000,0.0000,0.0000,0.0000,-3.1318,-0.2130,0.9894,0.0040,-0.0043,-0.0109
1774945544.7512,0.0000,0.0000,0.0000,0.0000,0.0000,-3.1303,-0.2126,-0.9577,0.0040,-0.0022,-0.0109
1774945544.7712,0.0000,0.0000,0.0000,0.0000,0.0000,-3.1309,-0.2127,0.3809,0.0019,-0.0043,-0.0109
1774945544.7913,0.0000,0.0000,0.0000,0.0000,0.0000,-3.1303,-0.2124,-1.2999,0.0040,-0.0022,-0.0130
1774945544.8112,0.0000,0.0000,0.0000,0.0000,0.0000,-3.1308,-0.2128,-1.3799,-0.0003,-0.0033,-0.0109
1774945544.8319,0.0000,0.0000,0.0000,0.0000,0.0000,-3.1308,-0.2127,-0.0842,0.0050,-0.0033,-0.0119
1774945544.8528,0.0000,0.0000,0.0000,0.0000,0.0000,-3.1315,-0.2128,0.9504,0.0040,-0.0033,-0.0098
1774945544.8713,0.0000,0.0000,0.0000,0.0000,0.0000,-3.1314,-0.2130,0.9165,0.0061,-0.0054,-0.0098
1774945544.8913,0.0000,0.0000,0.0000,0.0000,0.0000,-3.1314,-0.2129,0.2891,0.0050,-0.0022,-0.0109
1774945544.9113,0.0000,0.0000,0.0000,0.0000,0.0000,-3.1316,-0.2130,-0.2488,0.0019,-0.0033,-0.0109
1774945544.9324,0.0000,0.0000,0.0000,0.0000,0.0000,-3.1310,-0.2132,-0.9408,0.0040,-0.0033,-0.0109
1774945544.9513,0.0000,0.0000,0.0000,0.0000,0.0000,-3.1318,-0.2133,-1.8344,0.0019,-0.0033,-0.0119
1774945544.9713,0.0000,0.0000,0.0000,0.0000,0.0000,-3.1318,-0.2133,0.0824,0.0050,-0.0043,-0.0098
1774945544.9913,0.0000,0.0000,0.0000,0.0000,0.0000,-3.1323,-0.2133,0.4159,0.0040,-0.0033,-0.0109
1774945545.0118,0.0000,0.0000,0.0000,0.0000,0.0000,-3.1321,-0.2133,0.0000,0.0029,-0.0033,-0.0087
1774945545.0315,0.0000,0.0000,0.0000,0.0000,0.0000,-3.1322,-0.2134,-0.2102,0.0072,-0.0033,-0.0109
1774945545.0513,0.0000,0.0000,0.0000,0.0000,0.0000,-3.1326,-0.2132,-1.1795,0.0019,-0.0033,-0.0109
1774945545.0713,0.0000,0.0000,0.0000,0.0000,0.0000,-3.1316,-0.2129,0.8238,0.0050,-0.0043,-0.0119
1774945545.0918,0.0000,0.0000,0.0000,0.0000,0.0000,-3.1321,-0.2131,0.2486,0.0008,-0.0043,-0.0119
1774945545.1112,0.0000,0.0000,0.0000,0.0000,0.0000,-3.1317,-0.2135,-0.5554,0.0019,-0.0033,-0.0109
1774945545.1313,0.0000,0.0000,0.0000,0.0000,0.0000,-3.1315,-0.2132,-0.8178,0.0040,-0.0033,-0.0119
1774945545.1512,0.0000,0.0000,0.0000,0.0000,0.0000,-3.1324,-0.2134,-0.7976,0.0008,-0.0043,-0.0109
1774945545.1713,0.0000,0.0000,0.0000,0.0000,0.0000,-3.1315,-0.2136,1.2856,0.0072,-0.0033,-0.0109
1774945545.1913,0.0000,0.0000,0.0000,0.0000,0.0000,-3.1325,-0.2134,0.0000,0.0029,-0.0022,-0.0119
1774945545.2206,0.0000,0.0000,0.0000,0.0000,0.0000,-3.1321,-0.2132,0.0428,0.0029,-0.0043,-0.0109
1774945545.2318,0.0000,0.0000,0.0000,0.0000,0.0000,-3.1319,-0.2133,0.2912,0.0040,-0.0033,-0.0119
1774945545.2513,0.0000,0.0000,0.0000,0.0000,0.0000,-3.1323,-0.2131,0.5959,0.0029,-0.0043,-0.0109
1774945545.2712,0.0000,0.0000,0.0000,0.0000,0.0000,-3.1316,-0.2131,-0.2536,0.0061,-0.0043,-0.0109
1774945545.2912,0.0000,0.0000,0.0000,0.0000,0.0000,-3.1321,-0.2134,-0.0866,0.0029,-0.0022,-0.0130
1774945545.3115,0.0000,0.0000,0.0000,0.0000,0.0000,-3.1315,-0.2133,1.5417,0.0040,-0.0043,-0.0109
1774945545.3312,0.0000,0.0000,0.0000,0.0000,0.0000,-3.1320,-0.2130,0.1271,0.0072,-0.0054,-0.0141
1774945545.3513,0.0000,0.0000,0.0000,0.0000,0.0000,-3.1316,-0.2133,0.4721,0.0029,-0.0043,-0.0109
1774945545.3714,0.0000,0.0000,0.0000,0.0000,0.0000,-3.1311,-0.2131,0.2221,0.0040,-0.0022,-0.0109
1774945545.3912,0.0000,0.0000,0.0000,0.0000,0.0000,-3.1319,-0.2131,-0.9754,0.0019,-0.0033,-0.0119
1774945545.4113,0.0000,0.0000,0.0000,0.0000,0.0000,-3.1312,-0.2130,0.0829,0.0040,-0.0033,-0.0109
1774945545.4314,0.0000,0.0000,0.0000,0.0000,0.0000,-3.1316,-0.2130,0.0000,0.0019,-0.0022,-0.0109
1774945545.4512,0.0000,0.0000,0.0000,0.0000,0.0000,-3.1320,-0.2130,-0.6419,0.0040,-0.0033,-0.0119
1774945545.4721,0.0000,0.0000,0.0000,0.0000,0.0000,-3.1320,-0.2131,0.3442,0.0050,-0.0022,-0.0130
1774945545.4913,0.0000,0.0000,0.0000,0.0000,0.0000,-3.1322,-0.2132,1.2727,0.0029,-0.0033,-0.0109
1774945545.5113,0.0000,0.0000,0.0000,0.0000,0.0000,-3.1318,-0.2133,-0.0834,0.0040,-0.0033,-0.0098
1774945545.5318,0.0000,0.0000,0.0000,0.0000,0.0000,-3.1323,-0.2134,-0.6769,0.0040,-0.0043,-0.0130
1774945545.5516,0.0000,0.0000,0.0000,0.0000,0.0000,-3.1317,-0.2133,0.7516,0.0040,-0.0043,-0.0109
1774945545.5713,0.0000,0.0000,0.0000,0.0000,0.0000,-3.1323,-0.2133,-0.2054,0.0050,-0.0043,-0.0130
1774945545.5912,0.0000,0.0000,0.0000,0.0000,0.0000,-3.1322,-0.2131,0.2880,0.0040,-0.0043,-0.0098
1774945545.6113,0.0000,0.0000,0.0000,0.0000,0.0000,-3.1319,-0.2130,-0.4746,0.0040,-0.0033,-0.0109
1774945545.6317,0.0000,0.0000,0.0000,0.0000,0.0000,-3.1323,-0.2133,-0.2478,0.0040,-0.0043,-0.0119
1774945545.6513,0.0000,0.0000,0.0000,0.0000,0.0000,-3.1315,-0.2132,0.6701,0.0040,-0.0043,-0.0119
1774945545.6718,0.0000,0.0000,0.0000,0.0000,0.0000,-3.1325,-0.2132,-1.2341,0.0029,-0.0043,-0.0119
1774945545.6912,0.0000,0.0000,0.0000,0.0000,0.0000,-3.1317,-0.2131,0.6793,0.0040,-0.0033,-0.0098
1774945545.7112,0.0000,0.0000,0.0000,0.0000,0.0000,-3.1317,-0.2131,0.1699,0.0029,-0.0043,-0.0109
1774945545.7316,0.0000,0.0000,0.0000,0.0000,0.0000,-3.1320,-0.2130,0.2548,0.0040,-0.0043,-0.0119
1774945545.7516,0.0000,0.0000,0.0000,0.0000,0.0000,-3.1316,-0.2129,0.2558,0.0040,-0.0033,-0.0098
1774945545.7716,0.0000,0.0000,0.0000,0.0000,0.0000,-3.1322,-0.2131,-1.9354,0.0029,-0.0033,-0.0119
1774945545.7912,0.0000,0.0000,0.0000,0.0000,0.0000,-3.1314,-0.2130,0.7928,0.0040,-0.0033,-0.0109
1774945545.8112,0.0000,0.0000,0.0000,0.0000,0.0000,-3.1317,-0.2129,-0.6253,0.0029,-0.0043,-0.0119
1774945545.8315,0.0000,0.0000,0.0000,0.0000,0.0000,-3.1315,-0.2130,0.7280,0.0019,-0.0033,-0.0087
1774945545.8514,0.0000,0.0000,0.0000,0.0000,0.0000,-3.1315,-0.2130,-0.3441,0.0050,-0.0033,-0.0098
1774945545.8712,0.0000,0.0000,0.0000,0.0000,0.0000,-3.1323,-0.2131,0.4714,0.0029,-0.0022,-0.0119
1774945545.8951,0.0000,0.0000,0.0000,0.0000,0.0000,-3.1317,-0.2131,-1.1511,0.0050,-0.0033,-0.0119
1774945545.9112,0.0000,0.0000,0.0000,0.0000,0.0000,-3.1323,-0.2132,-1.1161,0.0040,-0.0033,-0.0109
1774945545.9318,0.0000,0.0000,0.0000,0.0000,0.0000,-3.1319,-0.2131,0.2546,0.0040,-0.0043,-0.0119
1774945545.9513,0.0000,0.0000,0.0000,0.0000,0.0000,-3.1317,-0.2130,0.3364,0.0050,-0.0033,-0.0119
1774945545.9713,0.0000,0.0000,0.0000,0.0000,0.0000,-3.1320,-0.2129,0.7098,0.0029,-0.0043,-0.0109
1774945545.9912,0.0000,0.0000,0.0000,0.0000,0.0000,-3.1315,-0.2131,-0.8131,0.0050,-0.0033,-0.0109
1774945546.0113,0.0000,0.0000,0.0000,0.0000,0.0000,-3.1324,-0.2132,-1.2008,0.0019,-0.0043,-0.0130
1774945546.0325,0.0000,0.0000,0.0000,0.0000,0.0000,-3.1318,-0.2131,0.8166,0.0040,-0.0054,-0.0119
1774945546.0513,0.0000,0.0000,0.0000,0.0000,0.0000,-3.1322,-0.2131,-0.2124,0.0050,-0.0043,-0.0119
1774945546.0713,0.0000,0.0000,0.0000,0.0000,0.0000,-3.1320,-0.2130,0.5088,0.0019,-0.0043,-0.0109
1774945546.0913,0.0000,0.0000,0.0000,0.0000,0.0000,-3.1318,-0.2131,-0.7763,0.0050,-0.0033,-0.0119
1774945546.1116,0.0000,0.0000,0.0000,0.0000,0.0000,-3.1322,-0.2133,0.3443,0.0040,-0.0043,-0.0109
1774945546.1330,0.0000,0.0000,0.0000,0.0000,0.0000,-3.1317,-0.2133,0.4298,0.0040,-0.0033,-0.0119
1774945546.1514,0.0000,0.0000,0.0000,0.0000,0.0000,-3.1323,-0.2134,-1.1354,0.0029,-0.0043,-0.0119
1774945546.1712,0.0000,0.0000,0.0000,0.0000,0.0000,-3.1319,-0.2133,0.7729,0.0040,-0.0054,-0.0098
1774945546.1913,0.0000,0.0000,0.0000,0.0000,0.0000,-3.1320,-0.2132,0.0000,0.0029,-0.0022,-0.0109
1774945546.2113,0.0000,0.0000,0.0000,0.0000,0.0000,-3.1320,-0.2131,0.3709,0.0050,-0.0043,-0.0119
1774945546.2312,0.0000,0.0000,0.0000,0.0000,0.0000,-3.1316,-0.2131,-0.4974,0.0050,-0.0033,-0.0109
1774945546.2513,0.0000,0.0000,0.0000,0.0000,0.0000,-3.1324,-0.2133,-1.0106,0.0019,-0.0022,-0.0109
1774945546.2718,0.0000,0.0000,0.0000,0.0000,0.0000,-3.1317,-0.2132,0.7727,0.0050,-0.0033,-0.0119
1774945546.2912,0.0000,0.0000,0.0000,0.0000,0.0000,-3.1320,-0.2132,-0.0420,0.0029,-0.0054,-0.0109
1774945546.3117,0.0000,0.0000,0.0000,0.0000,0.0000,-3.1315,-0.2132,0.9877,0.0040,-0.0043,-0.0119
1774945546.3312,0.0000,0.0000,0.0000,0.0000,0.0000,-3.1318,-0.2132,-0.6334,0.0050,-0.0033,-0.0109
1774945546.3513,0.0000,0.0000,0.0000,0.0000,0.0000,-3.1326,-0.2132,-0.1242,0.0019,-0.0033,-0.0119
1774945546.3717,0.0000,0.0000,0.0000,0.0000,0.0000,-3.1315,-0.2131,0.3407,0.0050,-0.0033,-0.0119
1774945546.3913,0.0000,0.0000,0.0000,0.0000,0.0000,-3.1324,-0.2132,-1.2508,0.0019,-0.0033,-0.0109
1774945546.4112,0.0000,0.0000,0.0000,0.0000,0.0000,-3.1318,-0.2131,0.7117,0.0029,-0.0043,-0.0109
1774945546.4322,0.0000,0.0000,0.0000,0.0000,0.0000,-3.1319,-0.2130,0.6370,0.0040,-0.0054,-0.0130
1774945546.4512,0.0000,0.0000,0.0000,0.0000,0.0000,-3.1320,-0.2133,0.7919,0.0040,-0.0033,-0.0098
1774945546.4718,0.0000,0.0000,0.0000,0.0000,0.0000,-3.1313,-0.2132,-0.3335,0.0061,-0.0033,-0.0119
1774945546.4914,0.0000,0.0000,0.0000,0.0000,0.0000,-3.1317,-0.2133,-0.8908,0.0019,-0.0043,-0.0109
1774945546.5122,0.0000,0.0000,0.0000,0.0000,0.0000,-3.1315,-0.2134,1.8165,0.0072,-0.0043,-0.0119
1774945546.5344,0.0000,0.0000,0.0000,0.0000,0.0000,-3.1317,-0.2134,-1.1584,0.0019,-0.0022,-0.0119
1774945546.5513,0.0000,0.0000,0.0000,0.0000,0.0000,-3.1320,-0.2131,-0.9325,0.0040,-0.0043,-0.0119
1774945546.5715,0.0000,0.0000,0.0000,0.0000,0.0000,-3.1318,-0.2129,-0.8054,0.0072,-0.0033,-0.0119
1774945546.5913,0.0000,0.0000,0.0000,0.0000,0.0000,-3.1321,-0.2132,0.8174,0.0029,-0.0043,-0.0109
1774945546.6112,0.0000,0.0000,0.0000,0.0000,0.0000,-3.1311,-0.2133,2.0040,0.0040,-0.0043,-0.0119
1774945546.6314,0.0000,0.0000,0.0000,0.0000,0.0000,-3.1324,-0.2132,0.2476,0.0040,-0.0043,-0.0119
1774945546.6518,0.0000,0.0000,0.0000,0.0000,0.0000,-3.1320,-0.2131,0.0000,0.0019,-0.0043,-0.0098
1774945546.6714,0.0000,0.0000,0.0000,0.0000,0.0000,-3.1316,-0.2129,-0.7267,0.0040,-0.0033,-0.0130
1774945546.6913,0.0000,0.0000,0.0000,0.0000,0.0000,-3.1323,-0.2130,-0.2723,0.0050,-0.0043,-0.0098
1774945546.7112,0.0000,0.0000,0.0000,0.0000,0.0000,-3.1320,-0.2131,-1.3686,0.0050,-0.0043,-0.0109
1774945546.7313,0.0000,0.0000,0.0000,0.0000,0.0000,-3.1325,-0.2132,-0.4679,0.0029,-0.0033,-0.0119
1774945546.7513,0.0000,0.0000,0.0000,0.0000,0.0000,-3.1316,-0.2131,1.6036,0.0029,-0.0043,-0.0119
1774945546.7713,0.0000,0.0000,0.0000,0.0000,0.0000,-3.1319,-0.2131,-0.1732,0.0040,-0.0043,-0.0119
1774945546.7913,0.0000,0.0000,0.0000,0.0000,0.0000,-3.1319,-0.2131,0.4176,0.0040,-0.0054,-0.0109
1774945546.8113,0.0000,0.0000,0.0000,0.0000,0.0000,-3.1320,-0.2131,-0.2092,0.0050,-0.0043,-0.0109
1774945546.8317,0.0000,0.0000,0.0000,0.0000,0.0000,-3.1321,-0.2133,-0.0435,0.0008,-0.0033,-0.0109
1774945546.8513,0.0000,0.0000,0.0000,0.0000,0.0000,-3.1315,-0.2132,-0.0416,0.0019,-0.0054,-0.0109
1774945546.8714,0.0000,0.0000,0.0000,0.0000,0.0000,-3.1323,-0.2133,-1.7511,0.0040,-0.0043,-0.0119
1774945546.8912,0.0000,0.0000,0.0000,0.0000,0.0000,-3.1319,-0.2133,1.0306,0.0029,-0.0033,-0.0109
1774945546.9114,0.0000,0.0000,0.0000,0.0000,0.0000,-3.1320,-0.2133,-0.5578,0.0040,-0.0022,-0.0119
1774945546.9319,0.0000,0.0000,0.0000,0.0000,0.0000,-3.1321,-0.2131,1.0148,0.0040,-0.0043,-0.0119
1774945546.9513,0.0000,0.0000,0.0000,0.0000,0.0000,-3.1317,-0.2130,0.0825,0.0029,-0.0033,-0.0109
1774945546.9713,0.0000,0.0000,0.0000,0.0000,0.0000,-3.1318,-0.2131,-1.7905,0.0029,-0.0043,-0.0130
1774945546.9927,0.0000,0.0000,0.0000,0.0000,0.0000,-3.1314,-0.2129,0.0000,0.0061,-0.0033,-0.0119
1774945547.0112,0.0000,0.0000,0.0000,0.0000,0.0000,-3.1315,-0.2131,-0.3090,0.0019,-0.0043,-0.0119
1774945547.0314,0.0000,0.0000,0.0000,0.0000,0.0000,-3.1316,-0.2131,0.9152,0.0061,-0.0033,-0.0141
1774945547.0513,0.0000,0.0000,0.0000,0.0000,0.0000,-3.1312,-0.2128,-0.4141,0.0072,-0.0043,-0.0130
1774945547.0713,0.0000,0.0000,0.0000,0.0000,0.0000,-3.1321,-0.2128,-0.3404,-0.0024,-0.0086,-0.0087
1774945547.0914,0.0000,0.0000,0.0000,0.0000,0.0000,-3.1314,-0.2125,2.1163,-0.0035,-0.0097,-0.0130
1774945547.1113,0.0000,0.0000,0.0000,0.0000,0.0000,-3.1297,-0.2124,-2.3027,-0.0003,-0.0033,-0.0162
1774945547.1315,0.0000,0.0000,0.0000,0.0000,0.0000,-3.1297,-0.2118,2.4142,0.0019,-0.0033,-0.0109
1774945547.1512,0.0000,0.0000,0.0000,0.0000,0.0000,-3.1300,-0.2115,0.2932,0.0040,-0.0054,-0.0098
1774945547.1713,0.0000,0.0000,0.0000,0.0000,0.0000,-3.1307,-0.2119,-1.5555,0.0040,-0.0022,-0.0098
1774945547.1959,0.0000,0.0000,0.0000,0.0000,0.0000,-3.1311,-0.2127,0.0000,0.0019,-0.0033,-0.0130
1774945547.2116,0.0000,0.0000,0.0000,0.0000,0.0000,-3.1313,-0.2132,-1.5933,0.0029,-0.0043,-0.0087
1774945547.2329,0.0000,0.0000,0.0000,0.0000,0.0000,-3.1305,-0.2133,0.0000,0.0029,-0.0043,-0.0109
1774945547.2523,0.0000,0.0000,0.0000,0.0000,0.0000,-3.1318,-0.2144,0.5927,0.0019,-0.0033,-0.0141
1774945547.2712,0.0000,0.0000,0.0000,0.0000,0.0000,-3.1321,-0.2144,-0.0844,0.0019,-0.0054,-0.0130
1774945547.2913,0.0000,0.0000,0.0000,0.0000,0.0000,-3.1312,-0.2136,-1.8755,0.0082,-0.0033,-0.0109
1774945547.3113,0.0000,0.0000,0.0000,0.0000,0.0000,-3.1311,-0.2132,0.4158,0.0061,-0.0033,-0.0098
1774945547.3315,0.0000,0.0000,0.0000,0.0000,0.0000,-3.1302,-0.2133,-1.3288,0.0061,-0.0043,-0.0109
1774945547.3521,0.0000,0.0000,0.0000,0.0000,0.0000,-3.1303,-0.2131,1.3804,0.0040,-0.0033,-0.0109
1774945547.3713,0.0000,0.0000,0.0000,0.0000,0.0000,-3.1312,-0.2129,1.6063,0.0008,-0.0054,-0.0119
1774945547.3914,0.0000,0.0000,0.0000,0.0000,0.0000,-3.1319,-0.2131,-1.5586,0.0008,-0.0054,-0.0119
1774945547.4116,0.0000,0.0000,0.0000,0.0000,0.0000,-3.1322,-0.2130,-0.5597,0.0019,-0.0022,-0.0119
1774945547.4314,0.0000,0.0000,0.0000,0.0000,0.0000,-3.1326,-0.2127,1.0335,0.0040,-0.0043,-0.0109
1774945547.4513,0.0000,0.0000,0.0000,0.0000,0.0000,-3.1327,-0.2131,-1.8685,0.0040,-0.0054,-0.0109
1774945547.4713,0.0000,0.0000,0.0000,0.0000,0.0000,-3.1317,-0.2129,0.5890,0.0050,-0.0033,-0.0077
1774945547.4913,0.0000,0.0000,0.0000,0.0000,0.0000,-3.1314,-0.2128,-0.2139,0.0050,-0.0033,-0.0109
1774945547.5112,0.0000,0.0000,0.0000,0.0000,0.0000,-3.1314,-0.2132,0.6055,0.0019,-0.0033,-0.0119
1774945547.5315,0.0000,0.0000,0.0000,0.0000,0.0000,-3.1305,-0.2134,0.7506,0.0040,-0.0022,-0.0119
1774945547.5530,0.0000,0.0000,0.0000,0.0000,0.0000,-3.1317,-0.2133,-1.8332,0.0008,-0.0054,-0.0130
1774945547.5713,0.0000,0.0000,0.0000,0.0000,0.0000,-3.1316,-0.2131,-0.2926,0.0040,-0.0043,-0.0119
1774945547.5913,0.0000,0.0000,0.0000,0.0000,0.0000,-3.1323,-0.2128,0.4285,0.0050,-0.0022,-0.0109
1774945547.6113,0.0000,0.0000,0.0000,0.0000,0.0000,-3.1324,-0.2128,-0.2211,0.0040,-0.0033,-0.0098
1774945547.6313,0.0000,0.0000,0.0000,0.0000,0.0000,-3.1321,-0.2130,-1.0020,0.0040,-0.0033,-0.0109
1774945547.6525,0.0000,0.0000,0.0000,0.0000,0.0000,-3.1323,-0.2131,0.2763,0.0008,-0.0033,-0.0109
1774945547.6713,0.0000,0.0000,0.0000,0.0000,0.0000,-3.1317,-0.2130,0.8488,0.0029,-0.0043,-0.0109
1774945547.6913,0.0000,0.0000,0.0000,0.0000,0.0000,-3.1317,-0.2133,-0.8060,0.0019,-0.0043,-0.0119
1774945547.7113,0.0000,0.0000,0.0000,0.0000,0.0000,-3.1312,-0.2130,0.9633,0.0040,-0.0043,-0.0098
1774945547.7317,0.0000,0.0000,0.0000,0.0000,0.0000,-3.1315,-0.2129,-0.3862,0.0040,-0.0054,-0.0098
1774945547.7518,0.0000,0.0000,0.0000,0.0000,0.0000,-3.1320,-0.2131,0.1251,0.0040,-0.0033,-0.0098
1774945547.7712,0.0000,0.0000,0.0000,0.0000,0.0000,-3.1316,-0.2127,0.1675,0.0050,-0.0033,-0.0119
1774945547.7913,0.0000,0.0000,0.0000,0.0000,0.0000,-3.1328,-0.2129,-2.0467,0.0008,-0.0043,-0.0119
1774945547.8123,0.0000,0.0000,0.0000,0.0000,0.0000,-3.1319,-0.2128,-0.3572,0.0029,-0.0033,-0.0109
1774945547.8315,0.0000,0.0000,0.0000,0.0000,0.0000,-3.1333,-0.2129,-0.5578,0.0040,-0.0043,-0.0098
1774945547.8513,0.0000,0.0000,0.0000,0.0000,0.0000,-3.1325,-0.2130,0.0826,0.0019,-0.0033,-0.0109
1774945547.8714,0.0000,0.0000,0.0000,0.0000,0.0000,-3.1317,-0.2131,-0.1677,0.0061,-0.0033,-0.0119
1774945547.8917,0.0000,0.0000,0.0000,0.0000,0.0000,-3.1320,-0.2132,0.0869,0.0040,-0.0043,-0.0109
1774945547.9113,0.0000,0.0000,0.0000,0.0000,0.0000,-3.1310,-0.2133,0.7098,0.0050,-0.0043,-0.0119
1774945547.9334,0.0000,0.0000,0.0000,0.0000,0.0000,-3.1318,-0.2133,-0.1686,0.0029,-0.0022,-0.0109
1774945547.9515,0.0000,0.0000,0.0000,0.0000,0.0000,-3.1316,-0.2133,0.5856,0.0029,-0.0033,-0.0119
1774945547.9712,0.0000,0.0000,0.0000,0.0000,0.0000,-3.1317,-0.2132,-0.5102,0.0029,-0.0033,-0.0109
1774945547.9913,0.0000,0.0000,0.0000,0.0000,0.0000,-3.1326,-0.2130,0.0856,0.0019,-0.0022,-0.0098
1774945548.0113,0.0000,0.0000,0.0000,0.0000,0.0000,-3.1319,-0.2128,-0.5666,0.0040,-0.0033,-0.0109
1774945548.0312,0.0000,0.0000,0.0000,0.0000,0.0000,-3.1326,-0.2130,-1.6348,0.0029,-0.0033,-0.0109
1774945548.0513,0.0000,0.0000,0.0000,0.0000,0.0000,-3.1320,-0.2130,1.1605,0.0008,-0.0033,-0.0098
1774945548.0712,0.0000,0.0000,0.0000,0.0000,0.0000,-3.1320,-0.2131,0.5246,0.0040,-0.0033,-0.0119
1774945548.0912,0.0000,0.0000,0.0000,0.0000,0.0000,-3.1320,-0.2131,0.5217,0.0029,-0.0043,-0.0119
1774945548.1116,0.0000,0.0000,0.0000,0.0000,0.0000,-3.1316,-0.2130,-0.4650,0.0040,-0.0033,-0.0130
1774945548.1313,0.0000,0.0000,0.0000,0.0000,0.0000,-3.1319,-0.2131,0.2902,0.0008,-0.0033,-0.0098
1774945548.1513,0.0000,0.0000,0.0000,0.0000,0.0000,-3.1314,-0.2133,0.4335,0.0029,-0.0043,-0.0098
1774945548.1713,0.0000,0.0000,0.0000,0.0000,0.0000,-3.1325,-0.2131,-1.1829,0.0040,-0.0033,-0.0109
1774945548.1912,0.0000,0.0000,0.0000,0.0000,0.0000,-3.1321,-0.2130,0.4973,0.0029,-0.0043,-0.0109
1774945548.2121,0.0000,0.0000,0.0000,0.0000,0.0000,-3.1320,-0.2133,0.8448,0.0050,-0.0033,-0.0130
1774945548.2313,0.0000,0.0000,0.0000,0.0000,0.0000,-3.1323,-0.2131,0.6870,0.0040,-0.0043,-0.0109
1774945548.2512,0.0000,0.0000,0.0000,0.0000,0.0000,-3.1317,-0.2133,-0.5224,0.0061,-0.0043,-0.0119
1774945548.2713,0.0000,0.0000,0.0000,0.0000,0.0000,-3.1322,-0.2135,-1.5705,0.0008,-0.0033,-0.0098
1774945548.2912,0.0000,0.0000,0.0000,0.0000,0.0000,-3.1319,-0.2130,1.1871,0.0050,-0.0043,-0.0109
1774945548.3113,0.0000,0.0000,0.0000,0.0000,0.0000,-3.1321,-0.2130,-0.4382,0.0040,-0.0043,-0.0141
1774945548.3313,0.0000,0.0000,0.0000,0.0000,0.0000,-3.1320,-0.2129,0.3830,0.0040,-0.0033,-0.0119
1774945548.3514,0.0000,0.0000,0.0000,0.0000,0.0000,-3.1318,-0.2127,-0.3342,0.0050,-0.0043,-0.0109
1774945548.3712,0.0000,0.0000,0.0000,0.0000,0.0000,-3.1325,-0.2132,-0.3997,0.0029,-0.0033,-0.0119
1774945548.3912,0.0000,0.0000,0.0000,0.0000,0.0000,-3.1317,-0.2130,1.1486,0.0040,-0.0033,-0.0119
1774945548.4113,0.0000,0.0000,0.0000,0.0000,0.0000,-3.1324,-0.2130,-1.0738,0.0019,-0.0043,-0.0119
1774945548.4313,0.0000,0.0000,0.0000,0.0000,0.0000,-3.1317,-0.2130,-0.0828,0.0029,-0.0033,-0.0109
1774945548.4513,0.0000,0.0000,0.0000,0.0000,0.0000,-3.1320,-0.2130,0.0830,0.0040,-0.0043,-0.0130
1774945548.4713,0.0000,0.0000,0.0000,0.0000,0.0000,-3.1322,-0.2130,0.4231,0.0029,-0.0043,-0.0109
1774945548.4912,0.0000,0.0000,0.0000,0.0000,0.0000,-3.1313,-0.2129,-1.0088,0.0072,-0.0033,-0.0141
1774945548.5113,0.0000,0.0000,0.0000,0.0000,0.0000,-3.1321,-0.2130,-1.3036,0.0040,-0.0033,-0.0130
1774945548.5312,0.0000,0.0000,0.0000,0.0000,0.0000,-3.1314,-0.2129,0.7929,0.0050,-0.0043,-0.0119
1774945548.5514,0.0000,0.0000,0.0000,0.0000,0.0000,-3.1317,-0.2130,-0.3010,0.0029,-0.0043,-0.0109
1774945548.5713,0.0000,0.0000,0.0000,0.0000,0.0000,-3.1320,-0.2131,0.9958,0.0019,-0.0033,-0.0098
1774945548.5913,0.0000,0.0000,0.0000,0.0000,0.0000,-3.1318,-0.2130,-0.4260,0.0061,-0.0033,-0.0141
1774945548.6114,0.0000,0.0000,0.0000,0.0000,0.0000,-3.1328,-0.2131,-0.2493,0.0019,-0.0043,-0.0098
1774945548.6312,0.0000,0.0000,0.0000,0.0000,0.0000,-3.1321,-0.2130,0.1240,0.0050,-0.0033,-0.0109
1774945548.6513,0.0000,0.0000,0.0000,0.0000,0.0000,-3.1326,-0.2129,-0.8457,0.0050,-0.0043,-0.0109
1774945548.6712,0.0000,0.0000,0.0000,0.0000,0.0000,-3.1319,-0.2133,-0.5792,0.0019,-0.0033,-0.0098
1774945548.6913,0.0000,0.0000,0.0000,0.0000,0.0000,-3.1317,-0.2134,0.7629,0.0029,-0.0033,-0.0109
1774945548.7112,0.0000,0.0000,0.0000,0.0000,0.0000,-3.1324,-0.2132,0.4658,0.0019,-0.0043,-0.0119
1774945548.7312,0.0000,0.0000,0.0000,0.0000,0.0000,-3.1318,-0.2131,-0.3931,0.0040,-0.0043,-0.0109
1774945548.7513,0.0000,0.0000,0.0000,0.0000,0.0000,-3.1328,-0.2130,-0.7885,0.0029,-0.0043,-0.0119
1774945548.7712,0.0000,0.0000,0.0000,0.0000,0.0000,-3.1325,-0.2128,1.2102,0.0040,-0.0043,-0.0119
1774945548.7912,0.0000,0.0000,0.0000,0.0000,0.0000,-3.1326,-0.2129,0.2120,0.0040,-0.0033,-0.0119
1774945548.8113,0.0000,0.0000,0.0000,0.0000,0.0000,-3.1324,-0.2129,0.3013,0.0040,-0.0033,-0.0119
1774945548.8313,0.0000,0.0000,0.0000,0.0000,0.0000,-3.1322,-0.2129,-0.4582,0.0050,-0.0043,-0.0119
1774945548.8512,0.0000,0.0000,0.0000,0.0000,0.0000,-3.1326,-0.2131,-0.0855,0.0019,-0.0033,-0.0109
1774945548.8712,0.0000,0.0000,0.0000,0.0000,0.0000,-3.1317,-0.2130,0.5615,0.0061,-0.0043,-0.0141
1774945548.8913,0.0000,0.0000,0.0000,0.0000,0.0000,-3.1324,-0.2132,-1.4115,0.0040,-0.0043,-0.0130
1774945548.9120,0.0000,0.0000,0.0000,0.0000,0.0000,-3.1320,-0.2131,0.0000,0.0029,-0.0043,-0.0119
1774945548.9312,0.0000,0.0000,0.0000,0.0000,0.0000,-3.1322,-0.2130,-0.2561,0.0029,-0.0043,-0.0119
1774945548.9512,0.0000,0.0000,0.0000,0.0000,0.0000,-3.1324,-0.2129,0.2147,0.0029,-0.0033,-0.0119
1774945548.9713,0.0000,0.0000,0.0000,0.0000,0.0000,-3.1319,-0.2128,0.3743,0.0040,-0.0033,-0.0109
1774945548.9914,0.0000,0.0000,0.0000,0.0000,0.0000,-3.1325,-0.2129,-1.2378,0.0040,-0.0033,-0.0098
1774945549.0113,0.0000,0.0000,0.0000,0.0000,0.0000,-3.1315,-0.2130,1.2877,0.0050,-0.0043,-0.0109
1774945549.0312,0.0000,0.0000,0.0000,0.0000,0.0000,-3.1320,-0.2130,0.0846,0.0040,-0.0033,-0.0109
1774945549.0513,0.0000,0.0000,0.0000,0.0000,0.0000,-3.1316,-0.2130,0.8410,0.0040,-0.0022,-0.0119
1774945549.0713,0.0000,0.0000,0.0000,0.0000,0.0000,-3.1313,-0.2129,-0.4547,0.0040,-0.0033,-0.0119
1774945549.0912,0.0000,0.0000,0.0000,0.0000,0.0000,-3.1322,-0.2130,-0.7887,0.0019,-0.0043,-0.0119
1774945549.1113,0.0000,0.0000,0.0000,0.0000,0.0000,-3.1314,-0.2130,-0.4959,0.0040,-0.0043,-0.0087
1774945549.1312,0.0000,0.0000,0.0000,0.0000,0.0000,-3.1321,-0.2130,-1.7753,0.0019,-0.0033,-0.0130
1774945549.1512,0.0000,0.0000,0.0000,0.0000,0.0000,-3.1314,-0.2130,1.1053,0.0040,-0.0033,-0.0109
1774945549.1712,0.0000,0.0000,0.0000,0.0000,0.0000,-3.1315,-0.2130,1.0722,0.0040,-0.0043,-0.0119
1774945549.1912,0.0000,0.0000,0.0000,0.0000,0.0000,-3.1323,-0.2133,0.8071,0.0029,-0.0033,-0.0119
1774945549.2112,0.0000,0.0000,0.0000,0.0000,0.0000,-3.1319,-0.2132,0.4260,0.0072,-0.0033,-0.0130
1774945549.2313,0.0000,0.0000,0.0000,0.0000,0.0000,-3.1329,-0.2133,-0.4418,0.0019,-0.0043,-0.0119
1774945549.2513,0.0000,0.0000,0.0000,0.0000,0.0000,-3.1326,-0.2131,0.0838,0.0040,-0.0043,-0.0109
1774945549.2713,0.0000,0.0000,0.0000,0.0000,0.0000,-3.1325,-0.2129,-0.5931,0.0029,-0.0022,-0.0109
1774945549.2913,0.0000,0.0000,0.0000,0.0000,0.0000,-3.1321,-0.2130,-0.7748,0.0050,-0.0033,-0.0109
1774945549.3118,0.0000,0.0000,0.0000,0.0000,0.0000,-3.1321,-0.2130,-1.2001,0.0050,-0.0043,-0.0098
1774945549.3313,0.0000,0.0000,0.0000,0.0000,0.0000,-3.1326,-0.2131,0.9522,0.0008,-0.0033,-0.0119
1774945549.3540,0.0000,0.0000,0.0000,0.0000,0.0000,-3.1321,-0.2130,-0.7962,0.0029,-0.0033,-0.0119
1774945549.3713,0.0000,0.0000,0.0000,0.0000,0.0000,-3.1328,-0.2133,-0.7094,0.0029,-0.0043,-0.0098
1774945549.3913,0.0000,0.0000,0.0000,0.0000,0.0000,-3.1328,-0.2131,1.4064,0.0029,-0.0054,-0.0098
1774945549.4113,0.0000,0.0000,0.0000,0.0000,0.0000,-3.1326,-0.2130,0.3413,0.0029,-0.0043,-0.0109
1774945549.4312,0.0000,0.0000,0.0000,0.0000,0.0000,-3.1327,-0.2131,0.7498,0.0040,-0.0043,-0.0109
1774945549.4513,0.0000,0.0000,0.0000,0.0000,0.0000,-3.1321,-0.2129,-0.7969,0.0050,-0.0033,-0.0109
1774945549.4712,0.0000,0.0000,0.0000,0.0000,0.0000,-3.1323,-0.2128,-1.9772,0.0040,-0.0033,-0.0119
1774945549.4912,0.0000,0.0000,0.0000,0.0000,0.0000,-3.1318,-0.2126,1.2949,0.0019,-0.0043,-0.0098
1774945549.5114,0.0000,0.0000,0.0000,0.0000,0.0000,-3.1312,-0.2130,-1.0356,0.0040,-0.0043,-0.0119
1774945549.5314,0.0000,0.0000,0.0000,0.0000,0.0000,-3.1315,-0.2133,0.9074,0.0029,-0.0033,-0.0098
1774945549.5533,0.0000,0.0000,0.0000,0.0000,0.0000,-3.1315,-0.2130,-0.0854,0.0061,-0.0033,-0.0119
1774945549.5713,0.0000,0.0000,0.0000,0.0000,0.0000,-3.1319,-0.2130,-0.8063,0.0029,-0.0043,-0.0119
1774945549.5913,0.0000,0.0000,0.0000,0.0000,0.0000,-3.1314,-0.2130,0.9685,0.0029,-0.0033,-0.0119
1774945549.6113,0.0000,0.0000,0.0000,0.0000,0.0000,-3.1316,-0.2131,-0.5921,0.0040,-0.0033,-0.0098
1774945549.6313,0.0000,0.0000,0.0000,0.0000,0.0000,-3.1315,-0.2130,1.8447,0.0029,-0.0033,-0.0109
1774945549.6513,0.0000,0.0000,0.0000,0.0000,0.0000,-3.1315,-0.2128,-0.4922,0.0029,-0.0033,-0.0109
1774945549.6713,0.0000,0.0000,0.0000,0.0000,0.0000,-3.1316,-0.2128,0.4254,0.0029,-0.0043,-0.0109
1774945549.6912,0.0000,0.0000,0.0000,0.0000,0.0000,-3.1308,-0.2130,0.0872,0.0072,-0.0054,-0.0119
1774945549.7114,0.0000,0.0000,0.0000,0.0000,0.0000,-3.1317,-0.2131,-1.9326,0.0029,-0.0033,-0.0109
1774945549.7319,0.0000,0.0000,0.0000,0.0000,0.0000,-3.1322,-0.2128,0.0000,0.0019,-0.0033,-0.0109
1774945549.7542,0.0000,0.0000,0.0000,0.0000,0.0000,-3.1321,-0.2123,-0.2495,0.0040,-0.0033,-0.0109
1774945549.7712,0.0000,0.0000,0.0000,0.0000,0.0000,-3.1316,-0.2128,0.6967,0.0029,-0.0043,-0.0119
1774945549.7913,0.0000,0.0000,0.0000,0.0000,0.0000,-3.1317,-0.2129,-0.3350,0.0061,-0.0043,-0.0119
1774945549.8113,0.0000,0.0000,0.0000,0.0000,0.0000,-3.1328,-0.2131,-1.0939,0.0019,-0.0033,-0.0109
1774945549.8313,0.0000,0.0000,0.0000,0.0000,0.0000,-3.1321,-0.2130,1.0775,0.0050,-0.0043,-0.0087
1774945549.8513,0.0000,0.0000,0.0000,0.0000,0.0000,-3.1321,-0.2130,-1.2016,0.0040,-0.0033,-0.0119
1774945549.8713,0.0000,0.0000,0.0000,0.0000,0.0000,-3.1321,-0.2130,0.4243,0.0040,-0.0043,-0.0119
1774945549.8912,0.0000,0.0000,0.0000,0.0000,0.0000,-3.1319,-0.2131,-0.0825,0.0050,-0.0043,-0.0119
1774945549.9114,0.0000,0.0000,0.0000,0.0000,0.0000,-3.1327,-0.2132,-1.0681,0.0008,-0.0033,-0.0119
1774945549.9316,0.0000,0.0000,0.0000,0.0000,0.0000,-3.1317,-0.2132,1.0651,0.0050,-0.0043,-0.0119
1774945549.9531,0.0000,0.0000,0.0000,0.0000,0.0000,-3.1326,-0.2131,-0.3381,0.0029,-0.0022,-0.0109
1774945549.9713,0.0000,0.0000,0.0000,0.0000,0.0000,-3.1324,-0.2131,0.2954,0.0019,-0.0033,-0.0098
1774945549.9913,0.0000,0.0000,0.0000,0.0000,0.0000,-3.1323,-0.2131,0.1236,0.0029,-0.0033,-0.0109
1774945550.0113,0.0000,0.0000,0.0000,0.0000,0.0000,-3.1328,-0.2133,0.4146,0.0019,-0.0043,-0.0098
1774945550.0319,0.0000,0.0000,0.0000,0.0000,0.0000,-3.1319,-0.2131,0.3302,0.0050,-0.0043,-0.0119
1774945550.0515,0.0000,0.0000,0.0000,0.0000,0.0000,-3.1326,-0.2130,-1.0812,0.0019,-0.0043,-0.0098
1774945550.0713,0.0000,0.0000,0.0000,0.0000,0.0000,-3.1320,-0.2131,0.4238,0.0029,-0.0043,-0.0098
1774945550.0912,0.0000,0.0000,0.0000,0.0000,0.0000,-3.1319,-0.2131,0.3765,0.0061,-0.0033,-0.0119
1774945550.1116,0.0000,0.0000,0.0000,0.0000,0.0000,-3.1317,-0.2132,1.0920,0.0029,-0.0033,-0.0109
1774945550.1315,0.0000,0.0000,0.0000,0.0000,0.0000,-3.1318,-0.2132,-0.8140,0.0050,-0.0043,-0.0109
1774945550.1512,0.0000,0.0000,0.0000,0.0000,0.0000,-3.1325,-0.2131,-0.5101,0.0019,-0.0043,-0.0119
1774945550.1712,0.0000,0.0000,0.0000,0.0000,0.0000,-3.1317,-0.2131,0.5418,0.0050,-0.0043,-0.0130
1774945550.1912,0.0000,0.0000,0.0000,0.0000,0.0000,-3.1324,-0.2132,-0.6616,0.0061,-0.0054,-0.0130
1774945550.2117,0.0000,0.0000,0.0000,0.0000,0.0000,-3.1317,-0.2132,1.6846,0.0040,-0.0043,-0.0098
1774945550.2313,0.0000,0.0000,0.0000,0.0000,0.0000,-3.1320,-0.2131,0.4381,0.0029,-0.0043,-0.0098
1774945550.2515,0.0000,0.0000,0.0000,0.0000,0.0000,-3.1319,-0.2131,0.6931,0.0040,-0.0033,-0.0109
1774945550.2712,0.0000,0.0000,0.0000,0.0000,0.0000,-3.1318,-0.2131,-0.3030,0.0061,-0.0043,-0.0130
1774945550.2912,0.0000,0.0000,0.0000,0.0000,0.0000,-3.1324,-0.2131,-1.6340,0.0019,-0.0033,-0.0109
1774945550.3113,0.0000,0.0000,0.0000,0.0000,0.0000,-3.1318,-0.2130,0.7272,0.0050,-0.0043,-0.0119
1774945550.3325,0.0000,0.0000,0.0000,0.0000,0.0000,-3.1321,-0.2130,-0.4225,0.0019,-0.0033,-0.0109
1774945550.3512,0.0000,0.0000,0.0000,0.0000,0.0000,-3.1321,-0.2132,-0.0418,0.0040,-0.0043,-0.0119
1774945550.3713,0.0000,0.0000,0.0000,0.0000,0.0000,-3.1319,-0.2131,-1.0061,0.0050,-0.0033,-0.0119
1774945550.3913,0.0000,0.0000,0.0000,0.0000,0.0000,-3.1324,-0.2133,-0.8444,0.0019,-0.0033,-0.0109
1774945550.4120,0.0000,0.0000,0.0000,0.0000,0.0000,-3.1317,-0.2132,-0.1252,0.0061,-0.0043,-0.0119
1774945550.4313,0.0000,0.0000,0.0000,0.0000,0.0000,-3.1325,-0.2133,-1.3055,0.0029,-0.0043,-0.0119
1774945550.4516,0.0000,0.0000,0.0000,0.0000,0.0000,-3.1320,-0.2132,0.1789,0.0050,-0.0033,-0.0098
1774945550.4713,0.0000,0.0000,0.0000,0.0000,0.0000,-3.1318,-0.2130,0.1756,0.0040,-0.0022,-0.0119
1774945550.4913,0.0000,0.0000,0.0000,0.0000,0.0000,-3.1322,-0.2131,0.6296,0.0008,-0.0043,-0.0109
1774945550.5113,0.0000,0.0000,0.0000,0.0000,0.0000,-3.1315,-0.2132,0.0424,0.0061,-0.0033,-0.0109
1774945550.5313,0.0000,0.0000,0.0000,0.0000,0.0000,-3.1327,-0.2132,-1.2518,0.0008,-0.0043,-0.0119
1774945550.5512,0.0000,0.0000,0.0000,0.0000,0.0000,-3.1318,-0.2131,0.9427,0.0029,-0.0043,-0.0098
1774945550.5717,0.0000,0.0000,0.0000,0.0000,0.0000,-3.1326,-0.2132,-1.4555,0.0019,-0.0033,-0.0109
1774945550.5913,0.0000,0.0000,0.0000,0.0000,0.0000,-3.1323,-0.2131,0.2594,0.0019,-0.0022,-0.0119
1774945550.6112,0.0000,0.0000,0.0000,0.0000,0.0000,-3.1318,-0.2130,-0.7282,0.0050,-0.0043,-0.0109
1774945550.6321,0.0000,0.0000,0.0000,0.0000,0.0000,-3.1325,-0.2132,-0.3352,0.0029,-0.0043,-0.0119
1774945550.6513,0.0000,0.0000,0.0000,0.0000,0.0000,-3.1318,-0.2131,0.7069,0.0029,-0.0033,-0.0109
1774945550.6712,0.0000,0.0000,0.0000,0.0000,0.0000,-3.1321,-0.2132,-0.5501,0.0029,-0.0033,-0.0098
1774945550.6913,0.0000,0.0000,0.0000,0.0000,0.0000,-3.1320,-0.2132,0.1668,0.0040,-0.0043,-0.0109
1774945550.7112,0.0000,0.0000,0.0000,0.0000,0.0000,-3.1319,-0.2131,-0.2945,0.0061,-0.0043,-0.0130
1774945550.7314,0.0000,0.0000,0.0000,0.0000,0.0000,-3.1325,-0.2132,0.2532,0.0029,-0.0043,-0.0109
1774945550.7513,0.0000,0.0000,0.0000,0.0000,0.0000,-3.1316,-0.2131,-0.5423,0.0061,-0.0043,-0.0119
1774945550.7712,0.0000,0.0000,0.0000,0.0000,0.0000,-3.1324,-0.2132,-1.2494,0.0029,-0.0043,-0.0130
1774945550.7912,0.0000,0.0000,0.0000,0.0000,0.0000,-3.1319,-0.2131,0.8424,0.0040,-0.0043,-0.0109
1774945550.8113,0.0000,0.0000,0.0000,0.0000,0.0000,-3.1322,-0.2131,0.7202,0.0040,-0.0033,-0.0119
1774945550.8328,0.0000,0.0000,0.0000,0.0000,0.0000,-3.1323,-0.2132,0.2059,0.0029,-0.0033,-0.0109
1774945550.8529,0.0000,0.0000,0.0000,0.0000,0.0000,-3.1319,-0.2131,-0.4217,0.0061,-0.0033,-0.0119
1774945550.8714,0.0000,0.0000,0.0000,0.0000,0.0000,-3.1321,-0.2132,1.3772,0.0029,-0.0054,-0.0119
1774945550.8913,0.0000,0.0000,0.0000,0.0000,0.0000,-3.1318,-0.2131,0.5445,0.0040,-0.0043,-0.0109
1774945550.9112,0.0000,0.0000,0.0000,0.0000,0.0000,-3.1325,-0.2132,-1.0345,0.0040,-0.0033,-0.0109
1774945550.9313,0.0000,0.0000,0.0000,0.0000,0.0000,-3.1322,-0.2131,0.0852,0.0040,-0.0043,-0.0119
1774945550.9514,0.0000,0.0000,0.0000,0.0000,0.0000,-3.1323,-0.2131,-0.3032,0.0050,-0.0033,-0.0119
1774945550.9712,0.0000,0.0000,0.0000,0.0000,0.0000,-3.1325,-0.2133,0.9314,0.0019,-0.0043,-0.0098
1774945550.9913,0.0000,0.0000,0.0000,0.0000,0.0000,-3.1320,-0.2131,0.0000,0.0040,-0.0033,-0.0098
1774945551.0115,0.0000,0.0000,0.0000,0.0000,0.0000,-3.1328,-0.2132,-1.0652,0.0029,-0.0033,-0.0119
1774945551.0314,0.0000,0.0000,0.0000,0.0000,0.0000,-3.1321,-0.2130,1.1032,0.0040,-0.0033,-0.0109
1774945551.0513,0.0000,0.0000,0.0000,0.0000,0.0000,-3.1325,-0.2130,0.0000,0.0019,-0.0033,-0.0098
1774945551.0713,0.0000,0.0000,0.0000,0.0000,0.0000,-3.1322,-0.2130,0.3386,0.0040,-0.0043,-0.0098
1774945551.0914,0.0000,0.0000,0.0000,0.0000,0.0000,-3.1320,-0.2129,-0.6833,0.0050,-0.0022,-0.0109
1774945551.1114,0.0000,0.0000,0.0000,0.0000,0.0000,-3.1328,-0.2130,-0.6800,0.0019,-0.0033,-0.0109
1774945551.1313,0.0000,0.0000,0.0000,0.0000,0.0000,-3.1320,-0.2131,0.9338,0.0050,-0.0033,-0.0098
1774945551.1513,0.0000,0.0000,0.0000,0.0000,0.0000,-3.1329,-0.2131,-1.0159,0.0029,-0.0043,-0.0109
1774945551.1712,0.0000,0.0000,0.0000,0.0000,0.0000,-3.1324,-0.2131,0.1715,0.0029,-0.0054,-0.0119
1774945551.1916,0.0000,0.0000,0.0000,0.0000,0.0000,-3.1322,-0.2130,-0.1815,0.0061,-0.0033,-0.0141
1774945551.2113,0.0000,0.0000,0.0000,0.0000,0.0000,-3.1327,-0.2131,0.6837,0.0019,-0.0043,-0.0119
1774945551.2313,0.0000,0.0000,0.0000,0.0000,0.0000,-3.1316,-0.2132,0.2903,0.0061,-0.0022,-0.0119
1774945551.2513,0.0000,0.0000,0.0000,0.0000,0.0000,-3.1325,-0.2133,-0.5423,0.0019,-0.0043,-0.0130
1774945551.2712,0.0000,0.0000,0.0000,0.0000,0.0000,-3.1319,-0.2130,0.8282,0.0029,-0.0043,-0.0109
1774945551.2912,0.0000,0.0000,0.0000,0.0000,0.0000,-3.1321,-0.2131,-0.0415,0.0050,-0.0043,-0.0119
1774945551.3113,0.0000,0.0000,0.0000,0.0000,0.0000,-3.1321,-0.2130,0.2470,0.0029,-0.0033,-0.0098
1774945551.3367,0.0000,0.0000,0.0000,0.0000,0.0000,-3.1319,-0.2131,-0.8659,0.0040,-0.0022,-0.0130
1774945551.3512,0.0000,0.0000,0.0000,0.0000,0.0000,-3.1326,-0.2130,-0.2892,-0.0013,-0.0043,-0.0119
1774945551.3713,0.0000,0.0000,0.0000,0.0000,0.0000,-3.1317,-0.2130,1.1887,0.0050,-0.0033,-0.0119
1774945551.3912,0.0000,0.0000,0.0000,0.0000,0.0000,-3.1321,-0.2133,-0.6352,0.0040,-0.0033,-0.0109
1774945551.4113,0.0000,0.0000,0.0000,0.0000,0.0000,-3.1320,-0.2131,0.7493,0.0029,-0.0054,-0.0098
1774945551.4313,0.0000,0.0000,0.0000,0.0000,0.0000,-3.1320,-0.2130,0.0456,0.0040,-0.0043,-0.0119
1774945551.4513,0.0000,0.0000,0.0000,0.0000,0.0000,-3.1324,-0.2130,0.6923,0.0008,-0.0033,-0.0119
1774945551.4713,0.0000,0.0000,0.0000,0.0000,0.0000,-3.1318,-0.2129,-0.5369,0.0072,-0.0033,-0.0119
1774945551.4912,0.0000,0.0000,0.0000,0.0000,0.0000,-3.1325,-0.2129,-1.0670,0.0008,-0.0033,-0.0119
1774945551.5112,0.0000,0.0000,0.0000,0.0000,0.0000,-3.1320,-0.2129,0.7279,0.0050,-0.0043,-0.0109
1774945551.5313,0.0000,0.0000,0.0000,0.0000,0.0000,-3.1323,-0.2129,-0.0854,0.0029,-0.0033,-0.0109
1774945551.5513,0.0000,0.0000,0.0000,0.0000,0.0000,-3.1323,-0.2131,0.4649,0.0040,-0.0033,-0.0109
1774945551.5713,0.0000,0.0000,0.0000,0.0000,0.0000,-3.1321,-0.2130,-0.4990,0.0061,-0.0043,-0.0130
1774945551.5912,0.0000,0.0000,0.0000,0.0000,0.0000,-3.1326,-0.2132,0.0000,0.0029,-0.0054,-0.0119
1774945551.6116,0.0000,0.0000,0.0000,0.0000,0.0000,-3.1318,-0.2132,0.5507,0.0050,-0.0033,-0.0098
1774945551.6313,0.0000,0.0000,0.0000,0.0000,0.0000,-3.1323,-0.2132,-0.9553,0.0019,-0.0033,-0.0119
1774945551.6514,0.0000,0.0000,0.0000,0.0000,0.0000,-3.1319,-0.2130,0.4156,0.0029,-0.0043,-0.0109
1774945551.6715,0.0000,0.0000,0.0000,0.0000,0.0000,-3.1321,-0.2130,0.2057,0.0061,-0.0022,-0.0119
1774945551.6913,0.0000,0.0000,0.0000,0.0000,0.0000,-3.1323,-0.2131,0.4706,0.0019,-0.0033,-0.0109
1774945551.7112,0.0000,0.0000,0.0000,0.0000,0.0000,-3.1318,-0.2130,-0.4664,0.0029,-0.0043,-0.0119
1774945551.7325,0.0000,0.0000,0.0000,0.0000,0.0000,-3.1325,-0.2131,0.9468,0.0029,-0.0033,-0.0119
1774945551.7512,0.0000,0.0000,0.0000,0.0000,0.0000,-3.1319,-0.2131,1.0924,0.0040,-0.0033,-0.0119
1774945551.7715,0.0000,0.0000,0.0000,0.0000,0.0000,-3.1325,-0.2131,-0.1276,0.0040,-0.0043,-0.0130
1774945551.7912,0.0000,0.0000,0.0000,0.0000,0.0000,-3.1323,-0.2132,0.2619,0.0040,-0.0033,-0.0098
1774945551.8112,0.0000,0.0000,0.0000,0.0000,0.0000,-3.1320,-0.2130,-0.5549,0.0040,-0.0043,-0.0109
1774945551.8315,0.0000,0.0000,0.0000,0.0000,0.0000,-3.1323,-0.2128,0.5187,0.0029,-0.0033,-0.0109
1774945551.8512,0.0000,0.0000,0.0000,0.0000,0.0000,-3.1317,-0.2130,0.8704,0.0040,-0.0043,-0.0109
1774945551.8712,0.0000,0.0000,0.0000,0.0000,0.0000,-3.1325,-0.2130,-0.6992,0.0029,-0.0033,-0.0109
1774945551.8914,0.0000,0.0000,0.0000,0.0000,0.0000,-3.1321,-0.2131,0.4628,0.0029,-0.0043,-0.0119
1774945551.9113,0.0000,0.0000,0.0000,0.0000,0.0000,-3.1321,-0.2131,0.5835,0.0050,-0.0033,-0.0119
1774945551.9316,0.0000,0.0000,0.0000,0.0000,0.0000,-3.1320,-0.2132,0.3978,0.0019,-0.0033,-0.0098
1774945551.9512,0.0000,0.0000,0.0000,0.0000,0.0000,-3.1317,-0.2132,-0.6701,0.0040,-0.0043,-0.0109
1774945551.9713,0.0000,0.0000,0.0000,0.0000,0.0000,-3.1324,-0.2131,-2.0889,0.0029,-0.0033,-0.0119
1774945551.9912,0.0000,0.0000,0.0000,0.0000,0.0000,-3.1316,-0.2131,0.6416,0.0040,-0.0033,-0.0109
1774945552.0113,0.0000,0.0000,0.0000,0.0000,0.0000,-3.1321,-0.2129,-0.5460,0.0040,-0.0043,-0.0098
1774945552.0314,0.0000,0.0000,0.0000,0.0000,0.0000,-3.1321,-0.2128,1.0088,0.0019,-0.0043,-0.0109
1774945552.0513,0.0000,0.0000,0.0000,0.0000,0.0000,-3.1311,-0.2125,-0.4314,0.0061,-0.0043,-0.0109
1774945552.0712,0.0000,0.0000,0.0000,0.0000,0.0000,-3.1316,-0.2133,-0.5525,0.0029,-0.0033,-0.0109
1774945552.0913,0.0000,0.0000,0.0000,0.0000,0.0000,-3.1324,-0.2133,0.9812,0.0019,-0.0054,-0.0109
1774945552.1113,0.0000,0.0000,0.0000,0.0000,0.0000,-3.1330,-0.2128,-0.6758,0.0029,-0.0033,-0.0119
1774945552.1313,0.0000,0.0000,0.0000,0.0000,0.0000,-3.1323,-0.2130,1.3829,0.0029,-0.0043,-0.0109
1774945552.1512,0.0000,0.0000,0.0000,0.0000,0.0000,-3.1333,-0.2134,-0.5438,0.0040,-0.0033,-0.0119
1774945552.1713,0.0000,0.0000,0.0000,0.0000,0.0000,-3.1332,-0.2135,0.4230,-0.0013,-0.0043,-0.0109
1774945552.1913,0.0000,0.0000,0.0000,0.0000,0.0000,-3.1326,-0.2136,-0.6787,0.0050,-0.0043,-0.0098
1774945552.2113,0.0000,0.0000,0.0000,0.0000,0.0000,-3.1340,-0.2132,-1.4258,0.0029,-0.0043,-0.0109
1774945552.2313,0.0000,0.0000,0.0000,0.0000,0.0000,-3.1339,-0.2132,1.3247,0.0029,-0.0033,-0.0109
1774945552.2515,0.0000,0.0000,0.0000,0.0000,0.0000,-3.1335,-0.2132,0.0000,0.0019,-0.0033,-0.0087
1774945552.2712,0.0000,0.0000,0.0000,0.0000,0.0000,-3.1346,-0.2128,1.3867,0.0019,-0.0033,-0.0119
1774945552.2913,0.0000,0.0000,0.0000,0.0000,0.0000,-3.1334,-0.2129,-0.4610,0.0029,-0.0033,-0.0109
1774945552.3113,0.0000,0.0000,0.0000,0.0000,0.0000,-3.1335,-0.2130,-1.6379,0.0029,-0.0033,-0.0109
1774945552.3313,0.0000,0.0000,0.0000,0.0000,0.0000,-3.1337,-0.2132,1.6084,0.0019,-0.0054,-0.0109
1774945552.3513,0.0000,0.0000,0.0000,0.0000,0.0000,-3.1334,-0.2134,0.0902,0.0040,-0.0043,-0.0098
1774945552.3712,0.0000,0.0000,0.0000,0.0000,0.0000,-3.1324,-0.2132,1.0641,0.0040,-0.0054,-0.0109
1774945552.3913,0.0000,0.0000,0.0000,0.0000,0.0000,-3.1323,-0.2131,-0.2470,0.0061,-0.0043,-0.0119
1774945552.4113,0.0000,0.0000,0.0000,0.0000,0.0000,-3.1330,-0.2132,-1.1077,0.0029,-0.0043,-0.0109
1774945552.4312,0.0000,0.0000,0.0000,0.0000,0.0000,-3.1324,-0.2132,0.9015,0.0040,-0.0033,-0.0098
1774945552.4513,0.0000,0.0000,0.0000,0.0000,0.0000,-3.1328,-0.2131,-0.3117,0.0029,-0.0043,-0.0109
1774945552.4713,0.0000,0.0000,0.0000,0.0000,0.0000,-3.1326,-0.2127,0.7010,0.0040,-0.0054,-0.0119
1774945552.4914,0.0000,0.0000,0.0000,0.0000,0.0000,-3.1318,-0.2133,-0.4755,0.0008,-0.0054,-0.0098
1774945552.5113,0.0000,0.0000,0.0000,0.0000,0.0000,-3.1312,-0.2137,0.6752,0.0040,-0.0033,-0.0130
1774945552.5312,0.0000,0.0000,0.0000,0.0000,0.0000,-3.1306,-0.2132,1.3155,0.0050,-0.0033,-0.0119
1774945552.5514,0.0000,0.0000,0.0000,0.0000,0.0000,-3.1320,-0.2132,-0.9270,0.0019,-0.0043,-0.0109
1774945552.5715,0.0000,0.0000,0.0000,0.0000,0.0000,-3.1324,-0.2131,0.9343,0.0040,-0.0043,-0.0098
1774945552.5913,0.0000,0.0000,0.0000,0.0000,0.0000,-3.1327,-0.2128,0.7404,0.0029,-0.0043,-0.0119
1774945552.6112,0.0000,0.0000,0.0000,0.0000,0.0000,-3.1326,-0.2129,1.0485,0.0008,-0.0033,-0.0119
1774945552.6312,0.0000,0.0000,0.0000,0.0000,0.0000,-3.1322,-0.2129,-0.7790,0.0050,-0.0043,-0.0098
1774945552.6512,0.0000,0.0000,0.0000,0.0000,0.0000,-3.1329,-0.2131,-1.3454,0.0008,-0.0033,-0.0098
1774945552.6726,0.0000,0.0000,0.0000,0.0000,0.0000,-3.1313,-0.2128,1.6835,0.0061,-0.0033,-0.0109
1774945552.6927,0.0000,0.0000,0.0000,0.0000,0.0000,-3.1308,-0.2131,0.4014,0.0029,-0.0033,-0.0109
1774945552.7112,0.0000,0.0000,0.0000,0.0000,0.0000,-3.1307,-0.2132,0.0832,0.0019,-0.0054,-0.0119
1774945552.7313,0.0000,0.0000,0.0000,0.0000,0.0000,-3.1305,-0.2131,0.0000,0.0029,-0.0033,-0.0109
1774945552.7513,0.0000,0.0000,0.0000,0.0000,0.0000,-3.1320,-0.2130,0.1770,0.0029,-0.0043,-0.0119
1774945552.7712,0.0000,0.0000,0.0000,0.0000,0.0000,-3.1322,-0.2130,-0.1736,0.0040,-0.0043,-0.0098
1774945552.7915,0.0000,0.0000,0.0000,0.0000,0.0000,-3.1329,-0.2127,-1.3495,0.0008,-0.0043,-0.0119
1774945552.8112,0.0000,0.0000,0.0000,0.0000,0.0000,-3.1327,-0.2127,-0.0444,0.0029,-0.0043,-0.0087
1774945552.8313,0.0000,0.0000,0.0000,0.0000,0.0000,-3.1327,-0.2135,0.4666,0.0104,0.0020,-0.0130
1774945552.8512,0.0000,0.0000,0.0000,0.0000,0.0000,-3.1336,-0.2124,0.8281,0.0040,-0.0001,-0.0109
1774945552.8712,0.0000,0.0000,0.0000,0.0000,0.0000,-3.1337,-0.2123,-0.7450,0.0040,-0.0043,-0.0130
1774945552.8912,0.0000,0.0000,0.0000,0.0000,0.0000,-3.1335,-0.2134,-1.0910,0.0061,-0.0022,-0.0109
1774945552.9112,0.0000,0.0000,0.0000,0.0000,0.0000,-3.1318,-0.2133,1.0861,0.0061,-0.0012,-0.0109
1774945552.9312,0.0000,0.0000,0.0000,0.0000,0.0000,-3.1306,-0.2131,-0.8276,0.0029,-0.0043,-0.0119
1774945552.9512,0.0000,0.0000,0.0000,0.0000,0.0000,-3.1292,-0.2133,-0.4954,0.0029,-0.0043,-0.0109
1774945552.9714,0.0000,0.0000,0.0000,0.0000,0.0000,-3.1298,-0.2132,0.2926,0.0008,-0.0022,-0.0119
1774945552.9913,0.0000,0.0000,0.0000,0.0000,0.0000,-3.1307,-0.2132,0.4102,0.0008,-0.0054,-0.0130
1774945553.0113,0.0000,0.0000,0.0000,0.0000,0.0000,-3.1309,-0.2132,-0.5936,0.0029,-0.0033,-0.0109
1774945553.0313,0.0000,0.0000,0.0000,0.0000,0.0000,-3.1331,-0.2134,-0.5054,0.0029,-0.0033,-0.0109
1774945553.0513,0.0000,0.0000,0.0000,0.0000,0.0000,-3.1337,-0.2130,0.8380,0.0029,-0.0043,-0.0109
1774945553.0714,0.0000,0.0000,0.0000,0.0000,0.0000,-3.1340,-0.2129,0.1260,0.0029,-0.0033,-0.0109
1774945553.0930,0.0000,0.0000,0.0000,0.0000,0.0000,-3.1332,-0.2132,0.9379,0.0040,-0.0043,-0.0109
1774945553.1114,0.0000,0.0000,0.0000,0.0000,0.0000,-3.1320,-0.2131,-0.4939,0.0040,-0.0033,-0.0119
1774945553.1312,0.0000,0.0000,0.0000,0.0000,0.0000,-3.1315,-0.2132,-0.8462,0.0029,-0.0033,-0.0109
1774945553.1513,0.0000,0.0000,0.0000,0.0000,0.0000,-3.1311,-0.2132,0.9283,0.0050,-0.0043,-0.0098
1774945553.1713,0.0000,0.0000,0.0000,0.0000,0.0000,-3.1318,-0.2131,-0.9778,0.0019,-0.0043,-0.0109
1774945553.1915,0.0000,0.0000,0.0000,0.0000,0.0000,-3.1307,-0.2133,0.4268,0.0019,-0.0033,-0.0109
1774945553.2113,0.0000,0.0000,0.0000,0.0000,0.0000,-3.1309,-0.2130,0.4210,0.0040,-0.0033,-0.0119
1774945553.2315,0.0000,0.0000,0.0000,0.0000,0.0000,-3.1326,-0.2133,0.0852,0.0019,-0.0022,-0.0119
1774945553.2517,0.0000,0.0000,0.0000,0.0000,0.0000,-3.1321,-0.2129,-0.2554,0.0061,-0.0033,-0.0119
1774945553.2713,0.0000,0.0000,0.0000,0.0000,0.0000,-3.1329,-0.2129,-0.8447,0.0040,-0.0043,-0.0119
1774945553.2914,0.0000,0.0000,0.0000,0.0000,0.0000,-3.1322,-0.2130,0.6012,0.0061,-0.0033,-0.0119
1774945553.3113,0.0000,0.0000,0.0000,0.0000,0.0000,-3.1316,-0.2130,1.1452,0.0050,-0.0033,-0.0119
1774945553.3313,0.0000,0.0000,0.0000,0.0000,0.0000,-3.1317,-0.2132,1.2542,0.0019,-0.0022,-0.0109
1774945553.3515,0.0000,0.0000,0.0000,0.0000,0.0000,-3.1313,-0.2131,-1.0548,0.0050,-0.0033,-0.0119
1774945553.3714,0.0000,0.0000,0.0000,0.0000,0.0000,-3.1318,-0.2133,-1.2825,0.0008,-0.0033,-0.0109
1774945553.3912,0.0000,0.0000,0.0000,0.0000,0.0000,-3.1311,-0.2134,0.7169,0.0072,-0.0043,-0.0119
1774945553.4113,0.0000,0.0000,0.0000,0.0000,0.0000,-3.1322,-0.2133,-0.7161,0.0061,-0.0033,-0.0130
1774945553.4313,0.0000,0.0000,0.0000,0.0000,0.0000,-3.1326,-0.2132,0.2063,0.0029,-0.0043,-0.0119
1774945553.4513,0.0000,0.0000,0.0000,0.0000,0.0000,-3.1325,-0.2130,0.0829,0.0050,-0.0033,-0.0109
1774945553.4712,0.0000,0.0000,0.0000,0.0000,0.0000,-3.1330,-0.2132,0.5416,0.0029,-0.0043,-0.0098
1774945553.4912,0.0000,0.0000,0.0000,0.0000,0.0000,-3.1323,-0.2131,0.0914,0.0040,-0.0033,-0.0130
1774945553.5112,0.0000,0.0000,0.0000,0.0000,0.0000,-3.1324,-0.2132,-0.7920,0.0040,-0.0022,-0.0119
1774945553.5312,0.0000,0.0000,0.0000,0.0000,0.0000,-3.1314,-0.2134,0.6213,0.0040,-0.0043,-0.0109
1774945553.5513,0.0000,0.0000,0.0000,0.0000,0.0000,-3.1313,-0.2134,0.0417,0.0061,-0.0043,-0.0130
1774945553.5713,0.0000,0.0000,0.0000,0.0000,0.0000,-3.1315,-0.2134,0.5374,0.0029,-0.0033,-0.0109
1774945553.5914,0.0000,0.0000,0.0000,0.0000,0.0000,-3.1315,-0.2132,-0.9585,0.0061,-0.0043,-0.0119
1774945553.6113,0.0000,0.0000,0.0000,0.0000,0.0000,-3.1326,-0.2131,-0.2966,0.0029,-0.0033,-0.0098
1774945553.6313,0.0000,0.0000,0.0000,0.0000,0.0000,-3.1323,-0.2130,0.9084,0.0040,-0.0043,-0.0098
1774945553.6513,0.0000,0.0000,0.0000,0.0000,0.0000,-3.1331,-0.2131,-0.8508,0.0040,-0.0033,-0.0109
1774945553.6713,0.0000,0.0000,0.0000,0.0000,0.0000,-3.1326,-0.2130,0.5300,0.0050,-0.0043,-0.0119
1774945553.6912,0.0000,0.0000,0.0000,0.0000,0.0000,-3.1324,-0.2129,0.0851,0.0040,-0.0033,-0.0130
1774945553.7114,0.0000,0.0000,0.0000,0.0000,0.0000,-3.1323,-0.2131,0.2486,0.0029,-0.0033,-0.0109
1774945553.7316,0.0000,0.0000,0.0000,0.0000,0.0000,-3.1312,-0.2132,0.0850,0.0050,-0.0043,-0.0109
1774945553.7513,0.0000,0.0000,0.0000,0.0000,0.0000,-3.1319,-0.2132,-1.4132,0.0008,-0.0043,-0.0098
1774945553.7715,0.0000,0.0000,0.0000,0.0000,0.0000,-3.1312,-0.2131,0.9493,0.0029,-0.0033,-0.0098
1774945553.7914,0.0000,0.0000,0.0000,0.0000,0.0000,-3.1318,-0.2130,0.6580,0.0029,-0.0033,-0.0109
1774945553.8113,0.0000,0.0000,0.0000,0.0000,0.0000,-3.1320,-0.2131,0.3814,0.0029,-0.0022,-0.0098
1774945553.8313,0.0000,0.0000,0.0000,0.0000,0.0000,-3.1320,-0.2130,-0.7491,0.0050,-0.0033,-0.0109
1774945553.8512,0.0000,0.0000,0.0000,0.0000,0.0000,-3.1328,-0.2132,-0.4648,0.0019,-0.0043,-0.0109
1774945553.8713,0.0000,0.0000,0.0000,0.0000,0.0000,-3.1320,-0.2132,0.8757,0.0040,-0.0043,-0.0087
1774945553.8915,0.0000,0.0000,0.0000,0.0000,0.0000,-3.1325,-0.2132,-0.3328,0.0019,-0.0043,-0.0109
1774945553.9117,0.0000,0.0000,0.0000,0.0000,0.0000,-3.1320,-0.2133,0.4330,0.0040,-0.0043,-0.0109
1774945553.9320,0.0000,0.0000,0.0000,0.0000,0.0000,-3.1319,-0.2134,-0.7153,0.0040,-0.0043,-0.0098
1774945553.9513,0.0000,0.0000,0.0000,0.0000,0.0000,-3.1318,-0.2135,0.1666,0.0019,-0.0033,-0.0109
1774945553.9712,0.0000,0.0000,0.0000,0.0000,0.0000,-3.1311,-0.2134,-0.2622,0.0050,-0.0022,-0.0130
1774945553.9914,0.0000,0.0000,0.0000,0.0000,0.0000,-3.1318,-0.2134,0.4563,0.0019,-0.0043,-0.0109
1774945554.0113,0.0000,0.0000,0.0000,0.0000,0.0000,-3.1317,-0.2133,0.7025,0.0040,-0.0033,-0.0109
1774945554.0327,0.0000,0.0000,0.0000,0.0000,0.0000,-3.1322,-0.2132,0.0853,0.0050,-0.0054,-0.0119
1774945554.0514,0.0000,0.0000,0.0000,0.0000,0.0000,-3.1324,-0.2131,0.2582,0.0029,-0.0043,-0.0109
1774945554.0712,0.0000,0.0000,0.0000,0.0000,0.0000,-3.1317,-0.2132,-0.9742,0.0050,-0.0033,-0.0119
1774945554.0913,0.0000,0.0000,0.0000,0.0000,0.0000,-3.1323,-0.2131,0.6124,0.0029,-0.0033,-0.0119
1774945554.1116,0.0000,0.0000,0.0000,0.0000,0.0000,-3.1316,-0.2130,-0.5495,0.0072,-0.0033,-0.0119
1774945554.1313,0.0000,0.0000,0.0000,0.0000,0.0000,-3.1320,-0.2134,0.0880,0.0050,-0.0043,-0.0109
1774945554.1512,0.0000,0.0000,0.0000,0.0000,0.0000,-3.1316,-0.2132,1.2080,0.0019,-0.0033,-0.0098
1774945554.1712,0.0000,0.0000,0.0000,0.0000,0.0000,-3.1315,-0.2132,0.3383,0.0040,-0.0033,-0.0119
1774945554.1913,0.0000,0.0000,0.0000,0.0000,0.0000,-3.1315,-0.2134,1.7812,0.0019,-0.0033,-0.0119
1774945554.2113,0.0000,0.0000,0.0000,0.0000,0.0000,-3.1316,-0.2134,-0.1258,0.0050,-0.0043,-0.0109
1774945554.2312,0.0000,0.0000,0.0000,0.0000,0.0000,-3.1326,-0.2133,-2.7675,0.0029,-0.0033,-0.0119
1774945554.2519,0.0000,0.0000,0.0000,0.0000,0.0000,-3.1322,-0.2134,0.7684,0.0050,-0.0043,-0.0130
1774945554.2712,0.0000,0.0000,0.0000,0.0000,0.0000,-3.1326,-0.2134,0.8973,0.0040,-0.0033,-0.0109
1774945554.2913,0.0000,0.0000,0.0000,0.0000,0.0000,-3.1322,-0.2135,1.4022,0.0019,-0.0043,-0.0098
1774945554.3112,0.0000,0.0000,0.0000,0.0000,0.0000,-3.1319,-0.2133,-0.2605,0.0061,-0.0033,-0.0109
1774945554.3312,0.0000,0.0000,0.0000,0.0000,0.0000,-3.1319,-0.2133,0.2104,0.0019,-0.0033,-0.0109
1774945554.3517,0.0000,0.0000,0.0000,0.0000,0.0000,-3.1311,-0.2132,2.1141,0.0029,-0.0033,-0.0109
1774945554.3713,0.0000,0.0000,0.0000,0.0000,0.0000,-3.1316,-0.2135,-2.6366,0.0019,-0.0054,-0.0098
1774945554.3913,0.0000,0.0000,0.0000,0.0000,0.0000,-3.1320,-0.2136,0.0000,0.0029,-0.0033,-0.0087
1774945554.4114,0.0000,0.0000,0.0000,0.0000,0.0000,-3.1319,-0.2137,0.4187,0.0050,-0.0043,-0.0130
1774945554.4313,0.0000,0.0000,0.0000,0.0000,0.0000,-3.1327,-0.2134,1.1106,0.0008,-0.0054,-0.0109
1774945554.4513,0.0000,0.0000,0.0000,0.0000,0.0000,-3.1325,-0.2134,2.0294,0.0061,-0.0033,-0.0130
1774945554.4713,0.0000,0.0000,0.0000,0.0000,0.0000,-3.1331,-0.2136,-1.2270,0.0040,-0.0043,-0.0109
1774945554.4913,0.0000,0.0000,0.0000,0.0000,0.0000,-3.1332,-0.2130,-0.1773,0.0040,-0.0043,-0.0077
1774945554.5113,0.0000,0.0000,0.0000,0.0000,0.0000,-3.1331,-0.2131,1.0901,0.0040,-0.0043,-0.0098
1774945554.5313,0.0000,0.0000,0.0000,0.0000,0.0000,-3.1324,-0.2135,1.1216,0.0029,-0.0033,-0.0098
1774945554.5512,0.0000,0.0000,0.0000,0.0000,0.0000,-3.1327,-0.2137,-0.1698,0.0040,-0.0022,-0.0109
1774945554.5713,0.0000,0.0000,0.0000,0.0000,0.0000,-3.1323,-0.2138,0.9699,-0.0013,-0.0043,-0.0119
1774945554.5912,0.0000,0.0000,0.0000,0.0000,0.0000,-3.1310,-0.2137,1.3940,0.0019,-0.0033,-0.0098
1774945554.6113,0.0000,0.0000,0.0000,0.0000,0.0000,-3.1313,-0.2131,-0.2476,0.0008,-0.0022,-0.0119
1774945554.6312,0.0000,0.0000,0.0000,0.0000,0.0000,-3.1322,-0.2130,1.3025,0.0061,-0.0043,-0.0098
1774945554.6512,0.0000,0.0000,0.0000,0.0000,0.0000,-3.1319,-0.2127,-0.0854,0.0061,-0.0022,-0.0119
1774945554.6712,0.0000,0.0000,0.0000,0.0000,0.0000,-3.1328,-0.2126,0.0889,0.0029,-0.0022,-0.0098
1774945554.6912,0.0000,0.0000,0.0000,0.0000,0.0000,-3.1327,-0.2129,0.4528,0.0082,-0.0033,-0.0098
1774945554.7112,0.0000,0.0000,0.0000,0.0000,0.0000,-3.1331,-0.2134,-1.2470,0.0040,-0.0043,-0.0109
1774945554.7323,0.0000,0.0000,0.0000,0.0000,0.0000,-3.1328,-0.2135,0.9820,0.0040,-0.0033,-0.0109
1774945554.7512,0.0000,0.0000,0.0000,0.0000,0.0000,-3.1319,-0.2135,-0.5647,0.0029,-0.0033,-0.0119
1774945554.7713,0.0000,0.0000,0.0000,0.0000,0.0000,-3.1317,-0.2135,0.3713,0.0008,-0.0033,-0.0098
1774945554.7915,0.0000,0.0000,0.0000,0.0000,0.0000,-3.1311,-0.2134,0.1657,0.0040,-0.0033,-0.0109
1774945554.8113,0.0000,0.0000,0.0000,0.0000,0.0000,-3.1318,-0.2134,-1.2104,0.0019,-0.0033,-0.0087
1774945554.8315,0.0000,0.0000,0.0000,0.0000,0.0000,-3.1311,-0.2134,0.0000,0.0040,-0.0033,-0.0130
1774945554.8513,0.0000,0.0000,0.0000,0.0000,0.0000,-3.1323,-0.2132,-0.6212,0.0040,-0.0022,-0.0109
1774945554.8713,0.0000,0.0000,0.0000,0.0000,0.0000,-3.1325,-0.2131,1.1899,0.0029,-0.0033,-0.0119
1774945554.8913,0.0000,0.0000,0.0000,0.0000,0.0000,-3.1326,-0.2129,-0.5217,0.0029,-0.0033,-0.0109
1774945554.9114,0.0000,0.0000,0.0000,0.0000,0.0000,-3.1326,-0.2128,0.6993,0.0040,-0.0043,-0.0098
1774945554.9314,0.0000,0.0000,0.0000,0.0000,0.0000,-3.1321,-0.2131,0.0000,0.0029,-0.0033,-0.0109
1774945554.9512,0.0000,0.0000,0.0000,0.0000,0.0000,-3.1319,-0.2132,-1.0186,0.0029,-0.0043,-0.0109
1774945554.9713,0.0000,0.0000,0.0000,0.0000,0.0000,-3.1318,-0.2130,0.3547,0.0029,-0.0033,-0.0109
1774945554.9917,0.0000,0.0000,0.0000,0.0000,0.0000,-3.1319,-0.2130,-0.6620,0.0050,-0.0012,-0.0098
1774945555.0113,0.0000,0.0000,0.0000,0.0000,0.0000,-3.1324,-0.2128,0.7429,0.0008,-0.0043,-0.0109
1774945555.0313,0.0000,0.0000,0.0000,0.0000,0.0000,-3.1314,-0.2130,0.9230,0.0029,-0.0043,-0.0098
1774945555.0513,0.0000,0.0000,0.0000,0.0000,0.0000,-3.1315,-0.2133,-1.4405,0.0029,-0.0043,-0.0119
1774945555.0715,0.0000,0.0000,0.0000,0.0000,0.0000,-3.1318,-0.2133,0.3464,0.0040,-0.0033,-0.0119
1774945555.0912,0.0000,0.0000,0.0000,0.0000,0.0000,-3.1323,-0.2132,0.0829,0.0050,-0.0043,-0.0109
1774945555.1123,0.0000,0.0000,0.0000,0.0000,0.0000,-3.1324,-0.2133,0.8308,0.0029,-0.0033,-0.0087
1774945555.1313,0.0000,0.0000,0.0000,0.0000,0.0000,-3.1320,-0.2132,-0.1244,0.0050,-0.0022,-0.0098
1774945555.1513,0.0000,0.0000,0.0000,0.0000,0.0000,-3.1323,-0.2134,-0.8662,0.0008,-0.0033,-0.0109
1774945555.1713,0.0000,0.0000,0.0000,0.0000,0.0000,-3.1313,-0.2133,0.7424,0.0050,-0.0054,-0.0109
1774945555.1913,0.0000,0.0000,0.0000,0.0000,0.0000,-3.1320,-0.2132,-0.3326,0.0008,-0.0043,-0.0119
1774945555.2118,0.0000,0.0000,0.0000,0.0000,0.0000,-3.1318,-0.2132,-0.2532,0.0050,-0.0033,-0.0119
1774945555.2313,0.0000,0.0000,0.0000,0.0000,0.0000,-3.1318,-0.2130,-0.4266,0.0040,-0.0033,-0.0109
1774945555.2514,0.0000,0.0000,0.0000,0.0000,0.0000,-3.1329,-0.2133,0.1673,0.0008,-0.0033,-0.0109
1774945555.2713,0.0000,0.0000,0.0000,0.0000,0.0000,-3.1321,-0.2132,0.6697,0.0072,-0.0033,-0.0109
1774945555.2913,0.0000,0.0000,0.0000,0.0000,0.0000,-3.1328,-0.2131,-1.0948,0.0029,-0.0033,-0.0130
1774945555.3113,0.0000,0.0000,0.0000,0.0000,0.0000,-3.1320,-0.2130,0.3402,0.0050,-0.0043,-0.0109
1774945555.3314,0.0000,0.0000,0.0000,0.0000,0.0000,-3.1317,-0.2129,0.0837,0.0029,-0.0043,-0.0109
1774945555.3513,0.0000,0.0000,0.0000,0.0000,0.0000,-3.1319,-0.2132,0.7697,0.0019,-0.0043,-0.0098
1774945555.3713,0.0000,0.0000,0.0000,0.0000,0.0000,-3.1311,-0.2132,-0.5973,0.0061,-0.0033,-0.0109
1774945555.3918,0.0000,0.0000,0.0000,0.0000,0.0000,-3.1322,-0.2131,-1.1607,0.0029,-0.0043,-0.0109
1774945555.4115,0.0000,0.0000,0.0000,0.0000,0.0000,-3.1316,-0.2131,1.2292,0.0040,-0.0033,-0.0109
1774945555.4314,0.0000,0.0000,0.0000,0.0000,0.0000,-3.1322,-0.2129,0.0000,0.0029,-0.0022,-0.0109
1774945555.4522,0.0000,0.0000,0.0000,0.0000,0.0000,-3.1326,-0.2129,-0.2632,0.0029,-0.0033,-0.0109
1774945555.4712,0.0000,0.0000,0.0000,0.0000,0.0000,-3.1323,-0.2129,-1.0294,0.0040,-0.0033,-0.0098
1774945555.4912,0.0000,0.0000,0.0000,0.0000,0.0000,-3.1326,-0.2130,-0.4416,0.0019,-0.0033,-0.0119
1774945555.5113,0.0000,0.0000,0.0000,0.0000,0.0000,-3.1321,-0.2129,-0.4170,0.0040,-0.0033,-0.0109
1774945555.5313,0.0000,0.0000,0.0000,0.0000,0.0000,-3.1326,-0.2130,-1.0711,0.0019,-0.0033,-0.0109
1774945555.5513,0.0000,0.0000,0.0000,0.0000,0.0000,-3.1320,-0.2130,0.7274,0.0040,-0.0043,-0.0119
1774945555.5715,0.0000,0.0000,0.0000,0.0000,0.0000,-3.1320,-0.2132,0.4408,0.0040,-0.0033,-0.0109
1774945555.5912,0.0000,0.0000,0.0000,0.0000,0.0000,-3.1324,-0.2131,0.3572,0.0040,-0.0043,-0.0109
1774945555.6121,0.0000,0.0000,0.0000,0.0000,0.0000,-3.1316,-0.2131,-0.7972,0.0029,-0.0022,-0.0098
1774945555.6316,0.0000,0.0000,0.0000,0.0000,0.0000,-3.1326,-0.2131,-1.3116,0.0029,-0.0033,-0.0109
1774945555.6512,0.0000,0.0000,0.0000,0.0000,0.0000,-3.1323,-0.2131,0.4264,0.0029,-0.0054,-0.0098
1774945555.6712,0.0000,0.0000,0.0000,0.0000,0.0000,-3.1328,-0.2133,0.0849,0.0040,-0.0043,-0.0119
1774945555.6913,0.0000,0.0000,0.0000,0.0000,0.0000,-3.1324,-0.2131,0.8204,0.0040,-0.0033,-0.0109
1774945555.7112,0.0000,0.0000,0.0000,0.0000,0.0000,-3.1321,-0.2130,-0.3031,0.0050,-0.0033,-0.0119
1774945555.7312,0.0000,0.0000,0.0000,0.0000,0.0000,-3.1324,-0.2132,0.4179,0.0019,-0.0033,-0.0098
1774945555.7512,0.0000,0.0000,0.0000,0.0000,0.0000,-3.1314,-0.2131,0.4977,0.0050,-0.0043,-0.0098
1774945555.7712,0.0000,0.0000,0.0000,0.0000,0.0000,-3.1323,-0.2132,-1.3535,0.0008,-0.0033,-0.0109
1774945555.7912,0.0000,0.0000,0.0000,0.0000,0.0000,-3.1318,-0.2131,0.5339,0.0019,-0.0043,-0.0119
1774945555.8112,0.0000,0.0000,0.0000,0.0000,0.0000,-3.1321,-0.2130,0.1284,0.0040,-0.0033,-0.0119
1774945555.8315,0.0000,0.0000,0.0000,0.0000,0.0000,-3.1324,-0.2131,0.5460,0.0029,-0.0033,-0.0109
1774945555.8514,0.0000,0.0000,0.0000,0.0000,0.0000,-3.1321,-0.2129,-0.2897,0.0040,-0.0033,-0.0098
1774945555.8712,0.0000,0.0000,0.0000,0.0000,0.0000,-3.1330,-0.2133,-0.9356,0.0029,-0.0043,-0.0119
1774945555.8912,0.0000,0.0000,0.0000,0.0000,0.0000,-3.1319,-0.2131,1.3544,0.0050,-0.0043,-0.0109
1774945555.9112,0.0000,0.0000,0.0000,0.0000,0.0000,-3.1324,-0.2132,-0.0832,0.0061,-0.0043,-0.0130
1774945555.9320,0.0000,0.0000,0.0000,0.0000,0.0000,-3.1319,-0.2131,0.3459,0.0029,-0.0043,-0.0109
1774945555.9513,0.0000,0.0000,0.0000,0.0000,0.0000,-3.1317,-0.2131,-0.2211,0.0050,-0.0033,-0.0130
1774945555.9721,0.0000,0.0000,0.0000,0.0000,0.0000,-3.1327,-0.2132,0.0853,0.0008,-0.0022,-0.0109
1774945555.9913,0.0000,0.0000,0.0000,0.0000,0.0000,-3.1317,-0.2130,0.1658,0.0050,-0.0043,-0.0109
1774945556.0112,0.0000,0.0000,0.0000,0.0000,0.0000,-3.1327,-0.2132,-1.1430,0.0029,-0.0033,-0.0098
1774945556.0313,0.0000,0.0000,0.0000,0.0000,0.0000,-3.1322,-0.2129,0.8575,0.0040,-0.0043,-0.0098
1774945556.0512,0.0000,0.0000,0.0000,0.0000,0.0000,-3.1321,-0.2129,0.4123,0.0029,-0.0054,-0.0119
1774945556.0713,0.0000,0.0000,0.0000,0.0000,0.0000,-3.1319,-0.2133,0.1270,0.0008,-0.0033,-0.0098
1774945556.0913,0.0000,0.0000,0.0000,0.0000,0.0000,-3.1314,-0.2133,-0.2102,0.0061,-0.0043,-0.0130
1774945556.1112,0.0000,0.0000,0.0000,0.0000,0.0000,-3.1326,-0.2130,-1.1281,0.0008,-0.0033,-0.0098
1774945556.1314,0.0000,0.0000,0.0000,0.0000,0.0000,-3.1320,-0.2131,0.9468,0.0029,-0.0033,-0.0109
1774945556.1513,0.0000,0.0000,0.0000,0.0000,0.0000,-3.1327,-0.2130,0.0848,0.0050,-0.0043,-0.0119
1774945556.1713,0.0000,0.0000,0.0000,0.0000,0.0000,-3.1327,-0.2130,0.1255,0.0008,-0.0043,-0.0098
1774945556.1913,0.0000,0.0000,0.0000,0.0000,0.0000,-3.1325,-0.2132,-0.7665,0.0072,-0.0022,-0.0119
1774945556.2113,0.0000,0.0000,0.0000,0.0000,0.0000,-3.1325,-0.2133,0.5122,0.0029,-0.0043,-0.0119
1774945556.2313,0.0000,0.0000,0.0000,0.0000,0.0000,-3.1316,-0.2130,0.6519,0.0050,-0.0043,-0.0098
1774945556.2514,0.0000,0.0000,0.0000,0.0000,0.0000,-3.1322,-0.2134,0.0433,0.0040,-0.0043,-0.0109
1774945556.2714,0.0000,0.0000,0.0000,0.0000,0.0000,-3.1320,-0.2133,0.4690,0.0040,-0.0043,-0.0119
1774945556.2914,0.0000,0.0000,0.0000,0.0000,0.0000,-3.1319,-0.2132,-0.7528,0.0040,-0.0033,-0.0119
1774945556.3113,0.0000,0.0000,0.0000,0.0000,0.0000,-3.1315,-0.2131,0.8772,0.0050,-0.0043,-0.0098
1774945556.3312,0.0000,0.0000,0.0000,0.0000,0.0000,-3.1313,-0.2131,1.0071,0.0072,-0.0033,-0.0119
1774945556.3512,0.0000,0.0000,0.0000,0.0000,0.0000,-3.1319,-0.2135,1.0985,0.0019,-0.0033,-0.0098
1774945556.3713,0.0000,0.0000,0.0000,0.0000,0.0000,-3.1321,-0.2130,0.7412,0.0050,-0.0054,-0.0109
1774945556.3912,0.0000,0.0000,0.0000,0.0000,0.0000,-3.1328,-0.2129,-2.1209,0.0029,-0.0054,-0.0130
1774945556.4112,0.0000,0.0000,0.0000,0.0000,0.0000,-3.1323,-0.2129,-1.1280,0.0019,-0.0033,-0.0098
1774945556.4312,0.0000,0.0000,0.0000,0.0000,0.0000,-3.1321,-0.2130,-0.5784,0.0050,-0.0022,-0.0109
1774945556.4513,0.0000,0.0000,0.0000,0.0000,0.0000,-3.1328,-0.2133,0.8364,0.0029,-0.0033,-0.0098
1774945556.4713,0.0000,0.0000,0.0000,0.0000,0.0000,-3.1324,-0.2137,1.6005,0.0050,-0.0043,-0.0109
1774945556.4913,0.0000,0.0000,0.0000,0.0000,0.0000,-3.1332,-0.2136,0.2156,0.0019,-0.0043,-0.0109
1774945556.5113,0.0000,0.0000,0.0000,0.0000,0.0000,-3.1327,-0.2136,2.0467,0.0050,-0.0033,-0.0130
1774945556.5315,0.0000,0.0000,0.0000,0.0000,0.0000,-3.1330,-0.2134,1.9036,0.0019,-0.0033,-0.0098
1774945556.5518,0.0000,0.0000,0.0000,0.0000,0.0000,-3.1330,-0.2134,0.5848,0.0029,-0.0043,-0.0087
1774945556.5723,0.0000,0.0000,0.0000,0.0000,0.0000,-3.1328,-0.2133,0.8660,0.0029,-0.0033,-0.0109
1774945556.5912,0.0000,0.0000,0.0000,0.0000,0.0000,-3.1329,-0.2132,-0.6990,0.0029,-0.0033,-0.0109
1774945556.6112,0.0000,0.0000,0.0000,0.0000,0.0000,-3.1323,-0.2130,1.2779,0.0061,-0.0022,-0.0098
1774945556.6349,0.0000,0.0000,0.0000,0.0000,0.0000,-3.1330,-0.2131,-0.2063,0.0061,-0.0033,-0.0119
1774945556.6513,0.0000,0.0000,0.0000,0.0000,0.0000,-3.1328,-0.2131,0.4944,0.0040,-0.0033,-0.0119
1774945556.6712,0.0000,0.0000,0.0000,0.0000,0.0000,-3.1321,-0.2130,0.2119,0.0040,-0.0043,-0.0109
1774945556.6912,0.0000,0.0000,0.0000,0.0000,0.0000,-3.1318,-0.2131,0.3827,0.0019,-0.0043,-0.0119
1774945556.7112,0.0000,0.0000,0.0000,0.0000,0.0000,-3.1302,-0.2133,0.2577,0.0050,-0.0043,-0.0130
1774945556.7317,0.0000,0.0000,0.0000,0.0000,0.0000,-3.1308,-0.2134,0.7490,0.0019,-0.0033,-0.0130
1774945556.7512,0.0000,0.0000,0.0000,0.0000,0.0000,-3.1305,-0.2131,0.3373,0.0019,-0.0054,-0.0109
1774945556.7712,0.0000,0.0000,0.0000,0.0000,0.0000,-3.1309,-0.2132,0.6803,0.0050,-0.0043,-0.0130
1774945556.7912,0.0000,0.0000,0.0000,0.0000,0.0000,-3.1313,-0.2132,1.1579,0.0019,-0.0033,-0.0119
1774945556.8112,0.0000,0.0000,0.0000,0.0000,0.0000,-3.1313,-0.2130,-0.2251,0.0040,-0.0033,-0.0098
1774945556.8337,0.0000,0.0000,0.0000,0.0000,0.0000,-3.1322,-0.2130,1.2908,0.0008,-0.0033,-0.0098
1774945556.8512,0.0000,0.0000,0.0000,0.0000,0.0000,-3.1319,-0.2129,0.8161,0.0061,-0.0043,-0.0130
1774945556.8714,0.0000,0.0000,0.0000,0.0000,0.0000,-3.1322,-0.2129,-0.7925,0.0029,-0.0033,-0.0109
1774945556.8913,0.0000,0.0000,0.0000,0.0000,0.0000,-3.1318,-0.2129,-0.4079,0.0050,-0.0043,-0.0098
1774945556.9112,0.0000,0.0000,0.0000,0.0000,0.0000,-3.1316,-0.2129,-0.3422,0.0040,-0.0033,-0.0109
1774945556.9314,0.0000,0.0000,0.0000,0.0000,0.0000,-3.1313,-0.2131,1.4474,0.0040,-0.0033,-0.0109
1774945556.9512,0.0000,0.0000,0.0000,0.0000,0.0000,-3.1314,-0.2132,-0.0885,0.0050,-0.0033,-0.0109
1774945556.9715,0.0000,0.0000,0.0000,0.0000,0.0000,-3.1319,-0.2132,-0.3436,0.0008,-0.0033,-0.0119
1774945556.9916,0.0000,0.0000,0.0000,0.0000,0.0000,-3.1320,-0.2131,1.0031,0.0040,-0.0054,-0.0109
1774945557.0113,0.0000,0.0000,0.0000,0.0000,0.0000,-3.1326,-0.2131,0.1642,0.0050,-0.0033,-0.0119
1774945557.0315,0.0000,0.0000,0.0000,0.0000,0.0000,-3.1331,-0.2131,0.6579,0.0040,-0.0033,-0.0119
1774945557.0513,0.0000,0.0000,0.0000,0.0000,0.0000,-3.1327,-0.2130,-0.9652,0.0061,-0.0022,-0.0119
1774945557.0713,0.0000,0.0000,0.0000,0.0000,0.0000,-3.1330,-0.2132,-0.8147,-0.0003,-0.0033,-0.0087
1774945557.0912,0.0000,0.0000,0.0000,0.0000,0.0000,-3.1318,-0.2133,0.8658,0.0050,-0.0033,-0.0109
1774945557.1112,0.0000,0.0000,0.0000,0.0000,0.0000,-3.1322,-0.2132,-0.6492,0.0040,-0.0033,-0.0119
1774945557.1318,0.0000,0.0000,0.0000,0.0000,0.0000,-3.1317,-0.2133,0.4303,0.0029,-0.0033,-0.0109
1774945557.1513,0.0000,0.0000,0.0000,0.0000,0.0000,-3.1316,-0.2131,0.0827,0.0040,-0.0033,-0.0109
1774945557.1712,0.0000,0.0000,0.0000,0.0000,0.0000,-3.1321,-0.2133,0.5182,0.0029,-0.0033,-0.0119
1774945557.1921,0.0000,0.0000,0.0000,0.0000,0.0000,-3.1323,-0.2128,0.9287,0.0050,-0.0054,-0.0119
1774945557.2112,0.0000,0.0000,0.0000,0.0000,0.0000,-3.1326,-0.2132,-1.5342,0.0019,-0.0033,-0.0098
1774945557.2317,0.0000,0.0000,0.0000,0.0000,0.0000,-3.1329,-0.2131,1.1614,0.0040,-0.0022,-0.0141
1774945557.2512,0.0000,0.0000,0.0000,0.0000,0.0000,-3.1333,-0.2128,1.0808,0.0061,-0.0033,-0.0130
1774945557.2713,0.0000,0.0000,0.0000,0.0000,0.0000,-3.1330,-0.2128,-0.2142,0.0029,-0.0033,-0.0109
1774945557.2913,0.0000,0.0000,0.0000,0.0000,0.0000,-3.1317,-0.2126,0.1278,0.0040,-0.0033,-0.0119
1774945557.3112,0.0000,0.0000,0.0000,0.0000,0.0000,-3.1317,-0.2126,-1.2502,0.0008,-0.0033,-0.0077
1774945557.3313,0.0000,0.0000,0.0000,0.0000,0.0000,-3.1312,-0.2127,1.4700,0.0019,-0.0033,-0.0087
1774945557.3512,0.0000,0.0000,0.0000,0.0000,0.0000,-3.1316,-0.2128,-0.4229,0.0050,-0.0033,-0.0109
1774945557.3713,0.0000,0.0000,0.0000,0.0000,0.0000,-3.1323,-0.2131,0.6799,0.0029,-0.0043,-0.0098
1774945557.3913,0.0000,0.0000,0.0000,0.0000,0.0000,-3.1319,-0.2132,-0.4598,0.0040,-0.0043,-0.0119
1774945557.4113,0.0000,0.0000,0.0000,0.0000,0.0000,-3.1327,-0.2133,-0.7924,0.0019,-0.0022,-0.0109
1774945557.4313,0.0000,0.0000,0.0000,0.0000,0.0000,-3.1324,-0.2131,0.8130,0.0050,-0.0043,-0.0119
1774945557.4516,0.0000,0.0000,0.0000,0.0000,0.0000,-3.1328,-0.2130,-0.7721,0.0029,-0.0033,-0.0109
1774945557.4713,0.0000,0.0000,0.0000,0.0000,0.0000,-3.1317,-0.2119,-0.1676,0.0050,-0.0086,-0.0098
1774945557.4916,0.0000,0.0000,0.0000,0.0000,0.0000,-3.1328,-0.2120,0.4763,0.0082,-0.0075,-0.0098
1774945557.5112,0.0000,0.0000,0.0000,0.0000,0.0000,-3.1356,-0.2124,3.6673,-0.0013,-0.0033,-0.0098
1774945557.5313,0.0000,0.0000,0.0000,0.0000,0.0000,-3.1354,-0.2122,-0.6027,0.0061,-0.0043,-0.0130
1774945557.5512,0.0000,0.0000,0.0000,0.0000,0.0000,-3.1348,-0.2124,-2.5316,0.0019,-0.0054,-0.0130
1774945557.5712,0.0000,0.0000,0.0000,0.0000,0.0000,-3.1345,-0.2135,2.8580,-0.0024,-0.0054,-0.0130
1774945557.5912,0.0000,0.0000,0.0000,0.0000,0.0000,-3.1339,-0.2135,0.7616,0.0050,-0.0012,-0.0087
1774945557.6112,0.0000,0.0000,0.0000,0.0000,0.0000,-3.1340,-0.2130,2.0670,0.0061,-0.0054,-0.0087
1774945557.6316,0.0000,0.0000,0.0000,0.0000,0.0000,-3.1346,-0.2134,-2.7266,0.0029,-0.0033,-0.0087
1774945557.6513,0.0000,0.0000,0.0000,0.0000,0.0000,-3.1340,-0.2132,-0.8409,0.0019,-0.0012,-0.0098
1774945557.6714,0.0000,0.0000,0.0000,0.0000,0.0000,-3.1334,-0.2124,1.9899,0.0040,-0.0054,-0.0109
1774945557.6924,0.0000,0.0000,0.0000,0.0000,0.0000,-3.1336,-0.2130,-0.5689,-0.0003,-0.0043,-0.0109
1774945557.7113,0.0000,0.0000,0.0000,0.0000,0.0000,-3.1326,-0.2132,0.5249,0.0019,-0.0012,-0.0130
1774945557.7313,0.0000,0.0000,0.0000,0.0000,0.0000,-3.1329,-0.2127,-0.0843,0.0082,-0.0022,-0.0109
1774945557.7514,0.0000,0.0000,0.0000,0.0000,0.0000,-3.1341,-0.2131,-1.6332,0.0040,-0.0043,-0.0098
1774945557.7713,0.0000,0.0000,0.0000,0.0000,0.0000,-3.1330,-0.2128,1.1731,0.0082,-0.0022,-0.0087
1774945557.7923,0.0000,0.0000,0.0000,0.0000,0.0000,-3.1323,-0.2127,0.0425,0.0040,-0.0054,-0.0098
1774945557.8112,0.0000,0.0000,0.0000,0.0000,0.0000,-3.1309,-0.2130,-0.5850,0.0029,-0.0043,-0.0130
1774945557.8314,0.0000,0.0000,0.0000,0.0000,0.0000,-3.1301,-0.2129,0.4267,-0.0024,-0.0012,-0.0130
1774945557.8513,0.0000,0.0000,0.0000,0.0000,0.0000,-3.1296,-0.2129,0.6995,0.0019,-0.0043,-0.0130
1774945557.8715,0.0000,0.0000,0.0000,0.0000,0.0000,-3.1303,-0.2131,-1.0905,0.0040,-0.0033,-0.0077
1774945557.8913,0.0000,0.0000,0.0000,0.0000,0.0000,-3.1319,-0.2132,-0.9316,0.0040,-0.0033,-0.0119
1774945557.9113,0.0000,0.0000,0.0000,0.0000,0.0000,-3.1317,-0.2129,1.8642,0.0082,-0.0054,-0.0109
1774945557.9314,0.0000,0.0000,0.0000,0.0000,0.0000,-3.1332,-0.2128,-0.7120,0.0072,-0.0033,-0.0098
1774945557.9517,0.0000,0.0000,0.0000,0.0000,0.0000,-3.1329,-0.2130,0.3755,0.0040,-0.0033,-0.0109
1774945557.9714,0.0000,0.0000,0.0000,0.0000,0.0000,-3.1320,-0.2130,-0.6315,0.0040,-0.0043,-0.0119
1774945557.9914,0.0000,0.0000,0.0000,0.0000,0.0000,-3.1318,-0.2133,-1.3358,-0.0003,-0.0043,-0.0109
1774945558.0120,0.0000,0.0000,0.0000,0.0000,0.0000,-3.1306,-0.2134,0.4106,0.0050,-0.0033,-0.0119
1774945558.0314,0.0000,0.0000,0.0000,0.0000,0.0000,-3.1317,-0.2135,1.1422,0.0050,-0.0043,-0.0109
1774945558.0513,0.0000,0.0000,0.0000,0.0000,0.0000,-3.1312,-0.2133,0.0420,0.0029,-0.0054,-0.0109
1774945558.0713,0.0000,0.0000,0.0000,0.0000,0.0000,-3.1317,-0.2131,0.2500,0.0040,-0.0033,-0.0119
1774945558.0913,0.0000,0.0000,0.0000,0.0000,0.0000,-3.1326,-0.2131,0.8930,0.0029,-0.0033,-0.0098
1774945558.1120,0.0000,0.0000,0.0000,0.0000,0.0000,-3.1322,-0.2132,-0.6558,0.0040,-0.0043,-0.0087
1774945558.1312,0.0000,0.0000,0.0000,0.0000,0.0000,-3.1330,-0.2130,0.0425,0.0019,-0.0043,-0.0119
1774945558.1513,0.0000,0.0000,0.0000,0.0000,0.0000,-3.1322,-0.2128,0.9555,0.0040,-0.0043,-0.0119
1774945558.1713,0.0000,0.0000,0.0000,0.0000,0.0000,-3.1324,-0.2129,-1.2488,0.0040,-0.0043,-0.0109
1774945558.1912,0.0000,0.0000,0.0000,0.0000,0.0000,-3.1322,-0.2130,0.5153,0.0040,-0.0033,-0.0109
1774945558.2117,0.0000,0.0000,0.0000,0.0000,0.0000,-3.1315,-0.2130,-0.9504,0.0040,-0.0033,-0.0109
1774945558.2314,0.0000,0.0000,0.0000,0.0000,0.0000,-3.1317,-0.2132,-0.7836,0.0029,-0.0033,-0.0119
1774945558.2514,0.0000,0.0000,0.0000,0.0000,0.0000,-3.1309,-0.2132,1.5396,0.0029,-0.0033,-0.0119
1774945558.2713,0.0000,0.0000,0.0000,0.0000,0.0000,-3.1317,-0.2131,-0.4255,0.0040,-0.0043,-0.0141
1774945558.2914,0.0000,0.0000,0.0000,0.0000,0.0000,-3.1320,-0.2131,0.6703,0.0029,-0.0033,-0.0109
1774945558.3112,0.0000,0.0000,0.0000,0.0000,0.0000,-3.1325,-0.2128,0.6371,0.0040,-0.0033,-0.0119
1774945558.3328,0.0000,0.0000,0.0000,0.0000,0.0000,-3.1329,-0.2129,0.3421,0.0040,-0.0033,-0.0109
1774945558.3512,0.0000,0.0000,0.0000,0.0000,0.0000,-3.1326,-0.2130,-0.9097,0.0050,-0.0022,-0.0109
1774945558.3715,0.0000,0.0000,0.0000,0.0000,0.0000,-3.1331,-0.2130,-0.9669,0.0029,-0.0033,-0.0130
1774945558.3913,0.0000,0.0000,0.0000,0.0000,0.0000,-3.1316,-0.2130,1.0593,0.0040,-0.0043,-0.0130
1774945558.4112,0.0000,0.0000,0.0000,0.0000,0.0000,-3.1314,-0.2131,-0.4864,0.0029,-0.0043,-0.0130
1774945558.4328,0.0000,0.0000,0.0000,0.0000,0.0000,-3.1312,-0.2131,0.6002,0.0029,-0.0033,-0.0098
1774945558.4512,0.0000,0.0000,0.0000,0.0000,0.0000,-3.1312,-0.2130,-0.9598,0.0040,-0.0033,-0.0119
1774945558.4716,0.0000,0.0000,0.0000,0.0000,0.0000,-3.1318,-0.2130,0.2828,0.0029,-0.0033,-0.0087
1774945558.4915,0.0000,0.0000,0.0000,0.0000,0.0000,-3.1316,-0.2129,0.8549,0.0061,-0.0033,-0.0109
1774945558.5113,0.0000,0.0000,0.0000,0.0000,0.0000,-3.1331,-0.2130,-1.6437,0.0029,-0.0043,-0.0119
1774945558.5314,0.0000,0.0000,0.0000,0.0000,0.0000,-3.1325,-0.2129,0.0838,0.0019,-0.0012,-0.0098
1774945558.5512,0.0000,0.0000,0.0000,0.0000,0.0000,-3.1324,-0.2129,0.3299,0.0019,-0.0033,-0.0109
1774945558.5714,0.0000,0.0000,0.0000,0.0000,0.0000,-3.1322,-0.2130,0.4046,0.0019,-0.0033,-0.0098
1774945558.5913,0.0000,0.0000,0.0000,0.0000,0.0000,-3.1312,-0.2130,-0.6074,0.0029,-0.0033,-0.0098
1774945558.6112,0.0000,0.0000,0.0000,0.0000,0.0000,-3.1320,-0.2131,-1.3019,0.0008,-0.0043,-0.0109
1774945558.6312,0.0000,0.0000,0.0000,0.0000,0.0000,-3.1311,-0.2130,0.7921,0.0050,-0.0043,-0.0109
1774945558.6512,0.0000,0.0000,0.0000,0.0000,0.0000,-3.1316,-0.2132,0.1668,0.0061,-0.0043,-0.0130
1774945558.6712,0.0000,0.0000,0.0000,0.0000,0.0000,-3.1316,-0.2130,-0.0419,0.0040,-0.0033,-0.0109
1774945558.6913,0.0000,0.0000,0.0000,0.0000,0.0000,-3.1317,-0.2131,-0.7656,0.0040,-0.0033,-0.0119
1774945558.7113,0.0000,0.0000,0.0000,0.0000,0.0000,-3.1326,-0.2132,-0.6761,0.0019,-0.0043,-0.0119
1774945558.7316,0.0000,0.0000,0.0000,0.0000,0.0000,-3.1318,-0.2130,0.2077,0.0061,-0.0033,-0.0109
1774945558.7513,0.0000,0.0000,0.0000,0.0000,0.0000,-3.1327,-0.2132,-1.3664,0.0040,-0.0043,-0.0109
1774945558.7712,0.0000,0.0000,0.0000,0.0000,0.0000,-3.1322,-0.2131,0.1665,0.0050,-0.0033,-0.0119
1774945558.7912,0.0000,0.0000,0.0000,0.0000,0.0000,-3.1316,-0.2130,0.3820,0.0050,-0.0033,-0.0109
1774945558.8113,0.0000,0.0000,0.0000,0.0000,0.0000,-3.1321,-0.2131,0.9082,0.0029,-0.0043,-0.0109
1774945558.8314,0.0000,0.0000,0.0000,0.0000,0.0000,-3.1311,-0.2134,-0.5115,0.0040,-0.0043,-0.0119
1774945558.8512,0.0000,0.0000,0.0000,0.0000,0.0000,-3.1319,-0.2133,-0.0828,0.0008,-0.0054,-0.0119
1774945558.8712,0.0000,0.0000,0.0000,0.0000,0.0000,-3.1313,-0.2133,1.4781,0.0050,-0.0043,-0.0119
1774945558.8912,0.0000,0.0000,0.0000,0.0000,0.0000,-3.1321,-0.2131,-0.9763,0.0050,-0.0043,-0.0119
1774945558.9112,0.0000,0.0000,0.0000,0.0000,0.0000,-3.1323,-0.2131,-0.0869,0.0029,-0.0022,-0.0098
1774945558.9314,0.0000,0.0000,0.0000,0.0000,0.0000,-3.1320,-0.2131,-0.2152,0.0072,-0.0033,-0.0109
1774945558.9514,0.0000,0.0000,0.0000,0.0000,0.0000,-3.1329,-0.2132,-0.0412,0.0008,-0.0033,-0.0087
1774945558.9713,0.0000,0.0000,0.0000,0.0000,0.0000,-3.1320,-0.2133,0.4657,0.0040,-0.0043,-0.0119
1774945558.9912,0.0000,0.0000,0.0000,0.0000,0.0000,-3.1324,-0.2134,-1.5324,0.0029,-0.0033,-0.0109
1774945559.0114,0.0000,0.0000,0.0000,0.0000,0.0000,-3.1317,-0.2131,0.5247,0.0050,-0.0043,-0.0109
1774945559.0312,0.0000,0.0000,0.0000,0.0000,0.0000,-3.1319,-0.2131,0.4846,0.0040,-0.0033,-0.0098
1774945559.0513,0.0000,0.0000,0.0000,0.0000,0.0000,-3.1322,-0.2131,0.6801,0.0019,-0.0033,-0.0098
1774945559.0713,0.0000,0.0000,0.0000,0.0000,0.0000,-3.1317,-0.2130,-0.7445,0.0050,-0.0033,-0.0109
1774945559.0913,0.0000,0.0000,0.0000,0.0000,0.0000,-3.1326,-0.2133,-1.1079,0.0029,-0.0022,-0.0109
1774945559.1112,0.0000,0.0000,0.0000,0.0000,0.0000,-3.1321,-0.2131,1.3159,0.0050,-0.0033,-0.0109
1774945559.1312,0.0000,0.0000,0.0000,0.0000,0.0000,-3.1325,-0.2131,-0.5371,0.0040,-0.0054,-0.0109
1774945559.1513,0.0000,0.0000,0.0000,0.0000,0.0000,-3.1324,-0.2131,0.1305,0.0019,-0.0043,-0.0098
1774945559.1713,0.0000,0.0000,0.0000,0.0000,0.0000,-3.1321,-0.2131,-0.7595,0.0040,-0.0043,-0.0098
1774945559.1912,0.0000,0.0000,0.0000,0.0000,0.0000,-3.1325,-0.2133,-0.0419,0.0029,-0.0043,-0.0119
1774945559.2112,0.0000,0.0000,0.0000,0.0000,0.0000,-3.1315,-0.2132,0.4931,0.0050,-0.0033,-0.0119
1774945559.2350,0.0000,0.0000,0.0000,0.0000,0.0000,-3.1320,-0.2131,0.3697,0.0029,-0.0033,-0.0119
1774945559.2520,0.0000,0.0000,0.0000,0.0000,0.0000,-3.1316,-0.2130,0.6355,0.0040,-0.0054,-0.0119
1774945559.2712,0.0000,0.0000,0.0000,0.0000,0.0000,-3.1317,-0.2127,0.2105,0.0050,-0.0043,-0.0119
1774945559.2912,0.0000,0.0000,0.0000,0.0000,0.0000,-3.1322,-0.2130,0.3754,0.0029,-0.0043,-0.0119
1774945559.3112,0.0000,0.0000,0.0000,0.0000,0.0000,-3.1316,-0.2129,-0.6583,0.0050,-0.0033,-0.0109
1774945559.3312,0.0000,0.0000,0.0000,0.0000,0.0000,-3.1328,-0.2129,-0.9355,0.0008,-0.0033,-0.0109
1774945559.3513,0.0000,0.0000,0.0000,0.0000,0.0000,-3.1319,-0.2129,0.5577,0.0050,-0.0033,-0.0109
1774945559.3714,0.0000,0.0000,0.0000,0.0000,0.0000,-3.1321,-0.2128,-0.4630,0.0050,-0.0043,-0.0119
1774945559.3922,0.0000,0.0000,0.0000,0.0000,0.0000,-3.1319,-0.2126,0.0856,0.0029,-0.0054,-0.0119
1774945559.4113,0.0000,0.0000,0.0000,0.0000,0.0000,-3.1313,-0.2127,-0.7822,0.0072,-0.0033,-0.0109
1774945559.4315,0.0000,0.0000,0.0000,0.0000,0.0000,-3.1321,-0.2130,0.1332,0.0008,-0.0033,-0.0109
1774945559.4512,0.0000,0.0000,0.0000,0.0000,0.0000,-3.1318,-0.2130,0.1235,0.0050,-0.0033,-0.0119
1774945559.4713,0.0000,0.0000,0.0000,0.0000,0.0000,-3.1325,-0.2126,-1.0208,0.0019,-0.0086,-0.0119
1774945559.4913,0.0000,0.0000,0.0000,0.0000,0.0000,-3.1315,-0.2132,0.3427,0.0019,-0.0065,-0.0109
1774945559.5112,0.0000,0.0000,0.0000,0.0000,0.0000,-3.1307,-0.2137,0.3816,0.0050,-0.0012,-0.0109
1774945559.5313,0.0000,0.0000,0.0000,0.0000,0.0000,-3.1317,-0.2130,0.2500,0.0029,-0.0033,-0.0098
1774945559.5518,0.0000,0.0000,0.0000,0.0000,0.0000,-3.1323,-0.2127,-0.6189,0.0040,-0.0043,-0.0119
1774945559.5716,0.0000,0.0000,0.0000,0.0000,0.0000,-3.1335,-0.2134,0.1237,0.0050,-0.0022,-0.0109
1774945559.5913,0.0000,0.0000,0.0000,0.0000,0.0000,-3.1337,-0.2132,2.0924,0.0061,-0.0054,-0.0119
1774945559.6112,0.0000,0.0000,0.0000,0.0000,0.0000,-3.1337,-0.2131,-0.4154,0.0040,-0.0043,-0.0109
1774945559.6312,0.0000,0.0000,0.0000,0.0000,0.0000,-3.1331,-0.2135,0.2905,0.0050,-0.0033,-0.0098
1774945559.6512,0.0000,0.0000,0.0000,0.0000,0.0000,-3.1327,-0.2131,-0.3416,0.0029,-0.0022,-0.0098
1774945559.6713,0.0000,0.0000,0.0000,0.0000,0.0000,-3.1316,-0.2131,0.9557,0.0029,-0.0033,-0.0119
1774945559.6914,0.0000,0.0000,0.0000,0.0000,0.0000,-3.1301,-0.2133,0.7066,0.0050,-0.0054,-0.0119
1774945559.7114,0.0000,0.0000,0.0000,0.0000,0.0000,-3.1313,-0.2135,-1.0565,0.0029,-0.0033,-0.0109
1774945559.7314,0.0000,0.0000,0.0000,0.0000,0.0000,-3.1314,-0.2131,0.6712,0.0008,-0.0033,-0.0077
1774945559.7517,0.0000,0.0000,0.0000,0.0000,0.0000,-3.1323,-0.2132,-1.3086,0.0008,-0.0054,-0.0119
1774945559.7713,0.0000,0.0000,0.0000,0.0000,0.0000,-3.1333,-0.2132,-0.1296,0.0019,-0.0033,-0.0119
1774945559.7915,0.0000,0.0000,0.0000,0.0000,0.0000,-3.1331,-0.2131,0.6078,0.0061,-0.0033,-0.0119
1774945559.8113,0.0000,0.0000,0.0000,0.0000,0.0000,-3.1339,-0.2132,-1.8646,0.0019,-0.0043,-0.0109
1774945559.8321,0.0000,0.0000,0.0000,0.0000,0.0000,-3.1325,-0.2134,1.7510,0.0029,-0.0033,-0.0098
1774945559.8513,0.0000,0.0000,0.0000,0.0000,0.0000,-3.1321,-0.2133,0.4164,0.0029,-0.0033,-0.0119
1774945559.8713,0.0000,0.0000,0.0000,0.0000,0.0000,-3.1318,-0.2137,0.7168,0.0040,-0.0012,-0.0098
1774945559.8915,0.0000,0.0000,0.0000,0.0000,0.0000,-3.1316,-0.2133,0.0000,0.0061,-0.0001,-0.0087
1774945559.9113,0.0000,0.0000,0.0000,0.0000,0.0000,-3.1330,-0.2126,-1.7448,0.0040,0.0010,-0.0098
1774945559.9314,0.0000,0.0000,0.0000,0.0000,0.0000,-3.1323,-0.2125,0.8112,0.0061,-0.0012,-0.0087
1774945559.9513,0.0000,0.0000,0.0000,0.0000,0.0000,-3.1329,-0.2125,-0.2530,0.0072,0.0010,-0.0098
1774945559.9713,0.0000,0.0000,0.0000,0.0000,0.0000,-3.1334,-0.2126,0.8348,0.0061,0.0010,-0.0077
1774945559.9913,0.0000,0.0000,0.0000,0.0000,0.0000,-3.1320,-0.2127,-0.8261,0.0093,0.0010,-0.0098
1774945560.0113,0.0000,0.0000,0.0000,0.0000,0.0000,-3.1308,-0.2127,0.0000,0.0082,-0.0001,-0.0077
1774945560.0317,0.0000,0.0000,0.0000,0.0000,0.0000,-3.1293,-0.2130,1.0120,0.0082,-0.0001,-0.0077
1774945560.0517,0.0000,0.0000,0.0000,0.0000,0.0000,-3.1286,-0.2133,-1.0028,0.0050,-0.0012,-0.0098
1774945560.0716,0.0000,0.0000,0.0000,0.0000,0.0000,-3.1283,-0.2136,0.5972,0.0040,-0.0022,-0.0098
1774945560.0915,0.0000,0.0000,0.0000,0.0000,0.0000,-3.1285,-0.2135,-0.2914,0.0019,-0.0043,-0.0141
1774945560.1117,0.0000,0.0000,0.0000,0.0000,0.0000,-3.1288,-0.2141,1.4427,0.0008,-0.0033,-0.0098
1774945560.1312,0.0000,0.0000,0.0000,0.0000,0.0000,-3.1289,-0.2141,-0.6698,0.0061,-0.0033,-0.0119
1774945560.1512,0.0000,0.0000,0.0000,0.0000,0.0000,-3.1305,-0.2142,0.4793,0.0008,-0.0054,-0.0119
1774945560.1713,0.0000,0.0000,0.0000,0.0000,0.0000,-3.1304,-0.2139,-1.0356,-0.0003,-0.0086,-0.0119
1774945560.1913,0.0000,0.0000,0.0000,0.0000,0.0000,-3.1300,-0.2139,-0.6339,-0.0003,-0.0097,-0.0109
1774945560.2116,0.0000,0.0000,0.0000,0.0000,0.0000,-3.1296,-0.2139,0.1696,-0.0035,-0.0129,-0.0130
1774945560.2325,0.0000,0.0000,0.0000,0.0000,0.0000,-3.1280,-0.2141,-1.4748,0.0019,-0.0129,-0.0162
1774945560.2516,0.0000,0.0000,0.0000,0.0000,0.0000,-3.1266,-0.2143,0.4006,-0.0056,-0.0129,-0.0162
1774945560.2713,0.0000,0.0000,0.0000,0.0000,0.0000,-3.1279,-0.2138,1.1576,-0.0024,-0.0107,-0.0151
1774945560.2914,0.0000,0.0000,0.0000,0.0000,0.0000,-3.1300,-0.2135,0.5526,-0.0056,-0.0107,-0.0109
1774945560.3112,0.0000,0.0000,0.0000,0.0000,0.0000,-3.1316,-0.2125,-1.3210,-0.0035,-0.0086,-0.0119
1774945560.3317,0.0000,0.0000,0.0000,0.0000,0.0000,-3.1333,-0.2122,-0.7485,0.0029,-0.0065,-0.0130
1774945560.3513,0.0000,0.0000,0.0000,0.0000,0.0000,-3.1356,-0.2123,1.2455,0.0040,-0.0043,-0.0109
1774945560.3713,0.0000,0.0000,0.0000,0.0000,0.0000,-3.1389,-0.2118,-0.6329,0.0072,-0.0012,-0.0098
1774945560.3912,0.0000,0.0000,0.0000,0.0000,0.0000,-3.1397,-0.2120,-0.6643,0.0061,-0.0022,-0.0087
1774945560.4112,0.0000,0.0000,0.0000,0.0000,0.0000,-3.1374,-0.2122,1.7700,0.0082,-0.0043,-0.0087
1774945560.4324,0.0000,0.0000,0.0000,0.0000,0.0000,-3.1355,-0.2128,2.9646,0.0019,-0.0033,-0.0130
1774945560.4513,0.0000,0.0000,0.0000,0.0000,0.0000,-3.1326,-0.2126,0.6723,0.0008,-0.0043,-0.0130
1774945560.4713,0.0000,0.0000,0.0000,0.0000,0.0000,-3.1314,-0.2128,-4.2593,0.0040,-0.0033,-0.0119
1774945560.4912,0.0000,0.0000,0.0000,0.0000,0.0000,-3.1308,-0.2129,-3.3784,0.0019,-0.0033,-0.0109
1774945560.5113,0.0000,0.0000,0.0000,0.0000,0.0000,-3.1308,-0.2125,0.0000,0.0050,-0.0054,-0.0087
1774945560.5345,0.0000,0.0000,0.0000,0.0000,0.0000,-3.1307,-0.2129,-1.1128,0.0040,-0.0054,-0.0098
1774945560.5513,0.0000,0.0000,0.0000,0.0000,0.0000,-3.1315,-0.2124,1.4859,0.0061,-0.0022,-0.0119
1774945560.5712,0.0000,0.0000,0.0000,0.0000,0.0000,-3.1327,-0.2118,1.4049,0.0008,-0.0033,-0.0119
1774945560.5913,0.0000,0.0000,0.0000,0.0000,0.0000,-3.1336,-0.2122,0.0829,0.0008,-0.0043,-0.0119
1774945560.6115,0.0000,0.0000,0.0000,0.0000,0.0000,-3.1343,-0.2121,-1.7355,0.0082,-0.0033,-0.0119
1774945560.6326,0.0000,0.0000,0.0000,0.0000,0.0000,-3.1343,-0.2123,-0.7414,0.0019,-0.0054,-0.0098
1774945560.6513,0.0000,0.0000,0.0000,0.0000,0.0000,-3.1332,-0.2127,0.1341,0.0082,-0.0043,-0.0087
1774945560.6713,0.0000,0.0000,0.0000,0.0000,0.0000,-3.1316,-0.2128,-0.0429,0.0072,-0.0043,-0.0098
1774945560.6913,0.0000,0.0000,0.0000,0.0000,0.0000,-3.1303,-0.2130,0.3746,0.0040,-0.0033,-0.0087
1774945560.7113,0.0000,0.0000,0.0000,0.0000,0.0000,-3.1296,-0.2131,-0.9759,0.0040,-0.0033,-0.0109
1774945560.7317,0.0000,0.0000,0.0000,0.0000,0.0000,-3.1308,-0.2131,0.5540,0.0008,-0.0033,-0.0119
1774945560.7512,0.0000,0.0000,0.0000,0.0000,0.0000,-3.1325,-0.2128,1.2134,0.0029,-0.0033,-0.0141
1774945560.7715,0.0000,0.0000,0.0000,0.0000,0.0000,-3.1348,-0.2124,-0.5776,0.0019,-0.0033,-0.0109
1774945560.7913,0.0000,0.0000,0.0000,0.0000,0.0000,-3.1357,-0.2121,1.0395,0.0050,-0.0033,-0.0109
1774945560.8113,0.0000,0.0000,0.0000,0.0000,0.0000,-3.1351,-0.2121,0.1290,0.0082,-0.0033,-0.0109
1774945560.8318,0.0000,0.0000,0.0000,0.0000,0.0000,-3.1340,-0.2125,0.1647,0.0050,-0.0033,-0.0098
1774945560.8514,0.0000,0.0000,0.0000,0.0000,0.0000,-3.1326,-0.2127,-0.3851,0.0050,-0.0043,-0.0098
1774945560.8712,0.0000,0.0000,0.0000,0.0000,0.0000,-3.1306,-0.2132,-1.2585,-0.0003,-0.0043,-0.0130
1774945560.8912,0.0000,0.0000,0.0000,0.0000,0.0000,-3.1296,-0.2133,0.8711,0.0029,-0.0043,-0.0119
1774945560.9112,0.0000,0.0000,0.0000,0.0000,0.0000,-3.1302,-0.2131,1.0830,0.0019,-0.0022,-0.0119
1774945560.9324,0.0000,0.0000,0.0000,0.0000,0.0000,-3.1315,-0.2130,0.4670,0.0029,-0.0043,-0.0109
1774945560.9514,0.0000,0.0000,0.0000,0.0000,0.0000,-3.1329,-0.2127,-0.9132,0.0050,-0.0022,-0.0119
1774945560.9718,0.0000,0.0000,0.0000,0.0000,0.0000,-3.1341,-0.2127,-0.2634,0.0029,-0.0043,-0.0098
1774945560.9914,0.0000,0.0000,0.0000,0.0000,0.0000,-3.1343,-0.2126,1.9825,0.0050,-0.0043,-0.0109
1774945561.0120,0.0000,0.0000,0.0000,0.0000,0.0000,-3.1347,-0.2125,-2.7628,0.0029,-0.0033,-0.0109
1774945561.0314,0.0000,0.0000,0.0000,0.0000,0.0000,-3.1335,-0.2127,0.6712,0.0050,-0.0033,-0.0109
1774945561.0516,0.0000,0.0000,0.0000,0.0000,0.0000,-3.1325,-0.2129,0.4310,0.0029,-0.0033,-0.0109
1774945561.0717,0.0000,0.0000,0.0000,0.0000,0.0000,-3.1324,-0.2136,2.6869,0.0029,-0.0033,-0.0109
1774945561.0913,0.0000,0.0000,0.0000,0.0000,0.0000,-3.1317,-0.2135,1.3237,0.0050,-0.0054,-0.0109
1774945561.1113,0.0000,0.0000,0.0000,0.0000,0.0000,-3.1315,-0.2134,-1.7986,0.0019,-0.0022,-0.0119
1774945561.1348,0.0000,0.0000,0.0000,0.0000,0.0000,-3.1303,-0.2136,0.8041,0.0040,-0.0043,-0.0130
1774945561.1513,0.0000,0.0000,0.0000,0.0000,0.0000,-3.1311,-0.2130,0.0874,0.0029,-0.0043,-0.0109
1774945561.1714,0.0000,0.0000,0.0000,0.0000,0.0000,-3.1319,-0.2131,0.1674,0.0029,-0.0033,-0.0098
1774945561.1912,0.0000,0.0000,0.0000,0.0000,0.0000,-3.1317,-0.2129,0.7599,0.0029,-0.0022,-0.0119
1774945561.2112,0.0000,0.0000,0.0000,0.0000,0.0000,-3.1327,-0.2129,-0.2576,0.0019,-0.0022,-0.0087
1774945561.2322,0.0000,0.0000,0.0000,0.0000,0.0000,-3.1323,-0.2129,2.1220,0.0040,-0.0043,-0.0109
1774945561.2513,0.0000,0.0000,0.0000,0.0000,0.0000,-3.1324,-0.2129,-0.2212,0.0019,-0.0043,-0.0109
1774945561.2713,0.0000,0.0000,0.0000,0.0000,0.0000,-3.1314,-0.2129,0.6699,0.0029,-0.0043,-0.0109
1774945561.2913,0.0000,0.0000,0.0000,0.0000,0.0000,-3.1306,-0.2129,-0.2663,0.0029,-0.0033,-0.0109
1774945561.3113,0.0000,0.0000,0.0000,0.0000,0.0000,-3.1303,-0.2125,-0.0860,0.0029,-0.0033,-0.0119
1774945561.3313,0.0000,0.0000,0.0000,0.0000,0.0000,-3.1308,-0.2125,-2.3431,0.0072,-0.0033,-0.0098
1774945561.3513,0.0000,0.0000,0.0000,0.0000,0.0000,-3.1326,-0.2125,-3.2629,0.0029,-0.0033,-0.0109
1774945561.3712,0.0000,0.0000,0.0000,0.0000,0.0000,-3.1329,-0.2125,0.3077,0.0029,-0.0033,-0.0109
1774945561.3912,0.0000,0.0000,0.0000,0.0000,0.0000,-3.1337,-0.2126,0.3007,0.0029,-0.0054,-0.0109
1774945561.4113,0.0000,0.0000,0.0000,0.0000,0.0000,-3.1337,-0.2125,1.2295,0.0008,-0.0043,-0.0109
1774945561.4315,0.0000,0.0000,0.0000,0.0000,0.0000,-3.1326,-0.2125,0.5809,0.0050,-0.0033,-0.0119
1774945561.4514,0.0000,0.0000,0.0000,0.0000,0.0000,-3.1323,-0.2128,0.4524,0.0050,-0.0043,-0.0119
1774945561.4713,0.0000,0.0000,0.0000,0.0000,0.0000,-3.1316,-0.2128,0.1874,0.0040,-0.0022,-0.0098
1774945561.4913,0.0000,0.0000,0.0000,0.0000,0.0000,-3.1316,-0.2127,-2.3362,0.0040,-0.0054,-0.0119
1774945561.5113,0.0000,0.0000,0.0000,0.0000,0.0000,-3.1315,-0.2126,-1.9356,0.0019,-0.0043,-0.0098
1774945561.5315,0.0000,0.0000,0.0000,0.0000,0.0000,-3.1317,-0.2123,-0.8335,0.0040,-0.0033,-0.0119
1774945561.5512,0.0000,0.0000,0.0000,0.0000,0.0000,-3.1324,-0.2124,1.4086,0.0008,-0.0033,-0.0119
1774945561.5714,0.0000,0.0000,0.0000,0.0000,0.0000,-3.1328,-0.2125,0.3869,0.0050,-0.0022,-0.0109
1774945561.5913,0.0000,0.0000,0.0000,0.0000,0.0000,-3.1338,-0.2128,-0.0848,0.0040,-0.0033,-0.0109
1774945561.6113,0.0000,0.0000,0.0000,0.0000,0.0000,-3.1328,-0.2130,2.1324,0.0040,-0.0043,-0.0087
1774945561.6328,0.0000,0.0000,0.0000,0.0000,0.0000,-3.1332,-0.2131,0.2522,0.0040,-0.0054,-0.0119
1774945561.6512,0.0000,0.0000,0.0000,0.0000,0.0000,-3.1326,-0.2127,1.6393,0.0050,-0.0043,-0.0098
1774945561.6712,0.0000,0.0000,0.0000,0.0000,0.0000,-3.1319,-0.2129,1.0446,0.0061,-0.0043,-0.0109
1774945561.6912,0.0000,0.0000,0.0000,0.0000,0.0000,-3.1325,-0.2132,-0.0857,0.0029,-0.0043,-0.0098
1774945561.7113,0.0000,0.0000,0.0000,0.0000,0.0000,-3.1323,-0.2129,0.8538,0.0050,-0.0022,-0.0109
1774945561.7314,0.0000,0.0000,0.0000,0.0000,0.0000,-3.1333,-0.2129,-1.1348,0.0019,-0.0054,-0.0119
1774945561.7514,0.0000,0.0000,0.0000,0.0000,0.0000,-3.1330,-0.2128,-0.0841,0.0050,-0.0043,-0.0151
1774945561.7722,0.0000,0.0000,0.0000,0.0000,0.0000,-3.1328,-0.2124,0.7756,0.0029,-0.0043,-0.0109
1774945561.7914,0.0000,0.0000,0.0000,0.0000,0.0000,-3.1333,-0.2124,-0.3852,0.0050,-0.0054,-0.0109
1774945561.8112,0.0000,0.0000,0.0000,0.0000,0.0000,-3.1335,-0.2122,-3.0646,0.0082,-0.0033,-0.0109
1774945561.8313,0.0000,0.0000,0.0000,0.0000,0.0000,-3.1333,-0.2123,-2.0742,0.0029,-0.0033,-0.0119
1774945561.8513,0.0000,0.0000,0.0000,0.0000,0.0000,-3.1319,-0.2124,1.4710,0.0040,-0.0043,-0.0098
1774945561.8712,0.0000,0.0000,0.0000,0.0000,0.0000,-3.1319,-0.2127,0.5977,0.0019,-0.0033,-0.0109
1774945561.8912,0.0000,0.0000,0.0000,0.0000,0.0000,-3.1314,-0.2129,1.2947,0.0008,-0.0033,-0.0109
1774945561.9119,0.0000,0.0000,0.0000,0.0000,0.0000,-3.1320,-0.2128,-1.4867,0.0019,-0.0043,-0.0109
1774945561.9314,0.0000,0.0000,0.0000,0.0000,0.0000,-3.1323,-0.2126,-0.1151,0.0029,-0.0033,-0.0098
1774945561.9513,0.0000,0.0000,0.0000,0.0000,0.0000,-3.1325,-0.2125,0.8736,0.0072,-0.0033,-0.0119
1774945561.9713,0.0000,0.0000,0.0000,0.0000,0.0000,-3.1331,-0.2126,-1.4034,0.0050,-0.0043,-0.0109
1774945561.9913,0.0000,0.0000,0.0000,0.0000,0.0000,-3.1331,-0.2128,0.0000,0.0029,-0.0043,-0.0087
1774945562.0113,0.0000,0.0000,0.0000,0.0000,0.0000,-3.1328,-0.2126,0.7315,0.0029,-0.0033,-0.0109
1774945562.0312,0.0000,0.0000,0.0000,0.0000,0.0000,-3.1325,-0.2129,0.9709,0.0019,-0.0043,-0.0119
1774945562.0513,0.0000,0.0000,0.0000,0.0000,0.0000,-3.1316,-0.2130,-0.2564,0.0040,-0.0043,-0.0119
1774945562.0716,0.0000,0.0000,0.0000,0.0000,0.0000,-3.1325,-0.2128,-0.8487,0.0008,-0.0043,-0.0109
1774945562.0912,0.0000,0.0000,0.0000,0.0000,0.0000,-3.1319,-0.2129,0.8020,0.0040,-0.0043,-0.0109
1774945562.1116,0.0000,0.0000,0.0000,0.0000,0.0000,-3.1322,-0.2129,0.0853,0.0061,-0.0043,-0.0130
1774945562.1320,0.0000,0.0000,0.0000,0.0000,0.0000,-3.1319,-0.2127,1.3422,0.0008,-0.0043,-0.0087
1774945562.1514,0.0000,0.0000,0.0000,0.0000,0.0000,-3.1321,-0.2125,-0.5772,0.0050,-0.0033,-0.0130
1774945562.1715,0.0000,0.0000,0.0000,0.0000,0.0000,-3.1329,-0.2127,-0.1690,0.0019,-0.0033,-0.0109
1774945562.1913,0.0000,0.0000,0.0000,0.0000,0.0000,-3.1329,-0.2127,0.5053,0.0040,-0.0043,-0.0109
1774945562.2114,0.0000,0.0000,0.0000,0.0000,0.0000,-3.1330,-0.2127,-0.8668,0.0029,-0.0043,-0.0119
1774945562.2313,0.0000,0.0000,0.0000,0.0000,0.0000,-3.1325,-0.2125,1.0532,0.0050,-0.0043,-0.0109
1774945562.2514,0.0000,0.0000,0.0000,0.0000,0.0000,-3.1327,-0.2125,0.4358,0.0061,-0.0033,-0.0109
1774945562.2715,0.0000,0.0000,0.0000,0.0000,0.0000,-3.1327,-0.2126,0.7079,0.0019,-0.0022,-0.0098
1774945562.2912,0.0000,0.0000,0.0000,0.0000,0.0000,-3.1320,-0.2126,-0.3136,0.0040,-0.0033,-0.0130
1774945562.3113,0.0000,0.0000,0.0000,0.0000,0.0000,-3.1327,-0.2128,-0.7883,0.0040,-0.0033,-0.0119
1774945562.3314,0.0000,0.0000,0.0000,0.0000,0.0000,-3.1323,-0.2126,1.2422,0.0029,-0.0043,-0.0109
1774945562.3516,0.0000,0.0000,0.0000,0.0000,0.0000,-3.1326,-0.2125,-0.2936,0.0050,-0.0033,-0.0119
1774945562.3714,0.0000,0.0000,0.0000,0.0000,0.0000,-3.1322,-0.2125,0.7713,0.0029,-0.0033,-0.0109
1774945562.3912,0.0000,0.0000,0.0000,0.0000,0.0000,-3.1316,-0.2123,-0.4559,0.0050,-0.0022,-0.0119
1774945562.4117,0.0000,0.0000,0.0000,0.0000,0.0000,-3.1319,-0.2124,-0.9713,0.0040,-0.0033,-0.0109
1774945562.4312,0.0000,0.0000,0.0000,0.0000,0.0000,-3.1315,-0.2121,1.2831,0.0029,-0.0033,-0.0098
1774945562.4512,0.0000,0.0000,0.0000,0.0000,0.0000,-3.1315,-0.2120,-1.0906,0.0019,-0.0054,-0.0119
1774945562.4714,0.0000,0.0000,0.0000,0.0000,0.0000,-3.1304,-0.2121,0.0000,0.0040,-0.0043,-0.0098
1774945562.4911,0.0000,0.0000,0.0000,0.0000,0.0000,-3.1312,-0.2120,-0.4975,0.0029,-0.0033,-0.0098
1774945562.5117,0.0000,0.0000,0.0000,0.0000,0.0000,-3.1317,-0.2122,-0.3026,0.0019,-0.0022,-0.0109
1774945562.5321,0.0000,0.0000,0.0000,0.0000,0.0000,-3.1310,-0.2126,0.5512,0.0040,-0.0043,-0.0098
1774945562.5512,0.0000,0.0000,0.0000,0.0000,0.0000,-3.1316,-0.2127,-1.8522,0.0029,-0.0033,-0.0109
1774945562.5715,0.0000,0.0000,0.0000,0.0000,0.0000,-3.1324,-0.2124,0.8683,0.0008,-0.0043,-0.0109
1774945562.5914,0.0000,0.0000,0.0000,0.0000,0.0000,-3.1331,-0.2121,-0.7184,0.0040,-0.0033,-0.0109
1774945562.6116,0.0000,0.0000,0.0000,0.0000,0.0000,-3.1334,-0.2123,-1.0301,0.0008,-0.0033,-0.0098
1774945562.6313,0.0000,0.0000,0.0000,0.0000,0.0000,-3.1335,-0.2125,0.2089,0.0040,-0.0022,-0.0109
1774945562.6513,0.0000,0.0000,0.0000,0.0000,0.0000,-3.1347,-0.2128,-1.0891,0.0029,-0.0033,-0.0130
1774945562.6712,0.0000,0.0000,0.0000,0.0000,0.0000,-3.1334,-0.2126,1.0999,0.0019,-0.0033,-0.0098
1774945562.6942,0.0000,0.0000,0.0000,0.0000,0.0000,-3.1330,-0.2126,1.3591,0.0040,-0.0043,-0.0119
1774945562.7115,0.0000,0.0000,0.0000,0.0000,0.0000,-3.1329,-0.2126,0.6416,0.0029,-0.0033,-0.0098
1774945562.7315,0.0000,0.0000,0.0000,0.0000,0.0000,-3.1326,-0.2126,-0.2305,0.0040,-0.0033,-0.0098
1774945562.7512,0.0000,0.0000,0.0000,0.0000,0.0000,-3.1332,-0.2126,-0.1653,0.0050,-0.0022,-0.0119
1774945562.7717,0.0000,0.0000,0.0000,0.0000,0.0000,-3.1323,-0.2126,0.7199,0.0040,-0.0043,-0.0109
1774945562.7912,0.0000,0.0000,0.0000,0.0000,0.0000,-3.1328,-0.2127,-0.6152,0.0050,-0.0043,-0.0119
1774945562.8119,0.0000,0.0000,0.0000,0.0000,0.0000,-3.1326,-0.2127,-0.2065,0.0050,-0.0043,-0.0109
1774945562.8320,0.0000,0.0000,0.0000,0.0000,0.0000,-3.1323,-0.2128,-0.3359,0.0061,-0.0033,-0.0141
1774945562.8512,0.0000,0.0000,0.0000,0.0000,0.0000,-3.1330,-0.2127,0.7077,0.0029,-0.0043,-0.0098
1774945562.8712,0.0000,0.0000,0.0000,0.0000,0.0000,-3.1320,-0.2127,-0.1302,0.0050,-0.0043,-0.0130
1774945562.8924,0.0000,0.0000,0.0000,0.0000,0.0000,-3.1327,-0.2128,-1.6244,0.0040,-0.0022,-0.0109
1774945562.9117,0.0000,0.0000,0.0000,0.0000,0.0000,-3.1323,-0.2127,0.4199,0.0029,-0.0043,-0.0119
1774945562.9317,0.0000,0.0000,0.0000,0.0000,0.0000,-3.1324,-0.2126,0.5400,0.0040,-0.0043,-0.0098
1774945562.9515,0.0000,0.0000,0.0000,0.0000,0.0000,-3.1326,-0.2124,0.5858,0.0029,-0.0043,-0.0098
1774945562.9714,0.0000,0.0000,0.0000,0.0000,0.0000,-3.1315,-0.2112,-1.5480,0.0082,-0.0086,-0.0098
1774945562.9922,0.0000,0.0000,0.0000,0.0000,0.0000,-3.1322,-0.2123,-2.2383,0.0050,-0.0075,-0.0098
1774945563.0114,0.0000,0.0000,0.0000,0.0000,0.0000,-3.1338,-0.2131,-1.4708,0.0019,-0.0022,-0.0130
1774945563.0312,0.0000,0.0000,0.0000,0.0000,0.0000,-3.1329,-0.2121,0.2549,0.0050,-0.0065,-0.0109
1774945563.0513,0.0000,0.0000,0.0000,0.0000,0.0000,-3.1318,-0.2118,-0.2931,0.0029,-0.0054,-0.0087
1774945563.0714,0.0000,0.0000,0.0000,0.0000,0.0000,-3.1318,-0.2123,0.1241,-0.0003,-0.0012,-0.0151
1774945563.0917,0.0000,0.0000,0.0000,0.0000,0.0000,-3.1307,-0.2126,-0.2162,0.0008,-0.0012,-0.0109
1774945563.1116,0.0000,0.0000,0.0000,0.0000,0.0000,-3.1308,-0.2120,0.0420,0.0050,-0.0054,-0.0119
1774945563.1315,0.0000,0.0000,0.0000,0.0000,0.0000,-3.1321,-0.2122,-2.5508,0.0019,-0.0033,-0.0098
1774945563.1517,0.0000,0.0000,0.0000,0.0000,0.0000,-3.1322,-0.2120,1.3115,0.0040,-0.0022,-0.0119
1774945563.1713,0.0000,0.0000,0.0000,0.0000,0.0000,-3.1331,-0.2118,0.5377,0.0019,-0.0043,-0.0119
1774945563.1913,0.0000,0.0000,0.0000,0.0000,0.0000,-3.1336,-0.2122,1.1631,0.0019,-0.0043,-0.0130
1774945563.2118,0.0000,0.0000,0.0000,0.0000,0.0000,-3.1326,-0.2121,1.2300,0.0029,-0.0022,-0.0109
1774945563.2319,0.0000,0.0000,0.0000,0.0000,0.0000,-3.1340,-0.2119,-0.9969,0.0040,-0.0043,-0.0109
1774945563.2517,0.0000,0.0000,0.0000,0.0000,0.0000,-3.1326,-0.2121,0.5789,0.0061,-0.0043,-0.0087
1774945563.2713,0.0000,0.0000,0.0000,0.0000,0.0000,-3.1321,-0.2124,-0.5041,0.0050,-0.0033,-0.0119
1774945563.2914,0.0000,0.0000,0.0000,0.0000,0.0000,-3.1310,-0.2124,-0.2486,0.0040,-0.0043,-0.0098
1774945563.3116,0.0000,0.0000,0.0000,0.0000,0.0000,-3.1305,-0.2125,-0.2341,0.0008,-0.0043,-0.0109
1774945563.3315,0.0000,0.0000,0.0000,0.0000,0.0000,-3.1312,-0.2127,0.8968,0.0008,-0.0043,-0.0119
1774945563.3512,0.0000,0.0000,0.0000,0.0000,0.0000,-3.1310,-0.2126,-0.0587,0.0050,-0.0022,-0.0109
1774945563.3712,0.0000,0.0000,0.0000,0.0000,0.0000,-3.1329,-0.2126,-1.5474,0.0008,-0.0043,-0.0109
1774945563.3912,0.0000,0.0000,0.0000,0.0000,0.0000,-3.1332,-0.2125,0.8788,0.0040,-0.0033,-0.0098
1774945563.4113,0.0000,0.0000,0.0000,0.0000,0.0000,-3.1339,-0.2124,0.2932,0.0061,-0.0043,-0.0109
1774945563.4312,0.0000,0.0000,0.0000,0.0000,0.0000,-3.1342,-0.2124,0.0849,0.0040,-0.0033,-0.0098
1774945563.4514,0.0000,0.0000,0.0000,0.0000,0.0000,-3.1328,-0.2125,-0.5258,0.0050,-0.0033,-0.0109
1774945563.4712,0.0000,0.0000,0.0000,0.0000,0.0000,-3.1322,-0.2127,-1.1606,0.0029,-0.0033,-0.0109
1774945563.4913,0.0000,0.0000,0.0000,0.0000,0.0000,-3.1307,-0.2128,0.1651,0.0050,-0.0033,-0.0119
1774945563.5114,0.0000,0.0000,0.0000,0.0000,0.0000,-3.1310,-0.2128,-0.2178,0.0029,-0.0043,-0.0098
1774945563.5314,0.0000,0.0000,0.0000,0.0000,0.0000,-3.1309,-0.2130,0.4621,0.0029,-0.0022,-0.0119
1774945563.5512,0.0000,0.0000,0.0000,0.0000,0.0000,-3.1318,-0.2128,-0.1287,0.0050,-0.0054,-0.0109
1774945563.5714,0.0000,0.0000,0.0000,0.0000,0.0000,-3.1331,-0.2127,0.6813,0.0008,-0.0022,-0.0109
1774945563.5912,0.0000,0.0000,0.0000,0.0000,0.0000,-3.1331,-0.2128,0.4636,0.0050,-0.0043,-0.0119
1774945563.6115,0.0000,0.0000,0.0000,0.0000,0.0000,-3.1334,-0.2127,-0.1730,0.0008,-0.0043,-0.0109
1774945563.6334,0.0000,0.0000,0.0000,0.0000,0.0000,-3.1332,-0.2126,0.9626,0.0029,-0.0054,-0.0098
1774945563.6515,0.0000,0.0000,0.0000,0.0000,0.0000,-3.1327,-0.2128,-0.4524,0.0040,-0.0043,-0.0119
1774945563.6713,0.0000,0.0000,0.0000,0.0000,0.0000,-3.1325,-0.2128,0.7003,0.0040,-0.0043,-0.0109
1774945563.6928,0.0000,0.0000,0.0000,0.0000,0.0000,-3.1318,-0.2127,-0.6683,0.0050,-0.0033,-0.0119
1774945563.7112,0.0000,0.0000,0.0000,0.0000,0.0000,-3.1316,-0.2129,-0.4932,0.0008,-0.0033,-0.0087
1774945563.7314,0.0000,0.0000,0.0000,0.0000,0.0000,-3.1317,-0.2127,0.7086,0.0061,-0.0033,-0.0109
1774945563.7512,0.0000,0.0000,0.0000,0.0000,0.0000,-3.1328,-0.2126,-1.3118,0.0008,-0.0043,-0.0098
1774945563.7712,0.0000,0.0000,0.0000,0.0000,0.0000,-3.1326,-0.2126,0.3718,0.0029,-0.0043,-0.0119
1774945563.7912,0.0000,0.0000,0.0000,0.0000,0.0000,-3.1329,-0.2124,0.1710,0.0029,-0.0033,-0.0119
1774945563.8112,0.0000,0.0000,0.0000,0.0000,0.0000,-3.1338,-0.2126,0.2059,0.0008,-0.0033,-0.0119
1774945563.8316,0.0000,0.0000,0.0000,0.0000,0.0000,-3.1329,-0.2127,0.0000,0.0040,-0.0043,-0.0098
1774945563.8517,0.0000,0.0000,0.0000,0.0000,0.0000,-3.1334,-0.2126,-2.0842,0.0029,-0.0033,-0.0098
1774945563.8715,0.0000,0.0000,0.0000,0.0000,0.0000,-3.1322,-0.2126,0.9585,0.0050,-0.0033,-0.0109
1774945563.8912,0.0000,0.0000,0.0000,0.0000,0.0000,-3.1322,-0.2126,-0.2061,0.0029,-0.0043,-0.0130
1774945563.9116,0.0000,0.0000,0.0000,0.0000,0.0000,-3.1319,-0.2128,0.3539,0.0029,-0.0033,-0.0119
1774945563.9323,0.0000,0.0000,0.0000,0.0000,0.0000,-3.1318,-0.2128,0.9981,0.0050,-0.0043,-0.0119
1774945563.9540,0.0000,0.0000,0.0000,0.0000,0.0000,-3.1333,-0.2129,-0.1678,-0.0003,-0.0033,-0.0109
1774945563.9713,0.0000,0.0000,0.0000,0.0000,0.0000,-3.1323,-0.2129,1.1006,0.0029,-0.0043,-0.0098
1774945563.9912,0.0000,0.0000,0.0000,0.0000,0.0000,-3.1336,-0.2128,-0.7258,0.0040,-0.0043,-0.0109
1774945564.0114,0.0000,0.0000,0.0000,0.0000,0.0000,-3.1336,-0.2126,0.1739,0.0050,-0.0043,-0.0119
1774945564.0313,0.0000,0.0000,0.0000,0.0000,0.0000,-3.1328,-0.2126,0.7665,0.0050,-0.0043,-0.0119
1774945564.0513,0.0000,0.0000,0.0000,0.0000,0.0000,-3.1330,-0.2128,0.5950,0.0029,-0.0043,-0.0098
1774945564.0712,0.0000,0.0000,0.0000,0.0000,0.0000,-3.1319,-0.2126,-0.2065,0.0072,-0.0043,-0.0119
1774945564.0913,0.0000,0.0000,0.0000,0.0000,0.0000,-3.1327,-0.2128,-1.5101,0.0029,-0.0043,-0.0119
1774945564.1112,0.0000,0.0000,0.0000,0.0000,0.0000,-3.1319,-0.2128,0.8277,0.0029,-0.0054,-0.0109
1774945564.1315,0.0000,0.0000,0.0000,0.0000,0.0000,-3.1321,-0.2128,0.7817,0.0050,-0.0054,-0.0130
1774945564.1513,0.0000,0.0000,0.0000,0.0000,0.0000,-3.1327,-0.2125,1.0709,0.0029,-0.0043,-0.0109
1774945564.1712,0.0000,0.0000,0.0000,0.0000,0.0000,-3.1324,-0.2126,-0.6789,0.0061,-0.0033,-0.0119
1774945564.1914,0.0000,0.0000,0.0000,0.0000,0.0000,-3.1331,-0.2125,0.0855,0.0008,-0.0033,-0.0119
1774945564.2114,0.0000,0.0000,0.0000,0.0000,0.0000,-3.1327,-0.2126,0.5553,0.0050,-0.0033,-0.0119
1774945564.2317,0.0000,0.0000,0.0000,0.0000,0.0000,-3.1330,-0.2130,-1.1172,0.0050,-0.0033,-0.0109
1774945564.2516,0.0000,0.0000,0.0000,0.0000,0.0000,-3.1325,-0.2130,0.5659,0.0040,-0.0043,-0.0109
1774945564.2714,0.0000,0.0000,0.0000,0.0000,0.0000,-3.1321,-0.2128,-0.2891,0.0050,-0.0054,-0.0119
1774945564.2912,0.0000,0.0000,0.0000,0.0000,0.0000,-3.1319,-0.2130,0.2921,0.0029,-0.0033,-0.0119
1774945564.3114,0.0000,0.0000,0.0000,0.0000,0.0000,-3.1317,-0.2128,0.4579,0.0040,-0.0043,-0.0109
1774945564.3321,0.0000,0.0000,0.0000,0.0000,0.0000,-3.1326,-0.2128,-1.9210,-0.0003,-0.0033,-0.0109
1774945564.3520,0.0000,0.0000,0.0000,0.0000,0.0000,-3.1324,-0.2126,1.3210,0.0029,-0.0033,-0.0109
1774945564.3715,0.0000,0.0000,0.0000,0.0000,0.0000,-3.1331,-0.2126,0.4123,0.0040,-0.0043,-0.0119
1774945564.3912,0.0000,0.0000,0.0000,0.0000,0.0000,-3.1328,-0.2126,0.0825,0.0029,-0.0022,-0.0098
1774945564.4113,0.0000,0.0000,0.0000,0.0000,0.0000,-3.1324,-0.2126,-0.6372,0.0061,-0.0022,-0.0119
1774945564.4341,0.0000,0.0000,0.0000,0.0000,0.0000,-3.1330,-0.2127,-0.6664,0.0029,-0.0022,-0.0109
1774945564.4514,0.0000,0.0000,0.0000,0.0000,0.0000,-3.1324,-0.2127,0.8538,0.0061,-0.0043,-0.0109
1774945564.4727,0.0000,0.0000,0.0000,0.0000,0.0000,-3.1329,-0.2129,-0.7089,0.0019,-0.0033,-0.0098
1774945564.4917,0.0000,0.0000,0.0000,0.0000,0.0000,-3.1322,-0.2127,1.3896,0.0040,-0.0054,-0.0098
1774945564.5112,0.0000,0.0000,0.0000,0.0000,0.0000,-3.1322,-0.2127,-0.3115,0.0040,-0.0043,-0.0119
1774945564.5313,0.0000,0.0000,0.0000,0.0000,0.0000,-3.1326,-0.2130,0.9288,0.0019,-0.0033,-0.0119
1774945564.5518,0.0000,0.0000,0.0000,0.0000,0.0000,-3.1322,-0.2128,0.0000,0.0061,-0.0033,-0.0130
1774945564.5720,0.0000,0.0000,0.0000,0.0000,0.0000,-3.1332,-0.2129,-2.5027,-0.0013,-0.0043,-0.0109
1774945564.5912,0.0000,0.0000,0.0000,0.0000,0.0000,-3.1324,-0.2128,-0.0430,0.0061,-0.0043,-0.0119
1774945564.6115,0.0000,0.0000,0.0000,0.0000,0.0000,-3.1330,-0.2127,-0.1249,0.0040,-0.0033,-0.0109
1774945564.6318,0.0000,0.0000,0.0000,0.0000,0.0000,-3.1328,-0.2127,1.2273,0.0040,-0.0043,-0.0119
1774945564.6514,0.0000,0.0000,0.0000,0.0000,0.0000,-3.1320,-0.2125,0.5528,0.0029,-0.0033,-0.0119
1774945564.6712,0.0000,0.0000,0.0000,0.0000,0.0000,-3.1329,-0.2127,0.0437,0.0008,-0.0043,-0.0109
1774945564.6914,0.0000,0.0000,0.0000,0.0000,0.0000,-3.1320,-0.2126,0.6708,0.0040,-0.0043,-0.0109
1774945564.7112,0.0000,0.0000,0.0000,0.0000,0.0000,-3.1326,-0.2126,-1.0402,0.0019,-0.0043,-0.0098
1774945564.7315,0.0000,0.0000,0.0000,0.0000,0.0000,-3.1322,-0.2126,1.5768,0.0029,-0.0033,-0.0130
1774945564.7522,0.0000,0.0000,0.0000,0.0000,0.0000,-3.1325,-0.2125,-0.0852,0.0029,-0.0022,-0.0119
1774945564.7712,0.0000,0.0000,0.0000,0.0000,0.0000,-3.1331,-0.2125,0.7285,0.0040,-0.0043,-0.0119
1774945564.7912,0.0000,0.0000,0.0000,0.0000,0.0000,-3.1324,-0.2126,-0.5053,0.0050,-0.0022,-0.0130
1774945564.8115,0.0000,0.0000,0.0000,0.0000,0.0000,-3.1331,-0.2128,-1.2193,0.0029,-0.0043,-0.0109
1774945564.8318,0.0000,0.0000,0.0000,0.0000,0.0000,-3.1324,-0.2128,1.2320,0.0050,-0.0043,-0.0109
1774945564.8518,0.0000,0.0000,0.0000,0.0000,0.0000,-3.1326,-0.2128,0.5165,0.0040,-0.0033,-0.0087
1774945564.8711,0.0000,0.0000,0.0000,0.0000,0.0000,-3.1326,-0.2129,0.3750,0.0029,-0.0054,-0.0119
1774945564.8912,0.0000,0.0000,0.0000,0.0000,0.0000,-3.1324,-0.2127,-0.5416,0.0040,-0.0043,-0.0109
1774945564.9124,0.0000,0.0000,0.0000,0.0000,0.0000,-3.1328,-0.2128,-1.3858,0.0050,-0.0043,-0.0119
1774945564.9355,0.0000,0.0000,0.0000,0.0000,0.0000,-3.1327,-0.2128,1.3296,0.0029,-0.0054,-0.0109
1774945564.9515,0.0000,0.0000,0.0000,0.0000,0.0000,-3.1332,-0.2131,0.0000,0.0019,-0.0043,-0.0087
1774945564.9718,0.0000,0.0000,0.0000,0.0000,0.0000,-3.1329,-0.2128,0.9126,0.0040,-0.0054,-0.0119
1774945564.9916,0.0000,0.0000,0.0000,0.0000,0.0000,-3.1331,-0.2127,0.0000,0.0040,-0.0043,-0.0109
1774945565.0195,0.0000,0.0000,0.0000,0.0000,0.0000,-3.1331,-0.2124,-0.7775,0.0029,-0.0033,-0.0109
1774945565.0312,0.0000,0.0000,0.0000,0.0000,0.0000,-3.1325,-0.2123,0.4148,0.0029,-0.0033,-0.0098
1774945565.0534,0.0000,0.0000,0.0000,0.0000,0.0000,-3.1328,-0.2124,-1.1689,0.0040,-0.0043,-0.0109
1774945565.0715,0.0000,0.0000,0.0000,0.0000,0.0000,-3.1322,-0.2127,1.6092,0.0029,-0.0033,-0.0109
1774945565.0914,0.0000,0.0000,0.0000,0.0000,0.0000,-3.1322,-0.2130,-0.6170,0.0029,-0.0033,-0.0109
1774945565.1114,0.0000,0.0000,0.0000,0.0000,0.0000,-3.1328,-0.2129,0.4275,0.0019,-0.0033,-0.0109
1774945565.1312,0.0000,0.0000,0.0000,0.0000,0.0000,-3.1325,-0.2126,0.0865,0.0040,-0.0043,-0.0109
1774945565.1513,0.0000,0.0000,0.0000,0.0000,0.0000,-3.1329,-0.2127,-1.5730,0.0029,-0.0043,-0.0109
1774945565.1712,0.0000,0.0000,0.0000,0.0000,0.0000,-3.1326,-0.2127,0.7574,0.0040,-0.0033,-0.0109
1774945565.1911,0.0000,0.0000,0.0000,0.0000,0.0000,-3.1330,-0.2128,-0.5839,0.0050,-0.0043,-0.0109
1774945565.2116,0.0000,0.0000,0.0000,0.0000,0.0000,-3.1325,-0.2129,0.8471,0.0029,-0.0043,-0.0109
1774945565.2314,0.0000,0.0000,0.0000,0.0000,0.0000,-3.1328,-0.2127,0.0000,0.0019,-0.0033,-0.0109
1774945565.2514,0.0000,0.0000,0.0000,0.0000,0.0000,-3.1327,-0.2128,-0.5961,0.0029,-0.0022,-0.0109
1774945565.2713,0.0000,0.0000,0.0000,0.0000,0.0000,-3.1321,-0.2127,1.0845,0.0050,-0.0043,-0.0119
1774945565.2913,0.0000,0.0000,0.0000,0.0000,0.0000,-3.1327,-0.2126,-1.3704,0.0029,-0.0043,-0.0098
1774945565.3117,0.0000,0.0000,0.0000,0.0000,0.0000,-3.1321,-0.2126,0.5174,0.0029,-0.0033,-0.0098
1774945565.3341,0.0000,0.0000,0.0000,0.0000,0.0000,-3.1317,-0.2123,-1.0205,0.0050,-0.0043,-0.0119
1774945565.3513,0.0000,0.0000,0.0000,0.0000,0.0000,-3.1312,-0.2126,-0.0828,-0.0003,-0.0043,-0.0109
1774945565.3713,0.0000,0.0000,0.0000,0.0000,0.0000,-3.1313,-0.2125,-0.7712,0.0029,-0.0043,-0.0119
1774945565.3914,0.0000,0.0000,0.0000,0.0000,0.0000,-3.1320,-0.2128,2.2727,0.0019,-0.0043,-0.0119
1774945565.4113,0.0000,0.0000,0.0000,0.0000,0.0000,-3.1315,-0.2125,0.0862,0.0061,-0.0043,-0.0109
1774945565.4329,0.0000,0.0000,0.0000,0.0000,0.0000,-3.1316,-0.2125,1.0802,0.0050,-0.0043,-0.0109
1774945565.4513,0.0000,0.0000,0.0000,0.0000,0.0000,-3.1321,-0.2125,-0.3428,-0.0003,-0.0022,-0.0087
1774945565.4723,0.0000,0.0000,0.0000,0.0000,0.0000,-3.1316,-0.2125,-1.3355,0.0050,-0.0033,-0.0130
1774945565.4917,0.0000,0.0000,0.0000,0.0000,0.0000,-3.1325,-0.2128,-1.4731,-0.0003,-0.0043,-0.0119
1774945565.5115,0.0000,0.0000,0.0000,0.0000,0.0000,-3.1322,-0.2128,0.9418,0.0050,-0.0043,-0.0130
1774945565.5314,0.0000,0.0000,0.0000,0.0000,0.0000,-3.1329,-0.2127,1.1588,0.0040,-0.0043,-0.0109
1774945565.5514,0.0000,0.0000,0.0000,0.0000,0.0000,-3.1333,-0.2129,1.4471,0.0050,-0.0054,-0.0098
1774945565.5714,0.0000,0.0000,0.0000,0.0000,0.0000,-3.1338,-0.2131,0.1296,0.0050,-0.0022,-0.0130
1774945565.5913,0.0000,0.0000,0.0000,0.0000,0.0000,-3.1339,-0.2128,-0.3017,0.0019,-0.0043,-0.0130
1774945565.6128,0.0000,0.0000,0.0000,0.0000,0.0000,-3.1341,-0.2127,-0.4031,0.0082,-0.0033,-0.0077
1774945565.6318,0.0000,0.0000,0.0000,0.0000,0.0000,-3.1342,-0.2132,-0.2936,0.0008,-0.0033,-0.0119
1774945565.6513,0.0000,0.0000,0.0000,0.0000,0.0000,-3.1340,-0.2130,1.6119,0.0050,-0.0033,-0.0119
1774945565.6713,0.0000,0.0000,0.0000,0.0000,0.0000,-3.1338,-0.2129,1.7336,0.0040,-0.0065,-0.0119
1774945565.6913,0.0000,0.0000,0.0000,0.0000,0.0000,-3.1337,-0.2128,1.9822,0.0040,-0.0033,-0.0098
1774945565.7117,0.0000,0.0000,0.0000,0.0000,0.0000,-3.1323,-0.2125,0.1671,0.0061,-0.0022,-0.0119
1774945565.7315,0.0000,0.0000,0.0000,0.0000,0.0000,-3.1333,-0.2126,0.9330,0.0072,-0.0033,-0.0109
1774945565.7514,0.0000,0.0000,0.0000,0.0000,0.0000,-3.1328,-0.2125,0.9788,0.0029,-0.0033,-0.0119
1774945565.7723,0.0000,0.0000,0.0000,0.0000,0.0000,-3.1339,-0.2128,-0.9308,0.0040,-0.0043,-0.0130
1774945565.7913,0.0000,0.0000,0.0000,0.0000,0.0000,-3.1337,-0.2127,-0.7761,0.0008,-0.0043,-0.0109
1774945565.8113,0.0000,0.0000,0.0000,0.0000,0.0000,-3.1339,-0.2128,1.0756,0.0029,-0.0022,-0.0119
1774945565.8327,0.0000,0.0000,0.0000,0.0000,0.0000,-3.1327,-0.2128,-0.2322,-0.0003,-0.0022,-0.0130
1774945565.8512,0.0000,0.0000,0.0000,0.0000,0.0000,-3.1331,-0.2127,1.6163,0.0040,-0.0043,-0.0098
1774945565.8712,0.0000,0.0000,0.0000,0.0000,0.0000,-3.1331,-0.2127,-0.1691,0.0019,-0.0033,-0.0087
1774945565.8912,0.0000,0.0000,0.0000,0.0000,0.0000,-3.1322,-0.2126,0.4105,0.0040,-0.0043,-0.0098
1774945565.9114,0.0000,0.0000,0.0000,0.0000,0.0000,-3.1322,-0.2126,-1.2736,0.0050,-0.0043,-0.0130
1774945565.9315,0.0000,0.0000,0.0000,0.0000,0.0000,-3.1325,-0.2128,0.9566,0.0040,-0.0033,-0.0098
1774945565.9516,0.0000,0.0000,0.0000,0.0000,0.0000,-3.1326,-0.2125,-0.9937,0.0040,-0.0043,-0.0109
1774945565.9715,0.0000,0.0000,0.0000,0.0000,0.0000,-3.1330,-0.2127,-1.1660,0.0029,-0.0043,-0.0130
1774945565.9912,0.0000,0.0000,0.0000,0.0000,0.0000,-3.1324,-0.2125,1.6499,0.0061,-0.0043,-0.0098
1774945566.0113,0.0000,0.0000,0.0000,0.0000,0.0000,-3.1326,-0.2126,-0.3018,0.0029,-0.0054,-0.0109
1774945566.0318,0.0000,0.0000,0.0000,0.0000,0.0000,-3.1322,-0.2127,-0.2563,0.0040,-0.0043,-0.0109
1774945566.0512,0.0000,0.0000,0.0000,0.0000,0.0000,-3.1321,-0.2125,0.3853,0.0040,-0.0033,-0.0119
1774945566.0713,0.0000,0.0000,0.0000,0.0000,0.0000,-3.1328,-0.2128,-0.1700,0.0008,-0.0033,-0.0109
1774945566.0912,0.0000,0.0000,0.0000,0.0000,0.0000,-3.1323,-0.2129,0.3062,0.0040,-0.0033,-0.0098
1774945566.1115,0.0000,0.0000,0.0000,0.0000,0.0000,-3.1324,-0.2128,-0.6834,-0.0013,-0.0033,-0.0119
1774945566.1332,0.0000,0.0000,0.0000,0.0000,0.0000,-3.1328,-0.2129,1.0465,0.0040,-0.0043,-0.0098
1774945566.1512,0.0000,0.0000,0.0000,0.0000,0.0000,-3.1327,-0.2133,1.7507,0.0072,-0.0033,-0.0109
1774945566.1715,0.0000,0.0000,0.0000,0.0000,0.0000,-3.1330,-0.2134,2.7006,0.0019,-0.0054,-0.0109
1774945566.1914,0.0000,0.0000,0.0000,0.0000,0.0000,-3.1326,-0.2133,0.4117,0.0050,-0.0043,-0.0119
1774945566.2116,0.0000,0.0000,0.0000,0.0000,0.0000,-3.1333,-0.2134,0.8055,0.0029,-0.0043,-0.0098
1774945566.2349,0.0000,0.0000,0.0000,0.0000,0.0000,-3.1327,-0.2131,-2.3801,0.0019,-0.0033,-0.0119
1774945566.2516,0.0000,0.0000,0.0000,0.0000,0.0000,-3.1337,-0.2131,0.2109,0.0061,-0.0054,-0.0109
1774945566.2715,0.0000,0.0000,0.0000,0.0000,0.0000,-3.1335,-0.2131,0.8032,0.0040,-0.0043,-0.0098
1774945566.2914,0.0000,0.0000,0.0000,0.0000,0.0000,-3.1330,-0.2129,0.2651,0.0040,-0.0054,-0.0109
1774945566.3113,0.0000,0.0000,0.0000,0.0000,0.0000,-3.1332,-0.2130,0.7314,0.0029,-0.0043,-0.0130
1774945566.3315,0.0000,0.0000,0.0000,0.0000,0.0000,-3.1324,-0.2129,0.4308,0.0029,-0.0043,-0.0109
1774945566.3516,0.0000,0.0000,0.0000,0.0000,0.0000,-3.1329,-0.2128,-0.9319,0.0040,-0.0043,-0.0119
1774945566.3713,0.0000,0.0000,0.0000,0.0000,0.0000,-3.1326,-0.2127,0.4561,0.0029,-0.0043,-0.0109
1774945566.3914,0.0000,0.0000,0.0000,0.0000,0.0000,-3.1329,-0.2127,0.3616,0.0029,-0.0033,-0.0109
1774945566.4117,0.0000,0.0000,0.0000,0.0000,0.0000,-3.1321,-0.2126,0.9209,0.0040,-0.0033,-0.0119
1774945566.4318,0.0000,0.0000,0.0000,0.0000,0.0000,-3.1322,-0.2125,-1.2442,0.0040,-0.0033,-0.0130
1774945566.4512,0.0000,0.0000,0.0000,0.0000,0.0000,-3.1322,-0.2125,-0.3656,0.0008,-0.0043,-0.0109
1774945566.4714,0.0000,0.0000,0.0000,0.0000,0.0000,-3.1317,-0.2127,1.1501,0.0040,-0.0033,-0.0119
1774945566.4914,0.0000,0.0000,0.0000,0.0000,0.0000,-3.1328,-0.2127,-0.1674,0.0029,-0.0033,-0.0109
1774945566.5123,0.0000,0.0000,0.0000,0.0000,0.0000,-3.1321,-0.2127,1.4246,0.0050,-0.0033,-0.0130
1774945566.5312,0.0000,0.0000,0.0000,0.0000,0.0000,-3.1329,-0.2127,-0.6108,0.0050,-0.0043,-0.0109
1774945566.5512,0.0000,0.0000,0.0000,0.0000,0.0000,-3.1329,-0.2126,0.6533,0.0019,-0.0043,-0.0119
1774945566.5713,0.0000,0.0000,0.0000,0.0000,0.0000,-3.1319,-0.2126,0.4748,0.0040,-0.0043,-0.0098
1774945566.5913,0.0000,0.0000,0.0000,0.0000,0.0000,-3.1329,-0.2126,-1.4589,0.0019,-0.0043,-0.0109
1774945566.6122,0.0000,0.0000,0.0000,0.0000,0.0000,-3.1321,-0.2127,0.4119,0.0040,-0.0033,-0.0109
1774945566.6315,0.0000,0.0000,0.0000,0.0000,0.0000,-3.1329,-0.2127,-1.4670,0.0019,-0.0043,-0.0109
1774945566.6514,0.0000,0.0000,0.0000,0.0000,0.0000,-3.1329,-0.2125,0.0828,0.0029,-0.0043,-0.0098
1774945566.6713,0.0000,0.0000,0.0000,0.0000,0.0000,-3.1326,-0.2123,-0.6194,0.0061,-0.0033,-0.0119
1774945566.6913,0.0000,0.0000,0.0000,0.0000,0.0000,-3.1333,-0.2123,-0.8014,0.0019,-0.0033,-0.0087
1774945566.7121,0.0000,0.0000,0.0000,0.0000,0.0000,-3.1322,-0.2125,1.0475,0.0072,-0.0022,-0.0119
1774945566.7323,0.0000,0.0000,0.0000,0.0000,0.0000,-3.1326,-0.2126,-0.2228,0.0040,-0.0043,-0.0119
1774945566.7513,0.0000,0.0000,0.0000,0.0000,0.0000,-3.1325,-0.2125,0.0000,0.0019,-0.0043,-0.0109
1774945566.7713,0.0000,0.0000,0.0000,0.0000,0.0000,-3.1324,-0.2125,-0.1700,0.0040,-0.0033,-0.0119
1774945566.7913,0.0000,0.0000,0.0000,0.0000,0.0000,-3.1330,-0.2127,0.5894,-0.0003,-0.0033,-0.0098
1774945566.8115,0.0000,0.0000,0.0000,0.0000,0.0000,-3.1324,-0.2127,-0.2177,0.0050,-0.0043,-0.0098
1774945566.8321,0.0000,0.0000,0.0000,0.0000,0.0000,-3.1333,-0.2128,-1.0036,0.0029,-0.0043,-0.0098
1774945566.8514,0.0000,0.0000,0.0000,0.0000,0.0000,-3.1326,-0.2128,0.7458,0.0040,-0.0043,-0.0130
1774945566.8712,0.0000,0.0000,0.0000,0.0000,0.0000,-3.1325,-0.2128,0.6319,0.0040,-0.0033,-0.0119
1774945566.8914,0.0000,0.0000,0.0000,0.0000,0.0000,-3.1326,-0.2127,0.9228,0.0029,-0.0043,-0.0119
1774945566.9114,0.0000,0.0000,0.0000,0.0000,0.0000,-3.1320,-0.2127,-0.4276,0.0050,-0.0022,-0.0119
1774945566.9313,0.0000,0.0000,0.0000,0.0000,0.0000,-3.1327,-0.2128,-1.0957,0.0029,-0.0043,-0.0119
1774945566.9513,0.0000,0.0000,0.0000,0.0000,0.0000,-3.1324,-0.2128,0.7714,0.0040,-0.0033,-0.0109
1774945566.9714,0.0000,0.0000,0.0000,0.0000,0.0000,-3.1330,-0.2129,-0.5228,0.0040,-0.0043,-0.0119
1774945566.9917,0.0000,0.0000,0.0000,0.0000,0.0000,-3.1325,-0.2127,0.4661,0.0050,-0.0033,-0.0109
1774945567.0114,0.0000,0.0000,0.0000,0.0000,0.0000,-3.1324,-0.2126,-0.2642,0.0040,-0.0043,-0.0130
1774945567.0321,0.0000,0.0000,0.0000,0.0000,0.0000,-3.1326,-0.2127,0.6914,0.0040,-0.0022,-0.0098
1774945567.0513,0.0000,0.0000,0.0000,0.0000,0.0000,-3.1322,-0.2126,0.1383,0.0061,-0.0033,-0.0109
1774945567.0731,0.0000,0.0000,0.0000,0.0000,0.0000,-3.1330,-0.2129,-0.9820,0.0029,-0.0043,-0.0130
1774945567.0924,0.0000,0.0000,0.0000,0.0000,0.0000,-3.1325,-0.2127,1.2802,0.0040,-0.0043,-0.0098
1774945567.1114,0.0000,0.0000,0.0000,0.0000,0.0000,-3.1329,-0.2127,0.3735,0.0040,-0.0054,-0.0119
1774945567.1325,0.0000,0.0000,0.0000,0.0000,0.0000,-3.1327,-0.2126,0.3134,0.0040,-0.0033,-0.0109
1774945567.1526,0.0000,0.0000,0.0000,0.0000,0.0000,-3.1322,-0.2127,-0.7044,0.0029,-0.0043,-0.0119
1774945567.1714,0.0000,0.0000,0.0000,0.0000,0.0000,-3.1329,-0.2128,0.1740,0.0008,-0.0033,-0.0098
1774945567.1912,0.0000,0.0000,0.0000,0.0000,0.0000,-3.1323,-0.2126,1.2086,0.0029,-0.0033,-0.0098
1774945567.2115,0.0000,0.0000,0.0000,0.0000,0.0000,-3.1332,-0.2126,-1.0589,0.0019,-0.0043,-0.0098
1774945567.2315,0.0000,0.0000,0.0000,0.0000,0.0000,-3.1323,-0.2126,1.2707,0.0040,-0.0043,-0.0098
1774945567.2516,0.0000,0.0000,0.0000,0.0000,0.0000,-3.1326,-0.2125,0.0843,0.0050,-0.0033,-0.0109
1774945567.2713,0.0000,0.0000,0.0000,0.0000,0.0000,-3.1330,-0.2126,0.5805,0.0019,-0.0033,-0.0109
1774945567.2913,0.0000,0.0000,0.0000,0.0000,0.0000,-3.1321,-0.2127,0.5266,0.0040,-0.0033,-0.0119
1774945567.3113,0.0000,0.0000,0.0000,0.0000,0.0000,-3.1328,-0.2128,-1.1330,0.0040,-0.0043,-0.0119
1774945567.3314,0.0000,0.0000,0.0000,0.0000,0.0000,-3.1322,-0.2128,1.0345,0.0061,-0.0033,-0.0119
1774945567.3514,0.0000,0.0000,0.0000,0.0000,0.0000,-3.1328,-0.2128,-2.1378,0.0019,-0.0033,-0.0098
1774945567.3715,0.0000,0.0000,0.0000,0.0000,0.0000,-3.1330,-0.2126,0.3456,0.0040,-0.0054,-0.0119
1774945567.3912,0.0000,0.0000,0.0000,0.0000,0.0000,-3.1321,-0.2127,-0.8748,0.0050,-0.0033,-0.0098
1774945567.4113,0.0000,0.0000,0.0000,0.0000,0.0000,-3.1329,-0.2127,-0.4669,0.0008,-0.0033,-0.0098
1774945567.4312,0.0000,0.0000,0.0000,0.0000,0.0000,-3.1324,-0.2128,1.2985,0.0072,-0.0022,-0.0119
1774945567.4552,0.0000,0.0000,0.0000,0.0000,0.0000,-3.1329,-0.2130,-1.7225,0.0019,-0.0043,-0.0109
1774945567.4712,0.0000,0.0000,0.0000,0.0000,0.0000,-3.1326,-0.2130,0.8092,0.0019,-0.0033,-0.0098
1774945567.4912,0.0000,0.0000,0.0000,0.0000,0.0000,-3.1322,-0.2129,-0.3387,0.0050,-0.0033,-0.0109
1774945567.5139,0.0000,0.0000,0.0000,0.0000,0.0000,-3.1322,-0.2128,0.6889,0.0029,-0.0033,-0.0109
1774945567.5318,0.0000,0.0000,0.0000,0.0000,0.0000,-3.1316,-0.2127,0.7161,0.0040,-0.0043,-0.0098
1774945567.5519,0.0000,0.0000,0.0000,0.0000,0.0000,-3.1319,-0.2125,-1.0735,0.0050,-0.0043,-0.0119
1774945567.5715,0.0000,0.0000,0.0000,0.0000,0.0000,-3.1319,-0.2127,1.0291,0.0029,-0.0043,-0.0109
1774945567.5915,0.0000,0.0000,0.0000,0.0000,0.0000,-3.1323,-0.2125,-0.3339,0.0029,-0.0033,-0.0109
1774945567.6120,0.0000,0.0000,0.0000,0.0000,0.0000,-3.1327,-0.2125,0.6649,0.0019,-0.0043,-0.0119
1774945567.6314,0.0000,0.0000,0.0000,0.0000,0.0000,-3.1316,-0.2124,-0.6863,0.0061,-0.0043,-0.0119
1774945567.6512,0.0000,0.0000,0.0000,0.0000,0.0000,-3.1320,-0.2124,-1.2029,0.0040,-0.0033,-0.0109
1774945567.6715,0.0000,0.0000,0.0000,0.0000,0.0000,-3.1322,-0.2124,1.0986,0.0019,-0.0033,-0.0098
1774945567.6912,0.0000,0.0000,0.0000,0.0000,0.0000,-3.1325,-0.2125,-0.7946,0.0040,-0.0043,-0.0119
1774945567.7120,0.0000,0.0000,0.0000,0.0000,0.0000,-3.1324,-0.2125,1.1935,0.0029,-0.0033,-0.0109
1774945567.7312,0.0000,0.0000,0.0000,0.0000,0.0000,-3.1320,-0.2124,-0.6450,0.0040,-0.0033,-0.0119
1774945567.7517,0.0000,0.0000,0.0000,0.0000,0.0000,-3.1320,-0.2123,-0.6223,0.0029,-0.0033,-0.0119
1774945567.7713,0.0000,0.0000,0.0000,0.0000,0.0000,-3.1315,-0.2120,0.8448,0.0050,-0.0043,-0.0119
1774945567.7912,0.0000,0.0000,0.0000,0.0000,0.0000,-3.1317,-0.2123,-1.3918,0.0019,-0.0033,-0.0109
1774945567.8119,0.0000,0.0000,0.0000,0.0000,0.0000,-3.1314,-0.2124,0.3021,0.0029,-0.0043,-0.0098
1774945567.8312,0.0000,0.0000,0.0000,0.0000,0.0000,-3.1328,-0.2121,-0.7623,0.0061,-0.0043,-0.0119
1774945567.8512,0.0000,0.0000,0.0000,0.0000,0.0000,-3.1328,-0.2125,-0.0437,0.0029,-0.0022,-0.0119
1774945567.8712,0.0000,0.0000,0.0000,0.0000,0.0000,-3.1318,-0.2123,0.0419,0.0050,-0.0043,-0.0119
1774945567.8912,0.0000,0.0000,0.0000,0.0000,0.0000,-3.1327,-0.2124,-1.4071,0.0019,-0.0043,-0.0109
1774945567.9115,0.0000,0.0000,0.0000,0.0000,0.0000,-3.1319,-0.2125,1.6778,0.0050,-0.0033,-0.0119
1774945567.9350,0.0000,0.0000,0.0000,0.0000,0.0000,-3.1329,-0.2126,-0.2301,0.0029,-0.0022,-0.0130
1774945567.9518,0.0000,0.0000,0.0000,0.0000,0.0000,-3.1327,-0.2125,0.5093,0.0040,-0.0043,-0.0119
1774945567.9717,0.0000,0.0000,0.0000,0.0000,0.0000,-3.1322,-0.2126,-0.2544,0.0061,-0.0033,-0.0109
1774945567.9913,0.0000,0.0000,0.0000,0.0000,0.0000,-3.1328,-0.2127,0.1735,0.0019,-0.0033,-0.0109
1774945568.0117,0.0000,0.0000,0.0000,0.0000,0.0000,-3.1324,-0.2126,0.9407,0.0040,-0.0033,-0.0109
1774945568.0313,0.0000,0.0000,0.0000,0.0000,0.0000,-3.1327,-0.2125,0.0415,0.0050,-0.0043,-0.0119
1774945568.0514,0.0000,0.0000,0.0000,0.0000,0.0000,-3.1327,-0.2127,-0.1682,0.0040,-0.0033,-0.0109
1774945568.0716,0.0000,0.0000,0.0000,0.0000,0.0000,-3.1324,-0.2126,-0.4116,0.0029,-0.0033,-0.0109
1774945568.0915,0.0000,0.0000,0.0000,0.0000,0.0000,-3.1330,-0.2129,-0.2098,0.0029,-0.0033,-0.0098
1774945568.1116,0.0000,0.0000,0.0000,0.0000,0.0000,-3.1319,-0.2128,0.4153,0.0050,-0.0043,-0.0087
1774945568.1313,0.0000,0.0000,0.0000,0.0000,0.0000,-3.1324,-0.2127,-0.8630,0.0008,-0.0043,-0.0109
1774945568.1562,0.0000,0.0000,0.0000,0.0000,0.0000,-3.1319,-0.2127,0.9681,0.0029,-0.0054,-0.0098
1774945568.1716,0.0000,0.0000,0.0000,0.0000,0.0000,-3.1326,-0.2126,-0.0414,0.0050,-0.0033,-0.0119
1774945568.1913,0.0000,0.0000,0.0000,0.0000,0.0000,-3.1330,-0.2125,0.2509,0.0050,-0.0043,-0.0119
1774945568.2115,0.0000,0.0000,0.0000,0.0000,0.0000,-3.1326,-0.2125,0.0595,0.0040,-0.0033,-0.0109
1774945568.2318,0.0000,0.0000,0.0000,0.0000,0.0000,-3.1333,-0.2125,-1.5816,0.0050,-0.0043,-0.0109
1774945568.2512,0.0000,0.0000,0.0000,0.0000,0.0000,-3.1323,-0.2125,0.7326,0.0061,-0.0043,-0.0119
1774945568.2717,0.0000,0.0000,0.0000,0.0000,0.0000,-3.1324,-0.2124,0.6040,0.0040,-0.0054,-0.0119
1774945568.2914,0.0000,0.0000,0.0000,0.0000,0.0000,-3.1327,-0.2124,0.3861,0.0029,-0.0043,-0.0119
1774945568.3117,0.0000,0.0000,0.0000,0.0000,0.0000,-3.1326,-0.2125,-0.0548,0.0040,-0.0043,-0.0109
1774945568.3313,0.0000,0.0000,0.0000,0.0000,0.0000,-3.1329,-0.2126,-0.0420,0.0029,-0.0033,-0.0109
1774945568.3542,0.0000,0.0000,0.0000,0.0000,0.0000,-3.1325,-0.2124,0.3498,0.0029,-0.0033,-0.0109
1774945568.3713,0.0000,0.0000,0.0000,0.0000,0.0000,-3.1329,-0.2127,-1.1557,0.0029,-0.0043,-0.0130
1774945568.3912,0.0000,0.0000,0.0000,0.0000,0.0000,-3.1327,-0.2128,2.2632,0.0040,-0.0043,-0.0087
1774945568.4117,0.0000,0.0000,0.0000,0.0000,0.0000,-3.1329,-0.2126,0.2522,0.0050,-0.0043,-0.0109
1774945568.4321,0.0000,0.0000,0.0000,0.0000,0.0000,-3.1327,-0.2128,0.2116,0.0029,-0.0043,-0.0109
1774945568.4518,0.0000,0.0000,0.0000,0.0000,0.0000,-3.1332,-0.2126,-0.5554,0.0050,-0.0043,-0.0098
1774945568.4756,0.0000,0.0000,0.0000,0.0000,0.0000,-3.1331,-0.2127,0.5287,0.0008,-0.0043,-0.0119
1774945568.4915,0.0000,0.0000,0.0000,0.0000,0.0000,-3.1322,-0.2127,0.8778,0.0050,-0.0054,-0.0130
1774945568.5115,0.0000,0.0000,0.0000,0.0000,0.0000,-3.1326,-0.2125,0.0425,0.0029,-0.0033,-0.0119
1774945568.5366,0.0000,0.0000,0.0000,0.0000,0.0000,-3.1325,-0.2126,0.1331,0.0040,-0.0043,-0.0130
1774945568.5513,0.0000,0.0000,0.0000,0.0000,0.0000,-3.1321,-0.2127,-0.5209,0.0050,-0.0022,-0.0119
1774945568.5713,0.0000,0.0000,0.0000,0.0000,0.0000,-3.1327,-0.2128,-0.0839,0.0019,-0.0033,-0.0109
1774945568.5914,0.0000,0.0000,0.0000,0.0000,0.0000,-3.1320,-0.2128,0.5062,0.0061,-0.0033,-0.0119
1774945568.6135,0.0000,0.0000,0.0000,0.0000,0.0000,-3.1330,-0.2127,-0.4392,0.0029,-0.0033,-0.0109
1774945568.6315,0.0000,0.0000,0.0000,0.0000,0.0000,-3.1324,-0.2127,0.8611,0.0050,-0.0043,-0.0109
1774945568.6517,0.0000,0.0000,0.0000,0.0000,0.0000,-3.1326,-0.2126,0.1277,0.0029,-0.0033,-0.0109
1774945568.6714,0.0000,0.0000,0.0000,0.0000,0.0000,-3.1330,-0.2127,0.2590,0.0019,-0.0033,-0.0109
1774945568.6914,0.0000,0.0000,0.0000,0.0000,0.0000,-3.1321,-0.2127,-0.2611,0.0050,-0.0033,-0.0109
1774945568.7131,0.0000,0.0000,0.0000,0.0000,0.0000,-3.1326,-0.2127,1.0724,0.0019,-0.0043,-0.0098
1774945568.7315,0.0000,0.0000,0.0000,0.0000,0.0000,-3.1321,-0.2128,0.9913,0.0050,-0.0022,-0.0109
1774945568.7514,0.0000,0.0000,0.0000,0.0000,0.0000,-3.1329,-0.2127,-1.3438,0.0029,-0.0033,-0.0119
1774945568.7718,0.0000,0.0000,0.0000,0.0000,0.0000,-3.1326,-0.2126,0.0430,0.0029,-0.0043,-0.0109
1774945568.7914,0.0000,0.0000,0.0000,0.0000,0.0000,-3.1325,-0.2126,-0.5135,0.0050,-0.0033,-0.0119
1774945568.8115,0.0000,0.0000,0.0000,0.0000,0.0000,-3.1324,-0.2126,0.0587,0.0019,-0.0033,-0.0098
1774945568.8313,0.0000,0.0000,0.0000,0.0000,0.0000,-3.1322,-0.2130,0.0000,0.0050,-0.0043,-0.0109
1774945568.8512,0.0000,0.0000,0.0000,0.0000,0.0000,-3.1332,-0.2128,-1.8430,0.0040,-0.0033,-0.0119
1774945568.8718,0.0000,0.0000,0.0000,0.0000,0.0000,-3.1327,-0.2127,0.3769,0.0019,-0.0033,-0.0119
1774945568.8913,0.0000,0.0000,0.0000,0.0000,0.0000,-3.1326,-0.2127,1.0053,0.0029,-0.0043,-0.0119
1774945568.9114,0.0000,0.0000,0.0000,0.0000,0.0000,-3.1327,-0.2126,-0.5352,0.0050,-0.0054,-0.0119
1774945568.9313,0.0000,0.0000,0.0000,0.0000,0.0000,-3.1324,-0.2128,0.2502,0.0050,-0.0033,-0.0119
1774945568.9515,0.0000,0.0000,0.0000,0.0000,0.0000,-3.1326,-0.2127,1.0719,0.0029,-0.0043,-0.0109
1774945568.9717,0.0000,0.0000,0.0000,0.0000,0.0000,-3.1327,-0.2128,0.8837,0.0050,-0.0033,-0.0109
1774945568.9913,0.0000,0.0000,0.0000,0.0000,0.0000,-3.1329,-0.2128,-0.2970,0.0029,-0.0033,-0.0109
1774945569.0125,0.0000,0.0000,0.0000,0.0000,0.0000,-3.1327,-0.2126,0.0000,0.0040,-0.0043,-0.0109
1774945569.0322,0.0000,0.0000,0.0000,0.0000,0.0000,-3.1326,-0.2126,-0.6834,0.0050,-0.0033,-0.0109
1774945569.0517,0.0000,0.0000,0.0000,0.0000,0.0000,-3.1330,-0.2126,0.2921,0.0040,-0.0033,-0.0109
1774945569.0727,0.0000,0.0000,0.0000,0.0000,0.0000,-3.1323,-0.2127,0.3372,0.0040,-0.0022,-0.0109
1774945569.0920,0.0000,0.0000,0.0000,0.0000,0.0000,-3.1329,-0.2129,-0.7805,0.0019,-0.0033,-0.0098
1774945569.1114,0.0000,0.0000,0.0000,0.0000,0.0000,-3.1321,-0.2128,0.0570,0.0061,-0.0043,-0.0109
1774945569.1401,0.0000,0.0000,0.0000,0.0000,0.0000,-3.1329,-0.2129,-2.0086,0.0040,-0.0043,-0.0119
1774945569.1512,0.0000,0.0000,0.0000,0.0000,0.0000,-3.1326,-0.2129,0.1727,0.0019,-0.0033,-0.0109
1774945569.1714,0.0000,0.0000,0.0000,0.0000,0.0000,-3.1324,-0.2127,1.0819,0.0050,-0.0033,-0.0109
1774945569.1915,0.0000,0.0000,0.0000,0.0000,0.0000,-3.1330,-0.2127,-1.5061,0.0008,-0.0043,-0.0119
1774945569.2124,0.0000,0.0000,0.0000,0.0000,0.0000,-3.1328,-0.2128,-0.1183,0.0040,-0.0033,-0.0119
1774945569.2326,0.0000,0.0000,0.0000,0.0000,0.0000,-3.1331,-0.2128,-0.7693,0.0029,-0.0033,-0.0119
1774945569.2516,0.0000,0.0000,0.0000,0.0000,0.0000,-3.1325,-0.2127,0.8096,0.0050,-0.0033,-0.0109
1774945569.2716,0.0000,0.0000,0.0000,0.0000,0.0000,-3.1325,-0.2127,-0.2299,0.0040,-0.0033,-0.0098
1774945569.2915,0.0000,0.0000,0.0000,0.0000,0.0000,-3.1328,-0.2129,0.0429,0.0019,-0.0054,-0.0098
1774945569.3114,0.0000,0.0000,0.0000,0.0000,0.0000,-3.1319,-0.2128,0.4169,0.0040,-0.0033,-0.0109
1774945569.3314,0.0000,0.0000,0.0000,0.0000,0.0000,-3.1327,-0.2128,-0.9209,0.0019,-0.0033,-0.0119
1774945569.3513,0.0000,0.0000,0.0000,0.0000,0.0000,-3.1320,-0.2129,1.2283,0.0029,-0.0033,-0.0098
1774945569.3713,0.0000,0.0000,0.0000,0.0000,0.0000,-3.1323,-0.2128,0.9556,0.0061,-0.0054,-0.0119
1774945569.3913,0.0000,0.0000,0.0000,0.0000,0.0000,-3.1326,-0.2129,0.9068,0.0008,-0.0033,-0.0109
1774945569.4111,0.0000,0.0000,0.0000,0.0000,0.0000,-3.1322,-0.2128,0.0417,0.0050,-0.0043,-0.0119
1774945569.4315,0.0000,0.0000,0.0000,0.0000,0.0000,-3.1331,-0.2127,-0.5800,0.0019,-0.0054,-0.0109
1774945569.4533,0.0000,0.0000,0.0000,0.0000,0.0000,-3.1324,-0.2128,0.6560,0.0061,-0.0033,-0.0109
1774945569.4712,0.0000,0.0000,0.0000,0.0000,0.0000,-3.1327,-0.2127,-0.2547,0.0040,-0.0033,-0.0119
1774945569.4914,0.0000,0.0000,0.0000,0.0000,0.0000,-3.1326,-0.2127,0.2081,0.0040,-0.0033,-0.0098
1774945569.5113,0.0000,0.0000,0.0000,0.0000,0.0000,-3.1320,-0.2126,0.3020,0.0040,-0.0022,-0.0109
1774945569.5313,0.0000,0.0000,0.0000,0.0000,0.0000,-3.1319,-0.2131,2.2611,0.0050,-0.0033,-0.0098
1774945569.5513,0.0000,0.0000,0.0000,0.0000,0.0000,-3.1317,-0.2136,3.3217,0.0072,-0.0054,-0.0098
1774945569.5712,0.0000,0.0000,0.0000,0.0000,0.0000,-3.1326,-0.2137,1.6235,0.0040,-0.0054,-0.0098
1774945569.5913,0.0000,0.0000,0.0000,0.0000,0.0000,-3.1324,-0.2135,3.6983,0.0061,-0.0065,-0.0098
1774945569.6115,0.0000,0.0000,0.0000,0.0000,0.0000,-3.1329,-0.2133,-3.3761,0.0008,-0.0022,-0.0130
1774945569.6313,0.0000,0.0000,0.0000,0.0000,0.0000,-3.1328,-0.2133,0.8548,0.0050,-0.0054,-0.0087
1774945569.6514,0.0000,0.0000,0.0000,0.0000,0.0000,-3.1327,-0.2128,-1.5523,0.0072,-0.0043,-0.0098
1774945569.6713,0.0000,0.0000,0.0000,0.0000,0.0000,-3.1331,-0.2126,-2.7812,0.0040,-0.0054,-0.0109
1774945569.6912,0.0000,0.0000,0.0000,0.0000,0.0000,-3.1329,-0.2131,-0.3046,0.0061,-0.0065,-0.0109
1774945569.7120,0.0000,0.0000,0.0000,0.0000,0.0000,-3.1336,-0.2131,-1.6250,0.0050,-0.0043,-0.0119
1774945569.7313,0.0000,0.0000,0.0000,0.0000,0.0000,-3.1337,-0.2128,1.8779,0.0019,-0.0043,-0.0109
1774945569.7513,0.0000,0.0000,0.0000,0.0000,0.0000,-3.1333,-0.2131,-0.7036,0.0050,-0.0065,-0.0130
1774945569.7712,0.0000,0.0000,0.0000,0.0000,0.0000,-3.1335,-0.2130,1.0698,0.0019,-0.0033,-0.0098
1774945569.7912,0.0000,0.0000,0.0000,0.0000,0.0000,-3.1321,-0.2125,2.3876,0.0040,-0.0054,-0.0119
1774945569.8114,0.0000,0.0000,0.0000,0.0000,0.0000,-3.1326,-0.2132,-1.1156,0.0019,-0.0043,-0.0119
1774945569.8313,0.0000,0.0000,0.0000,0.0000,0.0000,-3.1327,-0.2130,1.2129,0.0040,-0.0022,-0.0109
1774945569.8513,0.0000,0.0000,0.0000,0.0000,0.0000,-3.1333,-0.2127,0.0855,0.0019,-0.0033,-0.0109
1774945569.8727,0.0000,0.0000,0.0000,0.0000,0.0000,-3.1331,-0.2130,0.1740,0.0040,-0.0033,-0.0119
1774945569.8913,0.0000,0.0000,0.0000,0.0000,0.0000,-3.1325,-0.2128,-0.6743,0.0061,-0.0022,-0.0130
1774945569.9117,0.0000,0.0000,0.0000,0.0000,0.0000,-3.1334,-0.2127,-0.3705,0.0019,-0.0033,-0.0119
1774945569.9314,0.0000,0.0000,0.0000,0.0000,0.0000,-3.1320,-0.2130,0.4741,0.0050,-0.0043,-0.0109
1774945569.9514,0.0000,0.0000,0.0000,0.0000,0.0000,-3.1327,-0.2129,-2.9918,0.0040,-0.0054,-0.0119
1774945569.9717,0.0000,0.0000,0.0000,0.0000,0.0000,-3.1322,-0.2128,1.2914,0.0019,-0.0033,-0.0098
1774945569.9912,0.0000,0.0000,0.0000,0.0000,0.0000,-3.1316,-0.2129,-0.0440,0.0050,-0.0043,-0.0109
1774945570.0114,0.0000,0.0000,0.0000,0.0000,0.0000,-3.1320,-0.2129,-0.1125,0.0029,-0.0033,-0.0119
1774945570.0312,0.0000,0.0000,0.0000,0.0000,0.0000,-3.1319,-0.2127,-0.8504,0.0029,-0.0033,-0.0098
1774945570.0513,0.0000,0.0000,0.0000,0.0000,0.0000,-3.1328,-0.2128,-1.1441,0.0029,-0.0033,-0.0119
1774945570.0713,0.0000,0.0000,0.0000,0.0000,0.0000,-3.1341,-0.2129,1.4261,0.0029,-0.0033,-0.0109
1774945570.0915,0.0000,0.0000,0.0000,0.0000,0.0000,-3.1336,-0.2129,-0.3743,0.0061,-0.0043,-0.0119
1774945570.1114,0.0000,0.0000,0.0000,0.0000,0.0000,-3.1330,-0.2132,-0.1280,0.0019,-0.0033,-0.0098
1774945570.1313,0.0000,0.0000,0.0000,0.0000,0.0000,-3.1320,-0.2131,0.9732,0.0029,-0.0043,-0.0109
1774945570.1512,0.0000,0.0000,0.0000,0.0000,0.0000,-3.1332,-0.2133,-1.6488,0.0008,-0.0043,-0.0098
1774945570.1715,0.0000,0.0000,0.0000,0.0000,0.0000,-3.1332,-0.2128,1.1322,0.0040,-0.0022,-0.0109
1774945570.1913,0.0000,0.0000,0.0000,0.0000,0.0000,-3.1329,-0.2130,-0.2530,0.0040,-0.0033,-0.0109
1774945570.2121,0.0000,0.0000,0.0000,0.0000,0.0000,-3.1335,-0.2130,0.2914,0.0019,-0.0033,-0.0109
1774945570.2316,0.0000,0.0000,0.0000,0.0000,0.0000,-3.1327,-0.2129,-0.6803,0.0040,-0.0043,-0.0109
1774945570.2513,0.0000,0.0000,0.0000,0.0000,0.0000,-3.1337,-0.2131,-0.3080,0.0008,-0.0043,-0.0109
1774945570.2712,0.0000,0.0000,0.0000,0.0000,0.0000,-3.1339,-0.2129,0.4712,0.0050,-0.0033,-0.0109
1774945570.2923,0.0000,0.0000,0.0000,0.0000,0.0000,-3.1336,-0.2132,-0.7961,0.0040,-0.0033,-0.0109
1774945570.3118,0.0000,0.0000,0.0000,0.0000,0.0000,-3.1332,-0.2135,1.2249,0.0029,-0.0043,-0.0109
1774945570.3314,0.0000,0.0000,0.0000,0.0000,0.0000,-3.1333,-0.2132,-0.9080,0.0040,-0.0022,-0.0119
1774945570.3512,0.0000,0.0000,0.0000,0.0000,0.0000,-3.1331,-0.2130,0.0000,0.0019,-0.0043,-0.0109
1774945570.3715,0.0000,0.0000,0.0000,0.0000,0.0000,-3.1318,-0.2127,0.0843,0.0040,-0.0043,-0.0087
1774945570.3912,0.0000,0.0000,0.0000,0.0000,0.0000,-3.1326,-0.2125,-1.7597,0.0029,-0.0022,-0.0109
1774945570.4114,0.0000,0.0000,0.0000,0.0000,0.0000,-3.1322,-0.2123,0.0000,0.0061,-0.0054,-0.0109
1774945570.4312,0.0000,0.0000,0.0000,0.0000,0.0000,-3.1326,-0.2125,0.1352,0.0040,-0.0043,-0.0119
1774945570.4512,0.0000,0.0000,0.0000,0.0000,0.0000,-3.1328,-0.2126,0.5704,0.0029,-0.0054,-0.0098
1774945570.4713,0.0000,0.0000,0.0000,0.0000,0.0000,-3.1326,-0.2125,-0.7209,0.0072,-0.0033,-0.0109
1774945570.4913,0.0000,0.0000,0.0000,0.0000,0.0000,-3.1331,-0.2127,-1.1919,0.0029,-0.0043,-0.0109
1774945570.5119,0.0000,0.0000,0.0000,0.0000,0.0000,-3.1324,-0.2127,1.0736,0.0050,-0.0043,-0.0109
1774945570.5314,0.0000,0.0000,0.0000,0.0000,0.0000,-3.1327,-0.2127,-0.1335,0.0050,-0.0043,-0.0119
1774945570.5514,0.0000,0.0000,0.0000,0.0000,0.0000,-3.1320,-0.2128,1.6774,0.0029,-0.0043,-0.0098
1774945570.5714,0.0000,0.0000,0.0000,0.0000,0.0000,-3.1321,-0.2127,-0.7802,0.0040,-0.0033,-0.0109
1774945570.5912,0.0000,0.0000,0.0000,0.0000,0.0000,-3.1326,-0.2128,0.2772,0.0019,-0.0033,-0.0109
1774945570.6112,0.0000,0.0000,0.0000,0.0000,0.0000,-3.1321,-0.2129,0.7705,0.0050,-0.0033,-0.0109
1774945570.6313,0.0000,0.0000,0.0000,0.0000,0.0000,-3.1330,-0.2127,-1.2095,0.0029,-0.0033,-0.0109
1774945570.6513,0.0000,0.0000,0.0000,0.0000,0.0000,-3.1324,-0.2127,0.4124,0.0040,-0.0043,-0.0098
1774945570.6722,0.0000,0.0000,0.0000,0.0000,0.0000,-3.1331,-0.2129,-0.2793,0.0040,-0.0043,-0.0109
1774945570.6913,0.0000,0.0000,0.0000,0.0000,0.0000,-3.1328,-0.2128,0.4262,0.0029,-0.0043,-0.0109
1774945570.7115,0.0000,0.0000,0.0000,0.0000,0.0000,-3.1319,-0.2128,-0.1268,0.0072,-0.0043,-0.0119
1774945570.7313,0.0000,0.0000,0.0000,0.0000,0.0000,-3.1328,-0.2128,-1.5890,0.0029,-0.0043,-0.0119
1774945570.7512,0.0000,0.0000,0.0000,0.0000,0.0000,-3.1318,-0.2129,1.1308,0.0040,-0.0054,-0.0109
1774945570.7713,0.0000,0.0000,0.0000,0.0000,0.0000,-3.1323,-0.2127,0.3491,0.0040,-0.0043,-0.0109
1774945570.7912,0.0000,0.0000,0.0000,0.0000,0.0000,-3.1323,-0.2129,0.9597,0.0019,-0.0043,-0.0109
1774945570.8112,0.0000,0.0000,0.0000,0.0000,0.0000,-3.1321,-0.2128,-0.0424,0.0040,-0.0033,-0.0109
1774945570.8312,0.0000,0.0000,0.0000,0.0000,0.0000,-3.1330,-0.2128,-0.0825,-0.0003,-0.0033,-0.0098
1774945570.8523,0.0000,0.0000,0.0000,0.0000,0.0000,-3.1319,-0.2128,-0.2204,0.0040,-0.0043,-0.0109
1774945570.8713,0.0000,0.0000,0.0000,0.0000,0.0000,-3.1322,-0.2127,-1.2744,0.0040,-0.0043,-0.0119
1774945570.8913,0.0000,0.0000,0.0000,0.0000,0.0000,-3.1324,-0.2125,-0.2813,0.0040,-0.0033,-0.0098
1774945570.9117,0.0000,0.0000,0.0000,0.0000,0.0000,-3.1323,-0.2129,0.6233,0.0050,-0.0033,-0.0130
1774945570.9352,0.0000,0.0000,0.0000,0.0000,0.0000,-3.1327,-0.2128,-0.2654,0.0040,-0.0033,-0.0130
1774945570.9515,0.0000,0.0000,0.0000,0.0000,0.0000,-3.1322,-0.2127,0.2476,0.0050,-0.0033,-0.0119
1774945570.9715,0.0000,0.0000,0.0000,0.0000,0.0000,-3.1328,-0.2128,-1.0622,0.0029,-0.0043,-0.0109
1774945570.9912,0.0000,0.0000,0.0000,0.0000,0.0000,-3.1320,-0.2127,0.3832,0.0050,-0.0043,-0.0119
1774945571.0114,0.0000,0.0000,0.0000,0.0000,0.0000,-3.1323,-0.2128,-0.3380,0.0029,-0.0033,-0.0109
1774945571.0315,0.0000,0.0000,0.0000,0.0000,0.0000,-3.1322,-0.2125,0.0412,0.0029,-0.0033,-0.0087
1774945571.0514,0.0000,0.0000,0.0000,0.0000,0.0000,-3.1324,-0.2126,-0.5927,0.0050,-0.0022,-0.0119
1774945571.0713,0.0000,0.0000,0.0000,0.0000,0.0000,-3.1327,-0.2128,1.3436,0.0029,-0.0033,-0.0109
1774945571.0920,0.0000,0.0000,0.0000,0.0000,0.0000,-3.1321,-0.2130,1.2825,0.0061,-0.0033,-0.0098
1774945571.1116,0.0000,0.0000,0.0000,0.0000,0.0000,-3.1324,-0.2128,-2.4431,0.0008,-0.0054,-0.0109
1774945571.1315,0.0000,0.0000,0.0000,0.0000,0.0000,-3.1330,-0.2134,3.0429,0.0050,-0.0054,-0.0109
1774945571.1512,0.0000,0.0000,0.0000,0.0000,0.0000,-3.1334,-0.2135,2.0283,0.0050,-0.0043,-0.0109
1774945571.1715,0.0000,0.0000,0.0000,0.0000,0.0000,-3.1329,-0.2134,-3.2958,0.0029,-0.0033,-0.0119
1774945571.1915,0.0000,0.0000,0.0000,0.0000,0.0000,-3.1338,-0.2137,2.1333,0.0082,-0.0043,-0.0109
1774945571.2112,0.0000,0.0000,0.0000,0.0000,0.0000,-3.1345,-0.2137,-0.1285,0.0019,-0.0043,-0.0109
1774945571.2313,0.0000,0.0000,0.0000,0.0000,0.0000,-3.1343,-0.2137,1.8776,0.0061,-0.0054,-0.0109
1774945571.2517,0.0000,0.0000,0.0000,0.0000,0.0000,-3.1342,-0.2135,0.5216,0.0050,-0.0043,-0.0119
1774945571.2713,0.0000,0.0000,0.0000,0.0000,0.0000,-3.1340,-0.2135,1.1379,0.0029,-0.0033,-0.0109
1774945571.2951,0.0000,0.0000,0.0000,0.0000,0.0000,-3.1337,-0.2133,0.0419,0.0050,-0.0043,-0.0119
1774945571.3123,0.0000,0.0000,0.0000,0.0000,0.0000,-3.1336,-0.2131,-0.2299,0.0029,-0.0033,-0.0109
1774945571.3322,0.0000,0.0000,0.0000,0.0000,0.0000,-3.1331,-0.2131,0.8961,0.0061,-0.0043,-0.0119
1774945571.3513,0.0000,0.0000,0.0000,0.0000,0.0000,-3.1339,-0.2129,-0.9672,0.0008,-0.0033,-0.0109
1774945571.3714,0.0000,0.0000,0.0000,0.0000,0.0000,-3.1330,-0.2127,0.4249,0.0050,-0.0033,-0.0119
1774945571.3913,0.0000,0.0000,0.0000,0.0000,0.0000,-3.1330,-0.2127,-0.5975,0.0029,-0.0033,-0.0109
1774945571.4115,0.0000,0.0000,0.0000,0.0000,0.0000,-3.1330,-0.2129,0.6834,0.0029,-0.0043,-0.0119
1774945571.4312,0.0000,0.0000,0.0000,0.0000,0.0000,-3.1323,-0.2127,-0.4368,0.0050,-0.0033,-0.0119
1774945571.4513,0.0000,0.0000,0.0000,0.0000,0.0000,-3.1332,-0.2129,-0.9850,0.0050,-0.0043,-0.0119
1774945571.4714,0.0000,0.0000,0.0000,0.0000,0.0000,-3.1323,-0.2129,1.0029,0.0050,-0.0033,-0.0098
1774945571.4944,0.0000,0.0000,0.0000,0.0000,0.0000,-3.1327,-0.2127,-0.0886,0.0029,-0.0043,-0.0087
1774945571.5113,0.0000,0.0000,0.0000,0.0000,0.0000,-3.1329,-0.2127,-0.1259,0.0040,-0.0043,-0.0109
1774945571.5317,0.0000,0.0000,0.0000,0.0000,0.0000,-3.1324,-0.2126,-0.9963,0.0050,-0.0022,-0.0119
1774945571.5524,0.0000,0.0000,0.0000,0.0000,0.0000,-3.1326,-0.2127,0.5539,0.0029,-0.0043,-0.0109
1774945571.5728,0.0000,0.0000,0.0000,0.0000,0.0000,-3.1322,-0.2125,-1.9442,0.0040,-0.0033,-0.0119
1774945571.5913,0.0000,0.0000,0.0000,0.0000,0.0000,-3.1323,-0.2127,-1.0446,0.0008,-0.0033,-0.0109
1774945571.6113,0.0000,0.0000,0.0000,0.0000,0.0000,-3.1324,-0.2127,0.0853,0.0019,-0.0043,-0.0098
1774945571.6313,0.0000,0.0000,0.0000,0.0000,0.0000,-3.1326,-0.2126,0.0832,0.0040,-0.0043,-0.0119
1774945571.6513,0.0000,0.0000,0.0000,0.0000,0.0000,-3.1328,-0.2126,0.7425,0.0029,-0.0043,-0.0098
1774945571.6715,0.0000,0.0000,0.0000,0.0000,0.0000,-3.1321,-0.2125,-0.3413,0.0040,-0.0043,-0.0109
1774945571.6913,0.0000,0.0000,0.0000,0.0000,0.0000,-3.1328,-0.2128,-0.9553,0.0008,-0.0022,-0.0109
1774945571.7114,0.0000,0.0000,0.0000,0.0000,0.0000,-3.1322,-0.2128,0.9638,0.0040,-0.0043,-0.0119
1774945571.7312,0.0000,0.0000,0.0000,0.0000,0.0000,-3.1326,-0.2130,-0.0860,0.0029,-0.0043,-0.0109
1774945571.7515,0.0000,0.0000,0.0000,0.0000,0.0000,-3.1324,-0.2128,0.1816,0.0050,-0.0043,-0.0109
1774945571.7713,0.0000,0.0000,0.0000,0.0000,0.0000,-3.1324,-0.2127,-0.5548,0.0029,-0.0043,-0.0119
1774945571.7914,0.0000,0.0000,0.0000,0.0000,0.0000,-3.1328,-0.2129,0.2540,0.0019,-0.0033,-0.0119
1774945571.8114,0.0000,0.0000,0.0000,0.0000,0.0000,-3.1321,-0.2129,0.6088,0.0050,-0.0054,-0.0119
1774945571.8323,0.0000,0.0000,0.0000,0.0000,0.0000,-3.1327,-0.2130,-0.8922,0.0040,-0.0022,-0.0119
1774945571.8513,0.0000,0.0000,0.0000,0.0000,0.0000,-3.1322,-0.2127,0.9545,0.0029,-0.0033,-0.0109
1774945571.8713,0.0000,0.0000,0.0000,0.0000,0.0000,-3.1325,-0.2128,0.3322,0.0040,-0.0022,-0.0130
1774945571.8914,0.0000,0.0000,0.0000,0.0000,0.0000,-3.1325,-0.2130,1.0077,0.0040,-0.0022,-0.0109
1774945571.9141,0.0000,0.0000,0.0000,0.0000,0.0000,-3.1321,-0.2130,-0.3463,0.0040,-0.0033,-0.0109
1774945571.9319,0.0000,0.0000,0.0000,0.0000,0.0000,-3.1330,-0.2132,-0.8540,0.0029,-0.0043,-0.0109
1774945571.9513,0.0000,0.0000,0.0000,0.0000,0.0000,-3.1321,-0.2128,0.7212,0.0040,-0.0033,-0.0109
1774945571.9712,0.0000,0.0000,0.0000,0.0000,0.0000,-3.1329,-0.2127,-0.6420,0.0040,-0.0043,-0.0119
1774945571.9912,0.0000,0.0000,0.0000,0.0000,0.0000,-3.1327,-0.2128,-0.4312,0.0040,-0.0022,-0.0130
1774945572.0114,0.0000,0.0000,0.0000,0.0000,0.0000,-3.1327,-0.2126,-0.7591,0.0040,-0.0033,-0.0109
1774945572.0320,0.0000,0.0000,0.0000,0.0000,0.0000,-3.1331,-0.2129,-1.2790,0.0019,-0.0043,-0.0119
1774945572.0512,0.0000,0.0000,0.0000,0.0000,0.0000,-3.1321,-0.2130,0.3557,0.0029,-0.0022,-0.0109
1774945572.0713,0.0000,0.0000,0.0000,0.0000,0.0000,-3.1332,-0.2129,-0.3423,0.0019,-0.0033,-0.0087
1774945572.0917,0.0000,0.0000,0.0000,0.0000,0.0000,-3.1326,-0.2130,1.5157,0.0040,-0.0043,-0.0119
1774945572.1112,0.0000,0.0000,0.0000,0.0000,0.0000,-3.1325,-0.2128,1.2860,0.0050,-0.0054,-0.0119
1774945572.1314,0.0000,0.0000,0.0000,0.0000,0.0000,-3.1329,-0.2129,1.1190,0.0019,-0.0043,-0.0109
1774945572.1513,0.0000,0.0000,0.0000,0.0000,0.0000,-3.1322,-0.2128,-1.2888,0.0050,-0.0033,-0.0119
1774945572.1715,0.0000,0.0000,0.0000,0.0000,0.0000,-3.1330,-0.2129,-1.2076,0.0040,-0.0022,-0.0109
1774945572.1913,0.0000,0.0000,0.0000,0.0000,0.0000,-3.1322,-0.2130,0.5435,0.0040,-0.0043,-0.0098
1774945572.2112,0.0000,0.0000,0.0000,0.0000,0.0000,-3.1325,-0.2129,-0.6591,0.0029,-0.0033,-0.0109
1774945572.2314,0.0000,0.0000,0.0000,0.0000,0.0000,-3.1324,-0.2129,0.6370,0.0029,-0.0043,-0.0119
1774945572.2514,0.0000,0.0000,0.0000,0.0000,0.0000,-3.1326,-0.2129,0.5106,0.0029,-0.0043,-0.0130
1774945572.2733,0.0000,0.0000,0.0000,0.0000,0.0000,-3.1326,-0.2128,0.9100,0.0008,-0.0054,-0.0098
1774945572.2912,0.0000,0.0000,0.0000,0.0000,0.0000,-3.1319,-0.2127,0.1656,0.0061,-0.0033,-0.0098
1774945572.3112,0.0000,0.0000,0.0000,0.0000,0.0000,-3.1327,-0.2126,-1.2165,0.0029,-0.0054,-0.0119
1774945572.3315,0.0000,0.0000,0.0000,0.0000,0.0000,-3.1322,-0.2126,0.2516,0.0029,-0.0043,-0.0098
1774945572.3527,0.0000,0.0000,0.0000,0.0000,0.0000,-3.1328,-0.2128,-1.8660,0.0029,-0.0033,-0.0119
1774945572.3717,0.0000,0.0000,0.0000,0.0000,0.0000,-3.1324,-0.2126,0.2928,0.0040,-0.0033,-0.0087
1774945572.3930,0.0000,0.0000,0.0000,0.0000,0.0000,-3.1322,-0.2126,-1.5774,0.0040,-0.0033,-0.0109
1774945572.4112,0.0000,0.0000,0.0000,0.0000,0.0000,-3.1326,-0.2128,-0.6190,0.0029,-0.0043,-0.0109
1774945572.4312,0.0000,0.0000,0.0000,0.0000,0.0000,-3.1318,-0.2128,0.9283,0.0050,-0.0054,-0.0098
1774945572.4514,0.0000,0.0000,0.0000,0.0000,0.0000,-3.1327,-0.2128,-0.8681,0.0040,-0.0043,-0.0119
1774945572.4713,0.0000,0.0000,0.0000,0.0000,0.0000,-3.1323,-0.2128,0.4831,0.0040,-0.0033,-0.0098
1774945572.4913,0.0000,0.0000,0.0000,0.0000,0.0000,-3.1323,-0.2127,-0.2064,0.0050,-0.0033,-0.0119
1774945572.5112,0.0000,0.0000,0.0000,0.0000,0.0000,-3.1329,-0.2129,0.1652,0.0029,-0.0043,-0.0130
1774945572.5312,0.0000,0.0000,0.0000,0.0000,0.0000,-3.1318,-0.2127,0.7469,0.0061,-0.0033,-0.0130
1774945572.5525,0.0000,0.0000,0.0000,0.0000,0.0000,-3.1326,-0.2129,-1.1250,0.0019,-0.0043,-0.0130
1774945572.5716,0.0000,0.0000,0.0000,0.0000,0.0000,-3.1321,-0.2128,0.4977,0.0050,-0.0043,-0.0119
1774945572.5926,0.0000,0.0000,0.0000,0.0000,0.0000,-3.1324,-0.2127,0.3324,0.0050,-0.0033,-0.0098
1774945572.6115,0.0000,0.0000,0.0000,0.0000,0.0000,-3.1326,-0.2129,-0.1685,0.0029,-0.0033,-0.0109
1774945572.6312,0.0000,0.0000,0.0000,0.0000,0.0000,-3.1319,-0.2132,0.5032,0.0061,-0.0043,-0.0130
1774945572.6512,0.0000,0.0000,0.0000,0.0000,0.0000,-3.1325,-0.2132,-1.4479,0.0019,-0.0043,-0.0098
1774945572.6961,0.0000,0.0000,0.0000,0.0000,0.0000,-3.1314,-0.2131,0.0000,0.0040,-0.0054,-0.0098
1774945572.7114,0.0000,0.0000,0.0000,0.0000,0.0000,-3.1320,-0.2127,0.0000,0.0029,-0.0043,-0.0109
1774945572.7312,0.0000,0.0000,0.0000,0.0000,0.0000,-3.1316,-0.2125,-0.0419,0.0082,-0.0043,-0.0119
1774945572.7512,0.0000,0.0000,0.0000,0.0000,0.0000,-3.1324,-0.2126,-1.0926,0.0040,-0.0033,-0.0119
1774945572.7713,0.0000,0.0000,0.0000,0.0000,0.0000,-3.1320,-0.2128,1.1537,0.0040,-0.0043,-0.0098
1774945572.7915,0.0000,0.0000,0.0000,0.0000,0.0000,-3.1329,-0.2129,0.0000,0.0029,-0.0033,-0.0098
1774945572.8112,0.0000,0.0000,0.0000,0.0000,0.0000,-3.1327,-0.2128,1.1201,0.0040,-0.0033,-0.0087
1774945572.8312,0.0000,0.0000,0.0000,0.0000,0.0000,-3.1320,-0.2128,0.1238,0.0050,-0.0033,-0.0109
1774945572.8513,0.0000,0.0000,0.0000,0.0000,0.0000,-3.1324,-0.2128,0.0827,0.0008,-0.0043,-0.0109
1774945572.8712,0.0000,0.0000,0.0000,0.0000,0.0000,-3.1318,-0.2128,-0.0827,0.0029,-0.0033,-0.0109
1774945572.8913,0.0000,0.0000,0.0000,0.0000,0.0000,-3.1322,-0.2127,-0.5542,0.0008,-0.0043,-0.0077
1774945572.9111,0.0000,0.0000,0.0000,0.0000,0.0000,-3.1320,-0.2129,1.0178,0.0029,-0.0043,-0.0119
1774945572.9313,0.0000,0.0000,0.0000,0.0000,0.0000,-3.1323,-0.2129,-0.2996,0.0061,-0.0043,-0.0109
1774945572.9512,0.0000,0.0000,0.0000,0.0000,0.0000,-3.1325,-0.2128,1.2326,0.0008,-0.0033,-0.0098
1774945572.9714,0.0000,0.0000,0.0000,0.0000,0.0000,-3.1321,-0.2129,-0.7699,0.0040,-0.0033,-0.0109
1774945572.9913,0.0000,0.0000,0.0000,0.0000,0.0000,-3.1327,-0.2130,-1.3639,0.0019,-0.0033,-0.0098
1774945573.0114,0.0000,0.0000,0.0000,0.0000,0.0000,-3.1319,-0.2128,0.0000,0.0040,-0.0022,-0.0109
1774945573.0312,0.0000,0.0000,0.0000,0.0000,0.0000,-3.1323,-0.2127,-1.3726,0.0029,-0.0033,-0.0098
1774945573.0513,0.0000,0.0000,0.0000,0.0000,0.0000,-3.1325,-0.2127,0.5968,0.0050,-0.0043,-0.0109
1774945573.0713,0.0000,0.0000,0.0000,0.0000,0.0000,-3.1322,-0.2128,-1.1023,0.0050,-0.0033,-0.0109
1774945573.0913,0.0000,0.0000,0.0000,0.0000,0.0000,-3.1328,-0.2129,-0.4941,0.0019,-0.0033,-0.0109
1774945573.1114,0.0000,0.0000,0.0000,0.0000,0.0000,-3.1322,-0.2128,-1.0083,0.0029,-0.0043,-0.0087
1774945573.1317,0.0000,0.0000,0.0000,0.0000,0.0000,-3.1327,-0.2129,-0.3089,0.0040,-0.0043,-0.0109
1774945573.1516,0.0000,0.0000,0.0000,0.0000,0.0000,-3.1321,-0.2128,1.1476,0.0061,-0.0043,-0.0109
1774945573.1714,0.0000,0.0000,0.0000,0.0000,0.0000,-3.1325,-0.2126,-0.2924,0.0019,-0.0033,-0.0109
1774945573.1913,0.0000,0.0000,0.0000,0.0000,0.0000,-3.1325,-0.2128,0.2995,0.0040,-0.0043,-0.0119
1774945573.2113,0.0000,0.0000,0.0000,0.0000,0.0000,-3.1320,-0.2128,-0.1655,0.0061,-0.0043,-0.0130
1774945573.2313,0.0000,0.0000,0.0000,0.0000,0.0000,-3.1329,-0.2128,-1.4966,0.0019,-0.0033,-0.0119
1774945573.2513,0.0000,0.0000,0.0000,0.0000,0.0000,-3.1321,-0.2128,0.6268,0.0029,-0.0033,-0.0098
1774945573.2713,0.0000,0.0000,0.0000,0.0000,0.0000,-3.1325,-0.2127,0.1243,0.0050,-0.0033,-0.0119
1774945573.2912,0.0000,0.0000,0.0000,0.0000,0.0000,-3.1323,-0.2126,0.9317,0.0029,-0.0033,-0.0109
1774945573.3112,0.0000,0.0000,0.0000,0.0000,0.0000,-3.1320,-0.2127,-0.5084,0.0050,-0.0033,-0.0109
1774945573.3312,0.0000,0.0000,0.0000,0.0000,0.0000,-3.1328,-0.2129,-0.4596,0.0019,-0.0033,-0.0109
1774945573.3512,0.0000,0.0000,0.0000,0.0000,0.0000,-3.1319,-0.2128,0.6391,0.0050,-0.0043,-0.0098
1774945573.3713,0.0000,0.0000,0.0000,0.0000,0.0000,-3.1329,-0.2128,-0.7245,0.0029,-0.0043,-0.0109
1774945573.3912,0.0000,0.0000,0.0000,0.0000,0.0000,-3.1324,-0.2129,0.4365,0.0029,-0.0054,-0.0109
1774945573.4112,0.0000,0.0000,0.0000,0.0000,0.0000,-3.1321,-0.2127,0.5648,0.0040,-0.0043,-0.0098
1774945573.4313,0.0000,0.0000,0.0000,0.0000,0.0000,-3.1327,-0.2126,-0.5941,0.0050,-0.0043,-0.0098
1774945573.4513,0.0000,0.0000,0.0000,0.0000,0.0000,-3.1318,-0.2127,-0.8630,0.0061,-0.0033,-0.0119
1774945573.4713,0.0000,0.0000,0.0000,0.0000,0.0000,-3.1322,-0.2129,-1.3205,0.0040,-0.0054,-0.0119
1774945573.4912,0.0000,0.0000,0.0000,0.0000,0.0000,-3.1317,-0.2129,1.6387,0.0040,-0.0043,-0.0087
1774945573.5112,0.0000,0.0000,0.0000,0.0000,0.0000,-3.1318,-0.2129,0.7419,0.0040,-0.0043,-0.0119
1774945573.5312,0.0000,0.0000,0.0000,0.0000,0.0000,-3.1316,-0.2126,-0.2116,0.0019,-0.0043,-0.0109
1774945573.5512,0.0000,0.0000,0.0000,0.0000,0.0000,-3.1323,-0.2120,0.6625,0.0050,-0.0075,-0.0098
1774945573.5713,0.0000,0.0000,0.0000,0.0000,0.0000,-3.1328,-0.2129,-2.6152,0.0040,-0.0086,-0.0098
1774945573.5912,0.0000,0.0000,0.0000,0.0000,0.0000,-3.1331,-0.2128,1.2089,0.0050,-0.0022,-0.0087
1774945573.6114,0.0000,0.0000,0.0000,0.0000,0.0000,-3.1328,-0.2124,0.1153,0.0029,-0.0033,-0.0109
1774945573.6313,0.0000,0.0000,0.0000,0.0000,0.0000,-3.1317,-0.2125,2.0267,0.0050,-0.0054,-0.0098
1774945573.6512,0.0000,0.0000,0.0000,0.0000,0.0000,-3.1315,-0.2130,-0.3443,0.0019,-0.0043,-0.0130
1774945573.6761,0.0000,0.0000,0.0000,0.0000,0.0000,-3.1302,-0.2129,2.0632,0.0008,-0.0022,-0.0119
1774945573.6913,0.0000,0.0000,0.0000,0.0000,0.0000,-3.1297,-0.2122,-1.2383,0.0072,-0.0054,-0.0141
1774945573.7113,0.0000,0.0000,0.0000,0.0000,0.0000,-3.1322,-0.2128,-1.2336,0.0019,-0.0043,-0.0098
1774945573.7317,0.0000,0.0000,0.0000,0.0000,0.0000,-3.1327,-0.2128,2.6780,0.0040,-0.0033,-0.0119
1774945573.7513,0.0000,0.0000,0.0000,0.0000,0.0000,-3.1326,-0.2126,0.8359,0.0019,-0.0054,-0.0109
1774945573.7712,0.0000,0.0000,0.0000,0.0000,0.0000,-3.1333,-0.2131,2.1342,0.0061,-0.0054,-0.0119
1774945573.7914,0.0000,0.0000,0.0000,0.0000,0.0000,-3.1344,-0.2129,-2.4422,0.0050,-0.0033,-0.0109
1774945573.8113,0.0000,0.0000,0.0000,0.0000,0.0000,-3.1332,-0.2126,-2.1814,0.0029,-0.0043,-0.0130
1774945573.8312,0.0000,0.0000,0.0000,0.0000,0.0000,-3.1323,-0.2125,-0.1282,0.0050,-0.0043,-0.0098
1774945573.8514,0.0000,0.0000,0.0000,0.0000,0.0000,-3.1320,-0.2128,0.0427,0.0029,-0.0022,-0.0119
1774945573.8713,0.0000,0.0000,0.0000,0.0000,0.0000,-3.1305,-0.2127,1.4970,0.0040,-0.0043,-0.0098
1774945573.8915,0.0000,0.0000,0.0000,0.0000,0.0000,-3.1310,-0.2127,-0.0428,0.0040,-0.0043,-0.0119
1774945573.9115,0.0000,0.0000,0.0000,0.0000,0.0000,-3.1305,-0.2130,1.3498,0.0008,-0.0033,-0.0109
1774945573.9313,0.0000,0.0000,0.0000,0.0000,0.0000,-3.1316,-0.2129,-1.4108,0.0050,-0.0033,-0.0119
1774945573.9512,0.0000,0.0000,0.0000,0.0000,0.0000,-3.1332,-0.2126,-1.9883,0.0008,-0.0043,-0.0109
1774945573.9715,0.0000,0.0000,0.0000,0.0000,0.0000,-3.1331,-0.2124,0.0000,0.0061,-0.0033,-0.0119
1774945573.9921,0.0000,0.0000,0.0000,0.0000,0.0000,-3.1334,-0.2121,0.0837,0.0061,-0.0043,-0.0119
1774945574.0115,0.0000,0.0000,0.0000,0.0000,0.0000,-3.1327,-0.2123,1.0089,0.0029,-0.0043,-0.0098
1774945574.0313,0.0000,0.0000,0.0000,0.0000,0.0000,-3.1319,-0.2125,-0.0865,0.0072,-0.0043,-0.0130
1774945574.0513,0.0000,0.0000,0.0000,0.0000,0.0000,-3.1321,-0.2128,-0.4299,0.0019,-0.0033,-0.0109
1774945574.0713,0.0000,0.0000,0.0000,0.0000,0.0000,-3.1305,-0.2130,0.8363,0.0061,-0.0043,-0.0119
1774945574.0913,0.0000,0.0000,0.0000,0.0000,0.0000,-3.1313,-0.2129,-1.3810,0.0040,-0.0033,-0.0119
1774945574.1113,0.0000,0.0000,0.0000,0.0000,0.0000,-3.1315,-0.2128,0.0000,0.0040,-0.0043,-0.0119
1774945574.1313,0.0000,0.0000,0.0000,0.0000,0.0000,-3.1319,-0.2125,0.5865,0.0029,-0.0054,-0.0130
1774945574.1523,0.0000,0.0000,0.0000,0.0000,0.0000,-3.1329,-0.2126,0.7635,0.0019,-0.0054,-0.0098
1774945574.1715,0.0000,0.0000,0.0000,0.0000,0.0000,-3.1328,-0.2124,0.8058,0.0040,-0.0043,-0.0130
1774945574.1914,0.0000,0.0000,0.0000,0.0000,0.0000,-3.1342,-0.2125,-0.9713,0.0029,-0.0043,-0.0109
1774945574.2132,0.0000,0.0000,0.0000,0.0000,0.0000,-3.1332,-0.2125,-0.1669,0.0040,-0.0022,-0.0119
1774945574.2334,0.0000,0.0000,0.0000,0.0000,0.0000,-3.1329,-0.2126,0.7975,0.0029,-0.0043,-0.0109
1774945574.2521,0.0000,0.0000,0.0000,0.0000,0.0000,-3.1322,-0.2126,0.5084,0.0019,-0.0033,-0.0098
1774945574.2720,0.0000,0.0000,0.0000,0.0000,0.0000,-3.1314,-0.2127,-0.8902,0.0029,-0.0033,-0.0109
1774945574.2913,0.0000,0.0000,0.0000,0.0000,0.0000,-3.1318,-0.2128,-0.8311,0.0019,-0.0033,-0.0119
1774945574.3138,0.0000,0.0000,0.0000,0.0000,0.0000,-3.1315,-0.2127,-0.0887,0.0029,-0.0033,-0.0109
1774945574.3312,0.0000,0.0000,0.0000,0.0000,0.0000,-3.1327,-0.2128,-0.8963,0.0029,-0.0022,-0.0098
1774945574.3576,0.0000,0.0000,0.0000,0.0000,0.0000,-3.1329,-0.2125,1.2503,0.0029,-0.0043,-0.0119
1774945574.3712,0.0000,0.0000,0.0000,0.0000,0.0000,-3.1331,-0.2124,0.8823,0.0050,-0.0054,-0.0109
1774945574.3913,0.0000,0.0000,0.0000,0.0000,0.0000,-3.1333,-0.2124,0.9211,0.0040,-0.0033,-0.0109
1774945574.4113,0.0000,0.0000,0.0000,0.0000,0.0000,-3.1323,-0.2125,-0.3311,0.0040,-0.0022,-0.0119
1774945574.4312,0.0000,0.0000,0.0000,0.0000,0.0000,-3.1327,-0.2127,-1.6157,0.0029,-0.0043,-0.0098
1774945574.4513,0.0000,0.0000,0.0000,0.0000,0.0000,-3.1321,-0.2126,0.1730,0.0061,-0.0033,-0.0119
1774945574.4712,0.0000,0.0000,0.0000,0.0000,0.0000,-3.1321,-0.2127,-0.2884,0.0029,-0.0033,-0.0098
1774945574.4913,0.0000,0.0000,0.0000,0.0000,0.0000,-3.1320,-0.2125,0.8340,0.0029,-0.0043,-0.0109
1774945574.5112,0.0000,0.0000,0.0000,0.0000,0.0000,-3.1323,-0.2126,-1.0001,0.0050,-0.0043,-0.0109
1774945574.5312,0.0000,0.0000,0.0000,0.0000,0.0000,-3.1331,-0.2127,0.2950,0.0029,-0.0033,-0.0119
1774945574.5569,0.0000,0.0000,0.0000,0.0000,0.0000,-3.1325,-0.2127,1.1080,0.0040,-0.0043,-0.0109
1774945574.5714,0.0000,0.0000,0.0000,0.0000,0.0000,-3.1335,-0.2127,-0.9702,0.0019,-0.0043,-0.0098
1774945574.5912,0.0000,0.0000,0.0000,0.0000,0.0000,-3.1328,-0.2126,0.7022,0.0040,-0.0043,-0.0109
1774945574.6115,0.0000,0.0000,0.0000,0.0000,0.0000,-3.1332,-0.2127,-0.9970,0.0019,-0.0033,-0.0119
1774945574.6315,0.0000,0.0000,0.0000,0.0000,0.0000,-3.1328,-0.2128,0.2911,0.0029,-0.0033,-0.0109
1774945574.6516,0.0000,0.0000,0.0000,0.0000,0.0000,-3.1322,-0.2126,-0.3515,0.0050,-0.0043,-0.0109
1774945574.6714,0.0000,0.0000,0.0000,0.0000,0.0000,-3.1326,-0.2130,-1.0478,0.0019,-0.0043,-0.0119
1774945574.6913,0.0000,0.0000,0.0000,0.0000,0.0000,-3.1317,-0.2130,0.8149,0.0050,-0.0033,-0.0119
1774945574.7112,0.0000,0.0000,0.0000,0.0000,0.0000,-3.1324,-0.2129,-0.2483,0.0040,-0.0033,-0.0119
1774945574.7313,0.0000,0.0000,0.0000,0.0000,0.0000,-3.1325,-0.2129,0.6554,0.0019,-0.0033,-0.0109
1774945574.7516,0.0000,0.0000,0.0000,0.0000,0.0000,-3.1325,-0.2128,0.0852,0.0061,-0.0033,-0.0119
1774945574.7715,0.0000,0.0000,0.0000,0.0000,0.0000,-3.1332,-0.2129,0.0000,0.0008,-0.0043,-0.0109
1774945574.7912,0.0000,0.0000,0.0000,0.0000,0.0000,-3.1323,-0.2129,0.3477,0.0050,-0.0043,-0.0109
1774945574.8113,0.0000,0.0000,0.0000,0.0000,0.0000,-3.1331,-0.2130,-0.7044,0.0050,-0.0033,-0.0109
1774945574.8313,0.0000,0.0000,0.0000,0.0000,0.0000,-3.1323,-0.2129,-0.1683,0.0029,-0.0033,-0.0109
1774945574.8514,0.0000,0.0000,0.0000,0.0000,0.0000,-3.1318,-0.2128,0.8461,0.0040,-0.0033,-0.0109
1774945574.8713,0.0000,0.0000,0.0000,0.0000,0.0000,-3.1320,-0.2129,0.6483,0.0040,-0.0043,-0.0109
1774945574.8913,0.0000,0.0000,0.0000,0.0000,0.0000,-3.1316,-0.2127,-0.8052,0.0061,-0.0043,-0.0130
1774945574.9141,0.0000,0.0000,0.0000,0.0000,0.0000,-3.1325,-0.2127,0.9752,0.0029,-0.0022,-0.0087
1774945574.9379,0.0000,0.0000,0.0000,0.0000,0.0000,-3.1322,-0.2125,-0.8232,0.0040,-0.0022,-0.0109
1774945574.9515,0.0000,0.0000,0.0000,0.0000,0.0000,-3.1326,-0.2128,-1.9846,0.0029,-0.0043,-0.0109
1774945574.9724,0.0000,0.0000,0.0000,0.0000,0.0000,-3.1327,-0.2126,0.3716,0.0040,-0.0043,-0.0109
1774945574.9945,0.0000,0.0000,0.0000,0.0000,0.0000,-3.1323,-0.2125,-0.8598,0.0029,-0.0022,-0.0098
1774945575.0130,0.0000,0.0000,0.0000,0.0000,0.0000,-3.1321,-0.2127,0.8581,0.0040,-0.0033,-0.0109
1774945575.0313,0.0000,0.0000,0.0000,0.0000,0.0000,-3.1318,-0.2128,0.3087,0.0040,-0.0043,-0.0109
1774945575.0519,0.0000,0.0000,0.0000,0.0000,0.0000,-3.1322,-0.2129,-0.8764,0.0029,-0.0054,-0.0109
1774945575.0713,0.0000,0.0000,0.0000,0.0000,0.0000,-3.1320,-0.2128,0.5886,0.0029,-0.0043,-0.0119
1774945575.0913,0.0000,0.0000,0.0000,0.0000,0.0000,-3.1322,-0.2126,0.4240,0.0050,-0.0033,-0.0130
1774945575.1112,0.0000,0.0000,0.0000,0.0000,0.0000,-3.1323,-0.2128,0.7044,0.0029,-0.0033,-0.0119
1774945575.1312,0.0000,0.0000,0.0000,0.0000,0.0000,-3.1321,-0.2126,-0.4542,0.0050,-0.0033,-0.0109
1774945575.1513,0.0000,0.0000,0.0000,0.0000,0.0000,-3.1331,-0.2128,-1.5755,0.0019,-0.0043,-0.0098
1774945575.1713,0.0000,0.0000,0.0000,0.0000,0.0000,-3.1322,-0.2128,1.3157,0.0040,-0.0054,-0.0119
1774945575.1931,0.0000,0.0000,0.0000,0.0000,0.0000,-3.1329,-0.2128,0.0000,0.0029,-0.0043,-0.0119
1774945575.2115,0.0000,0.0000,0.0000,0.0000,0.0000,-3.1324,-0.2128,0.6624,0.0019,-0.0033,-0.0109
1774945575.2312,0.0000,0.0000,0.0000,0.0000,0.0000,-3.1320,-0.2126,-0.1240,0.0040,-0.0043,-0.0119
1774945575.2525,0.0000,0.0000,0.0000,0.0000,0.0000,-3.1324,-0.2126,-1.6567,0.0040,-0.0043,-0.0130
1774945575.2715,0.0000,0.0000,0.0000,0.0000,0.0000,-3.1315,-0.2125,0.8096,0.0072,-0.0043,-0.0098
1774945575.2961,0.0000,0.0000,0.0000,0.0000,0.0000,-3.1320,-0.2121,-1.0114,0.0029,-0.0033,-0.0119
1774945575.3130,0.0000,0.0000,0.0000,0.0000,0.0000,-3.1314,-0.2117,-0.3846,0.0050,-0.0033,-0.0098
1774945575.3312,0.0000,0.0000,0.0000,0.0000,0.0000,-3.1316,-0.2122,-0.4907,0.0040,-0.0033,-0.0109
1774945575.3514,0.0000,0.0000,0.0000,0.0000,0.0000,-3.1316,-0.2127,-0.2601,0.0029,-0.0033,-0.0098
1774945575.3716,0.0000,0.0000,0.0000,0.0000,0.0000,-3.1307,-0.2128,0.0000,0.0040,-0.0033,-0.0109
1774945575.3912,0.0000,0.0000,0.0000,0.0000,0.0000,-3.1325,-0.2130,-1.3493,0.0029,-0.0033,-0.0119
1774945575.4117,0.0000,0.0000,0.0000,0.0000,0.0000,-3.1332,-0.2128,0.9063,0.0029,-0.0043,-0.0109
1774945575.4315,0.0000,0.0000,0.0000,0.0000,0.0000,-3.1343,-0.2129,0.0000,0.0040,-0.0033,-0.0109
1774945575.4513,0.0000,0.0000,0.0000,0.0000,0.0000,-3.1325,-0.2131,0.0000,0.0019,-0.0033,-0.0109
1774945575.4713,0.0000,0.0000,0.0000,0.0000,0.0000,-3.1309,-0.2132,-0.0417,0.0061,-0.0043,-0.0098
1774945575.4914,0.0000,0.0000,0.0000,0.0000,0.0000,-3.1323,-0.2141,-1.3388,0.0019,-0.0043,-0.0098
1774945575.5116,0.0000,0.0000,0.0000,0.0000,0.0000,-3.1331,-0.2140,1.3199,0.0040,-0.0043,-0.0119
1774945575.5313,0.0000,0.0000,0.0000,0.0000,0.0000,-3.1334,-0.2138,0.9028,0.0040,-0.0043,-0.0109
1774945575.5515,0.0000,0.0000,0.0000,0.0000,0.0000,-3.1341,-0.2144,0.8011,0.0019,-0.0054,-0.0077
1774945575.5713,0.0000,0.0000,0.0000,0.0000,0.0000,-3.1357,-0.2147,-0.7492,0.0061,-0.0043,-0.0098
1774945575.5962,0.0000,0.0000,0.0000,0.0000,0.0000,-3.1376,-0.2148,-2.0749,0.0008,-0.0022,-0.0098
1774945575.6112,0.0000,0.0000,0.0000,0.0000,0.0000,-3.1371,-0.2144,4.0459,0.0061,-0.0043,-0.0130
1774945575.6313,0.0000,0.0000,0.0000,0.0000,0.0000,-3.1362,-0.2142,3.9741,0.0040,-0.0054,-0.0109
1774945575.6512,0.0000,0.0000,0.0000,0.0000,0.0000,-3.1356,-0.2140,3.6650,0.0040,-0.0054,-0.0098
1774945575.6712,0.0000,0.0000,0.0000,0.0000,0.0000,-3.1350,-0.2144,0.4238,0.0061,-0.0043,-0.0109
1774945575.6915,0.0000,0.0000,0.0000,0.0000,0.0000,-3.1339,-0.2140,-2.2288,0.0040,-0.0033,-0.0109
1774945575.7114,0.0000,0.0000,0.0000,0.0000,0.0000,-3.1332,-0.2135,0.5716,0.0082,-0.0043,-0.0098
1774945575.7312,0.0000,0.0000,0.0000,0.0000,0.0000,-3.1329,-0.2134,-0.8377,0.0040,-0.0054,-0.0087
1774945575.7512,0.0000,0.0000,0.0000,0.0000,0.0000,-3.1327,-0.2132,1.1046,0.0050,-0.0043,-0.0098
1774945575.7715,0.0000,0.0000,0.0000,0.0000,0.0000,-3.1327,-0.2130,-0.3590,0.0040,-0.0033,-0.0109
1774945575.7913,0.0000,0.0000,0.0000,0.0000,0.0000,-3.1326,-0.2130,-0.6455,0.0019,-0.0033,-0.0109
1774945575.8113,0.0000,0.0000,0.0000,0.0000,0.0000,-3.1318,-0.2133,-0.9802,0.0061,-0.0022,-0.0119
1774945575.8313,0.0000,0.0000,0.0000,0.0000,0.0000,-3.1327,-0.2135,-0.6369,0.0029,0.0010,-0.0119
1774945575.8513,0.0000,0.0000,0.0000,0.0000,0.0000,-3.1320,-0.2126,-0.0849,0.0040,-0.0022,-0.0109
1774945575.8715,0.0000,0.0000,0.0000,0.0000,0.0000,-3.1318,-0.2125,-0.5155,0.0040,-0.0054,-0.0109
1774945575.8913,0.0000,0.0000,0.0000,0.0000,0.0000,-3.1327,-0.2135,0.5691,0.0029,-0.0033,-0.0119
1774945575.9113,0.0000,0.0000,0.0000,0.0000,0.0000,-3.1340,-0.2131,0.1222,0.0029,-0.0022,-0.0130
1774945575.9312,0.0000,0.0000,0.0000,0.0000,0.0000,-3.1345,-0.2127,1.2504,0.0029,-0.0054,-0.0119
1774945575.9517,0.0000,0.0000,0.0000,0.0000,0.0000,-3.1344,-0.2127,0.5793,0.0050,-0.0043,-0.0109
1774945575.9713,0.0000,0.0000,0.0000,0.0000,0.0000,-3.1347,-0.2126,-2.5615,0.0029,-0.0033,-0.0119
1774945575.9914,0.0000,0.0000,0.0000,0.0000,0.0000,-3.1324,-0.2125,0.8979,0.0050,-0.0033,-0.0109
1774945576.0119,0.0000,0.0000,0.0000,0.0000,0.0000,-3.1318,-0.2128,1.7442,0.0040,-0.0043,-0.0119
1774945576.0314,0.0000,0.0000,0.0000,0.0000,0.0000,-3.1312,-0.2132,1.5855,0.0019,-0.0012,-0.0119
1774945576.0516,0.0000,0.0000,0.0000,0.0000,0.0000,-3.1312,-0.2128,0.3330,0.0050,-0.0033,-0.0098
1774945576.0721,0.0000,0.0000,0.0000,0.0000,0.0000,-3.1325,-0.2129,-0.2542,0.0019,-0.0043,-0.0109
1774945576.0913,0.0000,0.0000,0.0000,0.0000,0.0000,-3.1323,-0.2131,0.2508,0.0061,-0.0043,-0.0119
1774945576.1113,0.0000,0.0000,0.0000,0.0000,0.0000,-3.1334,-0.2129,-1.1258,0.0040,-0.0043,-0.0119
1774945576.1315,0.0000,0.0000,0.0000,0.0000,0.0000,-3.1335,-0.2126,-0.0418,0.0029,-0.0043,-0.0098
1774945576.1515,0.0000,0.0000,0.0000,0.0000,0.0000,-3.1335,-0.2126,-0.5835,0.0040,-0.0033,-0.0130
1774945576.1729,0.0000,0.0000,0.0000,0.0000,0.0000,-3.1335,-0.2126,0.3445,0.0040,-0.0043,-0.0087
1774945576.1913,0.0000,0.0000,0.0000,0.0000,0.0000,-3.1322,-0.2126,0.3601,0.0072,-0.0043,-0.0109
1774945576.2115,0.0000,0.0000,0.0000,0.0000,0.0000,-3.1326,-0.2129,-0.3486,0.0019,-0.0033,-0.0109
1774945576.2313,0.0000,0.0000,0.0000,0.0000,0.0000,-3.1315,-0.2129,0.9572,0.0061,-0.0054,-0.0119
1774945576.2513,0.0000,0.0000,0.0000,0.0000,0.0000,-3.1317,-0.2128,0.5860,0.0040,-0.0043,-0.0098
1774945576.2760,0.0000,0.0000,0.0000,0.0000,0.0000,-3.1314,-0.2127,1.4827,0.0040,-0.0043,-0.0109
1774945576.2929,0.0000,0.0000,0.0000,0.0000,0.0000,-3.1319,-0.2127,-0.7512,0.0040,-0.0022,-0.0119
1774945576.3115,0.0000,0.0000,0.0000,0.0000,0.0000,-3.1329,-0.2127,-0.2532,0.0040,-0.0054,-0.0109
1774945576.3317,0.0000,0.0000,0.0000,0.0000,0.0000,-3.1330,-0.2128,1.2525,0.0050,-0.0043,-0.0130
1774945576.3512,0.0000,0.0000,0.0000,0.0000,0.0000,-3.1338,-0.2126,-0.1675,0.0050,-0.0054,-0.0119
1774945576.3714,0.0000,0.0000,0.0000,0.0000,0.0000,-3.1332,-0.2125,0.2551,0.0061,-0.0043,-0.0119
1774945576.3913,0.0000,0.0000,0.0000,0.0000,0.0000,-3.1327,-0.2126,-0.2548,0.0040,-0.0022,-0.0119
1774945576.4119,0.0000,0.0000,0.0000,0.0000,0.0000,-3.1323,-0.2128,0.7630,0.0019,-0.0022,-0.0109
1774945576.4312,0.0000,0.0000,0.0000,0.0000,0.0000,-3.1312,-0.2129,-0.4327,0.0061,-0.0033,-0.0109
1774945576.4514,0.0000,0.0000,0.0000,0.0000,0.0000,-3.1317,-0.2130,-1.7253,0.0019,-0.0043,-0.0109
1774945576.4744,0.0000,0.0000,0.0000,0.0000,0.0000,-3.1315,-0.2128,0.6639,0.0029,-0.0033,-0.0109
1774945576.4913,0.0000,0.0000,0.0000,0.0000,0.0000,-3.1324,-0.2126,-0.1785,0.0040,-0.0043,-0.0119
1774945576.5114,0.0000,0.0000,0.0000,0.0000,0.0000,-3.1329,-0.2127,0.6922,0.0029,-0.0043,-0.0109
1774945576.5313,0.0000,0.0000,0.0000,0.0000,0.0000,-3.1329,-0.2126,-0.3103,0.0050,-0.0033,-0.0098
1774945576.5512,0.0000,0.0000,0.0000,0.0000,0.0000,-3.1337,-0.2128,-0.8713,0.0029,-0.0033,-0.0109
1774945576.5737,0.0000,0.0000,0.0000,0.0000,0.0000,-3.1327,-0.2127,-0.8617,0.0040,-0.0043,-0.0098
1774945576.5913,0.0000,0.0000,0.0000,0.0000,0.0000,-3.1328,-0.2128,-0.6276,0.0040,-0.0043,-0.0109
1774945576.6116,0.0000,0.0000,0.0000,0.0000,0.0000,-3.1321,-0.2129,0.0425,0.0050,-0.0033,-0.0119
1774945576.6312,0.0000,0.0000,0.0000,0.0000,0.0000,-3.1319,-0.2127,-0.0814,0.0061,-0.0033,-0.0130
1774945576.6514,0.0000,0.0000,0.0000,0.0000,0.0000,-3.1322,-0.2131,0.6234,0.0019,-0.0043,-0.0098
1774945576.6713,0.0000,0.0000,0.0000,0.0000,0.0000,-3.1318,-0.2129,-0.0435,0.0050,-0.0033,-0.0109
1774945576.6913,0.0000,0.0000,0.0000,0.0000,0.0000,-3.1330,-0.2130,-1.2202,0.0019,-0.0043,-0.0119
1774945576.7113,0.0000,0.0000,0.0000,0.0000,0.0000,-3.1324,-0.2128,1.4893,0.0061,-0.0054,-0.0130
1774945576.7313,0.0000,0.0000,0.0000,0.0000,0.0000,-3.1329,-0.2126,0.2102,0.0061,-0.0033,-0.0130
1774945576.7512,0.0000,0.0000,0.0000,0.0000,0.0000,-3.1329,-0.2126,0.7870,0.0019,-0.0033,-0.0109
1774945576.7712,0.0000,0.0000,0.0000,0.0000,0.0000,-3.1324,-0.2127,-0.7536,0.0050,-0.0033,-0.0119
1774945576.7924,0.0000,0.0000,0.0000,0.0000,0.0000,-3.1330,-0.2128,-0.9587,0.0019,-0.0033,-0.0109
1774945576.8122,0.0000,0.0000,0.0000,0.0000,0.0000,-3.1322,-0.2128,0.7663,0.0029,-0.0033,-0.0098
1774945576.8312,0.0000,0.0000,0.0000,0.0000,0.0000,-3.1318,-0.2127,-1.1658,0.0029,-0.0033,-0.0098
1774945576.8512,0.0000,0.0000,0.0000,0.0000,0.0000,-3.1318,-0.2128,-0.1646,0.0029,-0.0043,-0.0098
1774945576.8713,0.0000,0.0000,0.0000,0.0000,0.0000,-3.1315,-0.2127,0.6368,0.0040,-0.0033,-0.0119
1774945576.8912,0.0000,0.0000,0.0000,0.0000,0.0000,-3.1323,-0.2127,0.5733,-0.0003,-0.0022,-0.0119
1774945576.9120,0.0000,0.0000,0.0000,0.0000,0.0000,-3.1320,-0.2127,-0.0413,0.0061,-0.0043,-0.0119
1774945576.9321,0.0000,0.0000,0.0000,0.0000,0.0000,-3.1331,-0.2128,-1.3978,0.0008,-0.0054,-0.0098
1774945576.9513,0.0000,0.0000,0.0000,0.0000,0.0000,-3.1327,-0.2127,0.7444,0.0061,-0.0043,-0.0119
1774945576.9712,0.0000,0.0000,0.0000,0.0000,0.0000,-3.1328,-0.2127,0.2597,0.0050,-0.0043,-0.0119
1774945576.9912,0.0000,0.0000,0.0000,0.0000,0.0000,-3.1326,-0.2127,0.0000,0.0029,-0.0033,-0.0109
1774945577.0113,0.0000,0.0000,0.0000,0.0000,0.0000,-3.1320,-0.2127,-0.8667,0.0050,-0.0022,-0.0119
1774945577.0312,0.0000,0.0000,0.0000,0.0000,0.0000,-3.1324,-0.2128,-0.5853,0.0019,-0.0043,-0.0109
1774945577.0512,0.0000,0.0000,0.0000,0.0000,0.0000,-3.1318,-0.2128,0.8811,0.0061,-0.0043,-0.0130
1774945577.0712,0.0000,0.0000,0.0000,0.0000,0.0000,-3.1325,-0.2127,-0.6406,0.0050,-0.0033,-0.0109
1774945577.0912,0.0000,0.0000,0.0000,0.0000,0.0000,-3.1324,-0.2126,0.4256,0.0040,-0.0033,-0.0098
1774945577.1112,0.0000,0.0000,0.0000,0.0000,0.0000,-3.1326,-0.2127,0.0898,0.0050,-0.0022,-0.0130
1774945577.1313,0.0000,0.0000,0.0000,0.0000,0.0000,-3.1330,-0.2128,0.5982,0.0019,-0.0043,-0.0109
1774945577.1513,0.0000,0.0000,0.0000,0.0000,0.0000,-3.1323,-0.2128,-0.1712,0.0061,-0.0033,-0.0119
1774945577.1712,0.0000,0.0000,0.0000,0.0000,0.0000,-3.1328,-0.2128,-1.1039,0.0029,-0.0033,-0.0119
1774945577.1912,0.0000,0.0000,0.0000,0.0000,0.0000,-3.1320,-0.2127,1.1320,0.0029,-0.0043,-0.0109
1774945577.2112,0.0000,0.0000,0.0000,0.0000,0.0000,-3.1324,-0.2127,0.0000,0.0029,-0.0033,-0.0087
1774945577.2312,0.0000,0.0000,0.0000,0.0000,0.0000,-3.1322,-0.2129,0.8826,0.0029,-0.0043,-0.0109
1774945577.2522,0.0000,0.0000,0.0000,0.0000,0.0000,-3.1320,-0.2126,-0.5900,0.0050,-0.0033,-0.0119
1774945577.2716,0.0000,0.0000,0.0000,0.0000,0.0000,-3.1328,-0.2128,-0.5573,0.0029,-0.0043,-0.0098
1774945577.2913,0.0000,0.0000,0.0000,0.0000,0.0000,-3.1321,-0.2128,0.6752,0.0061,-0.0043,-0.0119
1774945577.3115,0.0000,0.0000,0.0000,0.0000,0.0000,-3.1331,-0.2127,-0.3935,0.0008,-0.0033,-0.0098
1774945577.3315,0.0000,0.0000,0.0000,0.0000,0.0000,-3.1324,-0.2127,0.0425,0.0040,-0.0043,-0.0109
1774945577.3515,0.0000,0.0000,0.0000,0.0000,0.0000,-3.1328,-0.2128,-0.4126,0.0050,-0.0043,-0.0130
1774945577.3713,0.0000,0.0000,0.0000,0.0000,0.0000,-3.1328,-0.2129,0.6591,0.0019,-0.0033,-0.0098
1774945577.3913,0.0000,0.0000,0.0000,0.0000,0.0000,-3.1321,-0.2131,-0.4246,0.0061,-0.0033,-0.0109
1774945577.4113,0.0000,0.0000,0.0000,0.0000,0.0000,-3.1334,-0.2131,-1.0833,0.0019,-0.0043,-0.0109
1774945577.4312,0.0000,0.0000,0.0000,0.0000,0.0000,-3.1329,-0.2127,0.5635,0.0050,-0.0033,-0.0119
1774945577.4520,0.0000,0.0000,0.0000,0.0000,0.0000,-3.1322,-0.2130,1.5888,0.0040,-0.0033,-0.0109
1774945577.4713,0.0000,0.0000,0.0000,0.0000,0.0000,-3.1322,-0.2128,1.5384,0.0029,-0.0033,-0.0109
1774945577.4916,0.0000,0.0000,0.0000,0.0000,0.0000,-3.1319,-0.2129,-0.0929,0.0029,-0.0043,-0.0119
1774945577.5119,0.0000,0.0000,0.0000,0.0000,0.0000,-3.1325,-0.2128,0.8541,0.0019,-0.0043,-0.0109
1774945577.5313,0.0000,0.0000,0.0000,0.0000,0.0000,-3.1329,-0.2130,0.1254,0.0050,-0.0033,-0.0119
1774945577.5512,0.0000,0.0000,0.0000,0.0000,0.0000,-3.1331,-0.2130,-0.4853,0.0029,-0.0043,-0.0098
1774945577.5713,0.0000,0.0000,0.0000,0.0000,0.0000,-3.1328,-0.2130,1.4451,0.0040,-0.0033,-0.0098
1774945577.5928,0.0000,0.0000,0.0000,0.0000,0.0000,-3.1327,-0.2129,0.5122,0.0050,-0.0033,-0.0109
1774945577.6112,0.0000,0.0000,0.0000,0.0000,0.0000,-3.1326,-0.2127,-0.7007,0.0029,-0.0022,-0.0109
1774945577.6313,0.0000,0.0000,0.0000,0.0000,0.0000,-3.1318,-0.2128,-1.5593,0.0050,-0.0033,-0.0119
1774945577.6513,0.0000,0.0000,0.0000,0.0000,0.0000,-3.1321,-0.2128,-1.4063,0.0008,-0.0033,-0.0098
1774945577.6716,0.0000,0.0000,0.0000,0.0000,0.0000,-3.1318,-0.2129,0.1260,0.0019,-0.0043,-0.0119
1774945577.6913,0.0000,0.0000,0.0000,0.0000,0.0000,-3.1324,-0.2129,0.3400,0.0040,-0.0043,-0.0119
1774945577.7113,0.0000,0.0000,0.0000,0.0000,0.0000,-3.1328,-0.2127,-0.0826,0.0029,-0.0033,-0.0098
1774945577.7313,0.0000,0.0000,0.0000,0.0000,0.0000,-3.1326,-0.2125,-1.2335,0.0072,-0.0033,-0.0098
1774945577.7517,0.0000,0.0000,0.0000,0.0000,0.0000,-3.1326,-0.2126,-0.2180,0.0040,-0.0043,-0.0109
1774945577.7713,0.0000,0.0000,0.0000,0.0000,0.0000,-3.1326,-0.2127,1.3086,0.0029,-0.0043,-0.0130
1774945577.7913,0.0000,0.0000,0.0000,0.0000,0.0000,-3.1325,-0.2129,-0.7830,0.0040,-0.0043,-0.0141
1774945577.8114,0.0000,0.0000,0.0000,0.0000,0.0000,-3.1325,-0.2132,1.2961,0.0029,-0.0054,-0.0109
1774945577.8315,0.0000,0.0000,0.0000,0.0000,0.0000,-3.1327,-0.2130,0.0000,0.0029,-0.0043,-0.0109
1774945577.8514,0.0000,0.0000,0.0000,0.0000,0.0000,-3.1326,-0.2127,-0.0884,0.0029,-0.0033,-0.0119
1774945577.8713,0.0000,0.0000,0.0000,0.0000,0.0000,-3.1315,-0.2131,0.1714,0.0050,-0.0043,-0.0119
1774945577.8916,0.0000,0.0000,0.0000,0.0000,0.0000,-3.1317,-0.2132,-1.3854,0.0040,-0.0033,-0.0109
1774945577.9114,0.0000,0.0000,0.0000,0.0000,0.0000,-3.1316,-0.2133,1.3440,0.0029,-0.0033,-0.0109
1774945577.9313,0.0000,0.0000,0.0000,0.0000,0.0000,-3.1326,-0.2133,-0.4912,0.0019,-0.0043,-0.0109
1774945577.9515,0.0000,0.0000,0.0000,0.0000,0.0000,-3.1325,-0.2133,0.0000,0.0050,-0.0043,-0.0119
1774945577.9712,0.0000,0.0000,0.0000,0.0000,0.0000,-3.1320,-0.2130,0.0435,0.0050,-0.0043,-0.0119
1774945577.9913,0.0000,0.0000,0.0000,0.0000,0.0000,-3.1323,-0.2131,-1.2732,0.0040,-0.0043,-0.0109
1774945578.0113,0.0000,0.0000,0.0000,0.0000,0.0000,-3.1325,-0.2127,1.3523,0.0050,-0.0054,-0.0109
1774945578.0314,0.0000,0.0000,0.0000,0.0000,0.0000,-3.1331,-0.2126,-0.4959,0.0050,-0.0033,-0.0109
1774945578.0512,0.0000,0.0000,0.0000,0.0000,0.0000,-3.1328,-0.2128,1.2484,0.0029,-0.0033,-0.0109
1774945578.0713,0.0000,0.0000,0.0000,0.0000,0.0000,-3.1330,-0.2128,-0.3323,0.0040,-0.0054,-0.0109
1774945578.0913,0.0000,0.0000,0.0000,0.0000,0.0000,-3.1338,-0.2130,-0.5560,0.0019,-0.0043,-0.0119
1774945578.1120,0.0000,0.0000,0.0000,0.0000,0.0000,-3.1332,-0.2130,-1.2280,0.0050,-0.0033,-0.0119
1774945578.1314,0.0000,0.0000,0.0000,0.0000,0.0000,-3.1330,-0.2130,-1.1936,0.0019,-0.0033,-0.0098
1774945578.1521,0.0000,0.0000,0.0000,0.0000,0.0000,-3.1327,-0.2132,0.7019,0.0029,-0.0043,-0.0109
1774945578.1715,0.0000,0.0000,0.0000,0.0000,0.0000,-3.1318,-0.2129,-0.8435,0.0029,-0.0033,-0.0109
1774945578.1912,0.0000,0.0000,0.0000,0.0000,0.0000,-3.1324,-0.2127,-0.9282,0.0019,-0.0043,-0.0109
1774945578.2114,0.0000,0.0000,0.0000,0.0000,0.0000,-3.1323,-0.2128,0.5756,0.0050,-0.0022,-0.0119
1774945578.2313,0.0000,0.0000,0.0000,0.0000,0.0000,-3.1324,-0.2129,-0.6381,0.0029,-0.0022,-0.0109
1774945578.2514,0.0000,0.0000,0.0000,0.0000,0.0000,-3.1319,-0.2128,-0.1117,0.0040,-0.0043,-0.0119
1774945578.2720,0.0000,0.0000,0.0000,0.0000,0.0000,-3.1322,-0.2128,-1.9441,0.0029,-0.0043,-0.0119
1774945578.2926,0.0000,0.0000,0.0000,0.0000,0.0000,-3.1327,-0.2127,0.4204,0.0019,-0.0022,-0.0109
1774945578.3119,0.0000,0.0000,0.0000,0.0000,0.0000,-3.1330,-0.2128,-1.0372,0.0050,-0.0033,-0.0141
1774945578.3314,0.0000,0.0000,0.0000,0.0000,0.0000,-3.1326,-0.2128,-1.1939,0.0029,-0.0043,-0.0109
1774945578.3513,0.0000,0.0000,0.0000,0.0000,0.0000,-3.1321,-0.2128,0.7094,0.0040,-0.0043,-0.0109
1774945578.3712,0.0000,0.0000,0.0000,0.0000,0.0000,-3.1326,-0.2129,-0.5107,0.0050,-0.0033,-0.0119
1774945578.3912,0.0000,0.0000,0.0000,0.0000,0.0000,-3.1325,-0.2126,-0.1281,0.0050,-0.0033,-0.0109
1774945578.4112,0.0000,0.0000,0.0000,0.0000,0.0000,-3.1322,-0.2127,-0.9265,0.0040,-0.0033,-0.0098
1774945578.4313,0.0000,0.0000,0.0000,0.0000,0.0000,-3.1327,-0.2129,0.1694,0.0029,-0.0022,-0.0098
1774945578.4512,0.0000,0.0000,0.0000,0.0000,0.0000,-3.1321,-0.2129,0.6422,0.0050,-0.0033,-0.0119
1774945578.4712,0.0000,0.0000,0.0000,0.0000,0.0000,-3.1326,-0.2129,-0.9464,0.0019,-0.0043,-0.0109
1774945578.4913,0.0000,0.0000,0.0000,0.0000,0.0000,-3.1323,-0.2128,1.0366,0.0019,-0.0022,-0.0098
1774945578.5112,0.0000,0.0000,0.0000,0.0000,0.0000,-3.1323,-0.2127,0.3767,0.0029,-0.0033,-0.0098
1774945578.5313,0.0000,0.0000,0.0000,0.0000,0.0000,-3.1325,-0.2127,0.6662,0.0040,-0.0043,-0.0119
1774945578.5512,0.0000,0.0000,0.0000,0.0000,0.0000,-3.1324,-0.2127,-0.5198,0.0040,-0.0033,-0.0098
1774945578.5712,0.0000,0.0000,0.0000,0.0000,0.0000,-3.1329,-0.2128,-0.9239,0.0019,-0.0043,-0.0109
1774945578.5912,0.0000,0.0000,0.0000,0.0000,0.0000,-3.1320,-0.2127,0.6402,0.0050,-0.0043,-0.0109
1774945578.6112,0.0000,0.0000,0.0000,0.0000,0.0000,-3.1324,-0.2128,-0.7033,0.0029,-0.0054,-0.0119
1774945578.6323,0.0000,0.0000,0.0000,0.0000,0.0000,-3.1322,-0.2127,0.4555,0.0040,-0.0033,-0.0109
1774945578.6522,0.0000,0.0000,0.0000,0.0000,0.0000,-3.1323,-0.2127,-0.0436,0.0040,-0.0033,-0.0130
1774945578.6713,0.0000,0.0000,0.0000,0.0000,0.0000,-3.1330,-0.2128,0.4154,0.0008,-0.0022,-0.0109
1774945578.6913,0.0000,0.0000,0.0000,0.0000,0.0000,-3.1322,-0.2129,0.4594,0.0050,-0.0033,-0.0109
1774945578.7114,0.0000,0.0000,0.0000,0.0000,0.0000,-3.1329,-0.2129,0.2940,0.0008,-0.0043,-0.0119
1774945578.7312,0.0000,0.0000,0.0000,0.0000,0.0000,-3.1323,-0.2128,0.8371,0.0029,-0.0033,-0.0098
1774945578.7513,0.0000,0.0000,0.0000,0.0000,0.0000,-3.1325,-0.2128,0.3532,0.0019,-0.0054,-0.0109
1774945578.7713,0.0000,0.0000,0.0000,0.0000,0.0000,-3.1326,-0.2129,0.5034,0.0029,-0.0043,-0.0109
1774945578.7916,0.0000,0.0000,0.0000,0.0000,0.0000,-3.1319,-0.2129,-0.6868,0.0050,-0.0022,-0.0119
1774945578.8113,0.0000,0.0000,0.0000,0.0000,0.0000,-3.1329,-0.2130,-0.4002,0.0029,-0.0043,-0.0119
1774945578.8313,0.0000,0.0000,0.0000,0.0000,0.0000,-3.1322,-0.2129,0.9484,0.0061,-0.0054,-0.0098
1774945578.8513,0.0000,0.0000,0.0000,0.0000,0.0000,-3.1327,-0.2127,-0.0832,0.0050,-0.0065,-0.0119
1774945578.8712,0.0000,0.0000,0.0000,0.0000,0.0000,-3.1326,-0.2126,-0.2628,0.0029,-0.0043,-0.0119
1774945578.8913,0.0000,0.0000,0.0000,0.0000,0.0000,-3.1325,-0.2125,-0.3905,0.0050,-0.0022,-0.0109
1774945578.9114,0.0000,0.0000,0.0000,0.0000,0.0000,-3.1333,-0.2129,-0.6514,0.0029,-0.0043,-0.0109
1774945578.9315,0.0000,0.0000,0.0000,0.0000,0.0000,-3.1325,-0.2128,-1.1386,0.0061,-0.0033,-0.0119
1774945578.9514,0.0000,0.0000,0.0000,0.0000,0.0000,-3.1327,-0.2131,-1.3241,0.0029,-0.0033,-0.0130
1774945578.9713,0.0000,0.0000,0.0000,0.0000,0.0000,-3.1326,-0.2131,1.4945,0.0029,-0.0054,-0.0119
1774945578.9913,0.0000,0.0000,0.0000,0.0000,0.0000,-3.1329,-0.2128,1.4528,0.0029,-0.0033,-0.0109
1774945579.0114,0.0000,0.0000,0.0000,0.0000,0.0000,-3.1329,-0.2128,1.6839,0.0019,-0.0043,-0.0098
1774945579.0313,0.0000,0.0000,0.0000,0.0000,0.0000,-3.1322,-0.2128,-0.3766,0.0050,-0.0043,-0.0109
1774945579.0513,0.0000,0.0000,0.0000,0.0000,0.0000,-3.1327,-0.2129,-0.4507,0.0029,-0.0022,-0.0109
1774945579.0713,0.0000,0.0000,0.0000,0.0000,0.0000,-3.1323,-0.2128,0.4200,0.0029,-0.0043,-0.0109
1774945579.0915,0.0000,0.0000,0.0000,0.0000,0.0000,-3.1328,-0.2128,-0.9525,0.0029,-0.0043,-0.0119
1774945579.1113,0.0000,0.0000,0.0000,0.0000,0.0000,-3.1326,-0.2128,0.2063,0.0040,-0.0043,-0.0098
1774945579.1312,0.0000,0.0000,0.0000,0.0000,0.0000,-3.1323,-0.2127,0.0000,0.0050,-0.0043,-0.0098
1774945579.1515,0.0000,0.0000,0.0000,0.0000,0.0000,-3.1326,-0.2129,0.3751,0.0029,-0.0033,-0.0109
1774945579.1712,0.0000,0.0000,0.0000,0.0000,0.0000,-3.1319,-0.2129,0.3306,0.0061,-0.0043,-0.0098
1774945579.1913,0.0000,0.0000,0.0000,0.0000,0.0000,-3.1330,-0.2132,-0.8910,0.0019,-0.0043,-0.0109
1774945579.2113,0.0000,0.0000,0.0000,0.0000,0.0000,-3.1321,-0.2129,0.9362,0.0040,-0.0043,-0.0109
1774945579.2315,0.0000,0.0000,0.0000,0.0000,0.0000,-3.1319,-0.2127,0.1724,0.0040,-0.0033,-0.0109
1774945579.2528,0.0000,0.0000,0.0000,0.0000,0.0000,-3.1321,-0.2127,-0.7968,0.0029,-0.0033,-0.0098
1774945579.2777,0.0000,0.0000,0.0000,0.0000,0.0000,-3.1327,-0.2127,-1.1587,0.0040,-0.0043,-0.0119
1774945579.2913,0.0000,0.0000,0.0000,0.0000,0.0000,-3.1325,-0.2129,-0.8650,0.0029,-0.0033,-0.0119
1774945579.3113,0.0000,0.0000,0.0000,0.0000,0.0000,-3.1320,-0.2127,1.5803,0.0040,-0.0022,-0.0109
1774945579.3313,0.0000,0.0000,0.0000,0.0000,0.0000,-3.1329,-0.2128,-0.4020,0.0029,-0.0033,-0.0109
1774945579.3513,0.0000,0.0000,0.0000,0.0000,0.0000,-3.1322,-0.2127,0.0411,0.0029,-0.0043,-0.0087
1774945579.3715,0.0000,0.0000,0.0000,0.0000,0.0000,-3.1322,-0.2126,-0.3926,0.0050,-0.0033,-0.0098
1774945579.3914,0.0000,0.0000,0.0000,0.0000,0.0000,-3.1326,-0.2130,0.7733,0.0040,-0.0022,-0.0119
1774945579.4112,0.0000,0.0000,0.0000,0.0000,0.0000,-3.1318,-0.2131,0.6139,0.0050,-0.0043,-0.0119
1774945579.4313,0.0000,0.0000,0.0000,0.0000,0.0000,-3.1327,-0.2132,-0.6487,0.0029,-0.0043,-0.0109
1774945579.4513,0.0000,0.0000,0.0000,0.0000,0.0000,-3.1323,-0.2130,0.1342,0.0019,-0.0043,-0.0098
1774945579.4713,0.0000,0.0000,0.0000,0.0000,0.0000,-3.1326,-0.2129,0.6528,0.0029,-0.0054,-0.0109
1774945579.4914,0.0000,0.0000,0.0000,0.0000,0.0000,-3.1327,-0.2129,0.5818,0.0050,-0.0054,-0.0119
1774945579.5113,0.0000,0.0000,0.0000,0.0000,0.0000,-3.1320,-0.2127,-0.2103,0.0029,-0.0043,-0.0109
1774945579.5313,0.0000,0.0000,0.0000,0.0000,0.0000,-3.1328,-0.2130,0.2870,0.0019,-0.0043,-0.0119
1774945579.5514,0.0000,0.0000,0.0000,0.0000,0.0000,-3.1320,-0.2130,0.5076,0.0061,-0.0043,-0.0119
1774945579.5713,0.0000,0.0000,0.0000,0.0000,0.0000,-3.1327,-0.2130,-1.7761,0.0019,-0.0043,-0.0119
1774945579.5915,0.0000,0.0000,0.0000,0.0000,0.0000,-3.1326,-0.2127,0.2468,0.0019,-0.0033,-0.0098
1774945579.6114,0.0000,0.0000,0.0000,0.0000,0.0000,-3.1322,-0.2127,-0.3303,0.0050,-0.0043,-0.0109
1774945579.6313,0.0000,0.0000,0.0000,0.0000,0.0000,-3.1327,-0.2127,0.4565,0.0019,-0.0022,-0.0098
1774945579.6513,0.0000,0.0000,0.0000,0.0000,0.0000,-3.1320,-0.2126,0.2970,0.0050,-0.0033,-0.0098
1774945579.6712,0.0000,0.0000,0.0000,0.0000,0.0000,-3.1327,-0.2128,-1.2660,0.0029,-0.0043,-0.0119
1774945579.6912,0.0000,0.0000,0.0000,0.0000,0.0000,-3.1323,-0.2129,0.9765,0.0040,-0.0033,-0.0119
1774945579.7113,0.0000,0.0000,0.0000,0.0000,0.0000,-3.1324,-0.2129,0.0431,0.0061,-0.0054,-0.0119
1774945579.7312,0.0000,0.0000,0.0000,0.0000,0.0000,-3.1324,-0.2128,0.3662,0.0019,-0.0054,-0.0098
1774945579.7513,0.0000,0.0000,0.0000,0.0000,0.0000,-3.1319,-0.2131,-0.4634,0.0061,-0.0043,-0.0119
1774945579.7713,0.0000,0.0000,0.0000,0.0000,0.0000,-3.1329,-0.2131,-1.4620,0.0019,-0.0033,-0.0109
1774945579.7913,0.0000,0.0000,0.0000,0.0000,0.0000,-3.1323,-0.2131,0.7735,0.0040,-0.0054,-0.0109
1774945579.8114,0.0000,0.0000,0.0000,0.0000,0.0000,-3.1330,-0.2131,-0.8568,0.0019,-0.0033,-0.0109
1774945579.8312,0.0000,0.0000,0.0000,0.0000,0.0000,-3.1320,-0.2129,0.2886,0.0050,-0.0033,-0.0109
1774945579.8513,0.0000,0.0000,0.0000,0.0000,0.0000,-3.1322,-0.2129,-0.3010,0.0029,-0.0033,-0.0109
1774945579.8712,0.0000,0.0000,0.0000,0.0000,0.0000,-3.1324,-0.2130,0.5962,0.0029,-0.0022,-0.0109
1774945579.8913,0.0000,0.0000,0.0000,0.0000,0.0000,-3.1317,-0.2129,0.0416,0.0040,-0.0033,-0.0098
1774945579.9116,0.0000,0.0000,0.0000,0.0000,0.0000,-3.1325,-0.2129,0.0609,0.0019,-0.0043,-0.0119
1774945579.9314,0.0000,0.0000,0.0000,0.0000,0.0000,-3.1319,-0.2130,1.1362,0.0050,-0.0043,-0.0119
1774945579.9513,0.0000,0.0000,0.0000,0.0000,0.0000,-3.1324,-0.2129,0.3862,0.0040,-0.0043,-0.0109
1774945579.9715,0.0000,0.0000,0.0000,0.0000,0.0000,-3.1325,-0.2129,0.6524,0.0019,-0.0043,-0.0098
1774945579.9912,0.0000,0.0000,0.0000,0.0000,0.0000,-3.1318,-0.2129,-0.6753,0.0050,-0.0033,-0.0130
1774945580.0115,0.0000,0.0000,0.0000,0.0000,0.0000,-3.1327,-0.2129,-1.2206,0.0019,-0.0033,-0.0130
1774945580.0312,0.0000,0.0000,0.0000,0.0000,0.0000,-3.1316,-0.2129,0.6699,0.0061,-0.0033,-0.0130
1774945580.0517,0.0000,0.0000,0.0000,0.0000,0.0000,-3.1325,-0.2130,-0.4716,0.0029,-0.0033,-0.0109
1774945580.0712,0.0000,0.0000,0.0000,0.0000,0.0000,-3.1322,-0.2129,0.8356,0.0040,-0.0033,-0.0098
1774945580.0912,0.0000,0.0000,0.0000,0.0000,0.0000,-3.1320,-0.2129,0.4365,0.0029,-0.0033,-0.0109
1774945580.1113,0.0000,0.0000,0.0000,0.0000,0.0000,-3.1323,-0.2131,0.5115,0.0019,-0.0022,-0.0098
1774945580.1313,0.0000,0.0000,0.0000,0.0000,0.0000,-3.1316,-0.2130,-0.3529,0.0029,-0.0043,-0.0109
1774945580.1512,0.0000,0.0000,0.0000,0.0000,0.0000,-3.1323,-0.2130,-0.7830,0.0019,-0.0043,-0.0109
1774945580.1712,0.0000,0.0000,0.0000,0.0000,0.0000,-3.1317,-0.2130,1.3572,0.0050,-0.0043,-0.0109
1774945580.1913,0.0000,0.0000,0.0000,0.0000,0.0000,-3.1325,-0.2132,1.0200,0.0050,-0.0043,-0.0098
1774945580.2113,0.0000,0.0000,0.0000,0.0000,0.0000,-3.1330,-0.2129,-0.6445,0.0040,-0.0054,-0.0119
1774945580.2312,0.0000,0.0000,0.0000,0.0000,0.0000,-3.1321,-0.2128,-1.6492,0.0029,-0.0043,-0.0109
1774945580.2513,0.0000,0.0000,0.0000,0.0000,0.0000,-3.1327,-0.2130,-0.5861,0.0040,-0.0043,-0.0119
1774945580.2712,0.0000,0.0000,0.0000,0.0000,0.0000,-3.1318,-0.2130,1.4131,0.0050,-0.0033,-0.0119
1774945580.2912,0.0000,0.0000,0.0000,0.0000,0.0000,-3.1322,-0.2131,0.5417,0.0040,-0.0033,-0.0119
1774945580.3114,0.0000,0.0000,0.0000,0.0000,0.0000,-3.1318,-0.2129,0.4083,0.0050,-0.0033,-0.0119
1774945580.3313,0.0000,0.0000,0.0000,0.0000,0.0000,-3.1321,-0.2131,-1.1869,0.0061,-0.0054,-0.0109
1774945580.3514,0.0000,0.0000,0.0000,0.0000,0.0000,-3.1321,-0.2133,-0.3375,0.0040,-0.0022,-0.0109
1774945580.3713,0.0000,0.0000,0.0000,0.0000,0.0000,-3.1316,-0.2131,0.4870,0.0072,-0.0043,-0.0130
1774945580.3913,0.0000,0.0000,0.0000,0.0000,0.0000,-3.1319,-0.2134,-1.4627,0.0040,-0.0043,-0.0119
1774945580.4116,0.0000,0.0000,0.0000,0.0000,0.0000,-3.1314,-0.2138,0.0000,0.0072,-0.0054,-0.0098
1774945580.4313,0.0000,0.0000,0.0000,0.0000,0.0000,-3.1324,-0.2136,-0.7211,0.0061,-0.0054,-0.0130
1774945580.4516,0.0000,0.0000,0.0000,0.0000,0.0000,-3.1321,-0.2133,0.5576,0.0029,-0.0043,-0.0119
1774945580.4713,0.0000,0.0000,0.0000,0.0000,0.0000,-3.1325,-0.2137,-0.8378,0.0082,-0.0033,-0.0098
1774945580.4913,0.0000,0.0000,0.0000,0.0000,0.0000,-3.1355,-0.2138,-1.3233,0.0040,-0.0043,-0.0098
1774945580.5114,0.0000,0.0000,0.0000,0.0000,0.0000,-3.1389,-0.2145,1.4258,0.0040,-0.0043,-0.0109
1774945580.5312,0.0000,0.0000,0.0000,0.0000,0.0000,-3.1410,-0.2152,-0.2964,0.0040,-0.0033,-0.0141
1774945580.5513,0.0000,0.0000,0.0000,0.0000,0.0000,-3.1394,-0.2154,0.7593,-0.0003,-0.0033,-0.0130
1774945580.5713,0.0000,0.0000,0.0000,0.0000,0.0000,-3.1367,-0.2158,0.1650,0.0061,-0.0043,-0.0130
1774945580.5912,0.0000,0.0000,0.0000,0.0000,0.0000,-3.1362,-0.2171,-0.3836,0.0040,-0.0054,-0.0119
1774945580.6117,0.0000,0.0000,0.0000,0.0000,0.0000,-3.1381,-0.2175,-0.7681,0.0040,-0.0033,-0.0109
1774945580.6313,0.0000,0.0000,0.0000,0.0000,0.0000,-3.1390,-0.2166,0.4092,0.0019,-0.0043,-0.0109
1774945580.6512,0.0000,0.0000,0.0000,0.0000,0.0000,-3.1386,-0.2156,1.9534,0.0040,-0.0054,-0.0119
1774945580.6712,0.0000,0.0000,0.0000,0.0000,0.0000,-3.1366,-0.2152,-1.0616,0.0040,-0.0022,-0.0109
1774945580.6913,0.0000,0.0000,0.0000,0.0000,0.0000,-3.1364,-0.2151,0.6000,0.0029,-0.0043,-0.0119
1774945580.7113,0.0000,0.0000,0.0000,0.0000,0.0000,-3.1366,-0.2153,0.5581,0.0050,-0.0043,-0.0109
1774945580.7313,0.0000,0.0000,0.0000,0.0000,0.0000,-3.1362,-0.2153,-1.7900,0.0019,-0.0043,-0.0109
1774945580.7513,0.0000,0.0000,0.0000,0.0000,0.0000,-3.1339,-0.2156,1.7715,0.0040,-0.0065,-0.0109
1774945580.7713,0.0000,0.0000,0.0000,0.0000,0.0000,-3.1340,-0.2146,0.2582,0.0040,-0.0043,-0.0109
1774945580.7913,0.0000,0.0000,0.0000,0.0000,0.0000,-3.1346,-0.2137,-0.7694,0.0040,-0.0033,-0.0119
1774945580.8114,0.0000,0.0000,0.0000,0.0000,0.0000,-3.1337,-0.2138,4.3254,0.0008,-0.0043,-0.0098
1774945580.8313,0.0000,0.0000,0.0000,0.0000,0.0000,-3.1338,-0.2133,-5.0738,0.0008,-0.0022,-0.0098
1774945580.8512,0.0000,0.0000,0.0000,0.0000,0.0000,-3.1329,-0.2132,-2.0365,0.0019,-0.0022,-0.0119
1774945580.8713,0.0000,0.0000,0.0000,0.0000,0.0000,-3.1329,-0.2132,-0.9964,0.0019,-0.0033,-0.0109
