Timestamp,EKF_Vx,EKF_Wz,LIO_Vx,LIO_Vy,LIO_Wz,Roll,Pitch,Z_Jerk,IMU_Wx,IMU_Wy,IMU_Wz
1774945133.2536,0.0000,0.0000,0.0000,0.0000,0.0000,-3.1317,-0.2151,-0.2531,-0.0003,-0.0043,-0.0130
1774945133.2715,0.0000,0.0000,0.0000,0.0000,0.0000,-3.1312,-0.2144,0.3824,0.0029,-0.0075,-0.0130
1774945133.2917,0.0000,0.0000,0.0000,0.0000,0.0000,-3.1311,-0.2149,-0.0826,-0.0003,-0.0075,-0.0130
1774945133.3122,0.0000,0.0000,0.0000,0.0000,0.0000,-3.1294,-0.2153,0.9478,0.0029,-0.0033,-0.0119
1774945133.3313,0.0000,0.0000,0.0000,0.0000,0.0000,-3.1296,-0.2155,0.2222,0.0050,-0.0012,-0.0109
1774945133.3513,0.0000,0.0000,0.0000,0.0000,0.0000,-3.1314,-0.2149,-0.1738,0.0008,-0.0043,-0.0109
1774945133.3713,0.0000,0.0000,0.0000,0.0000,0.0000,-3.1314,-0.2150,-0.4284,0.0019,-0.0054,-0.0130
1774945133.3912,0.0000,0.0000,0.0000,0.0000,0.0000,-3.1326,-0.2156,-0.6976,0.0040,-0.0033,-0.0130
1774945133.4112,0.0000,0.0000,0.0000,0.0000,0.0000,-3.1334,-0.2151,0.5824,0.0029,-0.0043,-0.0109
1774945133.4315,0.0000,0.0000,0.0000,0.0000,0.0000,-3.1336,-0.2148,-0.6047,0.0040,-0.0043,-0.0109
1774945133.4514,0.0000,0.0000,0.0000,0.0000,0.0000,-3.1326,-0.2150,1.0372,0.0050,-0.0043,-0.0119
1774945133.4716,0.0000,0.0000,0.0000,0.0000,0.0000,-3.1311,-0.2152,-0.9016,0.0050,-0.0022,-0.0119
1774945133.4916,0.0000,0.0000,0.0000,0.0000,0.0000,-3.1307,-0.2149,0.3039,0.0019,-0.0033,-0.0109
1774945133.5118,0.0000,0.0000,0.0000,0.0000,0.0000,-3.1294,-0.2150,1.3750,0.0040,-0.0043,-0.0130
1774945133.5314,0.0000,0.0000,0.0000,0.0000,0.0000,-3.1297,-0.2151,-1.2548,0.0019,-0.0043,-0.0109
1774945133.5513,0.0000,0.0000,0.0000,0.0000,0.0000,-3.1301,-0.2148,0.9095,0.0029,-0.0033,-0.0119
1774945133.5713,0.0000,0.0000,0.0000,0.0000,0.0000,-3.1306,-0.2147,0.3359,0.0050,-0.0054,-0.0151
1774945133.5914,0.0000,0.0000,0.0000,0.0000,0.0000,-3.1315,-0.2150,0.5568,0.0050,-0.0043,-0.0119
1774945133.6114,0.0000,0.0000,0.0000,0.0000,0.0000,-3.1320,-0.2151,-0.2930,0.0040,-0.0012,-0.0130
1774945133.6313,0.0000,0.0000,0.0000,0.0000,0.0000,-3.1329,-0.2153,-1.4717,0.0019,-0.0054,-0.0119
1774945133.6514,0.0000,0.0000,0.0000,0.0000,0.0000,-3.1322,-0.2150,0.1720,0.0061,-0.0043,-0.0130
1774945133.6713,0.0000,0.0000,0.0000,0.0000,0.0000,-3.1325,-0.2151,-0.3771,0.0050,-0.0043,-0.0130
1774945133.6913,0.0000,0.0000,0.0000,0.0000,0.0000,-3.1315,-0.2150,-0.0856,0.0040,-0.0043,-0.0119
1774945133.7119,0.0000,0.0000,0.0000,0.0000,0.0000,-3.1302,-0.2149,-0.3764,0.0050,-0.0033,-0.0119
1774945133.7313,0.0000,0.0000,0.0000,0.0000,0.0000,-3.1308,-0.2150,-0.3393,-0.0003,-0.0033,-0.0109
1774945133.7512,0.0000,0.0000,0.0000,0.0000,0.0000,-3.1298,-0.2150,0.5060,0.0050,-0.0033,-0.0130
1774945133.7722,0.0000,0.0000,0.0000,0.0000,0.0000,-3.1305,-0.2151,-0.0907,0.0040,-0.0033,-0.0130
1774945133.7912,0.0000,0.0000,0.0000,0.0000,0.0000,-3.1309,-0.2151,2.2716,0.0040,-0.0043,-0.0130
1774945133.8120,0.0000,0.0000,0.0000,0.0000,0.0000,-3.1316,-0.2152,-1.6173,0.0029,-0.0043,-0.0130
1774945133.8322,0.0000,0.0000,0.0000,0.0000,0.0000,-3.1323,-0.2152,1.1061,0.0040,-0.0054,-0.0130
1774945133.8514,0.0000,0.0000,0.0000,0.0000,0.0000,-3.1316,-0.2152,0.1257,0.0050,-0.0043,-0.0119
1774945133.8713,0.0000,0.0000,0.0000,0.0000,0.0000,-3.1325,-0.2151,-1.0308,0.0029,-0.0033,-0.0130
1774945133.8912,0.0000,0.0000,0.0000,0.0000,0.0000,-3.1314,-0.2151,0.4531,0.0050,-0.0033,-0.0119
1774945133.9116,0.0000,0.0000,0.0000,0.0000,0.0000,-3.1312,-0.2150,0.5433,0.0029,-0.0033,-0.0119
1774945133.9317,0.0000,0.0000,0.0000,0.0000,0.0000,-3.1313,-0.2149,0.2099,0.0019,-0.0033,-0.0119
1774945133.9517,0.0000,0.0000,0.0000,0.0000,0.0000,-3.1308,-0.2150,-0.8259,0.0050,-0.0043,-0.0119
1774945133.9715,0.0000,0.0000,0.0000,0.0000,0.0000,-3.1311,-0.2152,-0.3317,0.0008,-0.0033,-0.0109
1774945133.9915,0.0000,0.0000,0.0000,0.0000,0.0000,-3.1308,-0.2152,0.0453,0.0040,-0.0033,-0.0130
1774945134.0113,0.0000,0.0000,0.0000,0.0000,0.0000,-3.1312,-0.2150,-0.0835,0.0029,-0.0033,-0.0119
1774945134.0313,0.0000,0.0000,0.0000,0.0000,0.0000,-3.1317,-0.2152,1.1289,0.0029,-0.0054,-0.0130
1774945134.0520,0.0000,0.0000,0.0000,0.0000,0.0000,-3.1322,-0.2151,-1.1680,0.0050,-0.0022,-0.0119
1774945134.0716,0.0000,0.0000,0.0000,0.0000,0.0000,-3.1327,-0.2150,0.0825,0.0029,-0.0033,-0.0119
1774945134.0915,0.0000,0.0000,0.0000,0.0000,0.0000,-3.1318,-0.2151,0.2589,0.0019,-0.0043,-0.0109
1774945134.1117,0.0000,0.0000,0.0000,0.0000,0.0000,-3.1315,-0.2149,-1.8067,0.0040,-0.0043,-0.0130
1774945134.1319,0.0000,0.0000,0.0000,0.0000,0.0000,-3.1309,-0.2149,1.5878,0.0029,-0.0043,-0.0130
1774945134.1521,0.0000,0.0000,0.0000,0.0000,0.0000,-3.1303,-0.2150,-0.2520,0.0040,-0.0033,-0.0141
1774945134.1720,0.0000,0.0000,0.0000,0.0000,0.0000,-3.1305,-0.2149,0.7595,0.0019,-0.0033,-0.0130
1774945134.1919,0.0000,0.0000,0.0000,0.0000,0.0000,-3.1303,-0.2149,-0.3720,0.0061,-0.0033,-0.0119
1774945134.2113,0.0000,0.0000,0.0000,0.0000,0.0000,-3.1312,-0.2151,-1.1610,0.0040,-0.0043,-0.0109
1774945134.2313,0.0000,0.0000,0.0000,0.0000,0.0000,-3.1312,-0.2150,0.9433,0.0050,-0.0043,-0.0119
1774945134.2513,0.0000,0.0000,0.0000,0.0000,0.0000,-3.1317,-0.2151,-0.8068,0.0050,-0.0033,-0.0119
1774945134.2714,0.0000,0.0000,0.0000,0.0000,0.0000,-3.1314,-0.2152,1.4291,0.0029,-0.0043,-0.0119
1774945134.2915,0.0000,0.0000,0.0000,0.0000,0.0000,-3.1312,-0.2153,-0.8811,0.0029,-0.0033,-0.0109
1774945134.3115,0.0000,0.0000,0.0000,0.0000,0.0000,-3.1316,-0.2151,0.0000,0.0050,-0.0033,-0.0119
1774945134.3314,0.0000,0.0000,0.0000,0.0000,0.0000,-3.1309,-0.2152,1.0753,0.0050,-0.0043,-0.0130
1774945134.3513,0.0000,0.0000,0.0000,0.0000,0.0000,-3.1308,-0.2153,-0.2213,0.0040,-0.0033,-0.0119
1774945134.3713,0.0000,0.0000,0.0000,0.0000,0.0000,-3.1305,-0.2153,1.0560,0.0040,-0.0043,-0.0119
1774945134.3913,0.0000,0.0000,0.0000,0.0000,0.0000,-3.1305,-0.2151,-0.3908,0.0029,-0.0033,-0.0141
1774945134.4114,0.0000,0.0000,0.0000,0.0000,0.0000,-3.1309,-0.2151,0.3409,0.0029,-0.0033,-0.0130
1774945134.4313,0.0000,0.0000,0.0000,0.0000,0.0000,-3.1307,-0.2151,0.3391,0.0050,-0.0022,-0.0119
1774945134.4514,0.0000,0.0000,0.0000,0.0000,0.0000,-3.1320,-0.2153,-1.4515,0.0029,-0.0043,-0.0130
1774945134.4713,0.0000,0.0000,0.0000,0.0000,0.0000,-3.1314,-0.2152,0.9151,0.0040,-0.0054,-0.0141
1774945134.4913,0.0000,0.0000,0.0000,0.0000,0.0000,-3.1317,-0.2150,0.3887,0.0040,-0.0033,-0.0119
1774945134.5115,0.0000,0.0000,0.0000,0.0000,0.0000,-3.1319,-0.2149,0.1703,0.0050,-0.0043,-0.0119
1774945134.5314,0.0000,0.0000,0.0000,0.0000,0.0000,-3.1308,-0.2149,-0.7418,0.0050,-0.0022,-0.0130
1774945134.5540,0.0000,0.0000,0.0000,0.0000,0.0000,-3.1312,-0.2150,0.6535,0.0040,-0.0033,-0.0130
1774945134.5713,0.0000,0.0000,0.0000,0.0000,0.0000,-3.1304,-0.2151,0.5383,0.0040,-0.0043,-0.0119
1774945134.5914,0.0000,0.0000,0.0000,0.0000,0.0000,-3.1310,-0.2153,-0.3949,0.0008,-0.0033,-0.0109
1774945134.6115,0.0000,0.0000,0.0000,0.0000,0.0000,-3.1310,-0.2152,0.5218,0.0029,-0.0043,-0.0130
1774945134.6314,0.0000,0.0000,0.0000,0.0000,0.0000,-3.1311,-0.2151,-0.2920,0.0040,-0.0033,-0.0119
1774945134.6522,0.0000,0.0000,0.0000,0.0000,0.0000,-3.1319,-0.2152,0.3078,0.0019,-0.0033,-0.0109
1774945134.6714,0.0000,0.0000,0.0000,0.0000,0.0000,-3.1310,-0.2152,0.4422,0.0050,-0.0033,-0.0130
1774945134.6913,0.0000,0.0000,0.0000,0.0000,0.0000,-3.1320,-0.2152,-1.3587,0.0029,-0.0033,-0.0119
1774945134.7115,0.0000,0.0000,0.0000,0.0000,0.0000,-3.1316,-0.2150,0.8798,0.0050,-0.0043,-0.0130
1774945134.7315,0.0000,0.0000,0.0000,0.0000,0.0000,-3.1316,-0.2151,0.3443,0.0029,-0.0033,-0.0141
1774945134.7522,0.0000,0.0000,0.0000,0.0000,0.0000,-3.1319,-0.2151,0.5196,0.0008,-0.0043,-0.0119
1774945134.7714,0.0000,0.0000,0.0000,0.0000,0.0000,-3.1311,-0.2152,-0.8444,0.0029,-0.0033,-0.0141
1774945134.7915,0.0000,0.0000,0.0000,0.0000,0.0000,-3.1316,-0.2154,-0.9492,0.0029,-0.0043,-0.0109
1774945134.8115,0.0000,0.0000,0.0000,0.0000,0.0000,-3.1310,-0.2152,0.6055,0.0040,-0.0043,-0.0119
1774945134.8312,0.0000,0.0000,0.0000,0.0000,0.0000,-3.1314,-0.2152,0.0000,0.0029,-0.0043,-0.0130
1774945134.8516,0.0000,0.0000,0.0000,0.0000,0.0000,-3.1314,-0.2149,0.2997,0.0050,-0.0043,-0.0119
1774945134.8713,0.0000,0.0000,0.0000,0.0000,0.0000,-3.1312,-0.2149,-0.3311,0.0050,-0.0033,-0.0130
1774945134.8921,0.0000,0.0000,0.0000,0.0000,0.0000,-3.1317,-0.2151,0.4720,0.0019,-0.0033,-0.0119
1774945134.9113,0.0000,0.0000,0.0000,0.0000,0.0000,-3.1310,-0.2150,0.3019,0.0050,-0.0043,-0.0141
1774945134.9315,0.0000,0.0000,0.0000,0.0000,0.0000,-3.1316,-0.2152,-1.4857,0.0029,-0.0033,-0.0130
1774945134.9514,0.0000,0.0000,0.0000,0.0000,0.0000,-3.1311,-0.2150,0.8480,0.0029,-0.0033,-0.0109
1774945134.9713,0.0000,0.0000,0.0000,0.0000,0.0000,-3.1312,-0.2152,0.0871,0.0040,-0.0043,-0.0119
1774945134.9913,0.0000,0.0000,0.0000,0.0000,0.0000,-3.1311,-0.2150,0.1283,0.0029,-0.0043,-0.0119
1774945135.0113,0.0000,0.0000,0.0000,0.0000,0.0000,-3.1310,-0.2150,-1.4950,0.0050,-0.0033,-0.0141
1774945135.0313,0.0000,0.0000,0.0000,0.0000,0.0000,-3.1314,-0.2153,-1.1720,-0.0003,-0.0033,-0.0109
1774945135.0521,0.0000,0.0000,0.0000,0.0000,0.0000,-3.1308,-0.2151,0.5393,0.0061,-0.0043,-0.0141
1774945135.0712,0.0000,0.0000,0.0000,0.0000,0.0000,-3.1316,-0.2152,-0.4016,0.0029,-0.0033,-0.0119
1774945135.0912,0.0000,0.0000,0.0000,0.0000,0.0000,-3.1313,-0.2151,0.6297,0.0029,-0.0043,-0.0119
1774945135.1118,0.0000,0.0000,0.0000,0.0000,0.0000,-3.1313,-0.2150,0.1268,0.0040,-0.0033,-0.0119
1774945135.1317,0.0000,0.0000,0.0000,0.0000,0.0000,-3.1318,-0.2152,0.6862,0.0019,-0.0033,-0.0119
1774945135.1517,0.0000,0.0000,0.0000,0.0000,0.0000,-3.1312,-0.2150,-0.7307,0.0050,-0.0043,-0.0130
1774945135.1716,0.0000,0.0000,0.0000,0.0000,0.0000,-3.1318,-0.2153,-1.5260,0.0019,-0.0033,-0.0130
1774945135.1918,0.0000,0.0000,0.0000,0.0000,0.0000,-3.1310,-0.2151,0.8549,0.0008,-0.0043,-0.0109
1774945135.2125,0.0000,0.0000,0.0000,0.0000,0.0000,-3.1316,-0.2152,-1.0346,0.0029,-0.0043,-0.0130
1774945135.2313,0.0000,0.0000,0.0000,0.0000,0.0000,-3.1315,-0.2151,0.5831,0.0019,-0.0033,-0.0130
1774945135.2516,0.0000,0.0000,0.0000,0.0000,0.0000,-3.1309,-0.2152,-0.5273,0.0040,-0.0033,-0.0119
1774945135.2713,0.0000,0.0000,0.0000,0.0000,0.0000,-3.1320,-0.2153,-0.9355,0.0008,-0.0043,-0.0119
1774945135.2913,0.0000,0.0000,0.0000,0.0000,0.0000,-3.1311,-0.2153,0.6455,0.0061,-0.0033,-0.0130
1774945135.3113,0.0000,0.0000,0.0000,0.0000,0.0000,-3.1317,-0.2154,0.3155,0.0050,-0.0043,-0.0130
1774945135.3313,0.0000,0.0000,0.0000,0.0000,0.0000,-3.1316,-0.2152,0.2590,0.0029,-0.0033,-0.0109
1774945135.3513,0.0000,0.0000,0.0000,0.0000,0.0000,-3.1312,-0.2153,0.0000,0.0050,-0.0043,-0.0130
1774945135.3713,0.0000,0.0000,0.0000,0.0000,0.0000,-3.1317,-0.2153,0.6454,0.0008,-0.0033,-0.0119
1774945135.3914,0.0000,0.0000,0.0000,0.0000,0.0000,-3.1310,-0.2153,0.0000,0.0050,-0.0043,-0.0130
1774945135.4113,0.0000,0.0000,0.0000,0.0000,0.0000,-3.1314,-0.2155,-0.6370,0.0019,-0.0033,-0.0109
1774945135.4312,0.0000,0.0000,0.0000,0.0000,0.0000,-3.1313,-0.2152,0.3785,0.0029,-0.0043,-0.0109
1774945135.4512,0.0000,0.0000,0.0000,0.0000,0.0000,-3.1313,-0.2149,-0.4965,0.0019,-0.0065,-0.0130
1774945135.4712,0.0000,0.0000,0.0000,0.0000,0.0000,-3.1308,-0.2149,0.6362,0.0008,-0.0043,-0.0109
1774945135.4912,0.0000,0.0000,0.0000,0.0000,0.0000,-3.1300,-0.2154,-1.2666,0.0019,-0.0043,-0.0119
1774945135.5113,0.0000,0.0000,0.0000,0.0000,0.0000,-3.1309,-0.2153,0.1648,0.0029,-0.0022,-0.0141
1774945135.5313,0.0000,0.0000,0.0000,0.0000,0.0000,-3.1312,-0.2150,1.2336,0.0040,-0.0054,-0.0130
1774945135.5512,0.0000,0.0000,0.0000,0.0000,0.0000,-3.1322,-0.2152,-1.6638,0.0050,-0.0054,-0.0130
1774945135.5713,0.0000,0.0000,0.0000,0.0000,0.0000,-3.1326,-0.2151,0.6604,0.0029,-0.0043,-0.0119
1774945135.5913,0.0000,0.0000,0.0000,0.0000,0.0000,-3.1330,-0.2147,0.2141,0.0019,-0.0033,-0.0119
1774945135.6112,0.0000,0.0000,0.0000,0.0000,0.0000,-3.1330,-0.2150,-0.2967,0.0040,-0.0043,-0.0109
1774945135.6313,0.0000,0.0000,0.0000,0.0000,0.0000,-3.1317,-0.2150,-0.0874,0.0040,-0.0033,-0.0119
1774945135.6513,0.0000,0.0000,0.0000,0.0000,0.0000,-3.1318,-0.2151,-0.7278,0.0019,-0.0022,-0.0119
1774945135.6713,0.0000,0.0000,0.0000,0.0000,0.0000,-3.1304,-0.2150,1.1090,0.0040,-0.0054,-0.0119
1774945135.6914,0.0000,0.0000,0.0000,0.0000,0.0000,-3.1306,-0.2150,0.6575,0.0040,-0.0043,-0.0130
1774945135.7113,0.0000,0.0000,0.0000,0.0000,0.0000,-3.1308,-0.2151,0.6659,0.0029,-0.0043,-0.0130
1774945135.7313,0.0000,0.0000,0.0000,0.0000,0.0000,-3.1307,-0.2150,-0.8891,0.0029,-0.0033,-0.0109
1774945135.7512,0.0000,0.0000,0.0000,0.0000,0.0000,-3.1319,-0.2151,-0.8699,0.0029,-0.0043,-0.0130
1774945135.7712,0.0000,0.0000,0.0000,0.0000,0.0000,-3.1314,-0.2150,0.8354,0.0061,-0.0043,-0.0151
1774945135.7915,0.0000,0.0000,0.0000,0.0000,0.0000,-3.1324,-0.2151,-0.7012,0.0040,-0.0043,-0.0130
1774945135.8116,0.0000,0.0000,0.0000,0.0000,0.0000,-3.1320,-0.2149,0.4990,0.0050,-0.0054,-0.0119
1774945135.8312,0.0000,0.0000,0.0000,0.0000,0.0000,-3.1316,-0.2148,0.1272,0.0050,-0.0033,-0.0130
1774945135.8513,0.0000,0.0000,0.0000,0.0000,0.0000,-3.1321,-0.2149,0.6756,0.0029,-0.0033,-0.0109
1774945135.8712,0.0000,0.0000,0.0000,0.0000,0.0000,-3.1307,-0.2149,-0.3759,0.0072,-0.0043,-0.0151
1774945135.8912,0.0000,0.0000,0.0000,0.0000,0.0000,-3.1312,-0.2149,-1.3436,0.0029,-0.0033,-0.0130
1774945135.9113,0.0000,0.0000,0.0000,0.0000,0.0000,-3.1302,-0.2149,0.5810,0.0050,-0.0054,-0.0141
1774945135.9312,0.0000,0.0000,0.0000,0.0000,0.0000,-3.1302,-0.2150,0.7004,0.0029,-0.0033,-0.0119
1774945135.9513,0.0000,0.0000,0.0000,0.0000,0.0000,-3.1304,-0.2149,0.9885,0.0040,-0.0043,-0.0119
1774945135.9713,0.0000,0.0000,0.0000,0.0000,0.0000,-3.1309,-0.2150,-0.2168,0.0050,-0.0033,-0.0119
1774945135.9912,0.0000,0.0000,0.0000,0.0000,0.0000,-3.1315,-0.2151,-0.3608,0.0029,-0.0022,-0.0119
1774945136.0113,0.0000,0.0000,0.0000,0.0000,0.0000,-3.1316,-0.2150,0.5136,0.0050,-0.0043,-0.0130
1774945136.0313,0.0000,0.0000,0.0000,0.0000,0.0000,-3.1320,-0.2150,-0.6437,0.0040,-0.0043,-0.0141
1774945136.0514,0.0000,0.0000,0.0000,0.0000,0.0000,-3.1315,-0.2150,0.4379,0.0029,-0.0043,-0.0119
1774945136.0712,0.0000,0.0000,0.0000,0.0000,0.0000,-3.1310,-0.2150,-0.0912,0.0061,-0.0043,-0.0141
1774945136.0914,0.0000,0.0000,0.0000,0.0000,0.0000,-3.1310,-0.2151,0.4647,0.0029,-0.0043,-0.0119
1774945136.1114,0.0000,0.0000,0.0000,0.0000,0.0000,-3.1303,-0.2152,-0.5414,0.0040,-0.0043,-0.0141
1774945136.1313,0.0000,0.0000,0.0000,0.0000,0.0000,-3.1308,-0.2153,-1.2579,0.0008,-0.0033,-0.0109
1774945136.1512,0.0000,0.0000,0.0000,0.0000,0.0000,-3.1306,-0.2151,0.6416,0.0040,-0.0022,-0.0119
1774945136.1713,0.0000,0.0000,0.0000,0.0000,0.0000,-3.1310,-0.2152,0.2069,0.0029,-0.0043,-0.0119
1774945136.1913,0.0000,0.0000,0.0000,0.0000,0.0000,-3.1313,-0.2149,0.4161,0.0050,-0.0043,-0.0130
1774945136.2112,0.0000,0.0000,0.0000,0.0000,0.0000,-3.1310,-0.2147,-0.9261,0.0008,-0.0033,-0.0098
1774945136.2316,0.0000,0.0000,0.0000,0.0000,0.0000,-3.1307,-0.2137,-2.9091,0.0114,-0.0129,-0.0109
1774945136.2512,0.0000,0.0000,0.0000,0.0000,0.0000,-3.1324,-0.2144,3.6653,0.0125,-0.0097,-0.0098
1774945136.2712,0.0000,0.0000,0.0000,0.0000,0.0000,-3.1343,-0.2148,4.6703,-0.0013,-0.0043,-0.0077
1774945136.2912,0.0000,0.0000,0.0000,0.0000,0.0000,-3.1340,-0.2149,0.2879,0.0168,-0.0097,-0.0077
1774945136.3113,0.0000,0.0000,0.0000,0.0000,0.0000,-3.1321,-0.2143,0.2661,0.0082,-0.0075,-0.0109
1774945136.3312,0.0000,0.0000,0.0000,0.0000,0.0000,-3.1321,-0.2146,0.5366,-0.0067,-0.0022,-0.0130
1774945136.3513,0.0000,0.0000,0.0000,0.0000,0.0000,-3.1296,-0.2138,-2.3219,0.0114,-0.0001,-0.0109
1774945136.3713,0.0000,0.0000,0.0000,0.0000,0.0000,-3.1291,-0.2126,0.2909,0.0125,-0.0054,-0.0087
1774945136.3913,0.0000,0.0000,0.0000,0.0000,0.0000,-3.1286,-0.2126,0.9112,-0.0045,-0.0065,-0.0151
1774945136.4112,0.0000,0.0000,0.0000,0.0000,0.0000,-3.1279,-0.2143,-0.0423,-0.0045,-0.0001,-0.0151
1774945136.4313,0.0000,0.0000,0.0000,0.0000,0.0000,-3.1286,-0.2134,2.6717,0.0040,-0.0012,-0.0130
1774945136.4513,0.0000,0.0000,0.0000,0.0000,0.0000,-3.1308,-0.2129,-1.9473,-0.0024,-0.0043,-0.0130
1774945136.4712,0.0000,0.0000,0.0000,0.0000,0.0000,-3.1334,-0.2141,-3.8965,-0.0067,-0.0022,-0.0141
1774945136.4912,0.0000,0.0000,0.0000,0.0000,0.0000,-3.1336,-0.2147,0.8982,0.0082,-0.0022,-0.0130
1774945136.5130,0.0000,0.0000,0.0000,0.0000,0.0000,-3.1363,-0.2150,-1.1850,0.0050,-0.0043,-0.0130
1774945136.5313,0.0000,0.0000,0.0000,0.0000,0.0000,-3.1368,-0.2157,-0.1261,0.0040,-0.0033,-0.0098
1774945136.5513,0.0000,0.0000,0.0000,0.0000,0.0000,-3.1343,-0.2159,2.0936,0.0125,-0.0065,-0.0098
1774945136.5712,0.0000,0.0000,0.0000,0.0000,0.0000,-3.1318,-0.2159,-1.9006,0.0082,-0.0033,-0.0098
1774945136.5914,0.0000,0.0000,0.0000,0.0000,0.0000,-3.1302,-0.2154,2.0567,0.0050,-0.0043,-0.0130
1774945136.6118,0.0000,0.0000,0.0000,0.0000,0.0000,-3.1298,-0.2145,1.0030,0.0019,-0.0075,-0.0130
1774945136.6313,0.0000,0.0000,0.0000,0.0000,0.0000,-3.1302,-0.2145,1.7484,-0.0003,-0.0022,-0.0119
1774945136.6512,0.0000,0.0000,0.0000,0.0000,0.0000,-3.1312,-0.2145,1.8367,-0.0003,-0.0001,-0.0141
1774945136.6713,0.0000,0.0000,0.0000,0.0000,0.0000,-3.1317,-0.2139,-0.2178,-0.0003,-0.0054,-0.0119
1774945136.6912,0.0000,0.0000,0.0000,0.0000,0.0000,-3.1323,-0.2138,-2.3439,0.0104,-0.0043,-0.0119
1774945136.7115,0.0000,0.0000,0.0000,0.0000,0.0000,-3.1330,-0.2152,0.0000,-0.0013,-0.0033,-0.0119
1774945136.7313,0.0000,0.0000,0.0000,0.0000,0.0000,-3.1354,-0.2153,2.5238,0.0029,-0.0033,-0.0119
1774945136.7513,0.0000,0.0000,0.0000,0.0000,0.0000,-3.1348,-0.2149,-1.5283,0.0061,-0.0043,-0.0141
1774945136.7715,0.0000,0.0000,0.0000,0.0000,0.0000,-3.1334,-0.2150,1.1600,0.0040,-0.0033,-0.0130
1774945136.7913,0.0000,0.0000,0.0000,0.0000,0.0000,-3.1312,-0.2155,0.4991,0.0029,-0.0022,-0.0109
1774945136.8114,0.0000,0.0000,0.0000,0.0000,0.0000,-3.1296,-0.2153,-1.0299,0.0050,-0.0033,-0.0119
1774945136.8312,0.0000,0.0000,0.0000,0.0000,0.0000,-3.1286,-0.2153,0.6733,0.0040,-0.0033,-0.0109
1774945136.8514,0.0000,0.0000,0.0000,0.0000,0.0000,-3.1297,-0.2154,-0.7056,0.0008,-0.0043,-0.0130
1774945136.8714,0.0000,0.0000,0.0000,0.0000,0.0000,-3.1308,-0.2150,0.2675,0.0019,-0.0033,-0.0141
1774945136.8913,0.0000,0.0000,0.0000,0.0000,0.0000,-3.1314,-0.2140,-1.0367,-0.0013,-0.0001,-0.0119
1774945136.9113,0.0000,0.0000,0.0000,0.0000,0.0000,-3.1319,-0.2137,0.0000,0.0008,-0.0033,-0.0141
1774945136.9313,0.0000,0.0000,0.0000,0.0000,0.0000,-3.1317,-0.2136,-0.6306,0.0029,-0.0054,-0.0141
1774945136.9514,0.0000,0.0000,0.0000,0.0000,0.0000,-3.1321,-0.2141,-0.9056,0.0029,-0.0033,-0.0130
1774945136.9713,0.0000,0.0000,0.0000,0.0000,0.0000,-3.1312,-0.2146,2.0931,0.0040,-0.0033,-0.0119
1774945136.9913,0.0000,0.0000,0.0000,0.0000,0.0000,-3.1312,-0.2152,-1.6141,0.0061,-0.0043,-0.0130
1774945137.0113,0.0000,0.0000,0.0000,0.0000,0.0000,-3.1306,-0.2152,0.7368,0.0061,-0.0043,-0.0119
1774945137.0312,0.0000,0.0000,0.0000,0.0000,0.0000,-3.1297,-0.2150,0.5177,0.0029,-0.0043,-0.0109
1774945137.0521,0.0000,0.0000,0.0000,0.0000,0.0000,-3.1298,-0.2150,-2.1371,0.0008,-0.0033,-0.0109
1774945137.0713,0.0000,0.0000,0.0000,0.0000,0.0000,-3.1292,-0.2144,1.1205,0.0050,-0.0033,-0.0119
1774945137.0914,0.0000,0.0000,0.0000,0.0000,0.0000,-3.1307,-0.2146,-2.4096,-0.0003,-0.0054,-0.0141
1774945137.1114,0.0000,0.0000,0.0000,0.0000,0.0000,-3.1308,-0.2147,-1.5536,0.0029,-0.0033,-0.0130
1774945137.1314,0.0000,0.0000,0.0000,0.0000,0.0000,-3.1312,-0.2140,1.0142,0.0040,-0.0033,-0.0130
1774945137.1513,0.0000,0.0000,0.0000,0.0000,0.0000,-3.1325,-0.2146,0.5913,0.0029,-0.0054,-0.0109
1774945137.1714,0.0000,0.0000,0.0000,0.0000,0.0000,-3.1321,-0.2148,1.4482,0.0050,-0.0022,-0.0119
1774945137.1913,0.0000,0.0000,0.0000,0.0000,0.0000,-3.1321,-0.2147,-0.2122,0.0029,-0.0054,-0.0119
1774945137.2119,0.0000,0.0000,0.0000,0.0000,0.0000,-3.1307,-0.2147,-1.0256,0.0029,-0.0054,-0.0130
1774945137.2314,0.0000,0.0000,0.0000,0.0000,0.0000,-3.1305,-0.2151,0.2639,0.0019,-0.0033,-0.0130
1774945137.2520,0.0000,0.0000,0.0000,0.0000,0.0000,-3.1306,-0.2148,1.1690,0.0008,-0.0043,-0.0119
1774945137.2713,0.0000,0.0000,0.0000,0.0000,0.0000,-3.1296,-0.2149,-1.1989,0.0050,-0.0043,-0.0130
1774945137.2913,0.0000,0.0000,0.0000,0.0000,0.0000,-3.1307,-0.2149,-0.8602,0.0019,-0.0033,-0.0130
1774945137.3114,0.0000,0.0000,0.0000,0.0000,0.0000,-3.1298,-0.2142,2.5129,0.0019,-0.0033,-0.0119
1774945137.3313,0.0000,0.0000,0.0000,0.0000,0.0000,-3.1301,-0.2143,-0.1683,0.0029,-0.0054,-0.0130
1774945137.3520,0.0000,0.0000,0.0000,0.0000,0.0000,-3.1303,-0.2144,2.2140,0.0040,-0.0033,-0.0130
1774945137.3713,0.0000,0.0000,0.0000,0.0000,0.0000,-3.1303,-0.2144,0.8379,0.0050,-0.0033,-0.0119
1774945137.3914,0.0000,0.0000,0.0000,0.0000,0.0000,-3.1311,-0.2147,-0.6382,0.0040,-0.0043,-0.0130
1774945137.4113,0.0000,0.0000,0.0000,0.0000,0.0000,-3.1309,-0.2148,0.9106,0.0050,-0.0012,-0.0119
1774945137.4316,0.0000,0.0000,0.0000,0.0000,0.0000,-3.1315,-0.2147,-0.6296,0.0050,-0.0054,-0.0130
1774945137.4513,0.0000,0.0000,0.0000,0.0000,0.0000,-3.1307,-0.2146,-0.2523,0.0050,-0.0054,-0.0119
1774945137.4712,0.0000,0.0000,0.0000,0.0000,0.0000,-3.1305,-0.2145,0.1289,0.0040,-0.0043,-0.0119
1774945137.4913,0.0000,0.0000,0.0000,0.0000,0.0000,-3.1310,-0.2148,0.2917,0.0019,-0.0043,-0.0130
1774945137.5115,0.0000,0.0000,0.0000,0.0000,0.0000,-3.1304,-0.2148,-1.8119,0.0040,-0.0022,-0.0130
1774945137.5313,0.0000,0.0000,0.0000,0.0000,0.0000,-3.1310,-0.2147,0.2265,0.0008,-0.0033,-0.0130
1774945137.5517,0.0000,0.0000,0.0000,0.0000,0.0000,-3.1308,-0.2147,1.4090,0.0040,-0.0043,-0.0130
1774945137.5714,0.0000,0.0000,0.0000,0.0000,0.0000,-3.1313,-0.2149,-0.4558,0.0050,-0.0033,-0.0119
1774945137.5913,0.0000,0.0000,0.0000,0.0000,0.0000,-3.1314,-0.2146,0.6416,0.0040,-0.0033,-0.0109
1774945137.6114,0.0000,0.0000,0.0000,0.0000,0.0000,-3.1314,-0.2146,-0.7416,0.0050,-0.0043,-0.0151
1774945137.6315,0.0000,0.0000,0.0000,0.0000,0.0000,-3.1316,-0.2149,0.5607,0.0029,-0.0033,-0.0141
1774945137.6515,0.0000,0.0000,0.0000,0.0000,0.0000,-3.1309,-0.2146,0.4206,0.0050,-0.0022,-0.0130
1774945137.6713,0.0000,0.0000,0.0000,0.0000,0.0000,-3.1314,-0.2148,-1.3318,0.0029,-0.0043,-0.0141
1774945137.6915,0.0000,0.0000,0.0000,0.0000,0.0000,-3.1304,-0.2146,0.5902,0.0050,-0.0054,-0.0130
1774945137.7114,0.0000,0.0000,0.0000,0.0000,0.0000,-3.1308,-0.2145,0.0861,0.0040,-0.0043,-0.0119
1774945137.7318,0.0000,0.0000,0.0000,0.0000,0.0000,-3.1310,-0.2147,0.1640,0.0019,-0.0033,-0.0130
1774945137.7516,0.0000,0.0000,0.0000,0.0000,0.0000,-3.1299,-0.2143,-0.9697,0.0019,-0.0012,-0.0109
1774945137.7718,0.0000,0.0000,0.0000,0.0000,0.0000,-3.1301,-0.2142,-2.0349,0.0008,-0.0022,-0.0130
1774945137.7916,0.0000,0.0000,0.0000,0.0000,0.0000,-3.1296,-0.2145,2.5032,0.0040,-0.0043,-0.0119
1774945137.8117,0.0000,0.0000,0.0000,0.0000,0.0000,-3.1309,-0.2150,1.1566,0.0029,-0.0043,-0.0130
1774945137.8316,0.0000,0.0000,0.0000,0.0000,0.0000,-3.1313,-0.2147,1.4085,0.0040,-0.0033,-0.0109
1774945137.8516,0.0000,0.0000,0.0000,0.0000,0.0000,-3.1316,-0.2146,-0.5194,0.0050,-0.0043,-0.0119
1774945137.8713,0.0000,0.0000,0.0000,0.0000,0.0000,-3.1324,-0.2149,0.0000,0.0019,-0.0033,-0.0109
1774945137.8914,0.0000,0.0000,0.0000,0.0000,0.0000,-3.1309,-0.2148,-0.9338,0.0061,-0.0033,-0.0109
1774945137.9121,0.0000,0.0000,0.0000,0.0000,0.0000,-3.1312,-0.2146,-1.3329,0.0050,-0.0043,-0.0130
1774945137.9313,0.0000,0.0000,0.0000,0.0000,0.0000,-3.1311,-0.2147,1.6274,0.0040,-0.0043,-0.0130
1774945137.9512,0.0000,0.0000,0.0000,0.0000,0.0000,-3.1304,-0.2151,0.1869,0.0050,-0.0033,-0.0130
1774945137.9713,0.0000,0.0000,0.0000,0.0000,0.0000,-3.1306,-0.2145,-0.3786,0.0050,-0.0043,-0.0109
1774945137.9913,0.0000,0.0000,0.0000,0.0000,0.0000,-3.1301,-0.2144,-0.9157,0.0050,-0.0043,-0.0141
1774945138.0121,0.0000,0.0000,0.0000,0.0000,0.0000,-3.1306,-0.2148,-0.7960,-0.0003,-0.0043,-0.0119
1774945138.0324,0.0000,0.0000,0.0000,0.0000,0.0000,-3.1300,-0.2147,-0.3336,0.0040,-0.0033,-0.0119
1774945138.0514,0.0000,0.0000,0.0000,0.0000,0.0000,-3.1313,-0.2143,-1.2904,0.0040,-0.0054,-0.0130
1774945138.0714,0.0000,0.0000,0.0000,0.0000,0.0000,-3.1314,-0.2145,0.5960,0.0029,-0.0043,-0.0119
1774945138.0913,0.0000,0.0000,0.0000,0.0000,0.0000,-3.1314,-0.2146,-0.1654,0.0029,-0.0022,-0.0119
1774945138.1114,0.0000,0.0000,0.0000,0.0000,0.0000,-3.1319,-0.2146,0.6620,0.0019,-0.0043,-0.0130
1774945138.1313,0.0000,0.0000,0.0000,0.0000,0.0000,-3.1309,-0.2145,-0.2730,0.0040,-0.0033,-0.0130
1774945138.1520,0.0000,0.0000,0.0000,0.0000,0.0000,-3.1309,-0.2147,-1.6899,0.0029,-0.0033,-0.0130
1774945138.1714,0.0000,0.0000,0.0000,0.0000,0.0000,-3.1303,-0.2144,0.0415,0.0061,-0.0033,-0.0130
1774945138.1913,0.0000,0.0000,0.0000,0.0000,0.0000,-3.1303,-0.2145,0.2120,0.0029,-0.0043,-0.0119
1774945138.2114,0.0000,0.0000,0.0000,0.0000,0.0000,-3.1301,-0.2146,1.1701,0.0040,-0.0043,-0.0141
1774945138.2314,0.0000,0.0000,0.0000,0.0000,0.0000,-3.1298,-0.2147,-0.0841,0.0050,-0.0043,-0.0130
1774945138.2513,0.0000,0.0000,0.0000,0.0000,0.0000,-3.1308,-0.2147,-0.4501,-0.0003,-0.0033,-0.0109
1774945138.2713,0.0000,0.0000,0.0000,0.0000,0.0000,-3.1304,-0.2145,1.3518,0.0029,-0.0033,-0.0109
1774945138.2913,0.0000,0.0000,0.0000,0.0000,0.0000,-3.1311,-0.2146,-0.3154,0.0019,-0.0033,-0.0119
1774945138.3112,0.0000,0.0000,0.0000,0.0000,0.0000,-3.1307,-0.2143,0.3354,0.0008,-0.0043,-0.0109
1774945138.3313,0.0000,0.0000,0.0000,0.0000,0.0000,-3.1307,-0.2143,-0.6257,0.0029,-0.0022,-0.0130
1774945138.3517,0.0000,0.0000,0.0000,0.0000,0.0000,-3.1308,-0.2144,0.2081,0.0029,-0.0033,-0.0130
1774945138.3713,0.0000,0.0000,0.0000,0.0000,0.0000,-3.1301,-0.2144,-0.4227,0.0050,-0.0033,-0.0130
1774945138.3913,0.0000,0.0000,0.0000,0.0000,0.0000,-3.1310,-0.2147,-1.3668,0.0008,-0.0033,-0.0109
1774945138.4111,0.0000,0.0000,0.0000,0.0000,0.0000,-3.1300,-0.2145,0.8218,0.0050,-0.0054,-0.0130
1774945138.4314,0.0000,0.0000,0.0000,0.0000,0.0000,-3.1306,-0.2145,0.1848,0.0040,-0.0043,-0.0130
1774945138.4514,0.0000,0.0000,0.0000,0.0000,0.0000,-3.1309,-0.2146,0.2904,0.0040,-0.0033,-0.0119
1774945138.4713,0.0000,0.0000,0.0000,0.0000,0.0000,-3.1305,-0.2145,-0.9713,0.0050,-0.0043,-0.0130
1774945138.4912,0.0000,0.0000,0.0000,0.0000,0.0000,-3.1316,-0.2145,-1.1852,-0.0003,-0.0033,-0.0119
1774945138.5114,0.0000,0.0000,0.0000,0.0000,0.0000,-3.1310,-0.2146,0.5858,0.0072,-0.0043,-0.0130
1774945138.5316,0.0000,0.0000,0.0000,0.0000,0.0000,-3.1315,-0.2147,-0.4779,0.0019,-0.0043,-0.0109
1774945138.5513,0.0000,0.0000,0.0000,0.0000,0.0000,-3.1312,-0.2147,0.4369,0.0050,-0.0054,-0.0130
1774945138.5713,0.0000,0.0000,0.0000,0.0000,0.0000,-3.1308,-0.2147,0.1281,0.0050,-0.0022,-0.0130
1774945138.5913,0.0000,0.0000,0.0000,0.0000,0.0000,-3.1312,-0.2148,0.4197,0.0040,-0.0033,-0.0130
1774945138.6121,0.0000,0.0000,0.0000,0.0000,0.0000,-3.1301,-0.2146,-0.7806,0.0072,-0.0033,-0.0130
1774945138.6312,0.0000,0.0000,0.0000,0.0000,0.0000,-3.1307,-0.2148,-1.1939,0.0008,-0.0043,-0.0119
1774945138.6513,0.0000,0.0000,0.0000,0.0000,0.0000,-3.1305,-0.2146,0.9232,0.0029,-0.0033,-0.0119
1774945138.6712,0.0000,0.0000,0.0000,0.0000,0.0000,-3.1308,-0.2147,0.2980,0.0040,-0.0043,-0.0130
1774945138.6912,0.0000,0.0000,0.0000,0.0000,0.0000,-3.1312,-0.2146,0.5208,0.0019,-0.0033,-0.0109
1774945138.7119,0.0000,0.0000,0.0000,0.0000,0.0000,-3.1308,-0.2148,-0.9267,0.0040,-0.0033,-0.0119
1774945138.7312,0.0000,0.0000,0.0000,0.0000,0.0000,-3.1314,-0.2148,-0.3059,0.0008,-0.0043,-0.0119
1774945138.7524,0.0000,0.0000,0.0000,0.0000,0.0000,-3.1309,-0.2147,0.7103,0.0050,-0.0033,-0.0119
1774945138.7714,0.0000,0.0000,0.0000,0.0000,0.0000,-3.1311,-0.2147,-0.2592,0.0029,-0.0043,-0.0109
1774945138.7913,0.0000,0.0000,0.0000,0.0000,0.0000,-3.1307,-0.2147,0.3564,0.0040,-0.0033,-0.0119
1774945138.8112,0.0000,0.0000,0.0000,0.0000,0.0000,-3.1306,-0.2146,0.5624,0.0050,-0.0022,-0.0141
1774945138.8313,0.0000,0.0000,0.0000,0.0000,0.0000,-3.1309,-0.2147,0.6422,0.0019,-0.0043,-0.0119
1774945138.8514,0.0000,0.0000,0.0000,0.0000,0.0000,-3.1305,-0.2148,-0.5771,0.0050,-0.0022,-0.0119
1774945138.8713,0.0000,0.0000,0.0000,0.0000,0.0000,-3.1313,-0.2149,-1.5230,0.0029,-0.0033,-0.0141
1774945138.8914,0.0000,0.0000,0.0000,0.0000,0.0000,-3.1308,-0.2145,0.7659,0.0029,-0.0043,-0.0109
1774945138.9114,0.0000,0.0000,0.0000,0.0000,0.0000,-3.1313,-0.2146,-0.3451,0.0040,-0.0043,-0.0119
1774945138.9313,0.0000,0.0000,0.0000,0.0000,0.0000,-3.1314,-0.2146,1.0678,0.0019,-0.0033,-0.0119
1774945138.9518,0.0000,0.0000,0.0000,0.0000,0.0000,-3.1309,-0.2144,-0.4150,0.0050,-0.0033,-0.0119
1774945138.9714,0.0000,0.0000,0.0000,0.0000,0.0000,-3.1314,-0.2148,-0.8071,0.0008,-0.0033,-0.0119
1774945138.9913,0.0000,0.0000,0.0000,0.0000,0.0000,-3.1307,-0.2146,0.5952,0.0029,-0.0043,-0.0109
1774945139.0113,0.0000,0.0000,0.0000,0.0000,0.0000,-3.1312,-0.2146,-1.0709,0.0040,-0.0043,-0.0130
1774945139.0313,0.0000,0.0000,0.0000,0.0000,0.0000,-3.1307,-0.2147,0.3008,0.0040,-0.0033,-0.0119
1774945139.0513,0.0000,0.0000,0.0000,0.0000,0.0000,-3.1304,-0.2146,0.6976,0.0040,-0.0033,-0.0141
1774945139.0713,0.0000,0.0000,0.0000,0.0000,0.0000,-3.1310,-0.2147,0.0414,0.0019,-0.0022,-0.0109
1774945139.0919,0.0000,0.0000,0.0000,0.0000,0.0000,-3.1304,-0.2146,-0.3926,0.0050,-0.0033,-0.0119
1774945139.1115,0.0000,0.0000,0.0000,0.0000,0.0000,-3.1314,-0.2147,-1.3188,0.0040,-0.0043,-0.0119
1774945139.1312,0.0000,0.0000,0.0000,0.0000,0.0000,-3.1308,-0.2147,0.9785,0.0050,-0.0043,-0.0119
1774945139.1513,0.0000,0.0000,0.0000,0.0000,0.0000,-3.1315,-0.2148,-1.8280,0.0029,-0.0043,-0.0119
1774945139.1713,0.0000,0.0000,0.0000,0.0000,0.0000,-3.1315,-0.2148,0.8293,0.0008,-0.0033,-0.0109
1774945139.1913,0.0000,0.0000,0.0000,0.0000,0.0000,-3.1305,-0.2146,0.0860,0.0029,-0.0022,-0.0119
1774945139.2113,0.0000,0.0000,0.0000,0.0000,0.0000,-3.1309,-0.2146,-1.3816,0.0019,-0.0033,-0.0109
1774945139.2313,0.0000,0.0000,0.0000,0.0000,0.0000,-3.1305,-0.2143,1.3182,0.0029,-0.0033,-0.0098
1774945139.2515,0.0000,0.0000,0.0000,0.0000,0.0000,-3.1309,-0.2145,0.0000,0.0019,-0.0033,-0.0119
1774945139.2713,0.0000,0.0000,0.0000,0.0000,0.0000,-3.1309,-0.2145,0.9927,0.0019,-0.0033,-0.0109
1774945139.2913,0.0000,0.0000,0.0000,0.0000,0.0000,-3.1311,-0.2146,0.1680,0.0050,-0.0043,-0.0109
1774945139.3113,0.0000,0.0000,0.0000,0.0000,0.0000,-3.1334,-0.2147,-1.4525,0.0019,-0.0033,-0.0130
1774945139.3313,0.0000,0.0000,0.0000,0.0000,0.0000,-3.1325,-0.2145,-0.5690,0.0040,-0.0033,-0.0109
1774945139.3514,0.0000,0.0000,0.0000,0.0000,0.0000,-3.1322,-0.2153,-1.6056,0.0061,-0.0043,-0.0119
1774945139.3714,0.0000,0.0000,0.0000,0.0000,0.0000,-3.1326,-0.2152,0.9343,0.0019,-0.0043,-0.0109
1774945139.3913,0.0000,0.0000,0.0000,0.0000,0.0000,-3.1322,-0.2154,0.0844,0.0050,-0.0033,-0.0130
1774945139.4114,0.0000,0.0000,0.0000,0.0000,0.0000,-3.1320,-0.2153,0.7548,0.0008,-0.0033,-0.0119
1774945139.4314,0.0000,0.0000,0.0000,0.0000,0.0000,-3.1315,-0.2152,-0.4777,0.0050,-0.0033,-0.0109
1774945139.4515,0.0000,0.0000,0.0000,0.0000,0.0000,-3.1319,-0.2153,-0.8603,0.0040,-0.0043,-0.0130
1774945139.4713,0.0000,0.0000,0.0000,0.0000,0.0000,-3.1310,-0.2154,0.6358,0.0029,-0.0043,-0.0119
1774945139.4913,0.0000,0.0000,0.0000,0.0000,0.0000,-3.1319,-0.2151,-1.1787,0.0040,-0.0022,-0.0130
1774945139.5120,0.0000,0.0000,0.0000,0.0000,0.0000,-3.1326,-0.2149,0.6936,0.0019,-0.0054,-0.0109
1774945139.5319,0.0000,0.0000,0.0000,0.0000,0.0000,-3.1332,-0.2149,-0.7807,0.0072,-0.0043,-0.0119
1774945139.5521,0.0000,0.0000,0.0000,0.0000,0.0000,-3.1330,-0.2151,-1.6221,0.0019,-0.0043,-0.0109
1774945139.5713,0.0000,0.0000,0.0000,0.0000,0.0000,-3.1321,-0.2146,0.8663,0.0029,-0.0043,-0.0141
1774945139.5914,0.0000,0.0000,0.0000,0.0000,0.0000,-3.1321,-0.2144,-1.3090,0.0008,-0.0075,-0.0119
1774945139.6112,0.0000,0.0000,0.0000,0.0000,0.0000,-3.1330,-0.2146,-0.5123,-0.0013,-0.0043,-0.0141
1774945139.6363,0.0000,0.0000,0.0000,0.0000,0.0000,-3.1314,-0.2152,1.8737,0.0040,-0.0012,-0.0119
1774945139.6514,0.0000,0.0000,0.0000,0.0000,0.0000,-3.1320,-0.2145,3.3342,0.0050,-0.0033,-0.0130
1774945139.6714,0.0000,0.0000,0.0000,0.0000,0.0000,-3.1329,-0.2150,3.0678,0.0019,-0.0033,-0.0119
1774945139.6915,0.0000,0.0000,0.0000,0.0000,0.0000,-3.1325,-0.2148,-0.7224,0.0029,-0.0054,-0.0130
1774945139.7115,0.0000,0.0000,0.0000,0.0000,0.0000,-3.1322,-0.2156,1.5736,0.0029,-0.0022,-0.0109
1774945139.7319,0.0000,0.0000,0.0000,0.0000,0.0000,-3.1329,-0.2150,2.7106,0.0050,-0.0022,-0.0130
1774945139.7513,0.0000,0.0000,0.0000,0.0000,0.0000,-3.1322,-0.2150,1.3709,0.0019,-0.0065,-0.0109
1774945139.7713,0.0000,0.0000,0.0000,0.0000,0.0000,-3.1317,-0.2155,-1.4205,0.0050,-0.0022,-0.0119
1774945139.7913,0.0000,0.0000,0.0000,0.0000,0.0000,-3.1324,-0.2148,1.4716,0.0008,-0.0022,-0.0109
1774945139.8114,0.0000,0.0000,0.0000,0.0000,0.0000,-3.1309,-0.2144,-1.8383,0.0050,-0.0065,-0.0119
1774945139.8312,0.0000,0.0000,0.0000,0.0000,0.0000,-3.1308,-0.2151,-3.3504,0.0040,-0.0033,-0.0130
1774945139.8558,0.0000,0.0000,0.0000,0.0000,0.0000,-3.1308,-0.2144,3.3524,0.0040,-0.0001,-0.0130
1774945139.8714,0.0000,0.0000,0.0000,0.0000,0.0000,-3.1305,-0.2144,-1.3767,0.0040,-0.0054,-0.0130
1774945139.8913,0.0000,0.0000,0.0000,0.0000,0.0000,-3.1314,-0.2148,-1.6471,-0.0003,-0.0033,-0.0130
1774945139.9114,0.0000,0.0000,0.0000,0.0000,0.0000,-3.1314,-0.2143,3.2325,0.0050,-0.0022,-0.0119
1774945139.9313,0.0000,0.0000,0.0000,0.0000,0.0000,-3.1323,-0.2146,-2.9007,0.0029,-0.0054,-0.0119
1774945139.9528,0.0000,0.0000,0.0000,0.0000,0.0000,-3.1317,-0.2151,-0.9479,0.0050,-0.0022,-0.0109
1774945139.9714,0.0000,0.0000,0.0000,0.0000,0.0000,-3.1314,-0.2147,2.5214,0.0040,-0.0022,-0.0119
1774945139.9915,0.0000,0.0000,0.0000,0.0000,0.0000,-3.1313,-0.2150,-1.1846,0.0029,-0.0054,-0.0109
1774945140.0113,0.0000,0.0000,0.0000,0.0000,0.0000,-3.1307,-0.2153,-1.5074,0.0061,-0.0022,-0.0119
1774945140.0313,0.0000,0.0000,0.0000,0.0000,0.0000,-3.1312,-0.2148,1.6094,0.0008,-0.0043,-0.0119
1774945140.0513,0.0000,0.0000,0.0000,0.0000,0.0000,-3.1305,-0.2148,-0.4818,0.0050,-0.0065,-0.0119
1774945140.0712,0.0000,0.0000,0.0000,0.0000,0.0000,-3.1311,-0.2152,-1.1647,0.0040,-0.0033,-0.0130
1774945140.0913,0.0000,0.0000,0.0000,0.0000,0.0000,-3.1307,-0.2146,1.7917,0.0050,-0.0043,-0.0119
1774945140.1113,0.0000,0.0000,0.0000,0.0000,0.0000,-3.1306,-0.2147,-1.8146,0.0050,-0.0043,-0.0119
1774945140.1313,0.0000,0.0000,0.0000,0.0000,0.0000,-3.1313,-0.2150,0.0411,0.0040,-0.0043,-0.0119
1774945140.1513,0.0000,0.0000,0.0000,0.0000,0.0000,-3.1308,-0.2146,0.6898,0.0029,-0.0043,-0.0109
1774945140.1713,0.0000,0.0000,0.0000,0.0000,0.0000,-3.1316,-0.2147,-3.0259,0.0040,-0.0033,-0.0109
1774945140.1913,0.0000,0.0000,0.0000,0.0000,0.0000,-3.1311,-0.2147,0.1707,0.0050,-0.0022,-0.0109
1774945140.2116,0.0000,0.0000,0.0000,0.0000,0.0000,-3.1311,-0.2149,-3.5963,0.0029,-0.0043,-0.0130
1774945140.2312,0.0000,0.0000,0.0000,0.0000,0.0000,-3.1304,-0.2150,0.9979,0.0019,-0.0033,-0.0109
1774945140.2551,0.0000,0.0000,0.0000,0.0000,0.0000,-3.1305,-0.2145,-1.2226,0.0040,-0.0043,-0.0119
1774945140.2713,0.0000,0.0000,0.0000,0.0000,0.0000,-3.1308,-0.2143,-0.3321,0.0029,-0.0043,-0.0109
1774945140.2913,0.0000,0.0000,0.0000,0.0000,0.0000,-3.1303,-0.2145,1.2180,0.0040,-0.0054,-0.0109
1774945140.3113,0.0000,0.0000,0.0000,0.0000,0.0000,-3.1310,-0.2147,0.1663,0.0019,-0.0033,-0.0130
1774945140.3313,0.0000,0.0000,0.0000,0.0000,0.0000,-3.1310,-0.2145,1.6687,0.0040,-0.0033,-0.0130
1774945140.3514,0.0000,0.0000,0.0000,0.0000,0.0000,-3.1312,-0.2145,1.0214,0.0040,-0.0054,-0.0141
1774945140.3712,0.0000,0.0000,0.0000,0.0000,0.0000,-3.1316,-0.2146,-0.9242,0.0008,-0.0022,-0.0109
1774945140.3914,0.0000,0.0000,0.0000,0.0000,0.0000,-3.1307,-0.2144,0.5846,0.0050,-0.0033,-0.0119
1774945140.4112,0.0000,0.0000,0.0000,0.0000,0.0000,-3.1313,-0.2145,-1.7853,0.0029,-0.0043,-0.0119
1774945140.4313,0.0000,0.0000,0.0000,0.0000,0.0000,-3.1304,-0.2146,0.0000,0.0050,-0.0043,-0.0119
1774945140.4513,0.0000,0.0000,0.0000,0.0000,0.0000,-3.1307,-0.2145,0.8276,0.0029,-0.0043,-0.0141
1774945140.4712,0.0000,0.0000,0.0000,0.0000,0.0000,-3.1307,-0.2145,0.2738,0.0029,-0.0022,-0.0109
1774945140.4913,0.0000,0.0000,0.0000,0.0000,0.0000,-3.1305,-0.2146,-0.7255,0.0040,-0.0033,-0.0119
1774945140.5113,0.0000,0.0000,0.0000,0.0000,0.0000,-3.1316,-0.2146,-0.3539,0.0019,-0.0022,-0.0130
1774945140.5313,0.0000,0.0000,0.0000,0.0000,0.0000,-3.1309,-0.2145,0.8349,0.0061,-0.0033,-0.0119
1774945140.5513,0.0000,0.0000,0.0000,0.0000,0.0000,-3.1316,-0.2145,-0.7156,0.0061,-0.0054,-0.0141
1774945140.5712,0.0000,0.0000,0.0000,0.0000,0.0000,-3.1313,-0.2144,0.4156,0.0029,-0.0033,-0.0109
1774945140.5914,0.0000,0.0000,0.0000,0.0000,0.0000,-3.1309,-0.2144,-0.4251,0.0040,-0.0043,-0.0130
1774945140.6112,0.0000,0.0000,0.0000,0.0000,0.0000,-3.1313,-0.2146,0.0000,0.0019,-0.0043,-0.0130
1774945140.6312,0.0000,0.0000,0.0000,0.0000,0.0000,-3.1306,-0.2146,0.0823,0.0050,-0.0033,-0.0119
1774945140.6512,0.0000,0.0000,0.0000,0.0000,0.0000,-3.1313,-0.2145,-1.4014,0.0050,-0.0033,-0.0119
1774945140.6712,0.0000,0.0000,0.0000,0.0000,0.0000,-3.1307,-0.2145,0.9307,0.0019,-0.0033,-0.0109
1774945140.6913,0.0000,0.0000,0.0000,0.0000,0.0000,-3.1312,-0.2146,1.1602,0.0029,-0.0033,-0.0119
1774945140.7112,0.0000,0.0000,0.0000,0.0000,0.0000,-3.1316,-0.2145,0.0869,0.0040,-0.0043,-0.0130
1774945140.7316,0.0000,0.0000,0.0000,0.0000,0.0000,-3.1315,-0.2147,-0.9132,0.0061,-0.0033,-0.0109
1774945140.7514,0.0000,0.0000,0.0000,0.0000,0.0000,-3.1323,-0.2145,-1.4074,0.0029,-0.0033,-0.0119
1774945140.7717,0.0000,0.0000,0.0000,0.0000,0.0000,-3.1313,-0.2147,0.3536,0.0040,-0.0043,-0.0119
1774945140.7913,0.0000,0.0000,0.0000,0.0000,0.0000,-3.1312,-0.2147,3.0850,0.0040,-0.0022,-0.0119
1774945140.8114,0.0000,0.0000,0.0000,0.0000,0.0000,-3.1313,-0.2144,1.1167,0.0050,-0.0065,-0.0119
1774945140.8312,0.0000,0.0000,0.0000,0.0000,0.0000,-3.1310,-0.2149,-2.6805,0.0040,-0.0033,-0.0130
1774945140.8512,0.0000,0.0000,0.0000,0.0000,0.0000,-3.1311,-0.2145,3.4011,0.0019,-0.0033,-0.0119
1774945140.8716,0.0000,0.0000,0.0000,0.0000,0.0000,-3.1308,-0.2140,-0.2921,0.0061,-0.0065,-0.0119
1774945140.8913,0.0000,0.0000,0.0000,0.0000,0.0000,-3.1312,-0.2147,-4.2215,0.0019,-0.0033,-0.0119
1774945140.9112,0.0000,0.0000,0.0000,0.0000,0.0000,-3.1307,-0.2140,3.9142,0.0050,-0.0012,-0.0119
1774945140.9313,0.0000,0.0000,0.0000,0.0000,0.0000,-3.1309,-0.2139,-0.5126,0.0029,-0.0054,-0.0119
1774945140.9513,0.0000,0.0000,0.0000,0.0000,0.0000,-3.1310,-0.2145,-1.6443,0.0029,-0.0022,-0.0130
1774945140.9714,0.0000,0.0000,0.0000,0.0000,0.0000,-3.1309,-0.2139,3.1123,0.0040,-0.0012,-0.0119
1774945140.9915,0.0000,0.0000,0.0000,0.0000,0.0000,-3.1316,-0.2139,-1.5298,0.0040,-0.0065,-0.0130
1774945141.0114,0.0000,0.0000,0.0000,0.0000,0.0000,-3.1309,-0.2145,-2.1837,0.0061,-0.0054,-0.0109
1774945141.0313,0.0000,0.0000,0.0000,0.0000,0.0000,-3.1312,-0.2140,2.6155,0.0029,-0.0022,-0.0130
1774945141.0514,0.0000,0.0000,0.0000,0.0000,0.0000,-3.1309,-0.2139,-0.9721,0.0019,-0.0065,-0.0109
1774945141.0713,0.0000,0.0000,0.0000,0.0000,0.0000,-3.1306,-0.2144,-1.4488,0.0040,-0.0022,-0.0119
1774945141.0912,0.0000,0.0000,0.0000,0.0000,0.0000,-3.1310,-0.2141,3.0657,0.0029,-0.0022,-0.0130
1774945141.1137,0.0000,0.0000,0.0000,0.0000,0.0000,-3.1303,-0.2143,-0.9172,0.0061,-0.0065,-0.0119
1774945141.1314,0.0000,0.0000,0.0000,0.0000,0.0000,-3.1314,-0.2149,-3.1135,0.0029,-0.0033,-0.0141
1774945141.1514,0.0000,0.0000,0.0000,0.0000,0.0000,-3.1309,-0.2143,3.1079,0.0029,-0.0033,-0.0098
1774945141.1713,0.0000,0.0000,0.0000,0.0000,0.0000,-3.1312,-0.2142,-1.0171,0.0029,-0.0054,-0.0098
1774945141.1913,0.0000,0.0000,0.0000,0.0000,0.0000,-3.1315,-0.2146,-0.7680,0.0019,-0.0043,-0.0109
1774945141.2133,0.0000,0.0000,0.0000,0.0000,0.0000,-3.1309,-0.2143,1.0300,0.0061,-0.0022,-0.0130
1774945141.2313,0.0000,0.0000,0.0000,0.0000,0.0000,-3.1317,-0.2145,-1.7809,0.0008,-0.0043,-0.0109
1774945141.2512,0.0000,0.0000,0.0000,0.0000,0.0000,-3.1309,-0.2148,-0.1668,0.0019,-0.0022,-0.0109
1774945141.2713,0.0000,0.0000,0.0000,0.0000,0.0000,-3.1312,-0.2144,1.0248,0.0019,-0.0033,-0.0119
1774945141.2913,0.0000,0.0000,0.0000,0.0000,0.0000,-3.1310,-0.2144,-0.5014,0.0029,-0.0065,-0.0098
1774945141.3130,0.0000,0.0000,0.0000,0.0000,0.0000,-3.1312,-0.2144,-0.8534,0.0040,-0.0043,-0.0130
1774945141.3312,0.0000,0.0000,0.0000,0.0000,0.0000,-3.1314,-0.2145,1.7682,0.0029,-0.0033,-0.0141
1774945141.3512,0.0000,0.0000,0.0000,0.0000,0.0000,-3.1307,-0.2146,-0.5988,0.0050,-0.0054,-0.0130
1774945141.3712,0.0000,0.0000,0.0000,0.0000,0.0000,-3.1314,-0.2150,-1.5681,-0.0003,-0.0022,-0.0109
1774945141.3914,0.0000,0.0000,0.0000,0.0000,0.0000,-3.1310,-0.2147,1.2698,0.0040,-0.0033,-0.0130
1774945141.4114,0.0000,0.0000,0.0000,0.0000,0.0000,-3.1311,-0.2148,-0.7071,0.0029,-0.0033,-0.0141
1774945141.4312,0.0000,0.0000,0.0000,0.0000,0.0000,-3.1313,-0.2148,0.2603,0.0040,-0.0033,-0.0130
1774945141.4513,0.0000,0.0000,0.0000,0.0000,0.0000,-3.1308,-0.2145,-0.4107,0.0050,-0.0033,-0.0119
1774945141.4713,0.0000,0.0000,0.0000,0.0000,0.0000,-3.1314,-0.2147,-1.0512,0.0029,-0.0043,-0.0130
1774945141.4914,0.0000,0.0000,0.0000,0.0000,0.0000,-3.1307,-0.2147,0.2152,0.0061,-0.0043,-0.0130
1774945141.5114,0.0000,0.0000,0.0000,0.0000,0.0000,-3.1311,-0.2145,0.0435,0.0050,-0.0033,-0.0119
1774945141.5314,0.0000,0.0000,0.0000,0.0000,0.0000,-3.1308,-0.2145,0.7154,0.0040,-0.0043,-0.0130
1774945141.5515,0.0000,0.0000,0.0000,0.0000,0.0000,-3.1309,-0.2145,0.1713,0.0040,-0.0033,-0.0130
1774945141.5713,0.0000,0.0000,0.0000,0.0000,0.0000,-3.1314,-0.2145,0.9072,0.0019,-0.0033,-0.0119
1774945141.5951,0.0000,0.0000,0.0000,0.0000,0.0000,-3.1309,-0.2143,-0.2929,0.0029,-0.0033,-0.0119
1774945141.6113,0.0000,0.0000,0.0000,0.0000,0.0000,-3.1316,-0.2147,-1.3215,-0.0003,-0.0033,-0.0119
1774945141.6313,0.0000,0.0000,0.0000,0.0000,0.0000,-3.1309,-0.2145,1.5677,0.0040,-0.0043,-0.0098
1774945141.6513,0.0000,0.0000,0.0000,0.0000,0.0000,-3.1314,-0.2144,0.3100,0.0029,-0.0043,-0.0109
1774945141.6712,0.0000,0.0000,0.0000,0.0000,0.0000,-3.1314,-0.2144,0.2248,0.0008,-0.0033,-0.0109
1774945141.6914,0.0000,0.0000,0.0000,0.0000,0.0000,-3.1307,-0.2144,-0.2954,0.0029,-0.0033,-0.0130
1774945141.7112,0.0000,0.0000,0.0000,0.0000,0.0000,-3.1316,-0.2146,-0.8861,0.0019,-0.0043,-0.0119
1774945141.7313,0.0000,0.0000,0.0000,0.0000,0.0000,-3.1310,-0.2146,0.6723,0.0050,-0.0033,-0.0130
1774945141.7513,0.0000,0.0000,0.0000,0.0000,0.0000,-3.1315,-0.2142,-0.2981,0.0040,-0.0033,-0.0130
1774945141.7712,0.0000,0.0000,0.0000,0.0000,0.0000,-3.1313,-0.2142,0.7232,0.0029,-0.0043,-0.0130
1774945141.7914,0.0000,0.0000,0.0000,0.0000,0.0000,-3.1307,-0.2143,0.0913,0.0050,-0.0033,-0.0119
1774945141.8114,0.0000,0.0000,0.0000,0.0000,0.0000,-3.1311,-0.2143,-0.5446,0.0029,-0.0043,-0.0130
1774945141.8314,0.0000,0.0000,0.0000,0.0000,0.0000,-3.1301,-0.2141,0.0000,0.0061,-0.0033,-0.0130
1774945141.8522,0.0000,0.0000,0.0000,0.0000,0.0000,-3.1309,-0.2146,-0.6266,0.0029,-0.0043,-0.0119
1774945141.8713,0.0000,0.0000,0.0000,0.0000,0.0000,-3.1316,-0.2146,0.9306,0.0029,-0.0033,-0.0109
1774945141.8914,0.0000,0.0000,0.0000,0.0000,0.0000,-3.1313,-0.2147,-0.7453,0.0029,-0.0022,-0.0119
1774945141.9114,0.0000,0.0000,0.0000,0.0000,0.0000,-3.1322,-0.2144,0.3064,-0.0013,-0.0022,-0.0109
1774945141.9313,0.0000,0.0000,0.0000,0.0000,0.0000,-3.1324,-0.2145,0.1661,0.0040,-0.0012,-0.0119
1774945141.9516,0.0000,0.0000,0.0000,0.0000,0.0000,-3.1327,-0.2144,0.0000,0.0019,-0.0043,-0.0119
1774945141.9714,0.0000,0.0000,0.0000,0.0000,0.0000,-3.1316,-0.2146,1.5826,0.0050,-0.0043,-0.0130
1774945141.9913,0.0000,0.0000,0.0000,0.0000,0.0000,-3.1318,-0.2148,-0.2108,0.0050,-0.0033,-0.0141
1774945142.0114,0.0000,0.0000,0.0000,0.0000,0.0000,-3.1320,-0.2145,0.6932,0.0029,-0.0033,-0.0130
1774945142.0312,0.0000,0.0000,0.0000,0.0000,0.0000,-3.1312,-0.2147,-0.2534,0.0040,-0.0043,-0.0119
1774945142.0513,0.0000,0.0000,0.0000,0.0000,0.0000,-3.1313,-0.2146,-0.3310,0.0029,-0.0054,-0.0130
1774945142.0713,0.0000,0.0000,0.0000,0.0000,0.0000,-3.1308,-0.2144,-0.1658,0.0050,-0.0033,-0.0109
1774945142.0913,0.0000,0.0000,0.0000,0.0000,0.0000,-3.1309,-0.2146,-0.6850,0.0050,-0.0043,-0.0109
1774945142.1112,0.0000,0.0000,0.0000,0.0000,0.0000,-3.1312,-0.2146,0.5646,0.0029,-0.0054,-0.0119
1774945142.1312,0.0000,0.0000,0.0000,0.0000,0.0000,-3.1312,-0.2146,-0.5858,0.0040,-0.0033,-0.0130
1774945142.1513,0.0000,0.0000,0.0000,0.0000,0.0000,-3.1315,-0.2146,0.3439,0.0040,-0.0043,-0.0119
1774945142.1712,0.0000,0.0000,0.0000,0.0000,0.0000,-3.1310,-0.2146,-0.0826,0.0061,-0.0033,-0.0119
1774945142.1912,0.0000,0.0000,0.0000,0.0000,0.0000,-3.1315,-0.2147,-1.0947,0.0050,-0.0033,-0.0141
1774945142.2113,0.0000,0.0000,0.0000,0.0000,0.0000,-3.1311,-0.2147,0.5472,0.0040,-0.0043,-0.0130
1774945142.2314,0.0000,0.0000,0.0000,0.0000,0.0000,-3.1309,-0.2146,0.2162,0.0040,-0.0033,-0.0130
1774945142.2513,0.0000,0.0000,0.0000,0.0000,0.0000,-3.1314,-0.2148,1.0150,0.0008,-0.0033,-0.0119
1774945142.2722,0.0000,0.0000,0.0000,0.0000,0.0000,-3.1309,-0.2149,-0.5795,0.0040,-0.0033,-0.0109
1774945142.2912,0.0000,0.0000,0.0000,0.0000,0.0000,-3.1314,-0.2150,-1.5856,0.0008,-0.0033,-0.0119
1774945142.3112,0.0000,0.0000,0.0000,0.0000,0.0000,-3.1303,-0.2131,2.2327,0.0040,-0.0107,-0.0087
1774945142.3313,0.0000,0.0000,0.0000,0.0000,0.0000,-3.1326,-0.2149,-2.9506,0.0125,-0.0107,-0.0087
1774945142.3513,0.0000,0.0000,0.0000,0.0000,0.0000,-3.1351,-0.2153,-1.1087,0.0008,-0.0001,-0.0098
1774945142.3713,0.0000,0.0000,0.0000,0.0000,0.0000,-3.1329,-0.2154,0.9949,0.0040,0.0042,-0.0119
1774945142.3914,0.0000,0.0000,0.0000,0.0000,0.0000,-3.1312,-0.2142,-2.2334,0.0093,-0.0054,-0.0098
1774945142.4113,0.0000,0.0000,0.0000,0.0000,0.0000,-3.1316,-0.2144,0.5218,0.0072,-0.0033,-0.0087
1774945142.4314,0.0000,0.0000,0.0000,0.0000,0.0000,-3.1314,-0.2143,0.9155,0.0029,-0.0033,-0.0119
1774945142.4514,0.0000,0.0000,0.0000,0.0000,0.0000,-3.1297,-0.2137,-0.8303,0.0050,-0.0022,-0.0141
1774945142.4712,0.0000,0.0000,0.0000,0.0000,0.0000,-3.1295,-0.2131,-0.4852,0.0019,-0.0054,-0.0141
1774945142.4913,0.0000,0.0000,0.0000,0.0000,0.0000,-3.1318,-0.2133,-0.5393,-0.0045,-0.0043,-0.0119
1774945142.5112,0.0000,0.0000,0.0000,0.0000,0.0000,-3.1314,-0.2146,-2.3367,0.0019,-0.0012,-0.0119
1774945142.5312,0.0000,0.0000,0.0000,0.0000,0.0000,-3.1328,-0.2148,-0.8716,0.0040,-0.0022,-0.0151
1774945142.5512,0.0000,0.0000,0.0000,0.0000,0.0000,-3.1346,-0.2144,1.4319,0.0061,-0.0065,-0.0141
1774945142.5715,0.0000,0.0000,0.0000,0.0000,0.0000,-3.1353,-0.2153,-0.0874,0.0050,-0.0054,-0.0141
1774945142.5915,0.0000,0.0000,0.0000,0.0000,0.0000,-3.1335,-0.2150,0.6752,0.0072,-0.0022,-0.0119
1774945142.6112,0.0000,0.0000,0.0000,0.0000,0.0000,-3.1327,-0.2147,0.2147,0.0050,-0.0033,-0.0098
1774945142.6313,0.0000,0.0000,0.0000,0.0000,0.0000,-3.1312,-0.2144,-0.7388,-0.0003,-0.0043,-0.0130
1774945142.6513,0.0000,0.0000,0.0000,0.0000,0.0000,-3.1280,-0.2143,1.1652,0.0072,-0.0043,-0.0141
1774945142.6713,0.0000,0.0000,0.0000,0.0000,0.0000,-3.1280,-0.2140,-0.5742,0.0019,-0.0043,-0.0109
1774945142.6913,0.0000,0.0000,0.0000,0.0000,0.0000,-3.1290,-0.2135,0.2310,0.0008,-0.0043,-0.0119
1774945142.7113,0.0000,0.0000,0.0000,0.0000,0.0000,-3.1292,-0.2136,0.5220,0.0029,-0.0033,-0.0109
1774945142.7314,0.0000,0.0000,0.0000,0.0000,0.0000,-3.1310,-0.2139,0.7355,0.0040,-0.0043,-0.0130
1774945142.7513,0.0000,0.0000,0.0000,0.0000,0.0000,-3.1326,-0.2141,-0.7470,0.0040,-0.0022,-0.0109
1774945142.7713,0.0000,0.0000,0.0000,0.0000,0.0000,-3.1336,-0.2143,-0.4970,-0.0003,-0.0054,-0.0130
1774945142.7916,0.0000,0.0000,0.0000,0.0000,0.0000,-3.1325,-0.2146,1.2858,0.0050,-0.0043,-0.0119
1774945142.8113,0.0000,0.0000,0.0000,0.0000,0.0000,-3.1328,-0.2148,-0.3371,0.0040,-0.0043,-0.0130
1774945142.8313,0.0000,0.0000,0.0000,0.0000,0.0000,-3.1315,-0.2144,0.2955,0.0040,-0.0043,-0.0119
1774945142.8513,0.0000,0.0000,0.0000,0.0000,0.0000,-3.1298,-0.2142,-0.5391,0.0061,-0.0043,-0.0119
1774945142.8712,0.0000,0.0000,0.0000,0.0000,0.0000,-3.1296,-0.2143,-0.1673,0.0029,-0.0043,-0.0098
1774945142.8924,0.0000,0.0000,0.0000,0.0000,0.0000,-3.1287,-0.2142,0.7703,0.0040,-0.0033,-0.0130
1774945142.9113,0.0000,0.0000,0.0000,0.0000,0.0000,-3.1288,-0.2141,-0.8639,0.0019,-0.0043,-0.0119
1774945142.9314,0.0000,0.0000,0.0000,0.0000,0.0000,-3.1291,-0.2142,0.6267,0.0040,-0.0054,-0.0130
1774945142.9513,0.0000,0.0000,0.0000,0.0000,0.0000,-3.1305,-0.2142,0.3592,0.0029,-0.0043,-0.0119
1774945142.9712,0.0000,0.0000,0.0000,0.0000,0.0000,-3.1321,-0.2141,1.0832,0.0040,-0.0033,-0.0119
1774945142.9912,0.0000,0.0000,0.0000,0.0000,0.0000,-3.1328,-0.2143,-0.9070,0.0040,-0.0022,-0.0109
1774945143.0113,0.0000,0.0000,0.0000,0.0000,0.0000,-3.1334,-0.2145,-0.6910,0.0019,-0.0033,-0.0109
1774945143.0313,0.0000,0.0000,0.0000,0.0000,0.0000,-3.1320,-0.2144,1.1307,0.0050,-0.0043,-0.0119
1774945143.0513,0.0000,0.0000,0.0000,0.0000,0.0000,-3.1314,-0.2144,-0.5540,0.0029,-0.0043,-0.0119
1774945143.0716,0.0000,0.0000,0.0000,0.0000,0.0000,-3.1303,-0.2143,0.8561,0.0019,-0.0033,-0.0119
1774945143.0913,0.0000,0.0000,0.0000,0.0000,0.0000,-3.1295,-0.2139,0.0000,0.0019,-0.0022,-0.0130
1774945143.1133,0.0000,0.0000,0.0000,0.0000,0.0000,-3.1298,-0.2142,-0.2267,0.0008,-0.0033,-0.0130
1774945143.1313,0.0000,0.0000,0.0000,0.0000,0.0000,-3.1294,-0.2140,0.6661,0.0040,-0.0043,-0.0130
1774945143.1512,0.0000,0.0000,0.0000,0.0000,0.0000,-3.1309,-0.2143,-1.1690,0.0008,-0.0043,-0.0119
1774945143.1712,0.0000,0.0000,0.0000,0.0000,0.0000,-3.1310,-0.2144,0.6635,0.0019,-0.0033,-0.0109
1774945143.1917,0.0000,0.0000,0.0000,0.0000,0.0000,-3.1319,-0.2145,-1.1525,0.0050,-0.0033,-0.0130
1774945143.2112,0.0000,0.0000,0.0000,0.0000,0.0000,-3.1326,-0.2144,0.7361,0.0029,-0.0043,-0.0109
1774945143.2313,0.0000,0.0000,0.0000,0.0000,0.0000,-3.1320,-0.2142,-0.7714,0.0061,-0.0043,-0.0119
1774945143.2527,0.0000,0.0000,0.0000,0.0000,0.0000,-3.1323,-0.2142,0.7303,0.0029,-0.0043,-0.0119
1774945143.2712,0.0000,0.0000,0.0000,0.0000,0.0000,-3.1306,-0.2142,0.6141,0.0040,-0.0043,-0.0130
1774945143.2912,0.0000,0.0000,0.0000,0.0000,0.0000,-3.1302,-0.2143,-0.4082,0.0040,-0.0033,-0.0109
1774945143.3114,0.0000,0.0000,0.0000,0.0000,0.0000,-3.1297,-0.2142,0.3434,0.0019,-0.0033,-0.0119
1774945143.3313,0.0000,0.0000,0.0000,0.0000,0.0000,-3.1291,-0.2141,-0.3457,0.0040,-0.0043,-0.0130
1774945143.3514,0.0000,0.0000,0.0000,0.0000,0.0000,-3.1302,-0.2143,-0.2560,-0.0003,-0.0033,-0.0119
1774945143.3713,0.0000,0.0000,0.0000,0.0000,0.0000,-3.1303,-0.2142,0.3480,0.0050,-0.0033,-0.0130
1774945143.3912,0.0000,0.0000,0.0000,0.0000,0.0000,-3.1317,-0.2143,-0.9901,0.0040,-0.0054,-0.0130
1774945143.4117,0.0000,0.0000,0.0000,0.0000,0.0000,-3.1319,-0.2143,0.6685,0.0040,-0.0043,-0.0098
1774945143.4313,0.0000,0.0000,0.0000,0.0000,0.0000,-3.1321,-0.2144,0.5093,0.0050,-0.0033,-0.0130
1774945143.4514,0.0000,0.0000,0.0000,0.0000,0.0000,-3.1322,-0.2143,1.0325,0.0061,-0.0033,-0.0130
1774945143.4713,0.0000,0.0000,0.0000,0.0000,0.0000,-3.1312,-0.2144,-0.8432,0.0061,-0.0043,-0.0119
1774945143.4913,0.0000,0.0000,0.0000,0.0000,0.0000,-3.1309,-0.2146,-0.2061,0.0019,-0.0033,-0.0119
1774945143.5113,0.0000,0.0000,0.0000,0.0000,0.0000,-3.1300,-0.2143,0.7782,0.0040,-0.0043,-0.0119
1774945143.5313,0.0000,0.0000,0.0000,0.0000,0.0000,-3.1302,-0.2145,-0.2531,0.0040,-0.0043,-0.0130
1774945143.5514,0.0000,0.0000,0.0000,0.0000,0.0000,-3.1301,-0.2144,0.7545,0.0019,-0.0033,-0.0130
1774945143.5712,0.0000,0.0000,0.0000,0.0000,0.0000,-3.1304,-0.2143,-0.1275,0.0040,-0.0043,-0.0130
1774945143.5913,0.0000,0.0000,0.0000,0.0000,0.0000,-3.1313,-0.2144,-0.6833,0.0019,-0.0033,-0.0119
1774945143.6113,0.0000,0.0000,0.0000,0.0000,0.0000,-3.1311,-0.2142,0.0939,0.0072,-0.0033,-0.0141
1774945143.6313,0.0000,0.0000,0.0000,0.0000,0.0000,-3.1320,-0.2144,-0.6497,0.0029,-0.0033,-0.0130
1774945143.6513,0.0000,0.0000,0.0000,0.0000,0.0000,-3.1313,-0.2143,1.0340,0.0029,-0.0043,-0.0109
1774945143.6712,0.0000,0.0000,0.0000,0.0000,0.0000,-3.1314,-0.2143,1.0589,0.0040,-0.0033,-0.0119
1774945143.6912,0.0000,0.0000,0.0000,0.0000,0.0000,-3.1311,-0.2144,0.9034,0.0029,-0.0033,-0.0119
1774945143.7112,0.0000,0.0000,0.0000,0.0000,0.0000,-3.1303,-0.2145,-0.8571,0.0050,-0.0043,-0.0141
1774945143.7313,0.0000,0.0000,0.0000,0.0000,0.0000,-3.1308,-0.2146,-1.2804,0.0008,-0.0033,-0.0119
1774945143.7514,0.0000,0.0000,0.0000,0.0000,0.0000,-3.1298,-0.2144,0.7195,0.0050,-0.0033,-0.0119
1774945143.7712,0.0000,0.0000,0.0000,0.0000,0.0000,-3.1305,-0.2146,-0.7028,0.0019,-0.0033,-0.0119
1774945143.7913,0.0000,0.0000,0.0000,0.0000,0.0000,-3.1305,-0.2145,0.9125,0.0029,-0.0022,-0.0119
1774945143.8113,0.0000,0.0000,0.0000,0.0000,0.0000,-3.1307,-0.2143,-0.0425,0.0040,-0.0043,-0.0109
1774945143.8314,0.0000,0.0000,0.0000,0.0000,0.0000,-3.1316,-0.2145,-0.0423,0.0008,-0.0043,-0.0109
1774945143.8513,0.0000,0.0000,0.0000,0.0000,0.0000,-3.1309,-0.2143,0.7546,0.0061,-0.0033,-0.0119
1774945143.8713,0.0000,0.0000,0.0000,0.0000,0.0000,-3.1318,-0.2142,-1.1193,0.0019,-0.0054,-0.0109
1774945143.8912,0.0000,0.0000,0.0000,0.0000,0.0000,-3.1310,-0.2142,0.1793,0.0050,-0.0033,-0.0130
1774945143.9113,0.0000,0.0000,0.0000,0.0000,0.0000,-3.1306,-0.2142,0.1270,0.0040,-0.0033,-0.0119
1774945143.9313,0.0000,0.0000,0.0000,0.0000,0.0000,-3.1307,-0.2145,0.7056,0.0029,-0.0033,-0.0119
1774945143.9513,0.0000,0.0000,0.0000,0.0000,0.0000,-3.1301,-0.2145,-0.6375,0.0040,-0.0043,-0.0109
1774945143.9712,0.0000,0.0000,0.0000,0.0000,0.0000,-3.1309,-0.2145,-0.9426,0.0019,-0.0033,-0.0130
1774945143.9913,0.0000,0.0000,0.0000,0.0000,0.0000,-3.1304,-0.2145,0.7852,0.0040,-0.0033,-0.0109
1774945144.0113,0.0000,0.0000,0.0000,0.0000,0.0000,-3.1310,-0.2145,-0.4145,0.0040,-0.0043,-0.0119
1774945144.0312,0.0000,0.0000,0.0000,0.0000,0.0000,-3.1312,-0.2144,0.7278,0.0040,-0.0022,-0.0109
1774945144.0513,0.0000,0.0000,0.0000,0.0000,0.0000,-3.1312,-0.2142,-0.0827,0.0040,-0.0033,-0.0119
1774945144.0713,0.0000,0.0000,0.0000,0.0000,0.0000,-3.1318,-0.2145,0.4962,0.0029,-0.0022,-0.0109
1774945144.0913,0.0000,0.0000,0.0000,0.0000,0.0000,-3.1311,-0.2144,-0.2536,0.0050,-0.0033,-0.0141
1774945144.1113,0.0000,0.0000,0.0000,0.0000,0.0000,-3.1312,-0.2146,-1.3307,0.0019,-0.0033,-0.0130
1774945144.1313,0.0000,0.0000,0.0000,0.0000,0.0000,-3.1306,-0.2144,0.5932,0.0050,-0.0043,-0.0130
1774945144.1515,0.0000,0.0000,0.0000,0.0000,0.0000,-3.1311,-0.2145,-2.0863,0.0008,-0.0043,-0.0130
1774945144.1713,0.0000,0.0000,0.0000,0.0000,0.0000,-3.1307,-0.2144,0.7406,0.0019,-0.0043,-0.0119
1774945144.1913,0.0000,0.0000,0.0000,0.0000,0.0000,-3.1304,-0.2143,-0.8686,0.0040,-0.0033,-0.0130
1774945144.2137,0.0000,0.0000,0.0000,0.0000,0.0000,-3.1310,-0.2145,-0.6776,0.0050,-0.0043,-0.0130
1774945144.2313,0.0000,0.0000,0.0000,0.0000,0.0000,-3.1305,-0.2142,1.0369,0.0040,-0.0043,-0.0109
1774945144.2513,0.0000,0.0000,0.0000,0.0000,0.0000,-3.1313,-0.2143,-0.1254,0.0029,-0.0043,-0.0109
1774945144.2713,0.0000,0.0000,0.0000,0.0000,0.0000,-3.1309,-0.2143,0.8968,0.0050,-0.0043,-0.0119
1774945144.2913,0.0000,0.0000,0.0000,0.0000,0.0000,-3.1309,-0.2142,0.0829,0.0029,-0.0043,-0.0109
1774945144.3114,0.0000,0.0000,0.0000,0.0000,0.0000,-3.1314,-0.2144,0.6175,0.0019,-0.0033,-0.0109
1774945144.3313,0.0000,0.0000,0.0000,0.0000,0.0000,-3.1306,-0.2144,-0.1704,0.0040,-0.0043,-0.0119
1774945144.3513,0.0000,0.0000,0.0000,0.0000,0.0000,-3.1306,-0.2145,-0.9375,0.0040,-0.0043,-0.0130
1774945144.3715,0.0000,0.0000,0.0000,0.0000,0.0000,-3.1298,-0.2148,0.0000,0.0029,-0.0033,-0.0109
1774945144.3918,0.0000,0.0000,0.0000,0.0000,0.0000,-3.1307,-0.2143,-1.0460,0.0050,-0.0033,-0.0130
1774945144.4113,0.0000,0.0000,0.0000,0.0000,0.0000,-3.1308,-0.2142,0.4295,0.0029,-0.0033,-0.0119
1774945144.4315,0.0000,0.0000,0.0000,0.0000,0.0000,-3.1305,-0.2140,0.0855,0.0061,-0.0054,-0.0119
1774945144.4514,0.0000,0.0000,0.0000,0.0000,0.0000,-3.1314,-0.2142,-1.6513,-0.0003,-0.0033,-0.0098
1774945144.4714,0.0000,0.0000,0.0000,0.0000,0.0000,-3.1311,-0.2142,1.4957,0.0040,-0.0033,-0.0119
1774945144.4912,0.0000,0.0000,0.0000,0.0000,0.0000,-3.1314,-0.2145,-0.1740,0.0040,-0.0043,-0.0109
1774945144.5131,0.0000,0.0000,0.0000,0.0000,0.0000,-3.1315,-0.2146,0.4524,-0.0003,-0.0033,-0.0098
1774945144.5313,0.0000,0.0000,0.0000,0.0000,0.0000,-3.1310,-0.2144,0.1303,0.0040,-0.0033,-0.0130
1774945144.5516,0.0000,0.0000,0.0000,0.0000,0.0000,-3.1311,-0.2142,0.0000,0.0061,-0.0033,-0.0130
1774945144.5716,0.0000,0.0000,0.0000,0.0000,0.0000,-3.1300,-0.2142,0.5382,0.0061,-0.0033,-0.0119
1774945144.5914,0.0000,0.0000,0.0000,0.0000,0.0000,-3.1303,-0.2142,-0.6582,0.0050,-0.0033,-0.0130
1774945144.6112,0.0000,0.0000,0.0000,0.0000,0.0000,-3.1304,-0.2143,0.2764,0.0029,-0.0043,-0.0119
1774945144.6322,0.0000,0.0000,0.0000,0.0000,0.0000,-3.1303,-0.2141,-0.3425,0.0040,-0.0022,-0.0130
1774945144.6513,0.0000,0.0000,0.0000,0.0000,0.0000,-3.1311,-0.2142,0.4588,0.0019,-0.0033,-0.0119
1774945144.6713,0.0000,0.0000,0.0000,0.0000,0.0000,-3.1304,-0.2142,-0.0827,0.0050,-0.0043,-0.0130
1774945144.6913,0.0000,0.0000,0.0000,0.0000,0.0000,-3.1310,-0.2143,-0.7509,0.0029,-0.0033,-0.0109
1774945144.7113,0.0000,0.0000,0.0000,0.0000,0.0000,-3.1308,-0.2141,1.1787,0.0050,-0.0054,-0.0119
1774945144.7314,0.0000,0.0000,0.0000,0.0000,0.0000,-3.1309,-0.2144,-0.5805,0.0029,-0.0033,-0.0119
1774945144.7513,0.0000,0.0000,0.0000,0.0000,0.0000,-3.1306,-0.2144,0.8855,0.0008,-0.0033,-0.0098
1774945144.7712,0.0000,0.0000,0.0000,0.0000,0.0000,-3.1293,-0.2144,-0.6308,0.0040,-0.0033,-0.0130
1774945144.7913,0.0000,0.0000,0.0000,0.0000,0.0000,-3.1293,-0.2145,-0.4360,0.0050,-0.0033,-0.0109
1774945144.8114,0.0000,0.0000,0.0000,0.0000,0.0000,-3.1295,-0.2141,-0.2934,0.0040,-0.0054,-0.0119
1774945144.8313,0.0000,0.0000,0.0000,0.0000,0.0000,-3.1305,-0.2138,-1.2349,0.0040,-0.0022,-0.0119
1774945144.8513,0.0000,0.0000,0.0000,0.0000,0.0000,-3.1301,-0.2139,1.3277,0.0029,-0.0043,-0.0119
1774945144.8715,0.0000,0.0000,0.0000,0.0000,0.0000,-3.1296,-0.2140,-0.3189,0.0040,-0.0043,-0.0109
1774945144.8914,0.0000,0.0000,0.0000,0.0000,0.0000,-3.1306,-0.2144,2.0071,0.0029,-0.0022,-0.0119
1774945144.9113,0.0000,0.0000,0.0000,0.0000,0.0000,-3.1298,-0.2139,1.6004,0.0050,-0.0054,-0.0109
1774945144.9313,0.0000,0.0000,0.0000,0.0000,0.0000,-3.1304,-0.2141,-3.1415,0.0040,-0.0043,-0.0098
1774945144.9513,0.0000,0.0000,0.0000,0.0000,0.0000,-3.1306,-0.2140,0.4280,0.0029,-0.0022,-0.0098
1774945144.9713,0.0000,0.0000,0.0000,0.0000,0.0000,-3.1303,-0.2138,0.6624,0.0029,-0.0033,-0.0119
1774945144.9913,0.0000,0.0000,0.0000,0.0000,0.0000,-3.1306,-0.2142,-1.5035,0.0029,-0.0043,-0.0119
1774945145.0113,0.0000,0.0000,0.0000,0.0000,0.0000,-3.1306,-0.2144,0.0000,0.0050,-0.0033,-0.0109
1774945145.0312,0.0000,0.0000,0.0000,0.0000,0.0000,-3.1314,-0.2144,1.2388,0.0029,-0.0043,-0.0119
1774945145.0513,0.0000,0.0000,0.0000,0.0000,0.0000,-3.1316,-0.2146,-1.4852,0.0040,-0.0065,-0.0119
1774945145.0712,0.0000,0.0000,0.0000,0.0000,0.0000,-3.1318,-0.2149,-1.0088,0.0029,-0.0022,-0.0119
1774945145.0913,0.0000,0.0000,0.0000,0.0000,0.0000,-3.1317,-0.2145,2.1085,0.0040,-0.0022,-0.0119
1774945145.1113,0.0000,0.0000,0.0000,0.0000,0.0000,-3.1323,-0.2148,-3.6176,0.0040,-0.0043,-0.0109
1774945145.1328,0.0000,0.0000,0.0000,0.0000,0.0000,-3.1327,-0.2152,0.2467,0.0008,-0.0012,-0.0130
1774945145.1525,0.0000,0.0000,0.0000,0.0000,0.0000,-3.1323,-0.2153,3.6287,0.0050,-0.0043,-0.0130
1774945145.1715,0.0000,0.0000,0.0000,0.0000,0.0000,-3.1322,-0.2150,0.6922,0.0008,-0.0054,-0.0109
1774945145.1919,0.0000,0.0000,0.0000,0.0000,0.0000,-3.1323,-0.2152,2.8625,0.0019,-0.0043,-0.0119
1774945145.2113,0.0000,0.0000,0.0000,0.0000,0.0000,-3.1320,-0.2148,0.1861,0.0040,-0.0054,-0.0141
1774945145.2315,0.0000,0.0000,0.0000,0.0000,0.0000,-3.1321,-0.2146,-1.0141,0.0019,-0.0033,-0.0098
1774945145.2512,0.0000,0.0000,0.0000,0.0000,0.0000,-3.1307,-0.2143,0.6997,0.0061,-0.0022,-0.0119
1774945145.2712,0.0000,0.0000,0.0000,0.0000,0.0000,-3.1316,-0.2146,-2.4540,0.0029,-0.0054,-0.0130
1774945145.2913,0.0000,0.0000,0.0000,0.0000,0.0000,-3.1305,-0.2149,2.7713,0.0050,-0.0022,-0.0109
1774945145.3113,0.0000,0.0000,0.0000,0.0000,0.0000,-3.1310,-0.2144,3.6591,0.0040,-0.0043,-0.0109
1774945145.3313,0.0000,0.0000,0.0000,0.0000,0.0000,-3.1312,-0.2148,-1.1794,0.0029,-0.0043,-0.0130
1774945145.3514,0.0000,0.0000,0.0000,0.0000,0.0000,-3.1309,-0.2145,0.1323,0.0061,-0.0033,-0.0119
1774945145.3712,0.0000,0.0000,0.0000,0.0000,0.0000,-3.1316,-0.2141,0.1673,-0.0003,-0.0054,-0.0130
1774945145.3913,0.0000,0.0000,0.0000,0.0000,0.0000,-3.1308,-0.2146,-2.6425,0.0050,-0.0054,-0.0109
1774945145.4112,0.0000,0.0000,0.0000,0.0000,0.0000,-3.1313,-0.2144,-0.5942,0.0019,-0.0022,-0.0119
1774945145.4324,0.0000,0.0000,0.0000,0.0000,0.0000,-3.1308,-0.2141,1.2766,0.0029,-0.0043,-0.0130
1774945145.4542,0.0000,0.0000,0.0000,0.0000,0.0000,-3.1312,-0.2141,-0.1176,0.0029,-0.0054,-0.0109
1774945145.4713,0.0000,0.0000,0.0000,0.0000,0.0000,-3.1310,-0.2143,2.1061,0.0040,-0.0022,-0.0109
1774945145.4913,0.0000,0.0000,0.0000,0.0000,0.0000,-3.1304,-0.2140,0.2883,0.0050,-0.0054,-0.0130
1774945145.5112,0.0000,0.0000,0.0000,0.0000,0.0000,-3.1310,-0.2145,-2.3344,0.0019,-0.0043,-0.0109
1774945145.5314,0.0000,0.0000,0.0000,0.0000,0.0000,-3.1306,-0.2143,1.9244,0.0050,-0.0033,-0.0119
1774945145.5513,0.0000,0.0000,0.0000,0.0000,0.0000,-3.1310,-0.2142,0.1681,0.0019,-0.0043,-0.0109
1774945145.5713,0.0000,0.0000,0.0000,0.0000,0.0000,-3.1309,-0.2146,-0.3815,0.0019,-0.0033,-0.0109
1774945145.5913,0.0000,0.0000,0.0000,0.0000,0.0000,-3.1309,-0.2144,0.1709,0.0029,-0.0022,-0.0119
1774945145.6112,0.0000,0.0000,0.0000,0.0000,0.0000,-3.1314,-0.2143,0.0000,0.0029,-0.0043,-0.0130
1774945145.6315,0.0000,0.0000,0.0000,0.0000,0.0000,-3.1308,-0.2143,-1.1603,0.0029,-0.0043,-0.0119
1774945145.6513,0.0000,0.0000,0.0000,0.0000,0.0000,-3.1311,-0.2146,0.4176,0.0040,-0.0033,-0.0141
1774945145.6718,0.0000,0.0000,0.0000,0.0000,0.0000,-3.1306,-0.2143,1.4925,0.0040,-0.0033,-0.0130
1774945145.6913,0.0000,0.0000,0.0000,0.0000,0.0000,-3.1310,-0.2146,0.2884,0.0029,-0.0022,-0.0109
1774945145.7112,0.0000,0.0000,0.0000,0.0000,0.0000,-3.1312,-0.2145,1.5078,0.0040,-0.0022,-0.0130
1774945145.7314,0.0000,0.0000,0.0000,0.0000,0.0000,-3.1308,-0.2143,-0.1672,0.0050,-0.0043,-0.0119
1774945145.7513,0.0000,0.0000,0.0000,0.0000,0.0000,-3.1317,-0.2146,-1.9597,0.0019,-0.0033,-0.0130
1774945145.7713,0.0000,0.0000,0.0000,0.0000,0.0000,-3.1307,-0.2142,1.7869,0.0050,-0.0043,-0.0109
1774945145.7913,0.0000,0.0000,0.0000,0.0000,0.0000,-3.1314,-0.2144,-0.0421,0.0050,-0.0054,-0.0119
1774945145.8114,0.0000,0.0000,0.0000,0.0000,0.0000,-3.1308,-0.2143,1.4951,0.0040,-0.0043,-0.0119
1774945145.8313,0.0000,0.0000,0.0000,0.0000,0.0000,-3.1309,-0.2145,0.4236,0.0040,-0.0022,-0.0130
1774945145.8515,0.0000,0.0000,0.0000,0.0000,0.0000,-3.1310,-0.2147,1.5434,0.0040,-0.0043,-0.0119
1774945145.8713,0.0000,0.0000,0.0000,0.0000,0.0000,-3.1307,-0.2146,-0.4718,0.0061,-0.0033,-0.0130
1774945145.8915,0.0000,0.0000,0.0000,0.0000,0.0000,-3.1313,-0.2145,-0.4966,0.0029,-0.0033,-0.0119
1774945145.9114,0.0000,0.0000,0.0000,0.0000,0.0000,-3.1309,-0.2142,-0.4361,0.0040,-0.0043,-0.0119
1774945145.9313,0.0000,0.0000,0.0000,0.0000,0.0000,-3.1307,-0.2143,-0.7762,0.0040,-0.0033,-0.0119
1774945145.9513,0.0000,0.0000,0.0000,0.0000,0.0000,-3.1312,-0.2145,1.6726,0.0029,-0.0043,-0.0119
1774945145.9715,0.0000,0.0000,0.0000,0.0000,0.0000,-3.1305,-0.2143,-0.2090,0.0050,-0.0043,-0.0119
1774945145.9913,0.0000,0.0000,0.0000,0.0000,0.0000,-3.1314,-0.2146,-1.2516,0.0029,-0.0033,-0.0130
1774945146.0112,0.0000,0.0000,0.0000,0.0000,0.0000,-3.1303,-0.2143,1.4072,0.0019,-0.0033,-0.0119
1774945146.0313,0.0000,0.0000,0.0000,0.0000,0.0000,-3.1303,-0.2142,-0.4189,0.0050,-0.0054,-0.0109
1774945146.0514,0.0000,0.0000,0.0000,0.0000,0.0000,-3.1303,-0.2143,1.3615,0.0040,-0.0054,-0.0130
1774945146.0713,0.0000,0.0000,0.0000,0.0000,0.0000,-3.1303,-0.2142,0.4271,0.0040,-0.0022,-0.0130
1774945146.0913,0.0000,0.0000,0.0000,0.0000,0.0000,-3.1309,-0.2143,0.1783,0.0050,-0.0043,-0.0130
1774945146.1115,0.0000,0.0000,0.0000,0.0000,0.0000,-3.1306,-0.2143,-0.6279,0.0050,-0.0022,-0.0130
1774945146.1312,0.0000,0.0000,0.0000,0.0000,0.0000,-3.1312,-0.2144,-0.6754,0.0029,-0.0033,-0.0130
1774945146.1515,0.0000,0.0000,0.0000,0.0000,0.0000,-3.1308,-0.2142,0.6000,0.0040,-0.0043,-0.0130
1774945146.1713,0.0000,0.0000,0.0000,0.0000,0.0000,-3.1309,-0.2144,-0.5380,0.0040,-0.0033,-0.0130
1774945146.1913,0.0000,0.0000,0.0000,0.0000,0.0000,-3.1311,-0.2142,0.8485,0.0040,-0.0043,-0.0130
1774945146.2113,0.0000,0.0000,0.0000,0.0000,0.0000,-3.1309,-0.2141,-0.5414,0.0050,-0.0043,-0.0141
1774945146.2313,0.0000,0.0000,0.0000,0.0000,0.0000,-3.1310,-0.2144,-1.7606,0.0019,-0.0043,-0.0130
1774945146.2513,0.0000,0.0000,0.0000,0.0000,0.0000,-3.1305,-0.2139,1.2326,0.0050,-0.0033,-0.0141
1774945146.2713,0.0000,0.0000,0.0000,0.0000,0.0000,-3.1307,-0.2139,0.2510,0.0040,-0.0054,-0.0119
1774945146.2912,0.0000,0.0000,0.0000,0.0000,0.0000,-3.1304,-0.2142,0.0000,0.0029,-0.0054,-0.0109
1774945146.3120,0.0000,0.0000,0.0000,0.0000,0.0000,-3.1308,-0.2142,-0.3427,0.0040,-0.0054,-0.0130
1774945146.3313,0.0000,0.0000,0.0000,0.0000,0.0000,-3.1311,-0.2141,0.4566,0.0029,-0.0033,-0.0109
1774945146.3515,0.0000,0.0000,0.0000,0.0000,0.0000,-3.1305,-0.2142,-0.3790,0.0050,-0.0043,-0.0109
1774945146.3713,0.0000,0.0000,0.0000,0.0000,0.0000,-3.1314,-0.2144,-1.5095,0.0029,-0.0043,-0.0130
1774945146.3914,0.0000,0.0000,0.0000,0.0000,0.0000,-3.1310,-0.2142,0.5783,0.0061,-0.0043,-0.0119
1774945146.4113,0.0000,0.0000,0.0000,0.0000,0.0000,-3.1310,-0.2143,-0.1855,0.0040,-0.0043,-0.0130
1774945146.4312,0.0000,0.0000,0.0000,0.0000,0.0000,-3.1309,-0.2145,0.9765,0.0029,-0.0033,-0.0119
1774945146.4559,0.0000,0.0000,0.0000,0.0000,0.0000,-3.1305,-0.2143,-0.2492,0.0050,-0.0033,-0.0109
1774945146.4713,0.0000,0.0000,0.0000,0.0000,0.0000,-3.1312,-0.2145,-1.4328,0.0029,-0.0033,-0.0130
1774945146.4913,0.0000,0.0000,0.0000,0.0000,0.0000,-3.1302,-0.2143,1.2180,0.0061,-0.0043,-0.0130
1774945146.5113,0.0000,0.0000,0.0000,0.0000,0.0000,-3.1308,-0.2143,-0.2637,0.0019,-0.0033,-0.0119
1774945146.5315,0.0000,0.0000,0.0000,0.0000,0.0000,-3.1306,-0.2144,0.1724,0.0019,-0.0043,-0.0098
1774945146.5513,0.0000,0.0000,0.0000,0.0000,0.0000,-3.1308,-0.2144,-0.8558,0.0040,-0.0033,-0.0119
1774945146.5712,0.0000,0.0000,0.0000,0.0000,0.0000,-3.1310,-0.2143,0.5887,0.0029,-0.0043,-0.0130
1774945146.5913,0.0000,0.0000,0.0000,0.0000,0.0000,-3.1301,-0.2143,-0.0855,0.0050,-0.0033,-0.0119
1774945146.6113,0.0000,0.0000,0.0000,0.0000,0.0000,-3.1309,-0.2143,-1.2329,0.0029,-0.0043,-0.0098
1774945146.6314,0.0000,0.0000,0.0000,0.0000,0.0000,-3.1305,-0.2142,1.0095,0.0029,-0.0033,-0.0119
1774945146.6513,0.0000,0.0000,0.0000,0.0000,0.0000,-3.1306,-0.2141,0.0000,0.0040,-0.0033,-0.0119
1774945146.6712,0.0000,0.0000,0.0000,0.0000,0.0000,-3.1308,-0.2143,0.6811,0.0019,-0.0033,-0.0109
1774945146.6916,0.0000,0.0000,0.0000,0.0000,0.0000,-3.1306,-0.2143,0.3286,0.0029,-0.0033,-0.0130
1774945146.7113,0.0000,0.0000,0.0000,0.0000,0.0000,-3.1312,-0.2143,-0.7348,0.0019,-0.0033,-0.0109
1774945146.7313,0.0000,0.0000,0.0000,0.0000,0.0000,-3.1303,-0.2142,1.3731,0.0029,-0.0043,-0.0098
1774945146.7556,0.0000,0.0000,0.0000,0.0000,0.0000,-3.1309,-0.2145,-1.8528,0.0019,-0.0022,-0.0109
1774945146.7712,0.0000,0.0000,0.0000,0.0000,0.0000,-3.1308,-0.2142,0.1763,0.0040,-0.0043,-0.0119
1774945146.7913,0.0000,0.0000,0.0000,0.0000,0.0000,-3.1310,-0.2144,-0.4302,0.0040,-0.0033,-0.0130
1774945146.8113,0.0000,0.0000,0.0000,0.0000,0.0000,-3.1310,-0.2145,0.3836,0.0029,-0.0043,-0.0130
1774945146.8312,0.0000,0.0000,0.0000,0.0000,0.0000,-3.1305,-0.2143,-0.4380,0.0050,-0.0033,-0.0119
1774945146.8521,0.0000,0.0000,0.0000,0.0000,0.0000,-3.1311,-0.2145,-1.7395,0.0029,-0.0043,-0.0130
1774945146.8715,0.0000,0.0000,0.0000,0.0000,0.0000,-3.1307,-0.2144,0.6820,0.0040,-0.0043,-0.0130
1774945146.8917,0.0000,0.0000,0.0000,0.0000,0.0000,-3.1310,-0.2144,0.0829,0.0040,-0.0043,-0.0130
1774945146.9115,0.0000,0.0000,0.0000,0.0000,0.0000,-3.1311,-0.2144,1.0203,0.0019,-0.0033,-0.0130
1774945146.9315,0.0000,0.0000,0.0000,0.0000,0.0000,-3.1307,-0.2144,-0.7131,0.0050,-0.0033,-0.0119
1774945146.9514,0.0000,0.0000,0.0000,0.0000,0.0000,-3.1308,-0.2145,-1.5470,0.0029,-0.0043,-0.0119
1774945146.9713,0.0000,0.0000,0.0000,0.0000,0.0000,-3.1306,-0.2144,1.5269,0.0029,-0.0054,-0.0109
1774945146.9913,0.0000,0.0000,0.0000,0.0000,0.0000,-3.1309,-0.2146,-0.6897,0.0040,-0.0043,-0.0119
1774945147.0112,0.0000,0.0000,0.0000,0.0000,0.0000,-3.1310,-0.2146,1.4431,0.0029,-0.0043,-0.0109
1774945147.0316,0.0000,0.0000,0.0000,0.0000,0.0000,-3.1308,-0.2146,-0.3790,0.0061,-0.0033,-0.0130
1774945147.0522,0.0000,0.0000,0.0000,0.0000,0.0000,-3.1314,-0.2146,-1.2737,0.0040,-0.0043,-0.0119
1774945147.0713,0.0000,0.0000,0.0000,0.0000,0.0000,-3.1306,-0.2145,1.0644,0.0040,-0.0043,-0.0109
1774945147.0912,0.0000,0.0000,0.0000,0.0000,0.0000,-3.1310,-0.2145,-1.5937,0.0029,-0.0054,-0.0119
1774945147.1113,0.0000,0.0000,0.0000,0.0000,0.0000,-3.1304,-0.2145,1.3302,0.0019,-0.0043,-0.0119
1774945147.1314,0.0000,0.0000,0.0000,0.0000,0.0000,-3.1304,-0.2146,-0.1671,0.0050,-0.0022,-0.0119
1774945147.1520,0.0000,0.0000,0.0000,0.0000,0.0000,-3.1307,-0.2144,0.0000,0.0019,-0.0033,-0.0119
1774945147.1713,0.0000,0.0000,0.0000,0.0000,0.0000,-3.1306,-0.2143,0.1295,0.0050,-0.0043,-0.0130
1774945147.1915,0.0000,0.0000,0.0000,0.0000,0.0000,-3.1312,-0.2145,0.0000,0.0061,-0.0033,-0.0130
1774945147.2113,0.0000,0.0000,0.0000,0.0000,0.0000,-3.1307,-0.2144,1.2774,0.0040,-0.0022,-0.0119
1774945147.2313,0.0000,0.0000,0.0000,0.0000,0.0000,-3.1308,-0.2142,-0.4220,0.0061,-0.0043,-0.0119
1774945147.2513,0.0000,0.0000,0.0000,0.0000,0.0000,-3.1313,-0.2142,1.0407,0.0029,-0.0033,-0.0130
1774945147.2713,0.0000,0.0000,0.0000,0.0000,0.0000,-3.1304,-0.2141,-0.4240,0.0072,-0.0033,-0.0130
1774945147.2913,0.0000,0.0000,0.0000,0.0000,0.0000,-3.1312,-0.2142,-1.0598,0.0019,-0.0054,-0.0119
1774945147.3113,0.0000,0.0000,0.0000,0.0000,0.0000,-3.1306,-0.2142,0.8141,0.0029,-0.0043,-0.0119
1774945147.3313,0.0000,0.0000,0.0000,0.0000,0.0000,-3.1308,-0.2143,0.5128,0.0040,-0.0054,-0.0119
1774945147.3513,0.0000,0.0000,0.0000,0.0000,0.0000,-3.1308,-0.2143,0.8741,0.0040,-0.0043,-0.0119
1774945147.3712,0.0000,0.0000,0.0000,0.0000,0.0000,-3.1306,-0.2144,-0.4521,0.0040,-0.0033,-0.0130
1774945147.3913,0.0000,0.0000,0.0000,0.0000,0.0000,-3.1314,-0.2145,-0.9100,0.0008,-0.0033,-0.0119
1774945147.4113,0.0000,0.0000,0.0000,0.0000,0.0000,-3.1307,-0.2144,0.6171,0.0040,-0.0033,-0.0098
1774945147.4313,0.0000,0.0000,0.0000,0.0000,0.0000,-3.1313,-0.2145,-0.8051,0.0019,-0.0054,-0.0119
1774945147.4513,0.0000,0.0000,0.0000,0.0000,0.0000,-3.1310,-0.2143,0.6466,0.0040,-0.0043,-0.0130
1774945147.4712,0.0000,0.0000,0.0000,0.0000,0.0000,-3.1309,-0.2143,0.2177,0.0050,-0.0033,-0.0130
1774945147.4912,0.0000,0.0000,0.0000,0.0000,0.0000,-3.1311,-0.2144,0.4391,0.0019,-0.0054,-0.0119
1774945147.5113,0.0000,0.0000,0.0000,0.0000,0.0000,-3.1305,-0.2144,-0.5934,0.0040,-0.0022,-0.0130
1774945147.5313,0.0000,0.0000,0.0000,0.0000,0.0000,-3.1311,-0.2145,-0.9106,0.0019,-0.0043,-0.0130
1774945147.5523,0.0000,0.0000,0.0000,0.0000,0.0000,-3.1305,-0.2143,0.7505,0.0050,-0.0043,-0.0119
1774945147.5713,0.0000,0.0000,0.0000,0.0000,0.0000,-3.1307,-0.2144,0.1300,0.0040,-0.0033,-0.0119
1774945147.5914,0.0000,0.0000,0.0000,0.0000,0.0000,-3.1308,-0.2140,0.6293,0.0040,-0.0054,-0.0119
1774945147.6117,0.0000,0.0000,0.0000,0.0000,0.0000,-3.1305,-0.2141,-1.1464,0.0050,-0.0054,-0.0130
1774945147.6313,0.0000,0.0000,0.0000,0.0000,0.0000,-3.1310,-0.2143,-0.4270,0.0029,-0.0033,-0.0130
1774945147.6532,0.0000,0.0000,0.0000,0.0000,0.0000,-3.1305,-0.2141,0.4144,0.0040,-0.0043,-0.0119
1774945147.6714,0.0000,0.0000,0.0000,0.0000,0.0000,-3.1310,-0.2142,-1.3969,0.0029,-0.0043,-0.0109
1774945147.6913,0.0000,0.0000,0.0000,0.0000,0.0000,-3.1305,-0.2142,0.6308,0.0050,-0.0033,-0.0130
1774945147.7119,0.0000,0.0000,0.0000,0.0000,0.0000,-3.1307,-0.2141,0.1812,0.0029,-0.0033,-0.0130
1774945147.7315,0.0000,0.0000,0.0000,0.0000,0.0000,-3.1308,-0.2144,0.9098,0.0029,-0.0043,-0.0130
1774945147.7513,0.0000,0.0000,0.0000,0.0000,0.0000,-3.1304,-0.2141,-0.7692,0.0050,-0.0033,-0.0119
1774945147.7721,0.0000,0.0000,0.0000,0.0000,0.0000,-3.1315,-0.2144,-0.9745,0.0019,-0.0033,-0.0119
1774945147.7912,0.0000,0.0000,0.0000,0.0000,0.0000,-3.1306,-0.2141,0.2463,0.0040,-0.0043,-0.0119
1774945147.8113,0.0000,0.0000,0.0000,0.0000,0.0000,-3.1309,-0.2141,0.3400,0.0050,-0.0043,-0.0130
1774945147.8313,0.0000,0.0000,0.0000,0.0000,0.0000,-3.1311,-0.2141,1.0750,0.0029,-0.0043,-0.0130
1774945147.8513,0.0000,0.0000,0.0000,0.0000,0.0000,-3.1305,-0.2142,-0.0835,0.0050,-0.0022,-0.0119
1774945147.8712,0.0000,0.0000,0.0000,0.0000,0.0000,-3.1313,-0.2141,0.2527,0.0029,-0.0054,-0.0119
1774945147.8913,0.0000,0.0000,0.0000,0.0000,0.0000,-3.1305,-0.2142,-0.8499,0.0061,-0.0043,-0.0119
1774945147.9112,0.0000,0.0000,0.0000,0.0000,0.0000,-3.1310,-0.2141,-1.5791,0.0029,-0.0022,-0.0109
1774945147.9314,0.0000,0.0000,0.0000,0.0000,0.0000,-3.1303,-0.2127,-0.7411,0.0040,-0.0097,-0.0109
1774945147.9513,0.0000,0.0000,0.0000,0.0000,0.0000,-3.1317,-0.2147,1.4454,0.0082,-0.0075,-0.0098
1774945147.9714,0.0000,0.0000,0.0000,0.0000,0.0000,-3.1341,-0.2157,2.8156,-0.0003,-0.0022,-0.0119
1774945147.9912,0.0000,0.0000,0.0000,0.0000,0.0000,-3.1312,-0.2153,1.4139,0.0029,0.0010,-0.0109
1774945148.0113,0.0000,0.0000,0.0000,0.0000,0.0000,-3.1295,-0.2140,-0.1766,0.0082,-0.0065,-0.0109
1774945148.0312,0.0000,0.0000,0.0000,0.0000,0.0000,-3.1291,-0.2140,-0.3006,0.0050,-0.0043,-0.0141
1774945148.0513,0.0000,0.0000,0.0000,0.0000,0.0000,-3.1283,-0.2139,2.3340,0.0029,-0.0012,-0.0119
1774945148.0712,0.0000,0.0000,0.0000,0.0000,0.0000,-3.1278,-0.2130,1.6192,0.0050,-0.0043,-0.0119
1774945148.0912,0.0000,0.0000,0.0000,0.0000,0.0000,-3.1284,-0.2133,-2.6353,0.0029,-0.0022,-0.0141
1774945148.1118,0.0000,0.0000,0.0000,0.0000,0.0000,-3.1304,-0.2137,-1.3112,-0.0045,-0.0022,-0.0130
1774945148.1316,0.0000,0.0000,0.0000,0.0000,0.0000,-3.1303,-0.2139,0.3487,0.0061,-0.0022,-0.0119
1774945148.1512,0.0000,0.0000,0.0000,0.0000,0.0000,-3.1317,-0.2143,-2.4140,0.0029,-0.0043,-0.0130
1774945148.1713,0.0000,0.0000,0.0000,0.0000,0.0000,-3.1330,-0.2145,0.5521,0.0008,-0.0043,-0.0119
1774945148.1912,0.0000,0.0000,0.0000,0.0000,0.0000,-3.1332,-0.2147,-1.3758,0.0029,-0.0043,-0.0119
1774945148.2113,0.0000,0.0000,0.0000,0.0000,0.0000,-3.1332,-0.2149,-2.0125,0.0040,-0.0033,-0.0109
1774945148.2313,0.0000,0.0000,0.0000,0.0000,0.0000,-3.1322,-0.2144,0.0907,0.0040,-0.0033,-0.0130
1774945148.2514,0.0000,0.0000,0.0000,0.0000,0.0000,-3.1304,-0.2144,-0.4585,0.0008,-0.0033,-0.0141
1774945148.2713,0.0000,0.0000,0.0000,0.0000,0.0000,-3.1282,-0.2141,1.7134,0.0029,-0.0043,-0.0109
1774945148.2912,0.0000,0.0000,0.0000,0.0000,0.0000,-3.1284,-0.2139,2.0545,0.0019,-0.0043,-0.0141
1774945148.3113,0.0000,0.0000,0.0000,0.0000,0.0000,-3.1287,-0.2137,1.5591,0.0008,-0.0043,-0.0119
1774945148.3321,0.0000,0.0000,0.0000,0.0000,0.0000,-3.1287,-0.2138,-0.8437,0.0040,-0.0033,-0.0130
1774945148.3513,0.0000,0.0000,0.0000,0.0000,0.0000,-3.1307,-0.2140,0.8074,0.0029,-0.0033,-0.0109
1774945148.3712,0.0000,0.0000,0.0000,0.0000,0.0000,-3.1317,-0.2141,0.2979,0.0029,-0.0033,-0.0109
1774945148.3912,0.0000,0.0000,0.0000,0.0000,0.0000,-3.1326,-0.2145,-1.7438,0.0019,-0.0033,-0.0098
1774945148.4113,0.0000,0.0000,0.0000,0.0000,0.0000,-3.1322,-0.2145,1.0823,0.0050,-0.0033,-0.0119
1774945148.4313,0.0000,0.0000,0.0000,0.0000,0.0000,-3.1320,-0.2144,0.0415,0.0040,-0.0033,-0.0119
1774945148.4513,0.0000,0.0000,0.0000,0.0000,0.0000,-3.1307,-0.2135,-0.5530,0.0040,-0.0065,-0.0109
1774945148.4712,0.0000,0.0000,0.0000,0.0000,0.0000,-3.1302,-0.2141,1.0297,0.0114,-0.0075,-0.0119
1774945148.4912,0.0000,0.0000,0.0000,0.0000,0.0000,-3.1317,-0.2147,-0.7999,-0.0003,-0.0043,-0.0098
1774945148.5112,0.0000,0.0000,0.0000,0.0000,0.0000,-3.1300,-0.2143,1.3560,0.0050,-0.0012,-0.0130
1774945148.5317,0.0000,0.0000,0.0000,0.0000,0.0000,-3.1284,-0.2138,0.0000,0.0019,-0.0054,-0.0119
1774945148.5512,0.0000,0.0000,0.0000,0.0000,0.0000,-3.1286,-0.2137,0.9136,0.0008,-0.0054,-0.0130
1774945148.5713,0.0000,0.0000,0.0000,0.0000,0.0000,-3.1289,-0.2134,0.9572,0.0050,-0.0054,-0.0151
1774945148.5912,0.0000,0.0000,0.0000,0.0000,0.0000,-3.1294,-0.2133,0.1661,0.0008,-0.0054,-0.0109
1774945148.6113,0.0000,0.0000,0.0000,0.0000,0.0000,-3.1288,-0.2141,0.3387,0.0050,-0.0043,-0.0119
1774945148.6312,0.0000,0.0000,0.0000,0.0000,0.0000,-3.1305,-0.2149,-1.7062,0.0019,-0.0022,-0.0098
1774945148.6512,0.0000,0.0000,0.0000,0.0000,0.0000,-3.1310,-0.2143,0.5964,0.0029,-0.0022,-0.0119
1774945148.6712,0.0000,0.0000,0.0000,0.0000,0.0000,-3.1317,-0.2143,1.3265,0.0029,-0.0033,-0.0098
1774945148.6912,0.0000,0.0000,0.0000,0.0000,0.0000,-3.1327,-0.2145,0.7233,0.0019,-0.0043,-0.0109
1774945148.7113,0.0000,0.0000,0.0000,0.0000,0.0000,-3.1327,-0.2146,-0.1396,0.0082,-0.0012,-0.0109
1774945148.7313,0.0000,0.0000,0.0000,0.0000,0.0000,-3.1332,-0.2141,-2.0742,0.0061,-0.0043,-0.0151
1774945148.7520,0.0000,0.0000,0.0000,0.0000,0.0000,-3.1318,-0.2142,-0.6567,0.0050,-0.0033,-0.0119
1774945148.7713,0.0000,0.0000,0.0000,0.0000,0.0000,-3.1316,-0.2144,-0.8243,0.0050,-0.0022,-0.0109
1774945148.7913,0.0000,0.0000,0.0000,0.0000,0.0000,-3.1306,-0.2144,0.1717,0.0029,-0.0033,-0.0109
1774945148.8112,0.0000,0.0000,0.0000,0.0000,0.0000,-3.1297,-0.2143,-1.2573,0.0029,-0.0043,-0.0119
1774945148.8312,0.0000,0.0000,0.0000,0.0000,0.0000,-3.1301,-0.2146,-0.8098,-0.0013,-0.0033,-0.0119
1774945148.8513,0.0000,0.0000,0.0000,0.0000,0.0000,-3.1298,-0.2144,0.2119,0.0050,-0.0043,-0.0130
1774945148.8713,0.0000,0.0000,0.0000,0.0000,0.0000,-3.1307,-0.2142,-0.8185,0.0029,-0.0043,-0.0119
1774945148.8913,0.0000,0.0000,0.0000,0.0000,0.0000,-3.1314,-0.2141,1.4809,0.0029,-0.0043,-0.0119
1774945148.9156,0.0000,0.0000,0.0000,0.0000,0.0000,-3.1324,-0.2145,-2.0795,0.0029,-0.0043,-0.0130
1774945148.9313,0.0000,0.0000,0.0000,0.0000,0.0000,-3.1320,-0.2142,1.9510,0.0029,-0.0022,-0.0109
1774945148.9524,0.0000,0.0000,0.0000,0.0000,0.0000,-3.1314,-0.2140,-0.6672,0.0050,-0.0043,-0.0119
1774945148.9713,0.0000,0.0000,0.0000,0.0000,0.0000,-3.1311,-0.2140,-0.8793,0.0019,-0.0033,-0.0130
1774945148.9912,0.0000,0.0000,0.0000,0.0000,0.0000,-3.1295,-0.2140,0.6950,0.0061,-0.0043,-0.0119
1774945149.0115,0.0000,0.0000,0.0000,0.0000,0.0000,-3.1301,-0.2142,-0.4259,0.0040,-0.0054,-0.0130
1774945149.0313,0.0000,0.0000,0.0000,0.0000,0.0000,-3.1294,-0.2141,-0.1720,0.0061,-0.0033,-0.0130
1774945149.0512,0.0000,0.0000,0.0000,0.0000,0.0000,-3.1294,-0.2141,-0.3115,0.0040,-0.0043,-0.0109
1774945149.0712,0.0000,0.0000,0.0000,0.0000,0.0000,-3.1306,-0.2144,-0.2131,0.0019,-0.0043,-0.0087
1774945149.0913,0.0000,0.0000,0.0000,0.0000,0.0000,-3.1306,-0.2141,1.0590,0.0061,-0.0033,-0.0109
1774945149.1113,0.0000,0.0000,0.0000,0.0000,0.0000,-3.1317,-0.2142,-1.6323,0.0040,-0.0043,-0.0119
1774945149.1312,0.0000,0.0000,0.0000,0.0000,0.0000,-3.1313,-0.2140,-0.3929,0.0061,-0.0033,-0.0109
1774945149.1513,0.0000,0.0000,0.0000,0.0000,0.0000,-3.1315,-0.2140,0.5792,0.0050,-0.0033,-0.0119
1774945149.1712,0.0000,0.0000,0.0000,0.0000,0.0000,-3.1316,-0.2141,0.3330,0.0040,-0.0043,-0.0098
1774945149.1913,0.0000,0.0000,0.0000,0.0000,0.0000,-3.1311,-0.2141,-1.0143,0.0072,-0.0033,-0.0098
1774945149.2118,0.0000,0.0000,0.0000,0.0000,0.0000,-3.1314,-0.2142,-1.3678,0.0019,-0.0033,-0.0098
1774945149.2313,0.0000,0.0000,0.0000,0.0000,0.0000,-3.1301,-0.2143,-0.6935,0.0050,-0.0054,-0.0109
1774945149.2513,0.0000,0.0000,0.0000,0.0000,0.0000,-3.1305,-0.2145,-1.5290,0.0029,-0.0043,-0.0119
1774945149.2713,0.0000,0.0000,0.0000,0.0000,0.0000,-3.1307,-0.2143,-0.7627,0.0029,-0.0033,-0.0109
1774945149.2913,0.0000,0.0000,0.0000,0.0000,0.0000,-3.1304,-0.2143,-1.2497,0.0061,-0.0054,-0.0130
1774945149.3113,0.0000,0.0000,0.0000,0.0000,0.0000,-3.1316,-0.2143,-0.9173,0.0029,-0.0033,-0.0119
1774945149.3313,0.0000,0.0000,0.0000,0.0000,0.0000,-3.1316,-0.2141,-0.0421,0.0061,-0.0033,-0.0130
1774945149.3516,0.0000,0.0000,0.0000,0.0000,0.0000,-3.1323,-0.2139,-1.3321,0.0040,-0.0022,-0.0119
1774945149.3713,0.0000,0.0000,0.0000,0.0000,0.0000,-3.1318,-0.2138,1.1764,0.0019,-0.0043,-0.0119
1774945149.3915,0.0000,0.0000,0.0000,0.0000,0.0000,-3.1317,-0.2139,0.3002,0.0040,-0.0033,-0.0130
1774945149.4116,0.0000,0.0000,0.0000,0.0000,0.0000,-3.1312,-0.2139,2.3757,0.0040,-0.0043,-0.0098
1774945149.4314,0.0000,0.0000,0.0000,0.0000,0.0000,-3.1303,-0.2141,-0.6779,0.0029,-0.0022,-0.0119
1774945149.4523,0.0000,0.0000,0.0000,0.0000,0.0000,-3.1306,-0.2142,1.1574,0.0040,-0.0033,-0.0130
1774945149.4712,0.0000,0.0000,0.0000,0.0000,0.0000,-3.1297,-0.2144,1.3265,0.0040,-0.0043,-0.0119
1774945149.4912,0.0000,0.0000,0.0000,0.0000,0.0000,-3.1304,-0.2143,0.4664,0.0029,-0.0043,-0.0141
1774945149.5112,0.0000,0.0000,0.0000,0.0000,0.0000,-3.1305,-0.2142,0.6824,0.0040,-0.0033,-0.0130
1774945149.5313,0.0000,0.0000,0.0000,0.0000,0.0000,-3.1308,-0.2141,0.4240,0.0040,-0.0043,-0.0130
1774945149.5515,0.0000,0.0000,0.0000,0.0000,0.0000,-3.1316,-0.2142,-1.0785,0.0029,-0.0043,-0.0141
1774945149.5713,0.0000,0.0000,0.0000,0.0000,0.0000,-3.1317,-0.2141,0.4179,0.0050,-0.0054,-0.0130
1774945149.5912,0.0000,0.0000,0.0000,0.0000,0.0000,-3.1329,-0.2139,-1.2455,0.0040,-0.0033,-0.0130
1774945149.6133,0.0000,0.0000,0.0000,0.0000,0.0000,-3.1321,-0.2138,1.9712,0.0050,-0.0054,-0.0119
1774945149.6313,0.0000,0.0000,0.0000,0.0000,0.0000,-3.1330,-0.2144,-0.4342,0.0040,-0.0022,-0.0141
1774945149.6513,0.0000,0.0000,0.0000,0.0000,0.0000,-3.1341,-0.2148,-0.0888,0.0008,-0.0033,-0.0119
1774945149.6713,0.0000,0.0000,0.0000,0.0000,0.0000,-3.1349,-0.2151,0.5785,0.0029,-0.0043,-0.0141
1774945149.6912,0.0000,0.0000,0.0000,0.0000,0.0000,-3.1364,-0.2156,-1.9510,0.0019,-0.0033,-0.0141
1774945149.7118,0.0000,0.0000,0.0000,0.0000,0.0000,-3.1358,-0.2153,1.3318,0.0029,-0.0043,-0.0119
1774945149.7313,0.0000,0.0000,0.0000,0.0000,0.0000,-3.1348,-0.2153,-0.3733,0.0040,-0.0043,-0.0151
1774945149.7513,0.0000,0.0000,0.0000,0.0000,0.0000,-3.1334,-0.2148,0.9210,0.0029,-0.0054,-0.0130
1774945149.7713,0.0000,0.0000,0.0000,0.0000,0.0000,-3.1312,-0.2147,-0.1784,0.0040,-0.0033,-0.0109
1774945149.7913,0.0000,0.0000,0.0000,0.0000,0.0000,-3.1309,-0.2144,-0.9699,0.0019,-0.0054,-0.0109
1774945149.8113,0.0000,0.0000,0.0000,0.0000,0.0000,-3.1304,-0.2141,1.2310,0.0050,-0.0043,-0.0119
1774945149.8313,0.0000,0.0000,0.0000,0.0000,0.0000,-3.1296,-0.2142,-1.3592,0.0029,-0.0043,-0.0119
1774945149.8528,0.0000,0.0000,0.0000,0.0000,0.0000,-3.1296,-0.2142,0.8685,0.0040,-0.0033,-0.0119
1774945149.8713,0.0000,0.0000,0.0000,0.0000,0.0000,-3.1301,-0.2138,0.0421,0.0040,-0.0043,-0.0130
1774945149.8913,0.0000,0.0000,0.0000,0.0000,0.0000,-3.1299,-0.2140,-0.2094,0.0029,-0.0033,-0.0119
1774945149.9113,0.0000,0.0000,0.0000,0.0000,0.0000,-3.1290,-0.2140,0.4980,0.0061,-0.0033,-0.0130
1774945149.9312,0.0000,0.0000,0.0000,0.0000,0.0000,-3.1299,-0.2134,-2.2670,-0.0003,-0.0107,-0.0130
1774945149.9513,0.0000,0.0000,0.0000,0.0000,0.0000,-3.1291,-0.2141,0.8804,0.0008,-0.0097,-0.0141
1774945149.9713,0.0000,0.0000,0.0000,0.0000,0.0000,-3.1273,-0.2147,0.5573,0.0040,-0.0054,-0.0141
1774945149.9916,0.0000,0.0000,0.0000,0.0000,0.0000,-3.1280,-0.2147,0.3404,-0.0013,-0.0022,-0.0130
1774945150.0112,0.0000,0.0000,0.0000,0.0000,0.0000,-3.1297,-0.2138,-0.1715,0.0040,-0.0065,-0.0130
1774945150.0313,0.0000,0.0000,0.0000,0.0000,0.0000,-3.1315,-0.2136,-1.2114,0.0040,-0.0054,-0.0109
1774945150.0512,0.0000,0.0000,0.0000,0.0000,0.0000,-3.1330,-0.2133,1.6128,0.0040,-0.0033,-0.0119
1774945150.0712,0.0000,0.0000,0.0000,0.0000,0.0000,-3.1338,-0.2128,0.8336,0.0040,-0.0022,-0.0119
1774945150.0913,0.0000,0.0000,0.0000,0.0000,0.0000,-3.1343,-0.2128,-0.3832,0.0050,-0.0043,-0.0141
1774945150.1113,0.0000,0.0000,0.0000,0.0000,0.0000,-3.1339,-0.2132,-2.5877,0.0061,-0.0033,-0.0119
1774945150.1317,0.0000,0.0000,0.0000,0.0000,0.0000,-3.1334,-0.2136,-1.1995,0.0029,-0.0033,-0.0119
1774945150.1513,0.0000,0.0000,0.0000,0.0000,0.0000,-3.1320,-0.2138,-0.4114,0.0061,-0.0043,-0.0119
1774945150.1712,0.0000,0.0000,0.0000,0.0000,0.0000,-3.1314,-0.2143,-2.0055,0.0029,-0.0043,-0.0119
1774945150.1915,0.0000,0.0000,0.0000,0.0000,0.0000,-3.1310,-0.2147,-0.3023,0.0029,-0.0043,-0.0119
1774945150.2113,0.0000,0.0000,0.0000,0.0000,0.0000,-3.1306,-0.2147,-0.2854,0.0050,-0.0043,-0.0130
1774945150.2318,0.0000,0.0000,0.0000,0.0000,0.0000,-3.1303,-0.2145,-0.2210,0.0029,-0.0033,-0.0119
1774945150.2515,0.0000,0.0000,0.0000,0.0000,0.0000,-3.1313,-0.2141,-1.4042,0.0029,-0.0043,-0.0109
1774945150.2713,0.0000,0.0000,0.0000,0.0000,0.0000,-3.1333,-0.2139,-0.8992,0.0019,-0.0043,-0.0119
1774945150.2913,0.0000,0.0000,0.0000,0.0000,0.0000,-3.1332,-0.2134,1.1554,0.0061,-0.0043,-0.0130
1774945150.3112,0.0000,0.0000,0.0000,0.0000,0.0000,-3.1332,-0.2135,0.4235,0.0061,-0.0033,-0.0109
1774945150.3313,0.0000,0.0000,0.0000,0.0000,0.0000,-3.1323,-0.2133,0.8971,0.0040,-0.0033,-0.0109
1774945150.3515,0.0000,0.0000,0.0000,0.0000,0.0000,-3.1309,-0.2134,-0.2218,0.0072,-0.0033,-0.0130
1774945150.3713,0.0000,0.0000,0.0000,0.0000,0.0000,-3.1298,-0.2137,-0.0896,0.0019,-0.0022,-0.0109
1774945150.3913,0.0000,0.0000,0.0000,0.0000,0.0000,-3.1285,-0.2139,1.0604,0.0040,-0.0033,-0.0130
1774945150.4113,0.0000,0.0000,0.0000,0.0000,0.0000,-3.1289,-0.2143,-0.9325,0.0029,-0.0043,-0.0119
1774945150.4312,0.0000,0.0000,0.0000,0.0000,0.0000,-3.1291,-0.2142,0.6592,0.0061,-0.0043,-0.0141
1774945150.4513,0.0000,0.0000,0.0000,0.0000,0.0000,-3.1304,-0.2138,-0.3037,0.0029,-0.0033,-0.0119
1774945150.4721,0.0000,0.0000,0.0000,0.0000,0.0000,-3.1319,-0.2139,0.2128,0.0029,-0.0033,-0.0119
1774945150.4912,0.0000,0.0000,0.0000,0.0000,0.0000,-3.1319,-0.2136,-0.2874,0.0061,-0.0033,-0.0130
1774945150.5113,0.0000,0.0000,0.0000,0.0000,0.0000,-3.1331,-0.2135,-1.9686,0.0019,-0.0033,-0.0130
1774945150.5313,0.0000,0.0000,0.0000,0.0000,0.0000,-3.1320,-0.2134,0.9545,0.0050,-0.0043,-0.0119
1774945150.5530,0.0000,0.0000,0.0000,0.0000,0.0000,-3.1314,-0.2135,0.6593,0.0029,-0.0033,-0.0119
1774945150.5713,0.0000,0.0000,0.0000,0.0000,0.0000,-3.1306,-0.2138,0.7954,0.0040,-0.0033,-0.0119
1774945150.5914,0.0000,0.0000,0.0000,0.0000,0.0000,-3.1294,-0.2139,-0.4701,0.0061,-0.0022,-0.0130
1774945150.6113,0.0000,0.0000,0.0000,0.0000,0.0000,-3.1298,-0.2142,0.5588,0.0029,-0.0022,-0.0130
1774945150.6314,0.0000,0.0000,0.0000,0.0000,0.0000,-3.1292,-0.2142,0.7052,0.0040,-0.0043,-0.0109
1774945150.6517,0.0000,0.0000,0.0000,0.0000,0.0000,-3.1297,-0.2141,-0.4510,-0.0013,-0.0033,-0.0119
1774945150.6712,0.0000,0.0000,0.0000,0.0000,0.0000,-3.1309,-0.2142,0.3907,0.0029,-0.0033,-0.0119
1774945150.6912,0.0000,0.0000,0.0000,0.0000,0.0000,-3.1317,-0.2140,-1.1714,0.0050,-0.0033,-0.0130
1774945150.7113,0.0000,0.0000,0.0000,0.0000,0.0000,-3.1326,-0.2139,-1.2681,0.0019,-0.0033,-0.0119
1774945150.7313,0.0000,0.0000,0.0000,0.0000,0.0000,-3.1326,-0.2137,-0.2891,0.0061,-0.0012,-0.0109
1774945150.7513,0.0000,0.0000,0.0000,0.0000,0.0000,-3.1330,-0.2138,-2.4660,0.0040,-0.0033,-0.0109
1774945150.7713,0.0000,0.0000,0.0000,0.0000,0.0000,-3.1328,-0.2138,-0.4485,0.0050,-0.0033,-0.0130
1774945150.7912,0.0000,0.0000,0.0000,0.0000,0.0000,-3.1323,-0.2139,-0.6287,0.0040,-0.0033,-0.0130
1774945150.8113,0.0000,0.0000,0.0000,0.0000,0.0000,-3.1319,-0.2140,-0.8650,0.0029,-0.0054,-0.0109
1774945150.8324,0.0000,0.0000,0.0000,0.0000,0.0000,-3.1309,-0.2142,-1.4643,0.0019,-0.0033,-0.0130
1774945150.8513,0.0000,0.0000,0.0000,0.0000,0.0000,-3.1310,-0.2142,-0.1661,0.0019,-0.0043,-0.0130
1774945150.8713,0.0000,0.0000,0.0000,0.0000,0.0000,-3.1305,-0.2141,0.1716,0.0040,-0.0043,-0.0109
1774945150.8914,0.0000,0.0000,0.0000,0.0000,0.0000,-3.1315,-0.2143,-0.7927,-0.0003,-0.0022,-0.0119
1774945150.9113,0.0000,0.0000,0.0000,0.0000,0.0000,-3.1316,-0.2139,1.5996,0.0019,-0.0054,-0.0109
1774945150.9314,0.0000,0.0000,0.0000,0.0000,0.0000,-3.1320,-0.2137,0.4468,0.0040,-0.0033,-0.0141
1774945150.9513,0.0000,0.0000,0.0000,0.0000,0.0000,-3.1321,-0.2138,0.3391,0.0029,-0.0043,-0.0119
1774945150.9713,0.0000,0.0000,0.0000,0.0000,0.0000,-3.1314,-0.2138,-0.6226,0.0040,-0.0033,-0.0130
1774945150.9914,0.0000,0.0000,0.0000,0.0000,0.0000,-3.1313,-0.2141,-1.2408,0.0029,-0.0043,-0.0109
1774945151.0113,0.0000,0.0000,0.0000,0.0000,0.0000,-3.1301,-0.2140,0.9907,0.0061,-0.0033,-0.0119
1774945151.0313,0.0000,0.0000,0.0000,0.0000,0.0000,-3.1306,-0.2140,-0.8757,0.0040,-0.0043,-0.0130
1774945151.0513,0.0000,0.0000,0.0000,0.0000,0.0000,-3.1303,-0.2141,0.3846,0.0050,-0.0043,-0.0130
1774945151.0712,0.0000,0.0000,0.0000,0.0000,0.0000,-3.1303,-0.2140,-0.3342,0.0029,-0.0033,-0.0130
1774945151.0912,0.0000,0.0000,0.0000,0.0000,0.0000,-3.1312,-0.2141,-0.5563,0.0019,-0.0033,-0.0109
1774945151.1113,0.0000,0.0000,0.0000,0.0000,0.0000,-3.1308,-0.2138,0.3678,0.0072,-0.0033,-0.0130
1774945151.1313,0.0000,0.0000,0.0000,0.0000,0.0000,-3.1317,-0.2140,-0.6683,0.0040,-0.0043,-0.0130
1774945151.1599,0.0000,0.0000,0.0000,0.0000,0.0000,-3.1316,-0.2138,1.1030,0.0040,-0.0043,-0.0109
1774945151.1712,0.0000,0.0000,0.0000,0.0000,0.0000,-3.1317,-0.2137,0.2119,0.0040,-0.0033,-0.0119
1774945151.1912,0.0000,0.0000,0.0000,0.0000,0.0000,-3.1313,-0.2155,-0.7093,0.0008,-0.0022,-0.0141
1774945151.2113,0.0000,0.0000,0.0000,0.0000,0.0000,-3.1307,-0.2179,7.1798,0.0082,0.0031,-0.0119
1774945151.2313,0.0000,0.0000,0.0000,0.0000,0.0000,-3.1310,-0.2190,1.4761,-0.0003,-0.0097,-0.0151
1774945151.2513,0.0000,0.0000,0.0000,0.0000,0.0000,-3.1308,-0.2213,-1.7865,0.0114,0.0031,-0.0045
1774945151.2713,0.0000,0.0000,0.0000,0.0000,0.0000,-3.1309,-0.2233,-10.2044,0.0093,0.0010,0.0115
1774945151.2912,0.0000,0.0000,0.0000,0.0000,0.0000,-3.1294,-0.2254,-8.4642,0.0136,-0.0075,-0.0013
1774945151.3113,0.0000,0.0000,0.0000,0.0000,0.0000,-3.1278,-0.2280,7.9053,0.0072,-0.0043,-0.0141
1774945151.3313,0.0000,0.0000,0.0000,0.0000,0.0000,-3.1274,-0.2274,1.7506,0.0114,-0.0118,-0.0194
1774945151.3512,0.0000,0.0000,0.0000,0.0000,0.0000,-3.1275,-0.2252,8.6175,0.0061,-0.0597,-0.0130
1774945151.3713,0.0000,0.0000,0.0000,0.0000,0.0000,-3.1279,-0.2216,-10.3318,-0.0088,-0.0960,-0.0173
1774945151.3913,0.0000,0.0000,0.0000,0.0000,0.0000,-3.1286,-0.2192,-3.6590,-0.0013,-0.0917,-0.0130
1774945151.4114,0.0000,0.0000,0.0000,0.0000,0.0000,-3.1288,-0.2179,-7.4274,0.0093,-0.0789,-0.0055
1774945151.4313,0.0000,0.0000,0.0000,0.0000,0.0000,-3.1290,-0.2196,-2.7624,-0.0024,-0.0512,-0.0098
1774945151.4513,0.0000,0.0000,0.0000,0.0000,0.0000,-3.1294,-0.2196,10.9462,0.0008,-0.0565,-0.0109
1774945151.4713,0.0000,0.0000,0.0000,0.0000,0.0000,-3.1306,-0.2178,-5.6690,0.0146,-0.0438,-0.0077
1774945151.4913,0.0000,0.0000,0.0000,0.0000,0.0000,-3.1308,-0.2160,4.7201,0.0221,-0.0278,-0.0130
1774945151.5113,0.0000,0.0000,0.0000,0.0000,0.0000,-3.1315,-0.2157,4.9449,0.0136,-0.0118,-0.0151
1774945151.5312,0.0000,0.0000,0.0000,0.0000,0.0000,-3.1307,-0.2143,-3.7506,0.0050,-0.0033,-0.0130
1774945151.5513,0.0000,0.0000,0.0000,0.0000,0.0000,-3.1318,-0.2150,6.5364,0.0200,0.0063,-0.0002
1774945151.5713,0.0000,0.0000,0.0000,0.0000,0.0000,-3.1308,-0.2157,5.1478,0.0232,-0.0246,0.0030
1774945151.5913,0.0000,0.0000,0.0000,0.0000,0.0000,-3.1296,-0.2174,-2.0612,0.0210,-0.0054,0.0040
1774945151.6113,0.0000,0.0000,0.0000,0.0000,0.0000,-3.1291,-0.2211,1.2942,0.0168,0.0202,-0.0013
1774945151.6312,0.0000,0.0000,0.0000,0.0000,0.0000,-3.1284,-0.2235,10.4347,0.0029,0.0148,-0.0066
1774945151.6513,0.0000,0.0000,0.0000,0.0000,0.0000,-3.1259,-0.2245,-2.0284,-0.0088,-0.0065,-0.0258
1774945151.6712,0.0000,0.0000,0.0000,0.0000,0.0000,-3.1245,-0.2243,11.1636,-0.0067,-0.0065,-0.0269
1774945151.6913,0.0000,0.0000,0.0000,0.0000,0.0000,-3.1261,-0.2256,1.9959,-0.0003,0.0095,-0.0130
1774945151.7115,0.0000,0.0000,0.0000,0.0000,0.0000,-3.1273,-0.2265,-2.1600,-0.0024,0.0031,-0.0098
1774945151.7314,0.0000,0.0000,0.0000,0.0000,0.0000,-3.1281,-0.2258,-5.8120,0.0082,-0.0193,-0.0077
1774945151.7512,0.0000,0.0000,0.0000,0.0000,0.0000,-3.1305,-0.2238,-15.9169,-0.0024,-0.0299,-0.0066
1774945151.7713,0.0000,0.0000,0.0000,0.0000,0.0000,-3.1298,-0.2238,-13.4888,-0.0003,-0.0267,-0.0205
1774945151.7913,0.0000,0.0000,0.0000,0.0000,0.0000,-3.1298,-0.2242,-5.6214,-0.0013,-0.0246,-0.0162
1774945151.8127,0.0000,0.0000,0.0000,0.0000,0.0000,-3.1300,-0.2242,-2.0090,-0.0003,-0.0203,-0.0141
1774945151.8313,0.0000,0.0000,0.0000,0.0000,0.0000,-3.1302,-0.2238,0.9887,0.0253,-0.0331,-0.0087
1774945151.8514,0.0000,0.0000,0.0000,0.0000,0.0000,-3.1305,-0.2233,2.4446,0.0082,-0.0384,-0.0002
1774945151.8716,0.0000,0.0000,0.0000,0.0000,0.0000,-3.1282,-0.2231,-11.6176,0.0253,-0.0288,-0.0119
1774945151.8913,0.0000,0.0000,0.0000,0.0000,0.0000,-3.1289,-0.2261,18.5519,0.0242,-0.0118,-0.0002
1774945151.9112,0.0000,0.0000,0.0000,0.0000,0.0000,-3.1273,-0.2275,-21.3558,0.0114,-0.0342,0.0008
1774945151.9313,0.0000,0.0000,0.0000,0.0000,0.0000,-3.1263,-0.2305,-11.5036,0.0168,-0.0097,-0.0002
1774945151.9513,0.0000,0.0000,0.0000,0.0000,0.0000,-3.1261,-0.2318,-8.1817,0.0189,-0.0331,0.0030
1774945151.9713,0.0000,0.0000,0.0000,0.0000,0.0000,-3.1259,-0.2315,4.3267,0.0146,-0.0587,0.0019
1774945151.9913,0.0000,0.0000,0.0000,0.0000,0.0000,-3.1233,-0.2322,-7.2496,0.0125,-0.0597,-0.0119
1774945152.0113,0.0000,0.0000,0.0000,0.0000,0.0000,-3.1240,-0.2320,-14.3950,0.0189,-0.0470,-0.0109
1774945152.0312,0.0000,0.0000,0.0000,0.0000,0.0000,-3.1228,-0.2306,-7.1230,0.0168,-0.0864,-0.0226
1774945152.0523,0.0000,0.0000,0.0000,0.0000,0.0000,-3.1214,-0.2288,-0.5703,0.0061,-0.0960,-0.0290
1774945152.0713,0.0000,0.0000,0.0000,0.0000,0.0000,-3.1223,-0.2270,20.8541,0.0125,-0.0810,-0.0119
1774945152.0914,0.0000,0.0000,0.0000,0.0000,0.0000,-3.1231,-0.2244,-24.0089,0.0061,-0.0981,-0.0141
1774945152.1113,0.0000,0.0000,0.0000,0.0000,0.0000,-3.1229,-0.2248,0.2187,-0.0077,-0.0640,0.0008
1774945152.1312,0.0000,0.0000,0.0000,0.0000,0.0000,-3.1230,-0.2252,-10.4431,0.0050,-0.0597,-0.0109
1774945152.1517,0.0000,0.0000,0.0000,0.0000,0.0000,-3.1235,-0.2244,-16.3120,-0.0131,-0.0384,-0.0055
1774945152.1712,0.0000,0.0000,0.0000,0.0000,0.0000,-3.1207,-0.2221,-3.8202,-0.0013,-0.0363,-0.0173
1774945152.1912,0.0000,0.0000,0.0000,0.0000,0.0000,-3.1173,-0.2222,8.9505,-0.0035,-0.0129,-0.0141
1774945152.2113,0.0000,0.0000,0.0000,0.0000,0.0000,-3.1194,-0.2219,6.2549,-0.0045,0.0074,-0.0173
1774945152.2313,0.0000,0.0000,0.0000,0.0000,0.0000,-3.1232,-0.2206,-3.4179,-0.0067,0.0127,-0.0098
1774945152.2514,0.0000,0.0000,0.0000,0.0000,0.0000,-3.1259,-0.2198,8.5607,-0.0045,0.0020,-0.0109
1774945152.2715,0.0000,0.0000,0.0000,0.0000,0.0000,-3.1268,-0.2169,-3.0062,-0.0013,-0.0129,-0.0055
1774945152.2913,0.0000,0.0000,0.0000,0.0000,0.0000,-3.1265,-0.2138,-2.9295,0.0029,0.0010,-0.0087
1774945152.3112,0.0000,0.0000,0.0000,0.0000,0.0000,-3.1269,-0.2124,2.3617,0.0029,-0.0065,-0.0098
1774945152.3313,0.0000,0.0000,0.0000,0.0000,0.0000,-3.1273,-0.2125,-1.8467,0.0136,0.0074,-0.0151
1774945152.3513,0.0000,0.0000,0.0000,0.0000,0.0000,-3.1268,-0.2134,-4.0290,0.0104,0.0244,-0.0162
1774945152.3714,0.0000,0.0000,0.0000,0.0000,0.0000,-3.1279,-0.2128,16.7962,-0.0003,0.0489,-0.0098
1774945152.3913,0.0000,0.0000,0.0000,0.0000,0.0000,-3.1285,-0.2128,-1.4794,0.0008,0.0297,-0.0130
1774945152.4112,0.0000,0.0000,0.0000,0.0000,0.0000,-3.1281,-0.2134,-6.3240,0.0178,0.0319,0.0051
1774945152.4313,0.0000,0.0000,0.0000,0.0000,0.0000,-3.1273,-0.2138,-6.3272,0.0423,0.0329,0.0040
1774945152.4512,0.0000,0.0000,0.0000,0.0000,0.0000,-3.1292,-0.2153,7.6872,0.0413,0.0361,-0.0013
1774945152.4712,0.0000,0.0000,0.0000,0.0000,0.0000,-3.1273,-0.2161,0.8804,0.0434,0.0180,-0.0034
1774945152.4913,0.0000,0.0000,0.0000,0.0000,0.0000,-3.1255,-0.2146,-3.1466,0.0391,0.0148,-0.0077
1774945152.5114,0.0000,0.0000,0.0000,0.0000,0.0000,-3.1245,-0.2143,-17.6968,0.0370,0.0138,-0.0098
1774945152.5313,0.0000,0.0000,0.0000,0.0000,0.0000,-3.1245,-0.2150,8.8671,0.0189,0.0106,-0.0034
1774945152.5512,0.0000,0.0000,0.0000,0.0000,0.0000,-3.1230,-0.2156,-6.5099,0.0306,0.0148,-0.0013
1774945152.5712,0.0000,0.0000,0.0000,0.0000,0.0000,-3.1220,-0.2159,22.4433,0.0232,0.0276,0.0083
1774945152.5912,0.0000,0.0000,0.0000,0.0000,0.0000,-3.1208,-0.2181,3.6409,0.0168,0.0148,-0.0002
1774945152.6117,0.0000,0.0000,0.0000,0.0000,0.0000,-3.1188,-0.2182,-9.3212,-0.0088,-0.0139,-0.0130
1774945152.6313,0.0000,0.0000,0.0000,0.0000,0.0000,-3.1170,-0.2192,5.5587,-0.0099,0.0084,-0.0194
1774945152.6513,0.0000,0.0000,0.0000,0.0000,0.0000,-3.1163,-0.2206,-0.4953,-0.0077,0.0084,-0.0237
1774945152.6712,0.0000,0.0000,0.0000,0.0000,0.0000,-3.1160,-0.2218,0.3935,-0.0077,0.0255,-0.0226
1774945152.6912,0.0000,0.0000,0.0000,0.0000,0.0000,-3.1175,-0.2213,7.9917,-0.0141,0.0127,-0.0141
1774945152.7113,0.0000,0.0000,0.0000,0.0000,0.0000,-3.1201,-0.2218,3.8913,-0.0131,-0.0203,-0.0130
1774945152.7312,0.0000,0.0000,0.0000,0.0000,0.0000,-3.1204,-0.2232,0.6785,-0.0035,-0.0043,-0.0109
1774945152.7513,0.0000,0.0000,0.0000,0.0000,0.0000,-3.1219,-0.2226,12.9402,-0.0067,-0.0043,-0.0045
1774945152.7713,0.0000,0.0000,0.0000,0.0000,0.0000,-3.1224,-0.2212,-5.1440,-0.0173,-0.0107,-0.0098
1774945152.7913,0.0000,0.0000,0.0000,0.0000,0.0000,-3.1201,-0.2200,-7.1064,-0.0109,-0.0033,-0.0290
1774945152.8114,0.0000,0.0000,0.0000,0.0000,0.0000,-3.1206,-0.2192,-12.7462,0.0104,-0.0065,-0.0215
1774945152.8314,0.0000,0.0000,0.0000,0.0000,0.0000,-3.1205,-0.2184,9.5741,-0.0056,0.0159,-0.0205
1774945152.8515,0.0000,0.0000,0.0000,0.0000,0.0000,-3.1220,-0.2181,7.7963,-0.0045,0.0084,-0.0098
1774945152.8713,0.0000,0.0000,0.0000,0.0000,0.0000,-3.1228,-0.2174,-11.4449,0.0061,-0.0022,-0.0077
1774945152.8917,0.0000,0.0000,0.0000,0.0000,0.0000,-3.1225,-0.2147,-7.8065,-0.0099,-0.0214,-0.0130
1774945152.9113,0.0000,0.0000,0.0000,0.0000,0.0000,-3.1217,-0.2150,-12.2983,-0.0141,-0.0075,-0.0226
1774945152.9312,0.0000,0.0000,0.0000,0.0000,0.0000,-3.1234,-0.2138,2.4642,-0.0024,0.0095,-0.0045
1774945152.9513,0.0000,0.0000,0.0000,0.0000,0.0000,-3.1253,-0.2139,3.8127,0.0157,0.0351,-0.0109
1774945152.9714,0.0000,0.0000,0.0000,0.0000,0.0000,-3.1256,-0.2115,0.3509,0.0082,0.0191,-0.0087
1774945152.9915,0.0000,0.0000,0.0000,0.0000,0.0000,-3.1266,-0.2112,-10.8652,0.0072,0.0095,-0.0077
1774945153.0112,0.0000,0.0000,0.0000,0.0000,0.0000,-3.1246,-0.2090,-11.6705,0.0136,-0.0097,-0.0162
1774945153.0313,0.0000,0.0000,0.0000,0.0000,0.0000,-3.1247,-0.2086,9.1605,0.0061,0.0074,-0.0098
1774945153.0513,0.0000,0.0000,0.0000,0.0000,0.0000,-3.1260,-0.2104,-2.7562,-0.0003,0.0393,-0.0109
1774945153.0713,0.0000,0.0000,0.0000,0.0000,0.0000,-3.1250,-0.2115,11.9195,0.0157,0.0734,-0.0183
1774945153.0913,0.0000,0.0000,0.0000,0.0000,0.0000,-3.1243,-0.2112,1.4180,0.0253,0.0393,-0.0119
1774945153.1115,0.0000,0.0000,0.0000,0.0000,0.0000,-3.1266,-0.2115,-6.7477,0.0264,0.0180,-0.0034
1774945153.1313,0.0000,0.0000,0.0000,0.0000,0.0000,-3.1265,-0.2104,-6.1943,0.0210,0.0244,-0.0055
1774945153.1513,0.0000,0.0000,0.0000,0.0000,0.0000,-3.1269,-0.2110,1.0568,0.0285,0.0351,-0.0024
1774945153.1713,0.0000,0.0000,0.0000,0.0000,0.0000,-3.1271,-0.2113,-12.0261,0.0359,0.0319,-0.0013
1774945153.1912,0.0000,0.0000,0.0000,0.0000,0.0000,-3.1239,-0.2100,-1.8962,0.0178,0.0393,-0.0055
1774945153.2113,0.0000,0.0000,0.0000,0.0000,0.0000,-3.1212,-0.2084,12.8268,0.0146,-0.0001,-0.0098
1774945153.2313,0.0000,0.0000,0.0000,0.0000,0.0000,-3.1218,-0.2096,-7.1684,0.0093,0.0223,-0.0109
1774945153.2513,0.0000,0.0000,0.0000,0.0000,0.0000,-3.1206,-0.2078,5.0413,0.0104,0.0319,-0.0119
1774945153.2716,0.0000,0.0000,0.0000,0.0000,0.0000,-3.1209,-0.2073,-2.2250,0.0157,0.0170,-0.0151
1774945153.2920,0.0000,0.0000,0.0000,0.0000,0.0000,-3.1221,-0.2073,-0.0840,0.0114,-0.0022,-0.0066
1774945153.3113,0.0000,0.0000,0.0000,0.0000,0.0000,-3.1212,-0.2064,-0.0878,-0.0077,-0.0012,-0.0130
1774945153.3315,0.0000,0.0000,0.0000,0.0000,0.0000,-3.1198,-0.2067,10.9616,-0.0152,-0.0075,-0.0130
1774945153.3513,0.0000,0.0000,0.0000,0.0000,0.0000,-3.1195,-0.2080,-3.6102,-0.0195,0.0361,-0.0077
1774945153.3712,0.0000,0.0000,0.0000,0.0000,0.0000,-3.1189,-0.2089,-0.8631,-0.0013,0.0425,-0.0205
1774945153.3914,0.0000,0.0000,0.0000,0.0000,0.0000,-3.1215,-0.2088,14.7265,-0.0312,-0.0033,-0.0173
1774945153.4114,0.0000,0.0000,0.0000,0.0000,0.0000,-3.1211,-0.2097,-20.8937,-0.0216,-0.0022,-0.0173
1774945153.4313,0.0000,0.0000,0.0000,0.0000,0.0000,-3.1186,-0.2109,8.9445,0.0019,0.0372,-0.0237
1774945153.4513,0.0000,0.0000,0.0000,0.0000,0.0000,-3.1211,-0.2106,13.8482,-0.0099,0.0202,-0.0141
1774945153.4712,0.0000,0.0000,0.0000,0.0000,0.0000,-3.1245,-0.2102,-18.6159,-0.0397,-0.0065,-0.0183
1774945153.4912,0.0000,0.0000,0.0000,0.0000,0.0000,-3.1236,-0.2095,4.5224,-0.0450,-0.0033,-0.0173
1774945153.5112,0.0000,0.0000,0.0000,0.0000,0.0000,-3.1219,-0.2092,25.7960,0.0019,-0.0043,-0.0045
1774945153.5313,0.0000,0.0000,0.0000,0.0000,0.0000,-3.1237,-0.2099,-2.8298,-0.0013,-0.0033,-0.0024
1774945153.5512,0.0000,0.0000,0.0000,0.0000,0.0000,-3.1246,-0.2104,4.8418,-0.0227,0.0202,-0.0247
1774945153.5713,0.0000,0.0000,0.0000,0.0000,0.0000,-3.1251,-0.2095,3.4678,-0.0163,0.0244,-0.0173
1774945153.5912,0.0000,0.0000,0.0000,0.0000,0.0000,-3.1245,-0.2088,-12.5698,0.0274,-0.0182,-0.0109
1774945153.6121,0.0000,0.0000,0.0000,0.0000,0.0000,-3.1264,-0.2068,-4.6872,0.0082,-0.0310,-0.0183
1774945153.6313,0.0000,0.0000,0.0000,0.0000,0.0000,-3.1280,-0.2067,12.5412,-0.0173,-0.0086,-0.0098
1774945153.6517,0.0000,0.0000,0.0000,0.0000,0.0000,-3.1252,-0.2078,-12.9331,0.0008,-0.0022,0.0019
1774945153.6712,0.0000,0.0000,0.0000,0.0000,0.0000,-3.1239,-0.2081,-18.7138,0.0114,-0.0022,-0.0119
1774945153.6912,0.0000,0.0000,0.0000,0.0000,0.0000,-3.1255,-0.2075,19.1487,-0.0088,-0.0161,-0.0205
1774945153.7112,0.0000,0.0000,0.0000,0.0000,0.0000,-3.1268,-0.2083,11.9195,-0.0205,-0.0363,-0.0119
1774945153.7312,0.0000,0.0000,0.0000,0.0000,0.0000,-3.1245,-0.2078,-12.6272,0.0146,0.0020,-0.0173
1774945153.7515,0.0000,0.0000,0.0000,0.0000,0.0000,-3.1248,-0.2093,23.7031,0.0317,0.0063,-0.0055
1774945153.7713,0.0000,0.0000,0.0000,0.0000,0.0000,-3.1269,-0.2092,-14.3182,-0.0088,-0.0033,-0.0066
1774945153.7914,0.0000,0.0000,0.0000,0.0000,0.0000,-3.1261,-0.2083,-6.0652,-0.0120,0.0116,-0.0109
1774945153.8113,0.0000,0.0000,0.0000,0.0000,0.0000,-3.1242,-0.2088,24.3524,0.0093,0.0127,-0.0013
1774945153.8320,0.0000,0.0000,0.0000,0.0000,0.0000,-3.1246,-0.2090,-16.9962,0.0072,0.0052,-0.0098
1774945153.8519,0.0000,0.0000,0.0000,0.0000,0.0000,-3.1258,-0.2089,-10.2735,-0.0152,0.0425,-0.0269
1774945153.8712,0.0000,0.0000,0.0000,0.0000,0.0000,-3.1256,-0.2085,38.5347,-0.0184,0.0148,-0.0279
1774945153.8913,0.0000,0.0000,0.0000,0.0000,0.0000,-3.1264,-0.2089,-17.5307,-0.0077,-0.0033,-0.0141
1774945153.9113,0.0000,0.0000,0.0000,0.0000,0.0000,-3.1262,-0.2080,-0.5715,-0.0045,-0.0118,-0.0162
1774945153.9313,0.0000,0.0000,0.0000,0.0000,0.0000,-3.1269,-0.2088,-13.7918,0.0008,0.0138,-0.0013
1774945153.9512,0.0000,0.0000,0.0000,0.0000,0.0000,-3.1275,-0.2101,-0.6681,0.0370,0.0212,0.0179
1774945153.9718,0.0000,0.0000,0.0000,0.0000,0.0000,-3.1270,-0.2097,18.8619,0.0402,-0.0033,0.0040
1774945153.9913,0.0000,0.0000,0.0000,0.0000,0.0000,-3.1257,-0.2093,18.5479,-0.0088,0.0095,-0.0066
1774945154.0114,0.0000,0.0000,0.0000,0.0000,0.0000,-3.1245,-0.2092,23.1658,-0.0173,0.0095,-0.0130
1774945154.0329,0.0000,0.0000,0.0000,0.0000,0.0000,-3.1251,-0.2084,26.8575,0.0413,0.0127,0.0019
1774945154.0519,0.0000,0.0000,0.0000,0.0000,0.0000,-3.1228,-0.2075,6.4016,0.0114,-0.0097,-0.0066
1774945154.0713,0.0000,0.0000,0.0000,0.0000,0.0000,-3.1233,-0.2080,-9.8003,0.0178,0.0084,0.0019
1774945154.0912,0.0000,0.0000,0.0000,0.0000,0.0000,-3.1234,-0.2073,10.1855,0.0285,0.0020,0.0008
1774945154.1114,0.0000,0.0000,0.0000,0.0000,0.0000,-3.1221,-0.2058,4.2148,0.0210,-0.0278,0.0008
1774945154.1314,0.0000,0.0000,0.0000,0.0000,0.0000,-3.1228,-0.2054,-16.1955,-0.0301,-0.0246,-0.0109
1774945154.1514,0.0000,0.0000,0.0000,0.0000,0.0000,-3.1216,-0.2069,6.2809,-0.0248,0.0287,-0.0226
1774945154.1712,0.0000,0.0000,0.0000,0.0000,0.0000,-3.1207,-0.2066,15.7565,-0.0152,0.0351,-0.0098
1774945154.1913,0.0000,0.0000,0.0000,0.0000,0.0000,-3.1217,-0.2060,-0.1676,0.0019,-0.0161,-0.0109
1774945154.2122,0.0000,0.0000,0.0000,0.0000,0.0000,-3.1232,-0.2074,25.1232,-0.0184,-0.0065,-0.0119
1774945154.2341,0.0000,0.0000,0.0000,0.0000,0.0000,-3.1243,-0.2094,15.1414,-0.0440,0.0031,-0.0087
1774945154.2513,0.0000,0.0000,0.0000,0.0000,0.0000,-3.1230,-0.2106,5.5202,-0.0088,-0.0022,-0.0045
1774945154.2722,0.0000,0.0000,0.0000,0.0000,0.0000,-3.1218,-0.2099,4.6420,-0.0109,-0.0118,-0.0247
1774945154.2914,0.0000,0.0000,0.0000,0.0000,0.0000,-3.1249,-0.2092,-14.5464,-0.0290,0.0010,-0.0354
1774945154.3128,0.0000,0.0000,0.0000,0.0000,0.0000,-3.1240,-0.2093,-8.5366,-0.0152,0.0180,-0.0386
1774945154.3339,0.0000,0.0000,0.0000,0.0000,0.0000,-3.1250,-0.2082,11.4168,-0.0045,-0.0075,-0.0258
1774945154.3512,0.0000,0.0000,0.0000,0.0000,0.0000,-3.1260,-0.2072,6.1712,0.0274,-0.0107,-0.0066
1774945154.3712,0.0000,0.0000,0.0000,0.0000,0.0000,-3.1285,-0.2063,14.9398,0.0136,0.0159,0.0040
1774945154.3918,0.0000,0.0000,0.0000,0.0000,0.0000,-3.1290,-0.2029,-12.1590,-0.0546,-0.0012,-0.0226
1774945154.4113,0.0000,0.0000,0.0000,0.0000,0.0000,-3.1275,-0.2055,7.8127,0.0093,0.0713,-0.1281
1774945154.4314,0.0000,0.0000,0.0000,0.0000,0.0000,-3.1256,-0.2078,-13.1734,-0.0035,0.0841,-0.1866
1774945154.4518,0.0000,0.0000,0.0000,0.0000,0.0000,-3.1274,-0.2111,0.6313,-0.0184,0.0191,-0.1526
1774945154.4713,0.0000,0.0000,0.0000,0.0000,0.0000,-3.1284,-0.2134,-21.3467,0.0221,0.0276,-0.0854
1774945154.4912,0.0000,0.0000,0.0000,0.0000,0.0000,-3.1282,-0.2153,33.7955,0.0711,0.0244,-0.0162
1774945154.5116,0.0000,0.0000,0.0000,0.0000,0.0000,-3.1293,-0.2170,-12.0087,0.0540,0.0148,0.0168
1774945154.5313,0.0000,0.0000,0.0000,0.0000,0.0000,-3.1296,-0.2181,0.4329,-0.0003,0.0383,-0.0024
1774945154.5515,0.0000,0.0000,0.0000,0.0000,0.0000,-3.1285,-0.2172,10.4662,-0.0333,-0.0054,-0.0375
1774945154.5714,0.0000,0.0000,0.0000,0.0000,0.0000,-3.1268,-0.2175,-31.8792,-0.0333,0.0148,-0.0641
1774945154.5913,0.0000,0.0000,0.0000,0.0000,0.0000,-3.1254,-0.2177,-4.4467,0.0200,0.0170,-0.0918
1774945154.6113,0.0000,0.0000,0.0000,0.0000,0.0000,-3.1257,-0.2165,12.2219,0.0242,-0.0214,-0.0727
1774945154.6313,0.0000,0.0000,0.0000,0.0000,0.0000,-3.1274,-0.2170,1.4488,0.0423,-0.0555,-0.0375
1774945154.6513,0.0000,0.0000,0.0000,0.0000,0.0000,-3.1293,-0.2167,14.1795,0.0498,-0.0683,-0.0258
1774945154.6715,0.0000,0.0000,0.0000,0.0000,0.0000,-3.1310,-0.2164,11.3005,0.0157,-0.0033,-0.0066
1774945154.6915,0.0000,0.0000,0.0000,0.0000,0.0000,-3.1298,-0.2162,1.5931,-0.0013,0.0138,-0.0300
1774945154.7114,0.0000,0.0000,0.0000,0.0000,0.0000,-3.1307,-0.2163,39.7897,-0.0418,-0.0107,-0.0407
1774945154.7312,0.0000,0.0000,0.0000,0.0000,0.0000,-3.1291,-0.2170,13.5570,0.0349,-0.0065,-0.0311
1774945154.7522,0.0000,0.0000,0.0000,0.0000,0.0000,-3.1289,-0.2161,-20.8571,0.0114,-0.0182,-0.0407
1774945154.7717,0.0000,0.0000,0.0000,0.0000,0.0000,-3.1310,-0.2147,1.9880,-0.0535,-0.0331,-0.0226
1774945154.7917,0.0000,0.0000,0.0000,0.0000,0.0000,-3.1295,-0.2147,7.0986,0.0061,0.0010,-0.0013
1774945154.8114,0.0000,0.0000,0.0000,0.0000,0.0000,-3.1269,-0.2122,12.1890,0.0285,0.0276,-0.0151
1774945154.8313,0.0000,0.0000,0.0000,0.0000,0.0000,-3.1278,-0.2107,-38.4900,-0.0195,-0.0203,-0.0258
1774945154.8516,0.0000,0.0000,0.0000,0.0000,0.0000,-3.1278,-0.2086,18.1502,0.0349,-0.0033,-0.0279
1774945154.8726,0.0000,0.0000,0.0000,0.0000,0.0000,-3.1275,-0.2089,-4.3606,0.0498,0.0106,-0.0439
1774945154.8945,0.0000,0.0000,0.0000,0.0000,0.0000,-3.1289,-0.2103,0.0000,0.0274,0.0106,-0.0258
1774945154.9114,0.0000,0.0000,0.0000,0.0000,0.0000,-3.1321,-0.2085,0.0000,-0.0003,0.0287,-0.0375
1774945154.9315,0.0000,0.0000,0.0000,0.0000,0.0000,-3.1319,-0.2088,-16.3751,0.0029,0.0202,0.0190
1774945154.9513,0.0000,0.0000,0.0000,0.0000,0.0000,-3.1332,-0.2096,20.1104,0.0338,0.0319,0.1020
1774945154.9718,0.0000,0.0000,0.0000,0.0000,0.0000,-3.1357,-0.2095,-4.4419,-0.0898,0.0393,0.1585
1774945154.9914,0.0000,0.0000,0.0000,0.0000,0.0000,-3.1321,-0.2090,-27.0859,0.0295,0.0361,0.1361
1774945155.0112,0.0000,0.0000,0.0000,0.0000,0.0000,-3.1290,-0.2089,21.4406,0.0391,0.0287,0.0509
1774945155.0312,0.0000,0.0000,0.0000,0.0000,0.0000,-3.1278,-0.2086,-5.8237,-0.0429,0.0223,-0.0439
1774945155.0513,0.0000,0.0000,0.0000,0.0000,0.0000,-3.1256,-0.2081,-7.6459,-0.0269,0.0233,-0.1121
1774945155.0720,0.0000,0.0000,0.0000,0.0000,0.0000,-3.1244,-0.2073,3.3284,0.0264,-0.0054,-0.1046
1774945155.0913,0.0000,0.0000,0.0000,0.0000,0.0000,-3.1248,-0.2062,-21.7558,0.0338,-0.0139,-0.0599
1774945155.1113,0.0000,0.0000,0.0000,0.0000,0.0000,-3.1282,-0.2056,18.5917,0.0104,0.0159,0.0051
1774945155.1312,0.0000,0.0000,0.0000,0.0000,0.0000,-3.1309,-0.2048,-13.5100,0.0264,0.0010,0.0477
1774945155.1512,0.0000,0.0000,0.0000,0.0000,0.0000,-3.1299,-0.2046,-2.8248,0.0509,0.0159,0.0488
1774945155.1712,0.0000,0.0000,0.0000,0.0000,0.0000,-3.1275,-0.2040,2.5331,0.0019,0.0265,0.0317
1774945155.1912,0.0000,0.0000,0.0000,0.0000,0.0000,-3.1239,-0.2043,3.7128,-0.0163,0.0212,-0.0109
1774945155.2113,0.0000,0.0000,0.0000,0.0000,0.0000,-3.1225,-0.2050,-12.5732,0.0242,0.0212,-0.0226
1774945155.2313,0.0000,0.0000,0.0000,0.0000,0.0000,-3.1159,-0.2029,0.2075,0.1659,0.0670,-0.0961
1774945155.2515,0.0000,0.0000,0.0000,0.0000,0.0000,-3.1155,-0.2013,-2.7159,0.1776,0.0425,-0.1046
1774945155.2713,0.0000,0.0000,0.0000,0.0000,0.0000,-3.1166,-0.1999,24.1092,0.0690,0.1522,-0.0833
1774945155.2913,0.0000,0.0000,0.0000,0.0000,0.0000,-3.1173,-0.1998,-3.8201,0.0967,0.1799,0.0094
1774945155.3112,0.0000,0.0000,0.0000,0.0000,0.0000,-3.1157,-0.2005,-15.7012,0.1286,0.2289,0.0861
1774945155.3318,0.0000,0.0000,0.0000,0.0000,0.0000,-3.1136,-0.2024,-18.6529,0.0562,0.2897,0.0957
1774945155.3512,0.0000,0.0000,0.0000,0.0000,0.0000,-3.1101,-0.2087,21.6791,-0.0035,0.2886,0.0637
1774945155.3712,0.0000,0.0000,0.0000,0.0000,0.0000,-3.1066,-0.2161,-22.9345,-0.0344,0.2673,0.0307
1774945155.3913,0.0000,0.0000,0.0000,0.0000,0.0000,-3.1060,-0.2223,77.2465,-0.0013,0.1863,0.0200
1774945155.4113,0.0000,0.0000,0.0000,0.0000,0.0000,-3.1056,-0.2265,29.2081,-0.0397,0.0979,0.0328
1774945155.4315,0.0000,0.0000,0.0000,0.0000,0.0000,-3.1033,-0.2308,0.5181,-0.0035,0.0947,0.0104
1774945155.4514,0.0000,0.0000,0.0000,0.0000,0.0000,-3.1012,-0.2334,24.8915,-0.0290,0.0319,-0.0151
1774945155.4712,0.0000,0.0000,0.0000,0.0000,0.0000,-3.1027,-0.2350,32.3003,-0.0834,-0.0118,-0.0226
1774945155.4912,0.0000,0.0000,0.0000,0.0000,0.0000,-3.1051,-0.2350,-8.7795,-0.1047,-0.0619,-0.0087
1774945155.5113,0.0000,0.0000,0.0000,0.0000,0.0000,-3.1069,-0.2318,-29.6750,-0.0972,-0.1173,-0.0034
1774945155.5314,0.0000,0.0000,0.0000,0.0000,0.0000,-3.1096,-0.2314,-33.7044,-0.0930,-0.1141,-0.0109
1774945155.5521,0.0000,0.0000,0.0000,0.0000,0.0000,-3.1108,-0.2319,22.7468,-0.1015,-0.1205,-0.0130
1774945155.5716,0.0000,0.0000,0.0000,0.0000,0.0000,-3.1123,-0.2301,8.6405,-0.1153,-0.1918,-0.0279
1774945155.5916,0.0000,0.0000,0.0000,0.0000,0.0000,-3.1144,-0.2289,-6.3212,-0.1249,-0.1908,-0.0258
1774945155.6115,0.0000,0.0000,0.0000,0.0000,0.0000,-3.1155,-0.2287,-11.3551,-0.1153,-0.1620,-0.0322
1774945155.6312,0.0000,0.0000,0.0000,0.0000,0.0000,-3.1191,-0.2266,27.5681,-0.1430,-0.1769,-0.0396
1774945155.6514,0.0000,0.0000,0.0000,0.0000,0.0000,-3.1226,-0.2260,12.9137,-0.1068,-0.1482,-0.0269
1774945155.6728,0.0000,0.0000,0.0000,0.0000,0.0000,-3.1262,-0.2255,35.0696,-0.0962,-0.1258,-0.0077
1774945155.6913,0.0000,0.0000,0.0000,0.0000,0.0000,-3.1293,-0.2268,0.0847,-0.0748,-0.1013,-0.0205
1774945155.7113,0.0000,0.0000,0.0000,0.0000,0.0000,-3.1316,-0.2285,10.8119,-0.0546,-0.0683,-0.0226
1774945155.7312,0.0000,0.0000,0.0000,0.0000,0.0000,-3.1343,-0.2299,14.1047,-0.0429,-0.0288,-0.0258
1774945155.7513,0.0000,0.0000,0.0000,0.0000,0.0000,-3.1369,-0.2306,-11.9922,-0.0312,-0.0523,-0.0226
1774945155.7713,0.0000,0.0000,0.0000,0.0000,0.0000,-3.1395,-0.2327,-12.2958,-0.0163,-0.0193,-0.0258
1774945155.7915,0.0000,0.0000,0.0000,0.0000,0.0000,3.1409,-0.2348,16.3836,0.0050,-0.0246,-0.0215
1774945155.8114,0.0000,0.0000,0.0000,0.0000,0.0000,3.1395,-0.2375,5.2143,0.0381,-0.0310,-0.0173
1774945155.8312,0.0000,0.0000,0.0000,0.0000,0.0000,3.1391,-0.2394,-0.0419,0.0775,-0.0331,-0.0066
1774945155.8514,0.0000,0.0000,0.0000,0.0000,0.0000,3.1391,-0.2406,0.6671,0.0839,-0.0395,-0.0130
1774945155.8713,0.0000,0.0000,0.0000,0.0000,0.0000,3.1402,-0.2412,-2.8594,0.0849,-0.0491,-0.0141
1774945155.8913,0.0000,0.0000,0.0000,0.0000,0.0000,-3.1401,-0.2414,-8.4419,0.1020,-0.0736,-0.0034
1774945155.9113,0.0000,0.0000,0.0000,0.0000,0.0000,-3.1373,-0.2408,10.5947,0.1148,-0.0587,0.0019
1774945155.9312,0.0000,0.0000,0.0000,0.0000,0.0000,-3.1367,-0.2400,2.6396,0.1094,-0.0672,0.0008
1774945155.9512,0.0000,0.0000,0.0000,0.0000,0.0000,-3.1355,-0.2387,-10.8749,0.0967,-0.0629,0.0051
1774945155.9713,0.0000,0.0000,0.0000,0.0000,0.0000,-3.1323,-0.2367,3.5006,0.1222,-0.0906,-0.0013
1774945155.9914,0.0000,0.0000,0.0000,0.0000,0.0000,-3.1279,-0.2375,-19.2641,0.1265,-0.0896,0.0072
1774945156.0115,0.0000,0.0000,0.0000,0.0000,0.0000,-3.1271,-0.2364,-7.5228,0.1062,-0.0523,0.0104
1774945156.0313,0.0000,0.0000,0.0000,0.0000,0.0000,-3.1250,-0.2344,29.5084,0.0594,-0.0331,-0.0045
1774945156.0526,0.0000,0.0000,0.0000,0.0000,0.0000,-3.1211,-0.2337,6.3025,0.0370,-0.0267,-0.0077
1774945156.0715,0.0000,0.0000,0.0000,0.0000,0.0000,-3.1163,-0.2338,-5.5524,0.0349,-0.0288,-0.0162
1774945156.0913,0.0000,0.0000,0.0000,0.0000,0.0000,-3.1134,-0.2325,-2.9656,0.0114,-0.0363,-0.0141
1774945156.1113,0.0000,0.0000,0.0000,0.0000,0.0000,-3.1130,-0.2319,15.6645,-0.0141,-0.0193,-0.0034
1774945156.1312,0.0000,0.0000,0.0000,0.0000,0.0000,-3.1119,-0.2332,-9.2211,-0.0088,0.0319,-0.0034
1774945156.1514,0.0000,0.0000,0.0000,0.0000,0.0000,-3.1107,-0.2325,-2.9150,0.0029,0.0202,-0.0034
1774945156.1716,0.0000,0.0000,0.0000,0.0000,0.0000,-3.1112,-0.2312,6.3927,-0.0099,-0.0065,-0.0087
1774945156.1913,0.0000,0.0000,0.0000,0.0000,0.0000,-3.1108,-0.2301,1.2890,-0.0386,0.0116,-0.0269
1774945156.2113,0.0000,0.0000,0.0000,0.0000,0.0000,-3.1104,-0.2299,13.9046,-0.0695,0.0628,-0.0322
1774945156.2313,0.0000,0.0000,0.0000,0.0000,0.0000,-3.1104,-0.2287,17.7776,-0.0472,0.0532,-0.0428
1774945156.2514,0.0000,0.0000,0.0000,0.0000,0.0000,-3.1134,-0.2287,9.0117,-0.0280,0.0436,-0.0279
1774945156.2714,0.0000,0.0000,0.0000,0.0000,0.0000,-3.1159,-0.2297,2.3207,-0.0184,0.0319,-0.0226
1774945156.2914,0.0000,0.0000,0.0000,0.0000,0.0000,-3.1185,-0.2308,-7.4514,-0.0184,0.0287,-0.0141
1774945156.3120,0.0000,0.0000,0.0000,0.0000,0.0000,-3.1219,-0.2320,-20.2503,-0.0450,0.0670,-0.0045
1774945156.3314,0.0000,0.0000,0.0000,0.0000,0.0000,-3.1213,-0.2330,8.0396,-0.0258,0.0819,-0.0130
1774945156.3517,0.0000,0.0000,0.0000,0.0000,0.0000,-3.1210,-0.2326,-12.4264,-0.0184,0.0479,-0.0130
1774945156.3713,0.0000,0.0000,0.0000,0.0000,0.0000,-3.1214,-0.2316,-8.3913,-0.0163,-0.0150,-0.0077
1774945156.3913,0.0000,0.0000,0.0000,0.0000,0.0000,-3.1250,-0.2311,-23.3636,-0.0035,-0.0320,0.0275
1774945156.4115,0.0000,0.0000,0.0000,0.0000,0.0000,-3.1260,-0.2308,2.2083,0.0114,-0.0544,0.0339
1774945156.4313,0.0000,0.0000,0.0000,0.0000,0.0000,-3.1275,-0.2312,-3.4344,0.0743,-0.0832,0.0541
1774945156.4532,0.0000,0.0000,0.0000,0.0000,0.0000,-3.1284,-0.2317,-8.5131,0.0402,-0.0917,0.0498
1774945156.4712,0.0000,0.0000,0.0000,0.0000,0.0000,-3.1296,-0.2327,-6.3034,-0.0301,-0.0267,0.0190
1774945156.4913,0.0000,0.0000,0.0000,0.0000,0.0000,-3.1254,-0.2331,-4.9843,0.0125,-0.0054,0.0008
1774945156.5113,0.0000,0.0000,0.0000,0.0000,0.0000,-3.1207,-0.2338,-6.1496,0.0295,0.0159,-0.0034
1774945156.5312,0.0000,0.0000,0.0000,0.0000,0.0000,-3.1213,-0.2335,-13.0568,-0.0706,0.0106,-0.0194
1774945156.5513,0.0000,0.0000,0.0000,0.0000,0.0000,-3.1220,-0.2337,30.2691,-0.1505,-0.0161,-0.0034
1774945156.5713,0.0000,0.0000,0.0000,0.0000,0.0000,-3.1212,-0.2315,-8.1198,-0.1462,-0.0629,0.0190
1774945156.5913,0.0000,0.0000,0.0000,0.0000,0.0000,-3.1204,-0.2290,-8.5031,-0.1388,-0.0874,0.0285
1774945156.6112,0.0000,0.0000,0.0000,0.0000,0.0000,-3.1193,-0.2268,-28.3631,-0.0514,-0.0427,0.0019
1774945156.6312,0.0000,0.0000,0.0000,0.0000,0.0000,-3.1214,-0.2243,2.5700,-0.0344,-0.0001,-0.0194
1774945156.6512,0.0000,0.0000,0.0000,0.0000,0.0000,-3.1241,-0.2243,6.5326,0.0082,0.0990,-0.0620
1774945156.6714,0.0000,0.0000,0.0000,0.0000,0.0000,-3.1263,-0.2268,35.4418,0.0434,0.1576,-0.0780
1774945156.6912,0.0000,0.0000,0.0000,0.0000,0.0000,-3.1290,-0.2292,-7.5919,0.0754,0.1224,-0.0663
1774945156.7112,0.0000,0.0000,0.0000,0.0000,0.0000,-3.1311,-0.2321,1.9401,0.0679,0.0894,-0.0471
1774945156.7315,0.0000,0.0000,0.0000,0.0000,0.0000,-3.1320,-0.2354,13.9136,0.0711,0.0404,-0.0098
1774945156.7514,0.0000,0.0000,0.0000,0.0000,0.0000,-3.1337,-0.2354,-24.4023,0.0913,-0.0225,0.0360
1774945156.7713,0.0000,0.0000,0.0000,0.0000,0.0000,-3.1314,-0.2358,-17.7530,0.0679,-0.0533,0.0573
1774945156.7913,0.0000,0.0000,0.0000,0.0000,0.0000,-3.1277,-0.2370,-17.2382,0.0477,-0.0001,0.0658
1774945156.8113,0.0000,0.0000,0.0000,0.0000,0.0000,-3.1237,-0.2360,-12.9177,0.0146,0.0042,0.0498
1774945156.8315,0.0000,0.0000,0.0000,0.0000,0.0000,-3.1200,-0.2346,13.7467,-0.0258,-0.0384,0.0232
1774945156.8512,0.0000,0.0000,0.0000,0.0000,0.0000,-3.1167,-0.2336,9.0067,-0.0717,-0.0832,-0.0077
1774945156.8713,0.0000,0.0000,0.0000,0.0000,0.0000,-3.1146,-0.2329,-21.2639,-0.1143,-0.0896,-0.0396
1774945156.8913,0.0000,0.0000,0.0000,0.0000,0.0000,-3.1141,-0.2333,22.9462,-0.0908,-0.0576,-0.0492
1774945156.9112,0.0000,0.0000,0.0000,0.0000,0.0000,-3.1146,-0.2325,7.1156,-0.0258,-0.0928,-0.0343
1774945156.9313,0.0000,0.0000,0.0000,0.0000,0.0000,-3.1184,-0.2329,-6.6418,-0.0056,-0.0757,-0.0386
1774945156.9513,0.0000,0.0000,0.0000,0.0000,0.0000,-3.1220,-0.2333,25.3023,-0.0301,-0.0459,-0.0428
1774945156.9714,0.0000,0.0000,0.0000,0.0000,0.0000,-3.1255,-0.2337,31.3426,-0.0056,-0.0715,-0.0386
1774945156.9912,0.0000,0.0000,0.0000,0.0000,0.0000,-3.1286,-0.2324,-12.5674,0.0487,-0.0949,-0.0194
1774945157.0112,0.0000,0.0000,0.0000,0.0000,0.0000,-3.1307,-0.2316,2.6065,0.0700,-0.0896,-0.0194
1774945157.0312,0.0000,0.0000,0.0000,0.0000,0.0000,-3.1310,-0.2319,-7.4482,0.0700,-0.0203,-0.0226
1774945157.0513,0.0000,0.0000,0.0000,0.0000,0.0000,-3.1299,-0.2314,18.6592,0.1190,0.0010,-0.0194
1774945157.0720,0.0000,0.0000,0.0000,0.0000,0.0000,-3.1302,-0.2295,-3.1253,0.1265,-0.0001,-0.0066
1774945157.0916,0.0000,0.0000,0.0000,0.0000,0.0000,-3.1278,-0.2261,-19.8021,0.1307,-0.0416,0.0104
1774945157.1114,0.0000,0.0000,0.0000,0.0000,0.0000,-3.1284,-0.2247,-20.5217,0.0466,0.0287,0.0200
1774945157.1313,0.0000,0.0000,0.0000,0.0000,0.0000,-3.1247,-0.2255,23.0709,0.0295,0.0692,0.0285
1774945157.1513,0.0000,0.0000,0.0000,0.0000,0.0000,-3.1202,-0.2252,-13.9147,0.0295,0.0638,0.0179
1774945157.1716,0.0000,0.0000,0.0000,0.0000,0.0000,-3.1149,-0.2252,7.8106,0.0807,0.0489,0.0019
1774945157.1913,0.0000,0.0000,0.0000,0.0000,0.0000,-3.1133,-0.2225,-14.1630,0.0796,0.0479,-0.0066
1774945157.2113,0.0000,0.0000,0.0000,0.0000,0.0000,-3.1156,-0.2215,14.9147,-0.0003,0.0383,-0.0237
1774945157.2312,0.0000,0.0000,0.0000,0.0000,0.0000,-3.1161,-0.2201,0.0835,0.0093,0.0329,-0.0375
1774945157.2513,0.0000,0.0000,0.0000,0.0000,0.0000,-3.1169,-0.2200,-4.7907,0.0785,0.0745,-0.0151
1774945157.2713,0.0000,0.0000,0.0000,0.0000,0.0000,-3.1194,-0.2211,23.8099,0.0711,0.1107,0.0051
1774945157.2912,0.0000,0.0000,0.0000,0.0000,0.0000,-3.1226,-0.2239,23.7141,0.0210,0.1086,0.0232
1774945157.3113,0.0000,0.0000,0.0000,0.0000,0.0000,-3.1213,-0.2238,-13.2311,0.0359,0.0542,0.0360
1774945157.3313,0.0000,0.0000,0.0000,0.0000,0.0000,-3.1184,-0.2238,4.4670,0.0029,-0.0033,0.0296
1774945157.3512,0.0000,0.0000,0.0000,0.0000,0.0000,-3.1149,-0.2259,-8.9978,-0.0450,-0.0012,0.0040
1774945157.3713,0.0000,0.0000,0.0000,0.0000,0.0000,-3.1119,-0.2260,-5.5728,-0.0397,-0.0257,-0.0141
1774945157.3912,0.0000,0.0000,0.0000,0.0000,0.0000,-3.1091,-0.2264,11.8808,-0.0333,-0.0693,-0.0141
1774945157.4113,0.0000,0.0000,0.0000,0.0000,0.0000,-3.1058,-0.2246,-58.4079,-0.0024,-0.0960,-0.0183
1774945157.4319,0.0000,0.0000,0.0000,0.0000,0.0000,-3.1080,-0.2239,0.0000,-0.0855,-0.0022,-0.0556
1774945157.4527,0.0000,0.0000,0.0000,0.0000,0.0000,-3.1113,-0.2229,10.6955,-0.0280,0.0617,-0.0151
1774945157.4712,0.0000,0.0000,0.0000,0.0000,0.0000,-3.1152,-0.2223,12.2782,-0.0578,0.0798,0.0179
1774945157.4913,0.0000,0.0000,0.0000,0.0000,0.0000,-3.1187,-0.2213,-6.3838,-0.1292,0.0873,0.0264
1774945157.5112,0.0000,0.0000,0.0000,0.0000,0.0000,-3.1185,-0.2214,-5.3346,-0.1345,0.0819,-0.0077
1774945157.5316,0.0000,0.0000,0.0000,0.0000,0.0000,-3.1194,-0.2207,-9.7157,-0.0930,0.0447,-0.0247
1774945157.5513,0.0000,0.0000,0.0000,0.0000,0.0000,-3.1186,-0.2210,-14.0081,-0.0450,0.0148,-0.0300
1774945157.5718,0.0000,0.0000,0.0000,0.0000,0.0000,-3.1203,-0.2244,8.0830,-0.0418,0.0127,-0.0354
1774945157.5913,0.0000,0.0000,0.0000,0.0000,0.0000,-3.1251,-0.2259,4.1826,-0.0631,-0.0086,-0.0269
1774945157.6112,0.0000,0.0000,0.0000,0.0000,0.0000,-3.1285,-0.2261,-28.9403,-0.0951,-0.0097,-0.0364
1774945157.6312,0.0000,0.0000,0.0000,0.0000,0.0000,-3.1338,-0.2274,16.9312,-0.1729,-0.0075,-0.0151
1774945157.6513,0.0000,0.0000,0.0000,0.0000,0.0000,-3.1348,-0.2243,0.0000,-0.0972,-0.0810,-0.0237
1774945157.6712,0.0000,0.0000,0.0000,0.0000,0.0000,-3.1341,-0.2190,-25.9776,-0.0386,-0.1077,-0.0801
1774945157.6912,0.0000,0.0000,0.0000,0.0000,0.0000,-3.1361,-0.2131,-28.1178,-0.0312,-0.1418,-0.0918
1774945157.7112,0.0000,0.0000,0.0000,0.0000,0.0000,-3.1391,-0.2069,10.7602,-0.0141,-0.1364,-0.0503
1774945157.7313,0.0000,0.0000,0.0000,0.0000,0.0000,3.1404,-0.2039,8.4235,0.0082,-0.1013,0.0126
1774945157.7513,0.0000,0.0000,0.0000,0.0000,0.0000,3.1374,-0.2009,-10.2873,0.0072,-0.1066,0.0403
1774945157.7713,0.0000,0.0000,0.0000,0.0000,0.0000,3.1371,-0.2013,-5.2125,0.0104,-0.0512,0.0690
1774945157.7912,0.0000,0.0000,0.0000,0.0000,0.0000,3.1398,-0.2037,7.2687,0.0849,-0.0235,0.0573
1774945157.8113,0.0000,0.0000,0.0000,0.0000,0.0000,-3.1389,-0.2049,2.0758,0.1041,-0.0139,0.0296
1774945157.8312,0.0000,0.0000,0.0000,0.0000,0.0000,-3.1348,-0.2079,8.4694,0.1361,0.0084,-0.0066
1774945157.8513,0.0000,0.0000,0.0000,0.0000,0.0000,-3.1330,-0.2118,-4.5380,0.1180,0.0734,-0.0386
1774945157.8712,0.0000,0.0000,0.0000,0.0000,0.0000,-3.1331,-0.2124,-2.5356,0.0935,0.0851,-0.0450
1774945157.8914,0.0000,0.0000,0.0000,0.0000,0.0000,-3.1309,-0.2133,-5.2015,0.1180,0.0564,-0.0322
1774945157.9113,0.0000,0.0000,0.0000,0.0000,0.0000,-3.1320,-0.2151,8.4010,0.1190,0.0500,-0.0034
1774945157.9312,0.0000,0.0000,0.0000,0.0000,0.0000,-3.1320,-0.2173,4.4205,0.1031,0.0574,0.0221
1774945157.9512,0.0000,0.0000,0.0000,0.0000,0.0000,-3.1286,-0.2196,3.6527,0.0956,0.0596,0.0307
1774945157.9721,0.0000,0.0000,0.0000,0.0000,0.0000,-3.1249,-0.2223,-6.8220,0.0754,0.0553,0.0371
1774945157.9912,0.0000,0.0000,0.0000,0.0000,0.0000,-3.1196,-0.2230,-16.3668,0.0796,0.0148,0.0264
1774945158.0113,0.0000,0.0000,0.0000,0.0000,0.0000,-3.1165,-0.2240,-16.2477,0.0487,-0.0012,0.0094
1774945158.0312,0.0000,0.0000,0.0000,0.0000,0.0000,-3.1119,-0.2246,8.6646,0.0445,-0.0299,0.0008
1774945158.0515,0.0000,0.0000,0.0000,0.0000,0.0000,-3.1089,-0.2245,-4.4238,0.0381,-0.0683,-0.0066
1774945158.0713,0.0000,0.0000,0.0000,0.0000,0.0000,-3.1076,-0.2232,0.4748,-0.0269,-0.1013,-0.0215
1774945158.0913,0.0000,0.0000,0.0000,0.0000,0.0000,-3.1078,-0.2226,-4.1514,-0.0418,-0.0992,-0.0215
1774945158.1112,0.0000,0.0000,0.0000,0.0000,0.0000,-3.1050,-0.2227,-21.6619,-0.0525,-0.1024,-0.0311
1774945158.1312,0.0000,0.0000,0.0000,0.0000,0.0000,-3.1031,-0.2236,-19.5403,-0.0205,-0.0885,-0.0300
1774945158.1512,0.0000,0.0000,0.0000,0.0000,0.0000,-3.1049,-0.2227,4.3259,-0.0376,-0.1141,-0.0322
1774945158.1712,0.0000,0.0000,0.0000,0.0000,0.0000,-3.1069,-0.2215,26.9658,-0.1153,-0.1332,-0.0364
1774945158.1913,0.0000,0.0000,0.0000,0.0000,0.0000,-3.1085,-0.2202,-13.8439,-0.1185,-0.1492,-0.0279
1774945158.2114,0.0000,0.0000,0.0000,0.0000,0.0000,-3.1082,-0.2199,-32.8417,-0.1015,-0.1705,-0.0162
1774945158.2313,0.0000,0.0000,0.0000,0.0000,0.0000,-3.1105,-0.2167,1.9307,-0.1313,-0.1801,-0.0151
1774945158.2519,0.0000,0.0000,0.0000,0.0000,0.0000,-3.1160,-0.2176,12.2180,-0.1750,-0.0619,-0.0237
1774945158.2713,0.0000,0.0000,0.0000,0.0000,0.0000,-3.1157,-0.2167,-10.3743,-0.1324,0.0084,-0.0226
1774945158.2913,0.0000,0.0000,0.0000,0.0000,0.0000,-3.1155,-0.2153,2.2773,-0.0227,-0.0043,-0.0482
1774945158.3112,0.0000,0.0000,0.0000,0.0000,0.0000,-3.1177,-0.2117,-50.5325,0.0232,-0.1013,-0.0865
1774945158.3312,0.0000,0.0000,0.0000,0.0000,0.0000,-3.1138,-0.2086,-4.1527,0.1563,0.0532,-0.1749
1774945158.3520,0.0000,0.0000,0.0000,0.0000,0.0000,-3.1130,-0.2062,19.1173,0.1276,0.0841,-0.2378
1774945158.3718,0.0000,0.0000,0.0000,0.0000,0.0000,-3.1127,-0.2055,3.0914,0.1893,0.1629,-0.2250
1774945158.3912,0.0000,0.0000,0.0000,0.0000,0.0000,-3.1117,-0.2075,-2.1797,0.3033,0.2492,-0.1185
1774945158.4113,0.0000,0.0000,0.0000,0.0000,0.0000,-3.1094,-0.2125,2.1893,0.3576,0.3813,-0.0077
1774945158.4313,0.0000,0.0000,0.0000,0.0000,0.0000,-3.1055,-0.2184,5.8950,0.3417,0.3760,0.0925
1774945158.4512,0.0000,0.0000,0.0000,0.0000,0.0000,-3.1030,-0.2263,-15.5783,0.2426,0.3195,0.1233
1774945158.4712,0.0000,0.0000,0.0000,0.0000,0.0000,-3.0964,-0.2345,-6.9158,0.1766,0.2471,0.1138
1774945158.4913,0.0000,0.0000,0.0000,0.0000,0.0000,-3.0901,-0.2405,-1.2850,0.1670,0.1501,0.1042
1774945158.5113,0.0000,0.0000,0.0000,0.0000,0.0000,-3.0826,-0.2447,15.5061,0.2074,0.0819,0.1084
1774945158.5313,0.0000,0.0000,0.0000,0.0000,0.0000,-3.0748,-0.2474,-5.3968,0.2117,0.0127,0.0850
1774945158.5512,0.0000,0.0000,0.0000,0.0000,0.0000,-3.0685,-0.2499,-18.0319,0.1584,-0.0139,0.0339
1774945158.5713,0.0000,0.0000,0.0000,0.0000,0.0000,-3.0632,-0.2508,21.6162,0.0849,-0.0651,-0.0311
1774945158.5914,0.0000,0.0000,0.0000,0.0000,0.0000,-3.0585,-0.2491,0.2638,0.0455,-0.1300,-0.0620
1774945158.6112,0.0000,0.0000,0.0000,0.0000,0.0000,-3.0546,-0.2477,-1.4180,0.0072,-0.1599,-0.0428
1774945158.6312,0.0000,0.0000,0.0000,0.0000,0.0000,-3.0542,-0.2432,-14.3217,-0.0344,-0.2014,0.0062
1774945158.6512,0.0000,0.0000,0.0000,0.0000,0.0000,-3.0550,-0.2355,-2.8841,-0.0930,-0.2557,0.0573
1774945158.6712,0.0000,0.0000,0.0000,0.0000,0.0000,-3.0545,-0.2308,3.9693,-0.1569,-0.2856,0.0797
1774945158.6913,0.0000,0.0000,0.0000,0.0000,0.0000,-3.0544,-0.2269,3.2320,-0.1910,-0.2526,0.0594
1774945158.7113,0.0000,0.0000,0.0000,0.0000,0.0000,-3.0550,-0.2242,6.5988,-0.2144,-0.1972,0.0104
1774945158.7312,0.0000,0.0000,0.0000,0.0000,0.0000,-3.0577,-0.2234,-5.6472,-0.2591,-0.1673,-0.0407
1774945158.7513,0.0000,0.0000,0.0000,0.0000,0.0000,-3.0612,-0.2244,-6.8094,-0.2836,-0.0896,-0.0769
1774945158.7713,0.0000,0.0000,0.0000,0.0000,0.0000,-3.0660,-0.2268,2.3636,-0.2677,-0.0257,-0.0876
1774945158.7912,0.0000,0.0000,0.0000,0.0000,0.0000,-3.0743,-0.2271,-10.3422,-0.2133,-0.0438,-0.0492
1774945158.8112,0.0000,0.0000,0.0000,0.0000,0.0000,-3.0807,-0.2242,-35.9268,-0.1047,-0.1322,-0.0098
1774945158.8312,0.0000,0.0000,0.0000,0.0000,0.0000,-3.0872,-0.2218,-14.7060,-0.1153,-0.1258,-0.0300
1774945158.8517,0.0000,0.0000,0.0000,0.0000,0.0000,-3.0946,-0.2199,10.4463,-0.1601,-0.0651,-0.0407
1774945158.8713,0.0000,0.0000,0.0000,0.0000,0.0000,-3.1006,-0.2206,10.6265,-0.0855,0.0010,-0.0354
1774945158.8912,0.0000,0.0000,0.0000,0.0000,0.0000,-3.1050,-0.2202,5.9740,-0.0056,-0.0129,-0.0109
1774945158.9112,0.0000,0.0000,0.0000,0.0000,0.0000,-3.1079,-0.2196,-24.9237,0.0381,-0.0097,-0.0034
1774945158.9320,0.0000,0.0000,0.0000,0.0000,0.0000,-3.1092,-0.2208,-15.4433,0.0871,0.0755,0.0147
1774945158.9513,0.0000,0.0000,0.0000,0.0000,0.0000,-3.1096,-0.2218,-11.0052,0.1052,0.1096,0.0094
1774945158.9712,0.0000,0.0000,0.0000,0.0000,0.0000,-3.1102,-0.2221,10.5517,0.0967,0.1214,-0.0045
1774945158.9914,0.0000,0.0000,0.0000,0.0000,0.0000,-3.1076,-0.2203,1.9304,0.1276,0.0883,-0.0098
1774945159.0114,0.0000,0.0000,0.0000,0.0000,0.0000,-3.1057,-0.2219,-15.4902,0.1521,0.1341,0.0062
1774945159.0312,0.0000,0.0000,0.0000,0.0000,0.0000,-3.1030,-0.2244,11.2913,0.1126,0.2183,0.0190
1774945159.0513,0.0000,0.0000,0.0000,0.0000,0.0000,-3.1010,-0.2257,1.1535,0.1180,0.2492,0.0136
1774945159.0713,0.0000,0.0000,0.0000,0.0000,0.0000,-3.0981,-0.2301,7.0986,0.1084,0.2865,-0.0024
1774945159.0913,0.0000,0.0000,0.0000,0.0000,0.0000,-3.0946,-0.2340,3.8703,0.1169,0.2652,0.0008
1774945159.1113,0.0000,0.0000,0.0000,0.0000,0.0000,-3.0891,-0.2367,-21.0369,0.1872,0.1821,-0.0098
1774945159.1314,0.0000,0.0000,0.0000,0.0000,0.0000,-3.0880,-0.2393,-3.3959,0.1552,0.0926,-0.0322
1774945159.1526,0.0000,0.0000,0.0000,0.0000,0.0000,-3.0866,-0.2406,-29.6543,0.1265,0.0233,-0.0396
1774945159.1712,0.0000,0.0000,0.0000,0.0000,0.0000,-3.0827,-0.2419,-3.8703,0.1137,0.0042,-0.0439
1774945159.1924,0.0000,0.0000,0.0000,0.0000,0.0000,-3.0826,-0.2421,21.4929,0.0391,0.0244,-0.0162
1774945159.2114,0.0000,0.0000,0.0000,0.0000,0.0000,-3.0788,-0.2411,27.0641,0.0530,0.0020,0.0008
1774945159.2313,0.0000,0.0000,0.0000,0.0000,0.0000,-3.0750,-0.2401,11.1412,0.0125,-0.0363,0.0083
1774945159.2543,0.0000,0.0000,0.0000,0.0000,0.0000,-3.0734,-0.2397,10.6754,-0.0408,-0.0597,0.0190
1774945159.2712,0.0000,0.0000,0.0000,0.0000,0.0000,-3.0711,-0.2371,-29.7986,-0.0429,-0.1087,0.0030
1774945159.2913,0.0000,0.0000,0.0000,0.0000,0.0000,-3.0722,-0.2367,-4.3918,-0.1153,-0.0992,-0.0332
1774945159.3112,0.0000,0.0000,0.0000,0.0000,0.0000,-3.0743,-0.2332,-0.9699,-0.1643,-0.1130,-0.0386
1774945159.3312,0.0000,0.0000,0.0000,0.0000,0.0000,-3.0738,-0.2312,22.7518,-0.1249,-0.1205,-0.0279
1774945159.3513,0.0000,0.0000,0.0000,0.0000,0.0000,-3.0727,-0.2306,14.3866,-0.0802,-0.1407,-0.0183
1774945159.3713,0.0000,0.0000,0.0000,0.0000,0.0000,-3.0766,-0.2286,4.3970,-0.1025,-0.1450,-0.0183
1774945159.3913,0.0000,0.0000,0.0000,0.0000,0.0000,-3.0825,-0.2259,-0.2620,-0.1547,-0.1556,-0.0055
1774945159.4113,0.0000,0.0000,0.0000,0.0000,0.0000,-3.0863,-0.2267,1.7364,-0.1537,-0.0960,0.0072
1774945159.4314,0.0000,0.0000,0.0000,0.0000,0.0000,-3.0886,-0.2279,-1.1611,-0.0674,-0.0214,0.0019
1774945159.4513,0.0000,0.0000,0.0000,0.0000,0.0000,-3.0890,-0.2265,4.8476,-0.0386,-0.0448,-0.0364
1774945159.4713,0.0000,0.0000,0.0000,0.0000,0.0000,-3.0944,-0.2261,13.9587,-0.0717,-0.0629,-0.0577
1774945159.4913,0.0000,0.0000,0.0000,0.0000,0.0000,-3.0986,-0.2251,-1.9221,-0.0163,-0.0640,-0.0631
1774945159.5113,0.0000,0.0000,0.0000,0.0000,0.0000,-3.0996,-0.2230,23.0076,0.1031,-0.0715,-0.0311
1774945159.5313,0.0000,0.0000,0.0000,0.0000,0.0000,-3.1005,-0.2202,5.2524,0.1521,-0.1109,0.0051
1774945159.5513,0.0000,0.0000,0.0000,0.0000,0.0000,-3.1026,-0.2189,-4.5911,0.0242,-0.0363,0.0339
1774945159.5713,0.0000,0.0000,0.0000,0.0000,0.0000,-3.1062,-0.2181,4.4140,-0.0386,0.0074,0.0339
1774945159.5913,0.0000,0.0000,0.0000,0.0000,0.0000,-3.1036,-0.2192,-11.2696,-0.0077,0.0649,0.0349
1774945159.6113,0.0000,0.0000,0.0000,0.0000,0.0000,-3.0996,-0.2188,32.2248,0.0295,0.0681,0.0360
1774945159.6312,0.0000,0.0000,0.0000,0.0000,0.0000,-3.0984,-0.2169,7.4934,0.0157,0.0159,0.0445
1774945159.6513,0.0000,0.0000,0.0000,0.0000,0.0000,-3.0964,-0.2159,18.6980,-0.0195,-0.0129,0.0477
1774945159.6713,0.0000,0.0000,0.0000,0.0000,0.0000,-3.0949,-0.2129,-5.1487,0.0242,-0.0896,0.0328
1774945159.6912,0.0000,0.0000,0.0000,0.0000,0.0000,-3.0956,-0.2096,-22.3328,-0.0567,-0.1247,0.0094
1774945159.7112,0.0000,0.0000,0.0000,0.0000,0.0000,-3.0975,-0.2106,24.1022,-0.1260,-0.0779,-0.0162
1774945159.7313,0.0000,0.0000,0.0000,0.0000,0.0000,-3.1017,-0.2097,-1.6118,-0.1345,-0.0779,-0.0002
1774945159.7513,0.0000,0.0000,0.0000,0.0000,0.0000,-3.1027,-0.2121,6.0468,-0.1185,-0.0310,0.0179
1774945159.7712,0.0000,0.0000,0.0000,0.0000,0.0000,-3.1035,-0.2135,2.9999,-0.0972,-0.0150,0.0051
1774945159.7914,0.0000,0.0000,0.0000,0.0000,0.0000,-3.1070,-0.2135,-13.1238,-0.1803,-0.0107,-0.0055
1774945159.8112,0.0000,0.0000,0.0000,0.0000,0.0000,-3.1160,-0.2129,21.5283,-0.3689,0.0106,0.0051
1774945159.8313,0.0000,0.0000,0.0000,0.0000,0.0000,-3.1233,-0.2096,-16.6306,-0.4008,-0.0448,0.0381
1774945159.8513,0.0000,0.0000,0.0000,0.0000,0.0000,-3.1265,-0.2084,1.7097,-0.3039,0.0095,0.0775
1774945159.8713,0.0000,0.0000,0.0000,0.0000,0.0000,-3.1307,-0.2048,4.8905,-0.3635,-0.0448,0.0562
1774945159.8946,0.0000,0.0000,0.0000,0.0000,0.0000,-3.1318,-0.2049,-19.3295,-0.3156,-0.0033,0.0403
1774945159.9138,0.0000,0.0000,0.0000,0.0000,0.0000,-3.1382,-0.2074,9.7901,-0.2879,0.0628,-0.0439
1774945159.9314,0.0000,0.0000,0.0000,0.0000,0.0000,-3.1373,-0.2090,-51.2564,0.0349,0.1171,-0.1036
1774945159.9513,0.0000,0.0000,0.0000,0.0000,0.0000,-3.1370,-0.2096,17.5903,0.1829,0.1256,-0.1749
1774945159.9714,0.0000,0.0000,0.0000,0.0000,0.0000,-3.1382,-0.2109,0.0000,0.1137,0.0979,-0.1813
1774945159.9912,0.0000,0.0000,0.0000,0.0000,0.0000,3.1397,-0.2131,51.8886,0.0232,0.0851,-0.0599
1774945160.0125,0.0000,0.0000,0.0000,0.0000,0.0000,3.1385,-0.2134,-41.9728,0.1254,0.0383,-0.0343
1774945160.0313,0.0000,0.0000,0.0000,0.0000,0.0000,3.1413,-0.2121,-36.7594,0.3331,-0.0182,0.0733
1774945160.0512,0.0000,0.0000,0.0000,0.0000,0.0000,-3.1397,-0.2099,-49.7937,0.0924,-0.0001,0.1191
1774945160.0714,0.0000,0.0000,0.0000,0.0000,0.0000,-3.1402,-0.2095,2.1626,-0.0535,0.0734,0.1415
1774945160.0912,0.0000,0.0000,0.0000,0.0000,0.0000,-3.1356,-0.2102,30.6178,0.0935,0.0851,0.1425
1774945160.1113,0.0000,0.0000,0.0000,0.0000,0.0000,-3.1282,-0.2105,-0.9306,0.2266,-0.0054,0.0978
1774945160.1313,0.0000,0.0000,0.0000,0.0000,0.0000,-3.1205,-0.2093,-28.1129,0.1766,-0.0491,0.0136
1774945160.1513,0.0000,0.0000,0.0000,0.0000,0.0000,-3.1158,-0.2106,2.3804,0.0136,0.0361,-0.0567
1774945160.1713,0.0000,0.0000,0.0000,0.0000,0.0000,-3.1134,-0.2129,17.2845,-0.0717,0.0755,-0.0918
1774945160.1912,0.0000,0.0000,0.0000,0.0000,0.0000,-3.1123,-0.2119,-10.3906,-0.0706,0.0052,-0.0801
1774945160.2114,0.0000,0.0000,0.0000,0.0000,0.0000,-3.1124,-0.2110,8.1315,-0.0717,-0.0661,-0.0450
1774945160.2313,0.0000,0.0000,0.0000,0.0000,0.0000,-3.1180,-0.2089,-9.3075,-0.1441,-0.0960,-0.0045
1774945160.2513,0.0000,0.0000,0.0000,0.0000,0.0000,-3.1250,-0.2083,-6.1053,-0.1974,-0.0406,0.0147
1774945160.2712,0.0000,0.0000,0.0000,0.0000,0.0000,-3.1289,-0.2102,4.9779,-0.1526,-0.0033,0.0211
1774945160.2913,0.0000,0.0000,0.0000,0.0000,0.0000,-3.1305,-0.2120,-31.7595,-0.0748,-0.0182,0.0285
1774945160.3115,0.0000,0.0000,0.0000,0.0000,0.0000,-3.1318,-0.2141,-14.6066,-0.0003,0.0574,-0.0034
1774945160.3312,0.0000,0.0000,0.0000,0.0000,0.0000,-3.1362,-0.2145,28.3895,-0.0567,0.0159,-0.0535
1774945160.3513,0.0000,0.0000,0.0000,0.0000,0.0000,-3.1410,-0.2143,0.8619,-0.0376,-0.0022,-0.0801
1774945160.3719,0.0000,0.0000,0.0000,0.0000,0.0000,3.1390,-0.2143,32.6941,0.0136,-0.0288,-0.0769
1774945160.3912,0.0000,0.0000,0.0000,0.0000,0.0000,3.1383,-0.2115,-19.7190,0.0839,-0.0747,-0.0322
1774945160.4114,0.0000,0.0000,0.0000,0.0000,0.0000,3.1402,-0.2066,1.4182,0.1542,-0.1716,-0.0130
1774945160.4318,0.0000,0.0000,0.0000,0.0000,0.0000,-3.1392,-0.1953,-61.4249,0.2106,-0.2952,-0.0844
1774945160.4513,0.0000,0.0000,0.0000,0.0000,0.0000,-3.1387,-0.1867,-23.2912,0.1648,-0.2856,-0.0695
1774945160.4717,0.0000,0.0000,0.0000,0.0000,0.0000,-3.1399,-0.1802,9.4574,0.0636,-0.1908,-0.0098
1774945160.4913,0.0000,0.0000,0.0000,0.0000,0.0000,-3.1402,-0.1784,10.3171,0.0466,-0.0320,0.0893
1774945160.5129,0.0000,0.0000,0.0000,0.0000,0.0000,-3.1375,-0.1748,-10.1356,0.1307,-0.0012,0.1617
1774945160.5313,0.0000,0.0000,0.0000,0.0000,0.0000,-3.1317,-0.1723,-10.4152,0.1776,0.0202,0.1777
1774945160.5513,0.0000,0.0000,0.0000,0.0000,0.0000,-3.1273,-0.1725,-26.2386,0.1371,0.1000,0.1713
1774945160.5714,0.0000,0.0000,0.0000,0.0000,0.0000,-3.1222,-0.1790,15.5609,0.1126,0.2694,0.0957
1774945160.5912,0.0000,0.0000,0.0000,0.0000,0.0000,-3.1198,-0.1866,35.0479,0.0668,0.3834,0.0264
1774945160.6113,0.0000,0.0000,0.0000,0.0000,0.0000,-3.1171,-0.1940,23.5608,0.0679,0.4047,-0.0119
1774945160.6313,0.0000,0.0000,0.0000,0.0000,0.0000,-3.1125,-0.2031,4.5581,0.0881,0.3823,-0.0535
1774945160.6513,0.0000,0.0000,0.0000,0.0000,0.0000,-3.1096,-0.2104,8.6830,0.0732,0.3078,-0.0727
1774945160.6712,0.0000,0.0000,0.0000,0.0000,0.0000,-3.1099,-0.2136,9.5396,0.0157,0.1917,-0.0588
1774945160.6912,0.0000,0.0000,0.0000,0.0000,0.0000,-3.1100,-0.2157,0.3732,-0.0280,0.1118,-0.0269
1774945160.7114,0.0000,0.0000,0.0000,0.0000,0.0000,-3.1096,-0.2161,-5.5274,-0.0418,0.0447,-0.0151
1774945160.7313,0.0000,0.0000,0.0000,0.0000,0.0000,-3.1092,-0.2158,8.2643,-0.0653,-0.0374,-0.0077
1774945160.7514,0.0000,0.0000,0.0000,0.0000,0.0000,-3.1088,-0.2140,0.8515,-0.0610,-0.1375,0.0062
1774945160.7713,0.0000,0.0000,0.0000,0.0000,0.0000,-3.1106,-0.2118,-22.1523,-0.0333,-0.1886,0.0147
1774945160.7913,0.0000,0.0000,0.0000,0.0000,0.0000,-3.1140,-0.2076,-8.3256,-0.0440,-0.2238,0.0190
1774945160.8138,0.0000,0.0000,0.0000,0.0000,0.0000,-3.1164,-0.2044,-8.8067,-0.0727,-0.2888,-0.0098
1774945160.8314,0.0000,0.0000,0.0000,0.0000,0.0000,-3.1184,-0.1991,-16.9977,-0.1015,-0.3218,-0.0269
1774945160.8513,0.0000,0.0000,0.0000,0.0000,0.0000,-3.1208,-0.1965,5.7530,-0.1249,-0.2611,-0.0237
1774945160.8713,0.0000,0.0000,0.0000,0.0000,0.0000,-3.1208,-0.1935,-3.0586,-0.0940,-0.2483,-0.0279
1774945160.8913,0.0000,0.0000,0.0000,0.0000,0.0000,-3.1196,-0.1908,-5.3006,-0.0258,-0.2195,-0.0322
1774945160.9112,0.0000,0.0000,0.0000,0.0000,0.0000,-3.1203,-0.1879,28.1984,-0.0429,-0.1844,-0.0343
1774945160.9313,0.0000,0.0000,0.0000,0.0000,0.0000,-3.1203,-0.1869,36.0417,0.0082,-0.1311,-0.0141
1774945160.9513,0.0000,0.0000,0.0000,0.0000,0.0000,-3.1207,-0.1877,-20.5537,0.0327,-0.0246,-0.0300
1774945160.9713,0.0000,0.0000,0.0000,0.0000,0.0000,-3.1217,-0.1864,-36.4477,0.0477,-0.0065,-0.0407
1774945160.9912,0.0000,0.0000,0.0000,0.0000,0.0000,-3.1246,-0.1860,-22.5510,0.0093,0.0010,-0.0300
1774945161.0112,0.0000,0.0000,0.0000,0.0000,0.0000,-3.1272,-0.1851,5.4674,0.0210,0.0447,0.0030
1774945161.0313,0.0000,0.0000,0.0000,0.0000,0.0000,-3.1271,-0.1849,10.1562,0.0892,0.0905,0.0158
1774945161.0514,0.0000,0.0000,0.0000,0.0000,0.0000,-3.1288,-0.1874,10.5305,0.0945,0.1000,0.0275
1774945161.0713,0.0000,0.0000,0.0000,0.0000,0.0000,-3.1300,-0.1907,1.2935,0.0690,0.1118,0.0413
1774945161.0913,0.0000,0.0000,0.0000,0.0000,0.0000,-3.1273,-0.1916,-17.0061,0.1062,0.0969,0.0381
1774945161.1113,0.0000,0.0000,0.0000,0.0000,0.0000,-3.1242,-0.1912,-25.1228,0.1158,0.0393,0.0072
1774945161.1313,0.0000,0.0000,0.0000,0.0000,0.0000,-3.1214,-0.1911,6.9308,0.0327,-0.0129,-0.0151
1774945161.1512,0.0000,0.0000,0.0000,0.0000,0.0000,-3.1177,-0.1917,24.8368,0.0253,0.0276,-0.0226
1774945161.1714,0.0000,0.0000,0.0000,0.0000,0.0000,-3.1122,-0.1924,31.2830,0.1094,0.0617,-0.0173
1774945161.1912,0.0000,0.0000,0.0000,0.0000,0.0000,-3.1060,-0.1901,-19.0584,0.2394,0.0170,-0.0205
1774945161.2112,0.0000,0.0000,0.0000,0.0000,0.0000,-3.1052,-0.1900,-10.8367,0.2245,0.0542,-0.0162
1774945161.2313,0.0000,0.0000,0.0000,0.0000,0.0000,-3.1065,-0.1906,22.5137,0.1403,0.0447,0.0158
1774945161.2513,0.0000,0.0000,0.0000,0.0000,0.0000,-3.1083,-0.1921,-10.8829,0.1339,0.0276,0.0456
1774945161.2713,0.0000,0.0000,0.0000,0.0000,0.0000,-3.1052,-0.1938,-7.1778,0.1723,0.0425,0.0552
1774945161.2913,0.0000,0.0000,0.0000,0.0000,0.0000,-3.1016,-0.1963,15.9262,0.1648,0.0404,0.0424
1774945161.3112,0.0000,0.0000,0.0000,0.0000,0.0000,-3.0964,-0.1983,-10.4122,0.1276,-0.0012,0.0200
1774945161.3314,0.0000,0.0000,0.0000,0.0000,0.0000,-3.0910,-0.1985,1.6881,0.1371,-0.0246,0.0253
1774945161.3513,0.0000,0.0000,0.0000,0.0000,0.0000,-3.0846,-0.1986,2.8690,0.1670,-0.0523,0.0275
1774945161.3712,0.0000,0.0000,0.0000,0.0000,0.0000,-3.0817,-0.2000,0.9827,0.1094,-0.0576,0.0243
1774945161.3912,0.0000,0.0000,0.0000,0.0000,0.0000,-3.0805,-0.2028,1.2779,0.0338,-0.0161,0.0253
1774945161.4113,0.0000,0.0000,0.0000,0.0000,0.0000,-3.0772,-0.2049,37.3175,0.0295,0.0116,0.0158
1774945161.4314,0.0000,0.0000,0.0000,0.0000,0.0000,-3.0739,-0.2060,8.9318,0.0455,0.0127,0.0253
1774945161.4513,0.0000,0.0000,0.0000,0.0000,0.0000,-3.0726,-0.2086,9.0028,0.0168,-0.0597,0.0072
1774945161.4716,0.0000,0.0000,0.0000,0.0000,0.0000,-3.0737,-0.2082,-21.2421,-0.0408,-0.1002,-0.0183
1774945161.4914,0.0000,0.0000,0.0000,0.0000,0.0000,-3.0755,-0.2096,-6.9978,-0.0610,-0.0949,-0.0226
1774945161.5112,0.0000,0.0000,0.0000,0.0000,0.0000,-3.0768,-0.2112,-16.6812,-0.0834,-0.0576,-0.0364
1774945161.5314,0.0000,0.0000,0.0000,0.0000,0.0000,-3.0761,-0.2110,-19.8326,-0.1057,-0.0555,-0.0300
1774945161.5523,0.0000,0.0000,0.0000,0.0000,0.0000,-3.0828,-0.2116,-13.0581,-0.2282,-0.0012,-0.0300
1774945161.5714,0.0000,0.0000,0.0000,0.0000,0.0000,-3.0852,-0.2081,-3.6447,-0.2272,-0.0853,-0.0258
1774945161.5913,0.0000,0.0000,0.0000,0.0000,0.0000,-3.0858,-0.2028,-10.0474,-0.1622,-0.1439,-0.0173
1774945161.6122,0.0000,0.0000,0.0000,0.0000,0.0000,-3.0872,-0.2006,-3.4486,-0.1686,-0.0640,-0.0087
1774945161.6313,0.0000,0.0000,0.0000,0.0000,0.0000,-3.0912,-0.1958,-4.3008,-0.1952,-0.0001,-0.0418
1774945161.6515,0.0000,0.0000,0.0000,0.0000,0.0000,-3.0952,-0.1942,16.1003,-0.1942,0.0148,-0.0545
1774945161.6713,0.0000,0.0000,0.0000,0.0000,0.0000,-3.0991,-0.1949,24.4395,-0.1068,0.0223,-0.0663
1774945161.6927,0.0000,0.0000,0.0000,0.0000,0.0000,-3.1038,-0.1936,21.8921,-0.0216,0.0116,-0.0854
1774945161.7113,0.0000,0.0000,0.0000,0.0000,0.0000,-3.1081,-0.1934,-0.2757,-0.0024,0.0340,-0.0940
1774945161.7335,0.0000,0.0000,0.0000,0.0000,0.0000,-3.1120,-0.1941,2.5345,-0.0173,0.0713,-0.0673
1774945161.7518,0.0000,0.0000,0.0000,0.0000,0.0000,-3.1163,-0.1944,-23.5958,-0.0322,0.1214,-0.0364
1774945161.7713,0.0000,0.0000,0.0000,0.0000,0.0000,-3.1204,-0.1954,11.7162,-0.0397,0.1586,-0.0077
1774945161.7913,0.0000,0.0000,0.0000,0.0000,0.0000,-3.1191,-0.1951,-28.0259,0.0700,0.1480,0.0381
1774945161.8113,0.0000,0.0000,0.0000,0.0000,0.0000,-3.1176,-0.1957,23.8159,0.0711,0.2087,0.0456
1774945161.8329,0.0000,0.0000,0.0000,0.0000,0.0000,-3.1145,-0.2005,21.1004,0.0391,0.2353,-0.0194
1774945161.8512,0.0000,0.0000,0.0000,0.0000,0.0000,-3.1104,-0.2062,10.3630,0.0221,0.2066,-0.1110
1774945161.8712,0.0000,0.0000,0.0000,0.0000,0.0000,-3.1077,-0.2109,-18.2965,0.0125,0.1533,-0.1153
1774945161.8912,0.0000,0.0000,0.0000,0.0000,0.0000,-3.1079,-0.2132,-2.9243,-0.0205,0.1150,-0.0822
1774945161.9118,0.0000,0.0000,0.0000,0.0000,0.0000,-3.1071,-0.2139,32.9977,-0.0141,0.0702,-0.0556
1774945161.9321,0.0000,0.0000,0.0000,0.0000,0.0000,-3.1107,-0.2178,4.0404,-0.1036,0.0958,-0.0418
1774945161.9514,0.0000,0.0000,0.0000,0.0000,0.0000,-3.1131,-0.2180,-25.8655,-0.1601,0.0532,-0.0482
1774945161.9713,0.0000,0.0000,0.0000,0.0000,0.0000,-3.1128,-0.2190,29.2647,-0.1409,-0.0097,-0.0545
1774945161.9913,0.0000,0.0000,0.0000,0.0000,0.0000,-3.1118,-0.2185,2.6054,-0.1207,-0.0544,-0.0588
1774945162.0112,0.0000,0.0000,0.0000,0.0000,0.0000,-3.1131,-0.2182,-24.3942,-0.1217,-0.0214,-0.0833
1774945162.0312,0.0000,0.0000,0.0000,0.0000,0.0000,-3.1136,-0.2199,-0.0883,-0.0930,0.0202,-0.1110
1774945162.0514,0.0000,0.0000,0.0000,0.0000,0.0000,-3.1190,-0.2232,-14.0959,-0.1345,0.0574,-0.1142
1774945162.0716,0.0000,0.0000,0.0000,0.0000,0.0000,-3.1245,-0.2245,-10.0013,-0.1079,0.0404,-0.0929
1774945162.0913,0.0000,0.0000,0.0000,0.0000,0.0000,-3.1244,-0.2235,-17.1516,0.0082,-0.0012,-0.1195
1774945162.1112,0.0000,0.0000,0.0000,0.0000,0.0000,-3.1291,-0.2240,15.8418,-0.0557,-0.0171,-0.1653
1774945162.1314,0.0000,0.0000,0.0000,0.0000,0.0000,-3.1370,-0.2237,0.1293,-0.2048,0.0084,-0.1771
1774945162.1513,0.0000,0.0000,0.0000,0.0000,0.0000,-3.1410,-0.2205,9.7532,-0.2453,-0.1087,-0.1781
1774945162.1714,0.0000,0.0000,0.0000,0.0000,0.0000,-3.1374,-0.2150,-2.5703,0.2756,-0.2014,-0.1781
1774945162.1913,0.0000,0.0000,0.0000,0.0000,0.0000,-3.1305,-0.2067,-8.8023,0.4599,-0.2302,-0.2016
1774945162.2113,0.0000,0.0000,0.0000,0.0000,0.0000,-3.1298,-0.2026,4.2318,0.1190,-0.0736,-0.1696
1774945162.2323,0.0000,0.0000,0.0000,0.0000,0.0000,-3.1315,-0.2002,-7.5839,0.0455,-0.0448,-0.1110
1774945162.2513,0.0000,0.0000,0.0000,0.0000,0.0000,-3.1314,-0.1971,52.5397,0.1755,0.0777,-0.0460
1774945162.2714,0.0000,0.0000,0.0000,0.0000,0.0000,-3.1282,-0.1946,-21.2262,0.2895,0.0191,0.0850
1774945162.2914,0.0000,0.0000,0.0000,0.0000,0.0000,-3.1263,-0.1946,-9.2380,0.2735,0.0649,0.1638
1774945162.3113,0.0000,0.0000,0.0000,0.0000,0.0000,-3.1241,-0.1994,22.8359,0.1766,0.2055,0.1457
1774945162.3314,0.0000,0.0000,0.0000,0.0000,0.0000,-3.1170,-0.2046,-11.0823,0.1691,0.2865,0.0797
1774945162.3512,0.0000,0.0000,0.0000,0.0000,0.0000,-3.1086,-0.2104,-22.0868,0.2074,0.2716,0.0381
1774945162.3730,0.0000,0.0000,0.0000,0.0000,0.0000,-3.1014,-0.2175,-6.1726,0.2202,0.2236,0.0147
1774945162.3913,0.0000,0.0000,0.0000,0.0000,0.0000,-3.0973,-0.2239,26.1604,0.1829,0.1991,0.0221
1774945162.4113,0.0000,0.0000,0.0000,0.0000,0.0000,-3.0950,-0.2281,33.2020,0.1595,0.1363,0.0435
1774945162.4313,0.0000,0.0000,0.0000,0.0000,0.0000,-3.0911,-0.2318,-17.1107,0.1371,0.1118,0.0530
1774945162.4514,0.0000,0.0000,0.0000,0.0000,0.0000,-3.0867,-0.2330,-18.0044,0.1297,0.0724,0.0275
1774945162.4713,0.0000,0.0000,0.0000,0.0000,0.0000,-3.0812,-0.2334,-0.8935,0.0988,0.0148,0.0115
1774945162.4913,0.0000,0.0000,0.0000,0.0000,0.0000,-3.0775,-0.2338,13.1942,0.0487,-0.0299,-0.0024
1774945162.5113,0.0000,0.0000,0.0000,0.0000,0.0000,-3.0746,-0.2318,21.5036,0.0370,-0.0587,-0.0215
1774945162.5322,0.0000,0.0000,0.0000,0.0000,0.0000,-3.0733,-0.2298,7.8028,0.0168,-0.0842,-0.0205
1774945162.5513,0.0000,0.0000,0.0000,0.0000,0.0000,-3.0749,-0.2277,-0.3490,0.0040,-0.0789,-0.0151
1774945162.5714,0.0000,0.0000,0.0000,0.0000,0.0000,-3.0777,-0.2277,-18.4180,0.0317,-0.0832,0.0104
1774945162.5913,0.0000,0.0000,0.0000,0.0000,0.0000,-3.0772,-0.2264,1.2626,0.0370,-0.1226,0.0072
1774945162.6115,0.0000,0.0000,0.0000,0.0000,0.0000,-3.0774,-0.2268,0.0000,-0.0280,-0.0949,-0.0151
1774945162.6313,0.0000,0.0000,0.0000,0.0000,0.0000,-3.0748,-0.2249,0.0000,-0.0216,-0.1173,-0.0162
1774945162.6513,0.0000,0.0000,0.0000,0.0000,0.0000,-3.0774,-0.2243,3.8959,-0.0408,-0.0896,-0.0077
1774945162.6756,0.0000,0.0000,0.0000,0.0000,0.0000,-3.0785,-0.2246,-0.1310,-0.0567,-0.0810,-0.0151
1774945162.6914,0.0000,0.0000,0.0000,0.0000,0.0000,-3.0778,-0.2257,-10.1650,-0.0599,-0.0470,-0.0162
1774945162.7114,0.0000,0.0000,0.0000,0.0000,0.0000,-3.0781,-0.2281,8.4692,-0.0503,-0.0491,-0.0055
1774945162.7312,0.0000,0.0000,0.0000,0.0000,0.0000,-3.0794,-0.2278,-0.7644,-0.0408,-0.0480,-0.0077
1774945162.7513,0.0000,0.0000,0.0000,0.0000,0.0000,-3.0803,-0.2277,-11.8613,-0.0354,-0.0235,-0.0066
1774945162.7713,0.0000,0.0000,0.0000,0.0000,0.0000,-3.0832,-0.2281,32.4296,-0.0365,-0.0214,-0.0055
1774945162.7913,0.0000,0.0000,0.0000,0.0000,0.0000,-3.0844,-0.2305,-14.8091,-0.0195,-0.0225,-0.0130
1774945162.8112,0.0000,0.0000,0.0000,0.0000,0.0000,-3.0857,-0.2309,4.0437,-0.0141,-0.0342,-0.0162
1774945162.8313,0.0000,0.0000,0.0000,0.0000,0.0000,-3.0879,-0.2324,21.8880,-0.0195,-0.0384,-0.0237
1774945162.8512,0.0000,0.0000,0.0000,0.0000,0.0000,-3.0907,-0.2315,-24.2753,-0.0003,-0.0129,-0.0364
1774945162.8712,0.0000,0.0000,0.0000,0.0000,0.0000,-3.0920,-0.2323,9.6946,0.0189,0.0255,-0.0173
1774945162.8913,0.0000,0.0000,0.0000,0.0000,0.0000,-3.0934,-0.2352,5.0192,0.0530,0.0031,-0.0002
1774945162.9113,0.0000,0.0000,0.0000,0.0000,0.0000,-3.0948,-0.2381,-4.1969,0.0732,0.0202,0.0104
1774945162.9313,0.0000,0.0000,0.0000,0.0000,0.0000,-3.0963,-0.2409,12.0486,0.0711,0.0351,0.0158
1774945162.9513,0.0000,0.0000,0.0000,0.0000,0.0000,-3.0979,-0.2426,1.2350,0.0796,0.0170,0.0200
1774945162.9713,0.0000,0.0000,0.0000,0.0000,0.0000,-3.0970,-0.2443,-14.5099,0.0817,-0.0001,0.0232
1774945162.9912,0.0000,0.0000,0.0000,0.0000,0.0000,-3.0954,-0.2450,-16.7762,0.0764,-0.0107,0.0062
1774945163.0118,0.0000,0.0000,0.0000,0.0000,0.0000,-3.0936,-0.2474,12.4008,0.0828,-0.0022,0.0072
1774945163.0313,0.0000,0.0000,0.0000,0.0000,0.0000,-3.0914,-0.2477,4.4709,0.0977,-0.0139,0.0072
1774945163.0513,0.0000,0.0000,0.0000,0.0000,0.0000,-3.0885,-0.2480,-14.8586,0.1105,-0.0459,0.0147
1774945163.0713,0.0000,0.0000,0.0000,0.0000,0.0000,-3.0873,-0.2477,-30.3213,0.0839,-0.0384,0.0104
1774945163.0912,0.0000,0.0000,0.0000,0.0000,0.0000,-3.0874,-0.2462,-1.9717,0.0668,-0.0278,0.0094
1774945163.1113,0.0000,0.0000,0.0000,0.0000,0.0000,-3.0839,-0.2469,12.9678,0.0402,-0.0203,0.0051
1774945163.1313,0.0000,0.0000,0.0000,0.0000,0.0000,-3.0804,-0.2471,-1.4513,0.0413,-0.0352,0.0062
1774945163.1512,0.0000,0.0000,0.0000,0.0000,0.0000,-3.0769,-0.2459,-13.6790,0.0519,-0.0523,0.0030
1774945163.1713,0.0000,0.0000,0.0000,0.0000,0.0000,-3.0764,-0.2449,7.4018,0.0327,-0.0928,-0.0055
1774945163.1912,0.0000,0.0000,0.0000,0.0000,0.0000,-3.0777,-0.2436,-3.7252,-0.0131,-0.1055,-0.0162
1774945163.2112,0.0000,0.0000,0.0000,0.0000,0.0000,-3.0746,-0.2426,5.4677,-0.0216,-0.0779,-0.0290
1774945163.2313,0.0000,0.0000,0.0000,0.0000,0.0000,-3.0716,-0.2419,8.2225,-0.0056,-0.0608,-0.0300
1774945163.2512,0.0000,0.0000,0.0000,0.0000,0.0000,-3.0700,-0.2430,-5.2058,-0.0173,-0.0416,-0.0226
1774945163.2713,0.0000,0.0000,0.0000,0.0000,0.0000,-3.0703,-0.2450,-4.7320,-0.0546,-0.0299,-0.0205
1774945163.2912,0.0000,0.0000,0.0000,0.0000,0.0000,-3.0729,-0.2450,-12.6884,-0.0887,-0.0022,-0.0322
1774945163.3113,0.0000,0.0000,0.0000,0.0000,0.0000,-3.0738,-0.2419,47.9117,-0.0163,-0.0693,-0.0364
1774945163.3313,0.0000,0.0000,0.0000,0.0000,0.0000,-3.0751,-0.2411,29.4059,-0.0067,-0.0384,-0.0141
1774945163.3513,0.0000,0.0000,0.0000,0.0000,0.0000,-3.0771,-0.2380,1.0669,-0.0013,0.0159,-0.0258
1774945163.3715,0.0000,0.0000,0.0000,0.0000,0.0000,-3.0794,-0.2354,-40.3057,-0.0237,0.0532,-0.0503
1774945163.3913,0.0000,0.0000,0.0000,0.0000,0.0000,-3.0818,-0.2335,-15.2003,-0.0077,0.0777,-0.0354
1774945163.4112,0.0000,0.0000,0.0000,0.0000,0.0000,-3.0849,-0.2333,-3.8135,-0.0227,0.1618,-0.0173
1774945163.4322,0.0000,0.0000,0.0000,0.0000,0.0000,-3.0867,-0.2330,20.7892,-0.0131,0.1746,-0.0130
1774945163.4512,0.0000,0.0000,0.0000,0.0000,0.0000,-3.0862,-0.2341,-6.6416,-0.0152,0.1842,-0.0077
1774945163.4720,0.0000,0.0000,0.0000,0.0000,0.0000,-3.0847,-0.2357,-8.2610,-0.0290,0.1480,-0.0183
1774945163.4913,0.0000,0.0000,0.0000,0.0000,0.0000,-3.0820,-0.2352,-6.6760,0.0104,0.0436,-0.0034
1774945163.5113,0.0000,0.0000,0.0000,0.0000,0.0000,-3.0803,-0.2360,27.9846,0.0253,0.0020,-0.0098
1774945163.5313,0.0000,0.0000,0.0000,0.0000,0.0000,-3.0804,-0.2361,27.1139,0.0359,0.0127,-0.0141
1774945163.5513,0.0000,0.0000,0.0000,0.0000,0.0000,-3.0821,-0.2361,-15.6856,0.0210,0.0127,-0.0119
1774945163.5714,0.0000,0.0000,0.0000,0.0000,0.0000,-3.0837,-0.2381,-23.1966,0.0423,0.0106,-0.0087
1774945163.5914,0.0000,0.0000,0.0000,0.0000,0.0000,-3.0830,-0.2398,20.7937,0.0594,-0.0022,0.0040
1774945163.6112,0.0000,0.0000,0.0000,0.0000,0.0000,-3.0824,-0.2409,16.1744,0.0455,-0.0043,0.0040
1774945163.6313,0.0000,0.0000,0.0000,0.0000,0.0000,-3.0818,-0.2433,-1.6358,0.0242,0.0138,-0.0066
1774945163.6513,0.0000,0.0000,0.0000,0.0000,0.0000,-3.0791,-0.2441,20.1518,0.0349,0.0159,-0.0024
1774945163.6712,0.0000,0.0000,0.0000,0.0000,0.0000,-3.0780,-0.2450,2.8789,0.0338,0.0084,-0.0066
1774945163.6913,0.0000,0.0000,0.0000,0.0000,0.0000,-3.0765,-0.2444,1.8761,0.0455,-0.0384,-0.0183
1774945163.7112,0.0000,0.0000,0.0000,0.0000,0.0000,-3.0736,-0.2425,-26.1895,0.0445,-0.0832,-0.0279
1774945163.7313,0.0000,0.0000,0.0000,0.0000,0.0000,-3.0731,-0.2395,-32.9119,0.0551,-0.1034,-0.0258
1774945163.7512,0.0000,0.0000,0.0000,0.0000,0.0000,-3.0727,-0.2401,5.3963,0.0370,-0.0661,-0.0173
1774945163.7713,0.0000,0.0000,0.0000,0.0000,0.0000,-3.0734,-0.2390,14.7191,0.0072,-0.0427,-0.0269
1774945163.7912,0.0000,0.0000,0.0000,0.0000,0.0000,-3.0759,-0.2380,-1.7819,-0.0514,-0.0288,-0.0215
1774945163.8112,0.0000,0.0000,0.0000,0.0000,0.0000,-3.0752,-0.2383,-3.9595,-0.0418,-0.0278,0.0019
1774945163.8313,0.0000,0.0000,0.0000,0.0000,0.0000,-3.0738,-0.2404,2.6592,-0.0429,-0.0097,0.0115
1774945163.8512,0.0000,0.0000,0.0000,0.0000,0.0000,-3.0732,-0.2400,-1.5998,-0.0408,-0.0395,0.0094
1774945163.8712,0.0000,0.0000,0.0000,0.0000,0.0000,-3.0737,-0.2385,-68.0420,-0.0440,-0.0310,-0.0045
1774945163.8914,0.0000,0.0000,0.0000,0.0000,0.0000,-3.0739,-0.2391,27.5556,-0.0503,-0.0043,-0.0119
1774945163.9115,0.0000,0.0000,0.0000,0.0000,0.0000,-3.0749,-0.2397,52.5050,-0.0472,-0.0395,-0.0013
1774945163.9313,0.0000,0.0000,0.0000,0.0000,0.0000,-3.0772,-0.2398,-16.9402,-0.0440,-0.0736,-0.0237
1774945163.9519,0.0000,0.0000,0.0000,0.0000,0.0000,-3.0799,-0.2394,4.6272,-0.0663,-0.1013,-0.0141
1774945163.9712,0.0000,0.0000,0.0000,0.0000,0.0000,-3.0835,-0.2392,-7.2869,-0.0482,-0.1247,-0.0077
1774945163.9912,0.0000,0.0000,0.0000,0.0000,0.0000,-3.0891,-0.2369,-7.5763,-0.1175,-0.0704,0.0147
1774945164.0115,0.0000,0.0000,0.0000,0.0000,0.0000,-3.0940,-0.2361,1.2203,-0.1771,0.0084,0.0253
1774945164.0313,0.0000,0.0000,0.0000,0.0000,0.0000,-3.0959,-0.2344,-13.4844,-0.1579,0.0564,0.0104
1774945164.0513,0.0000,0.0000,0.0000,0.0000,0.0000,-3.0951,-0.2343,-5.8300,-0.1132,0.0532,0.0115
1774945164.0713,0.0000,0.0000,0.0000,0.0000,0.0000,-3.0923,-0.2319,21.6939,-0.0717,-0.0459,-0.0290
1774945164.0912,0.0000,0.0000,0.0000,0.0000,0.0000,-3.0943,-0.2310,5.7293,-0.0482,-0.0225,-0.0215
1774945164.1112,0.0000,0.0000,0.0000,0.0000,0.0000,-3.0974,-0.2338,20.3092,-0.0631,0.0138,-0.0077
1774945164.1313,0.0000,0.0000,0.0000,0.0000,0.0000,-3.0983,-0.2345,-65.5699,-0.0663,0.0170,-0.0024
1774945164.1512,0.0000,0.0000,0.0000,0.0000,0.0000,-3.1008,-0.2358,-80.1660,-0.0440,0.0180,-0.0098
1774945164.1714,0.0000,0.0000,0.0000,0.0000,0.0000,-3.1023,-0.2361,-75.3814,-0.0503,0.0031,-0.0173
1774945164.1913,0.0000,0.0000,0.0000,0.0000,0.0000,-3.1039,-0.2373,-48.9244,-0.0535,0.0191,-0.0130
1774945164.2116,0.0000,0.0000,0.0000,0.0000,0.0000,-3.1052,-0.2402,28.0850,-0.0248,0.0489,-0.0109
1774945164.2313,0.0000,0.0000,0.0000,0.0000,0.0000,-3.1058,-0.2425,66.6264,-0.0195,0.0468,0.0051
1774945164.2514,0.0000,0.0000,0.0000,0.0000,0.0000,-3.1054,-0.2407,18.1528,0.0040,-0.0533,-0.0247
1774945164.2713,0.0000,0.0000,0.0000,0.0000,0.0000,-3.1047,-0.2359,-3.4801,0.0029,-0.1471,-0.0524
1774945164.2913,0.0000,0.0000,0.0000,0.0000,0.0000,-3.1085,-0.2330,0.7401,-0.0056,-0.1354,-0.0311
1774945164.3119,0.0000,0.0000,0.0000,0.0000,0.0000,-3.1112,-0.2334,-11.2624,-0.0301,-0.0480,-0.0109
1774945164.3316,0.0000,0.0000,0.0000,0.0000,0.0000,-3.1125,-0.2298,12.9747,-0.0163,-0.0565,-0.0087
1774945164.3513,0.0000,0.0000,0.0000,0.0000,0.0000,-3.1113,-0.2261,-27.4997,0.0359,-0.0757,0.0030
1774945164.3713,0.0000,0.0000,0.0000,0.0000,0.0000,-3.1111,-0.2257,-2.8104,0.0487,-0.0608,-0.0130
1774945164.3913,0.0000,0.0000,0.0000,0.0000,0.0000,-3.1124,-0.2257,1.0638,0.0061,-0.0182,-0.0045
1774945164.4112,0.0000,0.0000,0.0000,0.0000,0.0000,-3.1139,-0.2268,36.4799,-0.0322,0.0372,0.0115
1774945164.4313,0.0000,0.0000,0.0000,0.0000,0.0000,-3.1110,-0.2295,32.4433,-0.0067,0.0713,0.0072
1774945164.4512,0.0000,0.0000,0.0000,0.0000,0.0000,-3.1088,-0.2303,-31.3055,-0.0099,0.1022,-0.0077
1774945164.4713,0.0000,0.0000,0.0000,0.0000,0.0000,-3.1086,-0.2311,14.9054,-0.0503,0.0574,-0.0364
1774945164.4913,0.0000,0.0000,0.0000,0.0000,0.0000,-3.1095,-0.2301,-14.0056,-0.0983,-0.0139,-0.0343
1774945164.5113,0.0000,0.0000,0.0000,0.0000,0.0000,-3.1126,-0.2285,-51.1695,-0.0898,-0.0139,0.0083
1774945164.5313,0.0000,0.0000,0.0000,0.0000,0.0000,-3.1147,-0.2274,16.3354,-0.1302,0.0106,0.0360
1774945164.5512,0.0000,0.0000,0.0000,0.0000,0.0000,-3.1171,-0.2257,-12.7668,-0.1675,0.0202,0.0498
1774945164.5713,0.0000,0.0000,0.0000,0.0000,0.0000,-3.1182,-0.2231,12.9464,-0.1750,-0.0161,0.0285
1774945164.5912,0.0000,0.0000,0.0000,0.0000,0.0000,-3.1170,-0.2215,-17.5803,-0.0962,-0.0310,-0.0151
1774945164.6113,0.0000,0.0000,0.0000,0.0000,0.0000,-3.1176,-0.2175,-4.2152,-0.0823,-0.0533,-0.0332
1774945164.6313,0.0000,0.0000,0.0000,0.0000,0.0000,-3.1229,-0.2145,-4.0076,-0.1143,-0.0267,-0.0343
1774945164.6513,0.0000,0.0000,0.0000,0.0000,0.0000,-3.1269,-0.2141,14.8144,-0.1249,0.0212,-0.0364
1774945164.6713,0.0000,0.0000,0.0000,0.0000,0.0000,-3.1307,-0.2138,2.4442,-0.1302,0.0457,-0.0279
1774945164.6913,0.0000,0.0000,0.0000,0.0000,0.0000,-3.1331,-0.2147,-18.9357,-0.1015,0.0489,-0.0290
1774945164.7112,0.0000,0.0000,0.0000,0.0000,0.0000,-3.1352,-0.2180,-0.9757,-0.0493,0.0361,-0.0322
1774945164.7312,0.0000,0.0000,0.0000,0.0000,0.0000,-3.1391,-0.2202,-14.3071,-0.0195,0.0202,-0.0237
1774945164.7513,0.0000,0.0000,0.0000,0.0000,0.0000,-3.1415,-0.2234,11.7912,-0.0088,0.0159,-0.0226
1774945164.7713,0.0000,0.0000,0.0000,0.0000,0.0000,3.1404,-0.2266,-18.2782,0.0327,-0.0203,-0.0194
1774945164.7913,0.0000,0.0000,0.0000,0.0000,0.0000,3.1402,-0.2276,-4.7091,0.0871,-0.0438,-0.0343
1774945164.8113,0.0000,0.0000,0.0000,0.0000,0.0000,3.1379,-0.2259,-1.8384,0.0924,-0.1205,-0.0673
1774945164.8350,0.0000,0.0000,0.0000,0.0000,0.0000,3.1357,-0.2206,7.8097,0.0636,-0.2238,-0.0631
1774945164.8513,0.0000,0.0000,0.0000,0.0000,0.0000,3.1374,-0.2192,7.1541,0.1137,-0.2078,-0.0503
1774945164.8713,0.0000,0.0000,0.0000,0.0000,0.0000,-3.1409,-0.2147,-24.2327,0.1680,-0.1620,-0.0279
1774945164.8913,0.0000,0.0000,0.0000,0.0000,0.0000,3.1397,-0.2122,47.0887,-0.0301,0.0297,0.0296
1774945164.9114,0.0000,0.0000,0.0000,0.0000,0.0000,3.1392,-0.2092,-13.1224,-0.0258,-0.0012,0.0637
1774945164.9314,0.0000,0.0000,0.0000,0.0000,0.0000,3.1402,-0.2049,13.6477,-0.0440,-0.0012,0.0946
1774945164.9512,0.0000,0.0000,0.0000,0.0000,0.0000,-3.1409,-0.2012,-10.7548,-0.0621,-0.0502,0.0701
1774945164.9713,0.0000,0.0000,0.0000,0.0000,0.0000,-3.1379,-0.1984,0.1259,-0.0440,-0.0246,0.0221
1774945164.9913,0.0000,0.0000,0.0000,0.0000,0.0000,-3.1351,-0.1968,5.2209,-0.0429,0.0244,-0.0151
1774945165.0113,0.0000,0.0000,0.0000,0.0000,0.0000,-3.1339,-0.1957,0.2065,-0.0610,0.0606,-0.0300
1774945165.0314,0.0000,0.0000,0.0000,0.0000,0.0000,-3.1329,-0.1981,-8.3581,-0.0610,0.1075,-0.0375
1774945165.0527,0.0000,0.0000,0.0000,0.0000,0.0000,-3.1363,-0.2023,-5.2364,-0.0365,0.1554,-0.0205
1774945165.0713,0.0000,0.0000,0.0000,0.0000,0.0000,-3.1408,-0.2073,4.2138,-0.0365,0.1799,-0.0055
1774945165.0913,0.0000,0.0000,0.0000,0.0000,0.0000,3.1379,-0.2122,-12.6504,-0.0344,0.1693,0.0168
1774945165.1113,0.0000,0.0000,0.0000,0.0000,0.0000,3.1338,-0.2168,-13.3016,-0.0258,0.1384,0.0136
1774945165.1314,0.0000,0.0000,0.0000,0.0000,0.0000,3.1302,-0.2208,-5.0258,-0.0056,0.0692,-0.0002
1774945165.1513,0.0000,0.0000,0.0000,0.0000,0.0000,3.1267,-0.2237,-1.2526,-0.0088,0.0212,-0.0077
1774945165.1713,0.0000,0.0000,0.0000,0.0000,0.0000,3.1287,-0.2261,11.0577,0.0157,-0.0331,-0.0130
1774945165.1912,0.0000,0.0000,0.0000,0.0000,0.0000,3.1323,-0.2260,7.9903,0.0381,-0.0683,-0.0269
1774945165.2161,0.0000,0.0000,0.0000,0.0000,0.0000,3.1344,-0.2248,12.2041,0.0221,-0.0885,-0.0279
1774945165.2314,0.0000,0.0000,0.0000,0.0000,0.0000,3.1398,-0.2222,-2.3655,-0.0067,-0.1524,-0.0247
1774945165.2514,0.0000,0.0000,0.0000,0.0000,0.0000,-3.1411,-0.2208,-9.5856,-0.0354,-0.1588,-0.0290
1774945165.2729,0.0000,0.0000,0.0000,0.0000,0.0000,3.1403,-0.2208,-3.4637,-0.0951,-0.1162,-0.0279
1774945165.2912,0.0000,0.0000,0.0000,0.0000,0.0000,3.1376,-0.2195,-6.0240,-0.1334,-0.1024,-0.0237
1774945165.3113,0.0000,0.0000,0.0000,0.0000,0.0000,3.1390,-0.2188,-10.8813,-0.0546,-0.0129,-0.0194
1774945165.3315,0.0000,0.0000,0.0000,0.0000,0.0000,3.1382,-0.2190,5.8993,-0.0205,-0.0438,-0.0119
1774945165.3513,0.0000,0.0000,0.0000,0.0000,0.0000,3.1364,-0.2176,6.9368,-0.0525,-0.0810,-0.0311
1774945165.3725,0.0000,0.0000,0.0000,0.0000,0.0000,3.1324,-0.2118,7.0205,-0.0717,-0.1908,-0.0577
1774945165.3912,0.0000,0.0000,0.0000,0.0000,0.0000,3.1291,-0.2055,-6.0429,-0.1057,-0.1929,-0.0886
1774945165.4113,0.0000,0.0000,0.0000,0.0000,0.0000,3.1276,-0.1995,-3.1631,-0.0759,-0.1343,-0.0801
1774945165.4313,0.0000,0.0000,0.0000,0.0000,0.0000,3.1276,-0.1960,22.9613,-0.0258,-0.0374,-0.0588
1774945165.4512,0.0000,0.0000,0.0000,0.0000,0.0000,3.1269,-0.1913,20.6391,0.0530,-0.0683,-0.0524
1774945165.4725,0.0000,0.0000,0.0000,0.0000,0.0000,3.1265,-0.1860,16.2907,0.0775,-0.0693,-0.0577
1774945165.4912,0.0000,0.0000,0.0000,0.0000,0.0000,3.1244,-0.1816,29.7163,0.0274,-0.0651,-0.0439
1774945165.5112,0.0000,0.0000,0.0000,0.0000,0.0000,3.1224,-0.1814,-2.1063,0.0210,0.0308,-0.0173
1774945165.5313,0.0000,0.0000,0.0000,0.0000,0.0000,3.1253,-0.1834,-5.0418,0.0381,0.1895,-0.0045
1774945165.5513,0.0000,0.0000,0.0000,0.0000,0.0000,3.1276,-0.1856,57.2760,0.0626,0.2460,0.0190
1774945165.5713,0.0000,0.0000,0.0000,0.0000,0.0000,3.1288,-0.1896,30.5429,0.0232,0.2247,0.0062
1774945165.5913,0.0000,0.0000,0.0000,0.0000,0.0000,3.1302,-0.1949,-20.0573,0.0232,0.2588,-0.0002
1774945165.6112,0.0000,0.0000,0.0000,0.0000,0.0000,3.1321,-0.2004,9.7759,0.0136,0.2929,-0.0141
1774945165.6313,0.0000,0.0000,0.0000,0.0000,0.0000,3.1345,-0.2080,-5.8271,0.0029,0.2907,-0.0343
1774945165.6516,0.0000,0.0000,0.0000,0.0000,0.0000,3.1361,-0.2131,16.4372,0.0221,0.2577,-0.0535
1774945165.6712,0.0000,0.0000,0.0000,0.0000,0.0000,3.1354,-0.2150,0.7118,-0.0290,0.1917,-0.0982
1774945165.6913,0.0000,0.0000,0.0000,0.0000,0.0000,3.1347,-0.2187,-19.0309,-0.1047,0.1533,-0.1536
1774945165.7114,0.0000,0.0000,0.0000,0.0000,0.0000,3.1362,-0.2209,5.8904,-0.0237,0.1118,-0.1249
1774945165.7315,0.0000,0.0000,0.0000,0.0000,0.0000,3.1371,-0.2182,11.5899,0.0999,-0.0033,-0.0759
1774945165.7514,0.0000,0.0000,0.0000,0.0000,0.0000,3.1352,-0.2149,-8.6783,0.0498,-0.1183,-0.0450
1774945165.7714,0.0000,0.0000,0.0000,0.0000,0.0000,3.1309,-0.2126,-37.2781,-0.0429,-0.1386,-0.0162
1774945165.7913,0.0000,0.0000,0.0000,0.0000,0.0000,3.1276,-0.2101,20.0442,0.0019,-0.1769,0.0168
1774945165.8114,0.0000,0.0000,0.0000,0.0000,0.0000,3.1301,-0.2055,-8.0251,0.0562,-0.2163,0.0275
1774945165.8314,0.0000,0.0000,0.0000,0.0000,0.0000,3.1317,-0.2022,4.5223,0.0849,-0.2504,0.0200
1774945165.8513,0.0000,0.0000,0.0000,0.0000,0.0000,3.1317,-0.1999,-25.8935,0.0264,-0.2323,0.0211
1774945165.8713,0.0000,0.0000,0.0000,0.0000,0.0000,3.1330,-0.1971,2.2359,0.0455,-0.1652,0.0317
1774945165.8914,0.0000,0.0000,0.0000,0.0000,0.0000,3.1342,-0.1938,-6.2009,0.0509,-0.1844,0.0200
1774945165.9114,0.0000,0.0000,0.0000,0.0000,0.0000,3.1348,-0.1923,105.1348,0.0785,-0.1386,0.0083
1774945165.9313,0.0000,0.0000,0.0000,0.0000,0.0000,3.1374,-0.1897,38.4097,-0.0152,-0.1162,-0.1078
1774945165.9512,0.0000,0.0000,0.0000,0.0000,0.0000,3.1394,-0.1915,46.4185,0.0775,-0.0171,-0.2324
1774945165.9712,0.0000,0.0000,0.0000,0.0000,0.0000,3.1413,-0.1948,-9.0170,0.0274,0.0265,-0.2569
1774945165.9913,0.0000,0.0000,0.0000,0.0000,0.0000,3.1415,-0.1971,-8.3604,0.0221,0.0479,-0.2527
1774945166.0115,0.0000,0.0000,0.0000,0.0000,0.0000,3.1396,-0.1976,-7.5722,0.0775,0.0319,-0.1824
1774945166.0313,0.0000,0.0000,0.0000,0.0000,0.0000,3.1392,-0.2005,-39.5198,0.0828,0.0425,-0.1440
1774945166.0513,0.0000,0.0000,0.0000,0.0000,0.0000,3.1351,-0.2034,7.8513,-0.0429,0.1022,-0.1014
1774945166.0722,0.0000,0.0000,0.0000,0.0000,0.0000,3.1319,-0.2040,0.9451,0.0594,0.0063,-0.0205
1774945166.0913,0.0000,0.0000,0.0000,0.0000,0.0000,3.1327,-0.2084,-46.1385,0.0679,0.0574,-0.0215
1774945166.1112,0.0000,0.0000,0.0000,0.0000,0.0000,3.1347,-0.2079,-11.8175,0.1361,0.0372,-0.0130
1774945166.1313,0.0000,0.0000,0.0000,0.0000,0.0000,3.1362,-0.2048,22.9991,0.1052,-0.1013,-0.0258
1774945166.1513,0.0000,0.0000,0.0000,0.0000,0.0000,3.1387,-0.2010,-10.1958,0.0999,-0.1844,-0.0130
1774945166.1714,0.0000,0.0000,0.0000,0.0000,0.0000,-3.1391,-0.1985,23.2010,0.1393,-0.1439,-0.0173
1774945166.1913,0.0000,0.0000,0.0000,0.0000,0.0000,-3.1326,-0.1972,23.2272,0.1467,-0.1428,-0.0609
1774945166.2113,0.0000,0.0000,0.0000,0.0000,0.0000,-3.1300,-0.1993,-11.0729,0.0945,-0.0331,-0.0886
1774945166.2392,0.0000,0.0000,0.0000,0.0000,0.0000,-3.1256,-0.1990,11.7791,0.0658,-0.0150,-0.1281
1774945166.2518,0.0000,0.0000,0.0000,0.0000,0.0000,-3.1216,-0.1973,9.8205,0.1233,-0.0544,-0.1387
1774945166.2718,0.0000,0.0000,0.0000,0.0000,0.0000,-3.1196,-0.1966,-27.4757,0.0764,-0.0512,-0.1355
1774945166.2912,0.0000,0.0000,0.0000,0.0000,0.0000,-3.1166,-0.1981,12.6226,0.1052,0.0425,-0.1206
1774945166.3113,0.0000,0.0000,0.0000,0.0000,0.0000,-3.1172,-0.1994,20.7608,0.0999,0.0521,-0.1185
1774945166.3313,0.0000,0.0000,0.0000,0.0000,0.0000,-3.1176,-0.1980,7.9436,0.0157,-0.0523,-0.1067
1774945166.3512,0.0000,0.0000,0.0000,0.0000,0.0000,-3.1153,-0.1948,13.1624,0.0413,-0.1045,-0.0950
1774945166.3713,0.0000,0.0000,0.0000,0.0000,0.0000,-3.1125,-0.1952,-0.9941,0.0754,-0.1300,-0.0865
1774945166.3913,0.0000,0.0000,0.0000,0.0000,0.0000,-3.1143,-0.1965,-16.1960,0.0445,-0.0587,-0.0822
1774945166.4112,0.0000,0.0000,0.0000,0.0000,0.0000,-3.1161,-0.1983,-3.4311,-0.0131,-0.0214,-0.1078
1774945166.4313,0.0000,0.0000,0.0000,0.0000,0.0000,-3.1194,-0.2001,9.2474,-0.0717,0.0116,-0.0876
1774945166.4513,0.0000,0.0000,0.0000,0.0000,0.0000,-3.1224,-0.1992,17.0688,-0.0109,-0.0416,-0.0503
1774945166.4713,0.0000,0.0000,0.0000,0.0000,0.0000,-3.1252,-0.1986,-24.6411,-0.0301,-0.0715,-0.0343
1774945166.4912,0.0000,0.0000,0.0000,0.0000,0.0000,-3.1239,-0.1964,-13.9676,-0.0354,-0.0928,-0.0439
1774945166.5112,0.0000,0.0000,0.0000,0.0000,0.0000,-3.1238,-0.1920,0.9922,0.0019,-0.1396,-0.0524
1774945166.5312,0.0000,0.0000,0.0000,0.0000,0.0000,-3.1234,-0.1888,-9.4445,0.0477,-0.0352,-0.0641
1774945166.5513,0.0000,0.0000,0.0000,0.0000,0.0000,-3.1235,-0.1857,17.9885,0.0913,-0.0065,-0.0716
1774945166.5714,0.0000,0.0000,0.0000,0.0000,0.0000,-3.1237,-0.1821,-6.2286,0.1552,-0.0864,-0.0173
1774945166.5913,0.0000,0.0000,0.0000,0.0000,0.0000,-3.1255,-0.1783,37.2814,0.0487,-0.0938,0.0882
1774945166.6113,0.0000,0.0000,0.0000,0.0000,0.0000,-3.1274,-0.1744,21.1929,0.0029,-0.0480,0.1415
1774945166.6314,0.0000,0.0000,0.0000,0.0000,0.0000,-3.1224,-0.1735,20.3577,0.0754,0.0585,0.1425
1774945166.6514,0.0000,0.0000,0.0000,0.0000,0.0000,-3.1179,-0.1738,24.6332,0.1009,0.1469,0.1095
1774945166.6713,0.0000,0.0000,0.0000,0.0000,0.0000,-3.1144,-0.1751,-3.0976,0.0807,0.1938,0.0435
1774945166.6913,0.0000,0.0000,0.0000,0.0000,0.0000,-3.1102,-0.1769,9.6927,0.0881,0.1874,-0.0055
1774945166.7113,0.0000,0.0000,0.0000,0.0000,0.0000,-3.1069,-0.1797,2.3012,0.0924,0.1895,-0.0258
1774945166.7333,0.0000,0.0000,0.0000,0.0000,0.0000,-3.1052,-0.1842,2.8772,0.0967,0.2066,-0.0279
1774945166.7513,0.0000,0.0000,0.0000,0.0000,0.0000,-3.1030,-0.1884,-1.5247,0.0477,0.2055,-0.0173
1774945166.7712,0.0000,0.0000,0.0000,0.0000,0.0000,-3.1000,-0.1903,4.1010,0.0125,0.1608,0.0019
1774945166.7912,0.0000,0.0000,0.0000,0.0000,0.0000,-3.0979,-0.1920,-15.6580,0.0050,0.1139,0.0115
1774945166.8113,0.0000,0.0000,0.0000,0.0000,0.0000,-3.0962,-0.1924,1.6946,-0.0045,0.0542,0.0136
1774945166.8312,0.0000,0.0000,0.0000,0.0000,0.0000,-3.0978,-0.1937,-13.4032,0.0690,-0.0001,0.0584
1774945166.8512,0.0000,0.0000,0.0000,0.0000,0.0000,-3.1008,-0.1952,-0.1711,-0.0280,0.0042,0.1532
1774945166.8713,0.0000,0.0000,0.0000,0.0000,0.0000,-3.1034,-0.1977,-0.5991,-0.0152,-0.0129,0.2118
1774945166.8913,0.0000,0.0000,0.0000,0.0000,0.0000,-3.1058,-0.1997,22.8072,0.0104,-0.0054,0.2395
1774945166.9113,0.0000,0.0000,0.0000,0.0000,0.0000,-3.1039,-0.2004,75.0632,0.0530,-0.0938,0.2373
1774945166.9312,0.0000,0.0000,0.0000,0.0000,0.0000,-3.1018,-0.1993,6.1484,0.0572,-0.1343,0.1841
1774945166.9522,0.0000,0.0000,0.0000,0.0000,0.0000,-3.0995,-0.1986,-92.5274,0.0455,-0.1237,0.1468
1774945166.9713,0.0000,0.0000,0.0000,0.0000,0.0000,-3.0935,-0.1971,37.1787,0.0327,-0.1119,0.0733
1774945166.9913,0.0000,0.0000,0.0000,0.0000,0.0000,-3.0881,-0.1964,13.4367,0.0935,-0.0853,0.0530
1774945167.0113,0.0000,0.0000,0.0000,0.0000,0.0000,-3.0815,-0.1953,38.2527,0.1606,-0.0725,0.0403
1774945167.0312,0.0000,0.0000,0.0000,0.0000,0.0000,-3.0744,-0.1949,26.1976,0.1979,-0.0693,0.0104
1774945167.0514,0.0000,0.0000,0.0000,0.0000,0.0000,-3.0738,-0.1940,6.7944,0.1148,-0.0246,0.0104
1774945167.0721,0.0000,0.0000,0.0000,0.0000,0.0000,-3.0724,-0.1899,-17.5366,0.0572,-0.0640,-0.0045
1774945167.0912,0.0000,0.0000,0.0000,0.0000,0.0000,-3.0747,-0.1856,-58.5266,-0.0525,-0.0661,-0.0130
1774945167.1112,0.0000,0.0000,0.0000,0.0000,0.0000,-3.0752,-0.1833,-13.2741,-0.1462,0.0084,-0.1089
1774945167.1312,0.0000,0.0000,0.0000,0.0000,0.0000,-3.0744,-0.1818,4.9471,-0.1302,-0.0533,-0.1824
1774945167.1512,0.0000,0.0000,0.0000,0.0000,0.0000,-3.0734,-0.1821,-21.9920,-0.1015,-0.0257,-0.1941
1774945167.1712,0.0000,0.0000,0.0000,0.0000,0.0000,-3.0718,-0.1819,17.2672,-0.0908,-0.0107,-0.1579
1774945167.1912,0.0000,0.0000,0.0000,0.0000,0.0000,-3.0741,-0.1835,-11.7739,-0.1377,-0.0491,-0.1270
1774945167.2112,0.0000,0.0000,0.0000,0.0000,0.0000,-3.0810,-0.1854,10.0223,-0.2282,0.0042,-0.0972
1774945167.2313,0.0000,0.0000,0.0000,0.0000,0.0000,-3.0883,-0.1857,24.3074,-0.2741,-0.0118,-0.0705
1774945167.2513,0.0000,0.0000,0.0000,0.0000,0.0000,-3.0937,-0.1873,-40.9484,-0.2559,0.0340,-0.0460
1774945167.2713,0.0000,0.0000,0.0000,0.0000,0.0000,-3.0995,-0.1877,-4.0585,-0.2187,0.0937,-0.0492
1774945167.2917,0.0000,0.0000,0.0000,0.0000,0.0000,-3.1074,-0.1879,37.9259,-0.2559,0.0340,-0.0631
1774945167.3112,0.0000,0.0000,0.0000,0.0000,0.0000,-3.1122,-0.1890,-1.0950,-0.1995,0.0372,-0.0908
1774945167.3314,0.0000,0.0000,0.0000,0.0000,0.0000,-3.1188,-0.1895,25.3950,-0.1345,0.0564,-0.1078
1774945167.3513,0.0000,0.0000,0.0000,0.0000,0.0000,-3.1248,-0.1901,0.0850,-0.0631,0.0553,-0.0982
1774945167.3722,0.0000,0.0000,0.0000,0.0000,0.0000,-3.1303,-0.1911,10.3069,-0.0461,0.0862,-0.0950
1774945167.3914,0.0000,0.0000,0.0000,0.0000,0.0000,-3.1356,-0.1918,46.2266,-0.0461,0.0670,-0.0567
1774945167.4113,0.0000,0.0000,0.0000,0.0000,0.0000,-3.1404,-0.1935,-0.0863,-0.0301,0.0681,-0.0151
1774945167.4314,0.0000,0.0000,0.0000,0.0000,0.0000,3.1405,-0.1957,-0.7305,-0.0322,0.0809,0.0179
1774945167.4512,0.0000,0.0000,0.0000,0.0000,0.0000,-3.1397,-0.1965,-5.5689,0.0232,0.0638,0.0221
1774945167.4713,0.0000,0.0000,0.0000,0.0000,0.0000,-3.1354,-0.1989,-23.0418,0.0572,0.0542,0.0104
1774945167.4913,0.0000,0.0000,0.0000,0.0000,0.0000,-3.1379,-0.2008,-10.3098,0.0221,0.0628,0.0083
1774945167.5113,0.0000,0.0000,0.0000,0.0000,0.0000,-3.1343,-0.2016,17.3372,0.0370,0.0447,0.0072
1774945167.5313,0.0000,0.0000,0.0000,0.0000,0.0000,-3.1341,-0.1998,19.8266,0.0732,-0.0512,0.0680
1774945167.5513,0.0000,0.0000,0.0000,0.0000,0.0000,-3.1348,-0.2021,22.2609,-0.0109,0.0212,0.1670
1774945167.5714,0.0000,0.0000,0.0000,0.0000,0.0000,-3.1373,-0.2051,24.5638,-0.1334,0.0351,0.2171
1774945167.5913,0.0000,0.0000,0.0000,0.0000,0.0000,-3.1364,-0.2038,-36.3957,-0.1228,-0.0320,0.0680
1774945167.6113,0.0000,0.0000,0.0000,0.0000,0.0000,-3.1329,-0.2027,36.9118,0.0019,-0.0544,-0.0833
1774945167.6315,0.0000,0.0000,0.0000,0.0000,0.0000,-3.1285,-0.2033,-2.1999,0.0668,0.0265,-0.1515
1774945167.6512,0.0000,0.0000,0.0000,0.0000,0.0000,-3.1308,-0.2041,47.9570,0.1126,0.1118,-0.1344
1774945167.6713,0.0000,0.0000,0.0000,0.0000,0.0000,-3.1318,-0.2044,20.9375,0.1435,0.0830,-0.0769
1774945167.6914,0.0000,0.0000,0.0000,0.0000,0.0000,-3.1331,-0.2049,-5.5290,0.1190,0.0585,-0.0258
1774945167.7115,0.0000,0.0000,0.0000,0.0000,0.0000,-3.1360,-0.2041,0.0000,-0.0195,0.0148,0.0456
1774945167.7313,0.0000,0.0000,0.0000,0.0000,0.0000,-3.1399,-0.2008,-0.5709,-0.0397,-0.0139,0.2011
1774945167.7513,0.0000,0.0000,0.0000,0.0000,0.0000,-3.1400,-0.2022,25.1652,-0.0333,0.0574,0.2107
1774945167.7713,0.0000,0.0000,0.0000,0.0000,0.0000,-3.1372,-0.2037,9.6720,-0.0312,0.0574,0.1670
1774945167.7913,0.0000,0.0000,0.0000,0.0000,0.0000,-3.1331,-0.2046,-10.7871,-0.0802,0.0202,0.0871
1774945167.8114,0.0000,0.0000,0.0000,0.0000,0.0000,-3.1345,-0.2033,-2.6789,-0.1079,-0.0491,0.0094
1774945167.8313,0.0000,0.0000,0.0000,0.0000,0.0000,-3.1354,-0.2045,-4.0337,-0.0663,-0.1194,-0.0396
1774945167.8513,0.0000,0.0000,0.0000,0.0000,0.0000,-3.1348,-0.2036,-15.2034,-0.1270,-0.1205,-0.1227
1774945167.8715,0.0000,0.0000,0.0000,0.0000,0.0000,-3.1344,-0.1995,-49.9702,0.0381,-0.1183,-0.2324
1774945167.8912,0.0000,0.0000,0.0000,0.0000,0.0000,-3.1357,-0.1958,36.7738,-0.0152,-0.0161,-0.2122
1774945167.9114,0.0000,0.0000,0.0000,0.0000,0.0000,-3.1404,-0.1953,-1.5248,-0.0631,-0.0203,-0.0375
1774945167.9313,0.0000,0.0000,0.0000,0.0000,0.0000,3.1382,-0.1975,53.1099,-0.1292,0.1192,0.1606
1774945167.9513,0.0000,0.0000,0.0000,0.0000,0.0000,3.1380,-0.1965,-5.1986,-0.0823,-0.0054,0.1862
1774945167.9713,0.0000,0.0000,0.0000,0.0000,0.0000,3.1380,-0.1989,-25.7083,-0.0631,0.0042,0.2054
1774945167.9912,0.0000,0.0000,0.0000,0.0000,0.0000,3.1372,-0.2019,6.0952,-0.0802,0.0457,0.1489
1774945168.0114,0.0000,0.0000,0.0000,0.0000,0.0000,3.1391,-0.2042,-24.2664,-0.0386,-0.0331,0.0648
1774945168.0313,0.0000,0.0000,0.0000,0.0000,0.0000,3.1395,-0.2084,-9.3602,-0.0344,0.0851,0.0168
1774945168.0514,0.0000,0.0000,0.0000,0.0000,0.0000,3.1406,-0.2093,32.9674,-0.0908,-0.0001,-0.0588
1774945168.0713,0.0000,0.0000,0.0000,0.0000,0.0000,-3.1408,-0.2064,-13.6439,-0.0631,-0.0938,-0.2239
1774945168.0913,0.0000,0.0000,0.0000,0.0000,0.0000,-3.1384,-0.2047,-28.5624,0.1403,-0.0257,-0.3251
1774945168.1113,0.0000,0.0000,0.0000,0.0000,0.0000,-3.1408,-0.2053,0.8753,0.1062,0.0905,-0.3006
1774945168.1313,0.0000,0.0000,0.0000,0.0000,0.0000,3.1396,-0.2066,0.6633,0.1393,0.0809,-0.1717
1774945168.1512,0.0000,0.0000,0.0000,0.0000,0.0000,3.1370,-0.2067,-1.2655,0.0615,0.0553,-0.0684
1774945168.1714,0.0000,0.0000,0.0000,0.0000,0.0000,3.1333,-0.2078,3.7256,-0.0163,0.1160,0.0168
1774945168.1913,0.0000,0.0000,0.0000,0.0000,0.0000,3.1320,-0.2067,-46.1681,-0.0045,0.0734,0.1383
1774945168.2114,0.0000,0.0000,0.0000,0.0000,0.0000,3.1348,-0.2067,17.4666,0.0413,0.0255,0.1713
1774945168.2318,0.0000,0.0000,0.0000,0.0000,0.0000,-3.1413,-0.2080,-31.2408,0.0530,0.0500,0.1574
1774945168.2512,0.0000,0.0000,0.0000,0.0000,0.0000,-3.1375,-0.2070,1.3869,-0.0088,0.0031,0.1074
1774945168.2737,0.0000,0.0000,0.0000,0.0000,0.0000,-3.1338,-0.2067,-20.2013,-0.0088,-0.0565,0.0307
1774945168.2914,0.0000,0.0000,0.0000,0.0000,0.0000,-3.1320,-0.2090,4.5057,-0.0408,0.0404,-0.0183
1774945168.3113,0.0000,0.0000,0.0000,0.0000,0.0000,-3.1305,-0.2086,-26.6279,-0.1057,0.0244,-0.1217
1774945168.3319,0.0000,0.0000,0.0000,0.0000,0.0000,-3.1285,-0.2076,-40.3903,0.0242,-0.0001,-0.2293
1774945168.3513,0.0000,0.0000,0.0000,0.0000,0.0000,-3.1325,-0.2051,-20.6643,-0.0397,-0.0406,-0.2016
1774945168.3720,0.0000,0.0000,0.0000,0.0000,0.0000,-3.1385,-0.2051,-17.4017,-0.0589,-0.0097,-0.1312
1774945168.3912,0.0000,0.0000,0.0000,0.0000,0.0000,3.1386,-0.2044,1.7961,-0.0631,0.0202,-0.0258
1774945168.4112,0.0000,0.0000,0.0000,0.0000,0.0000,3.1337,-0.2051,-4.4794,-0.0717,0.0415,0.1170
1774945168.4314,0.0000,0.0000,0.0000,0.0000,0.0000,3.1292,-0.2084,11.7792,-0.1420,0.0830,0.2043
1774945168.4514,0.0000,0.0000,0.0000,0.0000,0.0000,3.1273,-0.2109,-16.7869,-0.1494,0.0574,0.2064
1774945168.4712,0.0000,0.0000,0.0000,0.0000,0.0000,3.1298,-0.2132,3.1223,-0.0834,0.0116,0.1148
1774945168.4913,0.0000,0.0000,0.0000,0.0000,0.0000,3.1324,-0.2147,2.7007,-0.0557,0.0020,-0.0024
1774945168.5116,0.0000,0.0000,0.0000,0.0000,0.0000,3.1360,-0.2159,-0.0421,0.0146,0.0191,-0.0854
1774945168.5314,0.0000,0.0000,0.0000,0.0000,0.0000,3.1355,-0.2164,-16.3693,-0.0227,0.0170,-0.1057
1774945168.5513,0.0000,0.0000,0.0000,0.0000,0.0000,3.1305,-0.2177,33.5019,-0.0610,0.0457,-0.0854
1774945168.5714,0.0000,0.0000,0.0000,0.0000,0.0000,3.1273,-0.2157,12.6310,-0.0706,-0.0033,-0.0407
1774945168.5916,0.0000,0.0000,0.0000,0.0000,0.0000,3.1254,-0.2154,-14.1913,-0.0610,0.0074,-0.0013
1774945168.6114,0.0000,0.0000,0.0000,0.0000,0.0000,3.1242,-0.2162,-26.1644,-0.0695,0.0457,0.0104
1774945168.6314,0.0000,0.0000,0.0000,0.0000,0.0000,3.1211,-0.2174,12.1832,-0.1420,0.0383,0.0264
1774945168.6514,0.0000,0.0000,0.0000,0.0000,0.0000,3.1202,-0.2127,-13.9683,-0.0951,-0.1311,0.0339
1774945168.6713,0.0000,0.0000,0.0000,0.0000,0.0000,3.1220,-0.2082,-23.8003,-0.0269,-0.2014,-0.0322
1774945168.6913,0.0000,0.0000,0.0000,0.0000,0.0000,3.1180,-0.2064,7.5606,-0.0621,-0.1418,-0.0450
1774945168.7113,0.0000,0.0000,0.0000,0.0000,0.0000,3.1147,-0.2061,16.1146,-0.0088,-0.0800,-0.0087
1774945168.7314,0.0000,0.0000,0.0000,0.0000,0.0000,3.1136,-0.2067,-0.8780,-0.0099,-0.0022,0.0211
1774945168.7513,0.0000,0.0000,0.0000,0.0000,0.0000,3.1160,-0.2039,-28.4770,0.0019,-0.0523,-0.0780
1774945168.7718,0.0000,0.0000,0.0000,0.0000,0.0000,3.1173,-0.2003,-15.9663,0.0594,-0.0917,-0.1536
1774945168.7915,0.0000,0.0000,0.0000,0.0000,0.0000,3.1175,-0.1990,-37.4597,0.0477,-0.0150,-0.1611
1774945168.8115,0.0000,0.0000,0.0000,0.0000,0.0000,3.1156,-0.1992,18.8792,0.0988,0.0436,-0.1099
1774945168.8314,0.0000,0.0000,0.0000,0.0000,0.0000,3.1133,-0.1998,-12.8134,0.0913,0.0553,-0.0428
1774945168.8515,0.0000,0.0000,0.0000,0.0000,0.0000,3.1110,-0.1992,-7.9720,0.0711,0.0265,0.0243
1774945168.8713,0.0000,0.0000,0.0000,0.0000,0.0000,3.1090,-0.1969,14.4231,0.0200,0.0361,0.0594
1774945168.8913,0.0000,0.0000,0.0000,0.0000,0.0000,3.1099,-0.1951,-1.6332,0.0040,0.0702,0.0839
1774945168.9116,0.0000,0.0000,0.0000,0.0000,0.0000,3.1112,-0.2001,24.6185,0.0423,0.1949,0.1670
1774945168.9316,0.0000,0.0000,0.0000,0.0000,0.0000,3.1126,-0.2067,48.5683,0.0359,0.2087,0.2341
1774945168.9513,0.0000,0.0000,0.0000,0.0000,0.0000,3.1177,-0.2099,13.1486,0.0519,0.0979,0.2384
1774945168.9715,0.0000,0.0000,0.0000,0.0000,0.0000,3.1216,-0.2137,-6.8255,0.0264,0.0383,0.1905
1774945168.9913,0.0000,0.0000,0.0000,0.0000,0.0000,3.1216,-0.2157,14.8084,-0.0195,0.0287,0.1393
1774945169.0117,0.0000,0.0000,0.0000,0.0000,0.0000,3.1238,-0.2176,15.4996,-0.0493,0.0191,0.1063
1774945169.0315,0.0000,0.0000,0.0000,0.0000,0.0000,3.1271,-0.2163,-22.5717,-0.0429,-0.0374,0.0914
1774945169.0514,0.0000,0.0000,0.0000,0.0000,0.0000,3.1274,-0.2171,25.7715,-0.1345,-0.0533,0.0626
1774945169.0713,0.0000,0.0000,0.0000,0.0000,0.0000,3.1279,-0.2145,4.5881,-0.0440,-0.1024,0.0307
1774945169.0914,0.0000,0.0000,0.0000,0.0000,0.0000,3.1286,-0.2170,9.6092,0.0264,-0.0161,0.0285
1774945169.1112,0.0000,0.0000,0.0000,0.0000,0.0000,3.1299,-0.2174,-4.6007,0.1073,-0.0193,0.0275
1774945169.1313,0.0000,0.0000,0.0000,0.0000,0.0000,3.1276,-0.2170,-9.8162,0.0445,-0.0502,0.0445
1774945169.1512,0.0000,0.0000,0.0000,0.0000,0.0000,3.1242,-0.2163,-19.9171,-0.0227,-0.0768,0.0605
1774945169.1713,0.0000,0.0000,0.0000,0.0000,0.0000,3.1212,-0.2169,-2.0991,-0.0365,-0.0704,0.1020
1774945169.1923,0.0000,0.0000,0.0000,0.0000,0.0000,3.1201,-0.2163,22.3190,0.0008,-0.0512,0.1276
1774945169.2115,0.0000,0.0000,0.0000,0.0000,0.0000,3.1215,-0.2137,-30.8077,0.0285,-0.0779,0.0903
1774945169.2318,0.0000,0.0000,0.0000,0.0000,0.0000,3.1255,-0.2105,-15.2797,0.0647,-0.1013,0.0062
1774945169.2514,0.0000,0.0000,0.0000,0.0000,0.0000,3.1299,-0.2081,6.1073,0.0413,-0.0619,-0.0567
1774945169.2712,0.0000,0.0000,0.0000,0.0000,0.0000,3.1312,-0.2070,42.5349,-0.0248,0.0095,-0.0716
1774945169.2913,0.0000,0.0000,0.0000,0.0000,0.0000,3.1331,-0.2047,-10.7363,-0.0301,-0.0342,-0.1504
1774945169.3114,0.0000,0.0000,0.0000,0.0000,0.0000,3.1345,-0.2030,-25.6802,0.0210,-0.0171,-0.1866
1774945169.3313,0.0000,0.0000,0.0000,0.0000,0.0000,3.1313,-0.2012,11.2878,-0.0312,0.0052,-0.1387
1774945169.3513,0.0000,0.0000,0.0000,0.0000,0.0000,3.1288,-0.2010,-8.6934,-0.0237,0.0287,-0.0876
1774945169.3715,0.0000,0.0000,0.0000,0.0000,0.0000,3.1238,-0.2000,17.7174,-0.0610,0.0031,0.0221
1774945169.3913,0.0000,0.0000,0.0000,0.0000,0.0000,3.1211,-0.2008,2.1449,0.0136,0.0202,0.0616
1774945169.4134,0.0000,0.0000,0.0000,0.0000,0.0000,3.1219,-0.2020,0.2169,0.0359,0.0819,0.0658
1774945169.4315,0.0000,0.0000,0.0000,0.0000,0.0000,3.1220,-0.2012,20.1180,-0.0131,0.0692,0.0243
1774945169.4514,0.0000,0.0000,0.0000,0.0000,0.0000,3.1236,-0.2001,-15.8750,-0.0312,0.0596,-0.0290
1774945169.4739,0.0000,0.0000,0.0000,0.0000,0.0000,3.1240,-0.2008,-1.9341,0.0221,0.0702,-0.0535
1774945169.4914,0.0000,0.0000,0.0000,0.0000,0.0000,3.1243,-0.2032,-5.2439,0.0604,0.0990,-0.0503
1774945169.5123,0.0000,0.0000,0.0000,0.0000,0.0000,3.1236,-0.2049,-13.6711,0.0604,0.0990,-0.0471
1774945169.5314,0.0000,0.0000,0.0000,0.0000,0.0000,3.1192,-0.2066,10.0128,0.0264,0.0841,-0.0013
1774945169.5513,0.0000,0.0000,0.0000,0.0000,0.0000,3.1179,-0.2065,5.3320,0.0114,0.0809,0.0211
1774945169.5713,0.0000,0.0000,0.0000,0.0000,0.0000,3.1187,-0.2073,6.5234,-0.0056,0.0436,0.0381
1774945169.5915,0.0000,0.0000,0.0000,0.0000,0.0000,3.1208,-0.2082,-0.6804,0.0040,0.0148,0.0285
1774945169.6134,0.0000,0.0000,0.0000,0.0000,0.0000,3.1231,-0.2086,11.5286,-0.0088,0.0180,0.0062
1774945169.6312,0.0000,0.0000,0.0000,0.0000,0.0000,3.1260,-0.2105,6.8043,0.0019,0.0116,-0.0151
1774945169.6513,0.0000,0.0000,0.0000,0.0000,0.0000,3.1287,-0.2113,-22.2123,0.0349,0.0074,-0.0258
1774945169.6714,0.0000,0.0000,0.0000,0.0000,0.0000,3.1260,-0.2115,-5.4762,0.0082,0.0127,-0.0258
1774945169.6914,0.0000,0.0000,0.0000,0.0000,0.0000,3.1219,-0.2123,-5.0666,-0.0131,0.0095,-0.0279
1774945169.7114,0.0000,0.0000,0.0000,0.0000,0.0000,3.1237,-0.2120,-16.1853,0.0114,0.0180,-0.0151
1774945169.7313,0.0000,0.0000,0.0000,0.0000,0.0000,3.1231,-0.2104,-4.5202,0.0445,0.0191,0.0062
1774945169.7512,0.0000,0.0000,0.0000,0.0000,0.0000,3.1227,-0.2090,-2.8685,0.0402,-0.0012,0.0147
1774945169.7713,0.0000,0.0000,0.0000,0.0000,0.0000,3.1209,-0.2071,-0.1348,0.0104,-0.0214,0.0179
1774945169.7914,0.0000,0.0000,0.0000,0.0000,0.0000,3.1228,-0.2078,1.9122,-0.0205,-0.0182,0.0104
1774945169.8115,0.0000,0.0000,0.0000,0.0000,0.0000,3.1257,-0.2099,-2.4760,-0.0067,-0.0139,0.0008
1774945169.8314,0.0000,0.0000,0.0000,0.0000,0.0000,3.1274,-0.2125,-0.0861,-0.0013,-0.0033,-0.0024
1774945169.8513,0.0000,0.0000,0.0000,0.0000,0.0000,3.1276,-0.2155,2.4136,-0.0024,-0.0171,-0.0066
1774945169.8714,0.0000,0.0000,0.0000,0.0000,0.0000,3.1294,-0.2187,0.8308,0.0178,-0.0075,-0.0226
1774945169.8914,0.0000,0.0000,0.0000,0.0000,0.0000,3.1289,-0.2222,3.3568,0.0029,0.0042,-0.0332
1774945169.9135,0.0000,0.0000,0.0000,0.0000,0.0000,3.1306,-0.2231,-4.1270,-0.0035,0.0042,-0.0428
1774945169.9315,0.0000,0.0000,0.0000,0.0000,0.0000,3.1306,-0.2227,-32.9568,0.0359,-0.0736,-0.0439
1774945169.9513,0.0000,0.0000,0.0000,0.0000,0.0000,3.1315,-0.2198,-17.7217,0.0466,-0.1055,-0.0322
1774945169.9714,0.0000,0.0000,0.0000,0.0000,0.0000,3.1295,-0.2198,-2.3418,0.0562,-0.0896,-0.0194
1774945169.9914,0.0000,0.0000,0.0000,0.0000,0.0000,3.1279,-0.2188,-8.4897,0.0338,-0.0789,-0.0045
1774945170.0113,0.0000,0.0000,0.0000,0.0000,0.0000,3.1268,-0.2172,-26.3821,0.0338,-0.1002,-0.0045
1774945170.0314,0.0000,0.0000,0.0000,0.0000,0.0000,3.1274,-0.2156,-6.0647,0.0327,-0.1535,-0.0109
1774945170.0513,0.0000,0.0000,0.0000,0.0000,0.0000,3.1270,-0.2135,2.9515,0.0306,-0.1865,0.0008
1774945170.0712,0.0000,0.0000,0.0000,0.0000,0.0000,3.1287,-0.2141,6.5629,0.0583,-0.1418,0.0019
1774945170.0912,0.0000,0.0000,0.0000,0.0000,0.0000,3.1301,-0.2153,15.1483,0.0711,-0.1247,-0.0087
1774945170.1113,0.0000,0.0000,0.0000,0.0000,0.0000,3.1298,-0.2158,2.1419,0.0828,-0.1375,-0.0109
1774945170.1312,0.0000,0.0000,0.0000,0.0000,0.0000,3.1283,-0.2156,6.2391,0.0722,-0.1418,0.0115
1774945170.1514,0.0000,0.0000,0.0000,0.0000,0.0000,3.1315,-0.2159,-9.3555,0.1126,-0.1322,0.0147
1774945170.1714,0.0000,0.0000,0.0000,0.0000,0.0000,3.1350,-0.2170,-9.5538,0.1638,-0.0842,0.0136
1774945170.1913,0.0000,0.0000,0.0000,0.0000,0.0000,3.1365,-0.2167,30.9841,0.1510,-0.0779,0.0104
1774945170.2113,0.0000,0.0000,0.0000,0.0000,0.0000,3.1358,-0.2130,-13.5321,0.0956,-0.1034,0.0094
1774945170.2313,0.0000,0.0000,0.0000,0.0000,0.0000,3.1379,-0.2107,15.8543,0.0796,-0.1024,0.0179
1774945170.2514,0.0000,0.0000,0.0000,0.0000,0.0000,-3.1403,-0.2108,2.7361,0.1190,-0.0917,0.0083
1774945170.2713,0.0000,0.0000,0.0000,0.0000,0.0000,-3.1350,-0.2112,3.7700,0.1350,-0.0661,-0.0034
1774945170.2920,0.0000,0.0000,0.0000,0.0000,0.0000,-3.1326,-0.2104,44.9388,0.0775,-0.0448,-0.0237
1774945170.3113,0.0000,0.0000,0.0000,0.0000,0.0000,-3.1292,-0.2100,-51.4069,0.0732,-0.0086,-0.0290
1774945170.3313,0.0000,0.0000,0.0000,0.0000,0.0000,-3.1259,-0.2055,12.1644,0.0903,-0.0842,-0.0141
1774945170.3513,0.0000,0.0000,0.0000,0.0000,0.0000,-3.1231,-0.2011,-7.3709,0.1233,-0.0864,-0.0024
1774945170.3713,0.0000,0.0000,0.0000,0.0000,0.0000,-3.1224,-0.2007,-1.0727,0.1169,-0.0779,-0.0002
1774945170.3913,0.0000,0.0000,0.0000,0.0000,0.0000,-3.1224,-0.2032,11.2832,0.0796,-0.0416,-0.0119
1774945170.4115,0.0000,0.0000,0.0000,0.0000,0.0000,-3.1235,-0.2032,-10.8869,0.0860,-0.0257,-0.0226
1774945170.4313,0.0000,0.0000,0.0000,0.0000,0.0000,-3.1202,-0.2008,2.3491,0.1009,-0.0629,-0.0045
1774945170.4517,0.0000,0.0000,0.0000,0.0000,0.0000,-3.1180,-0.1976,17.4856,0.1307,-0.0640,0.0275
1774945170.4713,0.0000,0.0000,0.0000,0.0000,0.0000,-3.1162,-0.1959,-21.6965,0.1233,-0.0597,0.0317
1774945170.4913,0.0000,0.0000,0.0000,0.0000,0.0000,-3.1144,-0.1968,10.9428,0.1457,-0.0107,0.0083
1774945170.5113,0.0000,0.0000,0.0000,0.0000,0.0000,-3.1129,-0.2000,1.2718,0.1521,0.0606,0.0062
1774945170.5313,0.0000,0.0000,0.0000,0.0000,0.0000,-3.1093,-0.2036,13.7092,0.1148,0.1064,-0.0098
1774945170.5513,0.0000,0.0000,0.0000,0.0000,0.0000,-3.1076,-0.2017,-5.1765,0.1318,-0.0470,0.0211
1774945170.5713,0.0000,0.0000,0.0000,0.0000,0.0000,-3.1021,-0.1972,-42.4078,0.2106,-0.1396,0.0211
1774945170.5913,0.0000,0.0000,0.0000,0.0000,0.0000,-3.0968,-0.1938,-13.6276,0.2639,-0.0352,0.0147
1774945170.6115,0.0000,0.0000,0.0000,0.0000,0.0000,-3.0964,-0.1948,29.7559,0.1616,0.0223,-0.0034
1774945170.6313,0.0000,0.0000,0.0000,0.0000,0.0000,-3.0948,-0.1921,-20.1895,0.0860,-0.0107,-0.0130
1774945170.6516,0.0000,0.0000,0.0000,0.0000,0.0000,-3.0959,-0.1909,-51.6025,-0.0227,0.0862,0.0147
1774945170.6713,0.0000,0.0000,0.0000,0.0000,0.0000,-3.0954,-0.1932,-9.7180,-0.0674,0.1757,0.0307
1774945170.6913,0.0000,0.0000,0.0000,0.0000,0.0000,-3.0919,-0.1955,6.6623,0.0136,0.1491,0.0094
1774945170.7113,0.0000,0.0000,0.0000,0.0000,0.0000,-3.0889,-0.1958,8.6852,-0.0195,0.0990,-0.0098
1774945170.7312,0.0000,0.0000,0.0000,0.0000,0.0000,-3.0870,-0.1934,13.0709,-0.1111,-0.0278,-0.0173
1774945170.7516,0.0000,0.0000,0.0000,0.0000,0.0000,-3.0865,-0.1915,-12.7863,-0.1771,-0.0651,-0.0535
1774945170.7713,0.0000,0.0000,0.0000,0.0000,0.0000,-3.0865,-0.1902,-12.3545,-0.1856,0.0180,-0.1249
1774945170.7913,0.0000,0.0000,0.0000,0.0000,0.0000,-3.0871,-0.1911,4.8052,-0.1484,0.0574,-0.1291
1774945170.8113,0.0000,0.0000,0.0000,0.0000,0.0000,-3.0924,-0.1935,-12.4894,-0.1473,0.0787,-0.1099
1774945170.8312,0.0000,0.0000,0.0000,0.0000,0.0000,-3.0994,-0.1961,-6.3412,-0.1441,0.0979,-0.0854
1774945170.8512,0.0000,0.0000,0.0000,0.0000,0.0000,-3.1058,-0.1986,43.1919,-0.1143,0.0819,-0.0705
1774945170.8712,0.0000,0.0000,0.0000,0.0000,0.0000,-3.1118,-0.2016,-6.3556,-0.0919,0.1277,-0.0226
1774945170.8912,0.0000,0.0000,0.0000,0.0000,0.0000,-3.1170,-0.2027,27.1783,-0.0866,0.0670,-0.0087
1774945170.9113,0.0000,0.0000,0.0000,0.0000,0.0000,-3.1218,-0.2031,-5.8846,-0.1249,0.0052,-0.0183
1774945170.9312,0.0000,0.0000,0.0000,0.0000,0.0000,-3.1230,-0.2006,1.8894,-0.1100,-0.0193,-0.0215
1774945170.9513,0.0000,0.0000,0.0000,0.0000,0.0000,-3.1267,-0.1961,19.1754,-0.1633,-0.0097,0.0094
1774945170.9712,0.0000,0.0000,0.0000,0.0000,0.0000,-3.1303,-0.1928,24.3760,-0.1792,0.0500,0.0839
1774945170.9912,0.0000,0.0000,0.0000,0.0000,0.0000,-3.1338,-0.1907,24.9070,-0.1920,0.1203,0.1255
1774945171.0115,0.0000,0.0000,0.0000,0.0000,0.0000,-3.1349,-0.1899,8.7398,-0.2400,0.1022,0.0978
1774945171.0314,0.0000,0.0000,0.0000,0.0000,0.0000,-3.1359,-0.1890,5.9108,-0.1963,0.1448,0.0328
1774945171.0515,0.0000,0.0000,0.0000,0.0000,0.0000,-3.1366,-0.1891,-5.7648,-0.2048,0.1160,-0.0343
1774945171.0714,0.0000,0.0000,0.0000,0.0000,0.0000,-3.1389,-0.1903,-7.4351,-0.1792,0.1192,-0.0769
1774945171.0914,0.0000,0.0000,0.0000,0.0000,0.0000,3.1382,-0.1928,24.3610,-0.1558,0.1277,-0.0993
1774945171.1115,0.0000,0.0000,0.0000,0.0000,0.0000,3.1337,-0.1946,-5.6845,-0.1473,0.1341,-0.0940
1774945171.1313,0.0000,0.0000,0.0000,0.0000,0.0000,3.1259,-0.1984,-16.6604,-0.1004,0.1203,-0.0577
1774945171.1513,0.0000,0.0000,0.0000,0.0000,0.0000,3.1216,-0.2017,17.8487,-0.1079,0.1288,-0.0450
1774945171.1713,0.0000,0.0000,0.0000,0.0000,0.0000,3.1176,-0.2058,23.4382,-0.0780,0.1192,-0.0332
1774945171.1912,0.0000,0.0000,0.0000,0.0000,0.0000,3.1159,-0.2110,10.4575,-0.0557,0.0755,-0.0311
1774945171.2125,0.0000,0.0000,0.0000,0.0000,0.0000,3.1168,-0.2131,-20.3805,-0.0472,0.0351,-0.0439
1774945171.2315,0.0000,0.0000,0.0000,0.0000,0.0000,3.1157,-0.2157,53.1392,-0.0493,0.0170,-0.0460
1774945171.2514,0.0000,0.0000,0.0000,0.0000,0.0000,3.1139,-0.2161,37.1142,-0.0354,-0.0395,-0.0343
1774945171.2715,0.0000,0.0000,0.0000,0.0000,0.0000,3.1123,-0.2168,-9.6995,-0.0258,-0.0842,-0.0194
1774945171.2915,0.0000,0.0000,0.0000,0.0000,0.0000,3.1108,-0.2168,6.5487,-0.0141,-0.0693,-0.0024
1774945171.3113,0.0000,0.0000,0.0000,0.0000,0.0000,3.1108,-0.2158,15.7405,0.0029,-0.1024,0.0040
1774945171.3313,0.0000,0.0000,0.0000,0.0000,0.0000,3.1102,-0.2153,1.0957,0.0061,-0.1354,-0.0066
1774945171.3513,0.0000,0.0000,0.0000,0.0000,0.0000,3.1101,-0.2143,-19.7335,0.0136,-0.1322,-0.0279
1774945171.3712,0.0000,0.0000,0.0000,0.0000,0.0000,3.1101,-0.2137,17.4008,0.0093,-0.1439,-0.0428
1774945171.3913,0.0000,0.0000,0.0000,0.0000,0.0000,3.1113,-0.2132,8.9790,0.0295,-0.1407,-0.0386
1774945171.4112,0.0000,0.0000,0.0000,0.0000,0.0000,3.1108,-0.2141,8.3032,0.0594,-0.1396,-0.0258
1774945171.4312,0.0000,0.0000,0.0000,0.0000,0.0000,3.1111,-0.2143,-15.6857,0.0796,-0.1716,0.0051
1774945171.4514,0.0000,0.0000,0.0000,0.0000,0.0000,3.1108,-0.2139,-3.4267,0.1094,-0.1769,0.0083
1774945171.4713,0.0000,0.0000,0.0000,0.0000,0.0000,3.1119,-0.2137,18.5676,0.1190,-0.1727,0.0019
1774945171.4913,0.0000,0.0000,0.0000,0.0000,0.0000,3.1148,-0.2143,-7.3009,0.1680,-0.1300,0.0072
1774945171.5152,0.0000,0.0000,0.0000,0.0000,0.0000,3.1185,-0.2146,-7.7150,0.2085,-0.0821,-0.0045
1774945171.5314,0.0000,0.0000,0.0000,0.0000,0.0000,3.1185,-0.2132,-15.9772,0.1446,-0.0661,0.0072
1774945171.5514,0.0000,0.0000,0.0000,0.0000,0.0000,3.1193,-0.2117,5.1387,0.1212,-0.0619,0.0200
1774945171.5713,0.0000,0.0000,0.0000,0.0000,0.0000,3.1237,-0.2095,-24.7902,0.1616,-0.0960,0.0445
1774945171.5912,0.0000,0.0000,0.0000,0.0000,0.0000,3.1288,-0.2087,-19.5429,0.1723,-0.0747,0.0392
1774945171.6115,0.0000,0.0000,0.0000,0.0000,0.0000,3.1334,-0.2110,21.2825,0.1116,-0.0086,0.0349
1774945171.6313,0.0000,0.0000,0.0000,0.0000,0.0000,3.1393,-0.2119,4.8401,0.0775,0.0404,0.0158
1774945171.6519,0.0000,0.0000,0.0000,0.0000,0.0000,-3.1388,-0.2113,-6.5716,0.0572,0.0404,-0.0034
1774945171.6713,0.0000,0.0000,0.0000,0.0000,0.0000,-3.1343,-0.2121,-1.7402,0.0381,0.0308,-0.0151
1774945171.6912,0.0000,0.0000,0.0000,0.0000,0.0000,-3.1309,-0.2118,-18.7286,0.0072,0.0138,-0.0013
1774945171.7117,0.0000,0.0000,0.0000,0.0000,0.0000,-3.1290,-0.2135,70.6827,-0.0184,0.0479,0.0062
1774945171.7312,0.0000,0.0000,0.0000,0.0000,0.0000,-3.1264,-0.2106,-15.8056,-0.0333,-0.0054,-0.0205
1774945171.7514,0.0000,0.0000,0.0000,0.0000,0.0000,-3.1290,-0.2071,24.6242,-0.1430,-0.0587,-0.0290
1774945171.7714,0.0000,0.0000,0.0000,0.0000,0.0000,-3.1280,-0.2052,-7.1637,-0.1366,-0.0800,-0.0183
1774945171.7913,0.0000,0.0000,0.0000,0.0000,0.0000,-3.1263,-0.2040,7.2058,-0.0930,-0.0853,-0.0194
1774945171.8114,0.0000,0.0000,0.0000,0.0000,0.0000,-3.1284,-0.2030,-8.0294,-0.1121,-0.0949,-0.0130
1774945171.8315,0.0000,0.0000,0.0000,0.0000,0.0000,-3.1380,-0.2033,5.1039,-0.2165,-0.0725,-0.0141
1774945171.8514,0.0000,0.0000,0.0000,0.0000,0.0000,-3.1393,-0.2024,-20.4995,-0.1569,-0.0608,-0.0386
1774945171.8713,0.0000,0.0000,0.0000,0.0000,0.0000,-3.1377,-0.2016,-14.4314,-0.0024,0.0340,-0.0599
1774945171.8914,0.0000,0.0000,0.0000,0.0000,0.0000,-3.1356,-0.2015,-19.8227,0.0498,0.1341,-0.0897
1774945171.9114,0.0000,0.0000,0.0000,0.0000,0.0000,-3.1392,-0.2044,30.9639,-0.0056,0.1949,-0.0844
1774945171.9313,0.0000,0.0000,0.0000,0.0000,0.0000,3.1396,-0.2074,-20.0021,-0.0290,0.1970,-0.0492
1774945171.9514,0.0000,0.0000,0.0000,0.0000,0.0000,3.1369,-0.2090,6.0466,0.0210,0.1469,0.0083
1774945171.9713,0.0000,0.0000,0.0000,0.0000,0.0000,3.1335,-0.2122,6.9016,0.0743,0.0979,0.0616
1774945171.9913,0.0000,0.0000,0.0000,0.0000,0.0000,3.1302,-0.2132,13.1317,0.0104,0.0638,0.0626
1774945172.0113,0.0000,0.0000,0.0000,0.0000,0.0000,3.1319,-0.2143,10.7346,-0.0461,0.0276,0.0360
1774945172.0312,0.0000,0.0000,0.0000,0.0000,0.0000,3.1355,-0.2130,5.8989,-0.0109,-0.0438,0.0126
1774945172.0514,0.0000,0.0000,0.0000,0.0000,0.0000,3.1396,-0.2113,-9.2759,-0.0035,-0.0725,-0.0024
1774945172.0714,0.0000,0.0000,0.0000,0.0000,0.0000,-3.1399,-0.2111,13.2777,-0.0408,-0.0225,-0.0237
1774945172.0914,0.0000,0.0000,0.0000,0.0000,0.0000,-3.1388,-0.2105,8.2453,-0.1068,-0.0139,-0.0226
1774945172.1113,0.0000,0.0000,0.0000,0.0000,0.0000,-3.1405,-0.2089,0.3438,-0.1452,-0.0768,-0.0055
1774945172.1313,0.0000,0.0000,0.0000,0.0000,0.0000,3.1396,-0.2067,-12.5294,-0.1686,-0.1119,-0.0024
1774945172.1512,0.0000,0.0000,0.0000,0.0000,0.0000,3.1368,-0.2056,7.4963,-0.2091,-0.1130,-0.0183
1774945172.1714,0.0000,0.0000,0.0000,0.0000,0.0000,3.1349,-0.2040,-9.6377,-0.2037,-0.1066,-0.0524
1774945172.1915,0.0000,0.0000,0.0000,0.0000,0.0000,3.1316,-0.2021,-6.3462,-0.2389,-0.1354,-0.0577
1774945172.2113,0.0000,0.0000,0.0000,0.0000,0.0000,3.1277,-0.1998,28.7348,-0.2538,-0.1844,-0.0428
1774945172.2313,0.0000,0.0000,0.0000,0.0000,0.0000,3.1230,-0.1964,-21.7805,-0.2368,-0.1727,-0.0396
1774945172.2512,0.0000,0.0000,0.0000,0.0000,0.0000,3.1163,-0.1958,62.3742,-0.2570,-0.1780,-0.0524
1774945172.2713,0.0000,0.0000,0.0000,0.0000,0.0000,3.1093,-0.1947,5.6736,-0.2751,-0.1556,-0.0652
1774945172.2913,0.0000,0.0000,0.0000,0.0000,0.0000,3.1031,-0.1923,-31.8258,-0.2655,-0.0406,-0.0364
1774945172.3113,0.0000,0.0000,0.0000,0.0000,0.0000,3.0981,-0.1934,20.8658,-0.2197,-0.0054,-0.0322
1774945172.3317,0.0000,0.0000,0.0000,0.0000,0.0000,3.0936,-0.1946,-40.1485,-0.1920,0.0010,-0.0024
1774945172.3513,0.0000,0.0000,0.0000,0.0000,0.0000,3.0882,-0.1930,-0.2852,-0.1814,0.0191,-0.0013
1774945172.3722,0.0000,0.0000,0.0000,0.0000,0.0000,3.0824,-0.1923,28.1264,-0.2378,-0.0043,-0.0322
1774945172.3913,0.0000,0.0000,0.0000,0.0000,0.0000,3.0776,-0.1909,-14.5266,-0.2197,-0.0470,-0.0300
1774945172.4113,0.0000,0.0000,0.0000,0.0000,0.0000,3.0726,-0.1887,5.4252,-0.1995,0.0074,-0.0045
1774945172.4313,0.0000,0.0000,0.0000,0.0000,0.0000,3.0753,-0.1895,-19.8326,0.1478,0.1384,-0.0151
1774945172.4513,0.0000,0.0000,0.0000,0.0000,0.0000,3.0818,-0.1962,-7.3548,0.3672,0.4164,-0.0002
1774945172.4713,0.0000,0.0000,0.0000,0.0000,0.0000,3.0832,-0.2047,88.3126,0.2245,0.4825,0.0445
1774945172.4912,0.0000,0.0000,0.0000,0.0000,0.0000,3.0829,-0.2104,74.8241,0.1393,0.2588,0.0456
1774945172.5119,0.0000,0.0000,0.0000,0.0000,0.0000,3.0829,-0.2136,-21.5067,0.2138,0.2066,0.0307
1774945172.5313,0.0000,0.0000,0.0000,0.0000,0.0000,3.0854,-0.2161,3.0347,0.2980,0.2151,0.0520
1774945172.5514,0.0000,0.0000,0.0000,0.0000,0.0000,3.0907,-0.2170,-20.3885,0.3715,0.1629,0.0807
1774945172.5712,0.0000,0.0000,0.0000,0.0000,0.0000,3.0959,-0.2175,-38.9829,0.3768,0.1032,0.0839
1774945172.5912,0.0000,0.0000,0.0000,0.0000,0.0000,3.1003,-0.2169,6.5599,0.2724,0.0915,0.0957
1774945172.6119,0.0000,0.0000,0.0000,0.0000,0.0000,3.1102,-0.2171,-57.5193,0.3747,0.0724,0.1031
1774945172.6313,0.0000,0.0000,0.0000,0.0000,0.0000,3.1226,-0.2163,5.3254,0.5526,0.0606,0.0680
1774945172.6515,0.0000,0.0000,0.0000,0.0000,0.0000,3.1371,-0.2146,-16.7434,0.6453,0.0340,-0.0077
1774945172.6713,0.0000,0.0000,0.0000,0.0000,0.0000,-3.1358,-0.2136,-34.5708,0.5270,0.1331,-0.0524
1774945172.6916,0.0000,0.0000,0.0000,0.0000,0.0000,-3.1308,-0.2138,-25.0059,0.4237,0.1427,-0.0492
1774945172.7115,0.0000,0.0000,0.0000,0.0000,0.0000,-3.1225,-0.2145,-8.0971,0.4418,0.1160,0.0158
1774945172.7312,0.0000,0.0000,0.0000,0.0000,0.0000,-3.1152,-0.2141,-16.5954,0.4770,0.0905,0.0754
1774945172.7514,0.0000,0.0000,0.0000,0.0000,0.0000,-3.1088,-0.2149,5.6187,0.4503,0.1331,0.1244
1774945172.7715,0.0000,0.0000,0.0000,0.0000,0.0000,-3.1041,-0.2171,-14.4282,0.4162,0.1661,0.1606
1774945172.7912,0.0000,0.0000,0.0000,0.0000,0.0000,-3.0949,-0.2225,-3.7278,0.3449,0.1629,0.1308
1774945172.8114,0.0000,0.0000,0.0000,0.0000,0.0000,-3.0868,-0.2261,55.5170,0.2650,0.0574,0.0818
1774945172.8312,0.0000,0.0000,0.0000,0.0000,0.0000,-3.0788,-0.2265,-24.8405,0.1606,-0.0299,0.0690
1774945172.8513,0.0000,0.0000,0.0000,0.0000,0.0000,-3.0721,-0.2264,3.9132,0.0924,-0.0683,0.0349
1774945172.8714,0.0000,0.0000,0.0000,0.0000,0.0000,-3.0669,-0.2260,5.1111,0.0168,-0.0651,0.0190
1774945172.8915,0.0000,0.0000,0.0000,0.0000,0.0000,-3.0638,-0.2248,10.8513,-0.1057,-0.1237,0.0168
1774945172.9114,0.0000,0.0000,0.0000,0.0000,0.0000,-3.0625,-0.2230,-10.8052,-0.1420,-0.1375,0.0040
1774945172.9312,0.0000,0.0000,0.0000,0.0000,0.0000,-3.0630,-0.2221,3.4020,-0.2261,-0.1332,-0.0002
1774945172.9515,0.0000,0.0000,0.0000,0.0000,0.0000,-3.0649,-0.2209,6.6142,-0.2847,-0.1727,-0.0119
1774945172.9713,0.0000,0.0000,0.0000,0.0000,0.0000,-3.0681,-0.2196,-14.4744,-0.3465,-0.1524,-0.0503
1774945172.9914,0.0000,0.0000,0.0000,0.0000,0.0000,-3.0726,-0.2188,0.6260,-0.3742,-0.1428,-0.0876
1774945173.0113,0.0000,0.0000,0.0000,0.0000,0.0000,-3.0787,-0.2190,5.8659,-0.3753,-0.1727,-0.0972
1774945173.0314,0.0000,0.0000,0.0000,0.0000,0.0000,-3.0887,-0.2181,-17.2606,-0.3657,-0.1961,-0.1099
1774945173.0515,0.0000,0.0000,0.0000,0.0000,0.0000,-3.1004,-0.2155,3.0411,-0.3635,-0.1897,-0.1089
1774945173.0714,0.0000,0.0000,0.0000,0.0000,0.0000,-3.1113,-0.2139,5.2608,-0.3241,-0.1791,-0.1004
1774945173.0913,0.0000,0.0000,0.0000,0.0000,0.0000,-3.1214,-0.2109,-8.4164,-0.2879,-0.2078,-0.0609
1774945173.1114,0.0000,0.0000,0.0000,0.0000,0.0000,-3.1315,-0.2049,-11.7767,-0.3390,-0.2344,-0.0364
1774945173.1313,0.0000,0.0000,0.0000,0.0000,0.0000,-3.1400,-0.1985,-0.8503,-0.3263,-0.2057,-0.0130
1774945173.1514,0.0000,0.0000,0.0000,0.0000,0.0000,3.1403,-0.1950,-8.0619,-0.2314,-0.1439,-0.0194
1774945173.1713,0.0000,0.0000,0.0000,0.0000,0.0000,3.1387,-0.1931,-12.0708,-0.1750,-0.0565,-0.0450
1774945173.1912,0.0000,0.0000,0.0000,0.0000,0.0000,3.1344,-0.1950,20.9240,-0.1377,0.0138,-0.0791
1774945173.2115,0.0000,0.0000,0.0000,0.0000,0.0000,3.1275,-0.1952,-1.2690,-0.1409,0.0255,-0.0897
1774945173.2314,0.0000,0.0000,0.0000,0.0000,0.0000,3.1216,-0.1964,10.7608,-0.0855,0.0489,-0.0801
1774945173.2516,0.0000,0.0000,0.0000,0.0000,0.0000,3.1163,-0.1983,4.9436,-0.0237,0.0787,-0.0524
1774945173.2721,0.0000,0.0000,0.0000,0.0000,0.0000,3.1122,-0.2009,13.8856,0.0327,0.1320,-0.0364
1774945173.2914,0.0000,0.0000,0.0000,0.0000,0.0000,3.1092,-0.2042,20.7249,0.0743,0.1778,-0.0173
1774945173.3114,0.0000,0.0000,0.0000,0.0000,0.0000,3.1071,-0.2073,21.3155,0.0988,0.1704,0.0072
1774945173.3314,0.0000,0.0000,0.0000,0.0000,0.0000,3.1066,-0.2106,12.3648,0.1265,0.1831,0.0243
1774945173.3513,0.0000,0.0000,0.0000,0.0000,0.0000,3.1069,-0.2144,14.4120,0.1787,0.1938,0.0435
1774945173.3713,0.0000,0.0000,0.0000,0.0000,0.0000,3.1117,-0.2146,18.4497,0.2703,0.1480,0.0488
1774945173.3914,0.0000,0.0000,0.0000,0.0000,0.0000,3.1150,-0.2169,4.0590,0.2660,0.0894,0.0584
1774945173.4116,0.0000,0.0000,0.0000,0.0000,0.0000,3.1185,-0.2189,10.5387,0.2288,0.1075,0.0498
1774945173.4313,0.0000,0.0000,0.0000,0.0000,0.0000,3.1253,-0.2208,25.3486,0.2160,0.1043,0.0413
1774945173.4514,0.0000,0.0000,0.0000,0.0000,0.0000,3.1333,-0.2216,21.8261,0.2149,0.0447,0.0413
1774945173.4721,0.0000,0.0000,0.0000,0.0000,0.0000,-3.1416,-0.2208,-15.4638,0.2074,-0.0065,0.0285
1774945173.4914,0.0000,0.0000,0.0000,0.0000,0.0000,-3.1362,-0.2192,11.2609,0.1371,-0.0086,0.0179
1774945173.5112,0.0000,0.0000,0.0000,0.0000,0.0000,-3.1310,-0.2174,7.3632,0.1094,-0.0555,0.0221
1774945173.5313,0.0000,0.0000,0.0000,0.0000,0.0000,-3.1269,-0.2139,9.2185,0.1041,-0.0874,0.0371
1774945173.5514,0.0000,0.0000,0.0000,0.0000,0.0000,-3.1233,-0.2104,13.4955,0.0679,-0.1087,0.0371
1774945173.5713,0.0000,0.0000,0.0000,0.0000,0.0000,-3.1199,-0.2091,25.8493,0.0104,-0.1141,0.0158
1774945173.5912,0.0000,0.0000,0.0000,0.0000,0.0000,-3.1169,-0.2080,-7.3678,-0.0152,-0.0779,-0.0055
1774945173.6113,0.0000,0.0000,0.0000,0.0000,0.0000,-3.1137,-0.2083,17.3309,-0.0397,-0.0331,-0.0247
1774945173.6314,0.0000,0.0000,0.0000,0.0000,0.0000,-3.1129,-0.2081,-4.7163,-0.0770,-0.0384,-0.0599
1774945173.6512,0.0000,0.0000,0.0000,0.0000,0.0000,-3.1148,-0.2078,-16.2540,-0.1132,-0.0491,-0.0631
1774945173.6714,0.0000,0.0000,0.0000,0.0000,0.0000,-3.1173,-0.2086,-2.0480,-0.1292,-0.0054,-0.0620
1774945173.6913,0.0000,0.0000,0.0000,0.0000,0.0000,-3.1172,-0.2109,0.8388,-0.1121,-0.0022,-0.0524
1774945173.7114,0.0000,0.0000,0.0000,0.0000,0.0000,-3.1201,-0.2118,-14.0650,-0.1121,0.0138,-0.0428
1774945173.7314,0.0000,0.0000,0.0000,0.0000,0.0000,-3.1227,-0.2124,-0.0853,-0.1281,0.0127,-0.0503
1774945173.7513,0.0000,0.0000,0.0000,0.0000,0.0000,-3.1262,-0.2125,-17.5283,-0.1569,-0.0331,-0.0375
1774945173.7713,0.0000,0.0000,0.0000,0.0000,0.0000,-3.1292,-0.2138,15.9154,-0.1270,-0.0427,-0.0375
1774945173.7912,0.0000,0.0000,0.0000,0.0000,0.0000,-3.1354,-0.2138,25.6371,-0.1569,-0.0470,-0.0428
1774945173.8112,0.0000,0.0000,0.0000,0.0000,0.0000,-3.1397,-0.2143,8.8166,-0.1505,-0.0502,-0.0460
1774945173.8313,0.0000,0.0000,0.0000,0.0000,0.0000,3.1398,-0.2129,-0.3668,-0.1121,-0.0331,-0.0396
1774945173.8513,0.0000,0.0000,0.0000,0.0000,0.0000,3.1382,-0.2117,13.2866,-0.0525,-0.0576,-0.0354
1774945173.8713,0.0000,0.0000,0.0000,0.0000,0.0000,3.1346,-0.2108,15.2474,-0.0482,-0.0310,-0.0354
1774945173.8917,0.0000,0.0000,0.0000,0.0000,0.0000,3.1301,-0.2104,33.3743,-0.0642,-0.0299,-0.0322
1774945173.9114,0.0000,0.0000,0.0000,0.0000,0.0000,3.1265,-0.2089,-3.4298,-0.0429,-0.0182,-0.0151
1774945173.9314,0.0000,0.0000,0.0000,0.0000,0.0000,3.1228,-0.2090,-1.8027,-0.0344,-0.0054,0.0051
1774945173.9514,0.0000,0.0000,0.0000,0.0000,0.0000,3.1199,-0.2087,-17.9224,-0.0045,0.0148,0.0104
1774945173.9714,0.0000,0.0000,0.0000,0.0000,0.0000,3.1196,-0.2091,9.3233,-0.0163,0.0265,0.0040
1774945173.9913,0.0000,0.0000,0.0000,0.0000,0.0000,3.1215,-0.2113,-4.4657,0.0178,0.0372,-0.0087
1774945174.0113,0.0000,0.0000,0.0000,0.0000,0.0000,3.1204,-0.2139,-10.2919,-0.0024,0.0372,-0.0119
1774945174.0313,0.0000,0.0000,0.0000,0.0000,0.0000,3.1214,-0.2164,4.5870,-0.0269,0.0947,-0.0322
1774945174.0515,0.0000,0.0000,0.0000,0.0000,0.0000,3.1233,-0.2187,-6.0202,-0.0322,0.0883,-0.0471
1774945174.0713,0.0000,0.0000,0.0000,0.0000,0.0000,3.1236,-0.2193,12.6678,-0.0152,0.0510,-0.0247
1774945174.0913,0.0000,0.0000,0.0000,0.0000,0.0000,3.1243,-0.2153,43.6338,0.0572,-0.0395,-0.0205
1774945174.1114,0.0000,0.0000,0.0000,0.0000,0.0000,3.1231,-0.2121,6.1609,0.0839,-0.1141,-0.0396
1774945174.1345,0.0000,0.0000,0.0000,0.0000,0.0000,3.1218,-0.2107,22.9815,0.0519,-0.0661,-0.0482
1774945174.1514,0.0000,0.0000,0.0000,0.0000,0.0000,3.1183,-0.2069,15.4963,0.0349,-0.0086,0.0072
1774945174.1714,0.0000,0.0000,0.0000,0.0000,0.0000,3.1180,-0.2044,-6.0655,0.0402,-0.0086,0.0403
1774945174.1913,0.0000,0.0000,0.0000,0.0000,0.0000,3.1204,-0.2036,-3.7071,0.0530,0.0170,0.0552
1774945174.2114,0.0000,0.0000,0.0000,0.0000,0.0000,3.1251,-0.2030,19.1251,0.0274,0.0052,0.0435
1774945174.2314,0.0000,0.0000,0.0000,0.0000,0.0000,3.1298,-0.2045,-12.5428,0.0232,0.0404,0.0349
1774945174.2514,0.0000,0.0000,0.0000,0.0000,0.0000,3.1345,-0.2065,-3.3053,0.0562,0.0905,0.0126
1774945174.2717,0.0000,0.0000,0.0000,0.0000,0.0000,3.1388,-0.2085,13.2364,0.0509,0.0841,-0.0215
1774945174.2913,0.0000,0.0000,0.0000,0.0000,0.0000,3.1401,-0.2111,-2.5585,-0.0099,0.0585,-0.0354
1774945174.3113,0.0000,0.0000,0.0000,0.0000,0.0000,3.1382,-0.2154,-1.2826,-0.0301,0.0755,-0.0407
1774945174.3313,0.0000,0.0000,0.0000,0.0000,0.0000,3.1373,-0.2169,7.3842,-0.0514,0.0755,-0.0386
1774945174.3513,0.0000,0.0000,0.0000,0.0000,0.0000,3.1363,-0.2203,5.3046,-0.0748,0.0521,-0.0269
1774945174.3714,0.0000,0.0000,0.0000,0.0000,0.0000,3.1375,-0.2214,-39.8790,-0.0418,0.0585,-0.0343
1774945174.3913,0.0000,0.0000,0.0000,0.0000,0.0000,3.1388,-0.2211,2.0629,-0.0578,0.0351,-0.0407
1774945174.4115,0.0000,0.0000,0.0000,0.0000,0.0000,3.1364,-0.2235,-32.3838,-0.1057,0.0489,-0.0514
1774945174.4313,0.0000,0.0000,0.0000,0.0000,0.0000,3.1339,-0.2270,-68.9454,-0.1579,0.0905,-0.0759
1774945174.4513,0.0000,0.0000,0.0000,0.0000,0.0000,3.1336,-0.2274,-6.9428,-0.1249,0.0851,-0.0940
1774945174.4713,0.0000,0.0000,0.0000,0.0000,0.0000,3.1296,-0.2260,3.2270,-0.1633,0.0212,-0.0897
1774945174.4912,0.0000,0.0000,0.0000,0.0000,0.0000,3.1252,-0.2262,9.2442,-0.2101,-0.0012,-0.1099
1774945174.5112,0.0000,0.0000,0.0000,0.0000,0.0000,3.1232,-0.2247,-14.9496,-0.2005,0.0148,-0.1078
1774945174.5314,0.0000,0.0000,0.0000,0.0000,0.0000,3.1192,-0.2275,63.0788,-0.2325,0.0766,-0.1057
1774945174.5512,0.0000,0.0000,0.0000,0.0000,0.0000,3.1134,-0.2296,23.0470,-0.2890,0.1032,-0.1110
1774945174.5714,0.0000,0.0000,0.0000,0.0000,0.0000,3.1088,-0.2308,20.8596,-0.3273,0.1288,-0.1366
1774945174.5914,0.0000,0.0000,0.0000,0.0000,0.0000,3.1041,-0.2304,29.9636,-0.3316,0.0809,-0.2133
1774945174.6114,0.0000,0.0000,0.0000,0.0000,0.0000,3.0965,-0.2323,-31.3400,-0.4402,0.1661,-0.2197
1774945174.6314,0.0000,0.0000,0.0000,0.0000,0.0000,3.0883,-0.2358,12.9426,-0.3987,0.1821,-0.1334
1774945174.6514,0.0000,0.0000,0.0000,0.0000,0.0000,3.0843,-0.2361,211.1272,-0.0440,-0.1482,0.0626
1774945174.6714,0.0000,0.0000,0.0000,0.0000,0.0000,3.0825,-0.2281,-24.4497,-0.0674,-0.4645,0.1084
1774945174.6912,0.0000,0.0000,0.0000,0.0000,0.0000,3.0756,-0.2200,-138.5519,-0.2666,-0.4102,0.1020
1774945174.7128,0.0000,0.0000,0.0000,0.0000,0.0000,3.0689,-0.2166,8.1075,-0.2165,-0.1972,0.0168
1774945174.7313,0.0000,0.0000,0.0000,0.0000,0.0000,3.0702,-0.2163,60.0919,0.0604,-0.0832,0.0051
1774945174.7517,0.0000,0.0000,0.0000,0.0000,0.0000,3.0728,-0.2145,-26.0335,0.1766,-0.0427,0.0339
1774945174.7714,0.0000,0.0000,0.0000,0.0000,0.0000,3.0716,-0.2149,-32.9080,0.1084,0.0329,-0.0087
1774945174.7913,0.0000,0.0000,0.0000,0.0000,0.0000,3.0697,-0.2167,-5.1328,0.1009,0.0628,-0.0183
1774945174.8114,0.0000,0.0000,0.0000,0.0000,0.0000,3.0758,-0.2192,1.7145,0.1659,0.1022,-0.0066
1774945174.8314,0.0000,0.0000,0.0000,0.0000,0.0000,3.0826,-0.2218,16.4839,0.2160,0.1150,0.0126
1774945174.8514,0.0000,0.0000,0.0000,0.0000,0.0000,3.0877,-0.2211,4.2443,0.2373,0.0638,0.0179
1774945174.8763,0.0000,0.0000,0.0000,0.0000,0.0000,3.0914,-0.2182,-28.7097,0.2820,-0.0395,0.0019
1774945174.8915,0.0000,0.0000,0.0000,0.0000,0.0000,3.0967,-0.2119,-22.1805,0.2596,-0.0427,-0.0087
1774945174.9114,0.0000,0.0000,0.0000,0.0000,0.0000,3.0991,-0.2087,30.3239,0.2852,-0.0054,0.0179
1774945174.9315,0.0000,0.0000,0.0000,0.0000,0.0000,3.1018,-0.2072,-10.2912,0.2660,0.0042,0.0658
1774945174.9537,0.0000,0.0000,0.0000,0.0000,0.0000,3.1049,-0.2081,-16.7007,0.2351,0.0521,0.1063
1774945174.9714,0.0000,0.0000,0.0000,0.0000,0.0000,3.1107,-0.2116,32.0734,0.2426,0.0660,0.1052
1774945174.9914,0.0000,0.0000,0.0000,0.0000,0.0000,3.1174,-0.2149,0.2681,0.2160,0.0596,0.1052
1774945175.0114,0.0000,0.0000,0.0000,0.0000,0.0000,3.1255,-0.2175,-38.9824,0.2043,0.0564,0.0690
1774945175.0314,0.0000,0.0000,0.0000,0.0000,0.0000,3.1322,-0.2208,-1.3011,0.1851,0.0883,0.0339
1774945175.0513,0.0000,0.0000,0.0000,0.0000,0.0000,3.1376,-0.2232,6.4909,0.1648,0.0255,-0.0066
1774945175.0713,0.0000,0.0000,0.0000,0.0000,0.0000,-3.1400,-0.2234,17.3602,0.1148,-0.0129,-0.0151
1774945175.0912,0.0000,0.0000,0.0000,0.0000,0.0000,-3.1367,-0.2239,3.7905,0.0913,-0.0225,-0.0173
1774945175.1118,0.0000,0.0000,0.0000,0.0000,0.0000,-3.1347,-0.2227,10.3603,0.0668,-0.0406,-0.0055
1774945175.1312,0.0000,0.0000,0.0000,0.0000,0.0000,-3.1333,-0.2226,0.6608,0.0019,-0.0693,-0.0130
1774945175.1513,0.0000,0.0000,0.0000,0.0000,0.0000,-3.1330,-0.2219,6.1115,-0.0067,-0.0747,-0.0002
1774945175.1738,0.0000,0.0000,0.0000,0.0000,0.0000,-3.1325,-0.2209,28.0879,0.0157,-0.0789,0.0126
1774945175.1913,0.0000,0.0000,0.0000,0.0000,0.0000,-3.1336,-0.2183,-17.1028,0.0104,-0.1215,0.0083
1774945175.2114,0.0000,0.0000,0.0000,0.0000,0.0000,-3.1332,-0.2167,42.8591,-0.0727,-0.1151,-0.0205
1774945175.2322,0.0000,0.0000,0.0000,0.0000,0.0000,-3.1353,-0.2143,4.4568,-0.0759,-0.1205,-0.0290
1774945175.2513,0.0000,0.0000,0.0000,0.0000,0.0000,-3.1350,-0.2131,-1.2938,-0.0674,-0.1322,-0.0322
1774945175.2714,0.0000,0.0000,0.0000,0.0000,0.0000,-3.1357,-0.2118,-1.1942,-0.0621,-0.0789,-0.0300
1774945175.2912,0.0000,0.0000,0.0000,0.0000,0.0000,-3.1366,-0.2108,36.6065,-0.0429,-0.0779,-0.0098
1774945175.3122,0.0000,0.0000,0.0000,0.0000,0.0000,-3.1393,-0.2101,9.8731,-0.0269,-0.0683,0.0083
1774945175.3312,0.0000,0.0000,0.0000,0.0000,0.0000,-3.1413,-0.2111,-10.0830,0.0008,-0.0310,0.0062
1774945175.3514,0.0000,0.0000,0.0000,0.0000,0.0000,-3.1415,-0.2115,-18.3516,0.0242,-0.0139,0.0019
1774945175.3715,0.0000,0.0000,0.0000,0.0000,0.0000,3.1404,-0.2126,-8.5372,-0.0120,-0.0107,-0.0077
1774945175.3914,0.0000,0.0000,0.0000,0.0000,0.0000,3.1402,-0.2145,29.1171,-0.0077,-0.0118,-0.0215
1774945175.4112,0.0000,0.0000,0.0000,0.0000,0.0000,3.1396,-0.2143,8.4411,0.0157,-0.0352,-0.0098
1774945175.4314,0.0000,0.0000,0.0000,0.0000,0.0000,3.1381,-0.2158,-13.1751,0.0562,-0.0097,-0.0024
1774945175.4514,0.0000,0.0000,0.0000,0.0000,0.0000,3.1357,-0.2160,3.7792,0.0572,0.0010,-0.0034
1774945175.4715,0.0000,0.0000,0.0000,0.0000,0.0000,3.1332,-0.2170,14.5122,0.0402,0.0084,-0.0066
1774945175.4913,0.0000,0.0000,0.0000,0.0000,0.0000,3.1348,-0.2166,-0.7934,0.0658,0.0138,-0.0013
1774945175.5113,0.0000,0.0000,0.0000,0.0000,0.0000,3.1349,-0.2171,3.0475,0.0434,0.0031,0.0051
1774945175.5314,0.0000,0.0000,0.0000,0.0000,0.0000,3.1367,-0.2163,-8.3914,0.0381,-0.0097,-0.0002
1774945175.5514,0.0000,0.0000,0.0000,0.0000,0.0000,3.1393,-0.2136,-6.6243,0.0295,0.0042,-0.0130
1774945175.5727,0.0000,0.0000,0.0000,0.0000,0.0000,-3.1414,-0.2103,4.6688,0.0008,-0.0235,-0.0173
1774945175.5912,0.0000,0.0000,0.0000,0.0000,0.0000,-3.1395,-0.2077,0.0000,-0.0120,0.0010,-0.0269
1774945175.6127,0.0000,0.0000,0.0000,0.0000,0.0000,-3.1388,-0.2059,0.0000,0.0008,0.0265,-0.0215
1774945175.6313,0.0000,0.0000,0.0000,0.0000,0.0000,-3.1376,-0.2047,-1.0918,0.0253,0.0191,-0.0066
1774945175.6514,0.0000,0.0000,0.0000,0.0000,0.0000,-3.1389,-0.2015,5.1013,-0.0131,0.0329,-0.0151
1774945175.6714,0.0000,0.0000,0.0000,0.0000,0.0000,-3.1411,-0.1987,6.0754,-0.0322,0.0010,-0.0141
1774945175.6914,0.0000,0.0000,0.0000,0.0000,0.0000,3.1409,-0.1954,-20.9647,-0.0280,0.0372,-0.0087
1774945175.7114,0.0000,0.0000,0.0000,0.0000,0.0000,3.1413,-0.1930,13.5325,-0.0003,0.1320,-0.0066
1774945175.7317,0.0000,0.0000,0.0000,0.0000,0.0000,3.1405,-0.1924,9.9524,-0.0237,0.1693,-0.0151
1774945175.7513,0.0000,0.0000,0.0000,0.0000,0.0000,3.1388,-0.1925,3.6658,-0.0333,0.2055,-0.0364
1774945175.7714,0.0000,0.0000,0.0000,0.0000,0.0000,3.1365,-0.1933,9.3102,-0.0301,0.1831,-0.0300
1774945175.7913,0.0000,0.0000,0.0000,0.0000,0.0000,3.1375,-0.1942,-1.3034,-0.0141,0.1885,-0.0322
1774945175.8114,0.0000,0.0000,0.0000,0.0000,0.0000,3.1370,-0.1954,-5.6420,-0.0056,0.2321,-0.0322
1774945175.8316,0.0000,0.0000,0.0000,0.0000,0.0000,3.1341,-0.1971,10.3413,-0.0141,0.2332,-0.0269
1774945175.8514,0.0000,0.0000,0.0000,0.0000,0.0000,3.1305,-0.2001,0.5645,-0.0216,0.2119,-0.0130
1774945175.8714,0.0000,0.0000,0.0000,0.0000,0.0000,3.1297,-0.2028,-1.7778,-0.0099,0.2119,-0.0066
1774945175.8914,0.0000,0.0000,0.0000,0.0000,0.0000,3.1299,-0.2044,1.1663,0.0008,0.1938,-0.0045
1774945175.9114,0.0000,0.0000,0.0000,0.0000,0.0000,3.1301,-0.2055,-1.7725,-0.0013,0.1608,-0.0151
1774945175.9313,0.0000,0.0000,0.0000,0.0000,0.0000,3.1304,-0.2063,4.5515,0.0061,0.1288,-0.0269
1774945175.9516,0.0000,0.0000,0.0000,0.0000,0.0000,3.1287,-0.2061,-0.6013,0.0157,0.0958,-0.0279
1774945175.9721,0.0000,0.0000,0.0000,0.0000,0.0000,3.1260,-0.2061,3.5866,0.0189,0.0596,-0.0215
1774945175.9914,0.0000,0.0000,0.0000,0.0000,0.0000,3.1231,-0.2060,-3.0553,0.0146,0.0287,-0.0141
1774945176.0118,0.0000,0.0000,0.0000,0.0000,0.0000,3.1212,-0.2071,-2.4236,0.0082,0.0095,-0.0045
1774945176.0314,0.0000,0.0000,0.0000,0.0000,0.0000,3.1203,-0.2106,2.5537,0.0178,-0.0097,0.0051
1774945176.0514,0.0000,0.0000,0.0000,0.0000,0.0000,3.1219,-0.2136,5.1072,0.0082,-0.0086,0.0062
1774945176.0713,0.0000,0.0000,0.0000,0.0000,0.0000,3.1254,-0.2152,1.3549,0.0295,-0.0299,-0.0013
1774945176.0914,0.0000,0.0000,0.0000,0.0000,0.0000,3.1281,-0.2165,-7.2558,0.0434,-0.0757,-0.0087
1774945176.1184,0.0000,0.0000,0.0000,0.0000,0.0000,3.1261,-0.2168,0.2102,0.0381,-0.1055,-0.0098
1774945176.1314,0.0000,0.0000,0.0000,0.0000,0.0000,3.1232,-0.2160,1.8532,0.0274,-0.1279,-0.0141
1774945176.1513,0.0000,0.0000,0.0000,0.0000,0.0000,3.1211,-0.2154,2.5122,0.0359,-0.1471,-0.0045
1774945176.1716,0.0000,0.0000,0.0000,0.0000,0.0000,3.1223,-0.2140,2.4348,0.0455,-0.1641,0.0094
1774945176.1912,0.0000,0.0000,0.0000,0.0000,0.0000,3.1240,-0.2136,3.8937,0.0519,-0.1695,0.0168
1774945176.2114,0.0000,0.0000,0.0000,0.0000,0.0000,3.1252,-0.2128,-5.5131,0.0551,-0.1577,0.0136
1774945176.2314,0.0000,0.0000,0.0000,0.0000,0.0000,3.1287,-0.2121,-3.3156,0.0594,-0.1450,0.0051
1774945176.2517,0.0000,0.0000,0.0000,0.0000,0.0000,3.1313,-0.2119,2.6609,0.0530,-0.1407,-0.0013
1774945176.2714,0.0000,0.0000,0.0000,0.0000,0.0000,3.1336,-0.2131,6.6408,0.0540,-0.1151,-0.0109
1774945176.2913,0.0000,0.0000,0.0000,0.0000,0.0000,3.1359,-0.2140,12.0199,0.0423,-0.0917,-0.0130
1774945176.3122,0.0000,0.0000,0.0000,0.0000,0.0000,3.1376,-0.2143,-0.5016,0.0445,-0.0874,-0.0119
1774945176.3314,0.0000,0.0000,0.0000,0.0000,0.0000,3.1394,-0.2156,-6.9229,0.0317,-0.0757,-0.0077
1774945176.3513,0.0000,0.0000,0.0000,0.0000,0.0000,3.1398,-0.2165,-4.4999,0.0189,-0.0533,-0.0034
1774945176.3717,0.0000,0.0000,0.0000,0.0000,0.0000,3.1411,-0.2165,7.3934,0.0082,-0.0459,-0.0066
1774945176.3913,0.0000,0.0000,0.0000,0.0000,0.0000,-3.1412,-0.2174,-0.4252,-0.0024,-0.0438,-0.0098
1774945176.4120,0.0000,0.0000,0.0000,0.0000,0.0000,-3.1397,-0.2182,-2.2853,-0.0173,-0.0320,-0.0194
1774945176.4313,0.0000,0.0000,0.0000,0.0000,0.0000,-3.1379,-0.2199,5.5573,-0.0354,-0.0235,-0.0269
1774945176.4541,0.0000,0.0000,0.0000,0.0000,0.0000,-3.1382,-0.2202,6.8344,-0.0418,-0.0299,-0.0215
1774945176.4763,0.0000,0.0000,0.0000,0.0000,0.0000,-3.1406,-0.2188,-1.6994,-0.0397,-0.0363,-0.0205
1774945176.4914,0.0000,0.0000,0.0000,0.0000,0.0000,3.1391,-0.2186,0.1649,-0.0386,-0.0384,-0.0162
1774945176.5115,0.0000,0.0000,0.0000,0.0000,0.0000,3.1361,-0.2182,2.1056,-0.0322,-0.0288,-0.0151
1774945176.5314,0.0000,0.0000,0.0000,0.0000,0.0000,3.1352,-0.2172,0.7735,-0.0322,-0.0214,-0.0151
1774945176.5515,0.0000,0.0000,0.0000,0.0000,0.0000,3.1342,-0.2167,-4.9165,-0.0205,-0.0214,-0.0205
1774945176.5717,0.0000,0.0000,0.0000,0.0000,0.0000,3.1306,-0.2176,-8.7966,-0.0227,-0.0139,-0.0226
1774945176.5914,0.0000,0.0000,0.0000,0.0000,0.0000,3.1279,-0.2186,4.1425,-0.0067,-0.0022,-0.0205
1774945176.6113,0.0000,0.0000,0.0000,0.0000,0.0000,3.1241,-0.2185,3.9305,0.0008,-0.0022,-0.0130
1774945176.6313,0.0000,0.0000,0.0000,0.0000,0.0000,3.1209,-0.2186,-4.8758,0.0050,-0.0065,-0.0087
1774945176.6514,0.0000,0.0000,0.0000,0.0000,0.0000,3.1193,-0.2195,-7.1551,0.0114,-0.0001,-0.0066
1774945176.6721,0.0000,0.0000,0.0000,0.0000,0.0000,3.1217,-0.2209,4.1033,0.0104,-0.0033,-0.0098
1774945176.6914,0.0000,0.0000,0.0000,0.0000,0.0000,3.1253,-0.2216,-0.5479,0.0178,-0.0118,-0.0119
1774945176.7115,0.0000,0.0000,0.0000,0.0000,0.0000,3.1283,-0.2202,-1.3458,0.0210,-0.0182,-0.0162
1774945176.7314,0.0000,0.0000,0.0000,0.0000,0.0000,3.1299,-0.2204,-6.6124,0.0264,-0.0257,-0.0098
1774945176.7512,0.0000,0.0000,0.0000,0.0000,0.0000,3.1274,-0.2208,-4.5336,0.0136,-0.0171,-0.0066
1774945176.7713,0.0000,0.0000,0.0000,0.0000,0.0000,3.1265,-0.2211,3.0719,0.0125,-0.0097,-0.0077
1774945176.7913,0.0000,0.0000,0.0000,0.0000,0.0000,3.1269,-0.2200,0.0411,0.0146,-0.0171,-0.0055
1774945176.8114,0.0000,0.0000,0.0000,0.0000,0.0000,3.1274,-0.2200,-10.0436,0.0104,-0.0139,-0.0109
1774945176.8313,0.0000,0.0000,0.0000,0.0000,0.0000,3.1310,-0.2198,1.1837,0.0114,-0.0022,-0.0151
1774945176.8514,0.0000,0.0000,0.0000,0.0000,0.0000,3.1339,-0.2185,5.0464,0.0136,-0.0054,-0.0162
1774945176.8712,0.0000,0.0000,0.0000,0.0000,0.0000,3.1354,-0.2179,1.0021,0.0072,-0.0075,-0.0162
1774945176.8913,0.0000,0.0000,0.0000,0.0000,0.0000,3.1367,-0.2170,4.3676,0.0040,-0.0012,-0.0130
1774945176.9114,0.0000,0.0000,0.0000,0.0000,0.0000,3.1371,-0.2153,1.8415,-0.0003,-0.0043,-0.0077
1774945176.9314,0.0000,0.0000,0.0000,0.0000,0.0000,3.1367,-0.2148,-3.9515,-0.0024,-0.0043,-0.0066
1774945176.9514,0.0000,0.0000,0.0000,0.0000,0.0000,3.1356,-0.2149,-2.7845,-0.0045,-0.0065,-0.0109
1774945176.9717,0.0000,0.0000,0.0000,0.0000,0.0000,3.1343,-0.2152,1.7255,0.0008,-0.0012,-0.0119
1774945176.9913,0.0000,0.0000,0.0000,0.0000,0.0000,3.1313,-0.2162,0.7693,0.0040,-0.0022,-0.0162
1774945177.0116,0.0000,0.0000,0.0000,0.0000,0.0000,3.1290,-0.2174,4.6519,0.0029,-0.0012,-0.0141
1774945177.0314,0.0000,0.0000,0.0000,0.0000,0.0000,3.1276,-0.2173,1.4075,0.0093,-0.0033,-0.0098
1774945177.0514,0.0000,0.0000,0.0000,0.0000,0.0000,3.1272,-0.2180,-4.6427,0.0040,-0.0033,-0.0087
1774945177.0713,0.0000,0.0000,0.0000,0.0000,0.0000,3.1298,-0.2180,-3.0727,0.0050,-0.0022,-0.0087
1774945177.0912,0.0000,0.0000,0.0000,0.0000,0.0000,3.1321,-0.2174,-1.8712,0.0072,-0.0054,-0.0119
1774945177.1115,0.0000,0.0000,0.0000,0.0000,0.0000,3.1344,-0.2179,-0.1824,0.0029,-0.0043,-0.0141
1774945177.1314,0.0000,0.0000,0.0000,0.0000,0.0000,3.1356,-0.2171,1.6838,0.0040,-0.0022,-0.0141
1774945177.1515,0.0000,0.0000,0.0000,0.0000,0.0000,3.1347,-0.2162,-0.8249,0.0008,-0.0054,-0.0119
1774945177.1722,0.0000,0.0000,0.0000,0.0000,0.0000,3.1335,-0.2158,-3.1043,0.0029,-0.0043,-0.0119
1774945177.1913,0.0000,0.0000,0.0000,0.0000,0.0000,3.1310,-0.2155,-0.6905,0.0008,-0.0022,-0.0119
1774945177.2138,0.0000,0.0000,0.0000,0.0000,0.0000,3.1307,-0.2158,1.0938,0.0050,-0.0022,-0.0109
1774945177.2313,0.0000,0.0000,0.0000,0.0000,0.0000,3.1298,-0.2166,1.3283,0.0029,-0.0033,-0.0119
1774945177.2514,0.0000,0.0000,0.0000,0.0000,0.0000,3.1296,-0.2172,2.5514,0.0040,-0.0033,-0.0119
1774945177.2720,0.0000,0.0000,0.0000,0.0000,0.0000,3.1312,-0.2176,-0.4719,0.0082,-0.0033,-0.0130
1774945177.2915,0.0000,0.0000,0.0000,0.0000,0.0000,3.1311,-0.2183,-1.9520,0.0050,-0.0022,-0.0130
1774945177.3119,0.0000,0.0000,0.0000,0.0000,0.0000,3.1329,-0.2184,1.6547,0.0050,-0.0022,-0.0109
1774945177.3312,0.0000,0.0000,0.0000,0.0000,0.0000,3.1332,-0.2176,0.0857,0.0061,-0.0022,-0.0119
1774945177.3514,0.0000,0.0000,0.0000,0.0000,0.0000,3.1334,-0.2167,-1.3192,0.0029,-0.0022,-0.0109
1774945177.3714,0.0000,0.0000,0.0000,0.0000,0.0000,3.1337,-0.2157,-0.5066,0.0050,-0.0022,-0.0109
1774945177.3914,0.0000,0.0000,0.0000,0.0000,0.0000,3.1325,-0.2153,-0.5419,0.0029,-0.0033,-0.0130
1774945177.4122,0.0000,0.0000,0.0000,0.0000,0.0000,3.1325,-0.2151,-0.6890,0.0061,-0.0022,-0.0109
1774945177.4314,0.0000,0.0000,0.0000,0.0000,0.0000,3.1312,-0.2154,-0.2851,0.0050,-0.0033,-0.0109
1774945177.4514,0.0000,0.0000,0.0000,0.0000,0.0000,3.1316,-0.2159,1.1321,0.0029,-0.0043,-0.0098
1774945177.4713,0.0000,0.0000,0.0000,0.0000,0.0000,3.1320,-0.2161,-0.2577,0.0050,-0.0033,-0.0130
1774945177.4912,0.0000,0.0000,0.0000,0.0000,0.0000,3.1329,-0.2166,0.8496,0.0008,-0.0043,-0.0119
1774945177.5113,0.0000,0.0000,0.0000,0.0000,0.0000,3.1340,-0.2170,-0.1318,0.0050,-0.0033,-0.0119
1774945177.5313,0.0000,0.0000,0.0000,0.0000,0.0000,3.1338,-0.2174,-1.0577,0.0040,-0.0033,-0.0130
1774945177.5513,0.0000,0.0000,0.0000,0.0000,0.0000,3.1340,-0.2172,1.0517,0.0040,-0.0033,-0.0109
1774945177.5713,0.0000,0.0000,0.0000,0.0000,0.0000,3.1330,-0.2166,-0.6401,0.0040,-0.0033,-0.0119
1774945177.5912,0.0000,0.0000,0.0000,0.0000,0.0000,3.1323,-0.2162,-1.0358,0.0008,-0.0033,-0.0119
1774945177.6116,0.0000,0.0000,0.0000,0.0000,0.0000,3.1319,-0.2159,-2.5873,0.0061,-0.0033,-0.0119
1774945177.6313,0.0000,0.0000,0.0000,0.0000,0.0000,3.1314,-0.2159,-1.1820,0.0008,-0.0022,-0.0109
1774945177.6512,0.0000,0.0000,0.0000,0.0000,0.0000,3.1322,-0.2163,0.5578,0.0072,-0.0043,-0.0119
1774945177.6715,0.0000,0.0000,0.0000,0.0000,0.0000,3.1313,-0.2167,-1.2991,0.0029,-0.0033,-0.0130
1774945177.6912,0.0000,0.0000,0.0000,0.0000,0.0000,3.1319,-0.2169,1.0757,0.0050,-0.0043,-0.0141
1774945177.7114,0.0000,0.0000,0.0000,0.0000,0.0000,3.1322,-0.2170,0.7132,0.0050,-0.0033,-0.0130
1774945177.7312,0.0000,0.0000,0.0000,0.0000,0.0000,3.1326,-0.2168,0.7738,0.0029,-0.0043,-0.0109
1774945177.7520,0.0000,0.0000,0.0000,0.0000,0.0000,3.1334,-0.2165,-0.1646,0.0061,-0.0033,-0.0109
1774945177.7712,0.0000,0.0000,0.0000,0.0000,0.0000,3.1328,-0.2163,-1.0356,0.0008,-0.0022,-0.0130
1774945177.7913,0.0000,0.0000,0.0000,0.0000,0.0000,3.1335,-0.2163,1.1089,0.0040,-0.0033,-0.0109
1774945177.8114,0.0000,0.0000,0.0000,0.0000,0.0000,3.1324,-0.2161,-0.2826,0.0029,-0.0043,-0.0119
1774945177.8313,0.0000,0.0000,0.0000,0.0000,0.0000,3.1323,-0.2163,0.4920,0.0019,-0.0043,-0.0109
1774945177.8515,0.0000,0.0000,0.0000,0.0000,0.0000,3.1323,-0.2165,-0.5386,0.0050,-0.0033,-0.0119
1774945177.8714,0.0000,0.0000,0.0000,0.0000,0.0000,3.1316,-0.2168,-0.2121,0.0008,-0.0033,-0.0119
1774945177.8913,0.0000,0.0000,0.0000,0.0000,0.0000,3.1328,-0.2169,0.3161,0.0040,-0.0033,-0.0119
1774945177.9115,0.0000,0.0000,0.0000,0.0000,0.0000,3.1319,-0.2167,-0.2554,0.0008,-0.0043,-0.0130
1774945177.9315,0.0000,0.0000,0.0000,0.0000,0.0000,3.1327,-0.2166,0.5283,0.0029,-0.0043,-0.0130
1774945177.9518,0.0000,0.0000,0.0000,0.0000,0.0000,3.1325,-0.2162,0.9247,0.0050,-0.0033,-0.0119
1774945177.9714,0.0000,0.0000,0.0000,0.0000,0.0000,3.1323,-0.2162,0.5283,0.0029,-0.0033,-0.0130
1774945177.9914,0.0000,0.0000,0.0000,0.0000,0.0000,3.1333,-0.2161,-0.2120,0.0061,-0.0033,-0.0119
1774945178.0114,0.0000,0.0000,0.0000,0.0000,0.0000,3.1325,-0.2163,-1.3037,0.0019,-0.0043,-0.0130
1774945178.0313,0.0000,0.0000,0.0000,0.0000,0.0000,3.1325,-0.2165,1.1553,0.0050,-0.0054,-0.0119
1774945178.0514,0.0000,0.0000,0.0000,0.0000,0.0000,3.1319,-0.2164,-1.3453,0.0040,-0.0043,-0.0119
1774945178.0715,0.0000,0.0000,0.0000,0.0000,0.0000,3.1317,-0.2167,0.6371,0.0008,-0.0033,-0.0119
1774945178.0912,0.0000,0.0000,0.0000,0.0000,0.0000,3.1322,-0.2168,-0.0829,0.0050,-0.0054,-0.0109
1774945178.1113,0.0000,0.0000,0.0000,0.0000,0.0000,3.1319,-0.2166,-0.2091,0.0050,-0.0033,-0.0119
1774945178.1313,0.0000,0.0000,0.0000,0.0000,0.0000,3.1330,-0.2167,0.5480,0.0061,-0.0033,-0.0119
1774945178.1515,0.0000,0.0000,0.0000,0.0000,0.0000,3.1322,-0.2164,-0.9175,0.0050,-0.0033,-0.0119
1774945178.1712,0.0000,0.0000,0.0000,0.0000,0.0000,3.1316,-0.2160,0.9282,0.0008,-0.0022,-0.0119
1774945178.1912,0.0000,0.0000,0.0000,0.0000,0.0000,3.1323,-0.2158,0.4139,0.0050,-0.0022,-0.0109
1774945178.2114,0.0000,0.0000,0.0000,0.0000,0.0000,3.1323,-0.2167,-0.5099,0.0008,-0.0033,-0.0109
1774945178.2316,0.0000,0.0000,0.0000,0.0000,0.0000,3.1323,-0.2169,0.2196,0.0040,-0.0033,-0.0109
1774945178.2515,0.0000,0.0000,0.0000,0.0000,0.0000,3.1328,-0.2171,-1.2028,0.0029,-0.0043,-0.0109
1774945178.2717,0.0000,0.0000,0.0000,0.0000,0.0000,3.1346,-0.2172,1.3651,0.0029,-0.0022,-0.0119
1774945178.2912,0.0000,0.0000,0.0000,0.0000,0.0000,3.1354,-0.2173,0.0831,0.0061,-0.0033,-0.0141
1774945178.3113,0.0000,0.0000,0.0000,0.0000,0.0000,3.1359,-0.2172,0.7369,0.0019,-0.0043,-0.0098
1774945178.3313,0.0000,0.0000,0.0000,0.0000,0.0000,3.1370,-0.2162,-0.9907,0.0050,-0.0033,-0.0098
1774945178.3513,0.0000,0.0000,0.0000,0.0000,0.0000,3.1372,-0.2156,-0.4586,0.0019,-0.0033,-0.0119
1774945178.3716,0.0000,0.0000,0.0000,0.0000,0.0000,3.1382,-0.2158,0.8056,0.0040,-0.0043,-0.0109
1774945178.3917,0.0000,0.0000,0.0000,0.0000,0.0000,3.1374,-0.2160,-1.8481,0.0019,-0.0022,-0.0098
1774945178.4116,0.0000,0.0000,0.0000,0.0000,0.0000,3.1364,-0.2161,1.9351,0.0019,-0.0043,-0.0109
1774945178.4317,0.0000,0.0000,0.0000,0.0000,0.0000,3.1355,-0.2158,-0.5015,0.0072,-0.0033,-0.0130
1774945178.4514,0.0000,0.0000,0.0000,0.0000,0.0000,3.1344,-0.2162,-0.7495,0.0019,-0.0033,-0.0109
1774945178.4713,0.0000,0.0000,0.0000,0.0000,0.0000,3.1346,-0.2166,1.2764,0.0040,-0.0043,-0.0119
1774945178.4913,0.0000,0.0000,0.0000,0.0000,0.0000,3.1336,-0.2166,-0.6791,0.0029,-0.0043,-0.0109
1774945178.5112,0.0000,0.0000,0.0000,0.0000,0.0000,3.1335,-0.2166,0.0464,0.0040,-0.0043,-0.0119
1774945178.5320,0.0000,0.0000,0.0000,0.0000,0.0000,3.1340,-0.2163,0.0000,0.0040,-0.0033,-0.0109
1774945178.5513,0.0000,0.0000,0.0000,0.0000,0.0000,3.1334,-0.2165,0.5684,0.0029,-0.0033,-0.0130
1774945178.5712,0.0000,0.0000,0.0000,0.0000,0.0000,3.1339,-0.2165,-0.3389,0.0050,-0.0033,-0.0109
1774945178.5913,0.0000,0.0000,0.0000,0.0000,0.0000,3.1325,-0.2167,0.1274,0.0029,-0.0043,-0.0130
1774945178.6113,0.0000,0.0000,0.0000,0.0000,0.0000,3.1331,-0.2164,1.2494,0.0040,-0.0043,-0.0119
1774945178.6313,0.0000,0.0000,0.0000,0.0000,0.0000,3.1324,-0.2164,-0.9838,0.0040,-0.0043,-0.0109
1774945178.6514,0.0000,0.0000,0.0000,0.0000,0.0000,3.1322,-0.2167,-0.5040,0.0029,-0.0022,-0.0109
1774945178.6713,0.0000,0.0000,0.0000,0.0000,0.0000,3.1328,-0.2163,-2.3815,0.0061,-0.0033,-0.0119
1774945178.6913,0.0000,0.0000,0.0000,0.0000,0.0000,3.1325,-0.2170,-0.5412,-0.0003,-0.0054,-0.0109
1774945178.7114,0.0000,0.0000,0.0000,0.0000,0.0000,3.1330,-0.2171,2.5425,0.0050,-0.0043,-0.0109
1774945178.7314,0.0000,0.0000,0.0000,0.0000,0.0000,3.1319,-0.2168,1.1361,0.0040,-0.0054,-0.0130
1774945178.7514,0.0000,0.0000,0.0000,0.0000,0.0000,3.1327,-0.2169,0.1664,-0.0003,-0.0054,-0.0109
1774945178.7713,0.0000,0.0000,0.0000,0.0000,0.0000,3.1330,-0.2168,1.0402,0.0040,-0.0033,-0.0109
1774945178.7913,0.0000,0.0000,0.0000,0.0000,0.0000,3.1325,-0.2167,1.1687,0.0029,-0.0043,-0.0119
1774945178.8113,0.0000,0.0000,0.0000,0.0000,0.0000,3.1333,-0.2166,0.5584,0.0072,-0.0033,-0.0119
1774945178.8313,0.0000,0.0000,0.0000,0.0000,0.0000,3.1324,-0.2165,0.5496,0.0019,-0.0022,-0.0119
1774945178.8514,0.0000,0.0000,0.0000,0.0000,0.0000,3.1329,-0.2166,1.8139,0.0019,-0.0033,-0.0119
1774945178.8713,0.0000,0.0000,0.0000,0.0000,0.0000,3.1323,-0.2165,-0.0438,0.0050,-0.0033,-0.0109
1774945178.8913,0.0000,0.0000,0.0000,0.0000,0.0000,3.1321,-0.2164,0.0000,0.0029,-0.0022,-0.0130
1774945178.9113,0.0000,0.0000,0.0000,0.0000,0.0000,3.1327,-0.2165,-1.3195,0.0061,-0.0043,-0.0141
1774945178.9314,0.0000,0.0000,0.0000,0.0000,0.0000,3.1321,-0.2169,-1.7849,0.0019,-0.0033,-0.0119
1774945178.9518,0.0000,0.0000,0.0000,0.0000,0.0000,3.1330,-0.2169,0.9196,0.0050,-0.0022,-0.0130
1774945178.9715,0.0000,0.0000,0.0000,0.0000,0.0000,3.1322,-0.2168,-0.5038,0.0061,-0.0065,-0.0130
1774945178.9913,0.0000,0.0000,0.0000,0.0000,0.0000,3.1325,-0.2167,0.6853,0.0029,-0.0043,-0.0109
1774945179.0112,0.0000,0.0000,0.0000,0.0000,0.0000,3.1326,-0.2165,0.5864,0.0061,-0.0043,-0.0130
1774945179.0315,0.0000,0.0000,0.0000,0.0000,0.0000,3.1322,-0.2165,0.5297,0.0008,-0.0033,-0.0119
1774945179.0515,0.0000,0.0000,0.0000,0.0000,0.0000,3.1326,-0.2164,-0.6780,0.0040,-0.0033,-0.0119
1774945179.0714,0.0000,0.0000,0.0000,0.0000,0.0000,3.1321,-0.2167,-1.0124,0.0029,-0.0033,-0.0119
1774945179.0917,0.0000,0.0000,0.0000,0.0000,0.0000,3.1328,-0.2170,0.9645,0.0040,-0.0043,-0.0109
1774945179.1114,0.0000,0.0000,0.0000,0.0000,0.0000,3.1321,-0.2167,-0.7387,0.0040,-0.0043,-0.0130
1774945179.1315,0.0000,0.0000,0.0000,0.0000,0.0000,3.1326,-0.2168,-0.3007,0.0029,-0.0033,-0.0119
1774945179.1514,0.0000,0.0000,0.0000,0.0000,0.0000,3.1326,-0.2165,-0.9649,0.0072,-0.0054,-0.0141
1774945179.1718,0.0000,0.0000,0.0000,0.0000,0.0000,3.1321,-0.2166,-2.3387,0.0029,-0.0033,-0.0119
1774945179.1913,0.0000,0.0000,0.0000,0.0000,0.0000,3.1330,-0.2166,2.1215,0.0072,-0.0033,-0.0109
1774945179.2118,0.0000,0.0000,0.0000,0.0000,0.0000,3.1320,-0.2167,-2.5329,0.0008,-0.0033,-0.0109
1774945179.2334,0.0000,0.0000,0.0000,0.0000,0.0000,3.1331,-0.2166,0.8352,0.0040,-0.0033,-0.0109
1774945179.2522,0.0000,0.0000,0.0000,0.0000,0.0000,3.1330,-0.2164,0.2132,0.0050,-0.0033,-0.0130
1774945179.2717,0.0000,0.0000,0.0000,0.0000,0.0000,3.1326,-0.2164,0.6517,0.0029,-0.0033,-0.0119
1774945179.2914,0.0000,0.0000,0.0000,0.0000,0.0000,3.1334,-0.2164,-0.2614,0.0050,-0.0033,-0.0130
1774945179.3113,0.0000,0.0000,0.0000,0.0000,0.0000,3.1322,-0.2165,-1.3202,0.0029,-0.0043,-0.0141
1774945179.3313,0.0000,0.0000,0.0000,0.0000,0.0000,3.1333,-0.2166,0.6830,0.0050,-0.0043,-0.0119
1774945179.3514,0.0000,0.0000,0.0000,0.0000,0.0000,3.1328,-0.2165,0.3361,0.0040,-0.0033,-0.0119
1774945179.3714,0.0000,0.0000,0.0000,0.0000,0.0000,3.1326,-0.2165,0.8403,0.0029,-0.0033,-0.0098
1774945179.3915,0.0000,0.0000,0.0000,0.0000,0.0000,3.1331,-0.2165,0.4684,0.0061,-0.0033,-0.0109
1774945179.4121,0.0000,0.0000,0.0000,0.0000,0.0000,3.1322,-0.2166,-0.4143,0.0008,-0.0033,-0.0130
1774945179.4313,0.0000,0.0000,0.0000,0.0000,0.0000,3.1332,-0.2166,0.4745,0.0050,-0.0033,-0.0109
1774945179.4516,0.0000,0.0000,0.0000,0.0000,0.0000,3.1324,-0.2165,-1.4335,0.0040,-0.0043,-0.0109
1774945179.4714,0.0000,0.0000,0.0000,0.0000,0.0000,3.1326,-0.2166,0.3734,0.0019,-0.0033,-0.0098
1774945179.4916,0.0000,0.0000,0.0000,0.0000,0.0000,3.1327,-0.2165,0.6669,0.0029,-0.0033,-0.0119
1774945179.5118,0.0000,0.0000,0.0000,0.0000,0.0000,3.1326,-0.2166,0.8387,0.0008,-0.0033,-0.0098
1774945179.5313,0.0000,0.0000,0.0000,0.0000,0.0000,3.1331,-0.2165,0.0441,0.0061,-0.0033,-0.0130
1774945179.5515,0.0000,0.0000,0.0000,0.0000,0.0000,3.1325,-0.2167,-1.1462,0.0008,-0.0043,-0.0119
1774945179.5718,0.0000,0.0000,0.0000,0.0000,0.0000,3.1333,-0.2166,1.2985,0.0050,-0.0033,-0.0119
1774945179.5913,0.0000,0.0000,0.0000,0.0000,0.0000,3.1328,-0.2166,1.0545,0.0040,-0.0043,-0.0119
1774945179.6113,0.0000,0.0000,0.0000,0.0000,0.0000,3.1329,-0.2166,0.4657,0.0029,-0.0033,-0.0109
1774945179.6314,0.0000,0.0000,0.0000,0.0000,0.0000,3.1330,-0.2165,-0.2071,0.0050,-0.0043,-0.0130
1774945179.6516,0.0000,0.0000,0.0000,0.0000,0.0000,3.1328,-0.2167,0.5731,0.0040,-0.0033,-0.0109
1774945179.6716,0.0000,0.0000,0.0000,0.0000,0.0000,3.1333,-0.2166,1.0130,0.0061,-0.0043,-0.0119
1774945179.6920,0.0000,0.0000,0.0000,0.0000,0.0000,3.1327,-0.2166,-0.3341,0.0019,-0.0043,-0.0098
1774945179.7114,0.0000,0.0000,0.0000,0.0000,0.0000,3.1330,-0.2166,1.3769,0.0029,-0.0033,-0.0109
1774945179.7317,0.0000,0.0000,0.0000,0.0000,0.0000,3.1327,-0.2165,0.5544,0.0061,-0.0043,-0.0130
1774945179.7518,0.0000,0.0000,0.0000,0.0000,0.0000,3.1328,-0.2167,0.4342,0.0029,-0.0033,-0.0130
1774945179.7740,0.0000,0.0000,0.0000,0.0000,0.0000,3.1332,-0.2164,-0.3029,0.0029,-0.0033,-0.0119
1774945179.7915,0.0000,0.0000,0.0000,0.0000,0.0000,3.1324,-0.2166,-1.5758,0.0040,-0.0054,-0.0130
1774945179.8114,0.0000,0.0000,0.0000,0.0000,0.0000,3.1333,-0.2166,0.8483,0.0040,-0.0033,-0.0109
1774945179.8313,0.0000,0.0000,0.0000,0.0000,0.0000,3.1325,-0.2164,0.0844,0.0040,-0.0043,-0.0119
1774945179.8514,0.0000,0.0000,0.0000,0.0000,0.0000,3.1328,-0.2166,0.8718,0.0029,-0.0043,-0.0119
1774945179.8727,0.0000,0.0000,0.0000,0.0000,0.0000,3.1329,-0.2164,-0.4806,0.0040,-0.0043,-0.0130
1774945179.8914,0.0000,0.0000,0.0000,0.0000,0.0000,3.1324,-0.2165,-0.6393,0.0019,-0.0043,-0.0130
1774945179.9123,0.0000,0.0000,0.0000,0.0000,0.0000,3.1334,-0.2165,0.0421,0.0061,-0.0043,-0.0119
1774945179.9314,0.0000,0.0000,0.0000,0.0000,0.0000,3.1324,-0.2164,-0.7028,0.0040,-0.0043,-0.0141
1774945179.9515,0.0000,0.0000,0.0000,0.0000,0.0000,3.1329,-0.2165,0.8969,0.0040,-0.0033,-0.0119
1774945179.9715,0.0000,0.0000,0.0000,0.0000,0.0000,3.1328,-0.2162,1.0782,0.0050,-0.0043,-0.0130
1774945179.9916,0.0000,0.0000,0.0000,0.0000,0.0000,3.1323,-0.2164,0.5021,0.0029,-0.0033,-0.0109
1774945180.0118,0.0000,0.0000,0.0000,0.0000,0.0000,3.1330,-0.2164,-0.3065,0.0050,-0.0033,-0.0119
1774945180.0315,0.0000,0.0000,0.0000,0.0000,0.0000,3.1322,-0.2165,-1.3831,0.0019,-0.0033,-0.0119
1774945180.0513,0.0000,0.0000,0.0000,0.0000,0.0000,3.1331,-0.2166,1.1601,0.0040,-0.0043,-0.0119
1774945180.0717,0.0000,0.0000,0.0000,0.0000,0.0000,3.1325,-0.2166,0.3812,0.0040,-0.0043,-0.0119
1774945180.0916,0.0000,0.0000,0.0000,0.0000,0.0000,3.1325,-0.2167,0.4320,0.0019,-0.0043,-0.0119
1774945180.1124,0.0000,0.0000,0.0000,0.0000,0.0000,3.1325,-0.2167,1.0204,0.0050,-0.0033,-0.0141
1774945180.1314,0.0000,0.0000,0.0000,0.0000,0.0000,3.1322,-0.2166,-0.0931,0.0019,-0.0043,-0.0119
1774945180.1513,0.0000,0.0000,0.0000,0.0000,0.0000,3.1328,-0.2168,0.4751,0.0029,-0.0043,-0.0119
1774945180.1714,0.0000,0.0000,0.0000,0.0000,0.0000,3.1322,-0.2167,-1.1189,0.0040,-0.0033,-0.0119
1774945180.1919,0.0000,0.0000,0.0000,0.0000,0.0000,3.1328,-0.2166,1.3077,0.0050,-0.0043,-0.0130
1774945180.2129,0.0000,0.0000,0.0000,0.0000,0.0000,3.1330,-0.2153,-1.4005,0.0114,-0.0150,-0.0119
1774945180.2314,0.0000,0.0000,0.0000,0.0000,0.0000,3.1327,-0.2144,-8.3952,0.0178,-0.0225,-0.0119
1774945180.2518,0.0000,0.0000,0.0000,0.0000,0.0000,3.1306,-0.2150,-0.1247,0.0008,0.0010,-0.0141
1774945180.2714,0.0000,0.0000,0.0000,0.0000,0.0000,3.1312,-0.2145,4.5507,0.0157,-0.0043,-0.0087
1774945180.2920,0.0000,0.0000,0.0000,0.0000,0.0000,3.1331,-0.2144,1.9003,0.0210,-0.0097,-0.0077
1774945180.3122,0.0000,0.0000,0.0000,0.0000,0.0000,3.1317,-0.2155,-3.6131,-0.0013,-0.0054,-0.0130
1774945180.3314,0.0000,0.0000,0.0000,0.0000,0.0000,3.1362,-0.2159,3.7137,0.0050,0.0020,-0.0119
1774945180.3515,0.0000,0.0000,0.0000,0.0000,0.0000,3.1390,-0.2158,1.6608,0.0040,-0.0043,-0.0119
1774945180.3714,0.0000,0.0000,0.0000,0.0000,0.0000,3.1393,-0.2169,-0.9049,-0.0056,-0.0043,-0.0151
1774945180.3914,0.0000,0.0000,0.0000,0.0000,0.0000,3.1392,-0.2178,-0.5140,-0.0013,-0.0012,-0.0151
1774945180.4130,0.0000,0.0000,0.0000,0.0000,0.0000,3.1369,-0.2173,-2.3032,0.0029,-0.0033,-0.0119
1774945180.4313,0.0000,0.0000,0.0000,0.0000,0.0000,3.1336,-0.2173,-0.9621,0.0008,-0.0043,-0.0119
1774945180.4521,0.0000,0.0000,0.0000,0.0000,0.0000,3.1307,-0.2177,1.0988,0.0019,-0.0033,-0.0109
1774945180.4713,0.0000,0.0000,0.0000,0.0000,0.0000,3.1294,-0.2174,1.4243,0.0061,-0.0054,-0.0098
1774945180.4913,0.0000,0.0000,0.0000,0.0000,0.0000,3.1298,-0.2171,0.5196,0.0072,-0.0043,-0.0109
1774945180.5113,0.0000,0.0000,0.0000,0.0000,0.0000,3.1312,-0.2168,1.6191,0.0008,-0.0033,-0.0141
1774945180.5313,0.0000,0.0000,0.0000,0.0000,0.0000,3.1345,-0.2164,3.3787,0.0072,-0.0043,-0.0141
1774945180.5513,0.0000,0.0000,0.0000,0.0000,0.0000,3.1366,-0.2154,-0.0842,0.0061,-0.0054,-0.0130
1774945180.5717,0.0000,0.0000,0.0000,0.0000,0.0000,3.1379,-0.2154,-0.6719,0.0019,-0.0054,-0.0098
1774945180.5913,0.0000,0.0000,0.0000,0.0000,0.0000,3.1373,-0.2154,-0.8084,0.0050,-0.0022,-0.0098
1774945180.6113,0.0000,0.0000,0.0000,0.0000,0.0000,3.1362,-0.2159,1.6312,-0.0003,-0.0022,-0.0109
1774945180.6312,0.0000,0.0000,0.0000,0.0000,0.0000,3.1353,-0.2158,3.2960,0.0029,-0.0043,-0.0119
1774945180.6513,0.0000,0.0000,0.0000,0.0000,0.0000,3.1328,-0.2159,-1.9287,-0.0003,-0.0054,-0.0109
1774945180.6714,0.0000,0.0000,0.0000,0.0000,0.0000,3.1315,-0.2165,-2.3924,0.0029,-0.0033,-0.0119
1774945180.6913,0.0000,0.0000,0.0000,0.0000,0.0000,3.1310,-0.2175,0.0000,0.0050,-0.0065,-0.0119
1774945180.7113,0.0000,0.0000,0.0000,0.0000,0.0000,3.1307,-0.2171,-1.7850,0.0019,-0.0033,-0.0098
1774945180.7313,0.0000,0.0000,0.0000,0.0000,0.0000,3.1326,-0.2163,1.1464,0.0061,-0.0022,-0.0109
1774945180.7513,0.0000,0.0000,0.0000,0.0000,0.0000,3.1344,-0.2159,-0.6584,0.0072,-0.0043,-0.0119
1774945180.7713,0.0000,0.0000,0.0000,0.0000,0.0000,3.1365,-0.2158,0.5832,0.0029,-0.0043,-0.0109
1774945180.7913,0.0000,0.0000,0.0000,0.0000,0.0000,3.1374,-0.2156,0.4278,0.0050,-0.0033,-0.0119
1774945180.8113,0.0000,0.0000,0.0000,0.0000,0.0000,3.1365,-0.2157,0.6065,-0.0003,-0.0033,-0.0119
1774945180.8313,0.0000,0.0000,0.0000,0.0000,0.0000,3.1358,-0.2154,0.0879,0.0019,-0.0033,-0.0098
1774945180.8514,0.0000,0.0000,0.0000,0.0000,0.0000,3.1338,-0.2154,-1.2272,0.0029,-0.0043,-0.0141
1774945180.8713,0.0000,0.0000,0.0000,0.0000,0.0000,3.1324,-0.2159,1.2033,0.0040,-0.0043,-0.0109
1774945180.8915,0.0000,0.0000,0.0000,0.0000,0.0000,3.1317,-0.2160,-1.1140,0.0040,-0.0033,-0.0109
1774945180.9113,0.0000,0.0000,0.0000,0.0000,0.0000,3.1319,-0.2161,1.5664,0.0040,-0.0022,-0.0119
1774945180.9318,0.0000,0.0000,0.0000,0.0000,0.0000,3.1331,-0.2163,0.0000,0.0093,-0.0033,-0.0130
1774945180.9516,0.0000,0.0000,0.0000,0.0000,0.0000,3.1343,-0.2162,-0.3440,0.0019,-0.0033,-0.0109
1774945180.9713,0.0000,0.0000,0.0000,0.0000,0.0000,3.1358,-0.2158,0.3324,0.0050,-0.0033,-0.0119
1774945180.9913,0.0000,0.0000,0.0000,0.0000,0.0000,3.1360,-0.2158,-1.3234,0.0050,-0.0054,-0.0119
1774945181.0113,0.0000,0.0000,0.0000,0.0000,0.0000,3.1359,-0.2157,0.7655,0.0029,-0.0043,-0.0098
1774945181.0313,0.0000,0.0000,0.0000,0.0000,0.0000,3.1351,-0.2154,0.1354,0.0050,-0.0043,-0.0109
1774945181.0513,0.0000,0.0000,0.0000,0.0000,0.0000,3.1336,-0.2155,0.0435,0.0019,-0.0033,-0.0119
1774945181.0713,0.0000,0.0000,0.0000,0.0000,0.0000,3.1331,-0.2155,-0.1253,0.0050,-0.0033,-0.0119
1774945181.0914,0.0000,0.0000,0.0000,0.0000,0.0000,3.1318,-0.2160,-0.8912,0.0040,-0.0033,-0.0119
1774945181.1114,0.0000,0.0000,0.0000,0.0000,0.0000,3.1323,-0.2162,0.8784,0.0082,-0.0033,-0.0130
1774945181.1313,0.0000,0.0000,0.0000,0.0000,0.0000,3.1323,-0.2163,0.4300,0.0040,-0.0033,-0.0119
1774945181.1513,0.0000,0.0000,0.0000,0.0000,0.0000,3.1332,-0.2164,1.0151,0.0029,-0.0043,-0.0109
1774945181.1717,0.0000,0.0000,0.0000,0.0000,0.0000,3.1342,-0.2162,-0.2910,0.0061,-0.0043,-0.0119
1774945181.1919,0.0000,0.0000,0.0000,0.0000,0.0000,3.1341,-0.2162,-1.1025,0.0019,-0.0033,-0.0109
1774945181.2114,0.0000,0.0000,0.0000,0.0000,0.0000,3.1351,-0.2159,0.9912,0.0050,-0.0043,-0.0119
1774945181.2314,0.0000,0.0000,0.0000,0.0000,0.0000,3.1341,-0.2155,-1.2856,0.0040,-0.0043,-0.0119
1774945181.2514,0.0000,0.0000,0.0000,0.0000,0.0000,3.1343,-0.2155,0.2556,0.0050,-0.0043,-0.0119
1774945181.2713,0.0000,0.0000,0.0000,0.0000,0.0000,3.1336,-0.2155,-0.0432,0.0061,-0.0033,-0.0130
1774945181.2913,0.0000,0.0000,0.0000,0.0000,0.0000,3.1326,-0.2157,0.5364,0.0008,-0.0033,-0.0098
1774945181.3121,0.0000,0.0000,0.0000,0.0000,0.0000,3.1330,-0.2161,-0.3022,0.0061,-0.0033,-0.0119
1774945181.3313,0.0000,0.0000,0.0000,0.0000,0.0000,3.1322,-0.2161,-1.8792,0.0029,-0.0043,-0.0130
1774945181.3513,0.0000,0.0000,0.0000,0.0000,0.0000,3.1333,-0.2161,0.1740,0.0050,-0.0043,-0.0119
1774945181.3715,0.0000,0.0000,0.0000,0.0000,0.0000,3.1335,-0.2159,0.3687,0.0061,-0.0043,-0.0119
1774945181.3916,0.0000,0.0000,0.0000,0.0000,0.0000,3.1337,-0.2160,0.4690,0.0029,-0.0043,-0.0109
1774945181.4112,0.0000,0.0000,0.0000,0.0000,0.0000,3.1345,-0.2158,-0.6623,0.0050,-0.0043,-0.0109
1774945181.4313,0.0000,0.0000,0.0000,0.0000,0.0000,3.1334,-0.2158,-1.3508,0.0019,-0.0033,-0.0109
1774945181.4513,0.0000,0.0000,0.0000,0.0000,0.0000,3.1339,-0.2158,1.3399,0.0040,-0.0033,-0.0109
1774945181.4713,0.0000,0.0000,0.0000,0.0000,0.0000,3.1332,-0.2157,-0.0866,0.0040,-0.0033,-0.0109
1774945181.4913,0.0000,0.0000,0.0000,0.0000,0.0000,3.1331,-0.2157,-0.4455,0.0040,-0.0054,-0.0119
1774945181.5113,0.0000,0.0000,0.0000,0.0000,0.0000,3.1332,-0.2155,-1.3749,0.0061,-0.0043,-0.0119
1774945181.5312,0.0000,0.0000,0.0000,0.0000,0.0000,3.1329,-0.2160,-0.5586,0.0019,-0.0043,-0.0109
1774945181.5514,0.0000,0.0000,0.0000,0.0000,0.0000,3.1338,-0.2161,0.6170,0.0061,-0.0033,-0.0119
1774945181.5714,0.0000,0.0000,0.0000,0.0000,0.0000,3.1333,-0.2160,-0.0843,0.0019,-0.0043,-0.0109
1774945181.5914,0.0000,0.0000,0.0000,0.0000,0.0000,3.1339,-0.2160,0.5357,0.0019,-0.0054,-0.0109
1774945181.6112,0.0000,0.0000,0.0000,0.0000,0.0000,3.1342,-0.2158,0.5602,0.0040,-0.0043,-0.0119
1774945181.6312,0.0000,0.0000,0.0000,0.0000,0.0000,3.1343,-0.2156,0.4136,0.0029,-0.0043,-0.0119
1774945181.6518,0.0000,0.0000,0.0000,0.0000,0.0000,3.1343,-0.2155,-0.7486,0.0050,-0.0022,-0.0119
1774945181.6713,0.0000,0.0000,0.0000,0.0000,0.0000,3.1335,-0.2157,-0.6387,0.0029,-0.0033,-0.0130
1774945181.6913,0.0000,0.0000,0.0000,0.0000,0.0000,3.1340,-0.2156,0.7518,0.0040,-0.0054,-0.0119
1774945181.7114,0.0000,0.0000,0.0000,0.0000,0.0000,3.1332,-0.2157,-0.9255,0.0050,-0.0033,-0.0130
1774945181.7313,0.0000,0.0000,0.0000,0.0000,0.0000,3.1335,-0.2160,0.9766,0.0040,-0.0033,-0.0119
1774945181.7513,0.0000,0.0000,0.0000,0.0000,0.0000,3.1335,-0.2157,0.2526,0.0029,-0.0043,-0.0119
1774945181.7712,0.0000,0.0000,0.0000,0.0000,0.0000,3.1333,-0.2160,0.2617,0.0019,-0.0022,-0.0109
1774945181.7912,0.0000,0.0000,0.0000,0.0000,0.0000,3.1342,-0.2159,0.0836,0.0061,-0.0033,-0.0119
1774945181.8112,0.0000,0.0000,0.0000,0.0000,0.0000,3.1334,-0.2160,-1.2909,0.0029,-0.0033,-0.0119
1774945181.8313,0.0000,0.0000,0.0000,0.0000,0.0000,3.1340,-0.2159,-0.4274,0.0050,-0.0043,-0.0119
1774945181.8514,0.0000,0.0000,0.0000,0.0000,0.0000,3.1336,-0.2158,-0.4289,0.0050,-0.0022,-0.0130
1774945181.8712,0.0000,0.0000,0.0000,0.0000,0.0000,3.1339,-0.2160,1.0353,0.0040,-0.0043,-0.0119
1774945181.8914,0.0000,0.0000,0.0000,0.0000,0.0000,3.1337,-0.2159,-0.1682,0.0050,-0.0033,-0.0109
1774945181.9112,0.0000,0.0000,0.0000,0.0000,0.0000,3.1329,-0.2158,-0.7075,0.0019,-0.0033,-0.0119
1774945181.9313,0.0000,0.0000,0.0000,0.0000,0.0000,3.1339,-0.2158,0.3213,0.0061,-0.0054,-0.0119
1774945181.9514,0.0000,0.0000,0.0000,0.0000,0.0000,3.1329,-0.2157,-1.8954,0.0040,-0.0043,-0.0130
1774945181.9717,0.0000,0.0000,0.0000,0.0000,0.0000,3.1336,-0.2158,0.8188,0.0008,-0.0043,-0.0130
1774945181.9914,0.0000,0.0000,0.0000,0.0000,0.0000,3.1338,-0.2156,1.2434,0.0050,-0.0043,-0.0119
1774945182.0120,0.0000,0.0000,0.0000,0.0000,0.0000,3.1338,-0.2158,-0.0548,0.0029,-0.0022,-0.0119
1774945182.0315,0.0000,0.0000,0.0000,0.0000,0.0000,3.1345,-0.2156,0.0887,0.0072,-0.0043,-0.0130
1774945182.0520,0.0000,0.0000,0.0000,0.0000,0.0000,3.1335,-0.2155,-2.0568,0.0019,-0.0043,-0.0119
1774945182.0714,0.0000,0.0000,0.0000,0.0000,0.0000,3.1342,-0.2156,0.4397,0.0029,-0.0033,-0.0119
1774945182.0917,0.0000,0.0000,0.0000,0.0000,0.0000,3.1339,-0.2157,0.7305,0.0040,-0.0033,-0.0119
1774945182.1160,0.0000,0.0000,0.0000,0.0000,0.0000,3.1337,-0.2157,0.5691,0.0008,-0.0054,-0.0109
1774945182.1315,0.0000,0.0000,0.0000,0.0000,0.0000,3.1341,-0.2157,-0.7032,0.0061,-0.0033,-0.0130
1774945182.1516,0.0000,0.0000,0.0000,0.0000,0.0000,3.1335,-0.2155,-0.3752,0.0029,-0.0033,-0.0130
1774945182.1712,0.0000,0.0000,0.0000,0.0000,0.0000,3.1343,-0.2156,1.1026,0.0040,-0.0054,-0.0109
1774945182.1917,0.0000,0.0000,0.0000,0.0000,0.0000,3.1335,-0.2157,-0.2491,0.0040,-0.0043,-0.0130
1774945182.2116,0.0000,0.0000,0.0000,0.0000,0.0000,3.1342,-0.2158,0.8869,0.0040,-0.0043,-0.0119
1774945182.2314,0.0000,0.0000,0.0000,0.0000,0.0000,3.1344,-0.2157,0.5853,0.0061,-0.0043,-0.0130
1774945182.2515,0.0000,0.0000,0.0000,0.0000,0.0000,3.1341,-0.2158,0.1281,0.0029,-0.0033,-0.0109
1774945182.2714,0.0000,0.0000,0.0000,0.0000,0.0000,3.1347,-0.2157,0.6101,0.0050,-0.0033,-0.0109
1774945182.2914,0.0000,0.0000,0.0000,0.0000,0.0000,3.1341,-0.2158,-0.8671,0.0029,-0.0043,-0.0109
1774945182.3114,0.0000,0.0000,0.0000,0.0000,0.0000,3.1344,-0.2158,1.0126,0.0040,-0.0033,-0.0119
1774945182.3315,0.0000,0.0000,0.0000,0.0000,0.0000,3.1339,-0.2157,0.5099,0.0050,-0.0033,-0.0109
1774945182.3520,0.0000,0.0000,0.0000,0.0000,0.0000,3.1337,-0.2157,-0.4667,0.0019,-0.0033,-0.0109
1774945182.3714,0.0000,0.0000,0.0000,0.0000,0.0000,3.1342,-0.2156,-0.6260,0.0061,-0.0033,-0.0141
1774945182.3914,0.0000,0.0000,0.0000,0.0000,0.0000,3.1337,-0.2159,-0.3132,-0.0013,-0.0033,-0.0109
1774945182.4113,0.0000,0.0000,0.0000,0.0000,0.0000,3.1346,-0.2157,0.6650,0.0050,-0.0043,-0.0109
1774945182.4315,0.0000,0.0000,0.0000,0.0000,0.0000,3.1338,-0.2157,-0.9457,0.0040,-0.0043,-0.0119
1774945182.4514,0.0000,0.0000,0.0000,0.0000,0.0000,3.1344,-0.2157,0.2084,0.0019,-0.0043,-0.0109
1774945182.4714,0.0000,0.0000,0.0000,0.0000,0.0000,3.1342,-0.2154,0.2936,0.0029,-0.0033,-0.0130
1774945182.4915,0.0000,0.0000,0.0000,0.0000,0.0000,3.1338,-0.2155,0.6316,0.0029,-0.0033,-0.0119
1774945182.5114,0.0000,0.0000,0.0000,0.0000,0.0000,3.1351,-0.2136,0.7308,0.0050,-0.0203,-0.0087
1774945182.5314,0.0000,0.0000,0.0000,0.0000,0.0000,3.1343,-0.2133,-8.2567,0.0157,-0.0235,-0.0098
1774945182.5514,0.0000,0.0000,0.0000,0.0000,0.0000,3.1331,-0.2130,-8.3767,0.0168,-0.0150,-0.0141
1774945182.5713,0.0000,0.0000,0.0000,0.0000,0.0000,3.1303,-0.2139,6.0106,0.0029,-0.0001,-0.0119
1774945182.5914,0.0000,0.0000,0.0000,0.0000,0.0000,3.1336,-0.2134,3.3213,0.0125,-0.0129,-0.0087
1774945182.6117,0.0000,0.0000,0.0000,0.0000,0.0000,3.1350,-0.2129,1.1955,0.0200,-0.0161,-0.0098
1774945182.6317,0.0000,0.0000,0.0000,0.0000,0.0000,3.1335,-0.2134,-2.4943,0.0029,-0.0086,-0.0077
1774945182.6513,0.0000,0.0000,0.0000,0.0000,0.0000,3.1355,-0.2142,-0.2995,0.0104,0.0052,-0.0098
1774945182.6713,0.0000,0.0000,0.0000,0.0000,0.0000,3.1381,-0.2144,-3.8043,0.0189,-0.0022,-0.0109
1774945182.6915,0.0000,0.0000,0.0000,0.0000,0.0000,3.1387,-0.2152,-0.5831,0.0072,-0.0022,-0.0130
1774945182.7118,0.0000,0.0000,0.0000,0.0000,0.0000,3.1380,-0.2162,-0.3052,-0.0024,-0.0033,-0.0098
1774945182.7317,0.0000,0.0000,0.0000,0.0000,0.0000,3.1376,-0.2167,-0.6723,0.0029,-0.0022,-0.0119
1774945182.7515,0.0000,0.0000,0.0000,0.0000,0.0000,3.1368,-0.2169,0.7799,0.0093,-0.0075,-0.0098
1774945182.7713,0.0000,0.0000,0.0000,0.0000,0.0000,3.1343,-0.2180,-3.0330,0.0019,-0.0054,-0.0098
1774945182.7914,0.0000,0.0000,0.0000,0.0000,0.0000,3.1350,-0.2179,0.5027,0.0082,-0.0022,-0.0087
1774945182.8115,0.0000,0.0000,0.0000,0.0000,0.0000,3.1347,-0.2160,1.9296,0.0125,-0.0097,-0.0098
1774945182.8313,0.0000,0.0000,0.0000,0.0000,0.0000,3.1339,-0.2153,-0.0439,0.0114,-0.0161,-0.0109
1774945182.8520,0.0000,0.0000,0.0000,0.0000,0.0000,3.1329,-0.2154,0.8557,0.0114,-0.0086,-0.0098
1774945182.8723,0.0000,0.0000,0.0000,0.0000,0.0000,3.1329,-0.2148,-0.8579,0.0114,-0.0043,-0.0066
1774945182.8919,0.0000,0.0000,0.0000,0.0000,0.0000,3.1344,-0.2142,1.0043,0.0178,-0.0097,-0.0087
1774945182.9114,0.0000,0.0000,0.0000,0.0000,0.0000,3.1343,-0.2146,0.7063,0.0168,-0.0075,-0.0087
1774945182.9314,0.0000,0.0000,0.0000,0.0000,0.0000,3.1355,-0.2154,2.2627,0.0125,-0.0054,-0.0119
1774945182.9514,0.0000,0.0000,0.0000,0.0000,0.0000,3.1373,-0.2151,0.5284,0.0082,-0.0033,-0.0109
1774945182.9716,0.0000,0.0000,0.0000,0.0000,0.0000,3.1399,-0.2145,-1.5404,0.0019,-0.0033,-0.0109
1774945182.9916,0.0000,0.0000,0.0000,0.0000,0.0000,-3.1408,-0.2140,2.3127,0.0040,-0.0054,-0.0098
1774945183.0114,0.0000,0.0000,0.0000,0.0000,0.0000,-3.1411,-0.2142,-1.6299,0.0019,-0.0043,-0.0119
1774945183.0315,0.0000,0.0000,0.0000,0.0000,0.0000,3.1413,-0.2142,0.6417,0.0008,-0.0022,-0.0119
1774945183.0515,0.0000,0.0000,0.0000,0.0000,0.0000,3.1391,-0.2138,1.0352,0.0029,-0.0033,-0.0119
1774945183.0717,0.0000,0.0000,0.0000,0.0000,0.0000,3.1373,-0.2141,-0.2074,0.0008,-0.0043,-0.0119
1774945183.0913,0.0000,0.0000,0.0000,0.0000,0.0000,3.1348,-0.2143,-0.1675,0.0040,-0.0043,-0.0119
1774945183.1113,0.0000,0.0000,0.0000,0.0000,0.0000,3.1330,-0.2147,1.2702,0.0019,-0.0033,-0.0109
1774945183.1317,0.0000,0.0000,0.0000,0.0000,0.0000,3.1337,-0.2144,0.5413,0.0082,-0.0043,-0.0130
1774945183.1515,0.0000,0.0000,0.0000,0.0000,0.0000,3.1339,-0.2148,-2.1004,0.0050,-0.0033,-0.0130
1774945183.1715,0.0000,0.0000,0.0000,0.0000,0.0000,3.1361,-0.2148,1.0229,0.0061,-0.0033,-0.0119
1774945183.1915,0.0000,0.0000,0.0000,0.0000,0.0000,3.1378,-0.2145,0.8964,0.0072,-0.0043,-0.0119
1774945183.2114,0.0000,0.0000,0.0000,0.0000,0.0000,3.1391,-0.2150,-0.0435,0.0029,-0.0022,-0.0119
1774945183.2321,0.0000,0.0000,0.0000,0.0000,0.0000,3.1404,-0.2148,0.2976,0.0040,-0.0033,-0.0109
1774945183.2515,0.0000,0.0000,0.0000,0.0000,0.0000,3.1394,-0.2145,-2.5161,0.0019,-0.0043,-0.0119
1774945183.2714,0.0000,0.0000,0.0000,0.0000,0.0000,3.1393,-0.2146,-0.5337,0.0040,-0.0043,-0.0119
1774945183.2914,0.0000,0.0000,0.0000,0.0000,0.0000,3.1373,-0.2143,0.6175,0.0040,-0.0033,-0.0119
1774945183.3118,0.0000,0.0000,0.0000,0.0000,0.0000,3.1351,-0.2143,-0.7558,0.0029,-0.0054,-0.0141
1774945183.3315,0.0000,0.0000,0.0000,0.0000,0.0000,3.1349,-0.2139,0.1777,0.0072,-0.0033,-0.0119
1774945183.3515,0.0000,0.0000,0.0000,0.0000,0.0000,3.1341,-0.2140,-1.5684,0.0050,-0.0043,-0.0119
1774945183.3714,0.0000,0.0000,0.0000,0.0000,0.0000,3.1357,-0.2141,0.6995,0.0040,-0.0033,-0.0109
1774945183.3915,0.0000,0.0000,0.0000,0.0000,0.0000,3.1370,-0.2143,-0.5925,0.0061,-0.0033,-0.0119
1774945183.4114,0.0000,0.0000,0.0000,0.0000,0.0000,3.1383,-0.2147,1.5736,0.0019,-0.0033,-0.0098
1774945183.4315,0.0000,0.0000,0.0000,0.0000,0.0000,3.1392,-0.2146,-0.2556,0.0061,-0.0033,-0.0119
1774945183.4514,0.0000,0.0000,0.0000,0.0000,0.0000,3.1387,-0.2144,-0.6703,0.0019,-0.0043,-0.0119
1774945183.4713,0.0000,0.0000,0.0000,0.0000,0.0000,3.1387,-0.2144,1.0352,0.0029,-0.0043,-0.0109
1774945183.4914,0.0000,0.0000,0.0000,0.0000,0.0000,3.1374,-0.2142,-1.8259,0.0040,-0.0043,-0.0119
1774945183.5114,0.0000,0.0000,0.0000,0.0000,0.0000,3.1364,-0.2142,1.3187,0.0029,-0.0022,-0.0119
1774945183.5315,0.0000,0.0000,0.0000,0.0000,0.0000,3.1356,-0.2143,0.4981,0.0072,-0.0043,-0.0130
1774945183.5515,0.0000,0.0000,0.0000,0.0000,0.0000,3.1350,-0.2145,0.5130,0.0008,-0.0033,-0.0109
1774945183.5713,0.0000,0.0000,0.0000,0.0000,0.0000,3.1360,-0.2146,0.6012,0.0050,-0.0022,-0.0109
1774945183.5915,0.0000,0.0000,0.0000,0.0000,0.0000,3.1360,-0.2148,-1.3987,0.0040,-0.0043,-0.0109
1774945183.6134,0.0000,0.0000,0.0000,0.0000,0.0000,3.1370,-0.2147,0.2688,0.0040,-0.0043,-0.0109
1774945183.6315,0.0000,0.0000,0.0000,0.0000,0.0000,3.1374,-0.2146,-0.8098,0.0061,-0.0043,-0.0130
1774945183.6514,0.0000,0.0000,0.0000,0.0000,0.0000,3.1383,-0.2147,1.3331,0.0019,-0.0033,-0.0109
1774945183.6715,0.0000,0.0000,0.0000,0.0000,0.0000,3.1384,-0.2146,-0.4118,0.0040,-0.0022,-0.0119
1774945183.6915,0.0000,0.0000,0.0000,0.0000,0.0000,3.1375,-0.2147,-1.0129,0.0029,-0.0033,-0.0119
1774945183.7114,0.0000,0.0000,0.0000,0.0000,0.0000,3.1375,-0.2144,1.0261,0.0040,-0.0054,-0.0119
1774945183.7316,0.0000,0.0000,0.0000,0.0000,0.0000,3.1365,-0.2145,-0.0432,0.0029,-0.0022,-0.0119
1774945183.7514,0.0000,0.0000,0.0000,0.0000,0.0000,3.1363,-0.2146,0.8386,0.0019,-0.0043,-0.0109
1774945183.7714,0.0000,0.0000,0.0000,0.0000,0.0000,3.1364,-0.2145,-0.9841,0.0072,-0.0022,-0.0119
1774945183.7914,0.0000,0.0000,0.0000,0.0000,0.0000,3.1360,-0.2147,1.0845,0.0061,-0.0001,-0.0098
1774945183.8116,0.0000,0.0000,0.0000,0.0000,0.0000,3.1362,-0.2136,1.4325,0.0061,-0.0022,-0.0130
1774945183.8313,0.0000,0.0000,0.0000,0.0000,0.0000,3.1357,-0.2139,-0.6550,0.0029,-0.0054,-0.0119
1774945183.8521,0.0000,0.0000,0.0000,0.0000,0.0000,3.1378,-0.2148,0.5382,0.0061,-0.0012,-0.0109
1774945183.8716,0.0000,0.0000,0.0000,0.0000,0.0000,3.1387,-0.2146,0.6602,0.0050,-0.0043,-0.0130
1774945183.8920,0.0000,0.0000,0.0000,0.0000,0.0000,3.1385,-0.2147,-0.5965,0.0040,-0.0033,-0.0119
1774945183.9115,0.0000,0.0000,0.0000,0.0000,0.0000,3.1395,-0.2150,-0.1726,0.0072,-0.0043,-0.0130
1774945183.9314,0.0000,0.0000,0.0000,0.0000,0.0000,3.1388,-0.2154,-0.4591,-0.0003,-0.0022,-0.0109
1774945183.9514,0.0000,0.0000,0.0000,0.0000,0.0000,3.1386,-0.2153,1.1499,0.0040,-0.0043,-0.0119
1774945183.9713,0.0000,0.0000,0.0000,0.0000,0.0000,3.1371,-0.2149,-0.6294,0.0019,-0.0043,-0.0130
1774945183.9914,0.0000,0.0000,0.0000,0.0000,0.0000,3.1367,-0.2150,-0.0835,0.0029,-0.0043,-0.0109
1774945184.0118,0.0000,0.0000,0.0000,0.0000,0.0000,3.1356,-0.2148,0.2132,0.0061,-0.0043,-0.0119
1774945184.0315,0.0000,0.0000,0.0000,0.0000,0.0000,3.1353,-0.2147,0.2543,0.0029,-0.0043,-0.0098
1774945184.0521,0.0000,0.0000,0.0000,0.0000,0.0000,3.1369,-0.2147,-0.2524,0.0050,-0.0043,-0.0119
1774945184.0714,0.0000,0.0000,0.0000,0.0000,0.0000,3.1367,-0.2149,-1.4022,0.0040,-0.0033,-0.0109
1774945184.0914,0.0000,0.0000,0.0000,0.0000,0.0000,3.1384,-0.2146,1.0309,0.0019,-0.0033,-0.0109
1774945184.1115,0.0000,0.0000,0.0000,0.0000,0.0000,3.1388,-0.2144,0.1264,0.0040,-0.0043,-0.0130
1774945184.1314,0.0000,0.0000,0.0000,0.0000,0.0000,3.1381,-0.2147,0.7523,0.0008,-0.0033,-0.0119
1774945184.1519,0.0000,0.0000,0.0000,0.0000,0.0000,3.1382,-0.2144,-0.5490,0.0061,-0.0033,-0.0119
1774945184.1713,0.0000,0.0000,0.0000,0.0000,0.0000,3.1369,-0.2145,-1.0317,0.0019,-0.0043,-0.0109
1774945184.1914,0.0000,0.0000,0.0000,0.0000,0.0000,3.1370,-0.2145,1.1184,0.0040,-0.0043,-0.0109
1774945184.2119,0.0000,0.0000,0.0000,0.0000,0.0000,3.1359,-0.2145,0.1876,0.0040,-0.0054,-0.0119
1774945184.2312,0.0000,0.0000,0.0000,0.0000,0.0000,3.1362,-0.2145,0.4253,0.0019,-0.0033,-0.0119
1774945184.2515,0.0000,0.0000,0.0000,0.0000,0.0000,3.1366,-0.2148,0.0425,0.0050,-0.0043,-0.0130
1774945184.2716,0.0000,0.0000,0.0000,0.0000,0.0000,3.1367,-0.2149,0.2714,0.0008,-0.0022,-0.0109
1774945184.2917,0.0000,0.0000,0.0000,0.0000,0.0000,3.1379,-0.2148,0.0000,0.0082,-0.0043,-0.0119
1774945184.3119,0.0000,0.0000,0.0000,0.0000,0.0000,3.1376,-0.2149,-1.6507,0.0040,-0.0043,-0.0109
1774945184.3312,0.0000,0.0000,0.0000,0.0000,0.0000,3.1384,-0.2147,1.0850,0.0029,-0.0054,-0.0109
1774945184.3515,0.0000,0.0000,0.0000,0.0000,0.0000,3.1380,-0.2145,0.2521,0.0040,-0.0054,-0.0130
1774945184.3714,0.0000,0.0000,0.0000,0.0000,0.0000,3.1380,-0.2145,0.9158,0.0029,-0.0033,-0.0119
1774945184.3913,0.0000,0.0000,0.0000,0.0000,0.0000,3.1376,-0.2144,-0.7766,0.0061,-0.0022,-0.0130
1774945184.4116,0.0000,0.0000,0.0000,0.0000,0.0000,3.1366,-0.2146,-1.1305,0.0040,-0.0054,-0.0119
1774945184.4314,0.0000,0.0000,0.0000,0.0000,0.0000,3.1371,-0.2147,0.7916,0.0040,-0.0043,-0.0109
1774945184.4514,0.0000,0.0000,0.0000,0.0000,0.0000,3.1366,-0.2146,-0.6220,0.0029,-0.0043,-0.0109
1774945184.4714,0.0000,0.0000,0.0000,0.0000,0.0000,3.1373,-0.2147,0.4223,0.0040,-0.0033,-0.0119
1774945184.4922,0.0000,0.0000,0.0000,0.0000,0.0000,3.1375,-0.2146,0.0910,0.0050,-0.0043,-0.0109
1774945184.5117,0.0000,0.0000,0.0000,0.0000,0.0000,3.1376,-0.2148,0.1874,0.0019,-0.0022,-0.0109
1774945184.5314,0.0000,0.0000,0.0000,0.0000,0.0000,3.1385,-0.2148,0.0000,0.0040,-0.0043,-0.0119
1774945184.5519,0.0000,0.0000,0.0000,0.0000,0.0000,3.1375,-0.2149,-1.7436,0.0029,-0.0043,-0.0130
1774945184.5714,0.0000,0.0000,0.0000,0.0000,0.0000,3.1382,-0.2147,0.3982,0.0029,-0.0022,-0.0098
1774945184.5914,0.0000,0.0000,0.0000,0.0000,0.0000,3.1375,-0.2145,0.5471,0.0029,-0.0043,-0.0119
1774945184.6123,0.0000,0.0000,0.0000,0.0000,0.0000,3.1371,-0.2146,-0.6481,0.0008,-0.0033,-0.0119
1774945184.6315,0.0000,0.0000,0.0000,0.0000,0.0000,3.1376,-0.2144,-0.5586,0.0050,-0.0033,-0.0119
1774945184.6514,0.0000,0.0000,0.0000,0.0000,0.0000,3.1367,-0.2146,-0.9369,0.0029,-0.0033,-0.0141
1774945184.6714,0.0000,0.0000,0.0000,0.0000,0.0000,3.1377,-0.2148,0.7988,0.0072,-0.0033,-0.0119
1774945184.6914,0.0000,0.0000,0.0000,0.0000,0.0000,3.1369,-0.2147,-0.5462,0.0019,-0.0043,-0.0109
1774945184.7119,0.0000,0.0000,0.0000,0.0000,0.0000,3.1376,-0.2146,0.2523,0.0050,-0.0043,-0.0119
1774945184.7314,0.0000,0.0000,0.0000,0.0000,0.0000,3.1377,-0.2146,0.2519,0.0050,-0.0033,-0.0119
1774945184.7514,0.0000,0.0000,0.0000,0.0000,0.0000,3.1374,-0.2147,0.4261,0.0008,-0.0043,-0.0109
1774945184.7721,0.0000,0.0000,0.0000,0.0000,0.0000,3.1379,-0.2146,1.2831,0.0040,-0.0043,-0.0109
1774945184.7913,0.0000,0.0000,0.0000,0.0000,0.0000,3.1371,-0.2145,-1.6271,0.0008,-0.0043,-0.0119
1774945184.8114,0.0000,0.0000,0.0000,0.0000,0.0000,3.1376,-0.2146,0.4362,0.0050,-0.0043,-0.0141
1774945184.8314,0.0000,0.0000,0.0000,0.0000,0.0000,3.1373,-0.2146,0.6791,0.0050,-0.0054,-0.0141
1774945184.8514,0.0000,0.0000,0.0000,0.0000,0.0000,3.1370,-0.2146,0.6588,0.0029,-0.0033,-0.0130
1774945184.8720,0.0000,0.0000,0.0000,0.0000,0.0000,3.1375,-0.2146,1.4447,0.0050,-0.0033,-0.0119
1774945184.8922,0.0000,0.0000,0.0000,0.0000,0.0000,3.1367,-0.2147,-1.3033,0.0029,-0.0033,-0.0119
1774945184.9115,0.0000,0.0000,0.0000,0.0000,0.0000,3.1379,-0.2146,0.1786,0.0061,-0.0054,-0.0119
1774945184.9316,0.0000,0.0000,0.0000,0.0000,0.0000,3.1375,-0.2148,0.0000,0.0029,-0.0043,-0.0109
1774945184.9515,0.0000,0.0000,0.0000,0.0000,0.0000,3.1379,-0.2145,-0.0856,0.0029,-0.0054,-0.0130
1774945184.9719,0.0000,0.0000,0.0000,0.0000,0.0000,3.1382,-0.2142,0.1207,0.0072,-0.0033,-0.0130
1774945184.9919,0.0000,0.0000,0.0000,0.0000,0.0000,3.1378,-0.2138,0.2474,0.0029,-0.0033,-0.0109
1774945185.0115,0.0000,0.0000,0.0000,0.0000,0.0000,3.1384,-0.2115,1.0624,0.0050,-0.0193,-0.0109
1774945185.0316,0.0000,0.0000,0.0000,0.0000,0.0000,3.1370,-0.2112,-8.7424,0.0178,-0.0257,-0.0098
1774945185.0515,0.0000,0.0000,0.0000,0.0000,0.0000,3.1341,-0.2114,-2.4630,0.0050,-0.0075,-0.0077
1774945185.0713,0.0000,0.0000,0.0000,0.0000,0.0000,3.1335,-0.2116,5.3112,0.0157,-0.0022,-0.0087
1774945185.0921,0.0000,0.0000,0.0000,0.0000,0.0000,3.1364,-0.2120,0.5162,0.0285,0.0106,-0.0077
1774945185.1115,0.0000,0.0000,0.0000,0.0000,0.0000,3.1358,-0.2122,2.0656,0.0189,0.0063,-0.0087
1774945185.1316,0.0000,0.0000,0.0000,0.0000,0.0000,3.1387,-0.2131,0.5093,0.0093,-0.0022,-0.0109
1774945185.1513,0.0000,0.0000,0.0000,0.0000,0.0000,3.1415,-0.2142,-2.3053,0.0157,-0.0001,-0.0109
1774945185.1715,0.0000,0.0000,0.0000,0.0000,0.0000,-3.1405,-0.2152,5.5018,0.0114,0.0031,-0.0130
1774945185.1922,0.0000,0.0000,0.0000,0.0000,0.0000,-3.1404,-0.2159,-1.9497,-0.0024,-0.0012,-0.0130
1774945185.2114,0.0000,0.0000,0.0000,0.0000,0.0000,-3.1405,-0.2160,-5.9099,0.0029,-0.0043,-0.0109
1774945185.2314,0.0000,0.0000,0.0000,0.0000,0.0000,-3.1405,-0.2161,0.6793,0.0050,-0.0012,-0.0087
1774945185.2515,0.0000,0.0000,0.0000,0.0000,0.0000,-3.1415,-0.2168,-0.0830,0.0061,-0.0033,-0.0098
1774945185.2714,0.0000,0.0000,0.0000,0.0000,0.0000,3.1400,-0.2168,-2.4750,-0.0013,-0.0033,-0.0141
1774945185.2915,0.0000,0.0000,0.0000,0.0000,0.0000,3.1406,-0.2158,4.9335,0.0040,-0.0033,-0.0141
1774945185.3116,0.0000,0.0000,0.0000,0.0000,0.0000,3.1389,-0.2150,0.2851,0.0029,-0.0065,-0.0130
1774945185.3314,0.0000,0.0000,0.0000,0.0000,0.0000,3.1370,-0.2150,-2.6030,0.0029,-0.0033,-0.0130
1774945185.3513,0.0000,0.0000,0.0000,0.0000,0.0000,3.1371,-0.2139,0.5063,0.0082,-0.0022,-0.0119
1774945185.3715,0.0000,0.0000,0.0000,0.0000,0.0000,3.1368,-0.2136,-4.8531,0.0050,-0.0054,-0.0098
1774945185.3915,0.0000,0.0000,0.0000,0.0000,0.0000,3.1383,-0.2144,-4.1327,0.0050,-0.0022,-0.0119
1774945185.4115,0.0000,0.0000,0.0000,0.0000,0.0000,3.1405,-0.2149,2.0141,0.0029,-0.0022,-0.0130
1774945185.4314,0.0000,0.0000,0.0000,0.0000,0.0000,3.1412,-0.2152,2.4829,0.0029,-0.0065,-0.0119
1774945185.4514,0.0000,0.0000,0.0000,0.0000,0.0000,3.1414,-0.2148,-0.5588,0.0019,-0.0086,-0.0173
1774945185.4713,0.0000,0.0000,0.0000,0.0000,0.0000,3.1405,-0.2130,0.4624,0.0008,-0.0033,-0.0119
1774945185.4914,0.0000,0.0000,0.0000,0.0000,0.0000,3.1388,-0.2122,0.7366,0.0072,-0.0033,-0.0098
1774945185.5124,0.0000,0.0000,0.0000,0.0000,0.0000,3.1377,-0.2103,-2.4560,0.0019,-0.0033,-0.0130
1774945185.5321,0.0000,0.0000,0.0000,0.0000,0.0000,3.1374,-0.2092,2.5976,0.0008,-0.0054,-0.0109
1774945185.5515,0.0000,0.0000,0.0000,0.0000,0.0000,3.1384,-0.2080,4.7632,0.0050,-0.0086,-0.0141
1774945185.5719,0.0000,0.0000,0.0000,0.0000,0.0000,3.1380,-0.2080,1.0405,0.0050,0.0116,-0.0130
1774945185.5913,0.0000,0.0000,0.0000,0.0000,0.0000,3.1383,-0.2092,3.9452,0.0178,0.0202,-0.0130
1774945185.6114,0.0000,0.0000,0.0000,0.0000,0.0000,3.1375,-0.2092,-4.0408,0.0264,0.0233,-0.0077
1774945185.6314,0.0000,0.0000,0.0000,0.0000,0.0000,3.1348,-0.2084,-5.4838,0.0295,0.0255,-0.0034
1774945185.6514,0.0000,0.0000,0.0000,0.0000,0.0000,3.1330,-0.2078,1.1044,0.0338,0.0255,-0.0013
1774945185.6714,0.0000,0.0000,0.0000,0.0000,0.0000,3.1324,-0.2079,-0.9680,0.0434,0.0212,-0.0034
1774945185.6917,0.0000,0.0000,0.0000,0.0000,0.0000,3.1322,-0.2093,3.5770,0.0594,0.0436,-0.0002
1774945185.7120,0.0000,0.0000,0.0000,0.0000,0.0000,3.1344,-0.2088,4.4270,0.0477,0.0489,-0.0045
1774945185.7314,0.0000,0.0000,0.0000,0.0000,0.0000,3.1360,-0.2104,2.3421,0.0572,0.0436,-0.0034
1774945185.7514,0.0000,0.0000,0.0000,0.0000,0.0000,3.1379,-0.2125,5.5875,0.0626,0.0372,-0.0002
1774945185.7718,0.0000,0.0000,0.0000,0.0000,0.0000,3.1409,-0.2148,3.6815,0.0572,0.0457,0.0040
1774945185.7912,0.0000,0.0000,0.0000,0.0000,0.0000,-3.1401,-0.2177,3.1994,0.0477,0.0489,0.0030
1774945185.8114,0.0000,0.0000,0.0000,0.0000,0.0000,-3.1381,-0.2190,16.1089,0.0338,0.0244,-0.0045
1774945185.8318,0.0000,0.0000,0.0000,0.0000,0.0000,-3.1343,-0.2201,4.0425,0.0264,-0.0033,-0.0055
1774945185.8519,0.0000,0.0000,0.0000,0.0000,0.0000,-3.1304,-0.2206,6.7092,0.0104,-0.0171,-0.0130
1774945185.8714,0.0000,0.0000,0.0000,0.0000,0.0000,-3.1281,-0.2224,1.3573,0.0104,-0.0214,-0.0141
1774945185.8913,0.0000,0.0000,0.0000,0.0000,0.0000,-3.1269,-0.2242,-7.0256,0.0168,-0.0214,-0.0098
1774945185.9114,0.0000,0.0000,0.0000,0.0000,0.0000,-3.1296,-0.2228,4.1026,-0.0024,-0.0406,-0.0087
1774945185.9313,0.0000,0.0000,0.0000,0.0000,0.0000,-3.1336,-0.2209,-1.3655,-0.0056,-0.0661,-0.0077
1774945185.9512,0.0000,0.0000,0.0000,0.0000,0.0000,-3.1335,-0.2202,-0.1296,0.0061,-0.0800,-0.0098
1774945185.9713,0.0000,0.0000,0.0000,0.0000,0.0000,-3.1346,-0.2212,-2.3842,0.0072,-0.0864,-0.0119
1774945185.9916,0.0000,0.0000,0.0000,0.0000,0.0000,-3.1342,-0.2220,-4.5495,0.0008,-0.0661,-0.0183
1774945186.0114,0.0000,0.0000,0.0000,0.0000,0.0000,-3.1329,-0.2191,10.3798,-0.0013,-0.0704,-0.0141
1774945186.0315,0.0000,0.0000,0.0000,0.0000,0.0000,-3.1325,-0.2174,6.7727,0.0029,-0.0970,-0.0151
1774945186.0513,0.0000,0.0000,0.0000,0.0000,0.0000,-3.1336,-0.2155,-12.5920,-0.0067,-0.0640,-0.0141
1774945186.0714,0.0000,0.0000,0.0000,0.0000,0.0000,-3.1329,-0.2147,7.7266,-0.0013,-0.0257,-0.0098
1774945186.0915,0.0000,0.0000,0.0000,0.0000,0.0000,-3.1319,-0.2175,0.0000,0.0019,-0.0246,-0.0077
1774945186.1115,0.0000,0.0000,0.0000,0.0000,0.0000,-3.1321,-0.2172,-8.9757,0.0050,-0.0033,-0.0098
1774945186.1314,0.0000,0.0000,0.0000,0.0000,0.0000,-3.1327,-0.2151,1.2128,0.0040,0.0042,-0.0141
1774945186.1516,0.0000,0.0000,0.0000,0.0000,0.0000,-3.1317,-0.2144,5.7317,0.0072,-0.0182,-0.0141
1774945186.1714,0.0000,0.0000,0.0000,0.0000,0.0000,-3.1326,-0.2148,-5.0666,0.0082,-0.0075,-0.0119
1774945186.1915,0.0000,0.0000,0.0000,0.0000,0.0000,-3.1334,-0.2146,-1.2136,-0.0003,0.0084,-0.0077
1774945186.2123,0.0000,0.0000,0.0000,0.0000,0.0000,-3.1306,-0.2143,7.1501,0.0125,-0.0054,-0.0066
1774945186.2318,0.0000,0.0000,0.0000,0.0000,0.0000,-3.1281,-0.2124,-10.8282,0.0093,-0.0129,-0.0087
1774945186.2514,0.0000,0.0000,0.0000,0.0000,0.0000,-3.1285,-0.2125,-1.3562,0.0008,-0.0033,-0.0130
1774945186.2717,0.0000,0.0000,0.0000,0.0000,0.0000,-3.1274,-0.2118,-0.7256,0.0019,-0.0033,-0.0173
1774945186.2913,0.0000,0.0000,0.0000,0.0000,0.0000,-3.1273,-0.2105,-3.1467,-0.0024,-0.0086,-0.0173
1774945186.3114,0.0000,0.0000,0.0000,0.0000,0.0000,-3.1281,-0.2090,4.1118,-0.0003,-0.0075,-0.0151
1774945186.3314,0.0000,0.0000,0.0000,0.0000,0.0000,-3.1306,-0.2100,-1.1953,0.0029,-0.0043,-0.0087
1774945186.3520,0.0000,0.0000,0.0000,0.0000,0.0000,-3.1312,-0.2102,2.4212,0.0050,0.0159,-0.0087
1774945186.3722,0.0000,0.0000,0.0000,0.0000,0.0000,-3.1330,-0.2093,-11.1260,0.0146,0.0042,-0.0066
1774945186.3918,0.0000,0.0000,0.0000,0.0000,0.0000,-3.1334,-0.2090,-0.3605,0.0072,0.0010,-0.0119
1774945186.4119,0.0000,0.0000,0.0000,0.0000,0.0000,-3.1350,-0.2095,0.8004,0.0200,0.0095,-0.0098
1774945186.4314,0.0000,0.0000,0.0000,0.0000,0.0000,-3.1355,-0.2083,5.7049,0.0072,0.0084,-0.0141
1774945186.4515,0.0000,0.0000,0.0000,0.0000,0.0000,-3.1354,-0.2075,-2.4858,0.0125,0.0010,-0.0109
1774945186.4719,0.0000,0.0000,0.0000,0.0000,0.0000,-3.1342,-0.2081,11.9952,0.0168,0.0148,-0.0162
1774945186.4921,0.0000,0.0000,0.0000,0.0000,0.0000,-3.1322,-0.2071,13.7362,0.0232,0.0063,-0.0151
1774945186.5120,0.0000,0.0000,0.0000,0.0000,0.0000,-3.1322,-0.2070,-6.7168,0.0306,0.0084,-0.0087
1774945186.5313,0.0000,0.0000,0.0000,0.0000,0.0000,-3.1325,-0.2077,1.2971,0.0221,0.0138,-0.0087
1774945186.5514,0.0000,0.0000,0.0000,0.0000,0.0000,-3.1315,-0.2069,9.7935,0.0178,0.0106,-0.0098
1774945186.5719,0.0000,0.0000,0.0000,0.0000,0.0000,-3.1315,-0.2079,0.3349,0.0104,0.0127,-0.0130
1774945186.5919,0.0000,0.0000,0.0000,0.0000,0.0000,-3.1312,-0.2086,3.7580,0.0168,0.0212,-0.0055
1774945186.6116,0.0000,0.0000,0.0000,0.0000,0.0000,-3.1314,-0.2099,2.7781,0.0178,0.0180,-0.0013
1774945186.6317,0.0000,0.0000,0.0000,0.0000,0.0000,-3.1304,-0.2133,-1.2001,0.0178,0.0063,0.0008
1774945186.6517,0.0000,0.0000,0.0000,0.0000,0.0000,-3.1297,-0.2162,-7.2508,0.0232,0.0020,-0.0045
1774945186.6718,0.0000,0.0000,0.0000,0.0000,0.0000,-3.1282,-0.2190,-2.8138,0.0168,-0.0054,-0.0055
1774945186.6920,0.0000,0.0000,0.0000,0.0000,0.0000,-3.1283,-0.2211,-1.8650,0.0146,-0.0075,-0.0066
1774945186.7117,0.0000,0.0000,0.0000,0.0000,0.0000,-3.1280,-0.2226,8.9265,0.0093,-0.0065,-0.0119
1774945186.7314,0.0000,0.0000,0.0000,0.0000,0.0000,-3.1273,-0.2220,14.0945,-0.0024,-0.0193,-0.0119
1774945186.7515,0.0000,0.0000,0.0000,0.0000,0.0000,-3.1278,-0.2209,-8.4783,-0.0035,-0.0203,-0.0130
1774945186.7713,0.0000,0.0000,0.0000,0.0000,0.0000,-3.1277,-0.2182,-5.6222,-0.0067,-0.0374,-0.0109
1774945186.7914,0.0000,0.0000,0.0000,0.0000,0.0000,-3.1285,-0.2168,-3.3038,-0.0003,-0.0448,-0.0087
1774945186.8120,0.0000,0.0000,0.0000,0.0000,0.0000,-3.1281,-0.2166,13.4383,-0.0067,-0.0374,-0.0141
1774945186.8315,0.0000,0.0000,0.0000,0.0000,0.0000,-3.1269,-0.2170,8.9576,-0.0003,-0.0203,-0.0151
1774945186.8518,0.0000,0.0000,0.0000,0.0000,0.0000,-3.1282,-0.2149,-3.2544,0.0008,-0.0118,-0.0119
1774945186.8713,0.0000,0.0000,0.0000,0.0000,0.0000,-3.1275,-0.2141,0.4719,-0.0067,-0.0075,-0.0162
1774945186.8917,0.0000,0.0000,0.0000,0.0000,0.0000,-3.1277,-0.2119,-5.4696,-0.0013,-0.0033,-0.0151
1774945186.9115,0.0000,0.0000,0.0000,0.0000,0.0000,-3.1311,-0.2106,0.8547,-0.0035,-0.0033,-0.0109
1774945186.9325,0.0000,0.0000,0.0000,0.0000,0.0000,-3.1324,-0.2097,2.3471,0.0019,-0.0075,-0.0098
1774945186.9513,0.0000,0.0000,0.0000,0.0000,0.0000,-3.1340,-0.2095,-4.1995,0.0072,-0.0065,-0.0098
1774945186.9713,0.0000,0.0000,0.0000,0.0000,0.0000,-3.1325,-0.2132,31.6571,0.0178,0.0159,-0.0386
1774945186.9922,0.0000,0.0000,0.0000,0.0000,0.0000,-3.1305,-0.2158,-0.8164,0.0306,0.0095,-0.0535
1774945187.0115,0.0000,0.0000,0.0000,0.0000,0.0000,-3.1306,-0.2161,-21.3244,0.0253,-0.0054,-0.0396
1774945187.0314,0.0000,0.0000,0.0000,0.0000,0.0000,-3.1323,-0.2183,12.7648,0.0178,0.0170,-0.0226
1774945187.0519,0.0000,0.0000,0.0000,0.0000,0.0000,-3.1289,-0.2209,-16.4017,-0.0024,0.0042,-0.0482
1774945187.0720,0.0000,0.0000,0.0000,0.0000,0.0000,-3.1253,-0.2222,-2.8290,0.0114,0.0202,-0.1121
1774945187.0921,0.0000,0.0000,0.0000,0.0000,0.0000,-3.1216,-0.2234,21.5240,0.0509,0.0148,-0.1568
1774945187.1114,0.0000,0.0000,0.0000,0.0000,0.0000,-3.1236,-0.2227,36.2826,0.0050,-0.0022,-0.1728
1774945187.1314,0.0000,0.0000,0.0000,0.0000,0.0000,-3.1269,-0.2201,61.1420,0.0253,-0.0406,-0.1153
1774945187.1518,0.0000,0.0000,0.0000,0.0000,0.0000,-3.1310,-0.2162,81.6278,-0.0855,-0.0864,-0.0833
1774945187.1716,0.0000,0.0000,0.0000,0.0000,0.0000,-3.1292,-0.2133,62.9312,-0.0312,-0.0608,-0.0759
1774945187.1921,0.0000,0.0000,0.0000,0.0000,0.0000,-3.1302,-0.2130,178.9375,-0.0908,-0.0097,-0.0322
1774945187.2116,0.0000,0.0000,0.0000,0.0000,0.0000,-3.1269,-0.2129,8.7038,0.0871,0.0063,-0.1110
1774945187.2313,0.0000,0.0000,0.0000,0.0000,0.0000,-3.1288,-0.2107,43.2812,0.0264,-0.1002,-0.0759
1774945187.2518,0.0000,0.0000,0.0000,0.0000,0.0000,-3.1305,-0.2094,-85.1542,-0.1270,0.0063,-0.1323
1774945187.2730,0.0000,0.0000,0.0000,0.0000,0.0000,-3.1319,-0.2093,-31.9908,-0.0621,-0.1247,-0.1334
1774945187.2918,0.0000,0.0000,0.0000,0.0000,0.0000,-3.1332,-0.2105,-317.1883,-0.0717,-0.0789,-0.1952
1774945187.3114,0.0000,0.0000,0.0000,0.0000,0.0000,-3.1364,-0.2140,-118.5256,-0.1175,0.1363,-0.2346
1774945187.3319,0.0000,0.0000,0.0000,0.0000,0.0000,-3.1380,-0.2138,93.5239,-0.0589,0.0287,-0.2239
1774945187.3514,0.0000,0.0000,0.0000,0.0000,0.0000,-3.1392,-0.2127,52.1995,-0.0290,0.0404,-0.1845
1774945187.3724,0.0000,0.0000,0.0000,0.0000,0.0000,-3.1413,-0.2149,-71.5184,-0.0013,0.0649,-0.1930
1774945187.3914,0.0000,0.0000,0.0000,0.0000,0.0000,3.1406,-0.2148,-9.5486,-0.0482,0.0585,-0.2058
1774945187.4121,0.0000,0.0000,0.0000,0.0000,0.0000,3.1390,-0.2159,5.5775,-0.0578,-0.0022,-0.1866
1774945187.4313,0.0000,0.0000,0.0000,0.0000,0.0000,3.1376,-0.2165,-8.1058,-0.0344,0.0180,-0.2111
1774945187.4514,0.0000,0.0000,0.0000,0.0000,0.0000,3.1375,-0.2159,-53.7195,0.0157,0.0020,-0.1920
1774945187.4713,0.0000,0.0000,0.0000,0.0000,0.0000,3.1362,-0.2167,43.5780,0.0381,0.0553,-0.2090
1774945187.4915,0.0000,0.0000,0.0000,0.0000,0.0000,3.1328,-0.2179,-20.0776,-0.0013,-0.0054,-0.1898
1774945187.5130,0.0000,0.0000,0.0000,0.0000,0.0000,3.1331,-0.2174,69.9617,0.0935,-0.0054,-0.2037
1774945187.5315,0.0000,0.0000,0.0000,0.0000,0.0000,3.1301,-0.2166,-1.4995,0.0242,-0.0235,-0.1803
1774945187.5515,0.0000,0.0000,0.0000,0.0000,0.0000,3.1309,-0.2173,1.9030,0.0434,-0.0342,-0.1771
1774945187.5716,0.0000,0.0000,0.0000,0.0000,0.0000,3.1289,-0.2182,47.6075,0.0370,0.0116,-0.1281
1774945187.5914,0.0000,0.0000,0.0000,0.0000,0.0000,3.1291,-0.2194,32.2606,0.0594,0.0415,-0.1025
1774945187.6115,0.0000,0.0000,0.0000,0.0000,0.0000,3.1312,-0.2202,-44.8421,0.0764,-0.0139,-0.1014
1774945187.6315,0.0000,0.0000,0.0000,0.0000,0.0000,3.1304,-0.2198,-12.9051,0.0604,-0.0480,-0.0822
1774945187.6525,0.0000,0.0000,0.0000,0.0000,0.0000,3.1321,-0.2197,10.4671,0.0764,-0.0416,-0.0822
1774945187.6723,0.0000,0.0000,0.0000,0.0000,0.0000,3.1333,-0.2216,1.5229,0.0679,-0.0118,-0.0716
1774945187.6913,0.0000,0.0000,0.0000,0.0000,0.0000,3.1335,-0.2210,28.6792,0.0615,-0.0203,-0.0588
1774945187.7114,0.0000,0.0000,0.0000,0.0000,0.0000,3.1332,-0.2186,-38.4456,0.0668,-0.0725,-0.0269
1774945187.7317,0.0000,0.0000,0.0000,0.0000,0.0000,3.1315,-0.2170,-20.9786,0.0817,-0.0629,-0.0002
1774945187.7554,0.0000,0.0000,0.0000,0.0000,0.0000,3.1295,-0.2164,-10.2661,0.0658,-0.0427,0.0264
1774945187.7723,0.0000,0.0000,0.0000,0.0000,0.0000,3.1269,-0.2138,7.8012,0.0636,-0.0310,0.0648
1774945187.7921,0.0000,0.0000,0.0000,0.0000,0.0000,3.1267,-0.2127,-9.6448,0.0604,-0.0225,0.0712
1774945187.8115,0.0000,0.0000,0.0000,0.0000,0.0000,3.1299,-0.2106,-16.1395,0.0732,-0.0278,0.0605
1774945187.8315,0.0000,0.0000,0.0000,0.0000,0.0000,3.1344,-0.2123,12.4997,0.0796,-0.0043,0.0392
1774945187.8514,0.0000,0.0000,0.0000,0.0000,0.0000,3.1368,-0.2142,17.8194,0.0775,0.0148,0.0243
1774945187.8718,0.0000,0.0000,0.0000,0.0000,0.0000,-3.1408,-0.2160,6.5998,0.0817,0.0351,-0.0013
1774945187.8916,0.0000,0.0000,0.0000,0.0000,0.0000,-3.1378,-0.2160,-16.1835,0.0903,0.0340,-0.0119
1774945187.9140,0.0000,0.0000,0.0000,0.0000,0.0000,-3.1346,-0.2145,2.4246,0.0903,0.0233,-0.0194
1774945187.9319,0.0000,0.0000,0.0000,0.0000,0.0000,-3.1341,-0.2143,-13.0004,0.0807,0.0276,-0.0098
1774945187.9519,0.0000,0.0000,0.0000,0.0000,0.0000,-3.1340,-0.2154,4.7713,0.0594,0.0244,-0.0045
1774945187.9716,0.0000,0.0000,0.0000,0.0000,0.0000,-3.1316,-0.2133,-19.8362,0.0583,-0.0001,0.0051
1774945187.9921,0.0000,0.0000,0.0000,0.0000,0.0000,-3.1292,-0.2147,14.1536,0.0562,0.0202,0.0040
1774945188.0117,0.0000,0.0000,0.0000,0.0000,0.0000,-3.1259,-0.2152,-10.5961,0.0498,0.0223,-0.0098
1774945188.0315,0.0000,0.0000,0.0000,0.0000,0.0000,-3.1220,-0.2167,-10.7672,0.0391,0.0287,-0.0226
1774945188.0519,0.0000,0.0000,0.0000,0.0000,0.0000,-3.1181,-0.2179,18.9280,0.0136,0.0138,-0.0471
1774945188.0720,0.0000,0.0000,0.0000,0.0000,0.0000,-3.1148,-0.2175,-24.9798,0.0285,0.0159,-0.0961
1774945188.0914,0.0000,0.0000,0.0000,0.0000,0.0000,-3.1120,-0.2167,19.0356,0.0178,-0.0118,-0.1355
1774945188.1125,0.0000,0.0000,0.0000,0.0000,0.0000,-3.1123,-0.2177,-17.3434,-0.0024,-0.0150,-0.1451
1774945188.1318,0.0000,0.0000,0.0000,0.0000,0.0000,-3.1100,-0.2166,32.6863,0.0168,-0.0544,-0.1451
1774945188.1518,0.0000,0.0000,0.0000,0.0000,0.0000,-3.1076,-0.2170,2.8466,0.0327,-0.0384,-0.1952
1774945188.1716,0.0000,0.0000,0.0000,0.0000,0.0000,-3.1062,-0.2192,21.2601,0.0210,-0.0299,-0.2356
1774945188.1918,0.0000,0.0000,0.0000,0.0000,0.0000,-3.1063,-0.2191,15.0505,0.0072,-0.0768,-0.2367
1774945188.2114,0.0000,0.0000,0.0000,0.0000,0.0000,-3.1043,-0.2194,-2.7287,0.0157,-0.0502,-0.2591
1774945188.2323,0.0000,0.0000,0.0000,0.0000,0.0000,-3.1036,-0.2206,-6.3294,0.0072,-0.0533,-0.3102
1774945188.2519,0.0000,0.0000,0.0000,0.0000,0.0000,-3.1044,-0.2223,-9.0150,-0.0514,-0.0203,-0.3091
1774945188.2715,0.0000,0.0000,0.0000,0.0000,0.0000,-3.1032,-0.2222,-31.4299,-0.0163,-0.0342,-0.3230
1774945188.2920,0.0000,0.0000,0.0000,0.0000,0.0000,-3.1038,-0.2226,11.5411,-0.0173,-0.0597,-0.3060
1774945188.3116,0.0000,0.0000,0.0000,0.0000,0.0000,-3.1050,-0.2215,-11.5956,-0.0067,-0.0832,-0.3081
1774945188.3321,0.0000,0.0000,0.0000,0.0000,0.0000,-3.1080,-0.2226,24.0753,-0.0727,-0.0278,-0.2910
1774945188.3525,0.0000,0.0000,0.0000,0.0000,0.0000,-3.1081,-0.2212,-27.2897,-0.0610,-0.0885,-0.3283
1774945188.3728,0.0000,0.0000,0.0000,0.0000,0.0000,-3.1098,-0.2199,1.0762,-0.0578,-0.0565,-0.3283
1774945188.3914,0.0000,0.0000,0.0000,0.0000,0.0000,-3.1121,-0.2176,3.5684,-0.0322,-0.0629,-0.3262
1774945188.4115,0.0000,0.0000,0.0000,0.0000,0.0000,-3.1164,-0.2173,-52.6652,-0.0514,-0.0267,-0.3145
1774945188.4321,0.0000,0.0000,0.0000,0.0000,0.0000,-3.1195,-0.2163,-27.2930,-0.0855,-0.0395,-0.3241
1774945188.4516,0.0000,0.0000,0.0000,0.0000,0.0000,-3.1222,-0.2157,0.0000,-0.0621,-0.0587,-0.3294
1774945188.4718,0.0000,0.0000,0.0000,0.0000,0.0000,-3.1285,-0.2143,0.0000,-0.0599,-0.0533,-0.3209
1774945188.4922,0.0000,0.0000,0.0000,0.0000,0.0000,-3.1279,-0.2117,0.0000,-0.0738,-0.0225,-0.3432
1774945188.5121,0.0000,0.0000,0.0000,0.0000,0.0000,-3.1327,-0.2142,0.0000,-0.0461,0.0159,-0.3454
1774945188.5314,0.0000,0.0000,0.0000,0.0000,0.0000,-3.1313,-0.2145,-6.4142,-0.0344,0.0361,-0.3741
1774945188.5516,0.0000,0.0000,0.0000,0.0000,0.0000,-3.1329,-0.2151,0.0000,0.0082,0.0319,-0.3720
1774945188.5717,0.0000,0.0000,0.0000,0.0000,0.0000,-3.1343,-0.2150,0.0000,0.0072,0.0138,-0.4114
1774945188.5921,0.0000,0.0000,0.0000,0.0000,0.0000,-3.1317,-0.2177,0.0000,0.0477,0.0574,-0.4146
1774945188.6121,0.0000,0.0000,0.0000,0.0000,0.0000,-3.1370,-0.2174,0.0000,-0.0184,0.0447,-0.4306
1774945188.6317,0.0000,0.0000,0.0000,0.0000,0.0000,-3.1343,-0.2161,0.0000,0.0732,0.0170,-0.4668
1774945188.6607,0.0000,0.0000,0.0000,0.0000,0.0000,-3.1372,-0.2156,16.1400,0.0658,0.0138,-0.4327
1774945188.6714,0.0000,0.0000,0.0000,0.0000,0.0000,-3.1372,-0.2135,-3.9776,0.1190,-0.0097,-0.4700
1774945188.6916,0.0000,0.0000,0.0000,0.0000,0.0000,-3.1416,-0.2141,0.0000,0.0743,0.0159,-0.4498
1774945188.7117,0.0000,0.0000,0.0000,0.0000,0.0000,-3.1414,-0.2145,0.0000,0.0636,-0.0257,-0.5030
1774945188.7316,0.0000,0.0000,0.0000,0.0000,0.0000,3.1378,-0.2136,0.0000,0.0871,-0.0161,-0.4615
1774945188.7518,0.0000,0.0000,0.0000,0.0000,0.0000,3.1359,-0.2125,0.0000,0.0796,-0.0054,-0.4391
1774945188.7718,0.0000,0.0000,0.0000,0.0000,0.0000,3.1359,-0.2126,0.0000,0.1084,0.0297,-0.4285
1774945188.7914,0.0000,0.0000,0.0000,0.0000,0.0000,3.1355,-0.2103,-17.2934,0.1169,-0.0086,-0.4263
1774945188.8116,0.0000,0.0000,0.0000,0.0000,0.0000,3.1358,-0.2113,0.0000,0.1307,-0.0235,-0.4146
1774945188.8318,0.0000,0.0000,0.0000,0.0000,0.0000,3.1339,-0.2119,0.0000,0.1041,0.0202,-0.4455
1774945188.8518,0.0000,0.0000,0.0000,0.0000,0.0000,3.1342,-0.2091,1.8304,0.1425,0.0031,-0.4551
1774945188.8716,0.0000,0.0000,0.0000,0.0000,0.0000,3.1308,-0.2099,1.5542,0.1254,0.0479,-0.4189
1774945188.8914,0.0000,0.0000,0.0000,0.0000,0.0000,3.1327,-0.2102,-3.9750,0.1467,0.0191,-0.4466
1774945188.9114,0.0000,0.0000,0.0000,0.0000,0.0000,3.1305,-0.2090,-19.4999,0.1318,0.0361,-0.4391
1774945188.9315,0.0000,0.0000,0.0000,0.0000,0.0000,3.1325,-0.2102,-26.1427,0.1595,0.0457,-0.4487
1774945188.9516,0.0000,0.0000,0.0000,0.0000,0.0000,3.1307,-0.2111,-23.5330,0.1574,0.0436,-0.4338
1774945188.9717,0.0000,0.0000,0.0000,0.0000,0.0000,3.1340,-0.2106,-16.8093,0.2277,0.0457,-0.4498
1774945188.9918,0.0000,0.0000,0.0000,0.0000,0.0000,3.1317,-0.2113,20.4456,0.1659,0.0681,-0.4285
1774945189.0118,0.0000,0.0000,0.0000,0.0000,0.0000,3.1355,-0.2105,-9.5021,0.1734,0.0233,-0.4604
1774945189.0315,0.0000,0.0000,0.0000,0.0000,0.0000,3.1350,-0.2124,-3.8548,0.1670,0.0553,-0.4412
1774945189.0518,0.0000,0.0000,0.0000,0.0000,0.0000,3.1377,-0.2115,0.4142,0.1893,0.0393,-0.4402
1774945189.0716,0.0000,0.0000,0.0000,0.0000,0.0000,3.1388,-0.2118,33.4729,0.1478,0.0063,-0.4338
1774945189.0912,0.0000,0.0000,0.0000,0.0000,0.0000,-3.1382,-0.2118,20.0000,0.2096,-0.0054,-0.4466
1774945189.1114,0.0000,0.0000,0.0000,0.0000,0.0000,-3.1400,-0.2115,-0.0427,0.1766,-0.0203,-0.4125
1774945189.1317,0.0000,0.0000,0.0000,0.0000,0.0000,-3.1365,-0.2132,14.6182,0.1318,0.0308,-0.4210
1774945189.1515,0.0000,0.0000,0.0000,0.0000,0.0000,-3.1386,-0.2129,-2.4484,0.1158,0.0223,-0.4061
1774945189.1714,0.0000,0.0000,0.0000,0.0000,0.0000,-3.1342,-0.2125,-7.5898,0.1371,-0.0001,-0.4072
1774945189.1914,0.0000,0.0000,0.0000,0.0000,0.0000,-3.1359,-0.2119,3.5999,0.1478,-0.0161,-0.3795
1774945189.2113,0.0000,0.0000,0.0000,0.0000,0.0000,-3.1328,-0.2133,-14.3473,0.1478,-0.0065,-0.3752
1774945189.2313,0.0000,0.0000,0.0000,0.0000,0.0000,-3.1328,-0.2143,-1.5917,0.0999,-0.0022,-0.3709
1774945189.2514,0.0000,0.0000,0.0000,0.0000,0.0000,-3.1326,-0.2157,5.4333,0.0636,0.0425,-0.3635
1774945189.2714,0.0000,0.0000,0.0000,0.0000,0.0000,-3.1310,-0.2139,-4.4525,0.1084,-0.0502,-0.3635
1774945189.2918,0.0000,0.0000,0.0000,0.0000,0.0000,-3.1306,-0.2143,40.9467,0.0668,0.0148,-0.3507
1774945189.3118,0.0000,0.0000,0.0000,0.0000,0.0000,-3.1295,-0.2147,19.1820,0.0754,0.0127,-0.3635
1774945189.3314,0.0000,0.0000,0.0000,0.0000,0.0000,-3.1280,-0.2151,-7.9457,0.0754,0.0063,-0.3518
1774945189.3517,0.0000,0.0000,0.0000,0.0000,0.0000,-3.1247,-0.2130,2.9282,0.0988,-0.0086,-0.3518
1774945189.3718,0.0000,0.0000,0.0000,0.0000,0.0000,-3.1283,-0.2134,-38.0192,0.0594,0.0244,-0.3145
1774945189.3914,0.0000,0.0000,0.0000,0.0000,0.0000,-3.1251,-0.2139,4.8786,0.0551,0.0180,-0.3091
1774945189.4120,0.0000,0.0000,0.0000,0.0000,0.0000,-3.1247,-0.2121,0.0000,0.0722,-0.0416,-0.2974
1774945189.4317,0.0000,0.0000,0.0000,0.0000,0.0000,-3.1271,-0.2135,33.3561,0.0551,0.0106,-0.2687
1774945189.4520,0.0000,0.0000,0.0000,0.0000,0.0000,-3.1268,-0.2117,-12.5165,0.0732,-0.0139,-0.2591
1774945189.4711,0.0000,0.0000,0.0000,0.0000,0.0000,-3.1252,-0.2091,13.6723,0.0807,-0.0278,-0.2815
1774945189.4913,0.0000,0.0000,0.0000,0.0000,0.0000,-3.1263,-0.2098,10.5071,0.0732,-0.0107,-0.2825
1774945189.5242,0.0000,0.0000,0.0000,0.0000,0.0000,-3.1303,-0.2105,-12.8194,0.0093,0.0106,-0.2868
1774945189.5314,0.0000,0.0000,0.0000,0.0000,0.0000,-3.1297,-0.2092,2.5172,0.0413,0.0180,-0.2921
1774945189.5514,0.0000,0.0000,0.0000,0.0000,0.0000,-3.1314,-0.2095,32.0201,0.0572,-0.0235,-0.2761
1774945189.5712,0.0000,0.0000,0.0000,0.0000,0.0000,-3.1309,-0.2085,-4.7475,0.0487,0.0106,-0.3038
1774945189.5916,0.0000,0.0000,0.0000,0.0000,0.0000,-3.1311,-0.2076,15.4958,0.0647,-0.0171,-0.2889
1774945189.6119,0.0000,0.0000,0.0000,0.0000,0.0000,-3.1317,-0.2064,15.5315,0.0999,-0.0193,-0.2687
1774945189.6325,0.0000,0.0000,0.0000,0.0000,0.0000,-3.1335,-0.2049,21.2512,0.0125,-0.0278,-0.2516
1774945189.6524,0.0000,0.0000,0.0000,0.0000,0.0000,-3.1377,-0.2014,-96.5931,0.0210,0.0191,-0.0972
1774945189.6718,0.0000,0.0000,0.0000,0.0000,0.0000,3.1413,-0.2000,47.3765,-0.0770,-0.0043,0.0957
1774945189.6918,0.0000,0.0000,0.0000,0.0000,0.0000,3.1376,-0.1993,-54.0985,-0.0546,0.0617,0.2363
1774945189.7115,0.0000,0.0000,0.0000,0.0000,0.0000,3.1382,-0.1982,9.4439,-0.0056,0.1032,0.2650
1774945189.7311,0.0000,0.0000,0.0000,0.0000,0.0000,-3.1408,-0.1975,1.4699,0.0317,0.0947,0.1862
1774945189.7518,0.0000,0.0000,0.0000,0.0000,0.0000,-3.1355,-0.1985,13.5676,0.0743,0.0958,0.0743
1774945189.7713,0.0000,0.0000,0.0000,0.0000,0.0000,-3.1304,-0.1996,21.1022,0.0839,0.1043,-0.0215
1774945189.7914,0.0000,0.0000,0.0000,0.0000,0.0000,-3.1253,-0.2006,-21.1181,0.1041,0.1192,-0.1089
1774945189.8115,0.0000,0.0000,0.0000,0.0000,0.0000,-3.1223,-0.2007,-17.2008,0.0892,0.1373,-0.1046
1774945189.8314,0.0000,0.0000,0.0000,0.0000,0.0000,-3.1243,-0.2011,19.6539,0.0679,0.1256,-0.0663
1774945189.8519,0.0000,0.0000,0.0000,0.0000,0.0000,-3.1267,-0.2017,-6.5380,0.0498,0.1086,-0.0013
1774945189.8713,0.0000,0.0000,0.0000,0.0000,0.0000,-3.1292,-0.2030,2.4460,0.0285,0.1171,0.0584
1774945189.8916,0.0000,0.0000,0.0000,0.0000,0.0000,-3.1270,-0.2041,-3.1836,0.0157,0.1086,0.0775
1774945189.9121,0.0000,0.0000,0.0000,0.0000,0.0000,-3.1216,-0.2069,5.0489,0.0093,0.0990,0.0562
1774945189.9330,0.0000,0.0000,0.0000,0.0000,0.0000,-3.1172,-0.2091,-9.3459,0.0136,0.0819,0.0136
1774945189.9517,0.0000,0.0000,0.0000,0.0000,0.0000,-3.1142,-0.2099,23.5842,0.0168,0.0425,-0.0269
1774945189.9746,0.0000,0.0000,0.0000,0.0000,0.0000,-3.1149,-0.2140,20.3444,0.0285,0.0479,-0.0279
1774945189.9918,0.0000,0.0000,0.0000,0.0000,0.0000,-3.1160,-0.2182,-26.6327,0.0253,0.0638,-0.0205
1774945190.0117,0.0000,0.0000,0.0000,0.0000,0.0000,-3.1168,-0.2219,45.1816,0.0019,0.0074,0.0051
1774945190.0318,0.0000,0.0000,0.0000,0.0000,0.0000,-3.1174,-0.2248,-27.8190,0.0040,-0.0608,0.0115
1774945190.0517,0.0000,0.0000,0.0000,0.0000,0.0000,-3.1170,-0.2264,-16.2216,0.0104,-0.1066,0.0051
1774945190.0718,0.0000,0.0000,0.0000,0.0000,0.0000,-3.1170,-0.2282,-13.3713,-0.0131,-0.0970,-0.0141
1774945190.0920,0.0000,0.0000,0.0000,0.0000,0.0000,-3.1158,-0.2295,-29.6196,0.0029,-0.1098,-0.0141
1774945190.1122,0.0000,0.0000,0.0000,0.0000,0.0000,-3.1159,-0.2304,34.2063,0.0050,-0.1503,-0.0215
1774945190.1314,0.0000,0.0000,0.0000,0.0000,0.0000,-3.1142,-0.2281,30.9927,0.0029,-0.2281,-0.0162
1774945190.1516,0.0000,0.0000,0.0000,0.0000,0.0000,-3.1148,-0.2268,-10.3376,0.0061,-0.2653,-0.0066
1774945190.1721,0.0000,0.0000,0.0000,0.0000,0.0000,-3.1152,-0.2243,0.6625,0.0168,-0.2483,-0.0013
1774945190.1918,0.0000,0.0000,0.0000,0.0000,0.0000,-3.1163,-0.2214,-5.6678,-0.0088,-0.2536,-0.0045
1774945190.2116,0.0000,0.0000,0.0000,0.0000,0.0000,-3.1155,-0.2195,-33.7678,-0.0184,-0.2440,-0.0173
1774945190.2320,0.0000,0.0000,0.0000,0.0000,0.0000,-3.1161,-0.2173,-11.6163,-0.0301,-0.2195,-0.0194
1774945190.2517,0.0000,0.0000,0.0000,0.0000,0.0000,-3.1168,-0.2169,11.0638,-0.0376,-0.1865,-0.0055
1774945190.2718,0.0000,0.0000,0.0000,0.0000,0.0000,-3.1183,-0.2162,-38.0110,-0.0354,-0.1599,0.0040
1774945190.2920,0.0000,0.0000,0.0000,0.0000,0.0000,-3.1190,-0.2168,19.2033,-0.0152,-0.1407,0.0040
1774945190.3115,0.0000,0.0000,0.0000,0.0000,0.0000,-3.1201,-0.2179,-1.7545,0.0008,-0.1119,-0.0002
1774945190.3317,0.0000,0.0000,0.0000,0.0000,0.0000,-3.1206,-0.2187,-5.0353,0.0093,-0.0896,-0.0066
1774945190.3514,0.0000,0.0000,0.0000,0.0000,0.0000,-3.1207,-0.2205,-22.6073,-0.0621,-0.0736,-0.0279
1774945190.3716,0.0000,0.0000,0.0000,0.0000,0.0000,-3.1226,-0.2237,17.5658,-0.0461,-0.0416,-0.0098
1774945190.3921,0.0000,0.0000,0.0000,0.0000,0.0000,-3.1218,-0.2263,-19.8505,-0.0131,-0.0448,-0.0141
1774945190.4114,0.0000,0.0000,0.0000,0.0000,0.0000,-3.1234,-0.2284,-9.0181,0.0168,-0.0320,-0.0024
1774945190.4314,0.0000,0.0000,0.0000,0.0000,0.0000,-3.1240,-0.2307,10.6118,0.0040,0.0202,-0.0045
1774945190.4545,0.0000,0.0000,0.0000,0.0000,0.0000,-3.1233,-0.2299,-18.4671,0.0200,-0.0086,-0.0151
1774945190.4716,0.0000,0.0000,0.0000,0.0000,0.0000,-3.1231,-0.2300,25.2621,0.0221,-0.0107,-0.0290
1774945190.4945,0.0000,0.0000,0.0000,0.0000,0.0000,-3.1254,-0.2300,27.5026,-0.0258,-0.0054,-0.0279
1774945190.5131,0.0000,0.0000,0.0000,0.0000,0.0000,-3.1258,-0.2286,-3.9063,-0.0099,-0.0171,-0.0151
1774945190.5314,0.0000,0.0000,0.0000,0.0000,0.0000,-3.1261,-0.2287,-20.8106,0.0050,0.0052,-0.0055
1774945190.5516,0.0000,0.0000,0.0000,0.0000,0.0000,-3.1266,-0.2283,2.1024,0.0114,-0.0012,0.0062
1774945190.5721,0.0000,0.0000,0.0000,0.0000,0.0000,-3.1269,-0.2266,-30.2489,0.0338,0.0031,0.0040
1774945190.5914,0.0000,0.0000,0.0000,0.0000,0.0000,-3.1277,-0.2243,-6.3098,0.0264,-0.0161,-0.0077
1774945190.6115,0.0000,0.0000,0.0000,0.0000,0.0000,-3.1275,-0.2216,11.6717,-0.0024,-0.0363,-0.0173
1774945190.6313,0.0000,0.0000,0.0000,0.0000,0.0000,-3.1277,-0.2192,-14.0307,0.0029,-0.0075,-0.0258
1774945190.6516,0.0000,0.0000,0.0000,0.0000,0.0000,-3.1271,-0.2159,3.3839,0.0008,0.0116,-0.0375
1774945190.6716,0.0000,0.0000,0.0000,0.0000,0.0000,-3.1275,-0.2137,-5.0031,0.0146,0.0020,-0.0173
1774945190.6917,0.0000,0.0000,0.0000,0.0000,0.0000,-3.1280,-0.2119,-9.1582,0.0413,-0.0086,-0.0130
1774945190.7116,0.0000,0.0000,0.0000,0.0000,0.0000,-3.1291,-0.2098,21.9702,0.0221,-0.0267,0.0019
1774945190.7318,0.0000,0.0000,0.0000,0.0000,0.0000,-3.1291,-0.2084,8.6913,0.0349,0.0106,0.0115
1774945190.7518,0.0000,0.0000,0.0000,0.0000,0.0000,-3.1286,-0.2086,-20.4266,0.0391,0.0436,0.0126
1774945190.7717,0.0000,0.0000,0.0000,0.0000,0.0000,-3.1312,-0.2094,38.0156,-0.0003,0.0990,-0.0034
1774945190.7918,0.0000,0.0000,0.0000,0.0000,0.0000,-3.1293,-0.2101,48.2498,0.0370,0.1075,-0.0162
1774945190.8114,0.0000,0.0000,0.0000,0.0000,0.0000,-3.1278,-0.2093,0.6863,0.0445,0.1011,-0.0237
1774945190.8318,0.0000,0.0000,0.0000,0.0000,0.0000,-3.1302,-0.2108,9.3549,0.0093,0.0883,-0.0183
1774945190.8518,0.0000,0.0000,0.0000,0.0000,0.0000,-3.1310,-0.2127,-3.4480,0.0274,0.1043,-0.0151
1774945190.8716,0.0000,0.0000,0.0000,0.0000,0.0000,-3.1316,-0.2127,17.9352,0.0349,0.0819,0.0040
1774945190.8918,0.0000,0.0000,0.0000,0.0000,0.0000,-3.1301,-0.2112,-11.8317,0.0317,0.0585,0.0008
1774945190.9117,0.0000,0.0000,0.0000,0.0000,0.0000,-3.1280,-0.2097,-7.4534,0.0487,0.0841,-0.0013
1774945190.9314,0.0000,0.0000,0.0000,0.0000,0.0000,-3.1268,-0.2088,36.6287,0.0764,0.0510,0.0008
1774945190.9513,0.0000,0.0000,0.0000,0.0000,0.0000,-3.1285,-0.2103,-15.7900,0.0232,0.0841,0.0115
1774945190.9714,0.0000,0.0000,0.0000,0.0000,0.0000,-3.1286,-0.2124,41.6251,0.0253,0.0617,0.0232
1774945190.9926,0.0000,0.0000,0.0000,0.0000,0.0000,-3.1258,-0.2148,6.7553,0.0551,0.0233,0.0285
1774945191.0122,0.0000,0.0000,0.0000,0.0000,0.0000,-3.1239,-0.2156,-19.5459,0.0232,-0.0043,0.0190
1774945191.0314,0.0000,0.0000,0.0000,0.0000,0.0000,-3.1226,-0.2175,37.1222,0.0168,0.0052,-0.0013
1774945191.0517,0.0000,0.0000,0.0000,0.0000,0.0000,-3.1234,-0.2196,0.0000,0.1126,-0.0555,0.0850
1774945191.0713,0.0000,0.0000,0.0000,0.0000,0.0000,-3.1257,-0.2198,0.0000,-0.0035,0.0042,0.2235
1774945191.0918,0.0000,0.0000,0.0000,0.0000,0.0000,-3.1254,-0.2149,0.0000,-0.0152,-0.0342,0.2757
1774945191.1115,0.0000,0.0000,0.0000,0.0000,0.0000,-3.1239,-0.2155,0.0000,-0.0376,-0.0523,0.2522
1774945191.1317,0.0000,0.0000,0.0000,0.0000,0.0000,-3.1250,-0.2151,0.0000,-0.0525,-0.0533,0.2469
1774945191.1513,0.0000,0.0000,0.0000,0.0000,0.0000,-3.1242,-0.2156,-2.3559,-0.0674,-0.0022,0.1990
1774945191.1715,0.0000,0.0000,0.0000,0.0000,0.0000,-3.1230,-0.2159,0.0000,-0.0173,-0.0352,0.2320
1774945191.1913,0.0000,0.0000,0.0000,0.0000,0.0000,-3.1222,-0.2152,0.0000,0.0146,-0.0438,0.2373
1774945191.2113,0.0000,0.0000,0.0000,0.0000,0.0000,-3.1218,-0.2146,0.0000,0.0242,-0.0597,0.2011
1774945191.2313,0.0000,0.0000,0.0000,0.0000,0.0000,-3.1204,-0.2138,47.2649,-0.0748,-0.0427,0.1755
1774945191.2520,0.0000,0.0000,0.0000,0.0000,0.0000,-3.1203,-0.2132,0.0000,-0.0514,-0.0470,0.1436
1774945191.2712,0.0000,0.0000,0.0000,0.0000,0.0000,-3.1246,-0.2130,0.0000,-0.0440,-0.0225,0.1202
1774945191.2916,0.0000,0.0000,0.0000,0.0000,0.0000,-3.1253,-0.2121,0.0000,-0.0887,-0.0576,0.1031
1774945191.3118,0.0000,0.0000,0.0000,0.0000,0.0000,-3.1227,-0.2120,-6.1639,-0.0493,-0.0768,0.0935
1774945191.3315,0.0000,0.0000,0.0000,0.0000,0.0000,-3.1222,-0.2104,-22.9954,0.0082,0.0148,0.1031
1774945191.3514,0.0000,0.0000,0.0000,0.0000,0.0000,-3.1217,-0.2089,0.0000,-0.0503,0.0479,0.0893
1774945191.3716,0.0000,0.0000,0.0000,0.0000,0.0000,-3.1224,-0.2109,0.0000,-0.0237,0.0180,0.0722
1774945191.3923,0.0000,0.0000,0.0000,0.0000,0.0000,-3.1263,-0.2133,0.0000,-0.0493,0.0340,0.0807
1774945191.4122,0.0000,0.0000,0.0000,0.0000,0.0000,-3.1268,-0.2134,-12.2425,-0.0599,0.0393,0.0690
1774945191.4314,0.0000,0.0000,0.0000,0.0000,0.0000,-3.1260,-0.2145,52.9878,-0.0812,0.0766,0.0509
1774945191.4512,0.0000,0.0000,0.0000,0.0000,0.0000,-3.1247,-0.2138,35.1483,-0.0461,0.0329,0.0136
1774945191.4717,0.0000,0.0000,0.0000,0.0000,0.0000,-3.1279,-0.2120,34.5668,-0.0791,0.0031,0.0179
1774945191.4924,0.0000,0.0000,0.0000,0.0000,0.0000,-3.1302,-0.2141,-64.1342,-0.0440,0.0585,0.0104
1774945191.5120,0.0000,0.0000,0.0000,0.0000,0.0000,-3.1343,-0.2159,-54.1619,-0.0376,0.0862,0.0221
1774945191.5313,0.0000,0.0000,0.0000,0.0000,0.0000,-3.1354,-0.2155,0.0000,-0.0152,0.0542,0.0349
1774945191.5522,0.0000,0.0000,0.0000,0.0000,0.0000,-3.1377,-0.2128,5.2057,-0.0546,0.0308,0.0104
1774945191.5713,0.0000,0.0000,0.0000,0.0000,0.0000,-3.1372,-0.2093,61.5148,-0.0674,-0.0384,-0.1099
1774945191.5915,0.0000,0.0000,0.0000,0.0000,0.0000,-3.1340,-0.2085,31.5632,0.0540,-0.0118,-0.2186
1774945191.6114,0.0000,0.0000,0.0000,0.0000,0.0000,-3.1340,-0.2108,6.2162,0.0477,0.0830,-0.2069
1774945191.6317,0.0000,0.0000,0.0000,0.0000,0.0000,-3.1371,-0.2115,1.0025,0.0253,0.0798,-0.1366
1774945191.6522,0.0000,0.0000,0.0000,0.0000,0.0000,-3.1405,-0.2105,7.9277,0.0434,-0.0214,-0.0247
1774945191.6714,0.0000,0.0000,0.0000,0.0000,0.0000,3.1399,-0.2100,-11.3349,0.0498,-0.0374,0.0743
1774945191.6915,0.0000,0.0000,0.0000,0.0000,0.0000,3.1394,-0.2093,-23.9919,0.0072,-0.0075,0.0914
1774945191.7119,0.0000,0.0000,0.0000,0.0000,0.0000,-3.1407,-0.2099,31.8506,-0.0067,0.0777,0.0829
1774945191.7318,0.0000,0.0000,0.0000,0.0000,0.0000,-3.1375,-0.2103,-61.0084,0.0189,-0.0257,0.0424
1774945191.7519,0.0000,0.0000,0.0000,0.0000,0.0000,-3.1345,-0.2119,-16.5009,0.0477,0.0020,0.0030
1774945191.7718,0.0000,0.0000,0.0000,0.0000,0.0000,-3.1308,-0.2141,-6.3345,0.0540,0.0074,-0.0556
1774945191.7929,0.0000,0.0000,0.0000,0.0000,0.0000,-3.1326,-0.2163,-5.8107,0.0455,0.0244,-0.0556
1774945191.8114,0.0000,0.0000,0.0000,0.0000,0.0000,-3.1314,-0.2174,-0.4022,0.1041,0.0436,-0.0258
1774945191.8318,0.0000,0.0000,0.0000,0.0000,0.0000,-3.1299,-0.2162,27.1270,0.1947,-0.0427,0.1361
1774945191.8514,0.0000,0.0000,0.0000,0.0000,0.0000,-3.1312,-0.2160,41.5935,0.0381,0.0084,0.2789
1774945191.8716,0.0000,0.0000,0.0000,0.0000,0.0000,-3.1301,-0.2157,48.1016,0.0807,-0.0523,0.3172
1774945191.8915,0.0000,0.0000,0.0000,0.0000,0.0000,-3.1326,-0.2151,-36.7279,-0.0812,-0.0416,0.3119
1774945191.9117,0.0000,0.0000,0.0000,0.0000,0.0000,-3.1286,-0.2158,-10.0948,-0.0546,-0.0171,0.2650
1774945191.9322,0.0000,0.0000,0.0000,0.0000,0.0000,-3.1263,-0.2154,99.9119,-0.0248,-0.0203,0.3247
1774945191.9524,0.0000,0.0000,0.0000,0.0000,0.0000,-3.1227,-0.2162,-37.8322,0.0221,-0.0310,0.3577
1774945191.9715,0.0000,0.0000,0.0000,0.0000,0.0000,-3.1200,-0.2174,-36.2815,-0.0663,0.0180,0.3087
1774945191.9914,0.0000,0.0000,0.0000,0.0000,0.0000,-3.1191,-0.2157,-59.0157,-0.0717,-0.0107,0.2736
1774945192.0114,0.0000,0.0000,0.0000,0.0000,0.0000,-3.1182,-0.2143,-19.5417,-0.0067,-0.0384,0.2799
1774945192.0316,0.0000,0.0000,0.0000,0.0000,0.0000,-3.1161,-0.2139,-38.0579,0.0061,-0.0193,0.2917
1774945192.0517,0.0000,0.0000,0.0000,0.0000,0.0000,-3.1122,-0.2144,-35.9477,-0.0280,-0.0033,0.2789
1774945192.0716,0.0000,0.0000,0.0000,0.0000,0.0000,-3.1112,-0.2141,27.5871,-0.0802,0.0074,0.2288
1774945192.0912,0.0000,0.0000,0.0000,0.0000,0.0000,-3.1083,-0.2124,10.0534,-0.0280,-0.0320,0.2459
1774945192.1113,0.0000,0.0000,0.0000,0.0000,0.0000,-3.1069,-0.2106,-25.2362,-0.0354,-0.0267,0.2437
1774945192.1315,0.0000,0.0000,0.0000,0.0000,0.0000,-3.1051,-0.2077,-52.7560,-0.0589,-0.0225,0.2203
1774945192.1522,0.0000,0.0000,0.0000,0.0000,0.0000,-3.1035,-0.2079,-41.5684,-0.0685,0.0585,0.2160
1774945192.1714,0.0000,0.0000,0.0000,0.0000,0.0000,-3.1046,-0.2101,16.7424,-0.0962,0.0841,0.2395
1774945192.1917,0.0000,0.0000,0.0000,0.0000,0.0000,-3.1064,-0.2111,6.3239,-0.1388,0.0628,0.2373
1774945192.2113,0.0000,0.0000,0.0000,0.0000,0.0000,-3.1095,-0.2120,29.7674,-0.1899,0.0095,0.2139
1774945192.2314,0.0000,0.0000,0.0000,0.0000,0.0000,-3.1128,-0.2109,3.8159,-0.1622,-0.0544,0.2214
1774945192.2516,0.0000,0.0000,0.0000,0.0000,0.0000,-3.1154,-0.2107,-31.6898,-0.1547,-0.0555,0.2128
1774945192.2713,0.0000,0.0000,0.0000,0.0000,0.0000,-3.1189,-0.2126,55.0454,-0.1132,0.0116,0.1798
1774945192.2914,0.0000,0.0000,0.0000,0.0000,0.0000,-3.1213,-0.2141,35.5445,-0.1409,-0.0097,0.1755
1774945192.3113,0.0000,0.0000,0.0000,0.0000,0.0000,-3.1247,-0.2157,25.4478,-0.0844,0.0020,0.1926
1774945192.3317,0.0000,0.0000,0.0000,0.0000,0.0000,-3.1286,-0.2159,37.4727,-0.1292,0.0159,0.1755
1774945192.3513,0.0000,0.0000,0.0000,0.0000,0.0000,-3.1315,-0.2142,-4.3370,-0.1143,-0.0512,0.1628
1774945192.3723,0.0000,0.0000,0.0000,0.0000,0.0000,-3.1352,-0.2158,-25.0977,-0.1228,0.0031,0.1969
1774945192.3913,0.0000,0.0000,0.0000,0.0000,0.0000,-3.1371,-0.2171,-16.8120,-0.0674,0.0063,0.2107
1774945192.4113,0.0000,0.0000,0.0000,0.0000,0.0000,-3.1396,-0.2153,28.3587,-0.0109,-0.0502,0.2597
1774945192.4312,0.0000,0.0000,0.0000,0.0000,0.0000,3.1416,-0.2161,-54.4718,0.0029,-0.0715,0.3247
1774945192.4517,0.0000,0.0000,0.0000,0.0000,0.0000,-3.1402,-0.2142,-45.2070,-0.0056,-0.0288,0.3194
1774945192.4713,0.0000,0.0000,0.0000,0.0000,0.0000,-3.1361,-0.2119,-71.5897,0.0168,-0.0320,0.3364
1774945192.4913,0.0000,0.0000,0.0000,0.0000,0.0000,-3.1328,-0.2132,5.2401,-0.0109,0.0095,0.3428
1774945192.5112,0.0000,0.0000,0.0000,0.0000,0.0000,-3.1323,-0.2129,6.8559,-0.0589,0.0255,0.3588
1774945192.5312,0.0000,0.0000,0.0000,0.0000,0.0000,-3.1288,-0.2115,-10.0031,-0.0482,0.0170,0.3716
1774945192.5514,0.0000,0.0000,0.0000,0.0000,0.0000,-3.1261,-0.2124,19.9365,-0.0461,0.0212,0.3993
1774945192.5712,0.0000,0.0000,0.0000,0.0000,0.0000,-3.1265,-0.2124,-0.7089,-0.0429,0.0308,0.4270
1774945192.5912,0.0000,0.0000,0.0000,0.0000,0.0000,-3.1262,-0.2119,95.3796,-0.0440,0.0148,0.4653
1774945192.6112,0.0000,0.0000,0.0000,0.0000,0.0000,-3.1258,-0.2120,11.3172,-0.0482,-0.0235,0.4941
1774945192.6312,0.0000,0.0000,0.0000,0.0000,0.0000,-3.1251,-0.2127,67.0745,-0.0674,0.0404,0.5026
1774945192.6514,0.0000,0.0000,0.0000,0.0000,0.0000,-3.1247,-0.2126,-80.9442,-0.1025,0.0244,0.4951
1774945192.6712,0.0000,0.0000,0.0000,0.0000,0.0000,-3.1273,-0.2121,-8.0082,-0.1207,-0.0512,0.5399
1774945192.6912,0.0000,0.0000,0.0000,0.0000,0.0000,-3.1266,-0.2133,-74.7826,-0.0972,-0.0363,0.5431
1774945192.7113,0.0000,0.0000,0.0000,0.0000,0.0000,-3.1288,-0.2141,-72.1956,-0.0823,0.0255,0.5612
1774945192.7312,0.0000,0.0000,0.0000,0.0000,0.0000,-3.1304,-0.2156,23.2916,-0.1079,-0.0001,0.5505
1774945192.7517,0.0000,0.0000,0.0000,0.0000,0.0000,-3.1323,-0.2177,68.1953,-0.1292,0.0148,0.5644
1774945192.7712,0.0000,0.0000,0.0000,0.0000,0.0000,-3.1310,-0.2181,89.3249,-0.1484,0.0425,0.5367
1774945192.7916,0.0000,0.0000,0.0000,0.0000,0.0000,-3.1347,-0.2181,31.3006,-0.1601,0.0031,0.5271
1774945192.8113,0.0000,0.0000,0.0000,0.0000,0.0000,-3.1346,-0.2181,50.5538,-0.1942,-0.0001,0.4642
1774945192.8312,0.0000,0.0000,0.0000,0.0000,0.0000,-3.1384,-0.2197,11.1845,-0.1207,0.0106,0.4877
1774945192.8512,0.0000,0.0000,0.0000,0.0000,0.0000,-3.1396,-0.2232,18.6182,-0.0802,0.0617,0.4536
1774945192.8713,0.0000,0.0000,0.0000,0.0000,0.0000,3.1410,-0.2245,34.0556,-0.0823,0.0031,0.4472
1774945192.8912,0.0000,0.0000,0.0000,0.0000,0.0000,3.1398,-0.2245,23.9536,-0.0844,-0.0374,0.4291
1774945192.9112,0.0000,0.0000,0.0000,0.0000,0.0000,3.1366,-0.2244,-6.8896,-0.0738,-0.0257,0.4557
1774945192.9314,0.0000,0.0000,0.0000,0.0000,0.0000,3.1360,-0.2230,-35.0105,-0.0919,-0.0097,0.4451
1774945192.9514,0.0000,0.0000,0.0000,0.0000,0.0000,3.1345,-0.2210,-6.3768,-0.0983,-0.0779,0.4056
1774945192.9712,0.0000,0.0000,0.0000,0.0000,0.0000,3.1344,-0.2210,-30.7504,-0.0173,-0.0257,0.3854
1774945192.9913,0.0000,0.0000,0.0000,0.0000,0.0000,3.1340,-0.2203,-41.6236,-0.0386,-0.0288,0.3748
1774945193.0115,0.0000,0.0000,0.0000,0.0000,0.0000,3.1348,-0.2196,5.4783,-0.0631,-0.0139,0.3545
1774945193.0314,0.0000,0.0000,0.0000,0.0000,0.0000,3.1346,-0.2201,42.6180,-0.0429,-0.0043,0.3769
1774945193.0515,0.0000,0.0000,0.0000,0.0000,0.0000,3.1344,-0.2193,-35.7301,-0.0674,0.0074,0.3854
1774945193.0713,0.0000,0.0000,0.0000,0.0000,0.0000,3.1329,-0.2180,43.3358,-0.0951,-0.0267,0.4078
1774945193.0913,0.0000,0.0000,0.0000,0.0000,0.0000,3.1351,-0.2189,44.7596,-0.0493,-0.0054,0.4046
1774945193.1112,0.0000,0.0000,0.0000,0.0000,0.0000,3.1331,-0.2197,5.5308,-0.1196,-0.0374,0.3673
1774945193.1315,0.0000,0.0000,0.0000,0.0000,0.0000,3.1335,-0.2195,-31.4242,-0.1143,-0.0331,0.3151
1774945193.1517,0.0000,0.0000,0.0000,0.0000,0.0000,3.1330,-0.2206,15.8942,-0.0269,-0.0288,0.3417
1774945193.1712,0.0000,0.0000,0.0000,0.0000,0.0000,3.1332,-0.2206,-41.4661,-0.0674,0.0233,0.3471
1774945193.1912,0.0000,0.0000,0.0000,0.0000,0.0000,3.1355,-0.2202,55.9027,-0.0440,0.0734,0.3236
1774945193.2117,0.0000,0.0000,0.0000,0.0000,0.0000,3.1348,-0.2195,60.4601,-0.0280,0.0713,0.3673
1774945193.2312,0.0000,0.0000,0.0000,0.0000,0.0000,3.1343,-0.2207,42.6783,-0.0482,0.0585,0.3588
1774945193.2514,0.0000,0.0000,0.0000,0.0000,0.0000,3.1319,-0.2188,8.7454,-0.0780,-0.0406,0.3332
1774945193.2712,0.0000,0.0000,0.0000,0.0000,0.0000,3.1311,-0.2173,-96.9703,-0.1388,-0.0267,0.3002
1774945193.2916,0.0000,0.0000,0.0000,0.0000,0.0000,3.1330,-0.2142,-38.6561,-0.0674,-0.1194,0.1265
1774945193.3114,0.0000,0.0000,0.0000,0.0000,0.0000,3.1375,-0.2114,72.9842,0.1403,-0.0949,-0.0130
1774945193.3316,0.0000,0.0000,0.0000,0.0000,0.0000,-3.1411,-0.2084,-0.1571,0.0913,0.0415,-0.1355
1774945193.3513,0.0000,0.0000,0.0000,0.0000,0.0000,-3.1391,-0.2068,40.7093,0.0338,0.0809,-0.2143
1774945193.3715,0.0000,0.0000,0.0000,0.0000,0.0000,-3.1391,-0.2044,-19.6247,0.0136,0.0415,-0.1920
1774945193.3915,0.0000,0.0000,0.0000,0.0000,0.0000,-3.1399,-0.2025,-33.5208,0.0849,0.0564,-0.1174
1774945193.4112,0.0000,0.0000,0.0000,0.0000,0.0000,-3.1415,-0.2025,38.1280,0.0690,0.1118,-0.0290
1774945193.4312,0.0000,0.0000,0.0000,0.0000,0.0000,3.1402,-0.2040,29.5453,-0.0045,0.1224,0.0413
1774945193.4517,0.0000,0.0000,0.0000,0.0000,0.0000,3.1405,-0.2071,9.6903,-0.0386,0.1235,0.0775
1774945193.4712,0.0000,0.0000,0.0000,0.0000,0.0000,3.1413,-0.2124,19.9554,-0.0322,0.1746,0.0765
1774945193.4912,0.0000,0.0000,0.0000,0.0000,0.0000,-3.1410,-0.2182,-7.2048,0.0242,0.1288,0.0648
1774945193.5113,0.0000,0.0000,0.0000,0.0000,0.0000,-3.1390,-0.2233,-21.2494,0.0253,0.0787,0.0083
1774945193.5312,0.0000,0.0000,0.0000,0.0000,0.0000,-3.1369,-0.2273,34.2039,0.0274,0.0553,-0.0343
1774945193.5515,0.0000,0.0000,0.0000,0.0000,0.0000,-3.1363,-0.2271,-17.6552,0.0232,-0.0139,-0.0503
1774945193.5714,0.0000,0.0000,0.0000,0.0000,0.0000,-3.1334,-0.2285,-3.9914,0.0636,0.0020,-0.0663
1774945193.5912,0.0000,0.0000,0.0000,0.0000,0.0000,-3.1327,-0.2274,14.2238,0.0615,-0.0267,-0.0322
1774945193.6112,0.0000,0.0000,0.0000,0.0000,0.0000,-3.1331,-0.2245,24.5030,0.0274,-0.1077,-0.0045
1774945193.6313,0.0000,0.0000,0.0000,0.0000,0.0000,-3.1348,-0.2226,35.6211,0.0381,-0.1386,0.0072
1774945193.6513,0.0000,0.0000,0.0000,0.0000,0.0000,-3.1340,-0.2182,-26.6810,0.0264,-0.1183,0.0424
1774945193.6712,0.0000,0.0000,0.0000,0.0000,0.0000,-3.1287,-0.2177,0.0000,0.0583,-0.0821,0.0360
1774945193.6912,0.0000,0.0000,0.0000,0.0000,0.0000,-3.1276,-0.2138,0.0000,0.0583,-0.0896,0.0243
1774945193.7112,0.0000,0.0000,0.0000,0.0000,0.0000,-3.1252,-0.2108,0.0000,0.0604,-0.1087,-0.0066
1774945193.7312,0.0000,0.0000,0.0000,0.0000,0.0000,-3.1229,-0.2063,0.0000,0.0146,-0.1141,-0.0215
1774945193.7512,0.0000,0.0000,0.0000,0.0000,0.0000,-3.1207,-0.2068,2.7305,-0.0056,-0.0896,-0.0364
1774945193.7713,0.0000,0.0000,0.0000,0.0000,0.0000,-3.1177,-0.2023,0.0000,0.0050,-0.0683,-0.0407
1774945193.7912,0.0000,0.0000,0.0000,0.0000,0.0000,-3.1181,-0.2035,0.0000,-0.0088,-0.0544,-0.0205
1774945193.8113,0.0000,0.0000,0.0000,0.0000,0.0000,-3.1183,-0.1999,0.0000,-0.0024,-0.0001,-0.0311
1774945193.8312,0.0000,0.0000,0.0000,0.0000,0.0000,-3.1218,-0.1970,0.0000,-0.0482,0.0127,-0.0119
1774945193.8516,0.0000,0.0000,0.0000,0.0000,0.0000,-3.1209,-0.1967,0.0000,-0.0131,0.0745,-0.0247
1774945193.8714,0.0000,0.0000,0.0000,0.0000,0.0000,-3.1176,-0.1972,0.0000,-0.0344,0.1011,-0.0354
1774945193.8918,0.0000,0.0000,0.0000,0.0000,0.0000,-3.1175,-0.1982,0.0000,-0.0642,0.1235,-0.0279
1774945193.9113,0.0000,0.0000,0.0000,0.0000,0.0000,-3.1184,-0.2007,0.0000,-0.0717,0.1352,-0.0290
1774945193.9313,0.0000,0.0000,0.0000,0.0000,0.0000,-3.1206,-0.2035,0.0000,-0.1100,0.1491,-0.0141
1774945193.9516,0.0000,0.0000,0.0000,0.0000,0.0000,-3.1192,-0.2041,0.0000,-0.0717,0.1416,-0.0237
1774945193.9713,0.0000,0.0000,0.0000,0.0000,0.0000,-3.1207,-0.2026,0.0000,-0.0866,0.0670,-0.0247
1774945193.9922,0.0000,0.0000,0.0000,0.0000,0.0000,-3.1221,-0.2012,0.0000,-0.1526,0.0958,-0.0428
1774945194.0112,0.0000,0.0000,0.0000,0.0000,0.0000,-3.1214,-0.2049,-20.5564,-0.0748,0.1277,-0.0151
1774945194.0313,0.0000,0.0000,0.0000,0.0000,0.0000,-3.1258,-0.2068,-70.0769,-0.1164,0.0947,-0.0141
1774945194.0514,0.0000,0.0000,0.0000,0.0000,0.0000,-3.1270,-0.2099,-27.9841,-0.0834,0.0926,-0.0087
1774945194.0715,0.0000,0.0000,0.0000,0.0000,0.0000,-3.1283,-0.2128,-9.7372,-0.0525,0.0393,-0.0247
1774945194.0914,0.0000,0.0000,0.0000,0.0000,0.0000,-3.1318,-0.2154,9.3535,-0.0557,0.0159,0.0051
1774945194.1114,0.0000,0.0000,0.0000,0.0000,0.0000,-3.1339,-0.2187,-3.8082,0.0008,0.0127,-0.0098
1774945194.1314,0.0000,0.0000,0.0000,0.0000,0.0000,-3.1347,-0.2211,-15.8808,0.0104,-0.0416,-0.0183
1774945194.1513,0.0000,0.0000,0.0000,0.0000,0.0000,-3.1358,-0.2237,-1.6184,0.0210,-0.0129,0.0083
1774945194.1714,0.0000,0.0000,0.0000,0.0000,0.0000,-3.1370,-0.2271,19.1038,0.0178,0.0010,0.0019
1774945194.1913,0.0000,0.0000,0.0000,0.0000,0.0000,-3.1354,-0.2265,-2.3024,0.0093,-0.0651,-0.0055
1774945194.2114,0.0000,0.0000,0.0000,0.0000,0.0000,-3.1328,-0.2256,31.9275,0.0466,-0.1514,-0.0098
1774945194.2314,0.0000,0.0000,0.0000,0.0000,0.0000,-3.1325,-0.2256,-20.9834,0.0381,-0.1737,-0.0087
1774945194.2521,0.0000,0.0000,0.0000,0.0000,0.0000,-3.1321,-0.2259,-1.1458,0.0466,-0.1194,0.0083
1774945194.2715,0.0000,0.0000,0.0000,0.0000,0.0000,-3.1322,-0.2237,1.9875,0.0551,-0.1833,0.0200
1774945194.2914,0.0000,0.0000,0.0000,0.0000,0.0000,-3.1313,-0.2221,0.1067,0.0785,-0.1737,0.0232
1774945194.3112,0.0000,0.0000,0.0000,0.0000,0.0000,-3.1299,-0.2203,4.1876,0.0551,-0.1652,0.0072
1774945194.3314,0.0000,0.0000,0.0000,0.0000,0.0000,-3.1285,-0.2199,-3.7020,0.0519,-0.1364,0.0040
1774945194.3519,0.0000,0.0000,0.0000,0.0000,0.0000,-3.1270,-0.2190,-2.6742,0.0551,-0.1300,-0.0002
1774945194.3713,0.0000,0.0000,0.0000,0.0000,0.0000,-3.1253,-0.2191,32.7228,0.0434,-0.1002,0.0040
1774945194.3914,0.0000,0.0000,0.0000,0.0000,0.0000,-3.1252,-0.2178,-44.8828,0.0445,-0.0906,-0.0045
1774945194.4112,0.0000,0.0000,0.0000,0.0000,0.0000,-3.1247,-0.2169,11.1976,0.0519,-0.1215,0.0158
1774945194.4315,0.0000,0.0000,0.0000,0.0000,0.0000,-3.1238,-0.2177,-27.8701,0.0519,-0.0768,0.0403
1774945194.4513,0.0000,0.0000,0.0000,0.0000,0.0000,-3.1222,-0.2180,-28.1824,0.0445,-0.0555,0.0179
1774945194.4712,0.0000,0.0000,0.0000,0.0000,0.0000,-3.1220,-0.2177,24.6733,-0.0056,-0.0757,0.0008
1774945194.4914,0.0000,0.0000,0.0000,0.0000,0.0000,-3.1190,-0.2180,-42.6475,-0.0045,-0.0502,-0.0173
1774945194.5112,0.0000,0.0000,0.0000,0.0000,0.0000,-3.1193,-0.2197,27.8813,-0.0386,0.0084,-0.0237
1774945194.5315,0.0000,0.0000,0.0000,0.0000,0.0000,-3.1178,-0.2200,75.9423,-0.0418,-0.0278,-0.0098
1774945194.5515,0.0000,0.0000,0.0000,0.0000,0.0000,-3.1193,-0.2204,15.7114,-0.0408,-0.0448,-0.0045
1774945194.5712,0.0000,0.0000,0.0000,0.0000,0.0000,-3.1198,-0.2247,73.6484,-0.0163,0.0244,-0.0055
1774945194.5912,0.0000,0.0000,0.0000,0.0000,0.0000,-3.1213,-0.2261,-2.5921,-0.0301,-0.0235,-0.0013
1774945194.6117,0.0000,0.0000,0.0000,0.0000,0.0000,-3.1224,-0.2246,-10.1247,-0.0695,-0.0619,-0.0098
1774945194.6320,0.0000,0.0000,0.0000,0.0000,0.0000,-3.1232,-0.2266,-58.0583,-0.0067,0.0479,-0.0205
1774945194.6518,0.0000,0.0000,0.0000,0.0000,0.0000,-3.1236,-0.2270,8.1506,-0.0024,0.0457,-0.0151
1774945194.6714,0.0000,0.0000,0.0000,0.0000,0.0000,-3.1252,-0.2256,-100.3765,0.0114,-0.0075,-0.0066
1774945194.6913,0.0000,0.0000,0.0000,0.0000,0.0000,-3.1253,-0.2254,-14.5127,0.0540,0.0202,-0.0183
1774945194.7113,0.0000,0.0000,0.0000,0.0000,0.0000,-3.1276,-0.2235,15.1107,0.0327,-0.0161,-0.0002
1774945194.7313,0.0000,0.0000,0.0000,0.0000,0.0000,-3.1298,-0.2237,1.0549,0.0019,-0.0470,0.0296
1774945194.7512,0.0000,0.0000,0.0000,0.0000,0.0000,-3.1288,-0.2250,39.7704,0.0274,0.0138,0.0221
1774945194.7733,0.0000,0.0000,0.0000,0.0000,0.0000,-3.1262,-0.2252,74.8560,0.0189,0.0233,0.0232
1774945194.7914,0.0000,0.0000,0.0000,0.0000,0.0000,-3.1219,-0.2248,35.6227,0.0114,-0.0118,-0.0002
1774945194.8112,0.0000,0.0000,0.0000,0.0000,0.0000,-3.1219,-0.2244,24.8665,-0.0003,-0.0107,-0.0066
1774945194.8315,0.0000,0.0000,0.0000,0.0000,0.0000,-3.1220,-0.2229,-1.9451,-0.0173,-0.0139,-0.0205
1774945194.8513,0.0000,0.0000,0.0000,0.0000,0.0000,-3.1203,-0.2235,15.0413,-0.0376,-0.0363,-0.0269
1774945194.8715,0.0000,0.0000,0.0000,0.0000,0.0000,-3.1206,-0.2234,-27.0238,-0.0141,-0.0065,-0.0226
1774945194.8917,0.0000,0.0000,0.0000,0.0000,0.0000,-3.1227,-0.2230,19.8473,-0.0333,-0.0246,-0.0183
1774945194.9114,0.0000,0.0000,0.0000,0.0000,0.0000,-3.1226,-0.2217,52.5877,-0.0003,-0.0214,-0.0087
1774945194.9315,0.0000,0.0000,0.0000,0.0000,0.0000,-3.1244,-0.2201,0.6886,0.0093,-0.0118,0.0115
1774945194.9518,0.0000,0.0000,0.0000,0.0000,0.0000,-3.1254,-0.2194,3.8085,-0.0141,-0.0288,0.0062
1774945194.9714,0.0000,0.0000,0.0000,0.0000,0.0000,-3.1232,-0.2196,-3.1151,0.0232,-0.0118,-0.0055
1774945194.9913,0.0000,0.0000,0.0000,0.0000,0.0000,-3.1237,-0.2182,-22.4033,0.0104,-0.0384,-0.0055
1774945195.0118,0.0000,0.0000,0.0000,0.0000,0.0000,-3.1245,-0.2174,-9.4107,-0.0077,-0.0374,-0.0151
1774945195.0317,0.0000,0.0000,0.0000,0.0000,0.0000,-3.1244,-0.2167,29.6005,0.0189,-0.0299,-0.0141
1774945195.0517,0.0000,0.0000,0.0000,0.0000,0.0000,-3.1253,-0.2141,-7.5818,0.0210,-0.0118,-0.0024
1774945195.0713,0.0000,0.0000,0.0000,0.0000,0.0000,-3.1240,-0.2127,-27.4971,0.0445,-0.0107,-0.0183
1774945195.0917,0.0000,0.0000,0.0000,0.0000,0.0000,-3.1257,-0.2112,28.9520,0.0178,0.0084,-0.0045
1774945195.1114,0.0000,0.0000,0.0000,0.0000,0.0000,-3.1255,-0.2074,-43.8881,-0.0322,-0.0097,-0.0737
1774945195.1318,0.0000,0.0000,0.0000,0.0000,0.0000,-3.1222,-0.2084,65.8853,0.0040,0.0809,-0.2048
1774945195.1514,0.0000,0.0000,0.0000,0.0000,0.0000,-3.1199,-0.2111,64.9458,0.0210,0.0979,-0.2399
1774945195.1713,0.0000,0.0000,0.0000,0.0000,0.0000,-3.1214,-0.2114,113.0296,-0.0045,0.0809,-0.2186
1774945195.1913,0.0000,0.0000,0.0000,0.0000,0.0000,-3.1237,-0.2109,59.4588,-0.0013,0.0287,-0.1834
1774945195.2113,0.0000,0.0000,0.0000,0.0000,0.0000,-3.1210,-0.2098,-88.2145,0.0615,-0.0299,-0.2261
1774945195.2313,0.0000,0.0000,0.0000,0.0000,0.0000,-3.1222,-0.2113,6.5593,0.0498,0.0329,-0.2506
1774945195.2514,0.0000,0.0000,0.0000,0.0000,0.0000,-3.1218,-0.2114,80.7438,0.0285,0.0670,-0.2559
1774945195.2715,0.0000,0.0000,0.0000,0.0000,0.0000,-3.1226,-0.2125,15.2560,0.0796,0.0628,-0.2378
1774945195.2913,0.0000,0.0000,0.0000,0.0000,0.0000,-3.1194,-0.2143,-107.2626,0.0572,0.0564,-0.2356
1774945195.3113,0.0000,0.0000,0.0000,0.0000,0.0000,-3.1164,-0.2173,-64.6724,0.0807,0.1192,-0.2442
1774945195.3313,0.0000,0.0000,0.0000,0.0000,0.0000,-3.1162,-0.2191,-77.2200,0.0327,0.0958,-0.2431
1774945195.3524,0.0000,0.0000,0.0000,0.0000,0.0000,-3.1139,-0.2211,70.0309,0.0754,0.0979,-0.2601
1774945195.3713,0.0000,0.0000,0.0000,0.0000,0.0000,-3.1153,-0.2197,-32.1388,0.0509,0.0415,-0.1984
1774945195.3915,0.0000,0.0000,0.0000,0.0000,0.0000,-3.1171,-0.2182,-17.6562,0.0700,-0.0299,0.0136
1774945195.4115,0.0000,0.0000,0.0000,0.0000,0.0000,-3.1209,-0.2159,31.8627,-0.1036,-0.0725,0.2054
1774945195.4312,0.0000,0.0000,0.0000,0.0000,0.0000,-3.1224,-0.2126,-73.6250,-0.0653,-0.0672,0.2448
1774945195.4515,0.0000,0.0000,0.0000,0.0000,0.0000,-3.1210,-0.2131,-29.5406,-0.1324,0.0265,0.1926
1774945195.4712,0.0000,0.0000,0.0000,0.0000,0.0000,-3.1191,-0.2106,41.2535,-0.0962,-0.0267,0.0988
1774945195.4913,0.0000,0.0000,0.0000,0.0000,0.0000,-3.1164,-0.2105,39.4428,-0.0056,0.0063,-0.0396
1774945195.5114,0.0000,0.0000,0.0000,0.0000,0.0000,-3.1157,-0.2076,-76.7877,-0.0642,-0.0480,-0.1185
1774945195.5314,0.0000,0.0000,0.0000,0.0000,0.0000,-3.1182,-0.2061,-49.1643,-0.0844,-0.0619,-0.1739
1774945195.5521,0.0000,0.0000,0.0000,0.0000,0.0000,-3.1227,-0.2048,-115.7575,-0.0631,-0.0129,-0.1398
1774945195.5713,0.0000,0.0000,0.0000,0.0000,0.0000,-3.1268,-0.2038,-31.3358,-0.0312,0.0393,-0.0535
1774945195.5916,0.0000,0.0000,0.0000,0.0000,0.0000,-3.1313,-0.2055,103.2343,-0.0408,0.0894,0.0317
1774945195.6112,0.0000,0.0000,0.0000,0.0000,0.0000,-3.1353,-0.2052,-33.2924,-0.0354,0.0457,0.0818
1774945195.6312,0.0000,0.0000,0.0000,0.0000,0.0000,-3.1359,-0.2064,17.5776,-0.0131,0.0457,0.0871
1774945195.6512,0.0000,0.0000,0.0000,0.0000,0.0000,-3.1327,-0.2083,45.5085,0.0008,0.0191,0.0477
1774945195.6715,0.0000,0.0000,0.0000,0.0000,0.0000,-3.1322,-0.2121,-18.4972,-0.0237,0.0606,-0.0055
1774945195.6918,0.0000,0.0000,0.0000,0.0000,0.0000,-3.1298,-0.2143,31.4879,-0.0003,0.0447,-0.0332
1774945195.7113,0.0000,0.0000,0.0000,0.0000,0.0000,-3.1284,-0.2167,-2.8108,0.0029,0.0255,-0.0492
1774945195.7312,0.0000,0.0000,0.0000,0.0000,0.0000,-3.1298,-0.2185,6.8740,0.0093,0.0074,-0.0418
1774945195.7512,0.0000,0.0000,0.0000,0.0000,0.0000,-3.1311,-0.2201,10.1002,0.0072,0.0063,-0.0045
1774945195.7713,0.0000,0.0000,0.0000,0.0000,0.0000,-3.1312,-0.2215,-17.4780,0.0477,0.0159,0.0179
1774945195.7912,0.0000,0.0000,0.0000,0.0000,0.0000,-3.1307,-0.2233,7.2237,0.0626,-0.0331,0.0360
1774945195.8112,0.0000,0.0000,0.0000,0.0000,0.0000,-3.1299,-0.2246,-76.3341,0.0817,-0.0608,0.0285
1774945195.8312,0.0000,0.0000,0.0000,0.0000,0.0000,-3.1300,-0.2250,0.1728,0.0264,-0.0395,0.0179
1774945195.8512,0.0000,0.0000,0.0000,0.0000,0.0000,-3.1280,-0.2261,-10.3772,0.0359,-0.0395,-0.0151
1774945195.8713,0.0000,0.0000,0.0000,0.0000,0.0000,-3.1277,-0.2264,31.2564,0.0029,-0.0331,-0.0226
1774945195.8912,0.0000,0.0000,0.0000,0.0000,0.0000,-3.1278,-0.2243,44.7398,-0.0269,-0.1130,-0.0226
1774945195.9114,0.0000,0.0000,0.0000,0.0000,0.0000,-3.1259,-0.2245,12.0848,0.0487,-0.0587,-0.0055
1774945195.9318,0.0000,0.0000,0.0000,0.0000,0.0000,-3.1252,-0.2234,-6.8941,0.0264,-0.0725,-0.0162
1774945195.9555,0.0000,0.0000,0.0000,0.0000,0.0000,-3.1262,-0.2213,69.7797,0.0594,-0.0928,0.0275
1774945195.9714,0.0000,0.0000,0.0000,0.0000,0.0000,-3.1244,-0.2191,-54.3412,0.0583,-0.0683,0.0168
1774945195.9964,0.0000,0.0000,0.0000,0.0000,0.0000,-3.1243,-0.2178,-31.1320,-0.0163,-0.0917,-0.0002
1774945196.0112,0.0000,0.0000,0.0000,0.0000,0.0000,-3.1236,-0.2141,-1.5562,-0.0312,-0.1162,-0.0055
1774945196.0313,0.0000,0.0000,0.0000,0.0000,0.0000,-3.1217,-0.2154,20.8709,-0.0312,-0.0193,-0.0407
1774945196.0513,0.0000,0.0000,0.0000,0.0000,0.0000,-3.1210,-0.2150,-14.4073,-0.0227,0.0084,-0.0364
1774945196.0715,0.0000,0.0000,0.0000,0.0000,0.0000,-3.1218,-0.2119,9.6706,-0.0205,-0.0661,-0.0130
1774945196.0916,0.0000,0.0000,0.0000,0.0000,0.0000,-3.1215,-0.2123,-21.3184,-0.0013,-0.0193,-0.0119
1774945196.1113,0.0000,0.0000,0.0000,0.0000,0.0000,-3.1224,-0.2144,20.7371,0.0008,0.0542,0.0030
1774945196.1313,0.0000,0.0000,0.0000,0.0000,0.0000,-3.1234,-0.2125,56.7039,0.0125,-0.0448,0.0051
1774945196.1514,0.0000,0.0000,0.0000,0.0000,0.0000,-3.1223,-0.2125,42.1021,-0.0674,0.0574,-0.0311
1774945196.1714,0.0000,0.0000,0.0000,0.0000,0.0000,-3.1244,-0.2079,4.3924,-0.1079,0.0074,-0.0332
1774945196.1915,0.0000,0.0000,0.0000,0.0000,0.0000,-3.1237,-0.2062,6.1727,-0.0898,0.0191,-0.0503
1774945196.2112,0.0000,0.0000,0.0000,0.0000,0.0000,-3.1247,-0.2071,-98.8090,-0.0514,0.0915,-0.0439
1774945196.2313,0.0000,0.0000,0.0000,0.0000,0.0000,-3.1268,-0.2108,-12.0754,-0.0408,0.1150,-0.0258
1774945196.2514,0.0000,0.0000,0.0000,0.0000,0.0000,-3.1288,-0.2103,0.0000,-0.0248,0.0361,-0.0002
1774945196.2712,0.0000,0.0000,0.0000,0.0000,0.0000,-3.1311,-0.2102,70.4513,-0.0141,0.0297,0.0275
1774945196.2912,0.0000,0.0000,0.0000,0.0000,0.0000,-3.1316,-0.2117,0.0000,-0.0131,0.0468,0.0104
1774945196.3113,0.0000,0.0000,0.0000,0.0000,0.0000,-3.1320,-0.2111,0.0000,-0.0248,0.0436,-0.0173
1774945196.3312,0.0000,0.0000,0.0000,0.0000,0.0000,-3.1359,-0.2090,-12.7972,-0.0802,-0.0129,-0.0183
1774945196.3514,0.0000,0.0000,0.0000,0.0000,0.0000,-3.1352,-0.2068,-6.4187,-0.0514,0.0308,-0.0354
1774945196.3713,0.0000,0.0000,0.0000,0.0000,0.0000,-3.1333,-0.2082,0.0000,0.0413,0.0692,-0.0407
1774945196.3914,0.0000,0.0000,0.0000,0.0000,0.0000,-3.1354,-0.2078,-4.9442,0.0519,0.0617,0.0104
1774945196.4113,0.0000,0.0000,0.0000,0.0000,0.0000,-3.1382,-0.2119,0.0000,0.0690,0.1107,0.0136
1774945196.4314,0.0000,0.0000,0.0000,0.0000,0.0000,-3.1412,-0.2132,0.0000,0.0722,0.0798,0.0126
1774945196.4522,0.0000,0.0000,0.0000,0.0000,0.0000,3.1406,-0.2156,0.0000,0.0434,-0.0438,0.0317
1774945196.4712,0.0000,0.0000,0.0000,0.0000,0.0000,-3.1415,-0.2167,0.0000,0.0636,0.0074,0.0040
1774945196.4913,0.0000,0.0000,0.0000,0.0000,0.0000,-3.1404,-0.2181,0.0000,0.0029,0.0148,-0.0077
1774945196.5114,0.0000,0.0000,0.0000,0.0000,0.0000,-3.1388,-0.2160,-8.0057,0.0253,-0.0193,-0.0162
1774945196.5314,0.0000,0.0000,0.0000,0.0000,0.0000,-3.1368,-0.2154,0.0000,0.0519,-0.0139,0.0008
1774945196.5514,0.0000,0.0000,0.0000,0.0000,0.0000,-3.1347,-0.2141,0.0000,0.0551,-0.0331,-0.0141
1774945196.5713,0.0000,0.0000,0.0000,0.0000,0.0000,-3.1359,-0.2130,0.0000,0.0082,-0.0342,-0.0141
1774945196.5917,0.0000,0.0000,0.0000,0.0000,0.0000,-3.1365,-0.2120,0.0000,0.0136,-0.0523,-0.0119
1774945196.6112,0.0000,0.0000,0.0000,0.0000,0.0000,-3.1340,-0.2101,0.0000,-0.0195,0.0127,-0.0194
1774945196.6311,0.0000,0.0000,0.0000,0.0000,0.0000,-3.1354,-0.2080,-0.6087,-0.0450,-0.0331,-0.0130
1774945196.6515,0.0000,0.0000,0.0000,0.0000,0.0000,-3.1358,-0.2076,-0.6910,0.0082,-0.0352,-0.0087
1774945196.6713,0.0000,0.0000,0.0000,0.0000,0.0000,-3.1358,-0.2086,-3.6089,0.0125,0.0212,-0.0119
1774945196.6912,0.0000,0.0000,0.0000,0.0000,0.0000,-3.1379,-0.2084,-61.6628,0.0136,0.0340,-0.0066
1774945196.7120,0.0000,0.0000,0.0000,0.0000,0.0000,-3.1375,-0.2101,-31.9336,0.0402,0.0180,0.0083
1774945196.7313,0.0000,0.0000,0.0000,0.0000,0.0000,-3.1378,-0.2139,40.2830,0.0562,0.0468,0.0275
1774945196.7514,0.0000,0.0000,0.0000,0.0000,0.0000,-3.1377,-0.2164,55.5676,0.0200,0.0255,0.0445
1774945196.7716,0.0000,0.0000,0.0000,0.0000,0.0000,-3.1339,-0.2174,16.4353,0.0050,-0.0395,0.0072
1774945196.7913,0.0000,0.0000,0.0000,0.0000,0.0000,-3.1299,-0.2185,-55.1227,0.0370,-0.0086,-0.0055
1774945196.8112,0.0000,0.0000,0.0000,0.0000,0.0000,-3.1291,-0.2196,-33.8817,0.0125,-0.0278,-0.0311
1774945196.8317,0.0000,0.0000,0.0000,0.0000,0.0000,-3.1288,-0.2200,-42.2359,0.0125,-0.0214,-0.0279
1774945196.8514,0.0000,0.0000,0.0000,0.0000,0.0000,-3.1283,-0.2217,-9.0085,0.0136,0.0308,-0.0173
1774945196.8714,0.0000,0.0000,0.0000,0.0000,0.0000,-3.1276,-0.2241,34.8917,-0.0035,0.0244,-0.0066
1774945196.8913,0.0000,0.0000,0.0000,0.0000,0.0000,-3.1246,-0.2246,17.3784,0.0029,-0.0267,0.0051
1774945196.9112,0.0000,0.0000,0.0000,0.0000,0.0000,-3.1239,-0.2225,65.8121,-0.0216,-0.0597,0.0083
1774945196.9312,0.0000,0.0000,0.0000,0.0000,0.0000,-3.1218,-0.2233,18.4519,-0.0312,-0.0001,-0.0173
1774945196.9522,0.0000,0.0000,0.0000,0.0000,0.0000,-3.1205,-0.2230,43.1540,-0.0035,-0.0288,-0.0066
1774945196.9713,0.0000,0.0000,0.0000,0.0000,0.0000,-3.1206,-0.2220,6.7807,-0.0077,-0.0842,-0.0013
1774945196.9912,0.0000,0.0000,0.0000,0.0000,0.0000,-3.1219,-0.2234,-38.5607,-0.0280,-0.0555,-0.0098
1774945197.0113,0.0000,0.0000,0.0000,0.0000,0.0000,-3.1218,-0.2237,-9.4866,-0.0354,-0.0736,0.0019
1774945197.0312,0.0000,0.0000,0.0000,0.0000,0.0000,-3.1226,-0.2235,-74.6244,-0.0205,-0.0768,-0.0024
1774945197.0514,0.0000,0.0000,0.0000,0.0000,0.0000,-3.1218,-0.2243,15.0823,-0.0322,-0.0288,-0.0247
1774945197.0721,0.0000,0.0000,0.0000,0.0000,0.0000,-3.1220,-0.2230,-12.3878,-0.0344,-0.0438,-0.0034
1774945197.0914,0.0000,0.0000,0.0000,0.0000,0.0000,-3.1228,-0.2245,-24.4309,-0.0642,-0.0203,-0.0098
1774945197.1119,0.0000,0.0000,0.0000,0.0000,0.0000,-3.1240,-0.2241,73.8475,-0.1196,-0.0246,-0.0407
1774945197.1315,0.0000,0.0000,0.0000,0.0000,0.0000,-3.1249,-0.2228,79.3853,-0.0567,-0.0629,-0.0109
1774945197.1514,0.0000,0.0000,0.0000,0.0000,0.0000,-3.1262,-0.2219,-30.4374,-0.0088,-0.0161,-0.0055
1774945197.1714,0.0000,0.0000,0.0000,0.0000,0.0000,-3.1270,-0.2187,-77.4563,-0.0482,-0.0715,-0.0300
1774945197.1914,0.0000,0.0000,0.0000,0.0000,0.0000,-3.1293,-0.2138,-141.6403,-0.0578,-0.1162,-0.0439
1774945197.2126,0.0000,0.0000,0.0000,0.0000,0.0000,-3.1298,-0.2131,-81.5922,-0.0088,0.0084,-0.0226
1774945197.2313,0.0000,0.0000,0.0000,0.0000,0.0000,-3.1298,-0.2116,-10.0695,-0.0354,-0.0352,-0.0322
1774945197.2523,0.0000,0.0000,0.0000,0.0000,0.0000,-3.1298,-0.2097,144.8580,-0.0461,-0.0097,-0.0375
1774945197.2713,0.0000,0.0000,0.0000,0.0000,0.0000,-3.1308,-0.2099,17.4783,-0.0205,-0.0086,-0.0098
1774945197.2913,0.0000,0.0000,0.0000,0.0000,0.0000,-3.1340,-0.2088,-14.0639,0.0093,-0.0225,0.0296
1774945197.3113,0.0000,0.0000,0.0000,0.0000,0.0000,-3.1352,-0.2077,9.0353,0.0327,0.0095,0.0264
1774945197.3315,0.0000,0.0000,0.0000,0.0000,0.0000,-3.1366,-0.2102,-32.6533,0.0359,0.0564,0.0179
1774945197.3518,0.0000,0.0000,0.0000,0.0000,0.0000,-3.1363,-0.2118,3.8580,0.0700,0.0979,0.0126
1774945197.3712,0.0000,0.0000,0.0000,0.0000,0.0000,-3.1338,-0.2114,63.9891,0.0988,0.0276,-0.0055
1774945197.3918,0.0000,0.0000,0.0000,0.0000,0.0000,-3.1330,-0.2123,-12.2411,0.0327,0.0340,-0.0098
1774945197.4115,0.0000,0.0000,0.0000,0.0000,0.0000,-3.1339,-0.2125,-40.7122,0.0572,0.0425,0.0051
1774945197.4316,0.0000,0.0000,0.0000,0.0000,0.0000,-3.1319,-0.2128,28.0579,0.1073,0.0052,0.0104
1774945197.4521,0.0000,0.0000,0.0000,0.0000,0.0000,-3.1307,-0.2127,-7.2954,0.0572,-0.0118,0.0126
1774945197.4715,0.0000,0.0000,0.0000,0.0000,0.0000,-3.1296,-0.2127,-24.1081,0.0754,0.0340,0.0307
1774945197.4922,0.0000,0.0000,0.0000,0.0000,0.0000,-3.1276,-0.2113,16.6850,0.0722,-0.0012,0.0190
1774945197.5118,0.0000,0.0000,0.0000,0.0000,0.0000,-3.1247,-0.2115,8.6515,0.0434,-0.0033,-0.0173
1774945197.5315,0.0000,0.0000,0.0000,0.0000,0.0000,-3.1234,-0.2092,-14.9644,0.0050,-0.0001,-0.0130
1774945197.5516,0.0000,0.0000,0.0000,0.0000,0.0000,-3.1228,-0.2083,94.9162,0.0338,-0.0182,-0.0130
1774945197.5721,0.0000,0.0000,0.0000,0.0000,0.0000,-3.1230,-0.2067,-62.9057,-0.0120,0.0500,-0.0418
1774945197.5915,0.0000,0.0000,0.0000,0.0000,0.0000,-3.1244,-0.2044,107.2251,-0.0258,0.0052,-0.0045
1774945197.6115,0.0000,0.0000,0.0000,0.0000,0.0000,-3.1257,-0.2019,32.0648,0.0264,0.0340,0.0094
1774945197.6315,0.0000,0.0000,0.0000,0.0000,0.0000,-3.1261,-0.1977,0.2299,0.0082,0.0020,0.0126
1774945197.6522,0.0000,0.0000,0.0000,0.0000,0.0000,-3.1261,-0.1968,-15.2973,-0.0365,0.0361,-0.0215
1774945197.6723,0.0000,0.0000,0.0000,0.0000,0.0000,-3.1267,-0.1968,-57.7360,0.0295,0.0521,-0.0364
1774945197.6918,0.0000,0.0000,0.0000,0.0000,0.0000,-3.1259,-0.1990,-8.5927,-0.0322,0.1299,-0.0322
1774945197.7121,0.0000,0.0000,0.0000,0.0000,0.0000,-3.1262,-0.1984,-0.5119,-0.0216,0.0809,-0.0269
1774945197.7318,0.0000,0.0000,0.0000,0.0000,0.0000,-3.1241,-0.1999,-0.3321,0.0572,0.0692,-0.0109
1774945197.7521,0.0000,0.0000,0.0000,0.0000,0.0000,-3.1257,-0.2039,54.8602,0.0253,0.1107,0.0136
1774945197.7716,0.0000,0.0000,0.0000,0.0000,0.0000,-3.1284,-0.2070,87.1232,-0.0205,0.0702,0.0232
1774945197.7919,0.0000,0.0000,0.0000,0.0000,0.0000,-3.1271,-0.2099,10.5663,0.0125,0.0596,0.0296
1774945197.8117,0.0000,0.0000,0.0000,0.0000,0.0000,-3.1250,-0.2111,-17.1725,0.0040,0.0287,-0.0087
1774945197.8313,0.0000,0.0000,0.0000,0.0000,0.0000,-3.1260,-0.2134,-39.4089,-0.0546,0.0457,-0.0279
1774945197.8513,0.0000,0.0000,0.0000,0.0000,0.0000,-3.1242,-0.2154,-12.0202,-0.0227,0.0479,-0.0354
1774945197.8719,0.0000,0.0000,0.0000,0.0000,0.0000,-3.1227,-0.2149,59.2564,0.0040,0.0063,-0.0311
1774945197.8923,0.0000,0.0000,0.0000,0.0000,0.0000,-3.1234,-0.2161,-60.8154,0.0285,0.0244,-0.0215
1774945197.9115,0.0000,0.0000,0.0000,0.0000,0.0000,-3.1261,-0.2176,48.9551,-0.0013,0.0202,-0.0066
1774945197.9313,0.0000,0.0000,0.0000,0.0000,0.0000,-3.1278,-0.2184,37.4319,0.0306,-0.0320,0.0307
1774945197.9514,0.0000,0.0000,0.0000,0.0000,0.0000,-3.1278,-0.2210,-31.7861,0.0189,-0.0267,0.0349
1774945197.9715,0.0000,0.0000,0.0000,0.0000,0.0000,-3.1274,-0.2218,2.9129,-0.0248,-0.0555,0.0179
1774945197.9915,0.0000,0.0000,0.0000,0.0000,0.0000,-3.1258,-0.2208,-27.0958,0.0050,-0.0853,-0.0130
1774945198.0113,0.0000,0.0000,0.0000,0.0000,0.0000,-3.1242,-0.2203,3.1303,-0.0216,-0.0896,-0.0258
1774945198.0313,0.0000,0.0000,0.0000,0.0000,0.0000,-3.1231,-0.2180,-44.4932,-0.0173,-0.1258,-0.0279
1774945198.0514,0.0000,0.0000,0.0000,0.0000,0.0000,-3.1211,-0.2159,-42.5257,0.0295,-0.0853,-0.0279
1774945198.0714,0.0000,0.0000,0.0000,0.0000,0.0000,-3.1242,-0.2157,27.4960,-0.0269,-0.0565,-0.0194
1774945198.0917,0.0000,0.0000,0.0000,0.0000,0.0000,-3.1242,-0.2135,18.9964,-0.0397,-0.0874,-0.0098
1774945198.1114,0.0000,0.0000,0.0000,0.0000,0.0000,-3.1231,-0.2128,-0.4524,-0.0109,-0.0587,0.0019
1774945198.1314,0.0000,0.0000,0.0000,0.0000,0.0000,-3.1221,-0.2118,-94.5556,0.0178,-0.0502,-0.0055
1774945198.1515,0.0000,0.0000,0.0000,0.0000,0.0000,-3.1220,-0.2129,-28.2028,-0.0290,-0.0182,-0.0162
1774945198.1712,0.0000,0.0000,0.0000,0.0000,0.0000,-3.1232,-0.2115,-44.0979,-0.0397,-0.0757,-0.0130
1774945198.1912,0.0000,0.0000,0.0000,0.0000,0.0000,-3.1240,-0.2112,-81.8846,0.0146,-0.0523,-0.0258
1774945198.2111,0.0000,0.0000,0.0000,0.0000,0.0000,-3.1247,-0.2096,-7.2072,-0.0120,-0.0150,-0.0194
1774945198.2314,0.0000,0.0000,0.0000,0.0000,0.0000,-3.1265,-0.2100,-5.9931,-0.0514,0.0287,-0.0055
1774945198.2514,0.0000,0.0000,0.0000,0.0000,0.0000,-3.1254,-0.2084,-51.5311,0.0168,-0.0214,-0.0141
1774945198.2729,0.0000,0.0000,0.0000,0.0000,0.0000,-3.1278,-0.2081,142.9616,-0.0077,0.0116,-0.0194
1774945198.2917,0.0000,0.0000,0.0000,0.0000,0.0000,-3.1299,-0.2061,-7.2227,-0.0045,-0.0331,0.0158
1774945198.3117,0.0000,0.0000,0.0000,0.0000,0.0000,-3.1311,-0.2025,-94.9749,0.0317,-0.0129,-0.0045
1774945198.3315,0.0000,0.0000,0.0000,0.0000,0.0000,-3.1328,-0.2009,22.4725,0.0040,0.0564,0.0147
1774945198.3520,0.0000,0.0000,0.0000,0.0000,0.0000,-3.1322,-0.2018,85.7417,-0.0163,0.0777,-0.0130
1774945198.3712,0.0000,0.0000,0.0000,0.0000,0.0000,-3.1314,-0.2009,54.9599,0.0168,0.0937,-0.0077
1774945198.3922,0.0000,0.0000,0.0000,0.0000,0.0000,-3.1320,-0.2008,72.8482,0.0221,0.0777,-0.0258
1774945198.4115,0.0000,0.0000,0.0000,0.0000,0.0000,-3.1311,-0.2004,56.4590,-0.0045,0.0681,0.0019
1774945198.4319,0.0000,0.0000,0.0000,0.0000,0.0000,-3.1323,-0.2009,-56.3823,0.0956,0.0638,-0.0055
1774945198.4516,0.0000,0.0000,0.0000,0.0000,0.0000,-3.1323,-0.2015,-18.1529,0.0754,0.0542,-0.0034
1774945198.4712,0.0000,0.0000,0.0000,0.0000,0.0000,-3.1314,-0.2039,-66.5186,0.0562,0.1043,0.0115
1774945198.4927,0.0000,0.0000,0.0000,0.0000,0.0000,-3.1307,-0.2051,17.7108,0.0487,0.0617,-0.0024
1774945198.5113,0.0000,0.0000,0.0000,0.0000,0.0000,-3.1282,-0.2061,27.3882,0.0498,0.0361,0.0040
1774945198.5328,0.0000,0.0000,0.0000,0.0000,0.0000,-3.1281,-0.2055,-108.8445,0.0604,0.0244,0.0094
1774945198.5515,0.0000,0.0000,0.0000,0.0000,0.0000,-3.1262,-0.2070,16.6382,0.0370,0.0574,-0.0024
1774945198.5712,0.0000,0.0000,0.0000,0.0000,0.0000,-3.1234,-0.2060,21.7462,0.0349,0.0074,0.0051
1774945198.5913,0.0000,0.0000,0.0000,0.0000,0.0000,-3.1208,-0.2056,-59.3565,0.0679,0.0116,-0.0130
1774945198.6112,0.0000,0.0000,0.0000,0.0000,0.0000,-3.1215,-0.2057,34.6507,0.0114,0.0148,-0.0237
1774945198.6317,0.0000,0.0000,0.0000,0.0000,0.0000,-3.1208,-0.2050,8.8176,-0.0322,0.0010,-0.0258
1774945198.6522,0.0000,0.0000,0.0000,0.0000,0.0000,-3.1204,-0.2049,20.7729,-0.0152,0.0532,-0.0077
1774945198.6714,0.0000,0.0000,0.0000,0.0000,0.0000,-3.1169,-0.2036,-11.9964,0.0349,0.0202,-0.0194
1774945198.6912,0.0000,0.0000,0.0000,0.0000,0.0000,-3.1191,-0.2046,40.2729,0.0082,-0.0001,-0.0130
1774945198.7114,0.0000,0.0000,0.0000,0.0000,0.0000,-3.1208,-0.2025,-7.3092,-0.0077,-0.0012,0.0115
1774945198.7313,0.0000,0.0000,0.0000,0.0000,0.0000,-3.1202,-0.2033,-3.9654,-0.0003,0.0148,0.0030
1774945198.7522,0.0000,0.0000,0.0000,0.0000,0.0000,-3.1195,-0.2023,-43.3825,0.0178,-0.0033,0.0008
1774945198.7712,0.0000,0.0000,0.0000,0.0000,0.0000,-3.1203,-0.2046,26.2110,-0.0184,0.0372,0.0019
1774945198.7919,0.0000,0.0000,0.0000,0.0000,0.0000,-3.1216,-0.2072,-17.6654,-0.0344,0.0095,0.0062
1774945198.8114,0.0000,0.0000,0.0000,0.0000,0.0000,-3.1215,-0.2114,43.1763,-0.0152,0.0436,0.0253
1774945198.8321,0.0000,0.0000,0.0000,0.0000,0.0000,-3.1196,-0.2143,0.0000,0.0210,-0.0789,0.0136
1774945198.8516,0.0000,0.0000,0.0000,0.0000,0.0000,-3.1208,-0.2164,-42.1601,-0.0269,-0.0576,-0.0141
1774945198.8712,0.0000,0.0000,0.0000,0.0000,0.0000,-3.1204,-0.2173,0.0000,0.0125,-0.0161,-0.0215
1774945198.8917,0.0000,0.0000,0.0000,0.0000,0.0000,-3.1192,-0.2185,0.0000,0.0061,-0.0640,-0.0215
1774945198.9112,0.0000,0.0000,0.0000,0.0000,0.0000,-3.1176,-0.2203,0.0000,0.0253,-0.0544,-0.0077
1774945198.9314,0.0000,0.0000,0.0000,0.0000,0.0000,-3.1193,-0.2235,0.0000,-0.0333,0.0329,-0.0045
1774945198.9516,0.0000,0.0000,0.0000,0.0000,0.0000,-3.1209,-0.2259,0.0000,-0.0344,-0.0491,0.0104
1774945198.9714,0.0000,0.0000,0.0000,0.0000,0.0000,-3.1202,-0.2274,0.0000,-0.0227,-0.1119,-0.0162
1774945198.9917,0.0000,0.0000,0.0000,0.0000,0.0000,-3.1212,-0.2257,0.0000,-0.0482,-0.0715,-0.0013
1774945199.0118,0.0000,0.0000,0.0000,0.0000,0.0000,-3.1207,-0.2245,0.0000,-0.0397,-0.1343,-0.0045
1774945199.0316,0.0000,0.0000,0.0000,0.0000,0.0000,-3.1227,-0.2250,0.0000,-0.0248,-0.2057,-0.0183
1774945199.0521,0.0000,0.0000,0.0000,0.0000,0.0000,-3.1253,-0.2216,48.7064,-0.0195,-0.1759,-0.0269
1774945199.0716,0.0000,0.0000,0.0000,0.0000,0.0000,-3.1275,-0.2206,0.0000,-0.0535,-0.1482,-0.0375
1774945199.0923,0.0000,0.0000,0.0000,0.0000,0.0000,-3.1308,-0.2204,0.0000,-0.0503,-0.1822,-0.0322
1774945199.1125,0.0000,0.0000,0.0000,0.0000,0.0000,-3.1305,-0.2205,0.0000,-0.0141,-0.0960,-0.0119
1774945199.1325,0.0000,0.0000,0.0000,0.0000,0.0000,-3.1287,-0.2161,0.0000,-0.0258,-0.0800,-0.0130
1774945199.1525,0.0000,0.0000,0.0000,0.0000,0.0000,-3.1288,-0.2151,0.0000,0.0114,-0.1109,-0.0034
1774945199.1714,0.0000,0.0000,0.0000,0.0000,0.0000,-3.1325,-0.2153,0.0000,-0.0088,-0.0374,0.0019
1774945199.1916,0.0000,0.0000,0.0000,0.0000,0.0000,-3.1343,-0.2150,0.0000,-0.0482,-0.0075,-0.0055
1774945199.2118,0.0000,0.0000,0.0000,0.0000,0.0000,-3.1319,-0.2132,0.0000,-0.0013,0.0042,-0.0215
1774945199.2317,0.0000,0.0000,0.0000,0.0000,0.0000,-3.1339,-0.2140,41.9577,-0.0216,0.0297,-0.0034
1774945199.2514,0.0000,0.0000,0.0000,0.0000,0.0000,-3.1348,-0.2102,0.0000,-0.0045,-0.0267,-0.0055
1774945199.2714,0.0000,0.0000,0.0000,0.0000,0.0000,-3.1345,-0.2074,-115.9659,0.0114,-0.0736,-0.0343
1774945199.2916,0.0000,0.0000,0.0000,0.0000,0.0000,-3.1324,-0.2054,-9.2327,-0.0099,0.0361,-0.0205
1774945199.3115,0.0000,0.0000,0.0000,0.0000,0.0000,-3.1331,-0.2042,66.8252,-0.0216,0.0074,-0.0077
1774945199.3318,0.0000,0.0000,0.0000,0.0000,0.0000,-3.1330,-0.2042,-122.1809,-0.0248,0.0447,-0.0194
1774945199.3530,0.0000,0.0000,0.0000,0.0000,0.0000,-3.1349,-0.2043,-0.6809,-0.0525,0.0670,0.0008
1774945199.3716,0.0000,0.0000,0.0000,0.0000,0.0000,-3.1358,-0.2035,116.6575,0.0200,0.0287,0.0115
1774945199.3929,0.0000,0.0000,0.0000,0.0000,0.0000,-3.1369,-0.2038,-51.0049,0.0136,0.1022,0.0147
1774945199.4113,0.0000,0.0000,0.0000,0.0000,0.0000,-3.1359,-0.2063,-57.4857,0.0264,0.1981,0.0040
1774945199.4314,0.0000,0.0000,0.0000,0.0000,0.0000,-3.1356,-0.2073,21.8573,0.0338,0.1363,0.0094
1774945199.4515,0.0000,0.0000,0.0000,0.0000,0.0000,-3.1361,-0.2098,-124.7139,0.0732,0.1224,-0.0055
1774945199.4712,0.0000,0.0000,0.0000,0.0000,0.0000,-3.1363,-0.2126,22.0521,0.0189,0.1522,0.0040
1774945199.4912,0.0000,0.0000,0.0000,0.0000,0.0000,-3.1351,-0.2138,44.6993,0.0594,0.0606,-0.0013
1774945199.5114,0.0000,0.0000,0.0000,0.0000,0.0000,-3.1330,-0.2129,-50.1735,0.1052,-0.0171,0.0339
1774945199.5315,0.0000,0.0000,0.0000,0.0000,0.0000,-3.1317,-0.2147,4.0846,0.0849,0.0202,0.0243
1774945199.5513,0.0000,0.0000,0.0000,0.0000,0.0000,-3.1288,-0.2143,6.6138,0.0754,0.0063,0.0008
1774945199.5712,0.0000,0.0000,0.0000,0.0000,0.0000,-3.1263,-0.2144,-36.0480,0.0114,-0.0129,-0.0119
1774945199.5913,0.0000,0.0000,0.0000,0.0000,0.0000,-3.1236,-0.2157,-18.7288,-0.0205,0.0010,-0.0279
1774945199.6113,0.0000,0.0000,0.0000,0.0000,0.0000,-3.1223,-0.2156,-66.0272,0.0050,0.0031,-0.0215
1774945199.6314,0.0000,0.0000,0.0000,0.0000,0.0000,-3.1219,-0.2164,-19.0568,0.0264,-0.0129,-0.0119
1774945199.6514,0.0000,0.0000,0.0000,0.0000,0.0000,-3.1214,-0.2139,-46.2305,-0.0216,0.0148,-0.0002
1774945199.6712,0.0000,0.0000,0.0000,0.0000,0.0000,-3.1230,-0.2103,-22.1945,-0.0024,-0.0075,-0.0034
1774945199.6915,0.0000,0.0000,0.0000,0.0000,0.0000,-3.1224,-0.2081,37.1344,0.0264,-0.0022,-0.0119
1774945199.7113,0.0000,0.0000,0.0000,0.0000,0.0000,-3.1258,-0.2063,1.4703,-0.0280,-0.0150,-0.0013
1774945199.7318,0.0000,0.0000,0.0000,0.0000,0.0000,-3.1250,-0.2036,30.4281,-0.0695,-0.0139,-0.0290
1774945199.7512,0.0000,0.0000,0.0000,0.0000,0.0000,-3.1250,-0.2008,14.9569,-0.0653,-0.0299,-0.0428
1774945199.7712,0.0000,0.0000,0.0000,0.0000,0.0000,-3.1257,-0.1994,41.2741,-0.0003,0.0116,-0.0226
1774945199.7916,0.0000,0.0000,0.0000,0.0000,0.0000,-3.1262,-0.1990,64.2372,-0.0344,0.0223,-0.0002
1774945199.8114,0.0000,0.0000,0.0000,0.0000,0.0000,-3.1273,-0.2000,-83.8633,-0.0099,0.0447,-0.0077
1774945199.8317,0.0000,0.0000,0.0000,0.0000,0.0000,-3.1267,-0.1995,-99.0695,0.0146,0.0212,-0.0194
1774945199.8516,0.0000,0.0000,0.0000,0.0000,0.0000,-3.1281,-0.2006,28.8177,-0.0322,0.0532,-0.0087
1774945199.8713,0.0000,0.0000,0.0000,0.0000,0.0000,-3.1272,-0.2041,21.7316,-0.0088,0.0851,-0.0162
1774945199.8925,0.0000,0.0000,0.0000,0.0000,0.0000,-3.1269,-0.2049,-78.2368,0.0104,0.0851,-0.0130
1774945199.9122,0.0000,0.0000,0.0000,0.0000,0.0000,-3.1262,-0.2085,-54.9698,-0.0184,0.0553,0.0062
1774945199.9313,0.0000,0.0000,0.0000,0.0000,0.0000,-3.1286,-0.2121,-52.0318,-0.0088,0.0969,0.0094
1774945199.9521,0.0000,0.0000,0.0000,0.0000,0.0000,-3.1297,-0.2142,34.9453,0.0061,0.0468,0.0243
1774945199.9718,0.0000,0.0000,0.0000,0.0000,0.0000,-3.1298,-0.2165,-100.5962,0.0423,-0.0512,-0.0024
1774945199.9914,0.0000,0.0000,0.0000,0.0000,0.0000,-3.1311,-0.2182,-33.2705,-0.0354,0.0127,0.0072
1774945200.0118,0.0000,0.0000,0.0000,0.0000,0.0000,-3.1301,-0.2221,12.0161,-0.0152,0.0340,-0.0141
1774945200.0313,0.0000,0.0000,0.0000,0.0000,0.0000,-3.1278,-0.2247,86.8589,-0.0024,-0.0257,-0.0002
1774945200.0512,0.0000,0.0000,0.0000,0.0000,0.0000,-3.1276,-0.2259,-26.6411,0.0391,-0.1024,-0.0087
1774945200.0715,0.0000,0.0000,0.0000,0.0000,0.0000,-3.1287,-0.2271,39.3527,0.0168,-0.0949,0.0008
1774945200.0922,0.0000,0.0000,0.0000,0.0000,0.0000,-3.1284,-0.2260,-4.7812,-0.0131,-0.1173,-0.0183
1774945200.1113,0.0000,0.0000,0.0000,0.0000,0.0000,-3.1277,-0.2231,-88.0111,0.0146,-0.1705,0.0062
1774945200.1316,0.0000,0.0000,0.0000,0.0000,0.0000,-3.1271,-0.2237,52.9340,0.0455,-0.1034,-0.0024
1774945200.1515,0.0000,0.0000,0.0000,0.0000,0.0000,-3.1276,-0.2194,-13.2320,0.0253,-0.1737,-0.0087
1774945200.1720,0.0000,0.0000,0.0000,0.0000,0.0000,-3.1266,-0.2162,-35.3731,0.0178,-0.2089,0.0019
1774945200.1914,0.0000,0.0000,0.0000,0.0000,0.0000,-3.1286,-0.2152,12.2032,0.0114,-0.1599,0.0008
1774945200.2112,0.0000,0.0000,0.0000,0.0000,0.0000,-3.1279,-0.2144,-45.5241,0.0146,-0.0736,-0.0055
1774945200.2313,0.0000,0.0000,0.0000,0.0000,0.0000,-3.1264,-0.2128,-50.3532,0.0338,-0.0768,-0.0002
1774945200.2515,0.0000,0.0000,0.0000,0.0000,0.0000,-3.1290,-0.2138,-12.0814,-0.0248,-0.0214,-0.0098
1774945200.2716,0.0000,0.0000,0.0000,0.0000,0.0000,-3.1285,-0.2126,39.6600,-0.0141,-0.0448,-0.0226
1774945200.2925,0.0000,0.0000,0.0000,0.0000,0.0000,-3.1282,-0.2107,-27.4803,-0.0290,-0.0651,-0.0109
1774945200.3120,0.0000,0.0000,0.0000,0.0000,0.0000,-3.1270,-0.2126,10.7078,-0.0663,0.0329,-0.0130
1774945200.3318,0.0000,0.0000,0.0000,0.0000,0.0000,-3.1266,-0.2111,-59.3376,-0.0322,0.0457,-0.0311
1774945200.3514,0.0000,0.0000,0.0000,0.0000,0.0000,-3.1261,-0.2077,-18.2857,-0.0099,-0.0438,-0.0215
1774945200.3715,0.0000,0.0000,0.0000,0.0000,0.0000,-3.1286,-0.2061,77.9771,-0.0440,-0.0054,-0.0354
1774945200.3920,0.0000,0.0000,0.0000,0.0000,0.0000,-3.1311,-0.2047,1.1992,-0.0141,0.0425,-0.0237
1774945200.4113,0.0000,0.0000,0.0000,0.0000,0.0000,-3.1309,-0.2047,-28.4052,-0.0131,0.0692,-0.0173
1774945200.4315,0.0000,0.0000,0.0000,0.0000,0.0000,-3.1312,-0.2070,-18.8336,-0.0184,0.1032,0.0136
1774945200.4511,0.0000,0.0000,0.0000,0.0000,0.0000,-3.1308,-0.2076,-49.4973,0.0093,0.1011,0.0072
1774945200.4712,0.0000,0.0000,0.0000,0.0000,0.0000,-3.1310,-0.2073,11.7144,0.0264,0.0532,0.0083
1774945200.4911,0.0000,0.0000,0.0000,0.0000,0.0000,-3.1322,-0.2073,-45.0984,0.0146,0.0447,0.0211
1774945200.5112,0.0000,0.0000,0.0000,0.0000,0.0000,-3.1329,-0.2090,-65.8124,0.0306,0.0734,0.0040
1774945200.5316,0.0000,0.0000,0.0000,0.0000,0.0000,-3.1326,-0.2129,-25.4151,0.0232,0.0766,0.0030
1774945200.5514,0.0000,0.0000,0.0000,0.0000,0.0000,-3.1311,-0.2158,1.9939,0.0125,0.0510,0.0147
1774945200.5713,0.0000,0.0000,0.0000,0.0000,0.0000,-3.1296,-0.2179,31.5095,0.0168,-0.0033,-0.0024
1774945200.5912,0.0000,0.0000,0.0000,0.0000,0.0000,-3.1282,-0.2210,-4.5622,0.0391,0.0042,-0.0109
1774945200.6114,0.0000,0.0000,0.0000,0.0000,0.0000,-3.1277,-0.2225,13.9757,0.0157,-0.0139,-0.0109
1774945200.6313,0.0000,0.0000,0.0000,0.0000,0.0000,-3.1289,-0.2223,33.0309,0.0029,-0.0012,-0.0024
1774945200.6514,0.0000,0.0000,0.0000,0.0000,0.0000,-3.1273,-0.2214,-19.2490,0.0743,-0.0043,-0.0141
1774945200.6718,0.0000,0.0000,0.0000,0.0000,0.0000,-3.1283,-0.2192,-0.4497,0.0019,-0.0288,-0.0087
1774945200.6913,0.0000,0.0000,0.0000,0.0000,0.0000,-3.1275,-0.2169,9.5487,0.0189,-0.0384,-0.0141
1774945200.7118,0.0000,0.0000,0.0000,0.0000,0.0000,-3.1276,-0.2166,-46.6052,0.0327,0.0287,-0.0183
1774945200.7316,0.0000,0.0000,0.0000,0.0000,0.0000,-3.1281,-0.2153,48.7998,-0.0120,-0.0310,0.0030
1774945200.7513,0.0000,0.0000,0.0000,0.0000,0.0000,-3.1256,-0.2139,-24.9956,-0.0173,-0.0491,-0.0109
1774945200.7713,0.0000,0.0000,0.0000,0.0000,0.0000,-3.1239,-0.2113,52.3627,-0.0312,-0.0139,-0.0034
1774945200.7913,0.0000,0.0000,0.0000,0.0000,0.0000,-3.1226,-0.2106,30.2666,-0.0248,-0.0043,-0.0066
1774945200.8112,0.0000,0.0000,0.0000,0.0000,0.0000,-3.1223,-0.2119,-62.5365,-0.0045,0.0031,-0.0109
1774945200.8313,0.0000,0.0000,0.0000,0.0000,0.0000,-3.1239,-0.2129,-14.1647,0.0114,0.0020,-0.0151
1774945200.8513,0.0000,0.0000,0.0000,0.0000,0.0000,-3.1264,-0.2105,-60.6448,0.0530,-0.0779,-0.0034
1774945200.8713,0.0000,0.0000,0.0000,0.0000,0.0000,-3.1291,-0.2127,-45.6921,-0.0067,-0.0299,0.0168
1774945200.8915,0.0000,0.0000,0.0000,0.0000,0.0000,-3.1309,-0.2145,-26.7724,0.0157,0.0138,0.0126
1774945200.9113,0.0000,0.0000,0.0000,0.0000,0.0000,-3.1289,-0.2155,-27.1148,0.0381,0.0170,0.0104
1774945200.9318,0.0000,0.0000,0.0000,0.0000,0.0000,-3.1283,-0.2175,-27.7104,-0.0258,0.0084,0.0008
1774945200.9514,0.0000,0.0000,0.0000,0.0000,0.0000,-3.1277,-0.2169,-59.8901,-0.0440,-0.0139,-0.0194
1774945200.9713,0.0000,0.0000,0.0000,0.0000,0.0000,-3.1242,-0.2151,-38.9797,0.0253,-0.0246,-0.0279
1774945200.9915,0.0000,0.0000,0.0000,0.0000,0.0000,-3.1245,-0.2149,88.9787,0.0082,-0.0299,-0.0269
1774945201.0117,0.0000,0.0000,0.0000,0.0000,0.0000,-3.1250,-0.2130,-57.1199,-0.0035,0.0010,-0.0269
1774945201.0317,0.0000,0.0000,0.0000,0.0000,0.0000,-3.1228,-0.2128,59.9301,0.0317,-0.0065,-0.0077
1774945201.0513,0.0000,0.0000,0.0000,0.0000,0.0000,-3.1229,-0.2115,-13.9188,-0.0163,-0.0533,-0.0130
1774945201.0713,0.0000,0.0000,0.0000,0.0000,0.0000,-3.1237,-0.2116,-72.4790,-0.0514,-0.0299,0.0104
1774945201.0921,0.0000,0.0000,0.0000,0.0000,0.0000,-3.1231,-0.2111,-43.0189,-0.0333,-0.0395,-0.0055
1774945201.1113,0.0000,0.0000,0.0000,0.0000,0.0000,-3.1253,-0.2112,-57.5004,-0.0099,0.0170,0.0126
1774945201.1314,0.0000,0.0000,0.0000,0.0000,0.0000,-3.1250,-0.2138,0.5008,0.0626,0.0510,0.0115
1774945201.1512,0.0000,0.0000,0.0000,0.0000,0.0000,-3.1265,-0.2159,30.1871,0.0327,-0.0246,0.0008
1774945201.1715,0.0000,0.0000,0.0000,0.0000,0.0000,-3.1262,-0.2163,-31.0542,-0.0003,-0.0342,0.0008
1774945201.1913,0.0000,0.0000,0.0000,0.0000,0.0000,-3.1270,-0.2183,44.3339,-0.0514,-0.0065,-0.0194
1774945201.2120,0.0000,0.0000,0.0000,0.0000,0.0000,-3.1258,-0.2186,35.8392,-0.0248,-0.0161,-0.0439
1774945201.2318,0.0000,0.0000,0.0000,0.0000,0.0000,-3.1268,-0.2188,64.4127,0.0040,0.0340,-0.0034
1774945201.2513,0.0000,0.0000,0.0000,0.0000,0.0000,-3.1265,-0.2185,-16.6466,0.0210,-0.0342,-0.0077
1774945201.2719,0.0000,0.0000,0.0000,0.0000,0.0000,-3.1263,-0.2183,-63.7155,-0.0152,-0.0608,-0.0205
1774945201.2914,0.0000,0.0000,0.0000,0.0000,0.0000,-3.1263,-0.2185,-30.8118,-0.0450,0.0276,-0.0034
1774945201.3114,0.0000,0.0000,0.0000,0.0000,0.0000,-3.1263,-0.2172,-18.3236,-0.0322,-0.0022,-0.0141
1774945201.3314,0.0000,0.0000,0.0000,0.0000,0.0000,-3.1259,-0.2143,-9.4245,-0.0290,-0.0523,-0.0332
1774945201.3517,0.0000,0.0000,0.0000,0.0000,0.0000,-3.1278,-0.2125,36.1776,-0.0237,0.0138,-0.0247
1774945201.3714,0.0000,0.0000,0.0000,0.0000,0.0000,-3.1293,-0.2103,25.5034,0.0082,-0.0001,-0.0066
1774945201.3914,0.0000,0.0000,0.0000,0.0000,0.0000,-3.1311,-0.2075,-94.7547,0.0232,0.0106,0.0040
1774945201.4114,0.0000,0.0000,0.0000,0.0000,0.0000,-3.1341,-0.2065,30.1592,-0.0013,0.0692,0.0158
1774945201.4314,0.0000,0.0000,0.0000,0.0000,0.0000,-3.1344,-0.2031,0.0000,0.0178,0.0329,0.0179
1774945201.4515,0.0000,0.0000,0.0000,0.0000,0.0000,-3.1343,-0.2026,0.0000,0.0317,-0.0587,-0.0013
1774945201.4715,0.0000,0.0000,0.0000,0.0000,0.0000,-3.1338,-0.2041,0.0000,0.0477,0.0585,-0.0087
1774945201.4913,0.0000,0.0000,0.0000,0.0000,0.0000,-3.1372,-0.2057,0.0000,0.0253,0.0510,-0.0077
1774945201.5114,0.0000,0.0000,0.0000,0.0000,0.0000,-3.1344,-0.2091,0.0000,0.0189,0.0116,-0.0066
1774945201.5318,0.0000,0.0000,0.0000,0.0000,0.0000,-3.1334,-0.2109,0.0000,0.0604,0.0393,0.0147
1774945201.5515,0.0000,0.0000,0.0000,0.0000,0.0000,-3.1308,-0.2121,12.7888,0.0509,0.0585,0.0136
1774945201.5716,0.0000,0.0000,0.0000,0.0000,0.0000,-3.1300,-0.2123,0.0000,0.0466,-0.0118,0.0019
1774945201.5920,0.0000,0.0000,0.0000,0.0000,0.0000,-3.1291,-0.2164,0.0000,0.0413,-0.0075,-0.0045
1774945201.6113,0.0000,0.0000,0.0000,0.0000,0.0000,-3.1310,-0.2197,0.0000,0.0093,0.0532,-0.0013
1774945201.6317,0.0000,0.0000,0.0000,0.0000,0.0000,-3.1308,-0.2197,0.0000,-0.0152,0.0127,-0.0002
1774945201.6512,0.0000,0.0000,0.0000,0.0000,0.0000,-3.1267,-0.2198,0.0000,0.0306,-0.0715,-0.0258
1774945201.6714,0.0000,0.0000,0.0000,0.0000,0.0000,-3.1272,-0.2178,0.0000,0.0849,0.0212,-0.0087
1774945201.6918,0.0000,0.0000,0.0000,0.0000,0.0000,-3.1300,-0.2177,0.0000,0.0136,-0.0331,-0.0130
1774945201.7113,0.0000,0.0000,0.0000,0.0000,0.0000,-3.1298,-0.2161,0.0000,-0.0056,0.0042,-0.0205
1774945201.7315,0.0000,0.0000,0.0000,0.0000,0.0000,-3.1309,-0.2169,0.0000,0.0082,0.0170,-0.0183
1774945201.7516,0.0000,0.0000,0.0000,0.0000,0.0000,-3.1300,-0.2161,0.0000,-0.0216,-0.0470,-0.0098
1774945201.7712,0.0000,0.0000,0.0000,0.0000,0.0000,-3.1303,-0.2150,0.0000,-0.0578,-0.0480,-0.0237
1774945201.7916,0.0000,0.0000,0.0000,0.0000,0.0000,-3.1277,-0.2146,0.0000,-0.0322,-0.0139,-0.0237
1774945201.8113,0.0000,0.0000,0.0000,0.0000,0.0000,-3.1275,-0.2126,0.0000,-0.0109,0.0116,-0.0077
1774945201.8316,0.0000,0.0000,0.0000,0.0000,0.0000,-3.1292,-0.2091,0.0000,0.0264,-0.0193,0.0104
1774945201.8516,0.0000,0.0000,0.0000,0.0000,0.0000,-3.1309,-0.2074,5.0642,0.0274,-0.0193,-0.0055
1774945201.8714,0.0000,0.0000,0.0000,0.0000,0.0000,-3.1342,-0.2068,-99.9256,0.0200,-0.0299,-0.0183
1774945201.8916,0.0000,0.0000,0.0000,0.0000,0.0000,-3.1353,-0.2069,-12.9095,0.0050,0.0319,-0.0087
1774945201.9113,0.0000,0.0000,0.0000,0.0000,0.0000,-3.1359,-0.2086,14.1500,0.0200,0.0713,-0.0109
1774945201.9314,0.0000,0.0000,0.0000,0.0000,0.0000,-3.1351,-0.2097,30.8929,0.0146,0.0713,0.0115
1774945201.9513,0.0000,0.0000,0.0000,0.0000,0.0000,-3.1347,-0.2124,-22.3467,0.0072,0.0755,0.0339
1774945201.9721,0.0000,0.0000,0.0000,0.0000,0.0000,-3.1339,-0.2146,4.0434,0.0487,0.0159,0.0307
1774945201.9917,0.0000,0.0000,0.0000,0.0000,0.0000,-3.1316,-0.2160,26.0400,0.0700,-0.0097,0.0307
1774945202.0115,0.0000,0.0000,0.0000,0.0000,0.0000,-3.1300,-0.2170,19.0495,-0.0099,0.0063,-0.0066
1774945202.0318,0.0000,0.0000,0.0000,0.0000,0.0000,-3.1288,-0.2199,34.1142,-0.0535,0.0372,-0.0354
1774945202.0515,0.0000,0.0000,0.0000,0.0000,0.0000,-3.1275,-0.2201,20.1185,-0.0227,-0.0118,-0.0311
1774945202.0713,0.0000,0.0000,0.0000,0.0000,0.0000,-3.1248,-0.2229,-23.2909,0.0189,-0.0278,-0.0173
1774945202.0916,0.0000,0.0000,0.0000,0.0000,0.0000,-3.1267,-0.2247,-42.4386,-0.0109,-0.0171,0.0030
1774945202.1113,0.0000,0.0000,0.0000,0.0000,0.0000,-3.1283,-0.2268,44.5921,-0.0312,-0.0384,0.0062
1774945202.1316,0.0000,0.0000,0.0000,0.0000,0.0000,-3.1264,-0.2281,12.5197,0.0146,-0.0683,0.0136
1774945202.1515,0.0000,0.0000,0.0000,0.0000,0.0000,-3.1283,-0.2284,55.8256,0.0019,-0.0810,0.0083
1774945202.1717,0.0000,0.0000,0.0000,0.0000,0.0000,-3.1267,-0.2270,-8.5893,-0.0173,-0.1279,-0.0151
1774945202.1915,0.0000,0.0000,0.0000,0.0000,0.0000,-3.1239,-0.2269,18.9672,0.0178,-0.1471,-0.0226
1774945202.2114,0.0000,0.0000,0.0000,0.0000,0.0000,-3.1253,-0.2249,-7.3467,0.0178,-0.1535,-0.0066
1774945202.2316,0.0000,0.0000,0.0000,0.0000,0.0000,-3.1263,-0.2230,32.9161,-0.0408,-0.1024,-0.0151
1774945202.2516,0.0000,0.0000,0.0000,0.0000,0.0000,-3.1245,-0.2213,65.2115,-0.0003,-0.0810,-0.0024
1774945202.2714,0.0000,0.0000,0.0000,0.0000,0.0000,-3.1248,-0.2198,-30.4510,-0.0099,-0.0779,-0.0098
1774945202.2912,0.0000,0.0000,0.0000,0.0000,0.0000,-3.1247,-0.2181,27.3936,-0.0589,-0.1098,-0.0077
1774945202.3112,0.0000,0.0000,0.0000,0.0000,0.0000,-3.1238,-0.2182,31.5166,-0.0557,-0.0821,-0.0087
1774945202.3314,0.0000,0.0000,0.0000,0.0000,0.0000,-3.1252,-0.2195,35.4632,-0.0525,-0.0288,-0.0066
1774945202.3512,0.0000,0.0000,0.0000,0.0000,0.0000,-3.1257,-0.2189,-16.9588,-0.0589,-0.0544,-0.0130
1774945202.3722,0.0000,0.0000,0.0000,0.0000,0.0000,-3.1259,-0.2181,-33.1420,-0.0195,-0.0565,-0.0162
1774945202.3916,0.0000,0.0000,0.0000,0.0000,0.0000,-3.1290,-0.2187,9.0152,-0.0035,0.0063,-0.0247
1774945202.4113,0.0000,0.0000,0.0000,0.0000,0.0000,-3.1308,-0.2195,-14.3147,-0.0322,0.0127,-0.0194
1774945202.4314,0.0000,0.0000,0.0000,0.0000,0.0000,-3.1323,-0.2188,47.1215,0.0253,-0.0012,-0.0077
1774945202.4514,0.0000,0.0000,0.0000,0.0000,0.0000,-3.1334,-0.2167,0.3422,0.0050,-0.0033,0.0008
1774945202.4715,0.0000,0.0000,0.0000,0.0000,0.0000,-3.1342,-0.2146,-106.0896,0.0540,-0.0246,-0.0055
1774945202.4920,0.0000,0.0000,0.0000,0.0000,0.0000,-3.1336,-0.2129,-52.1258,0.0679,-0.0097,0.0072
1774945202.5113,0.0000,0.0000,0.0000,0.0000,0.0000,-3.1348,-0.2108,32.0302,0.0210,-0.0001,0.0040
1774945202.5324,0.0000,0.0000,0.0000,0.0000,0.0000,-3.1316,-0.2096,-61.9662,0.0242,-0.0299,-0.0034
1774945202.5514,0.0000,0.0000,0.0000,0.0000,0.0000,-3.1283,-0.2107,-41.8231,0.0221,0.0244,-0.0066
1774945202.5714,0.0000,0.0000,0.0000,0.0000,0.0000,-3.1283,-0.2120,35.1194,-0.0024,0.1000,-0.0162
1774945202.5914,0.0000,0.0000,0.0000,0.0000,0.0000,-3.1271,-0.2130,-17.3780,0.0040,0.0734,-0.0119
1774945202.6115,0.0000,0.0000,0.0000,0.0000,0.0000,-3.1265,-0.2140,-26.7349,0.0146,0.0319,0.0040
1774945202.6320,0.0000,0.0000,0.0000,0.0000,0.0000,-3.1294,-0.2160,-24.2682,0.0232,0.0851,0.0264
1774945202.6515,0.0000,0.0000,0.0000,0.0000,0.0000,-3.1290,-0.2180,41.8613,0.0178,0.0191,0.0243
1774945202.6713,0.0000,0.0000,0.0000,0.0000,0.0000,-3.1280,-0.2207,-119.0790,0.0327,-0.0395,0.0221
1774945202.6921,0.0000,0.0000,0.0000,0.0000,0.0000,-3.1283,-0.2225,-54.0346,0.0050,0.0606,0.0062
1774945202.7125,0.0000,0.0000,0.0000,0.0000,0.0000,-3.1262,-0.2225,-20.4782,-0.0035,-0.0086,-0.0077
1774945202.7316,0.0000,0.0000,0.0000,0.0000,0.0000,-3.1248,-0.2240,-6.9248,0.0008,-0.0448,-0.0290
1774945202.7513,0.0000,0.0000,0.0000,0.0000,0.0000,-3.1245,-0.2232,42.3759,0.0327,-0.0363,-0.0151
1774945202.7714,0.0000,0.0000,0.0000,0.0000,0.0000,-3.1230,-0.2231,-26.7150,0.0466,-0.0384,-0.0013
1774945202.7914,0.0000,0.0000,0.0000,0.0000,0.0000,-3.1224,-0.2223,-128.3149,0.0168,-0.0715,-0.0013
1774945202.8113,0.0000,0.0000,0.0000,0.0000,0.0000,-3.1228,-0.2212,-86.4193,-0.0077,-0.0512,-0.0045
1774945202.8316,0.0000,0.0000,0.0000,0.0000,0.0000,-3.1230,-0.2200,19.5068,-0.0141,-0.0619,-0.0034
1774945202.8516,0.0000,0.0000,0.0000,0.0000,0.0000,-3.1223,-0.2180,33.9759,-0.0120,-0.1024,-0.0087
1774945202.8713,0.0000,0.0000,0.0000,0.0000,0.0000,-3.1214,-0.2166,51.1459,-0.0354,-0.0384,-0.0194
1774945202.8916,0.0000,0.0000,0.0000,0.0000,0.0000,-3.1216,-0.2143,37.9401,0.0200,-0.0161,-0.0034
1774945202.9113,0.0000,0.0000,0.0000,0.0000,0.0000,-3.1233,-0.2137,-42.7120,0.0125,0.0010,-0.0013
1774945202.9315,0.0000,0.0000,0.0000,0.0000,0.0000,-3.1232,-0.2134,-20.2169,-0.0322,-0.0118,-0.0226
1774945202.9520,0.0000,0.0000,0.0000,0.0000,0.0000,-3.1230,-0.2109,32.8887,-0.0312,-0.0374,-0.0130
1774945202.9716,0.0000,0.0000,0.0000,0.0000,0.0000,-3.1240,-0.2093,-39.8800,-0.0397,-0.0438,-0.0055
1774945202.9916,0.0000,0.0000,0.0000,0.0000,0.0000,-3.1250,-0.2095,-107.4726,0.0061,0.0063,-0.0087
1774945203.0117,0.0000,0.0000,0.0000,0.0000,0.0000,-3.1246,-0.2087,-20.2299,0.0466,0.0212,0.0051
1774945203.0313,0.0000,0.0000,0.0000,0.0000,0.0000,-3.1245,-0.2075,-3.1616,-0.0227,0.0074,-0.0162
1774945203.0514,0.0000,0.0000,0.0000,0.0000,0.0000,-3.1268,-0.2067,-9.1382,-0.0354,0.0233,-0.0194
1774945203.0712,0.0000,0.0000,0.0000,0.0000,0.0000,-3.1278,-0.2050,4.4517,-0.0440,0.0276,-0.0183
1774945203.0915,0.0000,0.0000,0.0000,0.0000,0.0000,-3.1265,-0.2065,-20.5065,-0.0141,0.0191,-0.0194
1774945203.1114,0.0000,0.0000,0.0000,0.0000,0.0000,-3.1273,-0.2079,-67.8738,0.0050,0.0532,-0.0183
1774945203.1312,0.0000,0.0000,0.0000,0.0000,0.0000,-3.1306,-0.2070,-22.8282,-0.0056,0.0521,-0.0024
1774945203.1530,0.0000,0.0000,0.0000,0.0000,0.0000,-3.1297,-0.2062,-61.4482,-0.0077,0.0351,-0.0098
1774945203.1718,0.0000,0.0000,0.0000,0.0000,0.0000,-3.1279,-0.2078,27.7290,-0.0109,0.0425,-0.0098
1774945203.1924,0.0000,0.0000,0.0000,0.0000,0.0000,-3.1292,-0.2074,13.5645,-0.0152,0.0532,-0.0013
1774945203.2116,0.0000,0.0000,0.0000,0.0000,0.0000,-3.1287,-0.2102,31.9402,-0.0067,0.0500,-0.0066
1774945203.2316,0.0000,0.0000,0.0000,0.0000,0.0000,-3.1270,-0.2117,-44.6023,0.0743,0.0308,0.0147
1774945203.2515,0.0000,0.0000,0.0000,0.0000,0.0000,-3.1288,-0.2131,22.6571,0.0093,0.0233,0.0403
1774945203.2715,0.0000,0.0000,0.0000,0.0000,0.0000,-3.1292,-0.2139,73.8085,-0.0088,-0.0150,0.0190
1774945203.2913,0.0000,0.0000,0.0000,0.0000,0.0000,-3.1269,-0.2166,-20.4541,0.0253,0.0383,-0.0258
1774945203.3115,0.0000,0.0000,0.0000,0.0000,0.0000,-3.1266,-0.2174,14.1265,0.0221,0.0457,-0.0141
1774945203.3316,0.0000,0.0000,0.0000,0.0000,0.0000,-3.1253,-0.2170,-49.9335,0.0306,0.0553,-0.0087
1774945203.3517,0.0000,0.0000,0.0000,0.0000,0.0000,-3.1264,-0.2191,-21.9838,0.0349,-0.0107,-0.0034
1774945203.3719,0.0000,0.0000,0.0000,0.0000,0.0000,-3.1261,-0.2187,-47.5347,0.0455,-0.0491,-0.0013
1774945203.3918,0.0000,0.0000,0.0000,0.0000,0.0000,-3.1256,-0.2188,-39.2492,0.0264,-0.0853,-0.0002
1774945203.4112,0.0000,0.0000,0.0000,0.0000,0.0000,-3.1274,-0.2180,-17.7427,-0.0184,-0.0629,0.0040
1774945203.4319,0.0000,0.0000,0.0000,0.0000,0.0000,-3.1246,-0.2179,16.3226,-0.0205,-0.0438,-0.0247
1774945203.4518,0.0000,0.0000,0.0000,0.0000,0.0000,-3.1217,-0.2159,27.5583,0.0423,-0.0395,-0.0098
1774945203.4713,0.0000,0.0000,0.0000,0.0000,0.0000,-3.1230,-0.2162,66.1166,-0.0013,-0.0257,-0.0215
1774945203.4920,0.0000,0.0000,0.0000,0.0000,0.0000,-3.1249,-0.2149,61.8050,-0.0354,-0.0193,-0.0226
1774945203.5114,0.0000,0.0000,0.0000,0.0000,0.0000,-3.1261,-0.2132,102.3295,0.0072,-0.0533,-0.0077
1774945203.5314,0.0000,0.0000,0.0000,0.0000,0.0000,-3.1260,-0.2098,48.5286,0.0306,-0.0981,-0.0183
1774945203.5515,0.0000,0.0000,0.0000,0.0000,0.0000,-3.1273,-0.2061,-59.8492,0.0647,-0.0619,0.0190
1774945203.5712,0.0000,0.0000,0.0000,0.0000,0.0000,-3.1293,-0.2046,-116.2929,0.0487,0.0010,0.0168
1774945203.5923,0.0000,0.0000,0.0000,0.0000,0.0000,-3.1288,-0.2038,-122.9284,-0.0216,0.0393,-0.0066
1774945203.6115,0.0000,0.0000,0.0000,0.0000,0.0000,-3.1259,-0.2031,-16.4319,-0.0067,0.0383,-0.0141
1774945203.6315,0.0000,0.0000,0.0000,0.0000,0.0000,-3.1229,-0.2026,114.4976,-0.0163,0.0052,-0.0247
1774945203.6515,0.0000,0.0000,0.0000,0.0000,0.0000,-3.1219,-0.2019,101.8948,-0.0216,-0.0033,-0.0162
1774945203.6718,0.0000,0.0000,0.0000,0.0000,0.0000,-3.1213,-0.2006,11.4799,0.0285,-0.0075,-0.0045
1774945203.6921,0.0000,0.0000,0.0000,0.0000,0.0000,-3.1223,-0.2017,-106.9441,-0.0141,0.0351,-0.0109
1774945203.7114,0.0000,0.0000,0.0000,0.0000,0.0000,-3.1224,-0.2045,-34.1164,-0.0056,0.0894,-0.0141
1774945203.7312,0.0000,0.0000,0.0000,0.0000,0.0000,-3.1252,-0.2089,11.2232,-0.0216,0.1491,0.0072
1774945203.7512,0.0000,0.0000,0.0000,0.0000,0.0000,-3.1260,-0.2130,86.8541,-0.0312,0.1128,0.0179
1774945203.7717,0.0000,0.0000,0.0000,0.0000,0.0000,-3.1227,-0.2139,-39.6710,0.0136,0.0244,0.0200
1774945203.7917,0.0000,0.0000,0.0000,0.0000,0.0000,-3.1237,-0.2162,-41.8336,-0.0195,0.0223,0.0104
1774945203.8112,0.0000,0.0000,0.0000,0.0000,0.0000,-3.1236,-0.2164,-138.4213,0.0093,-0.0139,-0.0130
1774945203.8320,0.0000,0.0000,0.0000,0.0000,0.0000,-3.1236,-0.2153,-21.4661,-0.0280,-0.0512,-0.0237
1774945203.8514,0.0000,0.0000,0.0000,0.0000,0.0000,-3.1227,-0.2143,16.8585,-0.0386,-0.0416,-0.0535
1774945203.8717,0.0000,0.0000,0.0000,0.0000,0.0000,-3.1210,-0.2150,83.4152,-0.0067,-0.0043,-0.0407
1774945203.8916,0.0000,0.0000,0.0000,0.0000,0.0000,-3.1207,-0.2111,-3.3349,0.0168,-0.0704,-0.0247
1774945203.9116,0.0000,0.0000,0.0000,0.0000,0.0000,-3.1234,-0.2089,-39.5468,0.0050,-0.0384,-0.0013
1774945203.9312,0.0000,0.0000,0.0000,0.0000,0.0000,-3.1239,-0.2033,127.5723,0.0114,-0.0480,0.0168
1774945203.9514,0.0000,0.0000,0.0000,0.0000,0.0000,-3.1256,-0.1990,41.4456,-0.0429,-0.0043,0.0317
1774945203.9718,0.0000,0.0000,0.0000,0.0000,0.0000,-3.1254,-0.1956,-112.6446,0.0221,0.0074,0.0296
1774945203.9918,0.0000,0.0000,0.0000,0.0000,0.0000,-3.1253,-0.1924,-72.7764,0.0019,0.0212,0.0072
1774945204.0123,0.0000,0.0000,0.0000,0.0000,0.0000,-3.1265,-0.1896,-17.2004,-0.0812,0.0329,-0.0247
1774945204.0312,0.0000,0.0000,0.0000,0.0000,0.0000,-3.1271,-0.1887,0.0000,-0.0525,0.0809,-0.0343
1774945204.0518,0.0000,0.0000,0.0000,0.0000,0.0000,-3.1238,-0.1922,103.2364,0.0413,0.1309,-0.0545
1774945204.0714,0.0000,0.0000,0.0000,0.0000,0.0000,-3.1232,-0.1957,-0.6684,-0.0013,0.1714,-0.0343
1774945204.0921,0.0000,0.0000,0.0000,0.0000,0.0000,-3.1257,-0.2034,0.0000,-0.0557,0.1714,-0.0269
1774945204.1113,0.0000,0.0000,0.0000,0.0000,0.0000,-3.1250,-0.2058,0.0000,-0.0067,0.1160,-0.0183
1774945204.1314,0.0000,0.0000,0.0000,0.0000,0.0000,-3.1277,-0.2044,0.0000,-0.0514,0.0542,0.0264
1774945204.1514,0.0000,0.0000,0.0000,0.0000,0.0000,-3.1289,-0.2080,0.0000,-0.0312,0.0894,0.0030
1774945204.1717,0.0000,0.0000,0.0000,0.0000,0.0000,-3.1299,-0.2118,1.9301,-0.0205,0.0905,0.0094
1774945204.1913,0.0000,0.0000,0.0000,0.0000,0.0000,-3.1286,-0.2134,0.0000,0.0572,0.0202,-0.0109
1774945204.2113,0.0000,0.0000,0.0000,0.0000,0.0000,-3.1304,-0.2148,0.0000,0.0423,0.0084,0.0158
1774945204.2316,0.0000,0.0000,0.0000,0.0000,0.0000,-3.1293,-0.2113,0.0000,0.0274,0.0095,-0.0237
1774945204.2512,0.0000,0.0000,0.0000,0.0000,0.0000,-3.1317,-0.2134,0.0000,0.0200,0.0415,-0.0173
1774945204.2713,0.0000,0.0000,0.0000,0.0000,0.0000,-3.1338,-0.2138,0.0000,0.0210,0.0308,0.0104
1774945204.2917,0.0000,0.0000,0.0000,0.0000,0.0000,-3.1321,-0.2178,0.0000,0.0423,-0.0086,0.0136
1774945204.3112,0.0000,0.0000,0.0000,0.0000,0.0000,-3.1319,-0.2197,0.0000,0.0391,-0.0587,0.0424
1774945204.3328,0.0000,0.0000,0.0000,0.0000,0.0000,-3.1297,-0.2220,0.0000,0.0583,-0.0512,0.0541
1774945204.3515,0.0000,0.0000,0.0000,0.0000,0.0000,-3.1266,-0.2231,0.0000,0.0338,-0.0832,0.0147
1774945204.3713,0.0000,0.0000,0.0000,0.0000,0.0000,-3.1252,-0.2219,0.0000,0.0381,-0.1226,-0.0087
1774945204.3919,0.0000,0.0000,0.0000,0.0000,0.0000,-3.1247,-0.2221,-38.7971,0.0551,-0.1567,-0.0055
1774945204.4113,0.0000,0.0000,0.0000,0.0000,0.0000,-3.1223,-0.2204,0.0000,0.0019,-0.1130,-0.0279
1774945204.4312,0.0000,0.0000,0.0000,0.0000,0.0000,-3.1214,-0.2206,0.0000,0.0913,-0.0821,-0.0247
1774945204.4514,0.0000,0.0000,0.0000,0.0000,0.0000,-3.1237,-0.2208,0.0000,0.0157,-0.0470,-0.0055
1774945204.4716,0.0000,0.0000,0.0000,0.0000,0.0000,-3.1248,-0.2206,21.9053,-0.0056,-0.0853,-0.0013
1774945204.4915,0.0000,0.0000,0.0000,0.0000,0.0000,-3.1245,-0.2184,10.0568,0.0455,-0.1226,0.0094
1774945204.5113,0.0000,0.0000,0.0000,0.0000,0.0000,-3.1228,-0.2151,29.4226,0.0285,-0.1545,0.0328
1774945204.5313,0.0000,0.0000,0.0000,0.0000,0.0000,-3.1209,-0.2115,-3.6684,0.0200,-0.1247,0.0179
1774945204.5516,0.0000,0.0000,0.0000,0.0000,0.0000,-3.1196,-0.2089,5.2260,0.0008,-0.0704,-0.0013
1774945204.5715,0.0000,0.0000,0.0000,0.0000,0.0000,-3.1168,-0.2081,-1.7074,-0.0525,-0.0384,-0.0343
1774945204.5916,0.0000,0.0000,0.0000,0.0000,0.0000,-3.1150,-0.2058,-34.4536,-0.0333,-0.0352,-0.1249
1774945204.6112,0.0000,0.0000,0.0000,0.0000,0.0000,-3.1120,-0.2046,-31.1065,0.0658,0.0116,-0.2016
1774945204.6322,0.0000,0.0000,0.0000,0.0000,0.0000,-3.1140,-0.2051,-15.4217,-0.0237,0.0191,-0.2324
1774945204.6514,0.0000,0.0000,0.0000,0.0000,0.0000,-3.1147,-0.2024,3.8846,0.0082,-0.0406,-0.2218
1774945204.6713,0.0000,0.0000,0.0000,0.0000,0.0000,-3.1151,-0.2016,-81.8900,0.0722,-0.0139,-0.2420
1774945204.6913,0.0000,0.0000,0.0000,0.0000,0.0000,-3.1173,-0.2035,-14.0696,0.1297,0.1491,-0.2335
1774945204.7113,0.0000,0.0000,0.0000,0.0000,0.0000,-3.1169,-0.2051,-92.0449,0.1339,0.0553,-0.2346
1774945204.7315,0.0000,0.0000,0.0000,0.0000,0.0000,-3.1173,-0.2069,-16.0134,0.1361,0.1288,-0.2346
1774945204.7514,0.0000,0.0000,0.0000,0.0000,0.0000,-3.1171,-0.2075,30.0871,0.0700,0.0905,-0.2548
1774945204.7713,0.0000,0.0000,0.0000,0.0000,0.0000,-3.1154,-0.2088,86.5137,-0.0077,0.1150,-0.2463
1774945204.7912,0.0000,0.0000,0.0000,0.0000,0.0000,-3.1152,-0.2088,113.2555,0.0274,0.0425,-0.2058
1774945204.8121,0.0000,0.0000,0.0000,0.0000,0.0000,-3.1174,-0.2095,-29.5086,0.1339,0.0841,-0.1579
1774945204.8312,0.0000,0.0000,0.0000,0.0000,0.0000,-3.1179,-0.2106,23.0448,0.1009,0.0404,-0.1376
1774945204.8512,0.0000,0.0000,0.0000,0.0000,0.0000,-3.1178,-0.2124,-23.8834,0.0775,0.0180,-0.1323
1774945204.8713,0.0000,0.0000,0.0000,0.0000,0.0000,-3.1185,-0.2144,-101.1940,0.0242,0.0702,-0.1142
1774945204.8911,0.0000,0.0000,0.0000,0.0000,0.0000,-3.1167,-0.2156,-28.9572,-0.0141,0.0447,-0.1334
1774945204.9114,0.0000,0.0000,0.0000,0.0000,0.0000,-3.1160,-0.2166,45.8729,-0.0695,0.0660,-0.1621
1774945204.9312,0.0000,0.0000,0.0000,0.0000,0.0000,-3.1164,-0.2156,19.6889,-0.0706,0.0095,-0.1643
1774945204.9512,0.0000,0.0000,0.0000,0.0000,0.0000,-3.1188,-0.2154,47.1854,-0.0376,-0.0406,-0.1398
1774945204.9721,0.0000,0.0000,0.0000,0.0000,0.0000,-3.1200,-0.2138,-57.9225,0.0136,-0.0810,-0.1270
1774945204.9922,0.0000,0.0000,0.0000,0.0000,0.0000,-3.1203,-0.2133,-84.6823,0.0381,-0.0757,-0.1227
1774945205.0121,0.0000,0.0000,0.0000,0.0000,0.0000,-3.1206,-0.2129,-55.2719,0.0210,-0.0075,-0.1355
1774945205.0367,0.0000,0.0000,0.0000,0.0000,0.0000,-3.1188,-0.2138,32.3071,-0.0887,-0.0022,-0.1813
1774945205.0513,0.0000,0.0000,0.0000,0.0000,0.0000,-3.1205,-0.2139,-86.6890,-0.0791,-0.0161,-0.1888
1774945205.0712,0.0000,0.0000,0.0000,0.0000,0.0000,-3.1199,-0.2121,73.8456,-0.0173,0.0031,-0.1728
1774945205.0917,0.0000,0.0000,0.0000,0.0000,0.0000,-3.1206,-0.2089,56.2683,0.0572,-0.0715,-0.1536
1774945205.1113,0.0000,0.0000,0.0000,0.0000,0.0000,-3.1213,-0.2086,-11.4722,0.0722,-0.0619,-0.1302
1774945205.1313,0.0000,0.0000,0.0000,0.0000,0.0000,-3.1226,-0.2064,64.6358,0.0956,-0.0406,-0.1195
1774945205.1513,0.0000,0.0000,0.0000,0.0000,0.0000,-3.1237,-0.2042,70.9247,0.0754,-0.0864,-0.1387
1774945205.1712,0.0000,0.0000,0.0000,0.0000,0.0000,-3.1254,-0.2000,-65.7783,0.0082,-0.0821,-0.1430
1774945205.1913,0.0000,0.0000,0.0000,0.0000,0.0000,-3.1263,-0.1988,48.4450,-0.0397,0.0010,-0.1408
1774945205.2112,0.0000,0.0000,0.0000,0.0000,0.0000,-3.1272,-0.1983,42.2706,-0.0376,-0.0246,-0.1174
1774945205.2319,0.0000,0.0000,0.0000,0.0000,0.0000,-3.1268,-0.1973,-56.8078,0.0402,0.0106,-0.0982
1774945205.2518,0.0000,0.0000,0.0000,0.0000,0.0000,-3.1276,-0.1962,7.8341,0.0295,0.0404,-0.0716
1774945205.2773,0.0000,0.0000,0.0000,0.0000,0.0000,-3.1252,-0.1947,-36.0939,0.0977,0.0351,-0.0950
1774945205.2922,0.0000,0.0000,0.0000,0.0000,0.0000,-3.1241,-0.1954,-9.9348,0.0690,0.0436,-0.1238
1774945205.3112,0.0000,0.0000,0.0000,0.0000,0.0000,-3.1236,-0.1998,57.7746,0.0551,0.1309,-0.1323
1774945205.3312,0.0000,0.0000,0.0000,0.0000,0.0000,-3.1249,-0.2007,-27.7107,0.0391,0.1054,-0.1270
1774945205.3512,0.0000,0.0000,0.0000,0.0000,0.0000,-3.1208,-0.2027,-33.4074,0.1084,0.0660,-0.1611
1774945205.3712,0.0000,0.0000,0.0000,0.0000,0.0000,-3.1158,-0.2032,-44.9368,0.0871,0.0447,-0.2037
1774945205.3916,0.0000,0.0000,0.0000,0.0000,0.0000,-3.1140,-0.2036,-8.0498,0.0860,0.0340,-0.2186
1774945205.4113,0.0000,0.0000,0.0000,0.0000,0.0000,-3.1161,-0.2043,-2.3113,0.1020,0.0926,-0.2037
1774945205.4330,0.0000,0.0000,0.0000,0.0000,0.0000,-3.1166,-0.2043,-64.3011,0.0913,0.0297,-0.1760
1774945205.4512,0.0000,0.0000,0.0000,0.0000,0.0000,-3.1159,-0.2030,43.5893,0.0892,-0.0320,-0.1462
1774945205.4712,0.0000,0.0000,0.0000,0.0000,0.0000,-3.1134,-0.2006,31.5259,0.1020,-0.0235,-0.1387
1774945205.4912,0.0000,0.0000,0.0000,0.0000,0.0000,-3.1142,-0.1978,21.6410,0.0828,-0.0693,-0.0599
1774945205.5112,0.0000,0.0000,0.0000,0.0000,0.0000,-3.1162,-0.1937,-75.1173,-0.0163,-0.0555,0.0136
1774945205.5314,0.0000,0.0000,0.0000,0.0000,0.0000,-3.1168,-0.1899,29.3936,0.0359,0.0500,0.0829
1774945205.5513,0.0000,0.0000,0.0000,0.0000,0.0000,-3.1159,-0.1869,33.7532,0.0104,0.0596,0.0925
1774945205.5714,0.0000,0.0000,0.0000,0.0000,0.0000,-3.1123,-0.1851,-14.9015,0.0232,0.0404,0.0594
1774945205.5921,0.0000,0.0000,0.0000,0.0000,0.0000,-3.1093,-0.1832,-7.2321,0.0285,0.0468,0.0083
1774945205.6112,0.0000,0.0000,0.0000,0.0000,0.0000,-3.1054,-0.1833,29.3600,0.0242,0.0905,-0.0705
1774945205.6313,0.0000,0.0000,0.0000,0.0000,0.0000,-3.1035,-0.1839,26.6760,-0.0045,0.0969,-0.1259
1774945205.6513,0.0000,0.0000,0.0000,0.0000,0.0000,-3.1007,-0.1892,10.4518,0.0232,0.1608,-0.1866
1774945205.6714,0.0000,0.0000,0.0000,0.0000,0.0000,-3.1019,-0.1918,24.5929,0.0274,0.1384,-0.2048
1774945205.6912,0.0000,0.0000,0.0000,0.0000,0.0000,-3.1029,-0.1962,-26.4205,-0.0035,0.1341,-0.2143
1774945205.7117,0.0000,0.0000,0.0000,0.0000,0.0000,-3.1043,-0.1995,-12.1199,-0.0258,0.0883,-0.2016
1774945205.7313,0.0000,0.0000,0.0000,0.0000,0.0000,-3.1063,-0.2038,22.3318,-0.0440,0.0937,-0.1888
1774945205.7513,0.0000,0.0000,0.0000,0.0000,0.0000,-3.1048,-0.2044,17.3908,-0.0035,-0.0001,-0.1973
1774945205.7715,0.0000,0.0000,0.0000,0.0000,0.0000,-3.1075,-0.2051,6.2282,-0.0290,-0.0406,-0.1824
1774945205.7914,0.0000,0.0000,0.0000,0.0000,0.0000,-3.1095,-0.2063,26.5937,-0.0514,-0.0352,-0.1579
1774945205.8113,0.0000,0.0000,0.0000,0.0000,0.0000,-3.1117,-0.2066,14.7104,-0.0631,-0.0193,-0.1472
1774945205.8315,0.0000,0.0000,0.0000,0.0000,0.0000,-3.1154,-0.2048,3.4802,-0.0834,-0.0171,-0.0982
1774945205.8516,0.0000,0.0000,0.0000,0.0000,0.0000,-3.1181,-0.2023,-33.6902,-0.0610,-0.0768,-0.0929
1774945205.8715,0.0000,0.0000,0.0000,0.0000,0.0000,-3.1216,-0.2019,-1.1162,-0.0834,-0.0725,-0.0833
1774945205.8914,0.0000,0.0000,0.0000,0.0000,0.0000,-3.1237,-0.2002,4.7563,-0.0589,-0.0320,-0.0801
1774945205.9127,0.0000,0.0000,0.0000,0.0000,0.0000,-3.1241,-0.2005,21.6044,-0.0397,0.0052,-0.0865
1774945205.9313,0.0000,0.0000,0.0000,0.0000,0.0000,-3.1267,-0.1967,-30.7880,-0.0184,-0.0576,-0.0450
1774945205.9512,0.0000,0.0000,0.0000,0.0000,0.0000,-3.1292,-0.1937,-6.4654,-0.0269,-0.0587,-0.0151
1774945205.9714,0.0000,0.0000,0.0000,0.0000,0.0000,-3.1296,-0.1941,18.5545,-0.0120,0.0084,-0.0098
1774945205.9912,0.0000,0.0000,0.0000,0.0000,0.0000,-3.1320,-0.1949,-36.0164,-0.0216,0.0415,-0.0247
1774945206.0113,0.0000,0.0000,0.0000,0.0000,0.0000,-3.1328,-0.1954,32.3109,0.0359,0.0510,-0.0535
1774945206.0314,0.0000,0.0000,0.0000,0.0000,0.0000,-3.1305,-0.1941,36.4964,0.0626,-0.0363,-0.0908
1774945206.0512,0.0000,0.0000,0.0000,0.0000,0.0000,-3.1305,-0.1953,2.3273,0.0093,-0.0470,-0.0972
1774945206.0718,0.0000,0.0000,0.0000,0.0000,0.0000,-3.1301,-0.1976,-41.3896,-0.0184,0.0106,-0.1131
1774945206.0912,0.0000,0.0000,0.0000,0.0000,0.0000,-3.1303,-0.2012,-20.1001,-0.0099,0.0724,-0.1419
1774945206.1113,0.0000,0.0000,0.0000,0.0000,0.0000,-3.1296,-0.2019,48.8386,0.0210,-0.0054,-0.1291
1774945206.1315,0.0000,0.0000,0.0000,0.0000,0.0000,-3.1305,-0.2018,-66.2791,0.0050,-0.0267,-0.1163
1774945206.1513,0.0000,0.0000,0.0000,0.0000,0.0000,-3.1305,-0.2012,-18.1748,0.0114,-0.0810,-0.1014
1774945206.1713,0.0000,0.0000,0.0000,0.0000,0.0000,-3.1299,-0.2031,-88.1654,0.0104,-0.0331,-0.0918
1774945206.1912,0.0000,0.0000,0.0000,0.0000,0.0000,-3.1309,-0.2051,-44.7790,-0.0322,0.0415,-0.0854
1774945206.2113,0.0000,0.0000,0.0000,0.0000,0.0000,-3.1310,-0.2052,45.8936,-0.0141,-0.0150,-0.0791
1774945206.2325,0.0000,0.0000,0.0000,0.0000,0.0000,-3.1310,-0.2050,24.8069,-0.0045,-0.0331,-0.0588
1774945206.2512,0.0000,0.0000,0.0000,0.0000,0.0000,-3.1302,-0.2046,-33.8091,0.0477,-0.0502,-0.0588
1774945206.2713,0.0000,0.0000,0.0000,0.0000,0.0000,-3.1320,-0.2056,-38.9685,0.0370,0.0020,-0.0503
1774945206.2913,0.0000,0.0000,0.0000,0.0000,0.0000,-3.1334,-0.2045,-9.3285,0.0285,-0.0075,-0.0556
1774945206.3112,0.0000,0.0000,0.0000,0.0000,0.0000,-3.1313,-0.2043,81.7592,0.0391,-0.0097,-0.0684
1774945206.3313,0.0000,0.0000,0.0000,0.0000,0.0000,-3.1330,-0.2044,42.6304,-0.0067,-0.0257,-0.0822
1774945206.3513,0.0000,0.0000,0.0000,0.0000,0.0000,-3.1322,-0.2028,56.2282,0.0200,-0.0683,-0.1014
1774945206.3712,0.0000,0.0000,0.0000,0.0000,0.0000,-3.1338,-0.2032,-10.8609,0.0040,-0.0800,-0.1046
1774945206.3914,0.0000,0.0000,0.0000,0.0000,0.0000,-3.1353,-0.2059,25.7399,0.0082,0.0191,-0.1036
1774945206.4112,0.0000,0.0000,0.0000,0.0000,0.0000,-3.1359,-0.2081,-61.3781,-0.0248,-0.0033,-0.1366
1774945206.4313,0.0000,0.0000,0.0000,0.0000,0.0000,-3.1338,-0.2095,15.4987,0.0189,0.0170,-0.1834
1774945206.4522,0.0000,0.0000,0.0000,0.0000,0.0000,-3.1316,-0.2086,57.9323,0.0668,-0.1024,-0.2175
1774945206.4713,0.0000,0.0000,0.0000,0.0000,0.0000,-3.1275,-0.2087,1.2002,0.0945,-0.0960,-0.2751
1774945206.4915,0.0000,0.0000,0.0000,0.0000,0.0000,-3.1256,-0.2073,-61.8022,0.1371,-0.1215,-0.2974
1774945206.5114,0.0000,0.0000,0.0000,0.0000,0.0000,-3.1230,-0.2065,-97.7817,0.1393,-0.1141,-0.2751
1774945206.5314,0.0000,0.0000,0.0000,0.0000,0.0000,-3.1246,-0.2046,-67.1938,0.0935,-0.0619,-0.2665
1774945206.5513,0.0000,0.0000,0.0000,0.0000,0.0000,-3.1199,-0.2037,15.3897,0.1307,-0.0448,-0.3230
1774945206.5729,0.0000,0.0000,0.0000,0.0000,0.0000,-3.1163,-0.2042,65.6908,0.1478,-0.0288,-0.3177
1774945206.5913,0.0000,0.0000,0.0000,0.0000,0.0000,-3.1135,-0.2055,-32.3488,0.0785,-0.0470,-0.3976
1774945206.6119,0.0000,0.0000,0.0000,0.0000,0.0000,-3.1111,-0.2029,-4.5548,0.0999,-0.0693,-0.4338
1774945206.6377,0.0000,0.0000,0.0000,0.0000,0.0000,-3.1091,-0.2025,0.0000,0.0828,-0.0246,-0.4785
1774945206.6515,0.0000,0.0000,0.0000,0.0000,0.0000,-3.1074,-0.2026,0.0000,0.1158,0.0265,-0.5030
1774945206.6713,0.0000,0.0000,0.0000,0.0000,0.0000,-3.1030,-0.2026,0.0000,0.1350,0.0244,-0.5414
1774945206.6915,0.0000,0.0000,0.0000,0.0000,0.0000,-3.1021,-0.2035,0.0000,0.1595,-0.0043,-0.5318
1774945206.7114,0.0000,0.0000,0.0000,0.0000,0.0000,-3.1019,-0.2047,0.0000,0.1478,-0.0012,-0.5797
1774945206.7312,0.0000,0.0000,0.0000,0.0000,0.0000,-3.0996,-0.2027,0.0000,0.1297,0.0468,-0.6064
1774945206.7512,0.0000,0.0000,0.0000,0.0000,0.0000,-3.0977,-0.2040,0.0000,0.1883,0.0074,-0.6074
1774945206.7712,0.0000,0.0000,0.0000,0.0000,0.0000,-3.0942,-0.2075,0.0000,0.2415,0.0265,-0.6298
1774945206.7914,0.0000,0.0000,0.0000,0.0000,0.0000,-3.0972,-0.2106,0.0000,0.1883,0.1160,-0.7097
1774945206.8112,0.0000,0.0000,0.0000,0.0000,0.0000,-3.0939,-0.2132,0.0000,0.1425,-0.0299,-0.7715
1774945206.8368,0.0000,0.0000,0.0000,0.0000,0.0000,-3.0926,-0.2160,0.0000,0.1169,-0.0523,-0.8162
1774945206.8512,0.0000,0.0000,0.0000,0.0000,0.0000,-3.0908,-0.2163,0.0000,0.0839,-0.0033,-0.8226
1774945206.8715,0.0000,0.0000,0.0000,0.0000,0.0000,-3.0929,-0.2176,87.5764,0.0562,0.0415,-0.8279
1774945206.8917,0.0000,0.0000,0.0000,0.0000,0.0000,-3.0913,-0.2179,-10.3822,0.1307,-0.0779,-0.8801
1774945206.9112,0.0000,0.0000,0.0000,0.0000,0.0000,-3.0895,-0.2168,0.0000,0.2202,-0.1258,-0.8599
1774945206.9317,0.0000,0.0000,0.0000,0.0000,0.0000,-3.0881,-0.2170,0.0000,0.2149,-0.0768,-0.9046
1774945206.9513,0.0000,0.0000,0.0000,0.0000,0.0000,-3.0888,-0.2163,0.0000,0.1712,-0.0949,-0.9579
1774945206.9729,0.0000,0.0000,0.0000,0.0000,0.0000,-3.0872,-0.2172,44.6675,0.1499,0.0170,-0.9408
1774945206.9920,0.0000,0.0000,0.0000,0.0000,0.0000,-3.0883,-0.2180,0.0000,0.1574,-0.0225,-0.9483
1774945207.0115,0.0000,0.0000,0.0000,0.0000,0.0000,-3.0857,-0.2176,-49.7418,0.2043,-0.0533,-0.9760
1774945207.0323,0.0000,0.0000,0.0000,0.0000,0.0000,-3.0835,-0.2162,18.9947,0.1307,-0.0459,-0.9792
1774945207.0515,0.0000,0.0000,0.0000,0.0000,0.0000,-3.0823,-0.2151,44.7961,0.1787,-0.0715,-1.0112
1774945207.0715,0.0000,0.0000,0.0000,0.0000,0.0000,-3.0842,-0.2138,-59.8944,0.1702,-0.1492,-0.9930
1774945207.0914,0.0000,0.0000,0.0000,0.0000,0.0000,-3.0865,-0.2143,97.6012,0.1073,-0.0416,-1.0058
1774945207.1113,0.0000,0.0000,0.0000,0.0000,0.0000,-3.0874,-0.2118,6.7848,0.1638,-0.0949,-0.9930
1774945207.1323,0.0000,0.0000,0.0000,0.0000,0.0000,-3.0898,-0.2111,-52.4062,0.0892,-0.0981,-0.9675
1774945207.1512,0.0000,0.0000,0.0000,0.0000,0.0000,-3.0904,-0.2122,-39.6789,0.1169,-0.0001,-0.9920
1774945207.1713,0.0000,0.0000,0.0000,0.0000,0.0000,-3.0926,-0.2117,-2.0379,0.0849,0.0084,-0.9696
1774945207.1914,0.0000,0.0000,0.0000,0.0000,0.0000,-3.0928,-0.2123,-29.4423,0.1350,0.0052,-0.9845
1774945207.2113,0.0000,0.0000,0.0000,0.0000,0.0000,-3.0948,-0.2129,74.8994,0.1606,0.0233,-0.9536
1774945207.2314,0.0000,0.0000,0.0000,0.0000,0.0000,-3.0950,-0.2139,67.2030,0.1339,0.0681,-0.9792
1774945207.2512,0.0000,0.0000,0.0000,0.0000,0.0000,-3.0946,-0.2139,96.1120,0.1521,-0.0012,-1.0229
1774945207.2722,0.0000,0.0000,0.0000,0.0000,0.0000,-3.0955,-0.2125,32.3971,0.1457,-0.0608,-1.0346
1774945207.2912,0.0000,0.0000,0.0000,0.0000,0.0000,-3.0975,-0.2120,-21.3019,0.1787,0.0010,-1.0484
1774945207.3114,0.0000,0.0000,0.0000,0.0000,0.0000,-3.0993,-0.2093,-1.3801,0.1797,0.0010,-1.0175
1774945207.3314,0.0000,0.0000,0.0000,0.0000,0.0000,-3.1020,-0.2071,26.6160,0.1648,0.0425,-1.0016
1774945207.3513,0.0000,0.0000,0.0000,0.0000,0.0000,-3.1008,-0.2070,120.3912,0.2170,0.0979,-1.0303
1774945207.3714,0.0000,0.0000,0.0000,0.0000,0.0000,-3.1022,-0.2067,127.6820,0.2170,0.0841,-1.0058
1774945207.3914,0.0000,0.0000,0.0000,0.0000,0.0000,-3.1024,-0.2082,197.6101,0.2149,0.1054,-1.0399
1774945207.4115,0.0000,0.0000,0.0000,0.0000,0.0000,-3.1011,-0.2082,-135.7124,0.1989,0.0830,-1.0474
1774945207.4312,0.0000,0.0000,0.0000,0.0000,0.0000,-3.0996,-0.2109,97.3928,0.2437,0.0724,-1.0335
1774945207.4512,0.0000,0.0000,0.0000,0.0000,0.0000,-3.0996,-0.2127,-130.6888,0.2607,0.0638,-1.0005
1774945207.4712,0.0000,0.0000,0.0000,0.0000,0.0000,-3.0990,-0.2158,-103.8213,0.2437,0.1256,-0.9856
1774945207.4912,0.0000,0.0000,0.0000,0.0000,0.0000,-3.0997,-0.2177,-10.3936,0.1840,0.1214,-0.9408
1774945207.5112,0.0000,0.0000,0.0000,0.0000,0.0000,-3.0976,-0.2199,-29.8329,0.1787,0.0606,-0.9451
1774945207.5312,0.0000,0.0000,0.0000,0.0000,0.0000,-3.0977,-0.2190,-96.1599,0.2032,-0.0512,-0.9185
1774945207.5512,0.0000,0.0000,0.0000,0.0000,0.0000,-3.0951,-0.2181,50.8682,0.2117,-0.0427,-0.8833
1774945207.5714,0.0000,0.0000,0.0000,0.0000,0.0000,-3.0974,-0.2158,28.6683,0.1702,-0.0480,-0.8141
1774945207.5923,0.0000,0.0000,0.0000,0.0000,0.0000,-3.1016,-0.2146,-16.8465,0.0988,0.0255,-0.7214
1774945207.6113,0.0000,0.0000,0.0000,0.0000,0.0000,-3.1067,-0.2139,-46.2286,0.0359,0.0457,-0.6277
1774945207.6313,0.0000,0.0000,0.0000,0.0000,0.0000,-3.1119,-0.2173,-69.9620,0.0402,0.1299,-0.6053
1774945207.6513,0.0000,0.0000,0.0000,0.0000,0.0000,-3.1135,-0.2182,-24.3175,0.0796,0.0702,-0.6298
1774945207.6712,0.0000,0.0000,0.0000,0.0000,0.0000,-3.1159,-0.2160,-71.7316,0.1286,-0.0597,-0.5776
1774945207.6912,0.0000,0.0000,0.0000,0.0000,0.0000,-3.1182,-0.2126,-33.3219,0.0860,-0.1226,-0.4583
1774945207.7113,0.0000,0.0000,0.0000,0.0000,0.0000,-3.1225,-0.2093,-19.0569,-0.0738,-0.0885,-0.2676
1774945207.7312,0.0000,0.0000,0.0000,0.0000,0.0000,-3.1304,-0.2066,62.8117,-0.2144,-0.0406,-0.0290
1774945207.7515,0.0000,0.0000,0.0000,0.0000,0.0000,-3.1362,-0.2035,-37.3587,-0.0972,-0.0395,0.1116
1774945207.7713,0.0000,0.0000,0.0000,0.0000,0.0000,-3.1400,-0.2023,-2.3321,-0.0035,0.0617,0.2011
1774945207.7912,0.0000,0.0000,0.0000,0.0000,0.0000,-3.1411,-0.2002,10.1403,0.0082,0.0489,0.1734
1774945207.8113,0.0000,0.0000,0.0000,0.0000,0.0000,-3.1394,-0.1999,-39.1817,0.0040,0.1011,0.0722
1774945207.8313,0.0000,0.0000,0.0000,0.0000,0.0000,-3.1359,-0.2008,40.6004,0.1020,0.0947,0.0094
1774945207.8512,0.0000,0.0000,0.0000,0.0000,0.0000,-3.1362,-0.2040,-29.1818,0.0423,0.1192,0.0264
1774945207.8713,0.0000,0.0000,0.0000,0.0000,0.0000,-3.1343,-0.2106,-11.1195,0.1084,0.1842,0.0435
1774945207.8915,0.0000,0.0000,0.0000,0.0000,0.0000,-3.1332,-0.2165,-43.1032,0.0732,0.1373,0.0477
1774945207.9115,0.0000,0.0000,0.0000,0.0000,0.0000,-3.1318,-0.2218,-42.1180,0.0615,0.1352,0.0637
1774945207.9312,0.0000,0.0000,0.0000,0.0000,0.0000,-3.1302,-0.2276,-12.6967,0.0977,0.1011,0.0775
1774945207.9513,0.0000,0.0000,0.0000,0.0000,0.0000,-3.1277,-0.2315,-61.2654,0.1158,-0.0001,0.0211
1774945207.9713,0.0000,0.0000,0.0000,0.0000,0.0000,-3.1254,-0.2322,41.1439,0.1148,-0.1514,-0.0226
1774945207.9913,0.0000,0.0000,0.0000,0.0000,0.0000,-3.1237,-0.2323,2.4802,0.0391,-0.1822,-0.0109
1774945208.0113,0.0000,0.0000,0.0000,0.0000,0.0000,-3.1229,-0.2342,-8.8702,0.0711,-0.1066,0.0051
1774945208.0312,0.0000,0.0000,0.0000,0.0000,0.0000,-3.1201,-0.2356,32.5904,0.0913,-0.1215,0.0126
1774945208.0514,0.0000,0.0000,0.0000,0.0000,0.0000,-3.1200,-0.2357,26.0655,0.0924,-0.1482,0.0275
1774945208.0713,0.0000,0.0000,0.0000,0.0000,0.0000,-3.1202,-0.2327,25.7708,0.0881,-0.1780,0.0264
1774945208.0914,0.0000,0.0000,0.0000,0.0000,0.0000,-3.1181,-0.2305,45.1318,0.1148,-0.2025,0.0371
1774945208.1112,0.0000,0.0000,0.0000,0.0000,0.0000,-3.1152,-0.2297,-22.2874,0.1201,-0.2046,0.0435
1774945208.1313,0.0000,0.0000,0.0000,0.0000,0.0000,-3.1155,-0.2283,38.6297,0.0668,-0.2057,0.0104
1774945208.1516,0.0000,0.0000,0.0000,0.0000,0.0000,-3.1130,-0.2252,-40.8012,0.0338,-0.2376,0.0008
1774945208.1727,0.0000,0.0000,0.0000,0.0000,0.0000,-3.1109,-0.2242,21.5628,0.0466,-0.2067,0.0008
1774945208.1912,0.0000,0.0000,0.0000,0.0000,0.0000,-3.1098,-0.2225,-6.6392,0.0509,-0.1652,0.0051
1774945208.2114,0.0000,0.0000,0.0000,0.0000,0.0000,-3.1085,-0.2213,-25.9704,0.0317,-0.1759,0.0019
1774945208.2313,0.0000,0.0000,0.0000,0.0000,0.0000,-3.1082,-0.2219,22.8658,0.0370,-0.1226,-0.0002
1774945208.2514,0.0000,0.0000,0.0000,0.0000,0.0000,-3.1069,-0.2216,-26.5425,0.0359,-0.0842,-0.0045
1774945208.2716,0.0000,0.0000,0.0000,0.0000,0.0000,-3.1087,-0.2229,37.1751,-0.0322,-0.0555,-0.0077
1774945208.2913,0.0000,0.0000,0.0000,0.0000,0.0000,-3.1105,-0.2226,-48.9431,-0.0354,-0.0470,-0.0162
1774945208.3113,0.0000,0.0000,0.0000,0.0000,0.0000,-3.1084,-0.2222,-41.6680,-0.0035,-0.0214,-0.0151
1774945208.3312,0.0000,0.0000,0.0000,0.0000,0.0000,-3.1088,-0.2221,51.9984,-0.0386,-0.0278,-0.0173
1774945208.3513,0.0000,0.0000,0.0000,0.0000,0.0000,-3.1110,-0.2211,-66.4043,-0.0131,-0.0065,0.0030
1774945208.3714,0.0000,0.0000,0.0000,0.0000,0.0000,-3.1105,-0.2212,66.3799,0.0327,0.0244,-0.0119
1774945208.3921,0.0000,0.0000,0.0000,0.0000,0.0000,-3.1129,-0.2212,63.1467,-0.0024,0.0074,-0.0130
1774945208.4115,0.0000,0.0000,0.0000,0.0000,0.0000,-3.1150,-0.2213,-39.0501,-0.0141,0.0170,-0.0077
1774945208.4312,0.0000,0.0000,0.0000,0.0000,0.0000,-3.1144,-0.2210,26.0184,-0.0077,0.0393,-0.0162
1774945208.4512,0.0000,0.0000,0.0000,0.0000,0.0000,-3.1142,-0.2215,50.6217,-0.0514,0.0340,-0.0141
1774945208.4725,0.0000,0.0000,0.0000,0.0000,0.0000,-3.1152,-0.2198,18.2213,-0.0237,-0.0150,-0.0045
1774945208.4912,0.0000,0.0000,0.0000,0.0000,0.0000,-3.1149,-0.2195,5.9611,0.0370,-0.0150,0.0158
1774945208.5112,0.0000,0.0000,0.0000,0.0000,0.0000,-3.1161,-0.2201,-126.2931,-0.0408,0.0095,0.0179
1774945208.5313,0.0000,0.0000,0.0000,0.0000,0.0000,-3.1170,-0.2207,-35.2822,-0.0397,0.0042,-0.0045
1774945208.5514,0.0000,0.0000,0.0000,0.0000,0.0000,-3.1174,-0.2219,37.5007,-0.0003,0.0265,0.0062
1774945208.5713,0.0000,0.0000,0.0000,0.0000,0.0000,-3.1175,-0.2232,-75.1602,0.0168,0.0468,-0.0013
1774945208.5914,0.0000,0.0000,0.0000,0.0000,0.0000,-3.1180,-0.2258,-70.2483,0.0136,0.0702,0.0008
1774945208.6114,0.0000,0.0000,0.0000,0.0000,0.0000,-3.1177,-0.2256,-28.2971,0.0232,0.0628,0.0008
1774945208.6312,0.0000,0.0000,0.0000,0.0000,0.0000,-3.1175,-0.2257,-19.2573,0.0072,0.0042,-0.0034
1774945208.6512,0.0000,0.0000,0.0000,0.0000,0.0000,-3.1177,-0.2268,12.2729,-0.0525,-0.0022,-0.0066
1774945208.6712,0.0000,0.0000,0.0000,0.0000,0.0000,-3.1177,-0.2271,58.7578,-0.0450,-0.0203,-0.0119
1774945208.6913,0.0000,0.0000,0.0000,0.0000,0.0000,-3.1195,-0.2285,80.6518,-0.0184,-0.0246,0.0253
1774945208.7113,0.0000,0.0000,0.0000,0.0000,0.0000,-3.1207,-0.2313,34.3620,0.0232,0.0084,0.0136
1774945208.7313,0.0000,0.0000,0.0000,0.0000,0.0000,-3.1205,-0.2335,84.9133,0.0200,0.0042,0.0179
1774945208.7516,0.0000,0.0000,0.0000,0.0000,0.0000,-3.1215,-0.2333,41.0436,-0.0333,-0.0075,-0.0077
1774945208.7714,0.0000,0.0000,0.0000,0.0000,0.0000,-3.1212,-0.2361,40.8850,-0.0738,-0.0001,-0.0343
1774945208.7914,0.0000,0.0000,0.0000,0.0000,0.0000,-3.1205,-0.2383,44.6082,-0.0269,0.0191,-0.0237
1774945208.8112,0.0000,0.0000,0.0000,0.0000,0.0000,-3.1210,-0.2386,43.9701,0.0540,-0.0427,-0.0077
1774945208.8314,0.0000,0.0000,0.0000,0.0000,0.0000,-3.1229,-0.2376,-13.0294,0.0477,-0.0810,0.0030
1774945208.8513,0.0000,0.0000,0.0000,0.0000,0.0000,-3.1260,-0.2348,-74.2170,0.0072,-0.1109,0.0307
1774945208.8712,0.0000,0.0000,0.0000,0.0000,0.0000,-3.1284,-0.2340,-9.0973,-0.0301,-0.0683,0.0296
1774945208.8914,0.0000,0.0000,0.0000,0.0000,0.0000,-3.1248,-0.2314,32.1494,0.1190,-0.1215,0.0190
1774945208.9113,0.0000,0.0000,0.0000,0.0000,0.0000,-3.1242,-0.2300,-5.0083,0.0626,-0.1034,0.0126
1774945208.9315,0.0000,0.0000,0.0000,0.0000,0.0000,-3.1254,-0.2290,20.9494,-0.0557,-0.0661,-0.0258
1774945208.9513,0.0000,0.0000,0.0000,0.0000,0.0000,-3.1261,-0.2286,-50.2199,-0.0791,-0.0342,-0.0279
1774945208.9715,0.0000,0.0000,0.0000,0.0000,0.0000,-3.1247,-0.2294,45.2256,0.0327,-0.0022,0.0062
1774945208.9913,0.0000,0.0000,0.0000,0.0000,0.0000,-3.1230,-0.2267,8.6133,0.0295,-0.0161,-0.0162
1774945209.0116,0.0000,0.0000,0.0000,0.0000,0.0000,-3.1251,-0.2261,-55.3560,0.0604,-0.0225,0.0158
1774945209.0312,0.0000,0.0000,0.0000,0.0000,0.0000,-3.1275,-0.2238,-5.4797,0.0061,-0.0438,0.0158
1774945209.0514,0.0000,0.0000,0.0000,0.0000,0.0000,-3.1272,-0.2240,3.0912,-0.0418,-0.0075,0.0040
1774945209.0714,0.0000,0.0000,0.0000,0.0000,0.0000,-3.1262,-0.2219,30.3352,0.0402,0.0084,-0.0119
1774945209.0914,0.0000,0.0000,0.0000,0.0000,0.0000,-3.1262,-0.2219,-22.8779,-0.0301,0.0308,-0.0098
1774945209.1112,0.0000,0.0000,0.0000,0.0000,0.0000,-3.1265,-0.2224,44.0633,-0.0386,0.0873,-0.0173
1774945209.1313,0.0000,0.0000,0.0000,0.0000,0.0000,-3.1261,-0.2220,19.3648,-0.0003,0.0681,-0.0215
1774945209.1513,0.0000,0.0000,0.0000,0.0000,0.0000,-3.1283,-0.2199,-58.4522,0.0349,0.0308,0.0136
1774945209.1717,0.0000,0.0000,0.0000,0.0000,0.0000,-3.1274,-0.2193,-19.7792,0.0264,0.0340,-0.0045
1774945209.1914,0.0000,0.0000,0.0000,0.0000,0.0000,-3.1272,-0.2169,-3.6838,0.0168,0.0074,-0.0013
1774945209.2113,0.0000,0.0000,0.0000,0.0000,0.0000,-3.1308,-0.2178,-30.3446,-0.0472,0.0042,0.0126
1774945209.2312,0.0000,0.0000,0.0000,0.0000,0.0000,-3.1297,-0.2160,0.0000,0.0029,-0.0544,0.0008
1774945209.2522,0.0000,0.0000,0.0000,0.0000,0.0000,-3.1268,-0.2154,-60.3715,0.0881,-0.0438,0.0094
1774945209.2713,0.0000,0.0000,0.0000,0.0000,0.0000,-3.1299,-0.2120,0.0000,-0.0631,0.0159,-0.0045
1774945209.2923,0.0000,0.0000,0.0000,0.0000,0.0000,-3.1311,-0.2174,0.0000,-0.0354,0.0958,-0.0077
1774945209.3113,0.0000,0.0000,0.0000,0.0000,0.0000,-3.1309,-0.2207,31.2121,0.0498,0.1086,0.0072
1774945209.3312,0.0000,0.0000,0.0000,0.0000,0.0000,-3.1307,-0.2254,0.0000,0.0988,0.0894,0.0403
1774945209.3512,0.0000,0.0000,0.0000,0.0000,0.0000,-3.1318,-0.2253,0.0000,0.0626,0.0180,0.0488
1774945209.3715,0.0000,0.0000,0.0000,0.0000,0.0000,-3.1331,-0.2257,0.0000,-0.0141,-0.0502,0.0275
1774945209.3913,0.0000,0.0000,0.0000,0.0000,0.0000,-3.1333,-0.2248,0.0000,-0.0376,-0.0395,0.0030
1774945209.4129,0.0000,0.0000,0.0000,0.0000,0.0000,-3.1302,-0.2242,0.0000,-0.0163,0.0265,-0.0162
1774945209.4320,0.0000,0.0000,0.0000,0.0000,0.0000,-3.1282,-0.2274,0.0000,0.0050,0.0532,-0.0130
1774945209.4512,0.0000,0.0000,0.0000,0.0000,0.0000,-3.1286,-0.2280,0.0000,0.0114,0.0074,-0.0183
1774945209.4716,0.0000,0.0000,0.0000,0.0000,0.0000,-3.1303,-0.2274,3.9966,0.0264,0.0212,0.0094
1774945209.4913,0.0000,0.0000,0.0000,0.0000,0.0000,-3.1290,-0.2272,0.0000,0.0817,-0.0406,0.0115
1774945209.5114,0.0000,0.0000,0.0000,0.0000,0.0000,-3.1284,-0.2241,35.3066,0.0945,-0.0288,0.0083
1774945209.5312,0.0000,0.0000,0.0000,0.0000,0.0000,-3.1275,-0.2209,0.0000,-0.0237,0.0074,-0.0450
1774945209.5513,0.0000,0.0000,0.0000,0.0000,0.0000,-3.1271,-0.2213,-4.3887,-0.0035,0.0063,-0.0066
1774945209.5713,0.0000,0.0000,0.0000,0.0000,0.0000,-3.1263,-0.2195,0.0000,0.0636,-0.0384,0.0030
1774945209.5912,0.0000,0.0000,0.0000,0.0000,0.0000,-3.1255,-0.2182,2.4989,0.0658,-0.0619,0.0062
1774945209.6112,0.0000,0.0000,0.0000,0.0000,0.0000,-3.1263,-0.2172,0.0000,0.0679,0.0436,0.0275
1774945209.6312,0.0000,0.0000,0.0000,0.0000,0.0000,-3.1267,-0.2178,-35.7800,0.0679,0.0532,0.0296
1774945209.6512,0.0000,0.0000,0.0000,0.0000,0.0000,-3.1245,-0.2210,0.0000,0.0700,0.0809,-0.0066
1774945209.6714,0.0000,0.0000,0.0000,0.0000,0.0000,-3.1248,-0.2218,-9.1710,0.0221,0.0020,0.0264
1774945209.6912,0.0000,0.0000,0.0000,0.0000,0.0000,-3.1245,-0.2222,-8.9739,-0.0312,-0.0544,0.0062
1774945209.7120,0.0000,0.0000,0.0000,0.0000,0.0000,-3.1231,-0.2223,-70.6226,0.0125,-0.0821,-0.0013
1774945209.7327,0.0000,0.0000,0.0000,0.0000,0.0000,-3.1225,-0.2234,-98.5166,0.0295,0.0052,-0.0162
1774945209.7514,0.0000,0.0000,0.0000,0.0000,0.0000,-3.1210,-0.2222,-30.9537,-0.0003,-0.0278,-0.0066
1774945209.7713,0.0000,0.0000,0.0000,0.0000,0.0000,-3.1211,-0.2222,7.1608,-0.0195,0.0074,-0.0130
1774945209.7913,0.0000,0.0000,0.0000,0.0000,0.0000,-3.1232,-0.2220,-21.6121,-0.0301,-0.0448,0.0008
1774945209.8112,0.0000,0.0000,0.0000,0.0000,0.0000,-3.1221,-0.2212,-79.2188,0.0381,-0.0768,-0.0087
1774945209.8312,0.0000,0.0000,0.0000,0.0000,0.0000,-3.1247,-0.2211,-38.1925,0.0008,-0.0374,-0.0173
1774945209.8513,0.0000,0.0000,0.0000,0.0000,0.0000,-3.1283,-0.2192,33.0180,-0.0898,-0.0704,0.0030
1774945209.8713,0.0000,0.0000,0.0000,0.0000,0.0000,-3.1287,-0.2192,-67.0435,-0.0120,-0.0896,0.0243
1774945209.8912,0.0000,0.0000,0.0000,0.0000,0.0000,-3.1280,-0.2203,-68.3011,0.0722,-0.0065,0.0275
1774945209.9123,0.0000,0.0000,0.0000,0.0000,0.0000,-3.1302,-0.2192,-14.0645,-0.0301,0.0244,0.0190
1774945209.9313,0.0000,0.0000,0.0000,0.0000,0.0000,-3.1312,-0.2200,16.4844,-0.0557,0.0766,-0.0002
1774945209.9512,0.0000,0.0000,0.0000,0.0000,0.0000,-3.1302,-0.2226,-0.0562,0.0285,0.0670,0.0030
1774945209.9712,0.0000,0.0000,0.0000,0.0000,0.0000,-3.1303,-0.2219,84.9003,0.0391,0.0042,-0.0002
1774945209.9912,0.0000,0.0000,0.0000,0.0000,0.0000,-3.1303,-0.2198,-5.5870,-0.0269,-0.0459,-0.0290
1774945210.0112,0.0000,0.0000,0.0000,0.0000,0.0000,-3.1304,-0.2181,-17.2391,-0.0376,-0.0470,-0.0024
1774945210.0313,0.0000,0.0000,0.0000,0.0000,0.0000,-3.1294,-0.2174,56.7135,0.0157,0.0084,-0.0066
1774945210.0512,0.0000,0.0000,0.0000,0.0000,0.0000,-3.1283,-0.2169,40.9623,-0.0088,0.0340,0.0019
1774945210.0712,0.0000,0.0000,0.0000,0.0000,0.0000,-3.1286,-0.2175,-5.4290,-0.0408,0.0233,-0.0130
1774945210.0912,0.0000,0.0000,0.0000,0.0000,0.0000,-3.1301,-0.2153,-58.2276,-0.0610,-0.0278,-0.0119
1774945210.1112,0.0000,0.0000,0.0000,0.0000,0.0000,-3.1306,-0.2144,-62.4217,0.0221,0.0212,-0.0205
1774945210.1312,0.0000,0.0000,0.0000,0.0000,0.0000,-3.1323,-0.2129,14.0004,0.0551,0.0191,0.0051
1774945210.1513,0.0000,0.0000,0.0000,0.0000,0.0000,-3.1337,-0.2112,27.5257,0.0466,-0.0012,0.0232
1774945210.1715,0.0000,0.0000,0.0000,0.0000,0.0000,-3.1353,-0.2115,43.9389,0.0242,0.0383,0.0275
1774945210.1913,0.0000,0.0000,0.0000,0.0000,0.0000,-3.1335,-0.2100,16.3205,0.0700,-0.0033,0.0030
1774945210.2113,0.0000,0.0000,0.0000,0.0000,0.0000,-3.1313,-0.2090,-35.4412,0.0200,-0.0320,0.0115
1774945210.2313,0.0000,0.0000,0.0000,0.0000,0.0000,-3.1286,-0.2109,-50.9103,-0.0077,0.0681,-0.0087
1774945210.2512,0.0000,0.0000,0.0000,0.0000,0.0000,-3.1274,-0.2127,-30.6610,0.0690,0.0681,0.0147
1774945210.2713,0.0000,0.0000,0.0000,0.0000,0.0000,-3.1273,-0.2146,-34.7188,0.1148,0.0649,0.0168
1774945210.2914,0.0000,0.0000,0.0000,0.0000,0.0000,-3.1261,-0.2104,-35.6013,0.0935,-0.1013,-0.0141
1774945210.3112,0.0000,0.0000,0.0000,0.0000,0.0000,-3.1271,-0.2066,19.1803,0.0519,-0.0704,-0.0034
1774945210.3312,0.0000,0.0000,0.0000,0.0000,0.0000,-3.1272,-0.2036,-40.3593,0.0636,-0.0033,-0.0002
1774945210.3512,0.0000,0.0000,0.0000,0.0000,0.0000,-3.1275,-0.2040,-20.6931,-0.0280,0.1267,0.0019
1774945210.3716,0.0000,0.0000,0.0000,0.0000,0.0000,-3.1263,-0.2037,-0.8144,-0.0045,0.1022,-0.0002
1774945210.3913,0.0000,0.0000,0.0000,0.0000,0.0000,-3.1272,-0.2062,-55.1420,-0.0397,0.1000,0.0104
1774945210.4113,0.0000,0.0000,0.0000,0.0000,0.0000,-3.1262,-0.2092,-10.0602,0.0072,0.0883,-0.0109
1774945210.4313,0.0000,0.0000,0.0000,0.0000,0.0000,-3.1259,-0.2108,38.4149,0.0232,0.0457,0.0019
1774945210.4513,0.0000,0.0000,0.0000,0.0000,0.0000,-3.1279,-0.2143,-38.6035,-0.0248,0.0202,0.0094
1774945210.4713,0.0000,0.0000,0.0000,0.0000,0.0000,-3.1299,-0.2175,-49.7751,-0.0855,0.0457,0.0083
1774945210.4935,0.0000,0.0000,0.0000,0.0000,0.0000,-3.1270,-0.2196,-6.6328,0.0274,-0.0118,0.0030
1774945210.5128,0.0000,0.0000,0.0000,0.0000,0.0000,-3.1272,-0.2197,10.7141,-0.0120,-0.0651,-0.0002
1774945210.5318,0.0000,0.0000,0.0000,0.0000,0.0000,-3.1293,-0.2207,-29.0637,0.0168,-0.0597,0.0360
1774945210.5513,0.0000,0.0000,0.0000,0.0000,0.0000,-3.1295,-0.2237,36.8866,-0.0195,0.0745,-0.0034
1774945210.5723,0.0000,0.0000,0.0000,0.0000,0.0000,-3.1289,-0.2253,-4.1225,0.0477,0.0329,0.0221
1774945210.5913,0.0000,0.0000,0.0000,0.0000,0.0000,-3.1282,-0.2253,-14.2023,0.0647,-0.0384,0.0285
1774945210.6117,0.0000,0.0000,0.0000,0.0000,0.0000,-3.1284,-0.2248,-31.2338,-0.0045,-0.0789,0.0083
1774945210.6314,0.0000,0.0000,0.0000,0.0000,0.0000,-3.1276,-0.2211,-16.4354,-0.0408,-0.1215,-0.0087
1774945210.6515,0.0000,0.0000,0.0000,0.0000,0.0000,-3.1264,-0.2206,-21.4346,-0.0653,-0.0107,-0.0205
1774945210.6715,0.0000,0.0000,0.0000,0.0000,0.0000,-3.1254,-0.2184,-10.2355,-0.0248,0.0052,-0.0428
1774945210.6915,0.0000,0.0000,0.0000,0.0000,0.0000,-3.1256,-0.2173,26.2854,-0.0248,-0.0139,-0.0269
1774945210.7113,0.0000,0.0000,0.0000,0.0000,0.0000,-3.1280,-0.2145,-78.7515,-0.0248,-0.0107,-0.0215
1774945210.7312,0.0000,0.0000,0.0000,0.0000,0.0000,-3.1295,-0.2122,45.1624,0.0104,0.0031,-0.0226
1774945210.7513,0.0000,0.0000,0.0000,0.0000,0.0000,-3.1279,-0.2110,57.6488,0.0327,-0.0022,-0.0066
1774945210.7712,0.0000,0.0000,0.0000,0.0000,0.0000,-3.1306,-0.2103,-5.7253,0.0061,0.0340,0.0264
1774945210.7913,0.0000,0.0000,0.0000,0.0000,0.0000,-3.1292,-0.2109,69.8718,0.0498,0.0574,0.0413
1774945210.8113,0.0000,0.0000,0.0000,0.0000,0.0000,-3.1305,-0.2120,-31.6849,0.0487,0.0372,0.0424
1774945210.8312,0.0000,0.0000,0.0000,0.0000,0.0000,-3.1321,-0.2143,-17.3724,-0.0344,0.0596,0.0296
1774945210.8514,0.0000,0.0000,0.0000,0.0000,0.0000,-3.1294,-0.2171,-51.9535,0.0146,0.0862,0.0019
1774945210.8713,0.0000,0.0000,0.0000,0.0000,0.0000,-3.1267,-0.2174,-50.1335,0.0423,0.0372,-0.0162
1774945210.8913,0.0000,0.0000,0.0000,0.0000,0.0000,-3.1279,-0.2162,-7.3746,0.0104,0.0020,-0.0173
1774945210.9113,0.0000,0.0000,0.0000,0.0000,0.0000,-3.1278,-0.2151,67.5188,-0.0450,-0.0288,-0.0205
1774945210.9315,0.0000,0.0000,0.0000,0.0000,0.0000,-3.1261,-0.2136,9.9245,0.0072,-0.0491,-0.0109
1774945210.9513,0.0000,0.0000,0.0000,0.0000,0.0000,-3.1251,-0.2147,-7.3891,-0.0056,0.0308,0.0115
1774945210.9713,0.0000,0.0000,0.0000,0.0000,0.0000,-3.1243,-0.2165,51.3841,-0.0109,-0.0310,-0.0002
1774945210.9912,0.0000,0.0000,0.0000,0.0000,0.0000,-3.1257,-0.2160,-50.6097,-0.0727,-0.0629,0.0126
1774945211.0114,0.0000,0.0000,0.0000,0.0000,0.0000,-3.1262,-0.2150,-23.1249,-0.0354,-0.0704,0.0104
1774945211.0313,0.0000,0.0000,0.0000,0.0000,0.0000,-3.1275,-0.2147,12.2516,-0.0067,-0.0267,-0.0141
1774945211.0516,0.0000,0.0000,0.0000,0.0000,0.0000,-3.1290,-0.2127,95.7591,-0.0184,-0.0544,0.0072
1774945211.0713,0.0000,0.0000,0.0000,0.0000,0.0000,-3.1312,-0.2112,33.7385,0.0349,-0.0544,0.0094
1774945211.0912,0.0000,0.0000,0.0000,0.0000,0.0000,-3.1313,-0.2106,15.3539,0.0519,-0.0310,0.0126
1774945211.1114,0.0000,0.0000,0.0000,0.0000,0.0000,-3.1331,-0.2115,-11.1840,-0.0045,0.0532,0.0008
1774945211.1313,0.0000,0.0000,0.0000,0.0000,0.0000,-3.1347,-0.2130,-29.7408,-0.0440,0.0862,0.0126
1774945211.1513,0.0000,0.0000,0.0000,0.0000,0.0000,-3.1332,-0.2144,-77.4293,0.0072,0.0692,0.0168
1774945211.1714,0.0000,0.0000,0.0000,0.0000,0.0000,-3.1340,-0.2144,-30.9917,0.0839,0.0393,0.0264
1774945211.1913,0.0000,0.0000,0.0000,0.0000,0.0000,-3.1314,-0.2118,31.8923,0.0061,-0.0757,0.0083
1774945211.2123,0.0000,0.0000,0.0000,0.0000,0.0000,-3.1310,-0.2102,30.6533,-0.0440,-0.1151,-0.0066
1774945211.2313,0.0000,0.0000,0.0000,0.0000,0.0000,-3.1321,-0.2095,10.0489,0.0029,0.0351,0.0221
1774945211.2513,0.0000,0.0000,0.0000,0.0000,0.0000,-3.1293,-0.2109,30.3919,0.0221,0.0585,-0.0119
1774945211.2713,0.0000,0.0000,0.0000,0.0000,0.0000,-3.1295,-0.2128,37.8150,-0.0067,-0.0214,0.0147
1774945211.2912,0.0000,0.0000,0.0000,0.0000,0.0000,-3.1306,-0.2140,8.5415,-0.0354,-0.0193,-0.0130
1774945211.3114,0.0000,0.0000,0.0000,0.0000,0.0000,-3.1313,-0.2130,30.0484,-0.0045,-0.0576,0.0008
1774945211.3313,0.0000,0.0000,0.0000,0.0000,0.0000,-3.1335,-0.2123,29.3815,-0.0120,0.0020,0.0083
1774945211.3513,0.0000,0.0000,0.0000,0.0000,0.0000,-3.1330,-0.2113,4.8033,0.0668,-0.0246,0.0179
1774945211.3713,0.0000,0.0000,0.0000,0.0000,0.0000,-3.1323,-0.2095,33.3576,0.1180,0.0223,0.1042
1774945211.3913,0.0000,0.0000,0.0000,0.0000,0.0000,-3.1353,-0.2074,118.9002,-0.0823,0.0148,0.2629
1774945211.4113,0.0000,0.0000,0.0000,0.0000,0.0000,-3.1383,-0.2060,4.4357,-0.1569,0.0809,0.3716
1774945211.4313,0.0000,0.0000,0.0000,0.0000,0.0000,-3.1406,-0.2040,-2.2425,-0.1878,0.0862,0.3897
1774945211.4512,0.0000,0.0000,0.0000,0.0000,0.0000,3.1390,-0.2057,143.7651,-0.3039,0.1448,0.3950
1774945211.4733,0.0000,0.0000,0.0000,0.0000,0.0000,3.1396,-0.2065,99.7406,-0.1281,0.0958,0.3801
1774945211.4913,0.0000,0.0000,0.0000,0.0000,0.0000,3.1363,-0.2079,83.6267,-0.1207,0.1267,0.3641
1774945211.5130,0.0000,0.0000,0.0000,0.0000,0.0000,3.1357,-0.2091,31.7731,-0.0823,0.1043,0.2789
1774945211.5313,0.0000,0.0000,0.0000,0.0000,0.0000,3.1349,-0.2083,44.9475,-0.1175,0.0265,0.2171
1774945211.5513,0.0000,0.0000,0.0000,0.0000,0.0000,3.1334,-0.2085,-52.6350,-0.1473,0.0287,0.1681
1774945211.5715,0.0000,0.0000,0.0000,0.0000,0.0000,3.1296,-0.2077,-49.7923,-0.1515,0.0500,0.1628
1774945211.5913,0.0000,0.0000,0.0000,0.0000,0.0000,3.1284,-0.2076,-93.6771,-0.1292,0.0425,0.1798
1774945211.6113,0.0000,0.0000,0.0000,0.0000,0.0000,3.1251,-0.2084,-138.7843,-0.1100,0.0457,0.2096
1774945211.6312,0.0000,0.0000,0.0000,0.0000,0.0000,3.1224,-0.2093,62.6085,-0.0706,0.0308,0.2405
1774945211.6512,0.0000,0.0000,0.0000,0.0000,0.0000,3.1200,-0.2113,28.2582,-0.0077,0.0148,0.2576
1774945211.6713,0.0000,0.0000,0.0000,0.0000,0.0000,3.1176,-0.2120,-181.2252,-0.0493,0.0937,0.3034
1774945211.6913,0.0000,0.0000,0.0000,0.0000,0.0000,3.1178,-0.2131,-99.9316,-0.0706,0.1043,0.2767
1774945211.7112,0.0000,0.0000,0.0000,0.0000,0.0000,3.1145,-0.2131,-112.5527,-0.1505,0.0361,0.3236
1774945211.7315,0.0000,0.0000,0.0000,0.0000,0.0000,3.1140,-0.2129,-36.5369,-0.1068,0.0106,0.3300
1774945211.7513,0.0000,0.0000,0.0000,0.0000,0.0000,3.1127,-0.2143,105.4319,-0.0887,0.0766,0.3588
1774945211.7713,0.0000,0.0000,0.0000,0.0000,0.0000,3.1125,-0.2123,102.7629,-0.0258,-0.0171,0.4035
1774945211.7914,0.0000,0.0000,0.0000,0.0000,0.0000,3.1113,-0.2131,42.0053,-0.0663,-0.0438,0.3982
1774945211.8112,0.0000,0.0000,0.0000,0.0000,0.0000,3.1096,-0.2148,0.0000,-0.0642,0.0553,0.4120
1774945211.8313,0.0000,0.0000,0.0000,0.0000,0.0000,3.1092,-0.2163,0.0000,-0.0599,0.0223,0.4110
1774945211.8513,0.0000,0.0000,0.0000,0.0000,0.0000,3.1083,-0.2110,0.0000,-0.0578,-0.1269,0.3982
1774945211.8712,0.0000,0.0000,0.0000,0.0000,0.0000,3.1053,-0.2079,0.0000,-0.1004,-0.0672,0.4440
1774945211.8913,0.0000,0.0000,0.0000,0.0000,0.0000,3.1053,-0.2076,0.0000,-0.1462,-0.0161,0.4557
1774945211.9113,0.0000,0.0000,0.0000,0.0000,0.0000,3.1040,-0.2106,0.0000,-0.0120,0.0138,0.4728
1774945211.9314,0.0000,0.0000,0.0000,0.0000,0.0000,3.1057,-0.2110,0.0000,-0.0386,0.0787,0.4664
1774945211.9513,0.0000,0.0000,0.0000,0.0000,0.0000,3.1050,-0.2113,0.0000,0.0221,-0.0747,0.4866
1774945211.9714,0.0000,0.0000,0.0000,0.0000,0.0000,3.1057,-0.2106,0.0000,0.0061,-0.2195,0.5772
1774945211.9914,0.0000,0.0000,0.0000,0.0000,0.0000,3.1024,-0.2072,-140.1875,-0.2836,-0.0352,0.6379
1774945212.0113,0.0000,0.0000,0.0000,0.0000,0.0000,3.1013,-0.2036,0.0000,-0.2155,-0.0491,0.6443
1774945212.0312,0.0000,0.0000,0.0000,0.0000,0.0000,3.1068,-0.2075,0.0000,-0.0440,-0.0022,0.5633
1774945212.0514,0.0000,0.0000,0.0000,0.0000,0.0000,3.1117,-0.2105,-61.1256,0.0658,0.0606,0.4238
1774945212.0714,0.0000,0.0000,0.0000,0.0000,0.0000,3.1116,-0.2090,0.0000,0.0019,0.0031,0.5132
1774945212.0912,0.0000,0.0000,0.0000,0.0000,0.0000,3.1112,-0.2058,0.0000,-0.0759,-0.1684,0.5697
1774945212.1114,0.0000,0.0000,0.0000,0.0000,0.0000,3.1082,-0.2033,-70.9857,-0.0780,-0.1407,0.6549
1774945212.1322,0.0000,0.0000,0.0000,0.0000,0.0000,3.1073,-0.2020,-48.9787,-0.2133,0.0393,0.6027
1774945212.1513,0.0000,0.0000,0.0000,0.0000,0.0000,3.1083,-0.2055,89.7659,-0.0578,0.0479,0.5740
1774945212.1714,0.0000,0.0000,0.0000,0.0000,0.0000,3.1079,-0.2112,0.0000,-0.0738,0.1309,0.5835
1774945212.1917,0.0000,0.0000,0.0000,0.0000,0.0000,3.1066,-0.2137,43.5756,-0.1473,0.0212,0.5367
1774945212.2115,0.0000,0.0000,0.0000,0.0000,0.0000,3.1046,-0.2136,-1.3383,-0.0386,-0.0683,0.5835
1774945212.2313,0.0000,0.0000,0.0000,0.0000,0.0000,3.1037,-0.2133,-81.7428,-0.0642,-0.1098,0.5463
1774945212.2512,0.0000,0.0000,0.0000,0.0000,0.0000,3.1062,-0.2124,-77.9349,0.0477,-0.0331,0.5324
1774945212.2715,0.0000,0.0000,0.0000,0.0000,0.0000,3.1081,-0.2149,-40.4868,-0.0163,0.1118,0.4536
1774945212.2913,0.0000,0.0000,0.0000,0.0000,0.0000,3.1049,-0.2138,-88.4966,-0.1430,0.0809,0.4270
1774945212.3113,0.0000,0.0000,0.0000,0.0000,0.0000,3.0981,-0.2113,72.6766,-0.4147,-0.0075,0.4706
1774945212.3314,0.0000,0.0000,0.0000,0.0000,0.0000,3.0979,-0.2109,-117.2091,-0.2219,-0.0267,0.4429
1774945212.3513,0.0000,0.0000,0.0000,0.0000,0.0000,3.0940,-0.2103,-86.1914,-0.1686,0.0010,0.4962
1774945212.3714,0.0000,0.0000,0.0000,0.0000,0.0000,3.0943,-0.2114,-6.0023,-0.1153,0.0734,0.4152
1774945212.3913,0.0000,0.0000,0.0000,0.0000,0.0000,3.0926,-0.2110,44.9459,-0.1025,-0.0150,0.4174
1774945212.4114,0.0000,0.0000,0.0000,0.0000,0.0000,3.0947,-0.2093,-35.4825,-0.0727,-0.0214,0.4003
1774945212.4312,0.0000,0.0000,0.0000,0.0000,0.0000,3.0980,-0.2108,-9.7699,0.0125,0.1363,0.3843
1774945212.4515,0.0000,0.0000,0.0000,0.0000,0.0000,3.0974,-0.2119,72.7864,-0.0493,0.1810,0.3662
1774945212.4720,0.0000,0.0000,0.0000,0.0000,0.0000,3.0967,-0.2125,-83.4274,-0.0248,0.0329,0.3620
1774945212.4913,0.0000,0.0000,0.0000,0.0000,0.0000,3.0957,-0.2139,-153.0381,0.0668,0.0574,0.2895
1774945212.5113,0.0000,0.0000,0.0000,0.0000,0.0000,3.0953,-0.2121,175.5861,-0.0812,-0.0043,0.2831
1774945212.5318,0.0000,0.0000,0.0000,0.0000,0.0000,3.0987,-0.2110,129.1817,0.2330,-0.1024,0.2810
1774945212.5513,0.0000,0.0000,0.0000,0.0000,0.0000,3.1071,-0.2089,-33.2818,0.2596,-0.1737,0.1329
1774945212.5713,0.0000,0.0000,0.0000,0.0000,0.0000,3.1138,-0.2072,-166.6536,0.1872,-0.0725,0.0307
1774945212.5913,0.0000,0.0000,0.0000,0.0000,0.0000,3.1196,-0.2108,-64.4990,0.2394,0.2321,-0.0503
1774945212.6112,0.0000,0.0000,0.0000,0.0000,0.0000,3.1275,-0.2136,37.1599,0.3406,0.1693,-0.0737
1774945212.6313,0.0000,0.0000,0.0000,0.0000,0.0000,3.1333,-0.2122,-58.4804,0.3044,-0.0299,-0.0269
1774945212.6513,0.0000,0.0000,0.0000,0.0000,0.0000,3.1378,-0.2091,-30.6414,0.2064,-0.1002,0.0083
1774945212.6713,0.0000,0.0000,0.0000,0.0000,0.0000,-3.1414,-0.2103,54.3898,0.0647,0.0415,0.0275
1774945212.6913,0.0000,0.0000,0.0000,0.0000,0.0000,-3.1362,-0.2132,45.3691,-0.0088,0.1395,0.0616
1774945212.7112,0.0000,0.0000,0.0000,0.0000,0.0000,-3.1303,-0.2162,54.4657,0.0785,0.1459,0.0722
1774945212.7314,0.0000,0.0000,0.0000,0.0000,0.0000,-3.1263,-0.2190,97.2519,0.1531,0.0777,0.0712
1774945212.7512,0.0000,0.0000,0.0000,0.0000,0.0000,-3.1240,-0.2207,-44.1492,0.0498,0.0244,0.0371
1774945212.7713,0.0000,0.0000,0.0000,0.0000,0.0000,-3.1229,-0.2198,-46.1190,0.0338,-0.0182,0.0115
1774945212.7913,0.0000,0.0000,0.0000,0.0000,0.0000,-3.1234,-0.2157,24.6167,-0.0333,-0.1822,-0.0066
1774945212.8113,0.0000,0.0000,0.0000,0.0000,0.0000,-3.1246,-0.2110,69.8554,-0.2187,-0.3633,-0.0269
1774945212.8314,0.0000,0.0000,0.0000,0.0000,0.0000,-3.1262,-0.2077,-44.8690,-0.1984,-0.2866,-0.0226
1774945212.8513,0.0000,0.0000,0.0000,0.0000,0.0000,-3.1250,-0.2038,27.3936,-0.1089,-0.1993,-0.0343
1774945212.8717,0.0000,0.0000,0.0000,0.0000,0.0000,-3.1239,-0.2033,-32.3117,-0.0525,-0.0320,-0.0364
1774945212.8913,0.0000,0.0000,0.0000,0.0000,0.0000,-3.1244,-0.2048,103.9326,-0.0067,0.0692,-0.0269
1774945212.9115,0.0000,0.0000,0.0000,0.0000,0.0000,-3.1287,-0.2037,55.9625,-0.0748,0.0404,-0.0269
1774945212.9316,0.0000,0.0000,0.0000,0.0000,0.0000,-3.1337,-0.2021,30.6580,-0.1015,-0.0470,-0.0247
1774945212.9512,0.0000,0.0000,0.0000,0.0000,0.0000,-3.1391,-0.1992,-32.5176,-0.0844,-0.0523,-0.0194
1774945212.9717,0.0000,0.0000,0.0000,0.0000,0.0000,-3.1395,-0.1976,-28.8016,-0.0706,0.0148,-0.0055
1774945212.9912,0.0000,0.0000,0.0000,0.0000,0.0000,-3.1414,-0.1960,-62.0807,-0.0290,0.0180,0.0988
1774945213.0121,0.0000,0.0000,0.0000,0.0000,0.0000,3.1379,-0.1980,-1.6494,-0.0472,0.1799,0.2352
1774945213.0315,0.0000,0.0000,0.0000,0.0000,0.0000,3.1357,-0.2027,-5.6716,-0.1473,0.2417,0.3183
1774945213.0513,0.0000,0.0000,0.0000,0.0000,0.0000,3.1340,-0.2075,8.2306,-0.1196,0.2545,0.3556
1774945213.0715,0.0000,0.0000,0.0000,0.0000,0.0000,3.1352,-0.2111,22.3068,-0.0578,0.1544,0.3332
1774945213.0913,0.0000,0.0000,0.0000,0.0000,0.0000,3.1358,-0.2146,41.7537,-0.2005,0.1182,0.2693
1774945213.1119,0.0000,0.0000,0.0000,0.0000,0.0000,3.1355,-0.2150,4.4231,-0.0866,-0.0480,0.2309
1774945213.1313,0.0000,0.0000,0.0000,0.0000,0.0000,3.1355,-0.2180,-26.5959,-0.0418,0.0553,0.2022
1774945213.1512,0.0000,0.0000,0.0000,0.0000,0.0000,3.1359,-0.2196,19.6109,0.0146,0.0489,0.1787
1774945213.1713,0.0000,0.0000,0.0000,0.0000,0.0000,3.1364,-0.2206,119.9375,0.0743,0.0436,0.1596
1774945213.1913,0.0000,0.0000,0.0000,0.0000,0.0000,3.1355,-0.2187,48.8330,-0.0599,-0.0885,0.1468
1774945213.2114,0.0000,0.0000,0.0000,0.0000,0.0000,3.1357,-0.2161,53.7106,-0.0770,-0.1205,0.1180
1774945213.2313,0.0000,0.0000,0.0000,0.0000,0.0000,3.1327,-0.2124,48.1392,-0.1739,-0.1215,0.1425
1774945213.2513,0.0000,0.0000,0.0000,0.0000,0.0000,3.1325,-0.2107,34.8801,-0.1036,-0.0960,0.1606
1774945213.2713,0.0000,0.0000,0.0000,0.0000,0.0000,3.1344,-0.2113,57.9271,0.0178,0.0297,0.1745
1774945213.2913,0.0000,0.0000,0.0000,0.0000,0.0000,3.1338,-0.2124,124.4452,-0.0610,0.0585,0.1947
1774945213.3113,0.0000,0.0000,0.0000,0.0000,0.0000,3.1306,-0.2126,104.7065,-0.1100,0.0148,0.2214
1774945213.3313,0.0000,0.0000,0.0000,0.0000,0.0000,3.1299,-0.2141,-23.2194,-0.1782,0.0319,0.0893
1774945213.3514,0.0000,0.0000,0.0000,0.0000,0.0000,3.1311,-0.2167,57.5120,-0.0290,0.0851,-0.0567
1774945213.3713,0.0000,0.0000,0.0000,0.0000,0.0000,3.1352,-0.2159,-9.5984,0.1489,-0.0651,-0.1355
1774945213.3913,0.0000,0.0000,0.0000,0.0000,0.0000,3.1344,-0.2164,26.5215,0.0754,0.0393,-0.1632
1774945213.4113,0.0000,0.0000,0.0000,0.0000,0.0000,3.1311,-0.2149,107.0684,0.0093,-0.0459,-0.1153
1774945213.4322,0.0000,0.0000,0.0000,0.0000,0.0000,3.1307,-0.2120,1.1528,0.1073,-0.1854,-0.0439
1774945213.4513,0.0000,0.0000,0.0000,0.0000,0.0000,3.1325,-0.2109,-64.2319,0.1478,-0.0416,0.0349
1774945213.4716,0.0000,0.0000,0.0000,0.0000,0.0000,3.1330,-0.2076,60.8242,0.0615,0.0074,0.0733
1774945213.4913,0.0000,0.0000,0.0000,0.0000,0.0000,3.1371,-0.2080,69.9398,0.0530,0.0052,0.0775
1774945213.5112,0.0000,0.0000,0.0000,0.0000,0.0000,3.1410,-0.2099,-56.4141,0.0434,0.0372,0.0509
1774945213.5313,0.0000,0.0000,0.0000,0.0000,0.0000,-3.1398,-0.2115,91.9010,-0.0163,0.0947,0.0136
1774945213.5512,0.0000,0.0000,0.0000,0.0000,0.0000,-3.1366,-0.2107,46.7529,0.0423,-0.0225,-0.0141
1774945213.5714,0.0000,0.0000,0.0000,0.0000,0.0000,-3.1316,-0.2095,-50.5349,0.1723,-0.0949,-0.0151
1774945213.5913,0.0000,0.0000,0.0000,0.0000,0.0000,-3.1316,-0.2115,-2.1031,0.0828,0.1096,-0.0162
1774945213.6113,0.0000,0.0000,0.0000,0.0000,0.0000,-3.1344,-0.2129,33.2105,-0.0099,0.0734,0.0147
1774945213.6313,0.0000,0.0000,0.0000,0.0000,0.0000,-3.1332,-0.2127,-101.3145,0.0477,-0.0129,0.0062
1774945213.6515,0.0000,0.0000,0.0000,0.0000,0.0000,-3.1315,-0.2132,-117.4289,0.0402,0.0127,0.0232
1774945213.6713,0.0000,0.0000,0.0000,0.0000,0.0000,-3.1296,-0.2146,-29.5304,-0.0301,0.0585,0.0360
1774945213.6912,0.0000,0.0000,0.0000,0.0000,0.0000,-3.1272,-0.2173,12.0067,0.0200,0.0489,0.0008
1774945213.7113,0.0000,0.0000,0.0000,0.0000,0.0000,-3.1269,-0.2190,10.1255,-0.0386,0.0532,-0.0226
1774945213.7314,0.0000,0.0000,0.0000,0.0000,0.0000,-3.1262,-0.2187,-17.0434,-0.0663,-0.0182,-0.0130
1774945213.7514,0.0000,0.0000,0.0000,0.0000,0.0000,-3.1254,-0.2186,3.6567,0.0338,-0.0960,0.0158
1774945213.7713,0.0000,0.0000,0.0000,0.0000,0.0000,-3.1250,-0.2145,16.1965,0.0540,-0.2089,0.0307
1774945213.7913,0.0000,0.0000,0.0000,0.0000,0.0000,-3.1273,-0.2125,-9.2236,-0.0312,-0.1396,0.0243
1774945213.8154,0.0000,0.0000,0.0000,0.0000,0.0000,-3.1292,-0.2138,-27.4088,-0.1164,-0.0022,-0.0205
1774945213.8312,0.0000,0.0000,0.0000,0.0000,0.0000,-3.1297,-0.2128,-17.7883,-0.0301,-0.0395,0.0445
1774945213.8517,0.0000,0.0000,0.0000,0.0000,0.0000,-3.1325,-0.2111,-33.0322,-0.0908,0.0063,0.1958
1774945213.8713,0.0000,0.0000,0.0000,0.0000,0.0000,-3.1355,-0.2086,53.6617,-0.1281,0.0074,0.2895
1774945213.8914,0.0000,0.0000,0.0000,0.0000,0.0000,-3.1392,-0.2070,6.9084,-0.2016,-0.0097,0.3140
1774945213.9113,0.0000,0.0000,0.0000,0.0000,0.0000,3.1381,-0.2067,40.8151,-0.2719,0.0489,0.3630
1774945213.9313,0.0000,0.0000,0.0000,0.0000,0.0000,3.1375,-0.2094,96.9305,-0.1867,0.1000,0.1926
1774945213.9513,0.0000,0.0000,0.0000,0.0000,0.0000,3.1386,-0.2090,34.1114,-0.0535,0.0010,-0.0066
1774945213.9712,0.0000,0.0000,0.0000,0.0000,0.0000,3.1400,-0.2072,-55.6089,0.0391,-0.0246,-0.1440
1774945213.9913,0.0000,0.0000,0.0000,0.0000,0.0000,3.1410,-0.2059,-25.7488,0.0658,0.0755,-0.2218
1774945214.0113,0.0000,0.0000,0.0000,0.0000,0.0000,3.1398,-0.2061,-4.5130,0.0306,0.1192,-0.1728
1774945214.0313,0.0000,0.0000,0.0000,0.0000,0.0000,3.1379,-0.2051,1.8831,0.0423,0.0777,-0.0545
1774945214.0513,0.0000,0.0000,0.0000,0.0000,0.0000,3.1371,-0.2038,49.6714,0.0945,0.0617,0.0861
1774945214.0713,0.0000,0.0000,0.0000,0.0000,0.0000,3.1394,-0.2022,75.7230,0.2458,-0.0043,0.1393
1774945214.0912,0.0000,0.0000,0.0000,0.0000,0.0000,-3.1415,-0.1988,67.6162,0.1307,-0.1173,0.2586
1774945214.1113,0.0000,0.0000,0.0000,0.0000,0.0000,-3.1414,-0.1994,-18.5319,-0.0834,0.0223,0.3194
1774945214.1313,0.0000,0.0000,0.0000,0.0000,0.0000,-3.1373,-0.2034,139.9980,-0.0472,0.1629,0.2981
1774945214.1512,0.0000,0.0000,0.0000,0.0000,0.0000,-3.1365,-0.2039,144.0246,-0.0440,0.0479,0.2842
1774945214.1712,0.0000,0.0000,0.0000,0.0000,0.0000,-3.1368,-0.2065,53.2629,-0.0408,0.0660,0.2437
1774945214.1921,0.0000,0.0000,0.0000,0.0000,0.0000,-3.1337,-0.2078,46.6142,-0.0131,0.0553,0.1819
1774945214.2114,0.0000,0.0000,0.0000,0.0000,0.0000,-3.1335,-0.2086,-13.4593,-0.0578,0.0052,0.1670
1774945214.2312,0.0000,0.0000,0.0000,0.0000,0.0000,-3.1326,-0.2087,-126.4765,-0.0354,-0.0193,0.1479
1774945214.2513,0.0000,0.0000,0.0000,0.0000,0.0000,-3.1321,-0.2085,68.6211,-0.0621,0.0468,0.1265
1774945214.2712,0.0000,0.0000,0.0000,0.0000,0.0000,-3.1326,-0.2075,48.1040,-0.0706,0.0106,0.1542
1774945214.2913,0.0000,0.0000,0.0000,0.0000,0.0000,-3.1331,-0.2072,-18.1590,-0.0631,0.0436,0.1926
1774945214.3122,0.0000,0.0000,0.0000,0.0000,0.0000,-3.1339,-0.2068,-70.8914,-0.0695,0.0670,0.1947
1774945214.3313,0.0000,0.0000,0.0000,0.0000,0.0000,-3.1352,-0.2065,-92.8433,-0.1175,0.0404,0.2118
1774945214.3513,0.0000,0.0000,0.0000,0.0000,0.0000,-3.1343,-0.2068,-155.6137,-0.0780,0.0010,0.2043
1774945214.3713,0.0000,0.0000,0.0000,0.0000,0.0000,-3.1346,-0.2078,-26.9944,-0.0908,-0.0043,0.2054
1774945214.3914,0.0000,0.0000,0.0000,0.0000,0.0000,-3.1344,-0.2084,0.0000,-0.0280,0.0116,0.2064
1774945214.4113,0.0000,0.0000,0.0000,0.0000,0.0000,-3.1365,-0.2105,-54.6446,-0.0450,-0.0395,0.2224
1774945214.4313,0.0000,0.0000,0.0000,0.0000,0.0000,-3.1402,-0.2094,0.0000,-0.0376,0.0532,0.2352
1774945214.4513,0.0000,0.0000,0.0000,0.0000,0.0000,-3.1406,-0.2106,-134.7117,-0.0621,0.0489,0.2405
1774945214.4713,0.0000,0.0000,0.0000,0.0000,0.0000,-3.1412,-0.2092,0.0000,-0.0876,0.0265,0.2981
1774945214.4913,0.0000,0.0000,0.0000,0.0000,0.0000,3.1406,-0.2095,0.0000,-0.1004,0.0713,0.2618
1774945214.5114,0.0000,0.0000,0.0000,0.0000,0.0000,3.1396,-0.2099,0.0000,-0.0908,0.0127,0.2352
1774945214.5314,0.0000,0.0000,0.0000,0.0000,0.0000,3.1370,-0.2128,0.0000,-0.1121,-0.0193,0.2150
1774945214.5513,0.0000,0.0000,0.0000,0.0000,0.0000,3.1357,-0.2155,0.0000,-0.0674,-0.0395,0.2352
1774945214.5713,0.0000,0.0000,0.0000,0.0000,0.0000,3.1371,-0.2185,0.0000,-0.0195,0.0180,0.2608
1774945214.5913,0.0000,0.0000,0.0000,0.0000,0.0000,3.1352,-0.2162,0.0000,-0.0621,-0.1151,0.2661
1774945214.6113,0.0000,0.0000,0.0000,0.0000,0.0000,3.1392,-0.2151,0.0000,0.0722,-0.0565,0.2650
1774945214.6313,0.0000,0.0000,0.0000,0.0000,0.0000,3.1386,-0.2159,0.0000,-0.0717,0.0020,0.3481
1774945214.6513,0.0000,0.0000,0.0000,0.0000,0.0000,-3.1390,-0.2182,0.0000,0.1307,0.0138,0.3257
1774945214.6713,0.0000,0.0000,0.0000,0.0000,0.0000,3.1408,-0.2183,0.0000,-0.0077,0.0329,0.3460
1774945214.6940,0.0000,0.0000,0.0000,0.0000,0.0000,-3.1404,-0.2187,0.0000,0.0700,0.0702,0.2799
1774945214.7114,0.0000,0.0000,0.0000,0.0000,0.0000,3.1406,-0.2165,-81.9662,-0.1462,-0.0629,0.2629
1774945214.7312,0.0000,0.0000,0.0000,0.0000,0.0000,3.1412,-0.2150,0.0000,-0.1217,-0.1130,0.2682
1774945214.7513,0.0000,0.0000,0.0000,0.0000,0.0000,3.1411,-0.2140,-28.8515,-0.1079,-0.0917,0.2863
1774945214.7713,0.0000,0.0000,0.0000,0.0000,0.0000,-3.1414,-0.2132,49.1343,-0.0951,-0.0352,0.2704
1774945214.7912,0.0000,0.0000,0.0000,0.0000,0.0000,-3.1399,-0.2088,0.0000,0.1350,-0.0544,0.3385
1774945214.8113,0.0000,0.0000,0.0000,0.0000,0.0000,-3.1393,-0.2074,168.1134,-0.0227,-0.0480,0.3343
1774945214.8315,0.0000,0.0000,0.0000,0.0000,0.0000,-3.1399,-0.2066,-107.3237,0.0029,-0.0736,0.3524
1774945214.8512,0.0000,0.0000,0.0000,0.0000,0.0000,3.1410,-0.2087,-188.4767,-0.0099,-0.0012,0.3918
1774945214.8713,0.0000,0.0000,0.0000,0.0000,0.0000,3.1412,-0.2106,0.0000,-0.1462,0.0095,0.2661
1774945214.8912,0.0000,0.0000,0.0000,0.0000,0.0000,3.1393,-0.2119,-26.1881,-0.1398,-0.0715,0.2917
1774945214.9113,0.0000,0.0000,0.0000,0.0000,0.0000,3.1407,-0.2136,-20.5781,-0.1100,-0.0736,0.2384
1774945214.9313,0.0000,0.0000,0.0000,0.0000,0.0000,-3.1415,-0.2143,-43.0665,-0.0951,-0.0001,0.2363
1774945214.9513,0.0000,0.0000,0.0000,0.0000,0.0000,-3.1401,-0.2153,63.5672,-0.0344,0.0308,0.2586
1774945214.9713,0.0000,0.0000,0.0000,0.0000,0.0000,-3.1411,-0.2137,55.2610,-0.0056,0.0372,0.2757
1774945214.9913,0.0000,0.0000,0.0000,0.0000,0.0000,3.1396,-0.2106,-144.8143,-0.0088,-0.0459,0.3055
1774945215.0112,0.0000,0.0000,0.0000,0.0000,0.0000,3.1398,-0.2110,-46.2113,-0.0173,0.0777,0.2714
1774945215.0325,0.0000,0.0000,0.0000,0.0000,0.0000,3.1382,-0.2083,1.6719,-0.1505,-0.0320,0.2789
1774945215.0513,0.0000,0.0000,0.0000,0.0000,0.0000,3.1356,-0.2069,127.7136,-0.2187,0.0713,0.2863
1774945215.0716,0.0000,0.0000,0.0000,0.0000,0.0000,3.1360,-0.2061,-101.4181,-0.1207,0.0553,0.1564
1774945215.0916,0.0000,0.0000,0.0000,0.0000,0.0000,3.1414,-0.2079,-38.8708,0.0881,0.1011,-0.0013
1774945215.1116,0.0000,0.0000,0.0000,0.0000,0.0000,-3.1380,-0.2125,-29.3822,0.0988,0.1128,-0.1249
1774945215.1314,0.0000,0.0000,0.0000,0.0000,0.0000,-3.1376,-0.2155,-32.1076,0.1148,0.0766,-0.1515
1774945215.1513,0.0000,0.0000,0.0000,0.0000,0.0000,-3.1387,-0.2190,30.5600,0.1137,0.0244,-0.1366
1774945215.1713,0.0000,0.0000,0.0000,0.0000,0.0000,-3.1394,-0.2215,-29.5816,0.1084,-0.0363,-0.0577
1774945215.1913,0.0000,0.0000,0.0000,0.0000,0.0000,-3.1407,-0.2222,-28.8342,0.0210,-0.0075,0.0296
1774945215.2114,0.0000,0.0000,0.0000,0.0000,0.0000,-3.1398,-0.2244,42.5666,-0.0706,0.0297,0.0839
1774945215.2315,0.0000,0.0000,0.0000,0.0000,0.0000,-3.1394,-0.2269,44.1945,0.0040,0.0638,0.1138
1774945215.2526,0.0000,0.0000,0.0000,0.0000,0.0000,-3.1343,-0.2281,-61.8161,0.1254,-0.0853,0.0594
1774945215.2712,0.0000,0.0000,0.0000,0.0000,0.0000,-3.1328,-0.2270,-18.8803,0.0295,-0.1162,0.0381
1774945215.2913,0.0000,0.0000,0.0000,0.0000,0.0000,-3.1317,-0.2266,-16.5452,0.0445,-0.1631,-0.0024
1774945215.3113,0.0000,0.0000,0.0000,0.0000,0.0000,-3.1301,-0.2261,6.2194,0.0572,-0.1524,-0.0066
1774945215.3313,0.0000,0.0000,0.0000,0.0000,0.0000,-3.1293,-0.2258,46.0837,0.0498,-0.0800,-0.0183
1774945215.3515,0.0000,0.0000,0.0000,0.0000,0.0000,-3.1283,-0.2251,-28.7232,0.0562,-0.1194,-0.0087
1774945215.3715,0.0000,0.0000,0.0000,0.0000,0.0000,-3.1268,-0.2252,-14.3124,0.1031,-0.0651,-0.0194
1774945215.3913,0.0000,0.0000,0.0000,0.0000,0.0000,-3.1271,-0.2189,42.9029,0.0935,-0.2771,0.0062
1774945215.4114,0.0000,0.0000,0.0000,0.0000,0.0000,-3.1271,-0.2143,36.2346,0.0093,-0.2877,0.0498
1774945215.4313,0.0000,0.0000,0.0000,0.0000,0.0000,-3.1243,-0.2123,26.5227,0.0711,-0.1034,0.0317
1774945215.4514,0.0000,0.0000,0.0000,0.0000,0.0000,-3.1223,-0.2132,-42.6544,0.0327,0.0212,0.0083
1774945215.4713,0.0000,0.0000,0.0000,0.0000,0.0000,-3.1187,-0.2120,51.6327,-0.0141,-0.0075,-0.0024
1774945215.4912,0.0000,0.0000,0.0000,0.0000,0.0000,-3.1193,-0.2117,-40.0166,-0.0717,-0.0459,-0.0066
1774945215.5113,0.0000,0.0000,0.0000,0.0000,0.0000,-3.1176,-0.2091,9.8467,-0.0216,-0.1109,-0.0205
1774945215.5317,0.0000,0.0000,0.0000,0.0000,0.0000,-3.1170,-0.2042,68.1825,-0.0727,-0.1332,-0.0013
1774945215.5513,0.0000,0.0000,0.0000,0.0000,0.0000,-3.1180,-0.2046,-62.0966,-0.1164,-0.0182,-0.0013
1774945215.5713,0.0000,0.0000,0.0000,0.0000,0.0000,-3.1162,-0.2082,-54.8896,-0.0205,0.1427,-0.0151
1774945215.5915,0.0000,0.0000,0.0000,0.0000,0.0000,-3.1150,-0.2140,35.1968,0.0040,0.1309,0.0019
1774945215.6124,0.0000,0.0000,0.0000,0.0000,0.0000,-3.1170,-0.2192,-1.6999,-0.0535,0.1554,0.0072
1774945215.6315,0.0000,0.0000,0.0000,0.0000,0.0000,-3.1207,-0.2233,-0.5816,-0.1175,0.1160,0.0190
1774945215.6512,0.0000,0.0000,0.0000,0.0000,0.0000,-3.1253,-0.2253,6.6505,-0.1356,0.0425,0.0072
1774945215.6713,0.0000,0.0000,0.0000,0.0000,0.0000,-3.1235,-0.2263,34.9104,-0.0418,-0.0619,-0.0162
1774945215.6912,0.0000,0.0000,0.0000,0.0000,0.0000,-3.1227,-0.2259,14.4788,-0.0578,-0.0853,-0.0173
1774945215.7112,0.0000,0.0000,0.0000,0.0000,0.0000,-3.1247,-0.2255,116.9358,-0.0791,0.0052,-0.0194
1774945215.7313,0.0000,0.0000,0.0000,0.0000,0.0000,-3.1242,-0.2244,85.2337,-0.0141,-0.0416,-0.0077
1774945215.7514,0.0000,0.0000,0.0000,0.0000,0.0000,-3.1262,-0.2254,8.5194,-0.0365,0.0510,0.0083
1774945215.7721,0.0000,0.0000,0.0000,0.0000,0.0000,-3.1270,-0.2269,16.7586,0.0104,0.0223,0.0232
1774945215.7913,0.0000,0.0000,0.0000,0.0000,0.0000,-3.1244,-0.2256,-48.2745,0.0445,-0.0288,-0.0205
1774945215.8114,0.0000,0.0000,0.0000,0.0000,0.0000,-3.1260,-0.2242,33.2258,-0.0472,-0.0512,-0.0162
1774945215.8313,0.0000,0.0000,0.0000,0.0000,0.0000,-3.1253,-0.2242,-15.6215,-0.0045,-0.0033,-0.0055
1774945215.8513,0.0000,0.0000,0.0000,0.0000,0.0000,-3.1249,-0.2226,-15.8270,0.0626,-0.0288,-0.0258
1774945215.8712,0.0000,0.0000,0.0000,0.0000,0.0000,-3.1276,-0.2222,45.0519,-0.0333,-0.0736,0.0008
1774945215.8929,0.0000,0.0000,0.0000,0.0000,0.0000,-3.1242,-0.2230,-37.6605,0.0807,0.0191,-0.0205
1774945215.9115,0.0000,0.0000,0.0000,0.0000,0.0000,-3.1261,-0.2227,-29.7593,-0.0088,0.0553,-0.0087
1774945215.9425,0.0000,0.0000,0.0000,0.0000,0.0000,-3.1252,-0.2208,80.3974,-0.0653,-0.0182,-0.0109
1774945215.9521,0.0000,0.0000,0.0000,0.0000,0.0000,-3.1239,-0.2182,-60.3196,-0.0088,-0.0832,-0.0045
1774945215.9713,0.0000,0.0000,0.0000,0.0000,0.0000,-3.1227,-0.2182,27.6787,-0.0056,0.0681,-0.0109
1774945215.9913,0.0000,0.0000,0.0000,0.0000,0.0000,-3.1230,-0.2164,-13.7972,-0.0791,0.0127,-0.0045
1774945216.0113,0.0000,0.0000,0.0000,0.0000,0.0000,-3.1247,-0.2135,-114.4362,-0.0567,-0.0619,0.0051
1774945216.0313,0.0000,0.0000,0.0000,0.0000,0.0000,-3.1238,-0.2092,18.1724,0.0722,-0.0278,0.0072
1774945216.0513,0.0000,0.0000,0.0000,0.0000,0.0000,-3.1249,-0.2041,87.3210,-0.0152,-0.0938,0.0264
1774945216.0713,0.0000,0.0000,0.0000,0.0000,0.0000,-3.1250,-0.2015,-12.4590,-0.0621,-0.0033,0.0413
1774945216.0912,0.0000,0.0000,0.0000,0.0000,0.0000,-3.1253,-0.2003,-56.5710,-0.0770,0.1906,0.0232
1774945216.1137,0.0000,0.0000,0.0000,0.0000,0.0000,-3.1248,-0.2012,-27.4769,-0.0642,0.2428,0.0328
1774945216.1313,0.0000,0.0000,0.0000,0.0000,0.0000,-3.1253,-0.2032,-25.3329,-0.0503,0.1917,0.0030
1774945216.1512,0.0000,0.0000,0.0000,0.0000,0.0000,-3.1249,-0.2047,-48.6236,-0.0503,0.1586,-0.0311
1774945216.1736,0.0000,0.0000,0.0000,0.0000,0.0000,-3.1270,-0.2058,-36.5552,-0.1068,0.1299,-0.0343
1774945216.1913,0.0000,0.0000,0.0000,0.0000,0.0000,-3.1246,-0.2092,-10.0986,0.0168,0.1736,-0.0705
1774945216.2112,0.0000,0.0000,0.0000,0.0000,0.0000,-3.1222,-0.2110,-8.9447,0.0104,0.0574,-0.1131
1774945216.2317,0.0000,0.0000,0.0000,0.0000,0.0000,-3.1197,-0.2159,34.7767,0.0967,0.1501,-0.2324
1774945216.2517,0.0000,0.0000,0.0000,0.0000,0.0000,-3.1217,-0.2186,52.6222,0.0295,0.1789,-0.2751
1774945216.2712,0.0000,0.0000,0.0000,0.0000,0.0000,-3.1210,-0.2194,55.3576,0.0796,0.0596,-0.2442
1774945216.2913,0.0000,0.0000,0.0000,0.0000,0.0000,-3.1229,-0.2225,-39.8637,0.0700,0.0979,-0.1781
1774945216.3112,0.0000,0.0000,0.0000,0.0000,0.0000,-3.1227,-0.2236,2.8301,0.0082,0.0883,-0.1472
1774945216.3312,0.0000,0.0000,0.0000,0.0000,0.0000,-3.1191,-0.2215,-80.0634,0.0754,-0.0406,-0.1994
1774945216.3525,0.0000,0.0000,0.0000,0.0000,0.0000,-3.1168,-0.2197,-123.6517,0.0828,-0.0448,-0.3134
1774945216.3716,0.0000,0.0000,0.0000,0.0000,0.0000,-3.1131,-0.2182,-2.0626,0.1819,-0.0533,-0.4018
1774945216.3913,0.0000,0.0000,0.0000,0.0000,0.0000,-3.1121,-0.2176,-59.7862,0.0466,-0.0565,-0.4743
1774945216.4113,0.0000,0.0000,0.0000,0.0000,0.0000,-3.1104,-0.2178,-137.7009,0.0061,-0.0491,-0.5126
1774945216.4313,0.0000,0.0000,0.0000,0.0000,0.0000,-3.1097,-0.2171,48.7591,0.0317,-0.0725,-0.5520
1774945216.4515,0.0000,0.0000,0.0000,0.0000,0.0000,-3.1102,-0.2132,79.8827,0.0924,-0.1897,-0.4689
1774945216.4714,0.0000,0.0000,0.0000,0.0000,0.0000,-3.1080,-0.2094,62.7165,0.1212,-0.0896,-0.4519
1774945216.4914,0.0000,0.0000,0.0000,0.0000,0.0000,-3.1075,-0.2057,-39.2934,0.0988,-0.1183,-0.4348
1774945216.5113,0.0000,0.0000,0.0000,0.0000,0.0000,-3.1079,-0.2069,2.4617,0.1009,0.0681,-0.4327
1774945216.5313,0.0000,0.0000,0.0000,0.0000,0.0000,-3.1114,-0.2085,32.5752,0.0189,0.1331,-0.4061
1774945216.5514,0.0000,0.0000,0.0000,0.0000,0.0000,-3.1089,-0.2088,144.1063,0.1307,-0.0810,-0.4519
1774945216.5716,0.0000,0.0000,0.0000,0.0000,0.0000,-3.1081,-0.2064,49.7652,0.0796,-0.1780,-0.4210
1774945216.5915,0.0000,0.0000,0.0000,0.0000,0.0000,-3.1098,-0.2086,60.5945,0.0242,0.0042,-0.4189
1774945216.6114,0.0000,0.0000,0.0000,0.0000,0.0000,-3.1120,-0.2085,34.4743,-0.0418,0.0532,-0.3890
1774945216.6315,0.0000,0.0000,0.0000,0.0000,0.0000,-3.1161,-0.2085,-20.0570,-0.0535,0.0329,-0.3358
1774945216.6514,0.0000,0.0000,0.0000,0.0000,0.0000,-3.1170,-0.2112,36.8871,-0.0418,0.1235,-0.4061
1774945216.6712,0.0000,0.0000,0.0000,0.0000,0.0000,-3.1153,-0.2124,89.3597,0.0242,0.0745,-0.4508
1774945216.6913,0.0000,0.0000,0.0000,0.0000,0.0000,-3.1178,-0.2131,141.5217,0.0434,0.0628,-0.3922
1774945216.7119,0.0000,0.0000,0.0000,0.0000,0.0000,-3.1141,-0.2144,-48.2924,0.1851,0.0212,-0.3763
1774945216.7313,0.0000,0.0000,0.0000,0.0000,0.0000,-3.1158,-0.2163,79.4784,0.0445,0.0415,-0.2527
1774945216.7521,0.0000,0.0000,0.0000,0.0000,0.0000,-3.1132,-0.2190,-62.8639,0.0849,-0.0352,-0.2665
1774945216.7715,0.0000,0.0000,0.0000,0.0000,0.0000,-3.1125,-0.2215,-94.4579,0.0327,0.0596,-0.3347
1774945216.7912,0.0000,0.0000,0.0000,0.0000,0.0000,-3.1115,-0.2216,29.8717,0.0082,-0.0246,-0.3177
1774945216.8122,0.0000,0.0000,0.0000,0.0000,0.0000,-3.1118,-0.2206,-20.2055,0.0466,-0.1716,-0.2154
1774945216.8320,0.0000,0.0000,0.0000,0.0000,0.0000,-3.1128,-0.2183,-22.9002,0.0871,-0.1205,-0.0759
1774945216.8514,0.0000,0.0000,0.0000,0.0000,0.0000,-3.1158,-0.2156,-93.6634,-0.0141,-0.1354,0.0573
1774945216.8713,0.0000,0.0000,0.0000,0.0000,0.0000,-3.1223,-0.2105,-30.6249,-0.2101,-0.1514,0.2459
1774945216.8912,0.0000,0.0000,0.0000,0.0000,0.0000,-3.1235,-0.2105,6.9515,-0.0780,-0.0416,0.2469
1774945216.9145,0.0000,0.0000,0.0000,0.0000,0.0000,-3.1210,-0.2096,-68.5298,-0.0631,-0.0555,0.1915
1774945216.9313,0.0000,0.0000,0.0000,0.0000,0.0000,-3.1228,-0.2074,-19.7254,-0.1313,-0.1034,0.0690
1774945216.9562,0.0000,0.0000,0.0000,0.0000,0.0000,-3.1242,-0.2068,-35.1531,-0.1100,-0.0960,0.0200
1774945216.9712,0.0000,0.0000,0.0000,0.0000,0.0000,-3.1243,-0.2066,-40.8485,-0.0333,-0.0246,-0.0929
1774945216.9912,0.0000,0.0000,0.0000,0.0000,0.0000,-3.1269,-0.2060,0.0000,0.0615,-0.0118,-0.0695
1774945217.0114,0.0000,0.0000,0.0000,0.0000,0.0000,-3.1297,-0.2051,28.2831,0.0274,-0.0033,-0.0514
1774945217.0313,0.0000,0.0000,0.0000,0.0000,0.0000,-3.1338,-0.2067,0.0000,-0.0109,0.0990,-0.0087
1774945217.0512,0.0000,0.0000,0.0000,0.0000,0.0000,-3.1349,-0.2044,0.0000,-0.0429,0.0500,0.0296
1774945217.0730,0.0000,0.0000,0.0000,0.0000,0.0000,-3.1299,-0.2047,0.0000,0.0509,0.0074,0.0488
1774945217.0914,0.0000,0.0000,0.0000,0.0000,0.0000,-3.1272,-0.2016,0.0000,0.0359,0.0447,0.0317
1774945217.1121,0.0000,0.0000,0.0000,0.0000,0.0000,-3.1276,-0.2024,0.0000,-0.0003,0.0351,0.0243
1774945217.1312,0.0000,0.0000,0.0000,0.0000,0.0000,-3.1257,-0.2071,0.0000,0.0285,0.0766,0.0019
1774945217.1513,0.0000,0.0000,0.0000,0.0000,0.0000,-3.1257,-0.2097,0.0000,0.0722,0.1640,0.0147
1774945217.1714,0.0000,0.0000,0.0000,0.0000,0.0000,-3.1255,-0.2104,19.4762,0.0338,0.1842,-0.0055
1774945217.1926,0.0000,0.0000,0.0000,0.0000,0.0000,-3.1252,-0.2134,0.0000,0.0189,0.1363,-0.0130
1774945217.2115,0.0000,0.0000,0.0000,0.0000,0.0000,-3.1246,-0.2151,0.0000,-0.0237,0.0777,-0.0055
1774945217.2316,0.0000,0.0000,0.0000,0.0000,0.0000,-3.1247,-0.2138,0.0000,-0.0173,0.0553,0.0062
1774945217.2517,0.0000,0.0000,0.0000,0.0000,0.0000,-3.1246,-0.2146,0.0000,0.0264,-0.0033,0.0083
1774945217.2713,0.0000,0.0000,0.0000,0.0000,0.0000,-3.1257,-0.2149,0.0000,0.0583,-0.0331,0.0456
1774945217.2912,0.0000,0.0000,0.0000,0.0000,0.0000,-3.1254,-0.2168,0.0000,0.0445,0.0564,0.0040
1774945217.3113,0.0000,0.0000,0.0000,0.0000,0.0000,-3.1268,-0.2146,-19.2249,-0.0003,0.0447,-0.0045
1774945217.3314,0.0000,0.0000,0.0000,0.0000,0.0000,-3.1263,-0.2146,0.0000,0.0242,-0.0129,-0.0258
1774945217.3513,0.0000,0.0000,0.0000,0.0000,0.0000,-3.1234,-0.2127,0.0000,0.0700,-0.0565,-0.0034
1774945217.3712,0.0000,0.0000,0.0000,0.0000,0.0000,-3.1245,-0.2102,0.0000,0.0732,-0.0864,0.0126
1774945217.3912,0.0000,0.0000,0.0000,0.0000,0.0000,-3.1252,-0.2091,-27.1594,0.0125,0.0095,-0.0045
1774945217.4115,0.0000,0.0000,0.0000,0.0000,0.0000,-3.1236,-0.2088,0.0000,0.0455,0.0361,0.0275
1774945217.4320,0.0000,0.0000,0.0000,0.0000,0.0000,-3.1231,-0.2082,31.4313,0.0604,0.0180,0.0168
1774945217.4514,0.0000,0.0000,0.0000,0.0000,0.0000,-3.1222,-0.2058,-13.3255,0.0019,0.0180,0.0083
1774945217.4713,0.0000,0.0000,0.0000,0.0000,0.0000,-3.1217,-0.2004,20.8643,0.0093,-0.0736,0.0221
1774945217.4912,0.0000,0.0000,0.0000,0.0000,0.0000,-3.1218,-0.1975,-33.6817,-0.0748,-0.0406,0.0008
1774945217.5113,0.0000,0.0000,0.0000,0.0000,0.0000,-3.1196,-0.1957,4.3886,-0.0418,0.0532,-0.0183
1774945217.5316,0.0000,0.0000,0.0000,0.0000,0.0000,-3.1172,-0.1959,-1.9402,-0.0418,0.1757,-0.0471
1774945217.5513,0.0000,0.0000,0.0000,0.0000,0.0000,-3.1176,-0.1962,-18.3659,-0.0535,0.1341,-0.0226
1774945217.5739,0.0000,0.0000,0.0000,0.0000,0.0000,-3.1213,-0.1964,-9.3671,-0.0280,0.0990,0.0008
1774945217.5913,0.0000,0.0000,0.0000,0.0000,0.0000,-3.1224,-0.1983,12.7908,0.0050,0.1288,-0.0109
1774945217.6113,0.0000,0.0000,0.0000,0.0000,0.0000,-3.1244,-0.2010,12.9281,-0.0440,0.1650,-0.0002
1774945217.6315,0.0000,0.0000,0.0000,0.0000,0.0000,-3.1251,-0.2032,43.4098,-0.0184,0.1011,0.0062
1774945217.6513,0.0000,0.0000,0.0000,0.0000,0.0000,-3.1252,-0.2054,-43.9108,-0.0205,0.0297,0.0094
1774945217.6714,0.0000,0.0000,0.0000,0.0000,0.0000,-3.1247,-0.2050,-38.9495,-0.0503,0.0297,-0.0205
1774945217.6913,0.0000,0.0000,0.0000,0.0000,0.0000,-3.1258,-0.2058,3.2939,-0.0610,0.0063,-0.0087
1774945217.7112,0.0000,0.0000,0.0000,0.0000,0.0000,-3.1241,-0.2083,-109.1234,0.0413,0.0319,-0.0024
1774945217.7313,0.0000,0.0000,0.0000,0.0000,0.0000,-3.1242,-0.2098,-18.8126,0.0519,0.0851,-0.0151
1774945217.7514,0.0000,0.0000,0.0000,0.0000,0.0000,-3.1234,-0.2105,60.1924,-0.0131,0.0415,-0.0290
1774945217.7713,0.0000,0.0000,0.0000,0.0000,0.0000,-3.1253,-0.2112,-51.2654,-0.0056,0.0308,-0.0109
1774945217.7913,0.0000,0.0000,0.0000,0.0000,0.0000,-3.1246,-0.2120,1.4662,-0.0290,0.0223,-0.0279
1774945217.8113,0.0000,0.0000,0.0000,0.0000,0.0000,-3.1235,-0.2106,-31.7281,-0.0738,-0.0161,-0.0141
1774945217.8312,0.0000,0.0000,0.0000,0.0000,0.0000,-3.1233,-0.2103,-47.3960,-0.0258,0.0148,-0.0151
1774945217.8525,0.0000,0.0000,0.0000,0.0000,0.0000,-3.1229,-0.2098,-27.1686,-0.0450,0.0020,-0.0109
1774945217.8714,0.0000,0.0000,0.0000,0.0000,0.0000,-3.1233,-0.2106,7.3442,0.0029,-0.0257,-0.0024
1774945217.8913,0.0000,0.0000,0.0000,0.0000,0.0000,-3.1227,-0.2119,58.2894,0.0168,0.0031,-0.0055
1774945217.9113,0.0000,0.0000,0.0000,0.0000,0.0000,-3.1233,-0.2123,43.3379,0.0125,0.0159,-0.0130
1774945217.9315,0.0000,0.0000,0.0000,0.0000,0.0000,-3.1256,-0.2127,-17.4476,-0.0589,0.0159,-0.0173
1774945217.9513,0.0000,0.0000,0.0000,0.0000,0.0000,-3.1237,-0.2144,37.4513,0.0157,0.0020,-0.0354
1774945217.9715,0.0000,0.0000,0.0000,0.0000,0.0000,-3.1225,-0.2125,-44.4725,0.0849,-0.0800,0.0147
1774945217.9913,0.0000,0.0000,0.0000,0.0000,0.0000,-3.1233,-0.2088,2.8296,0.0306,-0.1620,-0.0109
1774945218.0113,0.0000,0.0000,0.0000,0.0000,0.0000,-3.1249,-0.2074,-74.1569,0.0200,-0.0384,0.0104
1774945218.0326,0.0000,0.0000,0.0000,0.0000,0.0000,-3.1236,-0.2048,52.0265,0.0754,0.0127,0.0115
1774945218.0513,0.0000,0.0000,0.0000,0.0000,0.0000,-3.1218,-0.2035,-42.6013,0.0327,-0.0406,-0.0034
1774945218.0714,0.0000,0.0000,0.0000,0.0000,0.0000,-3.1220,-0.2022,-18.0826,0.0189,0.0074,0.0051
1774945218.0915,0.0000,0.0000,0.0000,0.0000,0.0000,-3.1207,-0.2018,87.8332,0.0477,-0.0576,0.0051
1774945218.1120,0.0000,0.0000,0.0000,0.0000,0.0000,-3.1201,-0.2025,73.9726,0.0626,-0.0896,0.0264
1774945218.1313,0.0000,0.0000,0.0000,0.0000,0.0000,-3.1204,-0.2043,65.0159,0.0072,-0.0928,0.0221
1774945218.1514,0.0000,0.0000,0.0000,0.0000,0.0000,-3.1201,-0.2053,2.0634,0.0509,-0.1173,0.0062
1774945218.1712,0.0000,0.0000,0.0000,0.0000,0.0000,-3.1202,-0.2023,-115.3301,-0.0823,-0.1269,0.0307
1774945218.1913,0.0000,0.0000,0.0000,0.0000,0.0000,-3.1244,-0.2051,89.6529,-0.2868,0.1778,0.0328
1774945218.2113,0.0000,0.0000,0.0000,0.0000,0.0000,-3.1263,-0.2095,1.1801,-0.2037,0.3056,0.0285
1774945218.2313,0.0000,0.0000,0.0000,0.0000,0.0000,-3.1245,-0.2137,48.7251,-0.0674,0.2364,0.0147
1774945218.2512,0.0000,0.0000,0.0000,0.0000,0.0000,-3.1226,-0.2175,31.3393,-0.0440,0.0660,-0.0588
1774945218.2712,0.0000,0.0000,0.0000,0.0000,0.0000,-3.1236,-0.2168,73.9205,-0.0248,-0.0747,-0.0663
1774945218.2912,0.0000,0.0000,0.0000,0.0000,0.0000,-3.1264,-0.2138,-48.6581,-0.0695,-0.2163,-0.0854
1774945218.3125,0.0000,0.0000,0.0000,0.0000,0.0000,-3.1292,-0.2132,65.1750,-0.1515,-0.1716,-0.0716
1774945218.3312,0.0000,0.0000,0.0000,0.0000,0.0000,-3.1307,-0.2113,-32.7250,0.0146,0.0010,-0.0663
1774945218.3513,0.0000,0.0000,0.0000,0.0000,0.0000,-3.1305,-0.2136,-20.9278,0.1265,0.1352,0.0190
1774945218.3712,0.0000,0.0000,0.0000,0.0000,0.0000,-3.1313,-0.2158,-8.7347,0.1180,0.1075,0.0573
1774945218.3913,0.0000,0.0000,0.0000,0.0000,0.0000,-3.1343,-0.2153,-51.4028,0.0679,0.0319,0.0509
1774945218.4120,0.0000,0.0000,0.0000,0.0000,0.0000,-3.1354,-0.2140,-76.2439,0.1062,-0.0193,0.0360
1774945218.4314,0.0000,0.0000,0.0000,0.0000,0.0000,-3.1312,-0.2134,-53.8503,0.0828,-0.0288,0.0136
1774945218.4512,0.0000,0.0000,0.0000,0.0000,0.0000,-3.1293,-0.2108,-23.3976,0.0146,-0.0342,-0.0194
1774945218.4713,0.0000,0.0000,0.0000,0.0000,0.0000,-3.1283,-0.2113,18.0649,-0.0429,0.0393,-0.0087
1774945218.4914,0.0000,0.0000,0.0000,0.0000,0.0000,-3.1278,-0.2127,-45.1831,0.0136,0.0479,-0.0013
1774945218.5112,0.0000,0.0000,0.0000,0.0000,0.0000,-3.1272,-0.2132,-21.1991,0.0743,0.0425,0.0285
1774945218.5313,0.0000,0.0000,0.0000,0.0000,0.0000,-3.1268,-0.2124,-30.6583,0.0604,0.0127,0.0147
1774945218.5512,0.0000,0.0000,0.0000,0.0000,0.0000,-3.1270,-0.2139,34.6635,0.0061,0.0489,-0.0077
1774945218.5714,0.0000,0.0000,0.0000,0.0000,0.0000,-3.1277,-0.2180,15.1946,-0.0621,0.1150,-0.0173
1774945218.5913,0.0000,0.0000,0.0000,0.0000,0.0000,-3.1287,-0.2213,56.5527,-0.1207,0.1309,-0.0183
1774945218.6117,0.0000,0.0000,0.0000,0.0000,0.0000,-3.1303,-0.2235,11.9961,-0.1004,0.0553,-0.0087
1774945218.6313,0.0000,0.0000,0.0000,0.0000,0.0000,-3.1312,-0.2248,-13.9915,-0.0056,-0.0246,0.0008
1774945218.6520,0.0000,0.0000,0.0000,0.0000,0.0000,-3.1309,-0.2267,-4.6179,0.0817,0.0127,0.0062
1774945218.6716,0.0000,0.0000,0.0000,0.0000,0.0000,-3.1329,-0.2270,-28.4811,0.0679,0.0319,0.0190
1774945218.6912,0.0000,0.0000,0.0000,0.0000,0.0000,-3.1349,-0.2297,32.7962,0.0711,0.0457,0.0062
1774945218.7115,0.0000,0.0000,0.0000,0.0000,0.0000,-3.1365,-0.2301,17.2200,0.0370,0.0063,0.0147
1774945218.7312,0.0000,0.0000,0.0000,0.0000,0.0000,-3.1364,-0.2328,-79.7628,0.0551,0.0319,-0.0098
1774945218.7512,0.0000,0.0000,0.0000,0.0000,0.0000,-3.1379,-0.2282,-60.5192,-0.0567,-0.2238,-0.0002
1774945218.7712,0.0000,0.0000,0.0000,0.0000,0.0000,-3.1369,-0.2224,-31.8155,-0.0503,-0.3825,0.0232
1774945218.7912,0.0000,0.0000,0.0000,0.0000,0.0000,-3.1346,-0.2167,-29.3243,-0.0120,-0.3101,0.0008
1774945218.8113,0.0000,0.0000,0.0000,0.0000,0.0000,-3.1325,-0.2154,49.4111,-0.0067,-0.1332,-0.0173
1774945218.8313,0.0000,0.0000,0.0000,0.0000,0.0000,-3.1310,-0.2159,13.4760,-0.0738,-0.0225,-0.0514
1774945218.8513,0.0000,0.0000,0.0000,0.0000,0.0000,-3.1323,-0.2166,13.1887,-0.0386,-0.0054,-0.0428
1774945218.8712,0.0000,0.0000,0.0000,0.0000,0.0000,-3.1355,-0.2189,-25.7813,-0.0525,0.0116,-0.0311
1774945218.8913,0.0000,0.0000,0.0000,0.0000,0.0000,-3.1395,-0.2199,-24.7633,-0.0141,-0.0278,0.0317
1774945218.9112,0.0000,0.0000,0.0000,0.0000,0.0000,-3.1414,-0.2163,-73.3944,0.0509,-0.1290,0.0552
1774945218.9313,0.0000,0.0000,0.0000,0.0000,0.0000,3.1383,-0.2147,65.2439,-0.0557,-0.1418,0.0403
1774945218.9513,0.0000,0.0000,0.0000,0.0000,0.0000,3.1399,-0.2113,33.1109,0.0008,-0.1162,0.0147
1774945218.9716,0.0000,0.0000,0.0000,0.0000,0.0000,-3.1390,-0.2084,49.4275,0.0977,-0.0661,0.0051
1774945218.9913,0.0000,0.0000,0.0000,0.0000,0.0000,-3.1360,-0.2085,-57.2863,0.1201,0.0819,-0.0055
1774945219.0129,0.0000,0.0000,0.0000,0.0000,0.0000,-3.1353,-0.2071,-14.9445,0.0391,0.0670,-0.0226
1774945219.0367,0.0000,0.0000,0.0000,0.0000,0.0000,-3.1359,-0.2057,-24.1620,-0.0109,0.1064,-0.0055
1774945219.0515,0.0000,0.0000,0.0000,0.0000,0.0000,-3.1333,-0.2072,-15.2896,0.0178,0.1693,0.0221
1774945219.0712,0.0000,0.0000,0.0000,0.0000,0.0000,-3.1298,-0.2068,18.1224,0.0839,0.0990,0.0040
1774945219.0912,0.0000,0.0000,0.0000,0.0000,0.0000,-3.1294,-0.2109,5.1059,0.0434,0.1352,0.0126
1774945219.1114,0.0000,0.0000,0.0000,0.0000,0.0000,-3.1307,-0.2125,-62.9493,0.0551,0.1416,0.0147
1774945219.1312,0.0000,0.0000,0.0000,0.0000,0.0000,-3.1291,-0.2148,-73.1469,0.0072,0.0713,0.0008
1774945219.1513,0.0000,0.0000,0.0000,0.0000,0.0000,-3.1283,-0.2163,-111.3469,-0.0035,0.0638,-0.0002
1774945219.1713,0.0000,0.0000,0.0000,0.0000,0.0000,-3.1269,-0.2183,5.5621,0.0242,0.0468,0.0051
1774945219.1914,0.0000,0.0000,0.0000,0.0000,0.0000,-3.1258,-0.2191,-17.0344,0.0413,0.0212,0.0062
1774945219.2113,0.0000,0.0000,0.0000,0.0000,0.0000,-3.1281,-0.2225,34.9595,-0.0557,0.0798,-0.0024
1774945219.2313,0.0000,0.0000,0.0000,0.0000,0.0000,-3.1275,-0.2237,52.2687,-0.0290,0.0393,0.0040
1774945219.2512,0.0000,0.0000,0.0000,0.0000,0.0000,-3.1252,-0.2239,-31.9033,0.0157,-0.1034,0.0072
1774945219.2713,0.0000,0.0000,0.0000,0.0000,0.0000,-3.1234,-0.2227,-59.1135,0.0349,-0.1300,-0.0034
1774945219.2913,0.0000,0.0000,0.0000,0.0000,0.0000,-3.1216,-0.2226,-40.6568,0.0285,-0.0491,-0.0024
1774945219.3116,0.0000,0.0000,0.0000,0.0000,0.0000,-3.1205,-0.2200,-4.1958,-0.0003,-0.0640,-0.0130
1774945219.3313,0.0000,0.0000,0.0000,0.0000,0.0000,-3.1191,-0.2202,-106.7488,0.0029,-0.0235,-0.0396
1774945219.3512,0.0000,0.0000,0.0000,0.0000,0.0000,-3.1196,-0.2177,-79.0310,-0.0237,-0.0161,-0.0428
1774945219.3713,0.0000,0.0000,0.0000,0.0000,0.0000,-3.1225,-0.2146,46.7884,-0.0567,-0.0949,-0.0173
1774945219.3913,0.0000,0.0000,0.0000,0.0000,0.0000,-3.1252,-0.2116,35.1143,-0.0440,-0.1269,-0.0066
1774945219.4124,0.0000,0.0000,0.0000,0.0000,0.0000,-3.1266,-0.2110,-12.1844,-0.0866,-0.0288,-0.0109
1774945219.4312,0.0000,0.0000,0.0000,0.0000,0.0000,-3.1256,-0.2112,28.9784,-0.0621,0.0361,-0.0205
1774945219.4512,0.0000,0.0000,0.0000,0.0000,0.0000,-3.1266,-0.2143,-7.7488,-0.0674,0.0564,-0.0151
1774945219.4713,0.0000,0.0000,0.0000,0.0000,0.0000,-3.1288,-0.2147,-4.9205,-0.0653,0.0447,-0.0045
1774945219.4915,0.0000,0.0000,0.0000,0.0000,0.0000,-3.1294,-0.2125,18.6857,-0.0184,-0.0693,-0.0141
1774945219.5114,0.0000,0.0000,0.0000,0.0000,0.0000,-3.1325,-0.2141,-44.7647,-0.0301,-0.0054,0.0168
1774945219.5313,0.0000,0.0000,0.0000,0.0000,0.0000,-3.1352,-0.2162,7.8821,0.0061,0.0180,-0.0141
1774945219.5515,0.0000,0.0000,0.0000,0.0000,0.0000,-3.1353,-0.2159,0.2840,0.0700,-0.0299,-0.0002
1774945219.5714,0.0000,0.0000,0.0000,0.0000,0.0000,-3.1358,-0.2158,60.2537,0.0455,-0.0768,-0.0045
1774945219.5913,0.0000,0.0000,0.0000,0.0000,0.0000,-3.1363,-0.2155,-34.1255,-0.0045,0.0063,-0.0205
1774945219.6116,0.0000,0.0000,0.0000,0.0000,0.0000,-3.1364,-0.2149,0.0000,0.0146,0.0095,-0.0034
1774945219.6315,0.0000,0.0000,0.0000,0.0000,0.0000,-3.1346,-0.2180,31.0536,0.0807,0.0329,0.0040
1774945219.6512,0.0000,0.0000,0.0000,0.0000,0.0000,-3.1344,-0.2157,0.0000,0.0945,0.0244,0.0158
1774945219.6714,0.0000,0.0000,0.0000,0.0000,0.0000,-3.1364,-0.2169,0.0000,0.0008,-0.0033,0.0158
1774945219.6913,0.0000,0.0000,0.0000,0.0000,0.0000,-3.1381,-0.2217,0.0000,-0.0333,-0.0012,0.0264
1774945219.7115,0.0000,0.0000,0.0000,0.0000,0.0000,-3.1359,-0.2229,-18.6109,-0.0003,-0.0118,0.0253
1774945219.7314,0.0000,0.0000,0.0000,0.0000,0.0000,-3.1319,-0.2248,0.0000,0.0146,-0.0278,0.0307
1774945219.7513,0.0000,0.0000,0.0000,0.0000,0.0000,-3.1309,-0.2246,0.0000,-0.0280,-0.0395,0.0115
1774945219.7713,0.0000,0.0000,0.0000,0.0000,0.0000,-3.1300,-0.2243,0.0000,-0.0269,-0.0544,-0.0109
1774945219.7912,0.0000,0.0000,0.0000,0.0000,0.0000,-3.1292,-0.2261,0.0000,-0.0237,-0.0608,-0.0205
1774945219.8114,0.0000,0.0000,0.0000,0.0000,0.0000,-3.1316,-0.2283,0.0000,0.0019,-0.0022,-0.0119
1774945219.8316,0.0000,0.0000,0.0000,0.0000,0.0000,-3.1329,-0.2252,0.0000,-0.0354,0.0223,-0.0418
1774945219.8513,0.0000,0.0000,0.0000,0.0000,0.0000,-3.1320,-0.2229,0.0000,-0.0717,-0.0491,-0.0151
1774945219.8714,0.0000,0.0000,0.0000,0.0000,0.0000,-3.1304,-0.2206,0.0000,-0.0258,-0.1215,0.0019
1774945219.8913,0.0000,0.0000,0.0000,0.0000,0.0000,-3.1326,-0.2166,0.0000,0.0647,-0.1215,-0.0066
1774945219.9121,0.0000,0.0000,0.0000,0.0000,0.0000,-3.1345,-0.2115,0.0000,0.0509,-0.0981,0.0094
1774945219.9317,0.0000,0.0000,0.0000,0.0000,0.0000,-3.1357,-0.2078,37.8743,0.0050,0.0361,0.0381
1774945219.9513,0.0000,0.0000,0.0000,0.0000,0.0000,-3.1364,-0.2033,44.5767,-0.0088,-0.0161,0.0584
1774945219.9712,0.0000,0.0000,0.0000,0.0000,0.0000,-3.1358,-0.1993,0.0000,-0.0354,-0.0001,0.0733
1774945219.9913,0.0000,0.0000,0.0000,0.0000,0.0000,-3.1351,-0.1956,76.2119,-0.0834,0.0127,0.0062
1774945220.0113,0.0000,0.0000,0.0000,0.0000,0.0000,-3.1355,-0.1931,54.3352,-0.1452,0.0660,-0.0034
1774945220.0312,0.0000,0.0000,0.0000,0.0000,0.0000,-3.1351,-0.1938,-102.4686,-0.0440,0.1586,-0.0450
1774945220.0512,0.0000,0.0000,0.0000,0.0000,0.0000,-3.1340,-0.2018,34.1333,0.0487,0.3728,-0.0791
1774945220.0712,0.0000,0.0000,0.0000,0.0000,0.0000,-3.1349,-0.2061,5.1270,0.0935,0.2503,-0.0439
1774945220.0912,0.0000,0.0000,0.0000,0.0000,0.0000,-3.1359,-0.2106,-17.8942,0.0711,0.1373,-0.0066
1774945220.1120,0.0000,0.0000,0.0000,0.0000,0.0000,-3.1359,-0.2130,21.4465,-0.0461,0.1075,-0.0514
1774945220.1316,0.0000,0.0000,0.0000,0.0000,0.0000,-3.1363,-0.2171,-21.9529,-0.0472,0.1831,0.0008
1774945220.1513,0.0000,0.0000,0.0000,0.0000,0.0000,-3.1353,-0.2218,-35.6129,-0.0290,0.1331,0.0339
1774945220.1724,0.0000,0.0000,0.0000,0.0000,0.0000,-3.1335,-0.2246,-3.2033,0.0349,0.0713,0.0626
1774945220.1912,0.0000,0.0000,0.0000,0.0000,0.0000,-3.1326,-0.2276,13.5760,0.0583,-0.0033,0.0477
1774945220.2113,0.0000,0.0000,0.0000,0.0000,0.0000,-3.1315,-0.2291,-18.2777,0.0700,-0.0533,0.0126
1774945220.2312,0.0000,0.0000,0.0000,0.0000,0.0000,-3.1294,-0.2300,43.4537,0.0359,-0.0970,-0.0226
1774945220.2512,0.0000,0.0000,0.0000,0.0000,0.0000,-3.1277,-0.2308,-61.9152,0.0136,-0.1002,-0.0162
1774945220.2715,0.0000,0.0000,0.0000,0.0000,0.0000,-3.1255,-0.2322,48.0981,0.0189,-0.0406,-0.0269
1774945220.2914,0.0000,0.0000,0.0000,0.0000,0.0000,-3.1262,-0.2286,-21.9474,0.0413,-0.1492,-0.0162
1774945220.3115,0.0000,0.0000,0.0000,0.0000,0.0000,-3.1291,-0.2259,8.8209,-0.0088,-0.1759,0.0104
1774945220.3313,0.0000,0.0000,0.0000,0.0000,0.0000,-3.1290,-0.2218,-102.0430,0.0082,-0.1503,0.0008
1774945220.3513,0.0000,0.0000,0.0000,0.0000,0.0000,-3.1287,-0.2159,49.6136,0.0029,-0.2131,0.0040
1774945220.3713,0.0000,0.0000,0.0000,0.0000,0.0000,-3.1276,-0.2091,18.2743,-0.0067,-0.2057,-0.0087
1774945220.3912,0.0000,0.0000,0.0000,0.0000,0.0000,-3.1278,-0.2042,82.6167,-0.0333,-0.0992,-0.0375
1774945220.4113,0.0000,0.0000,0.0000,0.0000,0.0000,-3.1277,-0.1991,43.7552,-0.1036,-0.1300,-0.0311
1774945220.4314,0.0000,0.0000,0.0000,0.0000,0.0000,-3.1260,-0.1961,26.8480,-0.0258,-0.0480,-0.0290
1774945220.4518,0.0000,0.0000,0.0000,0.0000,0.0000,-3.1271,-0.1972,-22.8688,-0.0322,0.1533,-0.0450
1774945220.4717,0.0000,0.0000,0.0000,0.0000,0.0000,-3.1291,-0.1962,92.0013,-0.0631,0.1235,-0.0247
1774945220.4916,0.0000,0.0000,0.0000,0.0000,0.0000,-3.1311,-0.1961,5.7518,-0.0461,0.0628,-0.0066
1774945220.5114,0.0000,0.0000,0.0000,0.0000,0.0000,-3.1313,-0.1949,-49.2547,-0.0013,0.1022,-0.0002
1774945220.5313,0.0000,0.0000,0.0000,0.0000,0.0000,-3.1330,-0.1969,25.9147,-0.0290,0.1906,-0.0045
1774945220.5513,0.0000,0.0000,0.0000,0.0000,0.0000,-3.1315,-0.1991,20.8560,0.0114,0.1533,-0.0066
1774945220.5713,0.0000,0.0000,0.0000,0.0000,0.0000,-3.1323,-0.2031,-56.5198,-0.0290,0.1831,-0.0130
1774945220.5912,0.0000,0.0000,0.0000,0.0000,0.0000,-3.1319,-0.2069,14.5264,-0.0258,0.1991,-0.0247
1774945220.6113,0.0000,0.0000,0.0000,0.0000,0.0000,-3.1306,-0.2088,0.2715,0.0210,0.1288,-0.0130
1774945220.6313,0.0000,0.0000,0.0000,0.0000,0.0000,-3.1334,-0.2127,-16.6916,-0.0450,0.1693,0.0136
1774945220.6522,0.0000,0.0000,0.0000,0.0000,0.0000,-3.1346,-0.2167,-52.8527,0.0040,0.0990,0.0360
1774945220.6712,0.0000,0.0000,0.0000,0.0000,0.0000,-3.1341,-0.2213,92.2775,0.0349,0.0969,0.0307
1774945220.6912,0.0000,0.0000,0.0000,0.0000,0.0000,-3.1320,-0.2220,25.2769,0.0626,-0.0342,0.0190
1774945220.7113,0.0000,0.0000,0.0000,0.0000,0.0000,-3.1321,-0.2253,18.7197,-0.0024,-0.0363,0.0104
1774945220.7313,0.0000,0.0000,0.0000,0.0000,0.0000,-3.1325,-0.2274,26.4270,-0.0397,-0.0352,-0.0002
1774945220.7520,0.0000,0.0000,0.0000,0.0000,0.0000,-3.1309,-0.2299,14.4853,0.0370,-0.0651,-0.0034
1774945220.7713,0.0000,0.0000,0.0000,0.0000,0.0000,-3.1305,-0.2308,-52.6730,0.0264,-0.1013,0.0019
1774945220.7912,0.0000,0.0000,0.0000,0.0000,0.0000,-3.1303,-0.2279,-37.4383,-0.0354,-0.1269,-0.0077
1774945220.8112,0.0000,0.0000,0.0000,0.0000,0.0000,-3.1298,-0.2256,-30.8677,-0.0024,-0.1258,-0.0205
1774945220.8314,0.0000,0.0000,0.0000,0.0000,0.0000,-3.1271,-0.2245,-2.3792,0.0349,-0.1215,-0.0066
1774945220.8512,0.0000,0.0000,0.0000,0.0000,0.0000,-3.1281,-0.2238,28.2181,0.0264,-0.1077,-0.0194
1774945220.8712,0.0000,0.0000,0.0000,0.0000,0.0000,-3.1305,-0.2213,7.0137,-0.0472,-0.1503,-0.0002
1774945220.8912,0.0000,0.0000,0.0000,0.0000,0.0000,-3.1309,-0.2191,-33.3664,0.0274,-0.1940,0.0136
1774945220.9121,0.0000,0.0000,0.0000,0.0000,0.0000,-3.1316,-0.2153,9.2665,0.0317,-0.1663,0.0275
1774945220.9318,0.0000,0.0000,0.0000,0.0000,0.0000,-3.1293,-0.2139,19.2924,0.0530,-0.1641,0.0030
1774945220.9513,0.0000,0.0000,0.0000,0.0000,0.0000,-3.1276,-0.2113,-82.0034,-0.0056,-0.1194,-0.0066
1774945220.9712,0.0000,0.0000,0.0000,0.0000,0.0000,-3.1260,-0.2111,-22.2771,0.0232,-0.0374,-0.0364
1774945220.9912,0.0000,0.0000,0.0000,0.0000,0.0000,-3.1283,-0.2108,149.2525,-0.0418,-0.0022,-0.0439
1774945221.0120,0.0000,0.0000,0.0000,0.0000,0.0000,-3.1298,-0.2093,1.4736,-0.0589,-0.0544,-0.0205
1774945221.0313,0.0000,0.0000,0.0000,0.0000,0.0000,-3.1305,-0.2056,-41.6116,0.0168,-0.0342,-0.0066
1774945221.0524,0.0000,0.0000,0.0000,0.0000,0.0000,-3.1317,-0.2032,46.2396,0.0189,0.0170,0.0435
1774945221.0734,0.0000,0.0000,0.0000,0.0000,0.0000,-3.1343,-0.2006,10.9222,-0.0248,0.0351,0.0488
1774945221.0914,0.0000,0.0000,0.0000,0.0000,0.0000,-3.1339,-0.1983,3.6406,-0.0152,0.0276,0.0349
1774945221.1117,0.0000,0.0000,0.0000,0.0000,0.0000,-3.1307,-0.1981,-107.4676,0.0796,0.0393,-0.0109
1774945221.1314,0.0000,0.0000,0.0000,0.0000,0.0000,-3.1299,-0.2050,56.7542,0.0178,0.1959,-0.0151
1774945221.1514,0.0000,0.0000,0.0000,0.0000,0.0000,-3.1308,-0.2135,45.3351,-0.0333,0.2545,0.0136
1774945221.1714,0.0000,0.0000,0.0000,0.0000,0.0000,-3.1296,-0.2204,51.6210,0.0530,0.1214,-0.0375
1774945221.1923,0.0000,0.0000,0.0000,0.0000,0.0000,-3.1290,-0.2249,-8.7361,0.0594,0.0372,-0.0258
1774945221.2115,0.0000,0.0000,0.0000,0.0000,0.0000,-3.1302,-0.2281,55.4017,0.0189,0.0510,-0.0226
1774945221.2317,0.0000,0.0000,0.0000,0.0000,0.0000,-3.1310,-0.2334,5.7450,0.0338,0.0617,0.0051
1774945221.2512,0.0000,0.0000,0.0000,0.0000,0.0000,-3.1288,-0.2362,13.4810,0.0658,0.0148,0.0285
1774945221.2712,0.0000,0.0000,0.0000,0.0000,0.0000,-3.1278,-0.2364,-41.3570,0.0338,-0.0288,0.0328
1774945221.2913,0.0000,0.0000,0.0000,0.0000,0.0000,-3.1284,-0.2350,13.0631,-0.0791,-0.1013,0.0083
1774945221.3112,0.0000,0.0000,0.0000,0.0000,0.0000,-3.1267,-0.2282,-43.6515,-0.0493,-0.2376,-0.0045
1774945221.3313,0.0000,0.0000,0.0000,0.0000,0.0000,-3.1237,-0.2213,-74.0627,0.0647,-0.1482,-0.0226
1774945221.3515,0.0000,0.0000,0.0000,0.0000,0.0000,-3.1242,-0.2165,-89.1902,0.0029,-0.0416,-0.0439
1774945221.3712,0.0000,0.0000,0.0000,0.0000,0.0000,-3.1234,-0.2096,91.1184,0.1031,-0.1471,-0.1355
1774945221.3913,0.0000,0.0000,0.0000,0.0000,0.0000,-3.1218,-0.2052,61.4939,0.0860,-0.0949,-0.2953
1774945221.4113,0.0000,0.0000,0.0000,0.0000,0.0000,-3.1217,-0.2012,21.9152,0.0935,-0.0949,-0.3166
1774945221.4314,0.0000,0.0000,0.0000,0.0000,0.0000,-3.1234,-0.1983,-58.3702,0.0817,-0.0970,-0.2761
1774945221.4513,0.0000,0.0000,0.0000,0.0000,0.0000,-3.1238,-0.1934,-60.0807,0.0839,-0.0597,-0.2516
1774945221.4713,0.0000,0.0000,0.0000,0.0000,0.0000,-3.1247,-0.1931,57.4275,0.0509,0.0905,-0.2314
1774945221.4912,0.0000,0.0000,0.0000,0.0000,0.0000,-3.1274,-0.1931,-28.1225,-0.0333,0.1182,-0.1387
1774945221.5114,0.0000,0.0000,0.0000,0.0000,0.0000,-3.1290,-0.1951,-67.3163,0.0455,0.1821,0.0040
1774945221.5314,0.0000,0.0000,0.0000,0.0000,0.0000,-3.1305,-0.1978,-35.2072,-0.0216,0.1767,0.2075
1774945221.5513,0.0000,0.0000,0.0000,0.0000,0.0000,-3.1262,-0.2017,4.9519,0.0562,0.1767,0.2469
1774945221.5716,0.0000,0.0000,0.0000,0.0000,0.0000,-3.1248,-0.2061,-5.8077,0.0338,0.1927,0.2032
1774945221.5913,0.0000,0.0000,0.0000,0.0000,0.0000,-3.1240,-0.2105,102.7181,-0.0621,0.2460,0.1084
1774945221.6131,0.0000,0.0000,0.0000,0.0000,0.0000,-3.1209,-0.2144,15.6994,-0.0120,0.1799,-0.0194
1774945221.6313,0.0000,0.0000,0.0000,0.0000,0.0000,-3.1184,-0.2166,19.8622,-0.0067,0.0734,-0.1025
1774945221.6513,0.0000,0.0000,0.0000,0.0000,0.0000,-3.1202,-0.2212,51.2224,-0.0472,0.0894,-0.1153
1774945221.6713,0.0000,0.0000,0.0000,0.0000,0.0000,-3.1228,-0.2228,67.8730,-0.0280,-0.0012,-0.0812
1774945221.6913,0.0000,0.0000,0.0000,0.0000,0.0000,-3.1258,-0.2246,-32.3220,0.0349,-0.0576,-0.0173
1774945221.7113,0.0000,0.0000,0.0000,0.0000,0.0000,-3.1280,-0.2259,-109.6125,0.0189,-0.0448,0.0211
1774945221.7345,0.0000,0.0000,0.0000,0.0000,0.0000,-3.1281,-0.2266,-86.8710,-0.0152,-0.0139,0.0403
1774945221.7513,0.0000,0.0000,0.0000,0.0000,0.0000,-3.1286,-0.2274,-58.7114,-0.0227,-0.0161,0.0445
1774945221.7713,0.0000,0.0000,0.0000,0.0000,0.0000,-3.1254,-0.2276,-10.5871,0.0455,-0.1024,0.0072
1774945221.7913,0.0000,0.0000,0.0000,0.0000,0.0000,-3.1273,-0.2260,-8.5783,0.0540,-0.1663,0.0083
1774945221.8113,0.0000,0.0000,0.0000,0.0000,0.0000,-3.1303,-0.2213,-6.3971,-0.0418,-0.2089,0.0019
1774945221.8313,0.0000,0.0000,0.0000,0.0000,0.0000,-3.1305,-0.2159,-20.2542,-0.0077,-0.2504,-0.0418
1774945221.8513,0.0000,0.0000,0.0000,0.0000,0.0000,-3.1274,-0.2129,-13.3234,0.0477,-0.1514,-0.0311
1774945221.8713,0.0000,0.0000,0.0000,0.0000,0.0000,-3.1263,-0.2097,-78.6696,0.0221,-0.1290,-0.0183
1774945221.8912,0.0000,0.0000,0.0000,0.0000,0.0000,-3.1256,-0.2070,-73.4701,-0.0152,-0.1087,-0.0183
1774945221.9114,0.0000,0.0000,0.0000,0.0000,0.0000,-3.1256,-0.2071,-9.6036,-0.0876,-0.0459,-0.0269
1774945221.9313,0.0000,0.0000,0.0000,0.0000,0.0000,-3.1254,-0.2033,-29.9088,-0.0024,-0.0768,0.0072
1774945221.9515,0.0000,0.0000,0.0000,0.0000,0.0000,-3.1254,-0.2051,21.5000,0.0210,-0.0352,-0.0087
1774945221.9715,0.0000,0.0000,0.0000,0.0000,0.0000,-3.1304,-0.2042,37.7487,-0.0791,0.0596,-0.0055
1774945221.9913,0.0000,0.0000,0.0000,0.0000,0.0000,-3.1291,-0.2038,32.9978,-0.0088,0.0617,-0.0109
1774945222.0129,0.0000,0.0000,0.0000,0.0000,0.0000,-3.1277,-0.2033,14.7140,0.0125,0.0255,-0.0119
1774945222.0313,0.0000,0.0000,0.0000,0.0000,0.0000,-3.1315,-0.2026,18.1009,-0.0013,0.0042,-0.0098
1774945222.0525,0.0000,0.0000,0.0000,0.0000,0.0000,-3.1342,-0.2038,52.5874,-0.0472,0.0819,-0.0055
1774945222.0713,0.0000,0.0000,0.0000,0.0000,0.0000,-3.1329,-0.2050,-26.6226,-0.0322,0.0937,-0.0077
1774945222.0912,0.0000,0.0000,0.0000,0.0000,0.0000,-3.1311,-0.2047,-106.1407,0.0232,0.0755,0.0040
1774945222.1122,0.0000,0.0000,0.0000,0.0000,0.0000,-3.1311,-0.2069,-88.8735,0.0072,0.0713,-0.0151
1774945222.1312,0.0000,0.0000,0.0000,0.0000,0.0000,-3.1311,-0.2090,-67.9711,-0.0195,0.0692,-0.0109
1774945222.1513,0.0000,0.0000,0.0000,0.0000,0.0000,-3.1338,-0.2118,-37.1289,-0.0248,0.1086,0.0051
1774945222.1714,0.0000,0.0000,0.0000,0.0000,0.0000,-3.1342,-0.2142,0.0000,-0.0013,0.0841,0.0200
1774945222.1913,0.0000,0.0000,0.0000,0.0000,0.0000,-3.1345,-0.2162,0.0000,0.0136,0.0361,-0.0151
1774945222.2117,0.0000,0.0000,0.0000,0.0000,0.0000,-3.1371,-0.2205,0.0000,-0.0653,0.0585,-0.0002
1774945222.2312,0.0000,0.0000,0.0000,0.0000,0.0000,-3.1361,-0.2237,0.0000,-0.0280,-0.0129,-0.0162
1774945222.2512,0.0000,0.0000,0.0000,0.0000,0.0000,-3.1331,-0.2237,0.0000,0.0551,-0.0779,-0.0226
1774945222.2713,0.0000,0.0000,0.0000,0.0000,0.0000,-3.1339,-0.2201,-28.2287,0.0423,-0.0640,-0.0109
1774945222.2913,0.0000,0.0000,0.0000,0.0000,0.0000,-3.1350,-0.2157,0.0000,0.0114,-0.0640,-0.0066
1774945222.3112,0.0000,0.0000,0.0000,0.0000,0.0000,-3.1358,-0.2122,0.0000,0.0157,-0.0725,-0.0300
1774945222.3313,0.0000,0.0000,0.0000,0.0000,0.0000,-3.1322,-0.2099,0.0000,0.0264,0.0010,0.0008
1774945222.3513,0.0000,0.0000,0.0000,0.0000,0.0000,-3.1323,-0.2087,0.0000,0.0359,0.0287,0.0072
1774945222.3713,0.0000,0.0000,0.0000,0.0000,0.0000,-3.1347,-0.2109,0.0000,0.0210,0.0297,0.0008
1774945222.3912,0.0000,0.0000,0.0000,0.0000,0.0000,-3.1339,-0.2141,0.0000,0.0466,-0.0150,0.0158
1774945222.4113,0.0000,0.0000,0.0000,0.0000,0.0000,-3.1332,-0.2151,-55.8530,0.0892,-0.0086,0.0317
1774945222.4315,0.0000,0.0000,0.0000,0.0000,0.0000,-3.1317,-0.2168,-11.1093,0.0700,0.0329,0.0296
1774945222.4514,0.0000,0.0000,0.0000,0.0000,0.0000,-3.1294,-0.2190,0.0000,0.0168,0.0159,0.0445
1774945222.4714,0.0000,0.0000,0.0000,0.0000,0.0000,-3.1290,-0.2206,0.0000,0.0530,-0.0608,0.0477
1774945222.4914,0.0000,0.0000,0.0000,0.0000,0.0000,-3.1316,-0.2220,0.0000,-0.0919,-0.0299,-0.0119
1774945222.5120,0.0000,0.0000,0.0000,0.0000,0.0000,-3.1306,-0.2231,5.9206,-0.0717,-0.0672,-0.0482
1774945222.5313,0.0000,0.0000,0.0000,0.0000,0.0000,-3.1302,-0.2269,0.0000,-0.0365,-0.0012,-0.0492
1774945222.5513,0.0000,0.0000,0.0000,0.0000,0.0000,-3.1301,-0.2262,-122.8439,-0.0642,-0.0278,-0.0503
1774945222.5712,0.0000,0.0000,0.0000,0.0000,0.0000,-3.1297,-0.2263,0.0000,-0.0503,0.0074,-0.0545
1774945222.5912,0.0000,0.0000,0.0000,0.0000,0.0000,-3.1303,-0.2247,99.3416,-0.0109,0.0500,-0.0226
1774945222.6124,0.0000,0.0000,0.0000,0.0000,0.0000,-3.1321,-0.2225,-31.8428,0.0413,-0.0779,-0.0130
1774945222.6314,0.0000,0.0000,0.0000,0.0000,0.0000,-3.1321,-0.2201,-3.2655,0.0253,-0.1045,0.0360
1774945222.6519,0.0000,0.0000,0.0000,0.0000,0.0000,-3.1324,-0.2194,-12.3196,-0.0695,-0.0043,0.0094
1774945222.6713,0.0000,0.0000,0.0000,0.0000,0.0000,-3.1315,-0.2193,79.2559,-0.0812,0.0361,-0.0077
1774945222.6913,0.0000,0.0000,0.0000,0.0000,0.0000,-3.1308,-0.2196,-4.2439,-0.0557,-0.0352,0.0168
1774945222.7116,0.0000,0.0000,0.0000,0.0000,0.0000,-3.1300,-0.2213,-31.1371,-0.0109,0.0127,-0.0109
1774945222.7316,0.0000,0.0000,0.0000,0.0000,0.0000,-3.1299,-0.2232,-46.0256,-0.0365,-0.0161,-0.0194
1774945222.7525,0.0000,0.0000,0.0000,0.0000,0.0000,-3.1310,-0.2240,-112.5069,0.0264,-0.0555,0.0040
1774945222.7715,0.0000,0.0000,0.0000,0.0000,0.0000,-3.1319,-0.2238,-47.9361,0.0540,-0.0459,0.0147
1774945222.7915,0.0000,0.0000,0.0000,0.0000,0.0000,-3.1336,-0.2239,51.3351,-0.0077,-0.0842,-0.0098
1774945222.8114,0.0000,0.0000,0.0000,0.0000,0.0000,-3.1340,-0.2240,-8.1297,-0.0099,-0.1151,-0.0098
1774945222.8318,0.0000,0.0000,0.0000,0.0000,0.0000,-3.1329,-0.2242,-32.9156,-0.0280,-0.0438,-0.0045
1774945222.8515,0.0000,0.0000,0.0000,0.0000,0.0000,-3.1299,-0.2238,33.5245,0.0082,-0.0395,-0.0247
1774945222.8722,0.0000,0.0000,0.0000,0.0000,0.0000,-3.1319,-0.2246,6.7514,-0.0056,-0.0246,-0.0162
1774945222.8917,0.0000,0.0000,0.0000,0.0000,0.0000,-3.1323,-0.2239,25.3202,-0.0386,-0.0416,-0.0151
1774945222.9115,0.0000,0.0000,0.0000,0.0000,0.0000,-3.1320,-0.2223,2.0377,-0.0248,-0.0725,-0.0077
1774945222.9313,0.0000,0.0000,0.0000,0.0000,0.0000,-3.1328,-0.2193,-8.1745,0.0125,-0.0683,-0.0045
1774945222.9515,0.0000,0.0000,0.0000,0.0000,0.0000,-3.1335,-0.2159,-19.7462,0.0700,-0.0672,0.0126
1774945222.9715,0.0000,0.0000,0.0000,0.0000,0.0000,-3.1360,-0.2118,-55.3134,-0.0099,-0.0129,0.0307
1774945222.9912,0.0000,0.0000,0.0000,0.0000,0.0000,3.1413,-0.2112,108.9084,-0.2442,0.2545,0.1276
1774945223.0113,0.0000,0.0000,0.0000,0.0000,0.0000,3.1351,-0.2115,32.6770,-0.4743,0.2460,0.2384
1774945223.0313,0.0000,0.0000,0.0000,0.0000,0.0000,3.1271,-0.2149,4.7227,-0.4690,0.3610,0.2789
1774945223.0512,0.0000,0.0000,0.0000,0.0000,0.0000,3.1227,-0.2210,-31.5068,-0.4541,0.3461,0.1894
1774945223.0714,0.0000,0.0000,0.0000,0.0000,0.0000,3.1187,-0.2283,46.3435,-0.3731,0.3802,0.0403
1774945223.0913,0.0000,0.0000,0.0000,0.0000,0.0000,3.1190,-0.2358,-14.1865,-0.0088,0.3355,-0.1302
1774945223.1121,0.0000,0.0000,0.0000,0.0000,0.0000,3.1197,-0.2429,51.0751,0.1947,0.2332,-0.1771
1774945223.1312,0.0000,0.0000,0.0000,0.0000,0.0000,3.1205,-0.2414,-2.6799,0.1489,-0.1844,-0.1803
1774945223.1522,0.0000,0.0000,0.0000,0.0000,0.0000,3.1190,-0.2372,-141.3021,0.1584,-0.2973,-0.2090
1774945223.1712,0.0000,0.0000,0.0000,0.0000,0.0000,3.1145,-0.2303,-68.7900,-0.0770,-0.4251,-0.2101
1774945223.1912,0.0000,0.0000,0.0000,0.0000,0.0000,3.1138,-0.2211,-122.9199,0.0743,-0.3687,-0.1834
1774945223.2119,0.0000,0.0000,0.0000,0.0000,0.0000,3.1151,-0.2201,127.9647,0.2330,-0.0257,-0.0045
1774945223.2313,0.0000,0.0000,0.0000,0.0000,0.0000,3.1172,-0.2215,167.4355,0.2011,0.0415,0.1063
1774945223.2514,0.0000,0.0000,0.0000,0.0000,0.0000,3.1176,-0.2215,-26.8892,0.1808,-0.0075,0.1553
1774945223.2714,0.0000,0.0000,0.0000,0.0000,0.0000,3.1187,-0.2195,-3.6182,0.1148,-0.1535,0.1223
1774945223.2912,0.0000,0.0000,0.0000,0.0000,0.0000,3.1279,-0.2127,-3.6429,0.2202,-0.2366,0.0786
1774945223.3114,0.0000,0.0000,0.0000,0.0000,0.0000,3.1347,-0.2105,-9.4504,0.2170,-0.0928,-0.0130
1774945223.3313,0.0000,0.0000,0.0000,0.0000,0.0000,-3.1395,-0.2117,21.7243,0.1851,0.0798,-0.0727
1774945223.3519,0.0000,0.0000,0.0000,0.0000,0.0000,-3.1369,-0.2138,101.1059,0.1052,0.0766,-0.0833
1774945223.3712,0.0000,0.0000,0.0000,0.0000,0.0000,-3.1333,-0.2139,28.6074,0.0679,-0.0438,-0.0748
1774945223.3914,0.0000,0.0000,0.0000,0.0000,0.0000,-3.1282,-0.2108,-70.2096,0.1957,-0.1748,-0.0205
1774945223.4118,0.0000,0.0000,0.0000,0.0000,0.0000,-3.1257,-0.2092,-23.4251,0.2490,-0.2110,0.0264
1774945223.4317,0.0000,0.0000,0.0000,0.0000,0.0000,-3.1202,-0.2075,-49.5629,0.2788,-0.1865,0.0317
1774945223.4513,0.0000,0.0000,0.0000,0.0000,0.0000,-3.1177,-0.2037,27.6494,0.2895,-0.1759,0.0690
1774945223.4713,0.0000,0.0000,0.0000,0.0000,0.0000,-3.1165,-0.1964,-121.1088,0.0594,-0.3420,0.0935
1774945223.4926,0.0000,0.0000,0.0000,0.0000,0.0000,-3.1221,-0.1984,-155.6851,-0.2975,0.1512,0.0978
1774945223.5113,0.0000,0.0000,0.0000,0.0000,0.0000,-3.1271,-0.2046,98.9949,-0.2858,0.3674,0.0552
1774945223.5317,0.0000,0.0000,0.0000,0.0000,0.0000,-3.1267,-0.2093,113.0648,-0.0695,0.2108,0.0392
1774945223.5517,0.0000,0.0000,0.0000,0.0000,0.0000,-3.1235,-0.2113,-154.3784,0.0498,0.0574,0.0126
1774945223.5712,0.0000,0.0000,0.0000,0.0000,0.0000,-3.1233,-0.2127,-30.1227,-0.0322,0.0319,-0.0269
1774945223.5928,0.0000,0.0000,0.0000,0.0000,0.0000,-3.1244,-0.2130,81.4257,-0.1292,-0.0459,-0.0343
1774945223.6113,0.0000,0.0000,0.0000,0.0000,0.0000,-3.1249,-0.2117,64.4519,-0.1164,-0.1908,-0.0652
1774945223.6313,0.0000,0.0000,0.0000,0.0000,0.0000,-3.1309,-0.2065,40.2460,-0.1824,-0.2302,-0.0119
1774945223.6516,0.0000,0.0000,0.0000,0.0000,0.0000,-3.1381,-0.2003,83.3814,-0.3305,-0.3186,0.0051
1774945223.6748,0.0000,0.0000,0.0000,0.0000,0.0000,3.1380,-0.1989,-89.7423,-0.3699,-0.2312,-0.0162
1774945223.6914,0.0000,0.0000,0.0000,0.0000,0.0000,3.1316,-0.1958,72.8905,-0.3263,-0.1812,-0.0215
1774945223.7112,0.0000,0.0000,0.0000,0.0000,0.0000,3.1291,-0.1915,-52.0043,-0.2378,-0.2110,-0.0109
1774945223.7312,0.0000,0.0000,0.0000,0.0000,0.0000,3.1290,-0.1874,-60.3704,-0.0706,-0.1993,-0.0567
1774945223.7512,0.0000,0.0000,0.0000,0.0000,0.0000,3.1350,-0.1861,92.4237,0.2256,-0.0022,-0.0652
1774945223.7713,0.0000,0.0000,0.0000,0.0000,0.0000,3.1362,-0.1902,-3.8956,0.1510,0.2002,-0.0407
1774945223.7916,0.0000,0.0000,0.0000,0.0000,0.0000,3.1333,-0.1933,48.3060,-0.0045,0.1235,-0.0556
1774945223.8120,0.0000,0.0000,0.0000,0.0000,0.0000,3.1287,-0.1897,98.7890,-0.1888,-0.1471,-0.0556
1774945223.8315,0.0000,0.0000,0.0000,0.0000,0.0000,3.1246,-0.1830,-13.5912,-0.1974,-0.3697,0.0008
1774945223.8512,0.0000,0.0000,0.0000,0.0000,0.0000,3.1253,-0.1774,49.9340,0.0040,-0.2046,-0.0087
1774945223.8722,0.0000,0.0000,0.0000,0.0000,0.0000,3.1296,-0.1761,54.1747,0.0796,-0.0214,-0.0524
1774945223.8913,0.0000,0.0000,0.0000,0.0000,0.0000,3.1308,-0.1786,24.9685,0.1276,0.0787,-0.0460
1774945223.9113,0.0000,0.0000,0.0000,0.0000,0.0000,3.1306,-0.1837,48.2694,0.1190,0.2023,-0.0716
1774945223.9312,0.0000,0.0000,0.0000,0.0000,0.0000,3.1305,-0.1888,9.3659,0.1797,0.1991,-0.0173
1774945223.9512,0.0000,0.0000,0.0000,0.0000,0.0000,3.1297,-0.1927,-132.9031,0.1478,0.1459,0.0360
1774945223.9713,0.0000,0.0000,0.0000,0.0000,0.0000,3.1283,-0.1986,77.0087,0.0540,0.2577,0.0616
1774945223.9912,0.0000,0.0000,0.0000,0.0000,0.0000,3.1269,-0.2037,10.4735,0.0200,0.3152,0.0893
1774945224.0112,0.0000,0.0000,0.0000,0.0000,0.0000,3.1275,-0.2076,92.9171,0.0157,0.2428,0.1010
1774945224.0313,0.0000,0.0000,0.0000,0.0000,0.0000,3.1342,-0.2091,-68.3512,0.3150,0.2439,0.0541
1774945224.0515,0.0000,0.0000,0.0000,0.0000,0.0000,-3.1367,-0.2105,45.0309,0.5696,0.2609,-0.1142
1774945224.0713,0.0000,0.0000,0.0000,0.0000,0.0000,-3.1271,-0.2116,96.0348,0.5760,0.2300,-0.1302
1774945224.0912,0.0000,0.0000,0.0000,0.0000,0.0000,-3.1222,-0.2168,6.5649,0.4503,0.3941,-0.0599
1774945224.1112,0.0000,0.0000,0.0000,0.0000,0.0000,-3.1183,-0.2226,-10.0525,0.3513,0.3333,0.0967
1774945224.1313,0.0000,0.0000,0.0000,0.0000,0.0000,-3.1136,-0.2238,5.2128,0.3076,0.0809,0.2054
1774945224.1514,0.0000,0.0000,0.0000,0.0000,0.0000,-3.1076,-0.2228,-16.7186,0.1883,-0.1151,0.2725
1774945224.1714,0.0000,0.0000,0.0000,0.0000,0.0000,-3.1034,-0.2185,74.4790,0.0306,-0.3154,0.2512
1774945224.1912,0.0000,0.0000,0.0000,0.0000,0.0000,-3.1011,-0.2126,-92.0449,-0.0887,-0.4422,0.1894
1774945224.2113,0.0000,0.0000,0.0000,0.0000,0.0000,-3.1014,-0.2060,-19.2314,-0.1515,-0.4102,0.1276
1774945224.2314,0.0000,0.0000,0.0000,0.0000,0.0000,-3.0995,-0.2008,91.3521,-0.0152,-0.3207,0.0594
1774945224.2513,0.0000,0.0000,0.0000,0.0000,0.0000,-3.0958,-0.1975,-42.0744,-0.0205,-0.2408,-0.0077
1774945224.2714,0.0000,0.0000,0.0000,0.0000,0.0000,-3.0943,-0.1978,0.0442,-0.0205,-0.1045,-0.0386
1774945224.2912,0.0000,0.0000,0.0000,0.0000,0.0000,-3.0965,-0.1987,-13.4618,-0.1015,-0.0544,-0.0705
1774945224.3112,0.0000,0.0000,0.0000,0.0000,0.0000,-3.0992,-0.2014,-38.6495,-0.0621,0.0574,-0.0514
1774945224.3312,0.0000,0.0000,0.0000,0.0000,0.0000,-3.1005,-0.2061,-46.0205,0.0455,0.1416,-0.0343
1774945224.3513,0.0000,0.0000,0.0000,0.0000,0.0000,-3.1028,-0.2100,42.5138,0.0232,0.0862,-0.0300
1774945224.3722,0.0000,0.0000,0.0000,0.0000,0.0000,-3.1071,-0.2092,31.0607,-0.1430,-0.0885,-0.0332
1774945224.3912,0.0000,0.0000,0.0000,0.0000,0.0000,-3.1141,-0.2072,-58.4189,-0.2623,-0.1609,-0.0311
1774945224.4113,0.0000,0.0000,0.0000,0.0000,0.0000,-3.1153,-0.2049,-48.0199,-0.1601,-0.1567,-0.0205
1774945224.4313,0.0000,0.0000,0.0000,0.0000,0.0000,-3.1134,-0.2045,71.1582,-0.0535,-0.0001,-0.0322
1774945224.4513,0.0000,0.0000,0.0000,0.0000,0.0000,-3.1125,-0.2073,63.1284,-0.0631,0.1991,-0.0727
1774945224.4713,0.0000,0.0000,0.0000,0.0000,0.0000,-3.1170,-0.2119,-13.8770,-0.1505,0.3152,-0.0780
1774945224.4913,0.0000,0.0000,0.0000,0.0000,0.0000,-3.1244,-0.2193,-53.6933,-0.2858,0.3866,-0.1312
1774945224.5112,0.0000,0.0000,0.0000,0.0000,0.0000,-3.1303,-0.2238,-6.5338,-0.3646,0.3696,-0.1440
1774945224.5313,0.0000,0.0000,0.0000,0.0000,0.0000,-3.1372,-0.2292,-6.5007,-0.3721,0.3088,-0.1046
1774945224.5515,0.0000,0.0000,0.0000,0.0000,0.0000,-3.1391,-0.2320,144.2489,-0.1792,0.1672,0.0030
1774945224.5715,0.0000,0.0000,0.0000,0.0000,0.0000,-3.1397,-0.2284,79.1228,-0.0482,-0.0949,0.0498
1774945224.5914,0.0000,0.0000,0.0000,0.0000,0.0000,3.1391,-0.2224,5.8065,-0.0887,-0.2760,0.0786
1774945224.6121,0.0000,0.0000,0.0000,0.0000,0.0000,3.1336,-0.2189,-51.8031,-0.1579,-0.1769,0.0221
1774945224.6316,0.0000,0.0000,0.0000,0.0000,0.0000,3.1296,-0.2169,2.7791,-0.0695,-0.0544,0.0243
1774945224.6518,0.0000,0.0000,0.0000,0.0000,0.0000,3.1301,-0.2154,-11.6846,0.0242,-0.0267,0.0200
1774945224.6713,0.0000,0.0000,0.0000,0.0000,0.0000,3.1317,-0.2143,37.8523,0.0881,-0.0331,-0.0024
1774945224.6914,0.0000,0.0000,0.0000,0.0000,0.0000,3.1315,-0.2125,-19.9465,0.1244,-0.0565,0.0030
1774945224.7112,0.0000,0.0000,0.0000,0.0000,0.0000,3.1301,-0.2122,-32.0146,0.0732,-0.0086,0.0200
1774945224.7314,0.0000,0.0000,0.0000,0.0000,0.0000,3.1327,-0.2130,33.2462,0.0924,0.0127,0.0349
1774945224.7514,0.0000,0.0000,0.0000,0.0000,0.0000,3.1406,-0.2125,26.3905,0.2011,0.0010,0.0541
1774945224.7713,0.0000,0.0000,0.0000,0.0000,0.0000,3.1411,-0.2143,0.0000,0.1915,0.0063,0.0616
1774945224.7914,0.0000,0.0000,0.0000,0.0000,0.0000,-3.1401,-0.2183,3.9103,0.1371,0.0926,0.0424
1774945224.8113,0.0000,0.0000,0.0000,0.0000,0.0000,-3.1346,-0.2203,24.7255,0.1297,0.1437,0.0296
1774945224.8315,0.0000,0.0000,0.0000,0.0000,0.0000,-3.1283,-0.2246,0.0000,0.1755,0.1597,0.0008
1774945224.8513,0.0000,0.0000,0.0000,0.0000,0.0000,-3.1270,-0.2247,0.0000,0.1989,0.1011,0.0232
1774945224.8713,0.0000,0.0000,0.0000,0.0000,0.0000,-3.1222,-0.2227,0.0000,0.2224,0.0042,0.0317
1774945224.8912,0.0000,0.0000,0.0000,0.0000,0.0000,-3.1206,-0.2223,0.0000,0.1872,-0.0619,0.0275
1774945224.9126,0.0000,0.0000,0.0000,0.0000,0.0000,-3.1198,-0.2191,0.0000,0.1062,-0.1290,0.0307
1774945224.9312,0.0000,0.0000,0.0000,0.0000,0.0000,-3.1179,-0.2129,0.0000,0.1297,-0.2089,-0.0450
1774945224.9514,0.0000,0.0000,0.0000,0.0000,0.0000,-3.1128,-0.2065,0.0000,0.1116,-0.2728,-0.0929
1774945224.9716,0.0000,0.0000,0.0000,0.0000,0.0000,-3.1062,-0.1965,-7.8204,0.4429,-0.4326,-0.0439
1774945224.9913,0.0000,0.0000,0.0000,0.0000,0.0000,-3.1024,-0.1903,0.0000,0.3172,-0.4123,0.0104
1774945225.0114,0.0000,0.0000,0.0000,0.0000,0.0000,-3.1021,-0.1867,0.0000,0.1126,-0.1950,0.0733
1774945225.0312,0.0000,0.0000,0.0000,0.0000,0.0000,-3.1008,-0.1851,0.0000,0.0477,-0.0427,0.1383
1774945225.0517,0.0000,0.0000,0.0000,0.0000,0.0000,-3.0961,-0.1878,-39.1578,0.0807,0.0798,0.1436
1774945225.0712,0.0000,0.0000,0.0000,0.0000,0.0000,-3.0913,-0.1912,0.0000,0.0775,0.1128,0.1233
1774945225.0913,0.0000,0.0000,0.0000,0.0000,0.0000,-3.0872,-0.1951,0.0000,0.0040,0.1725,0.1148
1774945225.1111,0.0000,0.0000,0.0000,0.0000,0.0000,-3.0846,-0.2010,-15.1238,-0.0695,0.2321,0.0541
1774945225.1314,0.0000,0.0000,0.0000,0.0000,0.0000,-3.0836,-0.2089,18.8997,-0.1196,0.2726,0.0232
1774945225.1514,0.0000,0.0000,0.0000,0.0000,0.0000,-3.0817,-0.2156,0.0000,-0.1100,0.3067,0.0136
1774945225.1713,0.0000,0.0000,0.0000,0.0000,0.0000,-3.0805,-0.2215,0.0000,-0.0408,0.2012,0.0168
1774945225.1912,0.0000,0.0000,0.0000,0.0000,0.0000,-3.0837,-0.2259,30.1225,-0.0301,0.1704,-0.0141
1774945225.2116,0.0000,0.0000,0.0000,0.0000,0.0000,-3.0878,-0.2249,49.8942,-0.0759,-0.0001,0.0008
1774945225.2313,0.0000,0.0000,0.0000,0.0000,0.0000,-3.0946,-0.2240,-14.9203,-0.2059,0.0233,0.0296
1774945225.2515,0.0000,0.0000,0.0000,0.0000,0.0000,-3.0966,-0.2227,-36.0735,-0.1388,0.0702,0.0296
1774945225.2715,0.0000,0.0000,0.0000,0.0000,0.0000,-3.0974,-0.2214,34.3230,-0.1814,0.1182,0.0477
1774945225.2914,0.0000,0.0000,0.0000,0.0000,0.0000,-3.0984,-0.2214,14.8470,-0.1505,0.0969,0.0488
1774945225.3112,0.0000,0.0000,0.0000,0.0000,0.0000,-3.0996,-0.2250,15.9320,-0.1494,0.1416,0.0211
1774945225.3314,0.0000,0.0000,0.0000,0.0000,0.0000,-3.1022,-0.2258,-147.2849,-0.1068,0.0724,0.0328
1774945225.3512,0.0000,0.0000,0.0000,0.0000,0.0000,-3.1029,-0.2257,-76.6804,-0.0599,-0.1109,0.0200
1774945225.3717,0.0000,0.0000,0.0000,0.0000,0.0000,-3.1051,-0.2240,11.6264,-0.0024,-0.1492,-0.0247
1774945225.3912,0.0000,0.0000,0.0000,0.0000,0.0000,-3.1067,-0.2192,122.4341,-0.0333,-0.2472,-0.0439
1774945225.4115,0.0000,0.0000,0.0000,0.0000,0.0000,-3.1107,-0.2148,0.5036,-0.1153,-0.2526,-0.0631
1774945225.4313,0.0000,0.0000,0.0000,0.0000,0.0000,-3.1114,-0.2144,3.8487,-0.0759,-0.1577,-0.0599
1774945225.4518,0.0000,0.0000,0.0000,0.0000,0.0000,-3.1125,-0.2162,31.0218,-0.0099,-0.0949,-0.0322
1774945225.4712,0.0000,0.0000,0.0000,0.0000,0.0000,-3.1131,-0.2178,-5.7328,0.0349,-0.0896,0.0008
1774945225.4912,0.0000,0.0000,0.0000,0.0000,0.0000,-3.1146,-0.2180,-53.8083,0.0722,-0.1386,0.0083
1774945225.5128,0.0000,0.0000,0.0000,0.0000,0.0000,-3.1152,-0.2173,9.6349,0.1148,-0.1471,0.0051
1774945225.5313,0.0000,0.0000,0.0000,0.0000,0.0000,-3.1139,-0.2176,-8.2470,0.1915,-0.1237,0.0115
1774945225.5512,0.0000,0.0000,0.0000,0.0000,0.0000,-3.1139,-0.2153,43.0947,0.1691,-0.1620,0.0083
1774945225.5713,0.0000,0.0000,0.0000,0.0000,0.0000,-3.1116,-0.2144,13.3605,0.2064,-0.1737,0.0083
1774945225.5913,0.0000,0.0000,0.0000,0.0000,0.0000,-3.1085,-0.2110,-38.3055,0.2735,-0.2185,-0.0002
1774945225.6114,0.0000,0.0000,0.0000,0.0000,0.0000,-3.1060,-0.2093,14.8916,0.2937,-0.2344,0.0243
1774945225.6316,0.0000,0.0000,0.0000,0.0000,0.0000,-3.0990,-0.2048,6.4276,0.3736,-0.2046,0.0477
1774945225.6512,0.0000,0.0000,0.0000,0.0000,0.0000,-3.0946,-0.1988,-42.7211,0.2213,-0.2632,0.0690
1774945225.6715,0.0000,0.0000,0.0000,0.0000,0.0000,-3.0957,-0.2031,-44.6868,-0.1292,0.2577,0.0594
1774945225.6914,0.0000,0.0000,0.0000,0.0000,0.0000,-3.0934,-0.2111,92.9549,-0.0109,0.4622,0.0243
1774945225.7115,0.0000,0.0000,0.0000,0.0000,0.0000,-3.0878,-0.2160,126.5834,0.1755,0.2343,0.0456
1774945225.7312,0.0000,0.0000,0.0000,0.0000,0.0000,-3.0831,-0.2167,3.7347,0.1009,0.0649,0.0307
1774945225.7513,0.0000,0.0000,0.0000,0.0000,0.0000,-3.0802,-0.2174,71.9688,-0.0578,0.0468,-0.0087
1774945225.7712,0.0000,0.0000,0.0000,0.0000,0.0000,-3.0792,-0.2169,-38.4249,-0.1111,0.0361,-0.0290
1774945225.7915,0.0000,0.0000,0.0000,0.0000,0.0000,-3.0778,-0.2161,-20.8726,-0.0567,0.0510,-0.0098
1774945225.8113,0.0000,0.0000,0.0000,0.0000,0.0000,-3.0782,-0.2167,8.8653,-0.0280,0.0404,0.0019
1774945225.8317,0.0000,0.0000,0.0000,0.0000,0.0000,-3.0815,-0.2173,51.3697,-0.0791,0.0404,0.0147
1774945225.8518,0.0000,0.0000,0.0000,0.0000,0.0000,-3.0833,-0.2172,58.3572,-0.0482,0.0063,0.0179
1774945225.8722,0.0000,0.0000,0.0000,0.0000,0.0000,-3.0840,-0.2171,3.1049,-0.0141,0.0106,-0.0098
1774945225.8913,0.0000,0.0000,0.0000,0.0000,0.0000,-3.0847,-0.2171,-60.3750,0.0136,0.0095,-0.0269
1774945225.9164,0.0000,0.0000,0.0000,0.0000,0.0000,-3.0869,-0.2179,43.1474,-0.0109,0.0329,-0.0300
1774945225.9312,0.0000,0.0000,0.0000,0.0000,0.0000,-3.0905,-0.2170,-15.3600,0.0125,0.0095,-0.0332
1774945225.9513,0.0000,0.0000,0.0000,0.0000,0.0000,-3.0930,-0.2159,49.3005,-0.0077,-0.0565,-0.0162
1774945225.9712,0.0000,0.0000,0.0000,0.0000,0.0000,-3.0935,-0.2108,-4.8134,0.0040,-0.1386,0.0104
1774945225.9912,0.0000,0.0000,0.0000,0.0000,0.0000,-3.0898,-0.2092,-2.8289,0.0189,-0.1130,0.0019
1774945226.0125,0.0000,0.0000,0.0000,0.0000,0.0000,-3.0871,-0.2079,-56.8708,0.0114,-0.0310,-0.0087
1774945226.0318,0.0000,0.0000,0.0000,0.0000,0.0000,-3.0856,-0.2080,14.0122,-0.0184,-0.0118,-0.0247
1774945226.0532,0.0000,0.0000,0.0000,0.0000,0.0000,-3.0830,-0.2085,-23.8948,-0.0258,0.0265,-0.0194
1774945226.0712,0.0000,0.0000,0.0000,0.0000,0.0000,-3.0828,-0.2071,-32.3331,-0.0088,-0.0001,-0.0205
1774945226.0912,0.0000,0.0000,0.0000,0.0000,0.0000,-3.0860,-0.2069,-8.6287,-0.0557,0.0010,-0.0269
1774945226.1113,0.0000,0.0000,0.0000,0.0000,0.0000,-3.0888,-0.2020,-12.7986,-0.1079,-0.0885,-0.0247
1774945226.1312,0.0000,0.0000,0.0000,0.0000,0.0000,-3.0955,-0.2010,58.3837,-0.2165,0.0372,0.0445
1774945226.1521,0.0000,0.0000,0.0000,0.0000,0.0000,-3.0991,-0.1985,-20.8608,-0.1942,-0.0075,0.0637
1774945226.1712,0.0000,0.0000,0.0000,0.0000,0.0000,-3.1047,-0.1956,-51.0715,-0.1707,-0.1162,0.1883
1774945226.1913,0.0000,0.0000,0.0000,0.0000,0.0000,-3.1087,-0.1926,-78.0272,-0.2229,0.0393,0.1990
1774945226.2117,0.0000,0.0000,0.0000,0.0000,0.0000,-3.1123,-0.1910,27.2456,-0.3124,0.1522,0.1660
1774945226.2312,0.0000,0.0000,0.0000,0.0000,0.0000,-3.1147,-0.1933,242.7054,-0.3678,0.0447,0.0477
1774945226.2513,0.0000,0.0000,0.0000,0.0000,0.0000,-3.1183,-0.1941,-101.8440,-0.2432,0.0148,0.1191
1774945226.2737,0.0000,0.0000,0.0000,0.0000,0.0000,-3.1213,-0.1960,-12.7415,-0.0855,0.1714,0.1063
1774945226.2913,0.0000,0.0000,0.0000,0.0000,0.0000,-3.1223,-0.1998,-78.0284,-0.0397,0.0969,0.1084
1774945226.3112,0.0000,0.0000,0.0000,0.0000,0.0000,-3.1265,-0.2044,-25.4231,-0.3337,0.2524,0.0605
1774945226.3313,0.0000,0.0000,0.0000,0.0000,0.0000,-3.1348,-0.2123,127.9083,-0.3838,0.3941,0.0786
1774945226.3513,0.0000,0.0000,0.0000,0.0000,0.0000,-3.1371,-0.2172,83.5346,-0.2251,0.2343,0.1191
1774945226.3712,0.0000,0.0000,0.0000,0.0000,0.0000,-3.1397,-0.2214,-68.4210,-0.1334,0.1160,0.1787
1774945226.3912,0.0000,0.0000,0.0000,0.0000,0.0000,-3.1414,-0.2256,-37.3113,-0.0844,0.1512,0.1745
1774945226.4112,0.0000,0.0000,0.0000,0.0000,0.0000,-3.1411,-0.2273,-40.0395,-0.1100,0.1224,0.1138
1774945226.4321,0.0000,0.0000,0.0000,0.0000,0.0000,-3.1376,-0.2295,-15.6059,0.0338,-0.0459,0.0232
1774945226.4516,0.0000,0.0000,0.0000,0.0000,0.0000,-3.1360,-0.2289,10.7292,-0.0482,-0.1407,-0.0300
1774945226.4712,0.0000,0.0000,0.0000,0.0000,0.0000,-3.1337,-0.2289,68.8166,0.0540,-0.0906,-0.0663
1774945226.4912,0.0000,0.0000,0.0000,0.0000,0.0000,-3.1303,-0.2283,19.4202,0.1467,-0.2110,-0.0428
1774945226.5112,0.0000,0.0000,0.0000,0.0000,0.0000,-3.1305,-0.2269,-56.9791,0.1020,-0.1375,-0.0034
1774945226.5316,0.0000,0.0000,0.0000,0.0000,0.0000,-3.1316,-0.2270,26.1283,0.1126,-0.0502,-0.0109
1774945226.5513,0.0000,0.0000,0.0000,0.0000,0.0000,-3.1305,-0.2232,91.8339,0.1233,-0.1577,0.0072
1774945226.5717,0.0000,0.0000,0.0000,0.0000,0.0000,-3.1268,-0.2211,-62.6657,0.1893,-0.1876,0.0317
1774945226.5914,0.0000,0.0000,0.0000,0.0000,0.0000,-3.1244,-0.2201,17.7922,0.1563,-0.1194,0.0456
1774945226.6113,0.0000,0.0000,0.0000,0.0000,0.0000,-3.1227,-0.2200,71.5711,0.2224,-0.0363,0.1329
1774945226.6313,0.0000,0.0000,0.0000,0.0000,0.0000,-3.1183,-0.2218,8.3654,0.3129,0.0415,0.1830
1774945226.6517,0.0000,0.0000,0.0000,0.0000,0.0000,-3.1135,-0.2270,49.1595,0.3481,0.2087,0.2032
1774945226.6713,0.0000,0.0000,0.0000,0.0000,0.0000,-3.1084,-0.2330,109.2422,0.3086,0.2247,0.0829
1774945226.6913,0.0000,0.0000,0.0000,0.0000,0.0000,-3.1084,-0.2335,98.5930,0.0157,-0.1343,-0.0482
1774945226.7112,0.0000,0.0000,0.0000,0.0000,0.0000,-3.1054,-0.2275,-7.4824,0.1393,-0.4379,-0.0247
1774945226.7313,0.0000,0.0000,0.0000,0.0000,0.0000,-3.0984,-0.2228,101.0116,0.1968,-0.2515,-0.0322
1774945226.7514,0.0000,0.0000,0.0000,0.0000,0.0000,-3.0939,-0.2201,-31.3084,0.1531,-0.1034,-0.0545
1774945226.7712,0.0000,0.0000,0.0000,0.0000,0.0000,-3.0895,-0.2192,-94.7200,-0.0024,-0.0800,-0.0173
1774945226.7913,0.0000,0.0000,0.0000,0.0000,0.0000,-3.0885,-0.2198,-92.4769,-0.0642,-0.0001,-0.0215
1774945226.8113,0.0000,0.0000,0.0000,0.0000,0.0000,-3.0869,-0.2197,50.4222,-0.0983,-0.0278,-0.0173
1774945226.8313,0.0000,0.0000,0.0000,0.0000,0.0000,-3.0886,-0.2201,-4.0508,-0.1100,-0.0693,-0.0087
1774945226.8514,0.0000,0.0000,0.0000,0.0000,0.0000,-3.0921,-0.2214,-5.3295,-0.1334,0.0404,-0.0045
1774945226.8712,0.0000,0.0000,0.0000,0.0000,0.0000,-3.0971,-0.2206,108.2460,-0.1622,-0.0363,-0.0226
1774945226.8912,0.0000,0.0000,0.0000,0.0000,0.0000,-3.0986,-0.2210,-35.8034,-0.1249,-0.0352,-0.0269
1774945226.9112,0.0000,0.0000,0.0000,0.0000,0.0000,-3.1038,-0.2226,34.6240,-0.1441,0.0138,-0.0173
1774945226.9312,0.0000,0.0000,0.0000,0.0000,0.0000,-3.1066,-0.2236,30.7761,-0.0919,0.0212,-0.0375
1774945226.9512,0.0000,0.0000,0.0000,0.0000,0.0000,-3.1109,-0.2251,-23.8874,-0.0908,0.0340,-0.0258
1774945226.9712,0.0000,0.0000,0.0000,0.0000,0.0000,-3.1141,-0.2279,-47.4825,-0.1100,0.1075,-0.0354
1774945226.9913,0.0000,0.0000,0.0000,0.0000,0.0000,-3.1131,-0.2282,-19.0436,-0.0365,0.0670,-0.0354
1774945227.0113,0.0000,0.0000,0.0000,0.0000,0.0000,-3.1146,-0.2281,-92.1516,-0.0290,-0.0129,-0.0109
1774945227.0313,0.0000,0.0000,0.0000,0.0000,0.0000,-3.1170,-0.2286,-46.1391,-0.0386,-0.0118,-0.0130
1774945227.0514,0.0000,0.0000,0.0000,0.0000,0.0000,-3.1168,-0.2290,-15.0873,-0.0290,-0.0288,-0.0130
1774945227.0712,0.0000,0.0000,0.0000,0.0000,0.0000,-3.1170,-0.2289,-61.4921,0.0040,-0.0225,0.0168
1774945227.0913,0.0000,0.0000,0.0000,0.0000,0.0000,-3.1155,-0.2288,24.9402,-0.0280,-0.0097,-0.0290
1774945227.1112,0.0000,0.0000,0.0000,0.0000,0.0000,-3.1128,-0.2279,99.4647,-0.0152,-0.0193,-0.1067
1774945227.1313,0.0000,0.0000,0.0000,0.0000,0.0000,-3.1090,-0.2284,80.8148,0.1350,0.0202,-0.2122
1774945227.1515,0.0000,0.0000,0.0000,0.0000,0.0000,-3.1106,-0.2294,12.6279,0.0583,0.0191,-0.2122
1774945227.1718,0.0000,0.0000,0.0000,0.0000,0.0000,-3.1124,-0.2302,112.3340,0.0104,-0.0576,-0.2037
1774945227.1912,0.0000,0.0000,0.0000,0.0000,0.0000,-3.1133,-0.2282,-70.5602,0.0722,-0.1716,-0.1696
1774945227.2116,0.0000,0.0000,0.0000,0.0000,0.0000,-3.1156,-0.2243,68.6943,0.0636,-0.2430,-0.0929
1774945227.2313,0.0000,0.0000,0.0000,0.0000,0.0000,-3.1176,-0.2195,9.4516,-0.0844,-0.1950,-0.1217
1774945227.2514,0.0000,0.0000,0.0000,0.0000,0.0000,-3.1198,-0.2139,-36.1267,-0.1249,-0.2632,-0.1792
1774945227.2714,0.0000,0.0000,0.0000,0.0000,0.0000,-3.1216,-0.2062,134.0464,-0.1313,-0.2185,-0.1930
1774945227.2913,0.0000,0.0000,0.0000,0.0000,0.0000,-3.1233,-0.2035,2.1071,-0.0013,-0.0960,-0.2229
1774945227.3114,0.0000,0.0000,0.0000,0.0000,0.0000,-3.1246,-0.2045,-30.3864,-0.0791,0.0500,-0.3091
1774945227.3313,0.0000,0.0000,0.0000,0.0000,0.0000,-3.1270,-0.2042,-71.7808,-0.1239,0.0606,-0.3784
1774945227.3512,0.0000,0.0000,0.0000,0.0000,0.0000,-3.1281,-0.2033,0.0000,-0.1175,0.0415,-0.3486
1774945227.3713,0.0000,0.0000,0.0000,0.0000,0.0000,-3.1290,-0.2082,0.0000,-0.0898,0.1086,-0.2996
1774945227.3912,0.0000,0.0000,0.0000,0.0000,0.0000,-3.1308,-0.2087,81.7430,-0.0258,0.1128,-0.2420
1774945227.4112,0.0000,0.0000,0.0000,0.0000,0.0000,-3.1318,-0.2127,0.0000,-0.0003,0.1501,-0.1568
1774945227.4314,0.0000,0.0000,0.0000,0.0000,0.0000,-3.1342,-0.2173,9.9897,0.0232,0.1427,-0.1046
1774945227.4518,0.0000,0.0000,0.0000,0.0000,0.0000,-3.1348,-0.2214,0.0000,-0.0205,0.1522,-0.0918
1774945227.4769,0.0000,0.0000,0.0000,0.0000,0.0000,-3.1371,-0.2215,0.0000,-0.0663,0.2012,-0.1004
1774945227.4913,0.0000,0.0000,0.0000,0.0000,0.0000,-3.1355,-0.2223,0.0000,0.0242,0.1789,-0.1259
1774945227.5113,0.0000,0.0000,0.0000,0.0000,0.0000,-3.1353,-0.2235,0.0000,0.0125,0.1320,-0.1089
1774945227.5312,0.0000,0.0000,0.0000,0.0000,0.0000,-3.1337,-0.2224,0.0000,0.0903,0.0585,-0.1067
1774945227.5513,0.0000,0.0000,0.0000,0.0000,0.0000,-3.1352,-0.2212,0.0000,0.0647,0.0020,0.0232
1774945227.5714,0.0000,0.0000,0.0000,0.0000,0.0000,-3.1414,-0.2203,0.0000,-0.1974,-0.0491,0.1777
1774945227.5912,0.0000,0.0000,0.0000,0.0000,0.0000,-3.1395,-0.2196,0.0000,-0.0290,-0.0310,0.2203
1774945227.6113,0.0000,0.0000,0.0000,0.0000,0.0000,-3.1375,-0.2181,0.0000,0.0817,0.0436,0.1787
1774945227.6312,0.0000,0.0000,0.0000,0.0000,0.0000,-3.1359,-0.2176,0.0000,0.0317,0.0404,0.0594
1774945227.6513,0.0000,0.0000,0.0000,0.0000,0.0000,-3.1323,-0.2155,0.0000,-0.0354,-0.0480,-0.0737
1774945227.6712,0.0000,0.0000,0.0000,0.0000,0.0000,-3.1344,-0.2131,0.0000,-0.0429,-0.0193,-0.1185
1774945227.6913,0.0000,0.0000,0.0000,0.0000,0.0000,-3.1363,-0.2096,0.0000,0.0136,-0.0118,-0.1185
1774945227.7112,0.0000,0.0000,0.0000,0.0000,0.0000,-3.1347,-0.2058,0.0000,0.0423,0.0106,-0.0897
1774945227.7313,0.0000,0.0000,0.0000,0.0000,0.0000,-3.1371,-0.2052,0.0000,0.0370,0.0202,-0.0077
1774945227.7516,0.0000,0.0000,0.0000,0.0000,0.0000,-3.1379,-0.2041,58.4176,0.0285,0.0223,0.0285
1774945227.7713,0.0000,0.0000,0.0000,0.0000,0.0000,-3.1371,-0.2012,-24.9273,0.0146,-0.0171,0.0616
1774945227.7912,0.0000,0.0000,0.0000,0.0000,0.0000,-3.1339,-0.2012,30.7448,0.0050,0.0415,0.0403
1774945227.8113,0.0000,0.0000,0.0000,0.0000,0.0000,-3.1307,-0.2023,17.1096,0.0136,0.0915,0.0190
1774945227.8313,0.0000,0.0000,0.0000,0.0000,0.0000,-3.1268,-0.2030,-45.4550,0.0295,0.0383,-0.0290
1774945227.8530,0.0000,0.0000,0.0000,0.0000,0.0000,-3.1259,-0.2055,-33.4856,-0.0163,0.1235,-0.0439
1774945227.8712,0.0000,0.0000,0.0000,0.0000,0.0000,-3.1256,-0.2063,8.8917,-0.0440,0.0809,-0.0609
1774945227.8914,0.0000,0.0000,0.0000,0.0000,0.0000,-3.1257,-0.2064,-13.8153,-0.0322,0.0468,-0.0418
1774945227.9120,0.0000,0.0000,0.0000,0.0000,0.0000,-3.1289,-0.2086,47.8489,-0.0131,0.1064,-0.0024
1774945227.9315,0.0000,0.0000,0.0000,0.0000,0.0000,-3.1315,-0.2103,83.9344,-0.0099,0.0532,-0.0002
1774945227.9512,0.0000,0.0000,0.0000,0.0000,0.0000,-3.1341,-0.2107,-2.6820,-0.0322,-0.0097,0.0211
1774945227.9712,0.0000,0.0000,0.0000,0.0000,0.0000,-3.1346,-0.2108,-78.2254,0.0082,0.0095,0.0179
1774945227.9913,0.0000,0.0000,0.0000,0.0000,0.0000,-3.1323,-0.2120,-24.5239,0.0487,0.0574,0.0008
1774945228.0120,0.0000,0.0000,0.0000,0.0000,0.0000,-3.1329,-0.2132,-6.6450,0.0050,0.0010,-0.0055
1774945228.0313,0.0000,0.0000,0.0000,0.0000,0.0000,-3.1308,-0.2153,-6.4678,0.0082,0.0244,-0.0364
1774945228.0521,0.0000,0.0000,0.0000,0.0000,0.0000,-3.1314,-0.2149,107.6102,-0.0003,-0.0171,-0.0183
1774945228.0714,0.0000,0.0000,0.0000,0.0000,0.0000,-3.1323,-0.2144,-21.8674,-0.0045,-0.0565,-0.0055
1774945228.0913,0.0000,0.0000,0.0000,0.0000,0.0000,-3.1314,-0.2129,-30.2260,-0.0077,-0.1119,-0.0034
1774945228.1112,0.0000,0.0000,0.0000,0.0000,0.0000,-3.1304,-0.2148,-20.2670,0.0168,-0.0288,0.0051
1774945228.1312,0.0000,0.0000,0.0000,0.0000,0.0000,-3.1298,-0.2152,-77.7307,0.0125,-0.0374,-0.0045
1774945228.1514,0.0000,0.0000,0.0000,0.0000,0.0000,-3.1309,-0.2132,-1.9306,-0.0642,-0.0736,-0.0098
1774945228.1713,0.0000,0.0000,0.0000,0.0000,0.0000,-3.1306,-0.2148,72.4758,-0.0418,0.0084,-0.0066
1774945228.1913,0.0000,0.0000,0.0000,0.0000,0.0000,-3.1299,-0.2139,114.4824,-0.0056,-0.0065,-0.0119
1774945228.2114,0.0000,0.0000,0.0000,0.0000,0.0000,-3.1311,-0.2127,40.3784,0.0200,0.0031,-0.0109
1774945228.2313,0.0000,0.0000,0.0000,0.0000,0.0000,-3.1337,-0.2123,44.4517,0.0104,0.0329,-0.0141
1774945228.2520,0.0000,0.0000,0.0000,0.0000,0.0000,-3.1351,-0.2110,-43.0331,0.0040,0.0287,-0.0087
1774945228.2716,0.0000,0.0000,0.0000,0.0000,0.0000,-3.1348,-0.2100,64.1086,0.0317,-0.0235,-0.0151
1774945228.2913,0.0000,0.0000,0.0000,0.0000,0.0000,-3.1327,-0.2073,-64.4512,0.0157,-0.0161,-0.0066
1774945228.3112,0.0000,0.0000,0.0000,0.0000,0.0000,-3.1326,-0.2064,16.8977,0.0104,0.0159,-0.0119
1774945228.3313,0.0000,0.0000,0.0000,0.0000,0.0000,-3.1317,-0.2044,13.5592,0.0178,0.0106,0.0115
1774945228.3513,0.0000,0.0000,0.0000,0.0000,0.0000,-3.1326,-0.2008,-38.1997,0.0604,-0.0928,0.0850
1774945228.3714,0.0000,0.0000,0.0000,0.0000,0.0000,-3.1356,-0.2013,-44.1601,-0.0717,0.0606,0.2544
1774945228.3913,0.0000,0.0000,0.0000,0.0000,0.0000,-3.1358,-0.1992,-15.3258,-0.1228,-0.0438,0.2959
1774945228.4113,0.0000,0.0000,0.0000,0.0000,0.0000,-3.1328,-0.1997,-81.1967,-0.1079,0.0180,0.1979
1774945228.4313,0.0000,0.0000,0.0000,0.0000,0.0000,-3.1328,-0.2014,7.1560,-0.1185,0.0819,0.1649
1774945228.4515,0.0000,0.0000,0.0000,0.0000,0.0000,-3.1301,-0.2032,1.6712,-0.0077,0.0873,0.1180
1774945228.4714,0.0000,0.0000,0.0000,0.0000,0.0000,-3.1274,-0.2068,-41.1941,-0.0344,0.0681,0.0520
1774945228.4913,0.0000,0.0000,0.0000,0.0000,0.0000,-3.1306,-0.2077,-16.5767,-0.0141,0.0287,0.0477
1774945228.5120,0.0000,0.0000,0.0000,0.0000,0.0000,-3.1333,-0.2093,-17.3473,-0.0535,0.0372,0.0296
1774945228.5314,0.0000,0.0000,0.0000,0.0000,0.0000,-3.1354,-0.2131,-54.0665,-0.0631,0.0830,0.0168
1774945228.5522,0.0000,0.0000,0.0000,0.0000,0.0000,-3.1357,-0.2151,30.7644,-0.0376,0.0670,0.0413
1774945228.5716,0.0000,0.0000,0.0000,0.0000,0.0000,-3.1376,-0.2144,-7.8834,-0.0141,0.0074,0.0445
1774945228.5912,0.0000,0.0000,0.0000,0.0000,0.0000,-3.1377,-0.2149,17.4192,-0.0003,0.0233,0.0562
1774945228.6117,0.0000,0.0000,0.0000,0.0000,0.0000,-3.1402,-0.2138,35.6730,-0.0376,0.0212,0.0669
1774945228.6318,0.0000,0.0000,0.0000,0.0000,0.0000,3.1414,-0.2111,151.4430,-0.0482,-0.0619,0.0637
1774945228.6521,0.0000,0.0000,0.0000,0.0000,0.0000,3.1416,-0.2102,-60.8604,-0.0397,-0.0629,0.0967
1774945228.6712,0.0000,0.0000,0.0000,0.0000,0.0000,-3.1414,-0.2097,72.4506,0.0029,-0.0097,0.1010
1774945228.6914,0.0000,0.0000,0.0000,0.0000,0.0000,-3.1401,-0.2078,13.0362,0.0242,-0.0448,0.0914
1774945228.7115,0.0000,0.0000,0.0000,0.0000,0.0000,-3.1392,-0.2053,-7.3900,-0.0035,-0.1130,0.0722
1774945228.7313,0.0000,0.0000,0.0000,0.0000,0.0000,-3.1384,-0.2059,-18.1052,0.0019,-0.0565,0.0648
1774945228.7512,0.0000,0.0000,0.0000,0.0000,0.0000,-3.1401,-0.2056,21.0071,-0.0482,-0.0278,0.0594
1774945228.7712,0.0000,0.0000,0.0000,0.0000,0.0000,3.1408,-0.2079,57.4779,-0.0237,0.0010,0.1127
1774945228.7912,0.0000,0.0000,0.0000,0.0000,0.0000,3.1411,-0.2079,-23.8519,0.0562,0.0052,0.1042
1774945228.8127,0.0000,0.0000,0.0000,0.0000,0.0000,3.1385,-0.2073,-81.1110,-0.0120,-0.0480,0.1148
1774945228.8316,0.0000,0.0000,0.0000,0.0000,0.0000,3.1387,-0.2081,3.0536,0.0285,-0.0171,0.1084
1774945228.8512,0.0000,0.0000,0.0000,0.0000,0.0000,3.1391,-0.2085,88.0061,-0.0035,-0.0171,0.0935
1774945228.8714,0.0000,0.0000,0.0000,0.0000,0.0000,3.1406,-0.2114,11.5719,0.0732,0.0202,0.1052
1774945228.8914,0.0000,0.0000,0.0000,0.0000,0.0000,3.1403,-0.2127,-55.8778,0.0775,0.0127,0.1063
1774945228.9123,0.0000,0.0000,0.0000,0.0000,0.0000,3.1393,-0.2124,-16.2887,0.0327,-0.0395,0.1287
1774945228.9325,0.0000,0.0000,0.0000,0.0000,0.0000,3.1407,-0.2152,-25.4261,0.0849,0.0425,0.1297
1774945228.9521,0.0000,0.0000,0.0000,0.0000,0.0000,3.1415,-0.2169,40.6499,0.0242,0.0596,0.1116
1774945228.9714,0.0000,0.0000,0.0000,0.0000,0.0000,-3.1386,-0.2170,33.7595,0.0626,-0.0107,0.1244
1774945228.9914,0.0000,0.0000,0.0000,0.0000,0.0000,-3.1368,-0.2161,10.0255,-0.0109,-0.0257,0.1127
1774945229.0115,0.0000,0.0000,0.0000,0.0000,0.0000,-3.1352,-0.2164,-20.0204,0.0487,-0.0278,0.1127
1774945229.0312,0.0000,0.0000,0.0000,0.0000,0.0000,-3.1341,-0.2162,-18.3612,0.0604,-0.0320,0.1425
1774945229.0536,0.0000,0.0000,0.0000,0.0000,0.0000,-3.1294,-0.2170,45.2153,0.1062,-0.0406,0.1564
1774945229.0713,0.0000,0.0000,0.0000,0.0000,0.0000,-3.1288,-0.2178,36.1357,0.0828,-0.0747,0.2032
1774945229.0914,0.0000,0.0000,0.0000,0.0000,0.0000,-3.1259,-0.2167,-50.4572,0.1073,-0.1130,0.1745
1774945229.1113,0.0000,0.0000,0.0000,0.0000,0.0000,-3.1233,-0.2147,-54.9636,0.0764,-0.1045,0.1809
1774945229.1313,0.0000,0.0000,0.0000,0.0000,0.0000,-3.1200,-0.2143,-115.0555,0.1339,-0.1141,0.1937
1774945229.1514,0.0000,0.0000,0.0000,0.0000,0.0000,-3.1170,-0.2130,-100.9619,0.1158,-0.1109,0.2022
1774945229.1715,0.0000,0.0000,0.0000,0.0000,0.0000,-3.1158,-0.2119,65.5797,0.1094,-0.0693,0.1937
1774945229.1912,0.0000,0.0000,0.0000,0.0000,0.0000,-3.1139,-0.2108,133.8208,0.1126,-0.0608,0.1905
1774945229.2114,0.0000,0.0000,0.0000,0.0000,0.0000,-3.1113,-0.2089,-56.4492,0.0509,-0.0384,0.1564
1774945229.2312,0.0000,0.0000,0.0000,0.0000,0.0000,-3.1051,-0.2054,-3.1672,0.0945,-0.0533,0.1915
1774945229.2512,0.0000,0.0000,0.0000,0.0000,0.0000,-3.1007,-0.2016,2.1787,0.0999,-0.0054,0.2192
1774945229.2714,0.0000,0.0000,0.0000,0.0000,0.0000,-3.0969,-0.2021,-36.8260,0.0285,0.0724,0.2661
1774945229.2913,0.0000,0.0000,0.0000,0.0000,0.0000,-3.0979,-0.2045,-75.2637,-0.0163,0.1331,0.3321
1774945229.3114,0.0000,0.0000,0.0000,0.0000,0.0000,-3.0979,-0.2065,-8.0245,-0.0717,0.1501,0.3385
1774945229.3312,0.0000,0.0000,0.0000,0.0000,0.0000,-3.0981,-0.2059,38.6326,-0.0919,0.0883,0.3108
1774945229.3524,0.0000,0.0000,0.0000,0.0000,0.0000,-3.0978,-0.2083,54.9996,-0.0823,0.0937,0.3055
1774945229.3712,0.0000,0.0000,0.0000,0.0000,0.0000,-3.1013,-0.2079,83.7994,-0.0983,0.0979,0.3790
1774945229.3912,0.0000,0.0000,0.0000,0.0000,0.0000,-3.0991,-0.2085,52.0916,-0.0205,0.0734,0.4131
1774945229.4114,0.0000,0.0000,0.0000,0.0000,0.0000,-3.1007,-0.2115,-1.9777,-0.0940,0.1576,0.4589
1774945229.4315,0.0000,0.0000,0.0000,0.0000,0.0000,-3.1015,-0.2159,91.6371,-0.1079,0.1075,0.4504
1774945229.4514,0.0000,0.0000,0.0000,0.0000,0.0000,-3.1043,-0.2188,8.4182,-0.1814,0.0809,0.4323
1774945229.4714,0.0000,0.0000,0.0000,0.0000,0.0000,-3.1030,-0.2208,95.8232,-0.0706,0.1000,0.4216
1774945229.4914,0.0000,0.0000,0.0000,0.0000,0.0000,-3.0993,-0.2219,134.1226,-0.0376,0.1128,0.4323
1774945229.5125,0.0000,0.0000,0.0000,0.0000,0.0000,-3.0952,-0.2219,51.9240,0.0445,0.0990,0.4163
1774945229.5316,0.0000,0.0000,0.0000,0.0000,0.0000,-3.0935,-0.2206,2.2960,-0.0386,0.0766,0.4142
1774945229.5513,0.0000,0.0000,0.0000,0.0000,0.0000,-3.0932,-0.2209,-143.5606,-0.0908,0.1736,0.4067
1774945229.5712,0.0000,0.0000,0.0000,0.0000,0.0000,-3.0964,-0.2225,13.9215,-0.2751,0.1299,0.3737
1774945229.5913,0.0000,0.0000,0.0000,0.0000,0.0000,-3.1023,-0.2236,-83.0119,-0.2858,-0.0331,0.3460
1774945229.6118,0.0000,0.0000,0.0000,0.0000,0.0000,-3.1091,-0.2240,-65.2493,-0.1984,-0.0661,0.4451
1774945229.6314,0.0000,0.0000,0.0000,0.0000,0.0000,-3.1143,-0.2232,-63.8412,-0.1910,-0.1311,0.5495
1774945229.6514,0.0000,0.0000,0.0000,0.0000,0.0000,-3.1205,-0.2219,-63.2140,-0.2304,-0.1748,0.5910
1774945229.6712,0.0000,0.0000,0.0000,0.0000,0.0000,-3.1246,-0.2220,32.6592,-0.2730,-0.1183,0.5633
1774945229.6914,0.0000,0.0000,0.0000,0.0000,0.0000,-3.1309,-0.2205,140.4214,-0.3529,-0.1396,0.5196
1774945229.7111,0.0000,0.0000,0.0000,0.0000,0.0000,-3.1344,-0.2186,118.5870,-0.2772,-0.1652,0.5686
1774945229.7313,0.0000,0.0000,0.0000,0.0000,0.0000,-3.1361,-0.2168,7.0400,-0.2421,-0.1269,0.5484
1774945229.7512,0.0000,0.0000,0.0000,0.0000,0.0000,-3.1349,-0.2163,75.7419,-0.1782,-0.1045,0.5122
1774945229.7716,0.0000,0.0000,0.0000,0.0000,0.0000,-3.1386,-0.2157,17.0533,-0.2336,-0.0608,0.4600
1774945229.7913,0.0000,0.0000,0.0000,0.0000,0.0000,-3.1405,-0.2139,50.4916,-0.1579,-0.0779,0.4834
1774945229.8116,0.0000,0.0000,0.0000,0.0000,0.0000,3.1410,-0.2149,132.1587,-0.1888,0.0223,0.4770
1774945229.8313,0.0000,0.0000,0.0000,0.0000,0.0000,3.1386,-0.2145,60.3487,-0.1984,-0.0747,0.3790
1774945229.8513,0.0000,0.0000,0.0000,0.0000,0.0000,3.1304,-0.2139,12.8514,-0.3699,-0.0129,0.4163
1774945229.8713,0.0000,0.0000,0.0000,0.0000,0.0000,3.1277,-0.2128,123.4390,-0.3241,-0.0448,0.3108
1774945229.8912,0.0000,0.0000,0.0000,0.0000,0.0000,3.1219,-0.2105,-27.8857,-0.3476,-0.1886,0.3172
1774945229.9125,0.0000,0.0000,0.0000,0.0000,0.0000,3.1147,-0.2064,-359.9846,-0.3209,-0.2803,0.3012
1774945229.9314,0.0000,0.0000,0.0000,0.0000,0.0000,3.1167,-0.2049,-174.6224,-0.0120,-0.0512,0.2544
1774945229.9513,0.0000,0.0000,0.0000,0.0000,0.0000,3.1217,-0.2035,0.0000,0.0881,0.0819,0.0605
1774945229.9713,0.0000,0.0000,0.0000,0.0000,0.0000,3.1276,-0.2036,-36.3256,0.1893,0.0777,-0.0897
1774945229.9919,0.0000,0.0000,0.0000,0.0000,0.0000,3.1254,-0.2039,0.0000,0.0295,0.1395,-0.1803
1774945230.0136,0.0000,0.0000,0.0000,0.0000,0.0000,3.1215,-0.2044,-39.9930,-0.0099,0.1427,-0.1888
1774945230.0320,0.0000,0.0000,0.0000,0.0000,0.0000,3.1203,-0.2034,0.0000,0.0295,0.0873,-0.1249
1774945230.0513,0.0000,0.0000,0.0000,0.0000,0.0000,3.1218,-0.2023,0.0000,0.1244,0.0404,-0.0322
1774945230.0712,0.0000,0.0000,0.0000,0.0000,0.0000,3.1222,-0.2067,0.0000,0.0849,0.1341,0.0381
1774945230.0913,0.0000,0.0000,0.0000,0.0000,0.0000,3.1235,-0.2116,0.0000,0.0477,0.1416,0.0807
1774945230.1113,0.0000,0.0000,0.0000,0.0000,0.0000,3.1246,-0.2168,0.0000,0.1020,0.1299,0.0807
1774945230.1318,0.0000,0.0000,0.0000,0.0000,0.0000,3.1277,-0.2199,0.0000,0.1584,0.1150,0.0520
1774945230.1519,0.0000,0.0000,0.0000,0.0000,0.0000,3.1310,-0.2208,0.0000,0.1307,0.0745,0.0264
1774945230.1713,0.0000,0.0000,0.0000,0.0000,0.0000,3.1351,-0.2248,0.0000,0.0477,0.0127,-0.0024
1774945230.1912,0.0000,0.0000,0.0000,0.0000,0.0000,3.1391,-0.2243,0.0000,0.1084,-0.0342,-0.0141
1774945230.2113,0.0000,0.0000,0.0000,0.0000,0.0000,-3.1406,-0.2206,0.0000,0.1478,-0.0214,-0.0055
1774945230.2313,0.0000,0.0000,0.0000,0.0000,0.0000,-3.1385,-0.2200,0.0000,0.0892,-0.0683,0.0211
1774945230.2523,0.0000,0.0000,0.0000,0.0000,0.0000,-3.1368,-0.2201,0.0000,0.0785,-0.0747,0.0211
1774945230.2717,0.0000,0.0000,0.0000,0.0000,0.0000,-3.1343,-0.2175,42.0210,0.0999,-0.0800,0.0328
1774945230.2916,0.0000,0.0000,0.0000,0.0000,0.0000,-3.1308,-0.2154,-41.9401,0.1041,-0.0491,0.0435
1774945230.3113,0.0000,0.0000,0.0000,0.0000,0.0000,-3.1289,-0.2140,0.0000,0.0764,-0.1322,0.0307
1774945230.3313,0.0000,0.0000,0.0000,0.0000,0.0000,-3.1250,-0.2115,0.0000,0.0871,-0.1364,0.0115
1774945230.3512,0.0000,0.0000,0.0000,0.0000,0.0000,-3.1213,-0.2092,0.0000,0.0626,-0.1332,-0.0034
1774945230.3713,0.0000,0.0000,0.0000,0.0000,0.0000,-3.1179,-0.2084,-3.4606,0.0327,-0.1482,-0.0066
1774945230.3912,0.0000,0.0000,0.0000,0.0000,0.0000,-3.1158,-0.2078,-75.9135,0.0125,-0.0842,-0.0215
1774945230.4112,0.0000,0.0000,0.0000,0.0000,0.0000,-3.1134,-0.2067,6.9143,-0.0258,-0.0565,-0.0087
1774945230.4313,0.0000,0.0000,0.0000,0.0000,0.0000,-3.1109,-0.2078,-36.2661,-0.0237,-0.0150,-0.0215
1774945230.4519,0.0000,0.0000,0.0000,0.0000,0.0000,-3.1093,-0.2069,120.5053,-0.0354,-0.0640,-0.0386
1774945230.4713,0.0000,0.0000,0.0000,0.0000,0.0000,-3.1106,-0.2076,15.2670,-0.1175,-0.0310,-0.0237
1774945230.4912,0.0000,0.0000,0.0000,0.0000,0.0000,-3.1100,-0.2101,-59.2557,-0.0919,0.0148,-0.0364
1774945230.5124,0.0000,0.0000,0.0000,0.0000,0.0000,-3.1104,-0.2125,-28.6315,-0.0748,0.0510,-0.0194
1774945230.5312,0.0000,0.0000,0.0000,0.0000,0.0000,-3.1136,-0.2110,21.0777,-0.0844,-0.0054,-0.0173
1774945230.5521,0.0000,0.0000,0.0000,0.0000,0.0000,-3.1180,-0.2139,47.9057,-0.0812,0.0191,-0.0013
1774945230.5713,0.0000,0.0000,0.0000,0.0000,0.0000,-3.1223,-0.2170,-68.3486,-0.0727,0.0180,-0.0109
1774945230.5912,0.0000,0.0000,0.0000,0.0000,0.0000,-3.1248,-0.2200,0.8859,-0.0802,0.0329,-0.0098
1774945230.6118,0.0000,0.0000,0.0000,0.0000,0.0000,-3.1255,-0.2208,-16.7339,-0.0354,-0.0374,-0.0151
1774945230.6316,0.0000,0.0000,0.0000,0.0000,0.0000,-3.1269,-0.2224,-4.8344,-0.0184,-0.0832,-0.0215
1774945230.6513,0.0000,0.0000,0.0000,0.0000,0.0000,-3.1285,-0.2223,12.4650,-0.0695,-0.0640,-0.0290
1774945230.6713,0.0000,0.0000,0.0000,0.0000,0.0000,-3.1312,-0.2234,-4.2409,-0.0759,0.0212,0.0040
1774945230.6914,0.0000,0.0000,0.0000,0.0000,0.0000,-3.1287,-0.2254,7.2388,0.0050,0.0202,-0.0194
1774945230.7126,0.0000,0.0000,0.0000,0.0000,0.0000,-3.1284,-0.2261,65.8817,-0.0024,-0.0129,-0.0215
1774945230.7314,0.0000,0.0000,0.0000,0.0000,0.0000,-3.1312,-0.2253,33.4720,-0.0695,-0.0842,-0.0066
1774945230.7521,0.0000,0.0000,0.0000,0.0000,0.0000,-3.1288,-0.2237,-41.7935,-0.0461,-0.1300,-0.0269
1774945230.7720,0.0000,0.0000,0.0000,0.0000,0.0000,-3.1279,-0.2228,16.5749,-0.0386,-0.0544,-0.0300
1774945230.7912,0.0000,0.0000,0.0000,0.0000,0.0000,-3.1302,-0.2233,86.1596,-0.0344,-0.0257,-0.0130
1774945230.8115,0.0000,0.0000,0.0000,0.0000,0.0000,-3.1293,-0.2219,-20.6726,-0.0152,-0.0491,-0.0151
1774945230.8321,0.0000,0.0000,0.0000,0.0000,0.0000,-3.1314,-0.2205,-51.9424,-0.0386,-0.0576,-0.0151
1774945230.8520,0.0000,0.0000,0.0000,0.0000,0.0000,-3.1342,-0.2199,13.6269,-0.0525,-0.0395,-0.0045
1774945230.8717,0.0000,0.0000,0.0000,0.0000,0.0000,-3.1333,-0.2174,39.1519,0.0413,-0.0736,-0.0237
1774945230.8917,0.0000,0.0000,0.0000,0.0000,0.0000,-3.1348,-0.2142,47.9991,-0.0173,-0.0427,-0.0173
1774945230.9125,0.0000,0.0000,0.0000,0.0000,0.0000,-3.1360,-0.2111,-35.8627,-0.0546,-0.0246,-0.0109
1774945230.9313,0.0000,0.0000,0.0000,0.0000,0.0000,-3.1342,-0.2077,6.7551,0.0136,-0.0470,-0.0226
1774945230.9516,0.0000,0.0000,0.0000,0.0000,0.0000,-3.1340,-0.2053,-120.1212,-0.0003,-0.0107,-0.0013
1774945230.9713,0.0000,0.0000,0.0000,0.0000,0.0000,-3.1331,-0.2046,-24.3823,0.0317,0.0383,-0.0098
1774945230.9912,0.0000,0.0000,0.0000,0.0000,0.0000,-3.1327,-0.2041,95.3615,0.0391,0.0606,-0.0077
1774945231.0113,0.0000,0.0000,0.0000,0.0000,0.0000,-3.1340,-0.2038,72.4599,-0.0408,0.0628,0.0040
1774945231.0313,0.0000,0.0000,0.0000,0.0000,0.0000,-3.1324,-0.2037,-71.2142,0.0019,0.0915,0.0062
1774945231.0526,0.0000,0.0000,0.0000,0.0000,0.0000,-3.1322,-0.2019,14.5445,0.0487,0.0372,0.1606
1774945231.0712,0.0000,0.0000,0.0000,0.0000,0.0000,-3.1368,-0.2016,68.6511,-0.1984,0.0915,0.3012
1774945231.0913,0.0000,0.0000,0.0000,0.0000,0.0000,-3.1375,-0.2009,36.8144,-0.0866,0.1139,0.3556
1774945231.1113,0.0000,0.0000,0.0000,0.0000,0.0000,-3.1366,-0.2035,76.2946,-0.1622,0.2066,0.3055
1774945231.1314,0.0000,0.0000,0.0000,0.0000,0.0000,-3.1376,-0.2056,28.3131,-0.1430,0.1405,0.3012
1774945231.1516,0.0000,0.0000,0.0000,0.0000,0.0000,-3.1395,-0.2087,-138.8454,-0.1622,0.0969,0.2256
1774945231.1712,0.0000,0.0000,0.0000,0.0000,0.0000,3.1415,-0.2113,-45.6074,-0.1388,0.1235,0.1947
1774945231.1912,0.0000,0.0000,0.0000,0.0000,0.0000,3.1388,-0.2140,130.9336,-0.0834,0.1064,0.1606
1774945231.2115,0.0000,0.0000,0.0000,0.0000,0.0000,3.1410,-0.2153,52.0105,0.0423,0.0255,0.1084
1774945231.2312,0.0000,0.0000,0.0000,0.0000,0.0000,3.1406,-0.2192,42.2508,-0.0333,0.0883,0.0775
1774945231.2514,0.0000,0.0000,0.0000,0.0000,0.0000,3.1386,-0.2206,15.9445,-0.0099,0.1011,0.0381
1774945231.2712,0.0000,0.0000,0.0000,0.0000,0.0000,3.1399,-0.2216,-65.2740,-0.0024,0.0777,0.0413
1774945231.2913,0.0000,0.0000,0.0000,0.0000,0.0000,3.1377,-0.2185,-92.9201,0.0125,-0.0896,0.0967
1774945231.3112,0.0000,0.0000,0.0000,0.0000,0.0000,3.1365,-0.2158,-66.0588,0.0050,-0.0779,0.0925
1774945231.3313,0.0000,0.0000,0.0000,0.0000,0.0000,3.1354,-0.2135,19.0348,0.0157,-0.0736,0.1095
1774945231.3513,0.0000,0.0000,0.0000,0.0000,0.0000,3.1357,-0.2136,-81.9855,-0.0248,-0.0651,0.1479
1774945231.3712,0.0000,0.0000,0.0000,0.0000,0.0000,3.1375,-0.2135,-6.2840,0.0061,0.0233,0.1500
1774945231.3912,0.0000,0.0000,0.0000,0.0000,0.0000,3.1389,-0.2118,28.9185,-0.0013,-0.0502,0.1500
1774945231.4112,0.0000,0.0000,0.0000,0.0000,0.0000,3.1343,-0.2112,-45.3333,-0.1089,-0.0981,0.2054
1774945231.4312,0.0000,0.0000,0.0000,0.0000,0.0000,3.1346,-0.2125,-13.8875,-0.0184,-0.0480,0.1979
1774945231.4512,0.0000,0.0000,0.0000,0.0000,0.0000,3.1330,-0.2105,8.5078,-0.0003,-0.0565,0.2874
1774945231.4712,0.0000,0.0000,0.0000,0.0000,0.0000,3.1338,-0.2115,-52.6871,-0.0067,-0.0512,0.2746
1774945231.4913,0.0000,0.0000,0.0000,0.0000,0.0000,3.1338,-0.2094,27.9081,-0.0472,-0.0214,0.2640
1774945231.5112,0.0000,0.0000,0.0000,0.0000,0.0000,3.1338,-0.2074,95.2084,-0.0855,-0.0619,0.2501
1774945231.5312,0.0000,0.0000,0.0000,0.0000,0.0000,3.1349,-0.2063,-35.6051,-0.0397,-0.0278,0.2480
1774945231.5512,0.0000,0.0000,0.0000,0.0000,0.0000,3.1360,-0.2042,11.0373,-0.0631,0.0042,0.2277
1774945231.5713,0.0000,0.0000,0.0000,0.0000,0.0000,3.1357,-0.2024,24.3942,-0.0791,-0.0043,0.1638
1774945231.5914,0.0000,0.0000,0.0000,0.0000,0.0000,3.1360,-0.2005,9.0351,-0.0642,-0.0267,0.0573
1774945231.6114,0.0000,0.0000,0.0000,0.0000,0.0000,3.1383,-0.2009,-2.9747,0.0295,-0.0043,-0.1355
1774945231.6327,0.0000,0.0000,0.0000,0.0000,0.0000,-3.1400,-0.2029,2.2764,0.0935,0.0809,-0.2687
1774945231.6521,0.0000,0.0000,0.0000,0.0000,0.0000,-3.1407,-0.2041,-7.3161,0.0636,0.1341,-0.2388
1774945231.6718,0.0000,0.0000,0.0000,0.0000,0.0000,3.1390,-0.2068,-109.2835,0.0253,0.0894,-0.1440
1774945231.6913,0.0000,0.0000,0.0000,0.0000,0.0000,3.1364,-0.2088,-10.5487,0.1105,0.1118,-0.0237
1774945231.7113,0.0000,0.0000,0.0000,0.0000,0.0000,3.1343,-0.2117,39.1327,0.0732,0.0830,0.0967
1774945231.7312,0.0000,0.0000,0.0000,0.0000,0.0000,3.1348,-0.2139,-1.8281,0.0370,0.0532,0.1148
1774945231.7514,0.0000,0.0000,0.0000,0.0000,0.0000,3.1377,-0.2154,44.7192,0.0008,0.0383,0.1084
1774945231.7714,0.0000,0.0000,0.0000,0.0000,0.0000,-3.1412,-0.2162,-35.9155,0.0232,-0.0118,0.0573
1774945231.7913,0.0000,0.0000,0.0000,0.0000,0.0000,-3.1372,-0.2174,-20.6080,0.0317,-0.0352,-0.0055
1774945231.8112,0.0000,0.0000,0.0000,0.0000,0.0000,-3.1355,-0.2167,-13.9472,0.0359,-0.0214,-0.0428
1774945231.8313,0.0000,0.0000,0.0000,0.0000,0.0000,-3.1342,-0.2195,70.6524,0.0274,-0.0022,-0.0545
1774945231.8551,0.0000,0.0000,0.0000,0.0000,0.0000,-3.1346,-0.2204,61.9563,0.0604,-0.0384,-0.0492
1774945231.8712,0.0000,0.0000,0.0000,0.0000,0.0000,-3.1331,-0.2191,35.9041,0.0956,-0.0779,-0.0183
1774945231.8914,0.0000,0.0000,0.0000,0.0000,0.0000,-3.1321,-0.2177,17.9981,0.1009,-0.1247,0.0168
1774945231.9119,0.0000,0.0000,0.0000,0.0000,0.0000,-3.1322,-0.2172,22.7607,0.0157,-0.0864,0.0413
1774945231.9312,0.0000,0.0000,0.0000,0.0000,0.0000,-3.1335,-0.2194,17.8717,-0.0290,0.0052,0.0413
1774945231.9518,0.0000,0.0000,0.0000,0.0000,0.0000,-3.1288,-0.2195,0.5752,0.0381,-0.0374,0.0126
1774945231.9761,0.0000,0.0000,0.0000,0.0000,0.0000,-3.1257,-0.2209,-18.3879,0.0327,-0.0768,0.0051
1774945231.9915,0.0000,0.0000,0.0000,0.0000,0.0000,-3.1265,-0.2195,4.0855,0.0327,-0.0928,0.0030
1774945232.0115,0.0000,0.0000,0.0000,0.0000,0.0000,-3.1264,-0.2184,-43.3971,0.0359,-0.1258,-0.0311
1774945232.0314,0.0000,0.0000,0.0000,0.0000,0.0000,-3.1257,-0.2165,-12.5816,0.0040,-0.1269,-0.0215
1774945232.0522,0.0000,0.0000,0.0000,0.0000,0.0000,-3.1248,-0.2174,29.7450,-0.0823,-0.0725,-0.0407
1774945232.0714,0.0000,0.0000,0.0000,0.0000,0.0000,-3.1225,-0.2161,54.8197,-0.0386,-0.0320,-0.0343
1774945232.0917,0.0000,0.0000,0.0000,0.0000,0.0000,-3.1226,-0.2152,-70.8675,-0.0440,-0.0810,-0.0194
1774945232.1112,0.0000,0.0000,0.0000,0.0000,0.0000,-3.1245,-0.2137,-19.2273,-0.0631,-0.0704,0.0040
1774945232.1313,0.0000,0.0000,0.0000,0.0000,0.0000,-3.1255,-0.2132,22.2796,-0.0333,-0.0693,-0.0024
1774945232.1516,0.0000,0.0000,0.0000,0.0000,0.0000,-3.1250,-0.2126,-49.7353,-0.0440,-0.0565,-0.0077
1774945232.1713,0.0000,0.0000,0.0000,0.0000,0.0000,-3.1257,-0.2130,-78.1363,-0.0440,0.0127,-0.0109
1774945232.1913,0.0000,0.0000,0.0000,0.0000,0.0000,-3.1276,-0.2125,15.5814,-0.0258,0.0393,-0.0311
1774945232.2123,0.0000,0.0000,0.0000,0.0000,0.0000,-3.1278,-0.2138,40.4640,-0.0461,0.0233,-0.0386
1774945232.2312,0.0000,0.0000,0.0000,0.0000,0.0000,-3.1283,-0.2146,2.9073,-0.0418,-0.0097,-0.0258
1774945232.2529,0.0000,0.0000,0.0000,0.0000,0.0000,-3.1315,-0.2148,3.5684,-0.0280,-0.0097,-0.0055
1774945232.2712,0.0000,0.0000,0.0000,0.0000,0.0000,-3.1340,-0.2166,-30.5545,-0.0152,-0.0043,-0.0066
1774945232.2913,0.0000,0.0000,0.0000,0.0000,0.0000,-3.1335,-0.2167,-11.4745,0.0306,-0.0203,-0.0024
1774945232.3114,0.0000,0.0000,0.0000,0.0000,0.0000,-3.1349,-0.2146,22.7921,0.0338,0.0042,0.0072
1774945232.3312,0.0000,0.0000,0.0000,0.0000,0.0000,-3.1373,-0.2140,-20.5542,-0.0365,-0.0203,0.0072
1774945232.3516,0.0000,0.0000,0.0000,0.0000,0.0000,-3.1366,-0.2151,-38.6479,-0.0312,-0.0065,-0.0141
1774945232.3712,0.0000,0.0000,0.0000,0.0000,0.0000,-3.1343,-0.2148,17.8836,0.0072,-0.0022,-0.0034
1774945232.3913,0.0000,0.0000,0.0000,0.0000,0.0000,-3.1366,-0.2158,42.8398,-0.0354,0.0340,0.0094
1774945232.4117,0.0000,0.0000,0.0000,0.0000,0.0000,-3.1385,-0.2169,-42.6813,0.0104,0.0457,0.0051
1774945232.4316,0.0000,0.0000,0.0000,0.0000,0.0000,-3.1355,-0.2185,-39.2067,0.1031,0.0564,-0.0247
1774945232.4515,0.0000,0.0000,0.0000,0.0000,0.0000,-3.1374,-0.2190,-120.7202,0.0019,0.0052,-0.0087
1774945232.4713,0.0000,0.0000,0.0000,0.0000,0.0000,-3.1384,-0.2189,-64.8049,-0.0429,-0.0427,-0.0386
1774945232.4915,0.0000,0.0000,0.0000,0.0000,0.0000,-3.1384,-0.2164,31.8521,-0.0663,-0.1130,-0.0364
1774945232.5116,0.0000,0.0000,0.0000,0.0000,0.0000,-3.1381,-0.2162,85.3286,0.0050,-0.0235,0.0072
1774945232.5313,0.0000,0.0000,0.0000,0.0000,0.0000,-3.1380,-0.2170,35.7796,0.0775,0.0862,0.0371
1774945232.5515,0.0000,0.0000,0.0000,0.0000,0.0000,-3.1399,-0.2199,-52.2732,-0.0386,0.1064,0.0008
1774945232.5714,0.0000,0.0000,0.0000,0.0000,0.0000,3.1412,-0.2200,0.0000,-0.0216,-0.0416,0.0083
1774945232.5915,0.0000,0.0000,0.0000,0.0000,0.0000,-3.1392,-0.2175,-97.1227,0.0157,-0.1194,-0.0226
1774945232.6114,0.0000,0.0000,0.0000,0.0000,0.0000,-3.1351,-0.2146,0.0000,0.0253,-0.0821,-0.0109
1774945232.6321,0.0000,0.0000,0.0000,0.0000,0.0000,-3.1380,-0.2135,0.0000,-0.0269,0.0255,-0.0258
1774945232.6518,0.0000,0.0000,0.0000,0.0000,0.0000,-3.1388,-0.2152,0.0000,0.0072,0.1075,-0.0492
1774945232.6721,0.0000,0.0000,0.0000,0.0000,0.0000,-3.1344,-0.2148,0.0000,0.1190,0.1245,-0.0332
1774945232.6915,0.0000,0.0000,0.0000,0.0000,0.0000,-3.1340,-0.2134,0.0000,0.1062,-0.0043,-0.0024
1774945232.7118,0.0000,0.0000,0.0000,0.0000,0.0000,-3.1367,-0.2133,0.0000,0.0264,-0.0438,0.0190
1774945232.7312,0.0000,0.0000,0.0000,0.0000,0.0000,-3.1358,-0.2119,0.0000,0.0615,-0.0395,0.0115
1774945232.7514,0.0000,0.0000,0.0000,0.0000,0.0000,-3.1338,-0.2095,0.0000,0.0306,-0.0235,0.0275
1774945232.7713,0.0000,0.0000,0.0000,0.0000,0.0000,-3.1321,-0.2083,0.0000,-0.0227,0.0468,0.0168
1774945232.7914,0.0000,0.0000,0.0000,0.0000,0.0000,-3.1302,-0.2079,0.0000,-0.0109,0.1373,-0.0119
1774945232.8113,0.0000,0.0000,0.0000,0.0000,0.0000,-3.1309,-0.2079,0.0000,-0.0003,0.1331,0.0008
1774945232.8313,0.0000,0.0000,0.0000,0.0000,0.0000,-3.1277,-0.2079,0.0000,0.0700,0.0383,-0.0130
1774945232.8528,0.0000,0.0000,0.0000,0.0000,0.0000,-3.1296,-0.2069,-3.2155,0.0072,0.0510,-0.0290
1774945232.8713,0.0000,0.0000,0.0000,0.0000,0.0000,-3.1342,-0.2080,0.0000,-0.0237,0.0223,-0.0226
1774945232.8913,0.0000,0.0000,0.0000,0.0000,0.0000,-3.1360,-0.2082,0.0000,0.0072,0.0191,-0.0119
1774945232.9114,0.0000,0.0000,0.0000,0.0000,0.0000,-3.1370,-0.2070,48.4442,-0.0429,0.0191,0.0115
1774945232.9311,0.0000,0.0000,0.0000,0.0000,0.0000,-3.1386,-0.2071,-9.0377,-0.0184,-0.0619,0.0083
1774945232.9515,0.0000,0.0000,0.0000,0.0000,0.0000,-3.1376,-0.2082,-22.3990,0.0136,-0.0384,-0.0141
1774945232.9717,0.0000,0.0000,0.0000,0.0000,0.0000,-3.1390,-0.2078,28.8157,-0.0120,-0.0012,-0.0002
1774945232.9917,0.0000,0.0000,0.0000,0.0000,0.0000,-3.1374,-0.2096,-38.4847,0.0349,0.0542,-0.0002
1774945233.0117,0.0000,0.0000,0.0000,0.0000,0.0000,-3.1365,-0.2105,83.3707,0.0232,0.0521,-0.0066
1774945233.0319,0.0000,0.0000,0.0000,0.0000,0.0000,-3.1378,-0.2102,84.4848,-0.0152,-0.0193,-0.0034
1774945233.0515,0.0000,0.0000,0.0000,0.0000,0.0000,-3.1379,-0.2079,-25.7061,-0.0653,-0.1055,-0.0141
1774945233.0712,0.0000,0.0000,0.0000,0.0000,0.0000,-3.1362,-0.2082,-12.9520,-0.0472,-0.0225,-0.0439
1774945233.0912,0.0000,0.0000,0.0000,0.0000,0.0000,-3.1337,-0.2106,49.2437,-0.0120,0.1032,-0.0151
1774945233.1115,0.0000,0.0000,0.0000,0.0000,0.0000,-3.1332,-0.2119,-56.6837,0.0050,0.0340,0.0008
1774945233.1313,0.0000,0.0000,0.0000,0.0000,0.0000,-3.1324,-0.2125,-78.4386,-0.0322,-0.0139,-0.0354
1774945233.1519,0.0000,0.0000,0.0000,0.0000,0.0000,-3.1337,-0.2110,86.1805,-0.0248,-0.0672,-0.0130
1774945233.1721,0.0000,0.0000,0.0000,0.0000,0.0000,-3.1351,-0.2097,9.9679,0.0359,-0.0470,0.0285
1774945233.1921,0.0000,0.0000,0.0000,0.0000,0.0000,-3.1358,-0.2096,-18.5658,0.0104,0.0361,0.0094
1774945233.2169,0.0000,0.0000,0.0000,0.0000,0.0000,-3.1352,-0.2102,-7.7951,-0.0546,0.0670,-0.0237
1774945233.2313,0.0000,0.0000,0.0000,0.0000,0.0000,-3.1346,-0.2102,-58.2375,0.0072,0.0553,-0.0087
1774945233.2517,0.0000,0.0000,0.0000,0.0000,0.0000,-3.1369,-0.2102,-35.8243,-0.1196,0.1203,-0.0141
1774945233.2714,0.0000,0.0000,0.0000,0.0000,0.0000,-3.1405,-0.2123,76.7091,-0.2357,0.2194,0.0392
1774945233.2916,0.0000,0.0000,0.0000,0.0000,0.0000,3.1392,-0.2149,29.7928,-0.2133,0.2247,0.0584
1774945233.3114,0.0000,0.0000,0.0000,0.0000,0.0000,3.1407,-0.2176,-9.2633,-0.0205,0.1501,0.0349
1774945233.3314,0.0000,0.0000,0.0000,0.0000,0.0000,3.1411,-0.2156,30.7592,-0.0567,0.0031,-0.0279
1774945233.3520,0.0000,0.0000,0.0000,0.0000,0.0000,3.1384,-0.2127,-44.3090,-0.1579,-0.0810,-0.0641
1774945233.3713,0.0000,0.0000,0.0000,0.0000,0.0000,3.1337,-0.2116,1.5574,-0.2165,-0.0310,-0.0727
1774945233.3914,0.0000,0.0000,0.0000,0.0000,0.0000,3.1316,-0.2104,34.2361,-0.1036,0.0542,-0.0439
1774945233.4118,0.0000,0.0000,0.0000,0.0000,0.0000,3.1294,-0.2097,0.4527,-0.1036,0.0606,-0.0055
1774945233.4314,0.0000,0.0000,0.0000,0.0000,0.0000,3.1246,-0.2107,29.7932,-0.1121,0.0425,0.0211
1774945233.4512,0.0000,0.0000,0.0000,0.0000,0.0000,3.1212,-0.2096,-15.7818,-0.0429,0.0340,0.0072
1774945233.4713,0.0000,0.0000,0.0000,0.0000,0.0000,3.1193,-0.2088,-58.2041,0.0136,0.0074,0.0168
1774945233.4912,0.0000,0.0000,0.0000,0.0000,0.0000,3.1174,-0.2110,-90.8134,0.0210,0.0883,0.0232
1774945233.5114,0.0000,0.0000,0.0000,0.0000,0.0000,3.1157,-0.2143,-8.4068,-0.0184,0.1416,0.0158
1774945233.5312,0.0000,0.0000,0.0000,0.0000,0.0000,3.1166,-0.2158,7.1398,-0.0173,0.1267,0.0115
1774945233.5512,0.0000,0.0000,0.0000,0.0000,0.0000,3.1161,-0.2179,-31.8513,0.0264,0.0990,0.0264
1774945233.5712,0.0000,0.0000,0.0000,0.0000,0.0000,3.1182,-0.2198,-16.2045,0.0221,0.0947,0.0030
1774945233.5914,0.0000,0.0000,0.0000,0.0000,0.0000,3.1206,-0.2183,37.4496,0.0551,-0.0459,0.0094
1774945233.6126,0.0000,0.0000,0.0000,0.0000,0.0000,3.1214,-0.2182,-38.9989,0.0050,-0.0406,0.0115
1774945233.6312,0.0000,0.0000,0.0000,0.0000,0.0000,3.1242,-0.2202,52.3428,-0.0248,0.0308,0.0072
1774945233.6513,0.0000,0.0000,0.0000,0.0000,0.0000,3.1262,-0.2205,3.0342,-0.0184,0.0042,-0.0098
1774945233.6712,0.0000,0.0000,0.0000,0.0000,0.0000,3.1261,-0.2223,-1.3451,-0.0386,0.0393,-0.0087
1774945233.6916,0.0000,0.0000,0.0000,0.0000,0.0000,3.1255,-0.2226,40.4691,-0.0642,-0.0086,-0.0151
1774945233.7124,0.0000,0.0000,0.0000,0.0000,0.0000,3.1263,-0.2224,-29.6618,0.0221,-0.0502,-0.0034
1774945233.7312,0.0000,0.0000,0.0000,0.0000,0.0000,3.1231,-0.2222,-48.3041,-0.0290,0.0095,0.0136
1774945233.7531,0.0000,0.0000,0.0000,0.0000,0.0000,3.1220,-0.2234,-58.8012,0.0061,0.0628,0.0371
1774945233.7713,0.0000,0.0000,0.0000,0.0000,0.0000,3.1204,-0.2219,-14.7158,-0.0099,-0.0065,0.1883
1774945233.7913,0.0000,0.0000,0.0000,0.0000,0.0000,3.1166,-0.2205,-49.0152,-0.0812,-0.0523,0.3289
1774945233.8113,0.0000,0.0000,0.0000,0.0000,0.0000,3.1147,-0.2186,-35.5499,-0.1377,-0.0523,0.3545
1774945233.8314,0.0000,0.0000,0.0000,0.0000,0.0000,3.1130,-0.2163,24.6472,-0.1345,-0.0864,0.3534
1774945233.8515,0.0000,0.0000,0.0000,0.0000,0.0000,3.1145,-0.2151,63.8297,-0.0876,-0.1045,0.3108
1774945233.8713,0.0000,0.0000,0.0000,0.0000,0.0000,3.1167,-0.2149,56.1658,-0.1121,-0.0043,0.2544
1774945233.8923,0.0000,0.0000,0.0000,0.0000,0.0000,3.1180,-0.2144,-78.5611,-0.1175,-0.0257,0.2139
1774945233.9128,0.0000,0.0000,0.0000,0.0000,0.0000,3.1196,-0.2152,-46.7981,-0.0631,0.0819,0.1628
1774945233.9318,0.0000,0.0000,0.0000,0.0000,0.0000,3.1215,-0.2175,60.4959,-0.0972,0.1203,0.1138
1774945233.9522,0.0000,0.0000,0.0000,0.0000,0.0000,3.1221,-0.2167,115.5232,-0.0855,0.0287,0.0946
1774945233.9713,0.0000,0.0000,0.0000,0.0000,0.0000,3.1165,-0.2161,40.7140,-0.1484,0.0606,0.1393
1774945233.9912,0.0000,0.0000,0.0000,0.0000,0.0000,3.1133,-0.2164,4.8218,-0.1334,0.0138,0.1191
1774945234.0114,0.0000,0.0000,0.0000,0.0000,0.0000,3.1124,-0.2148,-0.1167,-0.1920,-0.0054,0.0754
1774945234.0312,0.0000,0.0000,0.0000,0.0000,0.0000,3.1110,-0.2166,10.6771,-0.1611,0.0308,0.0967
1774945234.0516,0.0000,0.0000,0.0000,0.0000,0.0000,3.1070,-0.2176,-95.0317,-0.1430,0.0372,0.1159
1774945234.0714,0.0000,0.0000,0.0000,0.0000,0.0000,3.1045,-0.2204,-40.2565,-0.1185,0.0979,0.1084
1774945234.0924,0.0000,0.0000,0.0000,0.0000,0.0000,3.1015,-0.2216,25.7915,-0.0695,0.0596,0.1297
1774945234.1113,0.0000,0.0000,0.0000,0.0000,0.0000,3.0985,-0.2227,-12.8614,-0.0802,0.0148,0.1308
1774945234.1314,0.0000,0.0000,0.0000,0.0000,0.0000,3.0973,-0.2246,43.5490,-0.1313,-0.0107,0.0839
1774945234.1520,0.0000,0.0000,0.0000,0.0000,0.0000,3.0967,-0.2279,-25.7110,-0.1025,0.0361,0.0509
1774945234.1712,0.0000,0.0000,0.0000,0.0000,0.0000,3.0958,-0.2307,87.7164,-0.0418,0.0479,0.0062
1774945234.1913,0.0000,0.0000,0.0000,0.0000,0.0000,3.0949,-0.2298,-70.5761,0.0274,-0.0022,0.0008
1774945234.2114,0.0000,0.0000,0.0000,0.0000,0.0000,3.0923,-0.2301,-21.9865,0.0093,0.0127,0.0190
1774945234.2314,0.0000,0.0000,0.0000,0.0000,0.0000,3.0888,-0.2291,7.3780,-0.0429,-0.0310,0.0339
1774945234.2516,0.0000,0.0000,0.0000,0.0000,0.0000,3.0887,-0.2264,-28.4619,-0.1004,-0.0565,-0.0002
1774945234.2713,0.0000,0.0000,0.0000,0.0000,0.0000,3.0915,-0.2274,-46.3743,0.0317,-0.0459,-0.0929
1774945234.2912,0.0000,0.0000,0.0000,0.0000,0.0000,3.0934,-0.2290,-15.5756,0.0754,0.0191,-0.1078
1774945234.3115,0.0000,0.0000,0.0000,0.0000,0.0000,3.0929,-0.2302,36.7959,0.0668,-0.0139,-0.1110
1774945234.3312,0.0000,0.0000,0.0000,0.0000,0.0000,3.0917,-0.2302,37.3446,0.0935,-0.0683,-0.0599
1774945234.3513,0.0000,0.0000,0.0000,0.0000,0.0000,3.0895,-0.2284,10.8009,0.0594,-0.1418,-0.0077
1774945234.3713,0.0000,0.0000,0.0000,0.0000,0.0000,3.0899,-0.2271,43.6717,0.0498,-0.1727,0.0211
1774945234.3913,0.0000,0.0000,0.0000,0.0000,0.0000,3.0917,-0.2275,-6.7886,0.0349,-0.1695,0.0424
1774945234.4115,0.0000,0.0000,0.0000,0.0000,0.0000,3.0942,-0.2274,-1.4940,-0.0013,-0.1567,0.0179
1774945234.4312,0.0000,0.0000,0.0000,0.0000,0.0000,3.0962,-0.2269,5.7042,-0.0248,-0.1588,-0.0034
1774945234.4513,0.0000,0.0000,0.0000,0.0000,0.0000,3.0974,-0.2277,-63.8192,-0.0248,-0.1290,-0.0151
1774945234.4712,0.0000,0.0000,0.0000,0.0000,0.0000,3.0980,-0.2289,-49.3162,-0.0354,-0.0981,-0.0258
1774945234.4916,0.0000,0.0000,0.0000,0.0000,0.0000,3.0966,-0.2292,4.5526,-0.0823,-0.1503,-0.0205
1774945234.5115,0.0000,0.0000,0.0000,0.0000,0.0000,3.0945,-0.2288,-63.5396,-0.0791,-0.2291,-0.0237
1774945234.5312,0.0000,0.0000,0.0000,0.0000,0.0000,3.0934,-0.2283,36.6464,-0.0780,-0.1972,-0.0130
1774945234.5524,0.0000,0.0000,0.0000,0.0000,0.0000,3.0915,-0.2269,-40.3514,-0.0930,-0.1524,0.0040
1774945234.5712,0.0000,0.0000,0.0000,0.0000,0.0000,3.0899,-0.2278,9.1409,-0.1590,-0.1183,-0.0045
1774945234.5913,0.0000,0.0000,0.0000,0.0000,0.0000,3.0887,-0.2278,15.1172,-0.1281,-0.1162,0.0158
1774945234.6116,0.0000,0.0000,0.0000,0.0000,0.0000,3.0881,-0.2279,21.5036,-0.1164,-0.0576,-0.0077
1774945234.6314,0.0000,0.0000,0.0000,0.0000,0.0000,3.0862,-0.2284,48.8386,-0.1739,-0.0661,0.0040
1774945234.6513,0.0000,0.0000,0.0000,0.0000,0.0000,3.0844,-0.2299,-32.1558,-0.1558,-0.0789,0.0136
1774945234.6713,0.0000,0.0000,0.0000,0.0000,0.0000,3.0817,-0.2298,-20.6903,-0.2293,-0.0651,-0.0077
1774945234.6914,0.0000,0.0000,0.0000,0.0000,0.0000,3.0774,-0.2285,70.4216,-0.2304,-0.0608,-0.0279
1774945234.7135,0.0000,0.0000,0.0000,0.0000,0.0000,3.0739,-0.2288,59.2863,-0.1760,-0.0576,-0.0098
1774945234.7312,0.0000,0.0000,0.0000,0.0000,0.0000,3.0704,-0.2293,-2.5395,-0.1526,-0.0001,0.0030
1774945234.7518,0.0000,0.0000,0.0000,0.0000,0.0000,3.0668,-0.2280,-87.2107,-0.1856,0.0020,-0.0205
1774945234.7717,0.0000,0.0000,0.0000,0.0000,0.0000,3.0629,-0.2289,-114.2981,-0.2059,0.0031,-0.0183
1774945234.7915,0.0000,0.0000,0.0000,0.0000,0.0000,3.0576,-0.2290,-39.8853,-0.2005,0.0798,0.0104
1774945234.8116,0.0000,0.0000,0.0000,0.0000,0.0000,3.0547,-0.2283,6.9000,-0.1611,0.0553,0.0275
1774945234.8313,0.0000,0.0000,0.0000,0.0000,0.0000,3.0551,-0.2293,21.5523,-0.1143,0.0883,0.0392
1774945234.8514,0.0000,0.0000,0.0000,0.0000,0.0000,3.0511,-0.2305,69.8554,-0.1057,0.0990,0.0339
1774945234.8713,0.0000,0.0000,0.0000,0.0000,0.0000,3.0455,-0.2306,46.5691,-0.1515,0.0191,-0.0098
1774945234.8914,0.0000,0.0000,0.0000,0.0000,0.0000,3.0438,-0.2291,67.0678,-0.0898,-0.0107,-0.0045
1774945234.9116,0.0000,0.0000,0.0000,0.0000,0.0000,3.0410,-0.2297,99.5436,-0.0535,0.0457,0.0072
1774945234.9313,0.0000,0.0000,0.0000,0.0000,0.0000,3.0387,-0.2307,95.3460,-0.0940,0.0926,-0.0119
1774945234.9520,0.0000,0.0000,0.0000,0.0000,0.0000,3.0380,-0.2294,-73.4447,-0.1079,0.0532,-0.0141
1774945234.9714,0.0000,0.0000,0.0000,0.0000,0.0000,3.0343,-0.2310,51.6250,-0.0972,0.0106,-0.0183
1774945234.9918,0.0000,0.0000,0.0000,0.0000,0.0000,3.0314,-0.2310,18.6097,-0.1036,0.0084,0.0008
1774945235.0115,0.0000,0.0000,0.0000,0.0000,0.0000,3.0274,-0.2311,7.5789,-0.0759,0.0713,0.0168
1774945235.0312,0.0000,0.0000,0.0000,0.0000,0.0000,3.0266,-0.2310,29.6460,-0.0301,0.0724,0.0296
1774945235.0514,0.0000,0.0000,0.0000,0.0000,0.0000,3.0259,-0.2311,22.0707,-0.0450,0.0042,0.0296
1774945235.0714,0.0000,0.0000,0.0000,0.0000,0.0000,3.0262,-0.2316,-8.8822,-0.1164,0.0340,-0.0034
1774945235.0916,0.0000,0.0000,0.0000,0.0000,0.0000,3.0257,-0.2313,-4.2497,-0.0951,0.0138,-0.0215
1774945235.1114,0.0000,0.0000,0.0000,0.0000,0.0000,3.0260,-0.2301,-12.5994,-0.0876,0.0052,-0.0162
1774945235.1312,0.0000,0.0000,0.0000,0.0000,0.0000,3.0278,-0.2304,0.0000,-0.0802,0.0479,-0.0002
1774945235.1512,0.0000,0.0000,0.0000,0.0000,0.0000,3.0248,-0.2277,0.0000,-0.0621,0.0489,0.0147
1774945235.1713,0.0000,0.0000,0.0000,0.0000,0.0000,3.0208,-0.2288,0.0000,-0.0525,0.0255,0.0168
1774945235.1915,0.0000,0.0000,0.0000,0.0000,0.0000,3.0193,-0.2287,0.0000,-0.0738,0.0457,0.0008
1774945235.2118,0.0000,0.0000,0.0000,0.0000,0.0000,3.0206,-0.2266,0.0000,-0.0738,0.0276,0.0221
1774945235.2312,0.0000,0.0000,0.0000,0.0000,0.0000,3.0198,-0.2256,0.0000,-0.1153,0.0713,0.0115
1774945235.2537,0.0000,0.0000,0.0000,0.0000,0.0000,3.0174,-0.2270,25.6113,-0.0962,0.0564,-0.0183
1774945235.2714,0.0000,0.0000,0.0000,0.0000,0.0000,3.0157,-0.2257,0.0000,-0.0823,0.0574,-0.0130
1774945235.2912,0.0000,0.0000,0.0000,0.0000,0.0000,3.0176,-0.2273,0.0000,-0.0269,0.0809,-0.0098
1774945235.3114,0.0000,0.0000,0.0000,0.0000,0.0000,3.0188,-0.2280,16.1678,0.0487,0.1235,-0.0279
1774945235.3312,0.0000,0.0000,0.0000,0.0000,0.0000,3.0155,-0.2285,0.0000,-0.0301,0.1224,-0.0087
1774945235.3514,0.0000,0.0000,0.0000,0.0000,0.0000,3.0152,-0.2284,-5.3299,-0.0003,0.1064,-0.0130
1774945235.3712,0.0000,0.0000,0.0000,0.0000,0.0000,3.0142,-0.2266,0.0000,0.0413,0.0702,-0.0194
1774945235.3912,0.0000,0.0000,0.0000,0.0000,0.0000,3.0143,-0.2249,0.0000,0.0285,0.0106,0.0104
1774945235.4114,0.0000,0.0000,0.0000,0.0000,0.0000,3.0122,-0.2249,-5.2959,0.0327,0.0979,0.0243
1774945235.4313,0.0000,0.0000,0.0000,0.0000,0.0000,3.0107,-0.2253,0.0000,0.0477,0.1427,0.0147
1774945235.4511,0.0000,0.0000,0.0000,0.0000,0.0000,3.0155,-0.2276,0.0000,0.0487,0.1267,-0.0013
1774945235.4714,0.0000,0.0000,0.0000,0.0000,0.0000,3.0150,-0.2294,14.2446,0.0594,0.1874,0.0136
1774945235.4916,0.0000,0.0000,0.0000,0.0000,0.0000,3.0172,-0.2284,0.0000,0.0562,0.0883,0.0008
1774945235.5122,0.0000,0.0000,0.0000,0.0000,0.0000,3.0186,-0.2278,0.0000,0.0061,0.0202,-0.0077
1774945235.5312,0.0000,0.0000,0.0000,0.0000,0.0000,3.0182,-0.2290,46.8069,-0.0184,0.0926,0.0030
1774945235.5542,0.0000,0.0000,0.0000,0.0000,0.0000,3.0177,-0.2286,19.6415,0.0349,0.0617,0.0264
1774945235.5713,0.0000,0.0000,0.0000,0.0000,0.0000,3.0203,-0.2299,6.0309,0.0040,0.0660,0.0040
1774945235.5913,0.0000,0.0000,0.0000,0.0000,0.0000,3.0219,-0.2277,21.1099,0.0019,0.0052,-0.0045
1774945235.6168,0.0000,0.0000,0.0000,0.0000,0.0000,3.0239,-0.2257,-20.8151,0.0210,-0.0331,-0.0024
1774945235.6315,0.0000,0.0000,0.0000,0.0000,0.0000,3.0214,-0.2256,-8.1131,-0.0717,0.0276,-0.0151
1774945235.6514,0.0000,0.0000,0.0000,0.0000,0.0000,3.0231,-0.2253,2.4805,-0.0546,0.0319,-0.0226
1774945235.6713,0.0000,0.0000,0.0000,0.0000,0.0000,3.0222,-0.2264,26.9414,-0.0067,0.0425,-0.0130
1774945235.6912,0.0000,0.0000,0.0000,0.0000,0.0000,3.0194,-0.2276,16.4836,-0.0141,0.0564,0.0051
1774945235.7114,0.0000,0.0000,0.0000,0.0000,0.0000,3.0196,-0.2272,22.5678,-0.0109,0.0564,-0.0002
1774945235.7312,0.0000,0.0000,0.0000,0.0000,0.0000,3.0169,-0.2256,-10.8375,0.0413,-0.0012,0.0221
1774945235.7515,0.0000,0.0000,0.0000,0.0000,0.0000,3.0172,-0.2259,-1.4240,0.0232,0.0297,-0.0024
1774945235.7713,0.0000,0.0000,0.0000,0.0000,0.0000,3.0194,-0.2261,28.3243,-0.0557,0.0074,-0.1600
1774945235.7914,0.0000,0.0000,0.0000,0.0000,0.0000,3.0237,-0.2277,82.7081,0.1595,0.0873,-0.3028
1774945235.8114,0.0000,0.0000,0.0000,0.0000,0.0000,3.0256,-0.2275,11.6618,0.0849,0.0372,-0.3560
1774945235.8313,0.0000,0.0000,0.0000,0.0000,0.0000,3.0277,-0.2273,-20.3289,0.0679,-0.0097,-0.3645
1774945235.8516,0.0000,0.0000,0.0000,0.0000,0.0000,3.0261,-0.2273,41.6088,-0.1302,-0.0225,-0.3294
1774945235.8711,0.0000,0.0000,0.0000,0.0000,0.0000,3.0275,-0.2273,-10.3074,0.0381,0.0233,-0.4210
1774945235.8913,0.0000,0.0000,0.0000,0.0000,0.0000,3.0255,-0.2248,58.4355,0.0903,-0.0278,-0.3571
1774945235.9119,0.0000,0.0000,0.0000,0.0000,0.0000,3.0234,-0.2242,11.4666,0.0317,-0.0075,-0.3944
1774945235.9319,0.0000,0.0000,0.0000,0.0000,0.0000,3.0171,-0.2260,-96.8865,-0.1292,0.0436,-0.3443
1774945235.9513,0.0000,0.0000,0.0000,0.0000,0.0000,3.0172,-0.2260,44.8844,-0.0386,0.0255,-0.3986
1774945235.9714,0.0000,0.0000,0.0000,0.0000,0.0000,3.0178,-0.2231,-113.4643,0.0391,-0.0438,-0.3795
1774945235.9912,0.0000,0.0000,0.0000,0.0000,0.0000,3.0166,-0.2231,-21.3839,-0.0930,-0.0438,-0.4189
1774945236.0113,0.0000,0.0000,0.0000,0.0000,0.0000,3.0117,-0.2244,0.2905,-0.1132,0.0755,-0.3113
1774945236.0313,0.0000,0.0000,0.0000,0.0000,0.0000,3.0110,-0.2240,9.2210,0.0061,0.0074,-0.3390
1774945236.0513,0.0000,0.0000,0.0000,0.0000,0.0000,3.0070,-0.2227,16.8000,0.0072,-0.0097,-0.3134
1774945236.0713,0.0000,0.0000,0.0000,0.0000,0.0000,3.0009,-0.2238,7.3736,-0.1462,0.0500,-0.2783
1774945236.0913,0.0000,0.0000,0.0000,0.0000,0.0000,2.9989,-0.2222,45.9641,-0.1281,0.0457,-0.2910
1774945236.1113,0.0000,0.0000,0.0000,0.0000,0.0000,2.9948,-0.2187,29.5051,-0.1654,-0.0054,-0.3113
1774945236.1312,0.0000,0.0000,0.0000,0.0000,0.0000,2.9936,-0.2171,25.0386,-0.1473,-0.0352,-0.3028
1774945236.1515,0.0000,0.0000,0.0000,0.0000,0.0000,2.9871,-0.2162,-42.9410,-0.1952,0.0159,-0.2324
1774945236.1712,0.0000,0.0000,0.0000,0.0000,0.0000,2.9875,-0.2143,42.2019,-0.0344,-0.0139,-0.2804
1774945236.1914,0.0000,0.0000,0.0000,0.0000,0.0000,2.9834,-0.2127,66.7581,-0.1217,0.0276,-0.2676
1774945236.2115,0.0000,0.0000,0.0000,0.0000,0.0000,2.9823,-0.2120,71.4113,-0.1643,0.0052,-0.2932
1774945236.2312,0.0000,0.0000,0.0000,0.0000,0.0000,2.9793,-0.2091,-5.9048,-0.0631,0.0170,-0.3475
1774945236.2514,0.0000,0.0000,0.0000,0.0000,0.0000,2.9742,-0.2088,-42.7409,-0.1920,0.0628,-0.3251
1774945236.2713,0.0000,0.0000,0.0000,0.0000,0.0000,2.9684,-0.2101,3.9055,-0.2282,0.0926,-0.2857
1774945236.2912,0.0000,0.0000,0.0000,0.0000,0.0000,2.9686,-0.2101,2.2681,-0.0440,0.0777,-0.3241
1774945236.3113,0.0000,0.0000,0.0000,0.0000,0.0000,2.9656,-0.2097,-15.2412,-0.0333,0.0212,-0.3273
1774945236.3312,0.0000,0.0000,0.0000,0.0000,0.0000,2.9593,-0.2119,-59.0281,-0.1920,0.0777,-0.3347
1774945236.3512,0.0000,0.0000,0.0000,0.0000,0.0000,2.9571,-0.2127,26.8051,-0.0748,0.1160,-0.4242
1774945236.3712,0.0000,0.0000,0.0000,0.0000,0.0000,2.9495,-0.2113,41.7806,-0.2101,0.0660,-0.3560
1774945236.3912,0.0000,0.0000,0.0000,0.0000,0.0000,2.9489,-0.2124,-45.6122,-0.0365,0.0692,-0.3411
1774945236.4112,0.0000,0.0000,0.0000,0.0000,0.0000,2.9469,-0.2108,96.0911,-0.0088,0.0265,-0.3720
1774945236.4312,0.0000,0.0000,0.0000,0.0000,0.0000,2.9468,-0.2104,56.7204,-0.0237,0.0425,-0.4583
1774945236.4512,0.0000,0.0000,0.0000,0.0000,0.0000,2.9427,-0.2091,17.3093,-0.0535,0.0372,-0.4476
1774945236.4712,0.0000,0.0000,0.0000,0.0000,0.0000,2.9403,-0.2088,67.4149,-0.0237,0.0095,-0.4615
1774945236.4912,0.0000,0.0000,0.0000,0.0000,0.0000,2.9399,-0.2075,-69.9870,0.0977,-0.0001,-0.4849
1774945236.5112,0.0000,0.0000,0.0000,0.0000,0.0000,2.9376,-0.2053,-80.9034,0.1009,-0.0150,-0.4668
1774945236.5312,0.0000,0.0000,0.0000,0.0000,0.0000,2.9361,-0.2045,-32.1140,0.0679,0.0106,-0.4604
1774945236.5521,0.0000,0.0000,0.0000,0.0000,0.0000,2.9374,-0.2042,-149.2744,0.1947,-0.0235,-0.4562
1774945236.5713,0.0000,0.0000,0.0000,0.0000,0.0000,2.9382,-0.2031,18.9158,0.1606,-0.0448,-0.4285
1774945236.5912,0.0000,0.0000,0.0000,0.0000,0.0000,2.9362,-0.2023,-45.7647,0.0434,0.0138,-0.3944
1774945236.6113,0.0000,0.0000,0.0000,0.0000,0.0000,2.9351,-0.2026,-12.1441,0.1254,0.0138,-0.3944
1774945236.6312,0.0000,0.0000,0.0000,0.0000,0.0000,2.9347,-0.2016,-25.4757,0.0775,-0.0310,-0.3773
1774945236.6514,0.0000,0.0000,0.0000,0.0000,0.0000,2.9336,-0.2006,-9.2435,0.0604,0.0457,-0.3273
1774945236.6712,0.0000,0.0000,0.0000,0.0000,0.0000,2.9329,-0.1993,20.0153,0.1840,0.0074,-0.1696
1774945236.6912,0.0000,0.0000,0.0000,0.0000,0.0000,2.9319,-0.1992,-9.4967,0.1105,0.0670,-0.0215
1774945236.7113,0.0000,0.0000,0.0000,0.0000,0.0000,2.9300,-0.2001,-83.4376,0.0423,0.1160,0.1233
1774945236.7312,0.0000,0.0000,0.0000,0.0000,0.0000,2.9253,-0.2024,33.9834,-0.0131,0.1139,0.2160
1774945236.7518,0.0000,0.0000,0.0000,0.0000,0.0000,2.9254,-0.2032,49.0506,0.0967,0.0734,0.2128
1774945236.7712,0.0000,0.0000,0.0000,0.0000,0.0000,2.9290,-0.2030,67.2369,0.1350,0.0585,0.1425
1774945236.7912,0.0000,0.0000,0.0000,0.0000,0.0000,2.9334,-0.2023,8.6233,0.1244,0.0479,0.0701
1774945236.8113,0.0000,0.0000,0.0000,0.0000,0.0000,2.9369,-0.2012,-7.9798,0.1712,0.0425,0.0243
1774945236.8313,0.0000,0.0000,0.0000,0.0000,0.0000,2.9444,-0.1990,6.5606,0.2735,0.0308,-0.0034
1774945236.8521,0.0000,0.0000,0.0000,0.0000,0.0000,2.9493,-0.1998,22.9296,0.2714,0.0766,-0.0087
1774945236.8712,0.0000,0.0000,0.0000,0.0000,0.0000,2.9535,-0.1983,-4.9368,0.2980,0.0287,-0.0024
1774945236.8912,0.0000,0.0000,0.0000,0.0000,0.0000,2.9565,-0.2002,34.0910,0.2618,0.0574,0.0392
1774945236.9113,0.0000,0.0000,0.0000,0.0000,0.0000,2.9614,-0.2027,-28.2748,0.2202,0.0692,0.0445
1774945236.9313,0.0000,0.0000,0.0000,0.0000,0.0000,2.9644,-0.2051,-38.2641,0.2543,0.0319,0.0775
1774945236.9516,0.0000,0.0000,0.0000,0.0000,0.0000,2.9710,-0.2084,14.9035,0.2458,0.0031,0.0530
1774945236.9712,0.0000,0.0000,0.0000,0.0000,0.0000,2.9762,-0.2096,-38.5176,0.2639,-0.0352,0.0435
1774945236.9913,0.0000,0.0000,0.0000,0.0000,0.0000,2.9793,-0.2099,11.7630,0.2618,-0.0352,0.0403
1774945237.0112,0.0000,0.0000,0.0000,0.0000,0.0000,2.9854,-0.2112,-14.4710,0.2746,-0.0502,0.0360
1774945237.0312,0.0000,0.0000,0.0000,0.0000,0.0000,2.9894,-0.2103,-47.1408,0.2394,-0.0672,0.0413
1774945237.0514,0.0000,0.0000,0.0000,0.0000,0.0000,2.9947,-0.2089,-1.1437,0.2181,-0.0885,0.0296
1774945237.0712,0.0000,0.0000,0.0000,0.0000,0.0000,3.0019,-0.2066,-0.4542,0.2373,-0.0853,0.0381
1774945237.0913,0.0000,0.0000,0.0000,0.0000,0.0000,3.0050,-0.2035,-24.6375,0.1787,-0.1205,0.0360
1774945237.1113,0.0000,0.0000,0.0000,0.0000,0.0000,3.0097,-0.2029,-43.7215,0.1766,-0.0928,0.0328
1774945237.1313,0.0000,0.0000,0.0000,0.0000,0.0000,3.0143,-0.2030,-27.8619,0.1744,-0.0608,0.0147
1774945237.1517,0.0000,0.0000,0.0000,0.0000,0.0000,3.0183,-0.2033,14.7609,0.1062,-0.0661,0.0211
1774945237.1712,0.0000,0.0000,0.0000,0.0000,0.0000,3.0224,-0.2030,-5.5104,0.0732,-0.0310,0.0179
1774945237.1914,0.0000,0.0000,0.0000,0.0000,0.0000,3.0276,-0.2030,-23.7710,0.0732,-0.0203,-0.0024
1774945237.2113,0.0000,0.0000,0.0000,0.0000,0.0000,3.0295,-0.2039,-35.7978,-0.0152,0.0010,-0.0002
1774945237.2318,0.0000,0.0000,0.0000,0.0000,0.0000,3.0314,-0.2052,30.8773,-0.0610,-0.0182,-0.0471
1774945237.2514,0.0000,0.0000,0.0000,0.0000,0.0000,3.0336,-0.2073,-13.2337,0.0562,0.0372,-0.1664
1774945237.2713,0.0000,0.0000,0.0000,0.0000,0.0000,3.0343,-0.2118,14.9668,-0.0195,0.0542,-0.2005
1774945237.2913,0.0000,0.0000,0.0000,0.0000,0.0000,3.0290,-0.2134,41.7077,-0.0919,0.0212,-0.1366
1774945237.3112,0.0000,0.0000,0.0000,0.0000,0.0000,3.0273,-0.2148,44.5509,-0.0472,-0.0470,-0.0972
1774945237.3313,0.0000,0.0000,0.0000,0.0000,0.0000,3.0290,-0.2158,42.7258,-0.0131,-0.0672,-0.0961
1774945237.3513,0.0000,0.0000,0.0000,0.0000,0.0000,3.0285,-0.2186,11.7148,-0.0141,-0.0012,-0.1451
1774945237.3713,0.0000,0.0000,0.0000,0.0000,0.0000,3.0266,-0.2186,48.7511,-0.1025,-0.0704,-0.1760
1774945237.3912,0.0000,0.0000,0.0000,0.0000,0.0000,3.0279,-0.2179,5.1412,-0.0962,-0.0523,-0.1941
1774945237.4113,0.0000,0.0000,0.0000,0.0000,0.0000,3.0234,-0.2172,54.3914,-0.1196,-0.0299,-0.1973
1774945237.4313,0.0000,0.0000,0.0000,0.0000,0.0000,3.0255,-0.2128,-40.9753,-0.0472,-0.1567,-0.2016
1774945237.4514,0.0000,0.0000,0.0000,0.0000,0.0000,3.0214,-0.2116,37.6272,-0.0258,-0.0502,-0.1696
1774945237.4712,0.0000,0.0000,0.0000,0.0000,0.0000,3.0178,-0.2101,0.5017,-0.0962,-0.0523,-0.1717
1774945237.4913,0.0000,0.0000,0.0000,0.0000,0.0000,3.0160,-0.2069,48.2563,-0.0706,-0.1002,-0.1685
1774945237.5112,0.0000,0.0000,0.0000,0.0000,0.0000,3.0112,-0.2057,-26.0514,-0.1132,-0.1151,-0.1685
1774945237.5313,0.0000,0.0000,0.0000,0.0000,0.0000,3.0064,-0.2050,-84.5616,-0.2101,-0.0555,-0.1994
1774945237.5512,0.0000,0.0000,0.0000,0.0000,0.0000,3.0003,-0.2053,9.0521,-0.2155,0.0244,-0.1994
1774945237.5712,0.0000,0.0000,0.0000,0.0000,0.0000,2.9953,-0.2051,-30.8257,-0.1899,0.0415,-0.1536
1774945237.5912,0.0000,0.0000,0.0000,0.0000,0.0000,2.9886,-0.2049,-109.0535,-0.2155,0.0084,-0.1099
1774945237.6116,0.0000,0.0000,0.0000,0.0000,0.0000,2.9884,-0.2047,-43.3808,-0.0940,0.0116,-0.2037
1774945237.6314,0.0000,0.0000,0.0000,0.0000,0.0000,2.9850,-0.2053,-2.0591,-0.1132,-0.0054,-0.2484
1774945237.6513,0.0000,0.0000,0.0000,0.0000,0.0000,2.9819,-0.2069,86.8334,-0.2772,0.1000,-0.3123
1774945237.6712,0.0000,0.0000,0.0000,0.0000,0.0000,2.9788,-0.2063,65.2751,-0.2133,0.0138,-0.3230
1774945237.6914,0.0000,0.0000,0.0000,0.0000,0.0000,2.9762,-0.2037,45.0661,-0.1004,-0.0821,-0.3017
1774945237.7113,0.0000,0.0000,0.0000,0.0000,0.0000,2.9753,-0.2026,0.0000,-0.0770,-0.0384,-0.2953
1774945237.7313,0.0000,0.0000,0.0000,0.0000,0.0000,2.9703,-0.2038,51.2174,-0.1057,0.0372,-0.2868
1774945237.7521,0.0000,0.0000,0.0000,0.0000,0.0000,2.9689,-0.2009,0.0000,0.0370,-0.0459,-0.3422
1774945237.7715,0.0000,0.0000,0.0000,0.0000,0.0000,2.9626,-0.2016,0.0000,-0.1036,0.0937,-0.2740
1774945237.7915,0.0000,0.0000,0.0000,0.0000,0.0000,2.9605,-0.1981,0.0000,-0.0344,-0.0970,-0.2729
1774945237.8113,0.0000,0.0000,0.0000,0.0000,0.0000,2.9590,-0.1952,0.0000,0.0924,-0.0086,-0.2016
1774945237.8312,0.0000,0.0000,0.0000,0.0000,0.0000,2.9561,-0.1932,0.0000,-0.0759,0.0606,-0.1302
1774945237.8513,0.0000,0.0000,0.0000,0.0000,0.0000,2.9504,-0.1933,0.0000,-0.1537,0.0585,-0.0684
1774945237.8713,0.0000,0.0000,0.0000,0.0000,0.0000,2.9441,-0.1957,0.0000,-0.1228,0.1160,0.1020
1774945237.8914,0.0000,0.0000,0.0000,0.0000,0.0000,2.9410,-0.1975,0.0000,0.0306,0.0915,0.1521
1774945237.9114,0.0000,0.0000,0.0000,0.0000,0.0000,2.9397,-0.1982,21.4166,0.0764,0.0340,0.1553
1774945237.9313,0.0000,0.0000,0.0000,0.0000,0.0000,2.9372,-0.1962,0.0000,0.0466,-0.0257,0.1063
1774945237.9524,0.0000,0.0000,0.0000,0.0000,0.0000,2.9412,-0.1949,0.0000,0.0764,0.0457,0.0317
1774945237.9713,0.0000,0.0000,0.0000,0.0000,0.0000,2.9453,-0.1956,0.0000,0.1222,0.1160,-0.0024
1774945237.9914,0.0000,0.0000,0.0000,0.0000,0.0000,2.9496,-0.1955,0.0000,0.1499,0.1416,-0.0439
1774945238.0113,0.0000,0.0000,0.0000,0.0000,0.0000,2.9521,-0.1936,0.0000,0.1542,0.1064,-0.0322
1774945238.0313,0.0000,0.0000,0.0000,0.0000,0.0000,2.9542,-0.1934,-7.3123,0.0999,0.0766,-0.0013
1774945238.0512,0.0000,0.0000,0.0000,0.0000,0.0000,2.9570,-0.1922,-31.6196,0.1734,0.0521,0.0435
1774945238.0716,0.0000,0.0000,0.0000,0.0000,0.0000,2.9596,-0.1927,0.0000,0.1872,0.0873,0.0616
1774945238.0913,0.0000,0.0000,0.0000,0.0000,0.0000,2.9638,-0.1939,0.6786,0.1734,0.1288,0.0893
1774945238.1120,0.0000,0.0000,0.0000,0.0000,0.0000,2.9656,-0.1926,-42.9710,0.1414,0.0873,0.0680
1774945238.1312,0.0000,0.0000,0.0000,0.0000,0.0000,2.9693,-0.1894,-20.9015,0.1276,-0.0139,0.0328
1774945238.1516,0.0000,0.0000,0.0000,0.0000,0.0000,2.9726,-0.1871,4.8940,0.1041,0.0180,0.0200
1774945238.1713,0.0000,0.0000,0.0000,0.0000,0.0000,2.9767,-0.1852,51.0449,0.1510,0.1214,0.0051
1774945238.1913,0.0000,0.0000,0.0000,0.0000,0.0000,2.9801,-0.1832,16.7763,0.1648,0.1128,-0.0034
1774945238.2131,0.0000,0.0000,0.0000,0.0000,0.0000,2.9824,-0.1818,4.9397,0.1680,0.1288,0.0019
1774945238.2313,0.0000,0.0000,0.0000,0.0000,0.0000,2.9845,-0.1817,4.9200,0.1446,0.1576,0.0040
1774945238.2513,0.0000,0.0000,0.0000,0.0000,0.0000,2.9863,-0.1824,39.5226,0.1201,0.1533,0.0072
1774945238.2713,0.0000,0.0000,0.0000,0.0000,0.0000,2.9895,-0.1832,4.8848,0.0775,0.1437,0.0062
1774945238.2913,0.0000,0.0000,0.0000,0.0000,0.0000,2.9921,-0.1857,11.1410,0.0722,0.1469,0.0072
1774945238.3113,0.0000,0.0000,0.0000,0.0000,0.0000,2.9944,-0.1872,12.5852,0.0913,0.1256,0.0126
1774945238.3312,0.0000,0.0000,0.0000,0.0000,0.0000,2.9962,-0.1878,-21.0683,0.1031,0.1022,0.0051
1774945238.3512,0.0000,0.0000,0.0000,0.0000,0.0000,2.9975,-0.1895,-29.9936,0.1073,0.0969,0.0030
1774945238.3714,0.0000,0.0000,0.0000,0.0000,0.0000,2.9985,-0.1912,-8.9230,0.0881,0.0766,0.0083
1774945238.3912,0.0000,0.0000,0.0000,0.0000,0.0000,2.9997,-0.1936,-6.5397,0.0658,0.0553,0.0019
1774945238.4112,0.0000,0.0000,0.0000,0.0000,0.0000,3.0000,-0.1959,-4.8881,0.0253,0.0255,-0.0045
1774945238.4312,0.0000,0.0000,0.0000,0.0000,0.0000,3.0012,-0.1979,2.2064,-0.0045,-0.0097,-0.0055
1774945238.4512,0.0000,0.0000,0.0000,0.0000,0.0000,3.0016,-0.1993,-8.4793,-0.0003,-0.0182,-0.0034
1774945238.4713,0.0000,0.0000,0.0000,0.0000,0.0000,3.0035,-0.2011,0.5725,0.0178,-0.0129,-0.0034
1774945238.4914,0.0000,0.0000,0.0000,0.0000,0.0000,3.0036,-0.2028,-6.4438,0.0370,-0.0288,-0.0066
1774945238.5112,0.0000,0.0000,0.0000,0.0000,0.0000,3.0034,-0.2027,-14.9623,0.0242,-0.0597,-0.0162
1774945238.5312,0.0000,0.0000,0.0000,0.0000,0.0000,3.0029,-0.2026,-22.1855,0.0050,-0.0864,-0.0183
1774945238.5513,0.0000,0.0000,0.0000,0.0000,0.0000,3.0016,-0.2023,-14.9046,-0.0184,-0.1098,-0.0258
1774945238.5712,0.0000,0.0000,0.0000,0.0000,0.0000,3.0005,-0.2025,-22.8295,-0.0237,-0.1300,-0.0311
1774945238.5912,0.0000,0.0000,0.0000,0.0000,0.0000,2.9997,-0.2021,-13.7989,-0.0173,-0.1183,-0.0173
1774945238.6112,0.0000,0.0000,0.0000,0.0000,0.0000,2.9973,-0.2025,8.1735,-0.0024,-0.1258,-0.0119
1774945238.6312,0.0000,0.0000,0.0000,0.0000,0.0000,2.9967,-0.2025,-13.4057,0.0104,-0.1322,-0.0087
1774945238.6512,0.0000,0.0000,0.0000,0.0000,0.0000,2.9951,-0.2029,-4.5516,0.0082,-0.1258,-0.0077
1774945238.6712,0.0000,0.0000,0.0000,0.0000,0.0000,2.9948,-0.2026,0.4545,-0.0013,-0.1247,-0.0130
1774945238.6912,0.0000,0.0000,0.0000,0.0000,0.0000,2.9955,-0.2030,-3.9600,-0.0184,-0.1173,-0.0215
1774945238.7113,0.0000,0.0000,0.0000,0.0000,0.0000,2.9959,-0.2038,7.7441,-0.0269,-0.1066,-0.0215
1774945238.7312,0.0000,0.0000,0.0000,0.0000,0.0000,2.9950,-0.2045,4.3324,-0.0173,-0.0970,-0.0162
1774945238.7513,0.0000,0.0000,0.0000,0.0000,0.0000,2.9928,-0.2050,3.8320,-0.0024,-0.0928,-0.0109
1774945238.7712,0.0000,0.0000,0.0000,0.0000,0.0000,2.9917,-0.2062,2.8380,-0.0024,-0.0810,-0.0077
1774945238.7912,0.0000,0.0000,0.0000,0.0000,0.0000,2.9893,-0.2071,19.7070,0.0008,-0.0789,-0.0034
1774945238.8114,0.0000,0.0000,0.0000,0.0000,0.0000,2.9884,-0.2080,2.9889,-0.0003,-0.0757,-0.0045
1774945238.8312,0.0000,0.0000,0.0000,0.0000,0.0000,2.9873,-0.2097,0.0541,-0.0013,-0.0651,-0.0109
1774945238.8512,0.0000,0.0000,0.0000,0.0000,0.0000,2.9866,-0.2104,1.4485,-0.0077,-0.0544,-0.0109
1774945238.8712,0.0000,0.0000,0.0000,0.0000,0.0000,2.9866,-0.2122,5.1789,-0.0088,-0.0565,-0.0162
1774945238.8913,0.0000,0.0000,0.0000,0.0000,0.0000,2.9853,-0.2126,-16.8697,0.0019,-0.0587,-0.0151
1774945238.9113,0.0000,0.0000,0.0000,0.0000,0.0000,2.9850,-0.2129,10.4076,0.0125,-0.0576,-0.0087
1774945238.9312,0.0000,0.0000,0.0000,0.0000,0.0000,2.9837,-0.2127,-0.8841,0.0178,-0.0683,-0.0119
1774945238.9513,0.0000,0.0000,0.0000,0.0000,0.0000,2.9834,-0.2133,-2.7140,0.0157,-0.0629,-0.0087
1774945238.9712,0.0000,0.0000,0.0000,0.0000,0.0000,2.9829,-0.2145,5.4214,0.0136,-0.0502,-0.0098
1774945238.9912,0.0000,0.0000,0.0000,0.0000,0.0000,2.9821,-0.2144,-1.9935,0.0114,-0.0544,-0.0087
1774945239.0115,0.0000,0.0000,0.0000,0.0000,0.0000,2.9827,-0.2153,-1.1935,0.0221,-0.0448,-0.0109
1774945239.0313,0.0000,0.0000,0.0000,0.0000,0.0000,2.9830,-0.2149,11.0774,0.0264,-0.0480,-0.0130
1774945239.0539,0.0000,0.0000,0.0000,0.0000,0.0000,2.9829,-0.2149,-2.3195,0.0264,-0.0533,-0.0077
1774945239.0712,0.0000,0.0000,0.0000,0.0000,0.0000,2.9830,-0.2147,-7.1165,0.0242,-0.0395,-0.0066
1774945239.0912,0.0000,0.0000,0.0000,0.0000,0.0000,2.9826,-0.2137,5.4841,0.0221,-0.0342,-0.0034
1774945239.1113,0.0000,0.0000,0.0000,0.0000,0.0000,2.9831,-0.2126,-4.6685,0.0242,-0.0288,-0.0002
1774945239.1313,0.0000,0.0000,0.0000,0.0000,0.0000,2.9850,-0.2131,5.6390,0.0040,-0.0246,-0.0098
1774945239.1513,0.0000,0.0000,0.0000,0.0000,0.0000,2.9866,-0.2129,3.5371,-0.0077,-0.0097,-0.0183
1774945239.1713,0.0000,0.0000,0.0000,0.0000,0.0000,2.9868,-0.2128,5.8331,-0.0045,-0.0033,-0.0141
1774945239.1914,0.0000,0.0000,0.0000,0.0000,0.0000,2.9859,-0.2111,-7.0600,0.0040,-0.0118,-0.0109
1774945239.2115,0.0000,0.0000,0.0000,0.0000,0.0000,2.9856,-0.2092,-6.0079,0.0093,-0.0118,-0.0109
1774945239.2313,0.0000,0.0000,0.0000,0.0000,0.0000,2.9857,-0.2067,-9.0195,0.0136,-0.0203,-0.0098
1774945239.2565,0.0000,0.0000,0.0000,0.0000,0.0000,2.9868,-0.2077,4.7377,-0.0184,0.0127,-0.0247
1774945239.2713,0.0000,0.0000,0.0000,0.0000,0.0000,2.9853,-0.2068,12.5359,-0.0077,0.0042,-0.0205
1774945239.2913,0.0000,0.0000,0.0000,0.0000,0.0000,2.9857,-0.2065,17.1952,-0.0141,-0.0033,-0.0194
1774945239.3113,0.0000,0.0000,0.0000,0.0000,0.0000,2.9856,-0.2074,18.7133,-0.0120,-0.0033,-0.0119
1774945239.3313,0.0000,0.0000,0.0000,0.0000,0.0000,2.9850,-0.2081,18.9037,-0.0056,0.0074,-0.0119
1774945239.3527,0.0000,0.0000,0.0000,0.0000,0.0000,2.9848,-0.2075,23.8845,0.0061,0.0020,-0.0077
1774945239.3713,0.0000,0.0000,0.0000,0.0000,0.0000,2.9839,-0.2081,6.6595,0.0114,-0.0022,-0.0087
1774945239.3914,0.0000,0.0000,0.0000,0.0000,0.0000,2.9837,-0.2085,2.1831,0.0072,0.0010,-0.0109
1774945239.4113,0.0000,0.0000,0.0000,0.0000,0.0000,2.9836,-0.2089,1.8725,-0.0024,0.0020,-0.0162
1774945239.4315,0.0000,0.0000,0.0000,0.0000,0.0000,2.9842,-0.2104,11.2800,-0.0056,-0.0022,-0.0183
1774945239.4513,0.0000,0.0000,0.0000,0.0000,0.0000,2.9845,-0.2088,-13.6448,-0.0109,-0.0065,-0.0290
1774945239.4713,0.0000,0.0000,0.0000,0.0000,0.0000,2.9851,-0.2078,1.9054,0.0050,0.0010,-0.0215
1774945239.4913,0.0000,0.0000,0.0000,0.0000,0.0000,2.9834,-0.2051,-0.3396,0.0104,0.0063,-0.0119
1774945239.5113,0.0000,0.0000,0.0000,0.0000,0.0000,2.9834,-0.2004,-27.5743,0.0221,-0.0715,-0.0194
1774945239.5313,0.0000,0.0000,0.0000,0.0000,0.0000,2.9832,-0.1958,60.4326,0.0168,-0.0310,-0.0162
1774945239.5513,0.0000,0.0000,0.0000,0.0000,0.0000,2.9834,-0.1931,34.6842,-0.0013,0.0223,-0.0141
1774945239.5713,0.0000,0.0000,0.0000,0.0000,0.0000,2.9842,-0.1919,26.3236,-0.0354,0.0340,-0.0269
1774945239.5915,0.0000,0.0000,0.0000,0.0000,0.0000,2.9841,-0.1902,-0.0845,-0.0088,0.0287,-0.0098
1774945239.6113,0.0000,0.0000,0.0000,0.0000,0.0000,2.9837,-0.1862,21.1342,-0.0440,-0.0118,-0.0205
1774945239.6313,0.0000,0.0000,0.0000,0.0000,0.0000,2.9846,-0.1858,-40.6492,-0.0227,0.0521,-0.0322
1774945239.6513,0.0000,0.0000,0.0000,0.0000,0.0000,2.9855,-0.1874,38.9464,-0.0290,0.1437,-0.0215
1774945239.6713,0.0000,0.0000,0.0000,0.0000,0.0000,2.9843,-0.1885,25.6518,-0.0248,0.1576,-0.0183
1774945239.6913,0.0000,0.0000,0.0000,0.0000,0.0000,2.9844,-0.1880,18.3614,-0.0397,0.1022,-0.0237
1774945239.7113,0.0000,0.0000,0.0000,0.0000,0.0000,2.9815,-0.1908,11.7575,-0.0780,0.1331,-0.0205
1774945239.7312,0.0000,0.0000,0.0000,0.0000,0.0000,2.9805,-0.1937,-24.7607,-0.0887,0.1448,-0.0311
1774945239.7513,0.0000,0.0000,0.0000,0.0000,0.0000,2.9789,-0.1963,-68.2187,-0.1249,0.1352,-0.0034
1774945239.7714,0.0000,0.0000,0.0000,0.0000,0.0000,2.9764,-0.1996,49.3501,-0.0812,0.1672,0.0211
1774945239.7912,0.0000,0.0000,0.0000,0.0000,0.0000,2.9753,-0.2002,125.7930,-0.0610,0.0734,0.0168
1774945239.8114,0.0000,0.0000,0.0000,0.0000,0.0000,2.9758,-0.1996,5.9276,-0.0429,0.0223,-0.0812
1774945239.8313,0.0000,0.0000,0.0000,0.0000,0.0000,2.9718,-0.1982,-1.4015,-0.0940,0.0255,-0.0812
1774945239.8515,0.0000,0.0000,0.0000,0.0000,0.0000,2.9704,-0.1958,-53.5840,-0.0642,0.0532,-0.0876
1774945239.8715,0.0000,0.0000,0.0000,0.0000,0.0000,2.9690,-0.1939,-38.3920,-0.0876,0.0766,-0.0737
1774945239.8914,0.0000,0.0000,0.0000,0.0000,0.0000,2.9660,-0.1927,5.1524,-0.0663,0.0447,-0.0290
1774945239.9120,0.0000,0.0000,0.0000,0.0000,0.0000,2.9637,-0.1904,15.8840,-0.0376,0.0084,-0.0087
1774945239.9314,0.0000,0.0000,0.0000,0.0000,0.0000,2.9607,-0.1888,0.5412,-0.0056,0.0127,0.0062
1774945239.9513,0.0000,0.0000,0.0000,0.0000,0.0000,2.9600,-0.1881,52.3142,0.0221,0.0361,0.0211
1774945239.9713,0.0000,0.0000,0.0000,0.0000,0.0000,2.9589,-0.1894,-20.1085,0.0061,0.0116,-0.0045
1774945239.9914,0.0000,0.0000,0.0000,0.0000,0.0000,2.9613,-0.1901,11.7200,-0.0184,0.0265,-0.0279
1774945240.0113,0.0000,0.0000,0.0000,0.0000,0.0000,2.9625,-0.1903,-3.0571,0.0136,0.0340,-0.0460
1774945240.0312,0.0000,0.0000,0.0000,0.0000,0.0000,2.9620,-0.1917,-3.7210,0.0040,-0.0043,-0.0151
1774945240.0517,0.0000,0.0000,0.0000,0.0000,0.0000,2.9609,-0.1930,-27.1910,-0.0056,0.0020,-0.0237
1774945240.0715,0.0000,0.0000,0.0000,0.0000,0.0000,2.9611,-0.1935,23.9568,0.0157,0.0138,-0.0173
1774945240.0913,0.0000,0.0000,0.0000,0.0000,0.0000,2.9617,-0.1962,-36.9417,0.0477,0.0159,0.0051
1774945240.1113,0.0000,0.0000,0.0000,0.0000,0.0000,2.9623,-0.1993,24.5236,0.0082,0.0564,0.0019
1774945240.1313,0.0000,0.0000,0.0000,0.0000,0.0000,2.9617,-0.2007,47.1846,-0.0354,0.0063,-0.0119
1774945240.1515,0.0000,0.0000,0.0000,0.0000,0.0000,2.9628,-0.2043,17.3994,-0.0099,-0.0107,-0.0045
1774945240.1712,0.0000,0.0000,0.0000,0.0000,0.0000,2.9633,-0.2072,15.5496,-0.0056,0.0106,-0.0077
1774945240.1913,0.0000,0.0000,0.0000,0.0000,0.0000,2.9631,-0.2071,19.0638,-0.0152,-0.0182,-0.0407
1774945240.2113,0.0000,0.0000,0.0000,0.0000,0.0000,2.9634,-0.2066,-15.2976,0.0125,-0.0651,-0.0300
1774945240.2318,0.0000,0.0000,0.0000,0.0000,0.0000,2.9624,-0.2064,-43.4407,0.0487,-0.0565,-0.0258
1774945240.2513,0.0000,0.0000,0.0000,0.0000,0.0000,2.9622,-0.2059,21.7744,0.0562,-0.0502,-0.0162
1774945240.2713,0.0000,0.0000,0.0000,0.0000,0.0000,2.9618,-0.2081,-13.9636,0.0572,-0.0438,-0.0066
1774945240.2917,0.0000,0.0000,0.0000,0.0000,0.0000,2.9606,-0.2061,-40.1560,0.0295,-0.0725,0.0168
1774945240.3114,0.0000,0.0000,0.0000,0.0000,0.0000,2.9591,-0.2054,17.7255,-0.0077,-0.0704,-0.0034
1774945240.3313,0.0000,0.0000,0.0000,0.0000,0.0000,2.9635,-0.2021,0.0000,0.0317,-0.1087,-0.0290
1774945240.3513,0.0000,0.0000,0.0000,0.0000,0.0000,2.9680,-0.2013,0.0000,0.0466,-0.0565,-0.0396
1774945240.3714,0.0000,0.0000,0.0000,0.0000,0.0000,2.9680,-0.1996,0.0000,0.0157,-0.0033,-0.0215
1774945240.3913,0.0000,0.0000,0.0000,0.0000,0.0000,2.9683,-0.2004,0.0000,0.0338,0.0010,-0.0258
1774945240.4112,0.0000,0.0000,0.0000,0.0000,0.0000,2.9670,-0.1992,0.0000,0.0402,0.0159,0.0062
1774945240.4313,0.0000,0.0000,0.0000,0.0000,0.0000,2.9677,-0.1976,0.0000,-0.0035,0.0031,-0.0045
1774945240.4513,0.0000,0.0000,0.0000,0.0000,0.0000,2.9703,-0.1991,0.0000,-0.0354,-0.0033,-0.0237
1774945240.4714,0.0000,0.0000,0.0000,0.0000,0.0000,2.9719,-0.1973,0.0000,-0.0077,0.0042,-0.0247
1774945240.4912,0.0000,0.0000,0.0000,0.0000,0.0000,2.9723,-0.1963,0.0000,-0.0013,0.0159,-0.0269
1774945240.5114,0.0000,0.0000,0.0000,0.0000,0.0000,2.9719,-0.1972,0.0000,0.0019,0.0308,-0.0396
1774945240.5313,0.0000,0.0000,0.0000,0.0000,0.0000,2.9723,-0.1937,0.0000,-0.0056,-0.0374,-0.0556
1774945240.5515,0.0000,0.0000,0.0000,0.0000,0.0000,2.9705,-0.1906,0.0000,0.0019,-0.0821,-0.0620
1774945240.5716,0.0000,0.0000,0.0000,0.0000,0.0000,2.9700,-0.1881,0.0000,-0.0173,-0.0054,-0.0311
1774945240.5913,0.0000,0.0000,0.0000,0.0000,0.0000,2.9695,-0.1856,0.0000,-0.0365,0.0660,-0.0173
1774945240.6113,0.0000,0.0000,0.0000,0.0000,0.0000,2.9703,-0.1842,0.0000,-0.0067,0.1064,-0.0087
1774945240.6312,0.0000,0.0000,0.0000,0.0000,0.0000,2.9681,-0.1833,0.0000,0.0189,0.0883,0.0094
1774945240.6528,0.0000,0.0000,0.0000,0.0000,0.0000,2.9665,-0.1884,0.0000,-0.0354,0.0606,0.0030
1774945240.6712,0.0000,0.0000,0.0000,0.0000,0.0000,2.9661,-0.1906,0.0000,-0.0088,0.0628,-0.0024
1774945240.6912,0.0000,0.0000,0.0000,0.0000,0.0000,2.9673,-0.1910,0.0000,-0.0376,0.1000,-0.0226
1774945240.7112,0.0000,0.0000,0.0000,0.0000,0.0000,2.9683,-0.1969,-30.9401,0.0253,0.1277,-0.0141
1774945240.7313,0.0000,0.0000,0.0000,0.0000,0.0000,2.9662,-0.1996,-30.0331,-0.0269,0.0745,-0.0300
1774945240.7512,0.0000,0.0000,0.0000,0.0000,0.0000,2.9658,-0.2030,10.0937,0.0125,0.0074,-0.0354
1774945240.7713,0.0000,0.0000,0.0000,0.0000,0.0000,2.9627,-0.2045,-16.5696,-0.0163,-0.0225,-0.0087
1774945240.7914,0.0000,0.0000,0.0000,0.0000,0.0000,2.9643,-0.2065,-33.8913,0.0040,-0.0395,-0.0119
1774945240.8112,0.0000,0.0000,0.0000,0.0000,0.0000,2.9653,-0.2077,20.3002,0.0604,-0.0352,-0.0066
1774945240.8312,0.0000,0.0000,0.0000,0.0000,0.0000,2.9650,-0.2085,-27.9114,0.0072,-0.0672,-0.0119
1774945240.8513,0.0000,0.0000,0.0000,0.0000,0.0000,2.9654,-0.2101,-36.1921,0.0114,-0.0480,-0.0428
1774945240.8712,0.0000,0.0000,0.0000,0.0000,0.0000,2.9650,-0.2089,8.2924,-0.0237,-0.1055,-0.0300
1774945240.8912,0.0000,0.0000,0.0000,0.0000,0.0000,2.9674,-0.2104,10.0319,0.0540,-0.0949,-0.0247
1774945240.9112,0.0000,0.0000,0.0000,0.0000,0.0000,2.9665,-0.2091,-5.0457,0.0381,-0.1450,-0.0173
1774945240.9312,0.0000,0.0000,0.0000,0.0000,0.0000,2.9666,-0.2068,-20.6119,0.0210,-0.1599,-0.0290
1774945240.9513,0.0000,0.0000,0.0000,0.0000,0.0000,2.9663,-0.2064,14.2247,0.0477,-0.1386,-0.0151
1774945240.9713,0.0000,0.0000,0.0000,0.0000,0.0000,2.9683,-0.2049,3.1027,0.0967,-0.1141,-0.0141
1774945240.9914,0.0000,0.0000,0.0000,0.0000,0.0000,2.9701,-0.2063,29.2217,0.0509,-0.0896,-0.0098
1774945241.0113,0.0000,0.0000,0.0000,0.0000,0.0000,2.9695,-0.2059,30.3861,0.0306,-0.1002,-0.0045
1774945241.0313,0.0000,0.0000,0.0000,0.0000,0.0000,2.9698,-0.2079,29.0209,0.0274,-0.0800,-0.0077
1774945241.0513,0.0000,0.0000,0.0000,0.0000,0.0000,2.9710,-0.2095,20.0817,0.0402,-0.0683,-0.0130
1774945241.0718,0.0000,0.0000,0.0000,0.0000,0.0000,2.9722,-0.2113,-14.5606,0.0690,-0.0810,-0.0183
1774945241.0912,0.0000,0.0000,0.0000,0.0000,0.0000,2.9733,-0.2112,1.7352,0.0562,-0.1343,0.0030
1774945241.1113,0.0000,0.0000,0.0000,0.0000,0.0000,2.9744,-0.2108,-56.2821,0.0114,-0.1290,-0.0141
1774945241.1314,0.0000,0.0000,0.0000,0.0000,0.0000,2.9753,-0.2111,-4.2718,-0.0003,-0.1332,-0.0279
1774945241.1514,0.0000,0.0000,0.0000,0.0000,0.0000,2.9768,-0.2127,37.7821,0.0114,-0.0363,-0.0183
1774945241.1713,0.0000,0.0000,0.0000,0.0000,0.0000,2.9790,-0.2114,3.6580,-0.0131,-0.0842,-0.0077
1774945241.1912,0.0000,0.0000,0.0000,0.0000,0.0000,2.9783,-0.2135,10.3585,-0.0482,-0.0438,-0.0183
1774945241.2114,0.0000,0.0000,0.0000,0.0000,0.0000,2.9795,-0.2156,-7.5738,-0.0237,-0.0150,0.0008
1774945241.2312,0.0000,0.0000,0.0000,0.0000,0.0000,2.9798,-0.2158,-19.0786,0.0008,-0.0576,-0.0034
1774945241.2512,0.0000,0.0000,0.0000,0.0000,0.0000,2.9776,-0.2184,-36.6654,-0.0099,-0.0320,-0.0205
1774945241.2712,0.0000,0.0000,0.0000,0.0000,0.0000,2.9759,-0.2199,25.3292,-0.0248,-0.0257,-0.0141
1774945241.2913,0.0000,0.0000,0.0000,0.0000,0.0000,2.9736,-0.2198,-26.2125,-0.0045,-0.0448,-0.0290
1774945241.3121,0.0000,0.0000,0.0000,0.0000,0.0000,2.9729,-0.2204,-10.5028,0.0157,-0.0448,-0.0194
1774945241.3312,0.0000,0.0000,0.0000,0.0000,0.0000,2.9710,-0.2233,4.7260,0.0264,0.0500,-0.0034
1774945241.3512,0.0000,0.0000,0.0000,0.0000,0.0000,2.9695,-0.2229,19.8741,0.0146,-0.0214,-0.0002
1774945241.3713,0.0000,0.0000,0.0000,0.0000,0.0000,2.9693,-0.2224,10.8598,-0.0013,-0.0928,-0.0130
1774945241.3912,0.0000,0.0000,0.0000,0.0000,0.0000,2.9705,-0.2240,-45.0886,0.0061,-0.0427,-0.0173
1774945241.4112,0.0000,0.0000,0.0000,0.0000,0.0000,2.9723,-0.2240,44.5784,0.0242,-0.0715,-0.0162
1774945241.4313,0.0000,0.0000,0.0000,0.0000,0.0000,2.9738,-0.2239,-37.0394,0.0285,-0.1034,-0.0205
1774945241.4513,0.0000,0.0000,0.0000,0.0000,0.0000,2.9738,-0.2252,-5.9698,0.0423,-0.0565,-0.0183
1774945241.4713,0.0000,0.0000,0.0000,0.0000,0.0000,2.9734,-0.2251,17.6201,0.0359,-0.0448,-0.0173
1774945241.4913,0.0000,0.0000,0.0000,0.0000,0.0000,2.9742,-0.2243,-1.8490,0.0519,-0.1066,0.0072
1774945241.5112,0.0000,0.0000,0.0000,0.0000,0.0000,2.9739,-0.2232,10.0618,0.0370,-0.1002,-0.0077
1774945241.5312,0.0000,0.0000,0.0000,0.0000,0.0000,2.9739,-0.2206,-5.4456,0.0019,-0.1141,-0.0194
1774945241.5528,0.0000,0.0000,0.0000,0.0000,0.0000,2.9746,-0.2203,16.9910,0.0093,-0.0789,0.0008
1774945241.5714,0.0000,0.0000,0.0000,0.0000,0.0000,2.9757,-0.2231,-32.3543,0.0061,-0.0491,-0.0066
1774945241.5913,0.0000,0.0000,0.0000,0.0000,0.0000,2.9771,-0.2230,15.5065,0.0327,-0.0544,-0.0077
1774945241.6112,0.0000,0.0000,0.0000,0.0000,0.0000,2.9758,-0.2232,-9.5353,0.0285,-0.0757,-0.0162
1774945241.6313,0.0000,0.0000,0.0000,0.0000,0.0000,2.9746,-0.2245,-21.0833,0.0050,-0.0608,-0.0151
1774945241.6514,0.0000,0.0000,0.0000,0.0000,0.0000,2.9749,-0.2268,-52.0181,-0.0067,-0.0320,-0.0226
1774945241.6712,0.0000,0.0000,0.0000,0.0000,0.0000,2.9757,-0.2296,-25.7047,0.0828,-0.0161,-0.0247
1774945241.6913,0.0000,0.0000,0.0000,0.0000,0.0000,2.9740,-0.2318,-51.8884,0.0402,-0.0587,-0.0045
1774945241.7112,0.0000,0.0000,0.0000,0.0000,0.0000,2.9729,-0.2332,-29.8655,-0.0205,-0.0928,-0.0173
1774945241.7313,0.0000,0.0000,0.0000,0.0000,0.0000,2.9724,-0.2333,34.0416,-0.0344,-0.1332,-0.0045
1774945241.7513,0.0000,0.0000,0.0000,0.0000,0.0000,2.9723,-0.2344,10.2600,-0.0173,-0.1194,0.0083
1774945241.7716,0.0000,0.0000,0.0000,0.0000,0.0000,2.9740,-0.2352,13.3364,-0.0131,-0.0949,0.0030
1774945241.7912,0.0000,0.0000,0.0000,0.0000,0.0000,2.9733,-0.2348,14.2569,-0.0099,-0.1034,-0.0045
1774945241.8112,0.0000,0.0000,0.0000,0.0000,0.0000,2.9727,-0.2336,18.0527,-0.0077,-0.1300,-0.0045
1774945241.8313,0.0000,0.0000,0.0000,0.0000,0.0000,2.9731,-0.2330,37.1726,0.0072,-0.1247,-0.0130
1774945241.8514,0.0000,0.0000,0.0000,0.0000,0.0000,2.9736,-0.2316,33.0046,0.0125,-0.1077,-0.0151
1774945241.8713,0.0000,0.0000,0.0000,0.0000,0.0000,2.9710,-0.2309,-1.6062,-0.0045,-0.1098,-0.0194
1774945241.8913,0.0000,0.0000,0.0000,0.0000,0.0000,2.9705,-0.2301,-26.1154,-0.0077,-0.1045,-0.0194
1774945241.9113,0.0000,0.0000,0.0000,0.0000,0.0000,2.9720,-0.2268,-37.0086,-0.0024,-0.1013,-0.0109
1774945241.9314,0.0000,0.0000,0.0000,0.0000,0.0000,2.9709,-0.2250,-31.3411,-0.0088,-0.0768,-0.0077
1774945241.9517,0.0000,0.0000,0.0000,0.0000,0.0000,2.9714,-0.2218,-10.4519,-0.0013,-0.0555,-0.0066
1774945241.9713,0.0000,0.0000,0.0000,0.0000,0.0000,2.9722,-0.2225,13.7903,-0.0013,-0.0203,-0.0034
1774945241.9916,0.0000,0.0000,0.0000,0.0000,0.0000,2.9729,-0.2203,16.1478,0.0061,0.0095,-0.0130
1774945242.0113,0.0000,0.0000,0.0000,0.0000,0.0000,2.9733,-0.2169,18.1103,-0.0035,-0.0012,-0.0119
1774945242.0313,0.0000,0.0000,0.0000,0.0000,0.0000,2.9729,-0.2135,0.9407,-0.0013,-0.0097,-0.0194
1774945242.0513,0.0000,0.0000,0.0000,0.0000,0.0000,2.9725,-0.2104,15.8190,0.0082,0.0074,-0.0098
1774945242.0713,0.0000,0.0000,0.0000,0.0000,0.0000,2.9724,-0.2085,17.5197,0.0178,0.0383,-0.0066
1774945242.0913,0.0000,0.0000,0.0000,0.0000,0.0000,2.9722,-0.2073,29.8969,0.0125,0.0766,-0.0055
1774945242.1113,0.0000,0.0000,0.0000,0.0000,0.0000,2.9735,-0.2063,27.4907,0.0104,0.1128,-0.0098
1774945242.1314,0.0000,0.0000,0.0000,0.0000,0.0000,2.9740,-0.2059,7.0178,0.0200,0.1363,-0.0087
1774945242.1514,0.0000,0.0000,0.0000,0.0000,0.0000,2.9741,-0.2063,-5.4538,0.0168,0.1586,-0.0087
1774945242.1714,0.0000,0.0000,0.0000,0.0000,0.0000,2.9742,-0.2076,8.5420,0.0200,0.1810,-0.0055
1774945242.1912,0.0000,0.0000,0.0000,0.0000,0.0000,2.9736,-0.2087,7.6434,0.0317,0.1927,-0.0002
1774945242.2114,0.0000,0.0000,0.0000,0.0000,0.0000,2.9730,-0.2093,-1.6317,0.0370,0.1906,-0.0002
1774945242.2314,0.0000,0.0000,0.0000,0.0000,0.0000,2.9737,-0.2102,2.0548,0.0487,0.1831,0.0019
1774945242.2514,0.0000,0.0000,0.0000,0.0000,0.0000,2.9735,-0.2116,6.1214,0.0477,0.1789,0.0008
1774945242.2712,0.0000,0.0000,0.0000,0.0000,0.0000,2.9745,-0.2122,13.7092,0.0445,0.1767,-0.0066
1774945242.2912,0.0000,0.0000,0.0000,0.0000,0.0000,2.9761,-0.2126,8.1175,0.0391,0.1576,-0.0066
1774945242.3114,0.0000,0.0000,0.0000,0.0000,0.0000,2.9768,-0.2129,-4.9505,0.0295,0.1331,-0.0066
1774945242.3313,0.0000,0.0000,0.0000,0.0000,0.0000,2.9779,-0.2125,-7.9359,0.0359,0.1086,-0.0077
1774945242.3528,0.0000,0.0000,0.0000,0.0000,0.0000,2.9785,-0.2117,-7.9871,0.0295,0.0851,-0.0098
1774945242.3713,0.0000,0.0000,0.0000,0.0000,0.0000,2.9802,-0.2103,5.3003,0.0295,0.0649,-0.0098
1774945242.3914,0.0000,0.0000,0.0000,0.0000,0.0000,2.9802,-0.2091,7.7829,0.0264,0.0340,-0.0130
1774945242.4112,0.0000,0.0000,0.0000,0.0000,0.0000,2.9809,-0.2087,-0.1131,0.0157,0.0170,-0.0151
1774945242.4314,0.0000,0.0000,0.0000,0.0000,0.0000,2.9808,-0.2080,-2.0729,0.0125,0.0042,-0.0130
1774945242.4535,0.0000,0.0000,0.0000,0.0000,0.0000,2.9799,-0.2079,2.8169,0.0050,-0.0033,-0.0098
1774945242.4712,0.0000,0.0000,0.0000,0.0000,0.0000,2.9779,-0.2076,0.9248,-0.0013,-0.0043,-0.0130
1774945242.4914,0.0000,0.0000,0.0000,0.0000,0.0000,2.9786,-0.2083,4.2473,0.0061,-0.0022,-0.0109
1774945242.5113,0.0000,0.0000,0.0000,0.0000,0.0000,2.9781,-0.2080,-1.2918,0.0146,-0.0022,-0.0098
1774945242.5313,0.0000,0.0000,0.0000,0.0000,0.0000,2.9772,-0.2076,0.3379,0.0146,-0.0033,-0.0119
1774945242.5522,0.0000,0.0000,0.0000,0.0000,0.0000,2.9767,-0.2072,4.4433,0.0050,-0.0107,-0.0162
1774945242.5713,0.0000,0.0000,0.0000,0.0000,0.0000,2.9775,-0.2065,-0.1706,0.0072,-0.0022,-0.0130
1774945242.5913,0.0000,0.0000,0.0000,0.0000,0.0000,2.9786,-0.2054,4.3442,0.0040,-0.0012,-0.0151
1774945242.6115,0.0000,0.0000,0.0000,0.0000,0.0000,2.9786,-0.2042,4.1508,0.0019,-0.0033,-0.0119
1774945242.6313,0.0000,0.0000,0.0000,0.0000,0.0000,2.9799,-0.2037,1.9990,0.0061,-0.0022,-0.0109
1774945242.6518,0.0000,0.0000,0.0000,0.0000,0.0000,2.9811,-0.2027,6.1997,0.0061,-0.0043,-0.0087
1774945242.6712,0.0000,0.0000,0.0000,0.0000,0.0000,2.9819,-0.2018,-9.5013,0.0040,-0.0065,-0.0109
1774945242.6913,0.0000,0.0000,0.0000,0.0000,0.0000,2.9828,-0.2023,-7.3182,0.0008,-0.0022,-0.0130
1774945242.7113,0.0000,0.0000,0.0000,0.0000,0.0000,2.9832,-0.2020,8.4562,0.0008,-0.0022,-0.0141
1774945242.7313,0.0000,0.0000,0.0000,0.0000,0.0000,2.9823,-0.2030,-2.4916,-0.0024,-0.0097,-0.0173
1774945242.7513,0.0000,0.0000,0.0000,0.0000,0.0000,2.9807,-0.2048,1.9685,0.0008,-0.0033,-0.0141
1774945242.7712,0.0000,0.0000,0.0000,0.0000,0.0000,2.9795,-0.2060,5.8302,0.0050,-0.0043,-0.0087
1774945242.7913,0.0000,0.0000,0.0000,0.0000,0.0000,2.9782,-0.2081,-4.8511,0.0072,-0.0065,-0.0087
1774945242.8113,0.0000,0.0000,0.0000,0.0000,0.0000,2.9791,-0.2093,-1.3598,0.0082,-0.0012,-0.0098
1774945242.8312,0.0000,0.0000,0.0000,0.0000,0.0000,2.9796,-0.2101,6.3187,0.0029,-0.0012,-0.0119
1774945242.8517,0.0000,0.0000,0.0000,0.0000,0.0000,2.9810,-0.2096,1.3919,0.0050,-0.0075,-0.0119
1774945242.8712,0.0000,0.0000,0.0000,0.0000,0.0000,2.9812,-0.2097,0.6467,0.0029,-0.0022,-0.0130
1774945242.8914,0.0000,0.0000,0.0000,0.0000,0.0000,2.9814,-0.2091,1.6013,0.0029,-0.0033,-0.0130
1774945242.9113,0.0000,0.0000,0.0000,0.0000,0.0000,2.9837,-0.2098,0.0000,0.0061,-0.0054,-0.0098
1774945242.9313,0.0000,0.0000,0.0000,0.0000,0.0000,2.9814,-0.2104,0.0000,0.0061,-0.0022,-0.0109
1774945242.9516,0.0000,0.0000,0.0000,0.0000,0.0000,2.9801,-0.2105,0.0000,0.0072,-0.0054,-0.0087
1774945242.9714,0.0000,0.0000,0.0000,0.0000,0.0000,2.9788,-0.2116,3.4631,0.0082,-0.0065,-0.0098
1774945242.9914,0.0000,0.0000,0.0000,0.0000,0.0000,2.9767,-0.2128,0.0000,0.0082,-0.0043,-0.0109
1774945243.0113,0.0000,0.0000,0.0000,0.0000,0.0000,2.9756,-0.2137,0.0000,0.0082,-0.0043,-0.0119
1774945243.0313,0.0000,0.0000,0.0000,0.0000,0.0000,2.9763,-0.2137,0.0000,0.0061,-0.0075,-0.0119
1774945243.0516,0.0000,0.0000,0.0000,0.0000,0.0000,2.9777,-0.2135,0.1261,0.0104,-0.0075,-0.0098
1774945243.0715,0.0000,0.0000,0.0000,0.0000,0.0000,2.9788,-0.2123,0.0000,0.0146,-0.0139,-0.0098
1774945243.0914,0.0000,0.0000,0.0000,0.0000,0.0000,2.9798,-0.2123,0.0000,0.0114,-0.0097,-0.0098
1774945243.1116,0.0000,0.0000,0.0000,0.0000,0.0000,2.9798,-0.2134,0.0000,0.0050,-0.0012,-0.0087
1774945243.1313,0.0000,0.0000,0.0000,0.0000,0.0000,2.9820,-0.2119,1.9655,0.0072,-0.0022,-0.0109
1774945243.1514,0.0000,0.0000,0.0000,0.0000,0.0000,2.9834,-0.2102,0.0000,0.0104,-0.0054,-0.0119
1774945243.1714,0.0000,0.0000,0.0000,0.0000,0.0000,2.9844,-0.2102,0.0000,-0.0003,-0.0054,-0.0151
1774945243.1912,0.0000,0.0000,0.0000,0.0000,0.0000,2.9853,-0.2093,4.4749,0.0029,-0.0022,-0.0130
1774945243.2112,0.0000,0.0000,0.0000,0.0000,0.0000,2.9845,-0.2083,0.0000,0.0019,-0.0022,-0.0119
1774945243.2318,0.0000,0.0000,0.0000,0.0000,0.0000,2.9818,-0.2097,0.0000,0.0019,-0.0065,-0.0130
1774945243.2543,0.0000,0.0000,0.0000,0.0000,0.0000,2.9812,-0.2107,0.0000,0.0040,-0.0001,-0.0130
1774945243.2713,0.0000,0.0000,0.0000,0.0000,0.0000,2.9803,-0.2103,-2.0225,0.0008,-0.0022,-0.0098
1774945243.2912,0.0000,0.0000,0.0000,0.0000,0.0000,2.9811,-0.2111,0.0000,0.0061,-0.0054,-0.0109
1774945243.3113,0.0000,0.0000,0.0000,0.0000,0.0000,2.9808,-0.2107,1.5622,0.0040,-0.0033,-0.0119
1774945243.3312,0.0000,0.0000,0.0000,0.0000,0.0000,2.9813,-0.2104,0.0000,0.0019,-0.0043,-0.0119
1774945243.3513,0.0000,0.0000,0.0000,0.0000,0.0000,2.9829,-0.2101,0.0000,0.0061,-0.0054,-0.0119
1774945243.3713,0.0000,0.0000,0.0000,0.0000,0.0000,2.9832,-0.2095,-0.9474,0.0019,-0.0043,-0.0109
1774945243.3912,0.0000,0.0000,0.0000,0.0000,0.0000,2.9845,-0.2095,-2.7557,0.0061,-0.0054,-0.0109
1774945243.4114,0.0000,0.0000,0.0000,0.0000,0.0000,2.9846,-0.2101,-1.5264,0.0050,-0.0033,-0.0141
1774945243.4314,0.0000,0.0000,0.0000,0.0000,0.0000,2.9852,-0.2120,4.3692,0.0008,0.0010,-0.0119
1774945243.4521,0.0000,0.0000,0.0000,0.0000,0.0000,2.9851,-0.2131,-8.3677,0.0114,-0.0086,-0.0141
1774945243.4713,0.0000,0.0000,0.0000,0.0000,0.0000,2.9838,-0.2150,48.7427,0.0157,-0.0043,0.0051
1774945243.4913,0.0000,0.0000,0.0000,0.0000,0.0000,2.9834,-0.2174,-18.9556,0.0178,0.0084,0.0051
1774945243.5114,0.0000,0.0000,0.0000,0.0000,0.0000,2.9834,-0.2198,14.4525,0.0061,-0.0214,-0.0130
1774945243.5313,0.0000,0.0000,0.0000,0.0000,0.0000,2.9845,-0.2234,-11.6253,0.0050,0.0042,-0.0109
1774945243.5514,0.0000,0.0000,0.0000,0.0000,0.0000,2.9834,-0.2248,-0.9174,0.0200,-0.0182,-0.0087
1774945243.5713,0.0000,0.0000,0.0000,0.0000,0.0000,2.9820,-0.2250,-13.3883,0.0157,-0.0565,-0.0045
1774945243.5913,0.0000,0.0000,0.0000,0.0000,0.0000,2.9815,-0.2235,-28.3032,0.0370,-0.0864,0.0062
1774945243.6113,0.0000,0.0000,0.0000,0.0000,0.0000,2.9819,-0.2252,-20.7022,0.0583,-0.0789,0.0072
1774945243.6314,0.0000,0.0000,0.0000,0.0000,0.0000,2.9820,-0.2247,3.6837,0.0626,-0.1055,0.0072
1774945243.6513,0.0000,0.0000,0.0000,0.0000,0.0000,2.9822,-0.2251,-12.5335,0.0498,-0.1226,0.0083
1774945243.6713,0.0000,0.0000,0.0000,0.0000,0.0000,2.9857,-0.2238,22.3400,0.0423,-0.1343,-0.0045
1774945243.6913,0.0000,0.0000,0.0000,0.0000,0.0000,2.9866,-0.2229,-4.5699,0.0519,-0.1183,-0.0119
1774945243.7117,0.0000,0.0000,0.0000,0.0000,0.0000,2.9879,-0.2232,0.8526,0.0242,-0.1173,-0.0055
1774945243.7313,0.0000,0.0000,0.0000,0.0000,0.0000,2.9896,-0.2240,-11.5862,0.0540,-0.1024,-0.0002
1774945243.7533,0.0000,0.0000,0.0000,0.0000,0.0000,2.9868,-0.2215,8.6890,0.0349,-0.1226,0.0072
1774945243.7712,0.0000,0.0000,0.0000,0.0000,0.0000,2.9892,-0.2200,-5.8754,0.0498,-0.1386,-0.0109
1774945243.7914,0.0000,0.0000,0.0000,0.0000,0.0000,2.9901,-0.2178,-18.1126,0.0423,-0.1205,-0.0109
1774945243.8113,0.0000,0.0000,0.0000,0.0000,0.0000,2.9915,-0.2195,1.8725,0.0402,-0.0704,-0.0013
1774945243.8313,0.0000,0.0000,0.0000,0.0000,0.0000,2.9926,-0.2183,2.3867,0.0221,-0.0512,-0.0077
1774945243.8515,0.0000,0.0000,0.0000,0.0000,0.0000,2.9940,-0.2169,9.4407,-0.0056,-0.0544,-0.0077
1774945243.8713,0.0000,0.0000,0.0000,0.0000,0.0000,2.9953,-0.2157,-21.2722,0.0019,-0.0512,-0.0045
1774945243.8917,0.0000,0.0000,0.0000,0.0000,0.0000,2.9953,-0.2192,-18.5949,0.0349,0.0734,0.0530
1774945243.9112,0.0000,0.0000,0.0000,0.0000,0.0000,2.9922,-0.2223,37.0916,-0.0333,0.0479,0.1287
1774945243.9313,0.0000,0.0000,0.0000,0.0000,0.0000,2.9933,-0.2241,6.0885,-0.0120,-0.0438,0.1468
1774945243.9515,0.0000,0.0000,0.0000,0.0000,0.0000,2.9941,-0.2279,3.4953,-0.0280,-0.0182,0.1244
1774945243.9712,0.0000,0.0000,0.0000,0.0000,0.0000,2.9968,-0.2303,7.2806,-0.0269,-0.0320,0.0765
1774945243.9914,0.0000,0.0000,0.0000,0.0000,0.0000,3.0005,-0.2295,-2.5126,-0.0141,-0.0651,0.0221
1774945244.0112,0.0000,0.0000,0.0000,0.0000,0.0000,3.0033,-0.2270,1.2186,0.0253,-0.0470,-0.0119
1774945244.0312,0.0000,0.0000,0.0000,0.0000,0.0000,3.0022,-0.2240,26.1398,-0.0493,-0.0533,-0.0300
1774945244.0515,0.0000,0.0000,0.0000,0.0000,0.0000,3.0019,-0.2205,-4.7638,0.0178,-0.0193,-0.0205
1774945244.0713,0.0000,0.0000,0.0000,0.0000,0.0000,3.0006,-0.2186,10.9580,0.0210,-0.0150,0.0200
1774945244.0912,0.0000,0.0000,0.0000,0.0000,0.0000,2.9991,-0.2191,-36.3615,0.0722,-0.0225,0.0690
1774945244.1112,0.0000,0.0000,0.0000,0.0000,0.0000,2.9967,-0.2223,47.2545,-0.0280,0.0404,0.1265
1774945244.1313,0.0000,0.0000,0.0000,0.0000,0.0000,2.9962,-0.2258,39.2050,-0.0088,0.0233,0.1255
1774945244.1514,0.0000,0.0000,0.0000,0.0000,0.0000,2.9961,-0.2269,30.2279,-0.0376,-0.0438,0.1010
1774945244.1713,0.0000,0.0000,0.0000,0.0000,0.0000,2.9951,-0.2289,20.9267,-0.0397,-0.0672,0.0786
1774945244.1913,0.0000,0.0000,0.0000,0.0000,0.0000,2.9956,-0.2310,32.3399,-0.0290,-0.0267,0.0701
1774945244.2113,0.0000,0.0000,0.0000,0.0000,0.0000,2.9986,-0.2287,34.3636,-0.0131,-0.0683,0.0445
1774945244.2315,0.0000,0.0000,0.0000,0.0000,0.0000,2.9997,-0.2250,0.3417,-0.0056,-0.0832,0.0094
1774945244.2513,0.0000,0.0000,0.0000,0.0000,0.0000,3.0001,-0.2264,-5.0859,-0.0493,-0.0161,-0.0002
1774945244.2713,0.0000,0.0000,0.0000,0.0000,0.0000,2.9993,-0.2256,-16.0086,-0.0503,-0.0097,0.0232
1774945244.2913,0.0000,0.0000,0.0000,0.0000,0.0000,2.9979,-0.2242,-45.0711,0.0114,-0.0363,0.0413
1774945244.3117,0.0000,0.0000,0.0000,0.0000,0.0000,2.9948,-0.2242,-9.8366,-0.0195,-0.0608,0.1010
1774945244.3314,0.0000,0.0000,0.0000,0.0000,0.0000,2.9937,-0.2262,-62.4897,-0.0013,-0.0150,0.1074
1774945244.3516,0.0000,0.0000,0.0000,0.0000,0.0000,2.9932,-0.2261,-11.1552,-0.0503,-0.0214,0.1042
1774945244.3713,0.0000,0.0000,0.0000,0.0000,0.0000,2.9931,-0.2242,-68.7579,-0.0493,-0.0480,0.0925
1774945244.3913,0.0000,0.0000,0.0000,0.0000,0.0000,2.9952,-0.2247,-71.6637,-0.0610,-0.0118,0.0850
1774945244.4121,0.0000,0.0000,0.0000,0.0000,0.0000,2.9966,-0.2243,-22.7018,-0.0578,0.0052,0.0935
1774945244.4313,0.0000,0.0000,0.0000,0.0000,0.0000,2.9959,-0.2247,23.7852,-0.0088,0.0127,0.1340
1774945244.4513,0.0000,0.0000,0.0000,0.0000,0.0000,2.9950,-0.2245,45.9530,-0.0685,0.0020,0.1702
1774945244.4714,0.0000,0.0000,0.0000,0.0000,0.0000,2.9965,-0.2254,53.3478,-0.0003,0.0383,0.1809
1774945244.4913,0.0000,0.0000,0.0000,0.0000,0.0000,2.9972,-0.2259,37.3379,0.0679,0.0308,0.2427
1774945244.5114,0.0000,0.0000,0.0000,0.0000,0.0000,2.9975,-0.2276,15.3156,0.0061,-0.0342,0.2949
1774945244.5314,0.0000,0.0000,0.0000,0.0000,0.0000,2.9969,-0.2283,-28.5826,-0.1665,0.0084,0.2480
1774945244.5515,0.0000,0.0000,0.0000,0.0000,0.0000,2.9981,-0.2264,-29.2803,-0.1292,-0.0587,0.2522
1774945244.5714,0.0000,0.0000,0.0000,0.0000,0.0000,3.0023,-0.2283,-50.3225,-0.0876,0.0436,0.2693
1774945244.5913,0.0000,0.0000,0.0000,0.0000,0.0000,3.0009,-0.2312,-65.4228,-0.1228,0.0926,0.2757
1774945244.6114,0.0000,0.0000,0.0000,0.0000,0.0000,2.9996,-0.2308,20.7348,-0.1398,0.0479,0.1798
1774945244.6313,0.0000,0.0000,0.0000,0.0000,0.0000,2.9974,-0.2266,88.6656,-0.1718,-0.1258,0.1170
1774945244.6523,0.0000,0.0000,0.0000,0.0000,0.0000,2.9987,-0.2222,-29.2145,-0.0290,-0.1652,0.0509
1774945244.6713,0.0000,0.0000,0.0000,0.0000,0.0000,2.9954,-0.2211,28.8546,-0.1899,0.1363,0.0307
1774945244.6914,0.0000,0.0000,0.0000,0.0000,0.0000,2.9920,-0.2193,115.6400,-0.1494,-0.0065,-0.0055
1774945244.7114,0.0000,0.0000,0.0000,0.0000,0.0000,2.9899,-0.2155,-51.9764,-0.0525,-0.1013,-0.0258
1774945244.7312,0.0000,0.0000,0.0000,0.0000,0.0000,2.9857,-0.2129,-12.0047,-0.0248,0.0468,-0.0407
1774945244.7527,0.0000,0.0000,0.0000,0.0000,0.0000,2.9820,-0.2112,43.7492,0.0008,0.0649,-0.0407
1774945244.7713,0.0000,0.0000,0.0000,0.0000,0.0000,2.9792,-0.2102,-41.1870,-0.0056,0.0777,-0.0215
1774945244.7913,0.0000,0.0000,0.0000,0.0000,0.0000,2.9773,-0.2100,-0.1138,0.0093,0.1565,-0.0375
1774945244.8113,0.0000,0.0000,0.0000,0.0000,0.0000,2.9788,-0.2101,46.8902,0.0093,0.1341,-0.0354
1774945244.8315,0.0000,0.0000,0.0000,0.0000,0.0000,2.9801,-0.2110,-34.2628,0.0146,0.1107,-0.0343
1774945244.8513,0.0000,0.0000,0.0000,0.0000,0.0000,2.9832,-0.2138,-55.1066,0.0615,0.1682,-0.0269
1774945244.8713,0.0000,0.0000,0.0000,0.0000,0.0000,2.9851,-0.2170,76.6238,0.0647,0.1693,0.0083
1774945244.8915,0.0000,0.0000,0.0000,0.0000,0.0000,2.9864,-0.2202,5.6936,0.0274,0.1128,0.0275
1774945244.9118,0.0000,0.0000,0.0000,0.0000,0.0000,2.9859,-0.2245,-22.5560,0.0040,0.1118,0.0264
1774945244.9313,0.0000,0.0000,0.0000,0.0000,0.0000,2.9873,-0.2278,-3.9900,-0.0195,0.0617,0.0083
1774945244.9521,0.0000,0.0000,0.0000,0.0000,0.0000,2.9890,-0.2293,-26.5537,-0.0152,-0.0150,-0.0130
1774945244.9716,0.0000,0.0000,0.0000,0.0000,0.0000,2.9887,-0.2307,-38.0918,0.0114,-0.0065,-0.0205
1774945244.9914,0.0000,0.0000,0.0000,0.0000,0.0000,2.9872,-0.2302,-5.1980,0.0359,-0.0225,-0.0130
1774945245.0114,0.0000,0.0000,0.0000,0.0000,0.0000,2.9855,-0.2297,22.0033,0.0466,-0.0597,-0.0183
1774945245.0313,0.0000,0.0000,0.0000,0.0000,0.0000,2.9829,-0.2303,12.2515,0.0487,-0.0470,-0.0162
1774945245.0513,0.0000,0.0000,0.0000,0.0000,0.0000,2.9808,-0.2283,30.3174,0.0562,-0.0683,-0.0045
1774945245.0714,0.0000,0.0000,0.0000,0.0000,0.0000,2.9807,-0.2270,5.4900,0.0764,-0.0853,-0.0013
1774945245.0914,0.0000,0.0000,0.0000,0.0000,0.0000,2.9804,-0.2264,-5.1827,0.0796,-0.0768,0.0051
1774945245.1113,0.0000,0.0000,0.0000,0.0000,0.0000,2.9819,-0.2258,47.5720,0.0668,-0.0629,0.0051
1774945245.1313,0.0000,0.0000,0.0000,0.0000,0.0000,2.9840,-0.2225,18.4422,0.0658,-0.0906,0.0136
1774945245.1522,0.0000,0.0000,0.0000,0.0000,0.0000,2.9874,-0.2211,-24.2152,0.0668,-0.0768,0.0062
1774945245.1713,0.0000,0.0000,0.0000,0.0000,0.0000,2.9918,-0.2195,-21.4146,0.0807,-0.0533,-0.0109
1774945245.1913,0.0000,0.0000,0.0000,0.0000,0.0000,2.9967,-0.2183,-16.5338,0.0817,-0.0395,-0.0119
1774945245.2113,0.0000,0.0000,0.0000,0.0000,0.0000,2.9976,-0.2206,-33.0831,0.0370,0.0138,-0.0055
1774945245.2314,0.0000,0.0000,0.0000,0.0000,0.0000,2.9982,-0.2238,2.5984,-0.0088,0.0851,-0.0087
1774945245.2513,0.0000,0.0000,0.0000,0.0000,0.0000,2.9999,-0.2239,26.9429,-0.0088,0.0297,-0.0045
1774945245.2713,0.0000,0.0000,0.0000,0.0000,0.0000,3.0033,-0.2243,-3.3637,0.0274,-0.0107,0.0019
1774945245.2913,0.0000,0.0000,0.0000,0.0000,0.0000,3.0036,-0.2260,-6.1753,0.0200,0.0297,0.0083
1774945245.3120,0.0000,0.0000,0.0000,0.0000,0.0000,3.0017,-0.2265,33.0160,-0.0205,0.0404,-0.0055
1774945245.3315,0.0000,0.0000,0.0000,0.0000,0.0000,3.0009,-0.2249,-21.7080,-0.0258,-0.0214,-0.0162
1774945245.3522,0.0000,0.0000,0.0000,0.0000,0.0000,3.0026,-0.2261,-10.4255,0.0178,-0.0448,-0.0258
1774945245.3713,0.0000,0.0000,0.0000,0.0000,0.0000,3.0029,-0.2296,1.6720,0.0477,0.0372,-0.0109
1774945245.3913,0.0000,0.0000,0.0000,0.0000,0.0000,3.0014,-0.2332,31.4936,0.0114,0.0244,0.0136
1774945245.4113,0.0000,0.0000,0.0000,0.0000,0.0000,2.9986,-0.2354,-6.3511,-0.0354,-0.0150,-0.0077
1774945245.4313,0.0000,0.0000,0.0000,0.0000,0.0000,3.0000,-0.2370,8.5515,0.0061,-0.0480,-0.0130
1774945245.4513,0.0000,0.0000,0.0000,0.0000,0.0000,3.0016,-0.2374,24.6343,0.0338,-0.0651,-0.0045
1774945245.4716,0.0000,0.0000,0.0000,0.0000,0.0000,3.0026,-0.2390,-23.6454,0.0210,-0.0235,-0.0183
1774945245.4914,0.0000,0.0000,0.0000,0.0000,0.0000,3.0045,-0.2409,0.0000,0.0146,0.0042,-0.0141
1774945245.5113,0.0000,0.0000,0.0000,0.0000,0.0000,3.0048,-0.2429,0.0000,0.0604,-0.0342,-0.0077
1774945245.5314,0.0000,0.0000,0.0000,0.0000,0.0000,3.0049,-0.2429,58.2425,0.0509,-0.1226,0.0158
1774945245.5512,0.0000,0.0000,0.0000,0.0000,0.0000,3.0041,-0.2407,0.0000,0.0040,-0.1524,-0.0034
1774945245.5714,0.0000,0.0000,0.0000,0.0000,0.0000,3.0055,-0.2383,0.0000,-0.0056,-0.1535,0.0030
1774945245.5913,0.0000,0.0000,0.0000,0.0000,0.0000,3.0056,-0.2368,0.0000,-0.0152,-0.1471,0.0008
1774945245.6113,0.0000,0.0000,0.0000,0.0000,0.0000,3.0092,-0.2366,0.0000,0.0402,-0.1407,-0.0055
1774945245.6314,0.0000,0.0000,0.0000,0.0000,0.0000,3.0077,-0.2372,0.0000,0.0253,-0.0906,-0.0109
1774945245.6514,0.0000,0.0000,0.0000,0.0000,0.0000,3.0061,-0.2353,0.0000,-0.0216,-0.1609,-0.0119
1774945245.6713,0.0000,0.0000,0.0000,0.0000,0.0000,3.0052,-0.2314,0.0000,-0.0493,-0.2014,-0.0151
1774945245.6913,0.0000,0.0000,0.0000,0.0000,0.0000,3.0070,-0.2293,0.0000,-0.0589,-0.1215,-0.0311
1774945245.7113,0.0000,0.0000,0.0000,0.0000,0.0000,3.0079,-0.2273,0.0000,-0.0333,-0.1024,-0.0247
1774945245.7317,0.0000,0.0000,0.0000,0.0000,0.0000,3.0074,-0.2272,0.0000,-0.0301,-0.0246,-0.0183
1774945245.7513,0.0000,0.0000,0.0000,0.0000,0.0000,3.0081,-0.2256,0.0000,0.0306,0.0148,-0.0151
1774945245.7714,0.0000,0.0000,0.0000,0.0000,0.0000,3.0043,-0.2235,0.0000,-0.0322,0.0393,0.0019
1774945245.7913,0.0000,0.0000,0.0000,0.0000,0.0000,3.0042,-0.2234,0.0000,0.0242,-0.0097,-0.0077
1774945245.8115,0.0000,0.0000,0.0000,0.0000,0.0000,3.0009,-0.2222,0.0000,-0.0418,0.0095,-0.0119
1774945245.8315,0.0000,0.0000,0.0000,0.0000,0.0000,3.0022,-0.2207,1.2349,-0.0301,0.0180,-0.0215
1774945245.8514,0.0000,0.0000,0.0000,0.0000,0.0000,2.9995,-0.2189,21.3286,-0.0354,-0.0043,-0.0300
1774945245.8712,0.0000,0.0000,0.0000,0.0000,0.0000,3.0016,-0.2179,45.6724,-0.0003,0.0692,-0.0428
1774945245.8923,0.0000,0.0000,0.0000,0.0000,0.0000,3.0018,-0.2170,44.0013,0.0050,0.0905,-0.0119
1774945245.9113,0.0000,0.0000,0.0000,0.0000,0.0000,3.0011,-0.2169,-56.1387,0.0743,0.0990,-0.0130
1774945245.9314,0.0000,0.0000,0.0000,0.0000,0.0000,3.0005,-0.2179,3.2155,0.0668,0.1000,0.0158
1774945245.9513,0.0000,0.0000,0.0000,0.0000,0.0000,3.0014,-0.2195,-7.3101,0.0700,0.0979,0.0136
1774945245.9714,0.0000,0.0000,0.0000,0.0000,0.0000,3.0026,-0.2204,-50.7028,0.0615,0.1384,0.0094
1774945245.9912,0.0000,0.0000,0.0000,0.0000,0.0000,3.0041,-0.2212,39.3846,0.0487,0.1586,-0.0237
1774945246.0112,0.0000,0.0000,0.0000,0.0000,0.0000,3.0052,-0.2214,32.1167,0.0200,0.0798,-0.0247
1774945246.0315,0.0000,0.0000,0.0000,0.0000,0.0000,3.0051,-0.2214,11.9972,0.0498,0.0905,0.0136
1774945246.0514,0.0000,0.0000,0.0000,0.0000,0.0000,3.0090,-0.2202,36.6369,0.0977,0.1160,-0.0034
1774945246.0734,0.0000,0.0000,0.0000,0.0000,0.0000,3.0104,-0.2199,12.9061,0.1126,0.0915,0.0147
1774945246.0987,0.0000,0.0000,0.0000,0.0000,0.0000,3.0116,-0.2193,-32.8396,0.1169,0.0862,0.0062
1774945246.1114,0.0000,0.0000,0.0000,0.0000,0.0000,3.0099,-0.2186,12.0752,0.0232,0.0713,0.0190
1774945246.1314,0.0000,0.0000,0.0000,0.0000,0.0000,3.0120,-0.2209,-20.0886,0.0285,0.0745,0.0168
1774945246.1513,0.0000,0.0000,0.0000,0.0000,0.0000,3.0163,-0.2233,0.7413,0.0572,0.0553,0.0296
1774945246.1715,0.0000,0.0000,0.0000,0.0000,0.0000,3.0169,-0.2270,-8.1080,0.0125,0.0265,0.0243
1774945246.1912,0.0000,0.0000,0.0000,0.0000,0.0000,3.0192,-0.2276,-22.9777,0.0466,-0.0310,0.0030
1774945246.2114,0.0000,0.0000,0.0000,0.0000,0.0000,3.0181,-0.2295,2.8638,0.0114,-0.0310,0.0008
1774945246.2313,0.0000,0.0000,0.0000,0.0000,0.0000,3.0210,-0.2296,-23.1370,0.0775,-0.0288,-0.0109
1774945246.2512,0.0000,0.0000,0.0000,0.0000,0.0000,3.0212,-0.2315,-16.9199,0.0551,0.0106,-0.0109
1774945246.2715,0.0000,0.0000,0.0000,0.0000,0.0000,3.0235,-0.2313,-0.5704,0.0264,-0.0278,-0.0215
1774945246.2914,0.0000,0.0000,0.0000,0.0000,0.0000,3.0210,-0.2328,-6.3356,-0.0482,0.0020,-0.0055
1774945246.3114,0.0000,0.0000,0.0000,0.0000,0.0000,3.0209,-0.2342,19.7635,-0.0482,-0.0619,-0.0034
1774945246.3314,0.0000,0.0000,0.0000,0.0000,0.0000,3.0227,-0.2348,1.0514,-0.0013,-0.1418,0.0051
1774945246.3514,0.0000,0.0000,0.0000,0.0000,0.0000,3.0214,-0.2350,-13.5150,0.0050,-0.1375,0.0072
1774945246.3714,0.0000,0.0000,0.0000,0.0000,0.0000,3.0200,-0.2330,-10.7613,-0.0312,-0.1130,-0.0205
1774945246.3912,0.0000,0.0000,0.0000,0.0000,0.0000,3.0209,-0.2306,49.5314,-0.0216,-0.1599,-0.0151
1774945246.4113,0.0000,0.0000,0.0000,0.0000,0.0000,3.0209,-0.2277,-14.5498,-0.0173,-0.1130,-0.0173
1774945246.4315,0.0000,0.0000,0.0000,0.0000,0.0000,3.0209,-0.2255,10.4809,-0.0418,-0.0651,-0.0460
1774945246.4519,0.0000,0.0000,0.0000,0.0000,0.0000,3.0199,-0.2221,44.5929,-0.1185,-0.1258,-0.0354
1774945246.4713,0.0000,0.0000,0.0000,0.0000,0.0000,3.0201,-0.2211,-108.7930,-0.0908,-0.0800,-0.0343
1774945246.4913,0.0000,0.0000,0.0000,0.0000,0.0000,3.0186,-0.2211,-15.0026,-0.0333,0.0212,-0.0290
1774945246.5113,0.0000,0.0000,0.0000,0.0000,0.0000,3.0150,-0.2193,51.7574,-0.0535,-0.0065,0.0232
1774945246.5314,0.0000,0.0000,0.0000,0.0000,0.0000,3.0140,-0.2194,-74.2257,-0.0205,-0.0299,0.0030
1774945246.5513,0.0000,0.0000,0.0000,0.0000,0.0000,3.0120,-0.2189,112.1096,-0.0024,-0.0054,0.0040
1774945246.5713,0.0000,0.0000,0.0000,0.0000,0.0000,3.0114,-0.2159,-25.7805,0.0008,-0.0576,-0.0087
1774945246.5913,0.0000,0.0000,0.0000,0.0000,0.0000,3.0102,-0.2142,-111.8035,-0.0216,-0.0097,-0.0354
1774945246.6116,0.0000,0.0000,0.0000,0.0000,0.0000,3.0084,-0.2127,95.2949,0.0029,0.0724,-0.0205
1774945246.6314,0.0000,0.0000,0.0000,0.0000,0.0000,3.0078,-0.2126,34.5599,0.0072,0.0841,-0.0013
1774945246.6514,0.0000,0.0000,0.0000,0.0000,0.0000,3.0085,-0.2104,0.2824,0.0114,0.0638,-0.0034
1774945246.6716,0.0000,0.0000,0.0000,0.0000,0.0000,3.0102,-0.2097,49.3922,0.0658,0.0851,0.0062
1774945246.6913,0.0000,0.0000,0.0000,0.0000,0.0000,3.0101,-0.2107,-23.0732,0.0434,0.1043,0.0115
1774945246.7114,0.0000,0.0000,0.0000,0.0000,0.0000,3.0113,-0.2096,-61.7418,0.0157,0.0883,-0.0290
1774945246.7312,0.0000,0.0000,0.0000,0.0000,0.0000,3.0108,-0.2095,32.8574,-0.0450,0.1320,-0.0002
1774945246.7516,0.0000,0.0000,0.0000,0.0000,0.0000,3.0124,-0.2090,9.8801,0.0168,0.1469,-0.0055
1774945246.7714,0.0000,0.0000,0.0000,0.0000,0.0000,3.0124,-0.2096,8.2656,0.0327,0.1682,-0.0269
1774945246.7913,0.0000,0.0000,0.0000,0.0000,0.0000,3.0135,-0.2104,9.4190,0.0434,0.1309,-0.0247
1774945246.8114,0.0000,0.0000,0.0000,0.0000,0.0000,3.0108,-0.2114,-6.8713,-0.0248,0.1086,0.0062
1774945246.8314,0.0000,0.0000,0.0000,0.0000,0.0000,3.0120,-0.2142,-30.7108,0.0359,0.1821,-0.0173
1774945246.8522,0.0000,0.0000,0.0000,0.0000,0.0000,3.0126,-0.2144,29.3542,0.0477,0.1352,0.0030
1774945246.8713,0.0000,0.0000,0.0000,0.0000,0.0000,3.0117,-0.2158,-36.2825,0.0349,0.0755,-0.0045
1774945246.8913,0.0000,0.0000,0.0000,0.0000,0.0000,3.0106,-0.2147,-10.5145,-0.0013,0.0841,0.0040
1774945246.9113,0.0000,0.0000,0.0000,0.0000,0.0000,3.0107,-0.2155,51.8566,-0.0067,0.0606,-0.0045
1774945246.9314,0.0000,0.0000,0.0000,0.0000,0.0000,3.0125,-0.2128,-51.7551,0.0264,-0.0065,-0.0055
1774945246.9520,0.0000,0.0000,0.0000,0.0000,0.0000,3.0128,-0.2150,39.9729,0.0285,0.0372,-0.0066
1774945246.9821,0.0000,0.0000,0.0000,0.0000,0.0000,3.0128,-0.2150,39.9729,0.0285,0.0372,-0.0066
1774945246.9929,0.0000,0.0000,0.0000,0.0000,0.0000,3.0122,-0.2137,-18.2965,0.0349,-0.0203,-0.0055
1774945247.0125,0.0000,0.0000,0.0000,0.0000,0.0000,3.0114,-0.2152,21.4254,-0.0546,-0.0012,-0.0183
1774945247.0313,0.0000,0.0000,0.0000,0.0000,0.0000,3.0115,-0.2162,59.7539,-0.0035,0.0287,-0.0034
1774945247.0513,0.0000,0.0000,0.0000,0.0000,0.0000,3.0136,-0.2153,-44.6182,-0.0088,-0.0257,-0.0194
1774945247.0714,0.0000,0.0000,0.0000,0.0000,0.0000,3.0141,-0.2143,9.0100,-0.0376,-0.0139,-0.0151
1774945247.0913,0.0000,0.0000,0.0000,0.0000,0.0000,3.0133,-0.2145,-0.6135,-0.0354,-0.0320,-0.0130
1774945247.1113,0.0000,0.0000,0.0000,0.0000,0.0000,3.0128,-0.2146,-23.1558,0.0221,-0.0086,-0.0066
1774945247.1314,0.0000,0.0000,0.0000,0.0000,0.0000,3.0097,-0.2158,44.5622,-0.0120,0.0489,0.0072
1774945247.1514,0.0000,0.0000,0.0000,0.0000,0.0000,3.0087,-0.2150,18.8764,0.0178,-0.0278,-0.0034
1774945247.1713,0.0000,0.0000,0.0000,0.0000,0.0000,3.0081,-0.2157,6.8395,-0.0184,-0.0150,-0.0087
1774945247.1914,0.0000,0.0000,0.0000,0.0000,0.0000,3.0091,-0.2139,26.6095,0.0082,-0.0320,-0.0066
1774945247.2119,0.0000,0.0000,0.0000,0.0000,0.0000,3.0096,-0.2128,35.5515,-0.0152,-0.0139,-0.0524
1774945247.2343,0.0000,0.0000,0.0000,0.0000,0.0000,3.0124,-0.2137,92.9414,0.0935,0.0393,-0.1909
1774945247.2524,0.0000,0.0000,0.0000,0.0000,0.0000,3.0138,-0.2147,-27.1275,0.0690,0.0425,-0.2218
1774945247.2714,0.0000,0.0000,0.0000,0.0000,0.0000,3.0117,-0.2140,-17.4722,0.0455,-0.0704,-0.2016
1774945247.2913,0.0000,0.0000,0.0000,0.0000,0.0000,3.0110,-0.2137,-43.5093,0.0754,-0.0640,-0.1653
1774945247.3114,0.0000,0.0000,0.0000,0.0000,0.0000,3.0138,-0.2128,24.8260,0.0903,0.0180,-0.1291
1774945247.3313,0.0000,0.0000,0.0000,0.0000,0.0000,3.0146,-0.2101,11.1416,0.0423,-0.0459,-0.1131
1774945247.3513,0.0000,0.0000,0.0000,0.0000,0.0000,3.0142,-0.2087,25.0340,-0.0429,-0.0054,-0.1014
1774945247.3712,0.0000,0.0000,0.0000,0.0000,0.0000,3.0150,-0.2057,14.0983,-0.0706,-0.0363,-0.1238
1774945247.3947,0.0000,0.0000,0.0000,0.0000,0.0000,3.0164,-0.2022,33.1846,-0.0173,-0.0715,-0.1227
1774945247.4114,0.0000,0.0000,0.0000,0.0000,0.0000,3.0156,-0.2014,-91.3311,-0.0258,-0.0352,-0.1217
1774945247.4314,0.0000,0.0000,0.0000,0.0000,0.0000,3.0139,-0.2006,42.6039,-0.0227,0.0585,-0.1163
1774945247.4515,0.0000,0.0000,0.0000,0.0000,0.0000,3.0112,-0.2002,-56.3525,-0.0344,0.0510,-0.0918
1774945247.4715,0.0000,0.0000,0.0000,0.0000,0.0000,3.0135,-0.2008,-75.8793,0.0498,0.0564,-0.1249
1774945247.4932,0.0000,0.0000,0.0000,0.0000,0.0000,3.0096,-0.2018,-27.8774,-0.0685,0.0532,-0.0950
1774945247.5114,0.0000,0.0000,0.0000,0.0000,0.0000,3.0098,-0.2032,23.5423,-0.0301,0.0819,-0.1004
1774945247.5314,0.0000,0.0000,0.0000,0.0000,0.0000,3.0066,-0.2045,-55.8194,-0.0887,0.0915,-0.0812
1774945247.5561,0.0000,0.0000,0.0000,0.0000,0.0000,3.0042,-0.2077,-7.9187,-0.0802,0.1182,-0.0279
1774945247.5714,0.0000,0.0000,0.0000,0.0000,0.0000,3.0042,-0.2116,-21.8427,-0.1025,0.1437,-0.0119
1774945247.5912,0.0000,0.0000,0.0000,0.0000,0.0000,3.0034,-0.2156,61.0570,-0.0354,0.1320,-0.0364
1774945247.6114,0.0000,0.0000,0.0000,0.0000,0.0000,3.0042,-0.2157,54.8841,0.0317,-0.0384,-0.1462
1774945247.6313,0.0000,0.0000,0.0000,0.0000,0.0000,3.0053,-0.2176,-77.7721,-0.0717,0.0052,-0.2335
1774945247.6514,0.0000,0.0000,0.0000,0.0000,0.0000,3.0044,-0.2197,33.8316,-0.0184,0.0116,-0.2271
1774945247.6714,0.0000,0.0000,0.0000,0.0000,0.0000,3.0042,-0.2181,-51.6120,0.0349,-0.0374,-0.2154
1774945247.6913,0.0000,0.0000,0.0000,0.0000,0.0000,3.0021,-0.2147,7.2567,0.0722,-0.0832,-0.1408
1774945247.7114,0.0000,0.0000,0.0000,0.0000,0.0000,2.9994,-0.2109,-70.8541,-0.0642,-0.0960,-0.1451
1774945247.7334,0.0000,0.0000,0.0000,0.0000,0.0000,2.9982,-0.2086,-76.7119,-0.0461,-0.0928,-0.1312
1774945247.7514,0.0000,0.0000,0.0000,0.0000,0.0000,3.0001,-0.2071,167.0633,0.0860,-0.0182,-0.1483
1774945247.7713,0.0000,0.0000,0.0000,0.0000,0.0000,2.9992,-0.2042,18.0240,-0.0429,-0.1055,-0.1557
1774945247.7913,0.0000,0.0000,0.0000,0.0000,0.0000,2.9983,-0.2019,-32.8319,0.0690,-0.0587,-0.1589
1774945247.8114,0.0000,0.0000,0.0000,0.0000,0.0000,2.9944,-0.1999,30.5782,0.0413,0.0255,-0.1131
1774945247.8314,0.0000,0.0000,0.0000,0.0000,0.0000,2.9914,-0.1973,-50.5971,-0.0216,0.0031,-0.0886
1774945247.8514,0.0000,0.0000,0.0000,0.0000,0.0000,2.9913,-0.1956,-100.2739,-0.0322,-0.0150,-0.0652
1774945247.8713,0.0000,0.0000,0.0000,0.0000,0.0000,2.9896,-0.1946,-38.2322,0.0487,0.0095,-0.0226
1774945247.8913,0.0000,0.0000,0.0000,0.0000,0.0000,2.9866,-0.1968,-29.9531,-0.0184,0.1277,0.1042
1774945247.9113,0.0000,0.0000,0.0000,0.0000,0.0000,2.9812,-0.2000,23.5741,-0.1185,0.1757,0.2160
1774945247.9315,0.0000,0.0000,0.0000,0.0000,0.0000,2.9831,-0.2022,44.1629,-0.0322,0.1331,0.1670
1774945247.9515,0.0000,0.0000,0.0000,0.0000,0.0000,2.9850,-0.2018,-51.6119,-0.0397,0.0372,0.1084
1774945247.9714,0.0000,0.0000,0.0000,0.0000,0.0000,2.9881,-0.2030,-37.9679,-0.0450,0.0468,-0.0034
1774945247.9914,0.0000,0.0000,0.0000,0.0000,0.0000,2.9919,-0.2045,25.6160,0.0008,0.0734,-0.0812
1774945248.0114,0.0000,0.0000,0.0000,0.0000,0.0000,2.9923,-0.2026,-23.1442,-0.0024,0.0564,-0.1067
1774945248.0314,0.0000,0.0000,0.0000,0.0000,0.0000,2.9899,-0.2022,-10.3470,0.0008,0.0606,-0.1004
1774945248.0514,0.0000,0.0000,0.0000,0.0000,0.0000,2.9863,-0.2024,-53.6322,0.0082,0.0383,-0.0514
1774945248.0715,0.0000,0.0000,0.0000,0.0000,0.0000,2.9840,-0.2022,0.0000,0.0402,0.0084,0.0083
1774945248.0913,0.0000,0.0000,0.0000,0.0000,0.0000,2.9854,-0.2036,36.6102,0.0445,0.0500,0.0179
1774945248.1113,0.0000,0.0000,0.0000,0.0000,0.0000,2.9814,-0.2041,0.0000,-0.0301,0.0106,0.0520
1774945248.1313,0.0000,0.0000,0.0000,0.0000,0.0000,2.9847,-0.2048,0.0000,-0.0056,0.0127,0.0360
1774945248.1514,0.0000,0.0000,0.0000,0.0000,0.0000,2.9885,-0.2031,0.0000,0.0391,-0.0022,0.0094
1774945248.1713,0.0000,0.0000,0.0000,0.0000,0.0000,2.9889,-0.2024,0.0000,0.0349,-0.0619,0.0062
1774945248.1913,0.0000,0.0000,0.0000,0.0000,0.0000,2.9923,-0.2036,0.0000,0.0860,0.0052,-0.0375
1774945248.2115,0.0000,0.0000,0.0000,0.0000,0.0000,2.9901,-0.2064,0.0000,0.0264,0.0265,-0.0162
1774945248.2317,0.0000,0.0000,0.0000,0.0000,0.0000,2.9906,-0.2104,0.0000,0.0200,0.0212,0.0200
1774945248.2516,0.0000,0.0000,0.0000,0.0000,0.0000,2.9918,-0.2149,0.0000,0.0679,0.0127,0.0221
1774945248.2715,0.0000,0.0000,0.0000,0.0000,0.0000,2.9924,-0.2183,0.0000,0.0700,-0.0161,0.0339
1774945248.2914,0.0000,0.0000,0.0000,0.0000,0.0000,2.9931,-0.2206,0.0000,0.0988,-0.0768,0.0221
1774945248.3114,0.0000,0.0000,0.0000,0.0000,0.0000,2.9925,-0.2217,0.0000,0.0690,-0.0928,0.0030
1774945248.3314,0.0000,0.0000,0.0000,0.0000,0.0000,2.9939,-0.2232,0.0000,0.0530,-0.0704,-0.0045
1774945248.3514,0.0000,0.0000,0.0000,0.0000,0.0000,2.9956,-0.2257,-1.6738,0.0849,-0.0629,-0.0237
1774945248.3714,0.0000,0.0000,0.0000,0.0000,0.0000,2.9973,-0.2268,0.0000,0.1041,-0.1609,-0.0098
1774945248.3914,0.0000,0.0000,0.0000,0.0000,0.0000,2.9980,-0.2261,0.0000,0.0807,-0.2014,0.0168
1774945248.4113,0.0000,0.0000,0.0000,0.0000,0.0000,3.0012,-0.2240,0.0000,0.1041,-0.2632,0.0072
1774945248.4313,0.0000,0.0000,0.0000,0.0000,0.0000,3.0044,-0.2212,0.0000,0.0764,-0.2664,0.0253
1774945248.4514,0.0000,0.0000,0.0000,0.0000,0.0000,3.0070,-0.2196,0.0000,0.1041,-0.2472,-0.0013
1774945248.4712,0.0000,0.0000,0.0000,0.0000,0.0000,3.0068,-0.2175,52.3806,0.0722,-0.1791,0.0051
1774945248.4913,0.0000,0.0000,0.0000,0.0000,0.0000,3.0075,-0.2153,-33.0377,0.0232,-0.1748,-0.0098
1774945248.5114,0.0000,0.0000,0.0000,0.0000,0.0000,3.0095,-0.2129,0.0000,0.0157,-0.1801,-0.0045
1774945248.5313,0.0000,0.0000,0.0000,0.0000,0.0000,3.0121,-0.2094,70.1038,0.0210,-0.1386,-0.0205
1774945248.5514,0.0000,0.0000,0.0000,0.0000,0.0000,3.0144,-0.2069,-22.0515,-0.0173,-0.1237,0.0030
1774945248.5712,0.0000,0.0000,0.0000,0.0000,0.0000,3.0162,-0.2063,-3.8091,-0.0003,-0.0438,0.0115
1774945248.5912,0.0000,0.0000,0.0000,0.0000,0.0000,3.0162,-0.2083,-25.9926,0.0008,0.0308,0.0019
1774945248.6113,0.0000,0.0000,0.0000,0.0000,0.0000,3.0164,-0.2071,-15.1671,-0.0077,0.0340,0.0083
1774945248.6315,0.0000,0.0000,0.0000,0.0000,0.0000,3.0162,-0.2066,4.7385,-0.0013,0.0276,-0.0183
1774945248.6514,0.0000,0.0000,0.0000,0.0000,0.0000,3.0149,-0.2068,66.9463,-0.0727,0.0415,-0.0279
1774945248.6713,0.0000,0.0000,0.0000,0.0000,0.0000,3.0138,-0.2059,16.4241,-0.0972,0.0340,-0.0300
1774945248.6913,0.0000,0.0000,0.0000,0.0000,0.0000,3.0153,-0.2052,10.1067,-0.0205,0.0883,-0.0247
1774945248.7113,0.0000,0.0000,0.0000,0.0000,0.0000,3.0130,-0.2053,9.2257,-0.0599,0.1640,0.0072
1774945248.7314,0.0000,0.0000,0.0000,0.0000,0.0000,3.0110,-0.2056,54.3377,-0.0269,0.1118,-0.0119
1774945248.7514,0.0000,0.0000,0.0000,0.0000,0.0000,3.0109,-0.2067,56.4107,0.0423,0.1331,0.0168
1774945248.7714,0.0000,0.0000,0.0000,0.0000,0.0000,3.0092,-0.2068,93.1014,-0.0013,0.1203,0.0040
1774945248.7918,0.0000,0.0000,0.0000,0.0000,0.0000,3.0076,-0.2072,-35.2841,-0.0376,0.1118,-0.0077
1774945248.8114,0.0000,0.0000,0.0000,0.0000,0.0000,3.0062,-0.2091,56.2667,0.0338,0.1544,-0.0077
1774945248.8314,0.0000,0.0000,0.0000,0.0000,0.0000,3.0071,-0.2085,-28.5408,-0.0131,0.0990,-0.0098
1774945248.8514,0.0000,0.0000,0.0000,0.0000,0.0000,3.0061,-0.2106,38.4746,-0.0216,0.1682,-0.0045
1774945248.8712,0.0000,0.0000,0.0000,0.0000,0.0000,3.0066,-0.2121,-62.0726,-0.0408,0.1448,-0.0205
1774945248.8913,0.0000,0.0000,0.0000,0.0000,0.0000,3.0072,-0.2128,70.1214,0.0232,0.0713,-0.0130
1774945248.9114,0.0000,0.0000,0.0000,0.0000,0.0000,3.0070,-0.2121,71.9853,0.0178,0.0319,-0.0269
1774945248.9313,0.0000,0.0000,0.0000,0.0000,0.0000,3.0066,-0.2095,62.2842,-0.0322,-0.0832,-0.0269
1774945248.9513,0.0000,0.0000,0.0000,0.0000,0.0000,3.0064,-0.2087,-126.2953,0.0285,-0.0267,-0.0428
1774945248.9714,0.0000,0.0000,0.0000,0.0000,0.0000,3.0032,-0.2070,29.8091,-0.0195,-0.0139,-0.0130
1774945248.9914,0.0000,0.0000,0.0000,0.0000,0.0000,3.0024,-0.2064,-37.4446,-0.0578,-0.0086,-0.0087
1774945249.0113,0.0000,0.0000,0.0000,0.0000,0.0000,3.0011,-0.2064,-11.8154,0.0200,0.0116,-0.0024
1774945249.0343,0.0000,0.0000,0.0000,0.0000,0.0000,3.0011,-0.2058,48.1541,0.0274,-0.0075,0.0030
1774945249.0515,0.0000,0.0000,0.0000,0.0000,0.0000,2.9994,-0.2041,-79.7537,0.0168,-0.0203,0.0158
1774945249.0715,0.0000,0.0000,0.0000,0.0000,0.0000,2.9985,-0.2052,-25.6936,-0.0109,0.0084,-0.0077
1774945249.0915,0.0000,0.0000,0.0000,0.0000,0.0000,2.9992,-0.2033,69.6741,0.0487,-0.0193,-0.0077
1774945249.1117,0.0000,0.0000,0.0000,0.0000,0.0000,3.0019,-0.2034,21.0719,0.0232,0.0074,-0.0109
1774945249.1315,0.0000,0.0000,0.0000,0.0000,0.0000,2.9996,-0.2032,88.1525,0.0146,0.0553,-0.0002
1774945249.1514,0.0000,0.0000,0.0000,0.0000,0.0000,2.9992,-0.2029,-24.5127,-0.0322,-0.0214,0.0040
1774945249.1713,0.0000,0.0000,0.0000,0.0000,0.0000,3.0015,-0.2047,-86.0693,0.0317,0.0063,-0.0024
1774945249.1913,0.0000,0.0000,0.0000,0.0000,0.0000,3.0006,-0.2039,43.1274,-0.0024,-0.0139,0.0264
1774945249.2115,0.0000,0.0000,0.0000,0.0000,0.0000,3.0027,-0.2061,-64.7153,-0.0525,0.0180,0.0019
1774945249.2324,0.0000,0.0000,0.0000,0.0000,0.0000,3.0038,-0.2067,-8.8320,-0.0227,0.0031,-0.0173
1774945249.2513,0.0000,0.0000,0.0000,0.0000,0.0000,3.0065,-0.2079,16.2924,0.0114,0.0212,-0.0215
1774945249.2713,0.0000,0.0000,0.0000,0.0000,0.0000,3.0041,-0.2102,-12.8599,0.0189,0.0436,-0.0183
1774945249.2914,0.0000,0.0000,0.0000,0.0000,0.0000,3.0017,-0.2112,47.5823,-0.0258,0.0063,-0.0162
1774945249.3114,0.0000,0.0000,0.0000,0.0000,0.0000,3.0000,-0.2107,-12.7867,0.0391,-0.0182,0.0019
1774945249.3315,0.0000,0.0000,0.0000,0.0000,0.0000,2.9989,-0.2114,-81.8594,0.0391,-0.0075,-0.0034
1774945249.3514,0.0000,0.0000,0.0000,0.0000,0.0000,2.9974,-0.2135,88.4601,0.0146,0.0212,0.0285
1774945249.3713,0.0000,0.0000,0.0000,0.0000,0.0000,2.9966,-0.2179,-43.1716,0.0274,0.0447,0.0307
1774945249.3914,0.0000,0.0000,0.0000,0.0000,0.0000,2.9978,-0.2223,50.9158,-0.0013,0.0351,0.0253
1774945249.4116,0.0000,0.0000,0.0000,0.0000,0.0000,2.9994,-0.2250,-22.6011,0.0391,-0.0161,0.0136
1774945249.4313,0.0000,0.0000,0.0000,0.0000,0.0000,3.0013,-0.2257,-21.3649,0.0125,-0.0789,0.0051
1774945249.4513,0.0000,0.0000,0.0000,0.0000,0.0000,3.0016,-0.2264,10.6168,0.0242,-0.0310,-0.0205
1774945249.4714,0.0000,0.0000,0.0000,0.0000,0.0000,3.0043,-0.2226,42.2981,0.0391,-0.1311,-0.0439
1774945249.4913,0.0000,0.0000,0.0000,0.0000,0.0000,3.0050,-0.2173,-12.7248,0.0359,-0.1908,-0.0407
1774945249.5112,0.0000,0.0000,0.0000,0.0000,0.0000,3.0051,-0.2140,-53.6916,0.0104,-0.1620,-0.0322
1774945249.5314,0.0000,0.0000,0.0000,0.0000,0.0000,3.0059,-0.2113,25.4383,0.0295,-0.0864,-0.0162
1774945249.5513,0.0000,0.0000,0.0000,0.0000,0.0000,3.0055,-0.2104,-68.2474,0.0168,-0.0672,0.0030
1774945249.5713,0.0000,0.0000,0.0000,0.0000,0.0000,3.0048,-0.2105,88.1330,0.0008,-0.0246,0.0168
1774945249.5918,0.0000,0.0000,0.0000,0.0000,0.0000,3.0050,-0.2104,32.4795,0.0477,0.0031,0.0285
1774945249.6114,0.0000,0.0000,0.0000,0.0000,0.0000,3.0050,-0.2095,6.6751,0.0434,-0.0075,0.0200
1774945249.6314,0.0000,0.0000,0.0000,0.0000,0.0000,3.0055,-0.2086,-59.7377,-0.0003,-0.0043,-0.0045
1774945249.6513,0.0000,0.0000,0.0000,0.0000,0.0000,3.0078,-0.2093,83.9762,0.0061,-0.0033,-0.0183
1774945249.6712,0.0000,0.0000,0.0000,0.0000,0.0000,3.0091,-0.2105,21.8595,-0.0152,-0.0129,-0.0226
1774945249.6913,0.0000,0.0000,0.0000,0.0000,0.0000,3.0081,-0.2143,22.2989,-0.0653,0.0542,-0.0002
1774945249.7113,0.0000,0.0000,0.0000,0.0000,0.0000,3.0089,-0.2179,-46.1341,-0.0088,0.0319,-0.0119
1774945249.7314,0.0000,0.0000,0.0000,0.0000,0.0000,3.0073,-0.2204,-37.9345,-0.0109,0.0095,0.0158
1774945249.7526,0.0000,0.0000,0.0000,0.0000,0.0000,3.0058,-0.2233,12.0490,-0.0386,0.0106,0.0221
1774945249.7713,0.0000,0.0000,0.0000,0.0000,0.0000,3.0079,-0.2244,-37.8528,-0.0248,-0.0363,-0.0066
1774945249.7913,0.0000,0.0000,0.0000,0.0000,0.0000,3.0091,-0.2252,34.6671,-0.0610,0.0127,-0.0375
1774945249.8113,0.0000,0.0000,0.0000,0.0000,0.0000,3.0089,-0.2221,12.6468,-0.0088,-0.0736,-0.0375
1774945249.8313,0.0000,0.0000,0.0000,0.0000,0.0000,3.0090,-0.2213,74.7767,-0.0056,-0.0448,-0.0375
1774945249.8532,0.0000,0.0000,0.0000,0.0000,0.0000,3.0052,-0.2199,31.1060,-0.0003,-0.0257,-0.0322
1774945249.8713,0.0000,0.0000,0.0000,0.0000,0.0000,3.0024,-0.2182,63.9025,-0.0013,-0.0310,-0.0002
1774945249.8913,0.0000,0.0000,0.0000,0.0000,0.0000,3.0000,-0.2174,29.2369,0.0157,-0.0225,0.0275
1774945249.9113,0.0000,0.0000,0.0000,0.0000,0.0000,2.9996,-0.2169,31.2715,0.0402,-0.0406,0.0243
1774945249.9326,0.0000,0.0000,0.0000,0.0000,0.0000,3.0012,-0.2147,-13.2845,-0.0077,-0.0406,0.0051
1774945249.9516,0.0000,0.0000,0.0000,0.0000,0.0000,2.9999,-0.2156,25.0102,-0.0141,0.0127,0.0019
1774945249.9714,0.0000,0.0000,0.0000,0.0000,0.0000,3.0010,-0.2166,22.3329,-0.0013,0.0340,-0.0151
1774945249.9913,0.0000,0.0000,0.0000,0.0000,0.0000,3.0034,-0.2149,-12.9832,-0.0120,-0.0182,-0.0311
1774945250.0220,0.0000,0.0000,0.0000,0.0000,0.0000,3.0029,-0.2118,21.0018,-0.0141,-0.0704,-0.0194
1774945250.0315,0.0000,0.0000,0.0000,0.0000,0.0000,3.0032,-0.2109,-63.6283,-0.0077,-0.0310,-0.0194
1774945250.0538,0.0000,0.0000,0.0000,0.0000,0.0000,3.0030,-0.2106,-97.1208,-0.0237,0.0042,-0.0205
1774945250.0714,0.0000,0.0000,0.0000,0.0000,0.0000,3.0021,-0.2111,39.4307,-0.0333,0.0010,-0.0087
1774945250.0913,0.0000,0.0000,0.0000,0.0000,0.0000,3.0034,-0.2114,30.9400,-0.0045,0.0319,-0.0364
1774945250.1123,0.0000,0.0000,0.0000,0.0000,0.0000,3.0026,-0.2109,58.4348,-0.0205,0.0542,-0.0119
1774945250.1314,0.0000,0.0000,0.0000,0.0000,0.0000,2.9997,-0.2110,-17.1857,-0.0546,0.0489,-0.0002
1774945250.1515,0.0000,0.0000,0.0000,0.0000,0.0000,3.0013,-0.2116,-32.5813,0.0754,0.0287,0.0019
1774945250.1715,0.0000,0.0000,0.0000,0.0000,0.0000,2.9998,-0.2106,5.9945,0.0668,0.0148,0.0094
1774945250.1914,0.0000,0.0000,0.0000,0.0000,0.0000,2.9971,-0.2095,1.8127,-0.0056,0.0489,0.0019
1774945250.2114,0.0000,0.0000,0.0000,0.0000,0.0000,2.9979,-0.2078,71.1254,-0.0045,0.0031,-0.0141
1774945250.2313,0.0000,0.0000,0.0000,0.0000,0.0000,2.9995,-0.2078,14.8885,0.0210,-0.0320,-0.0055
1774945250.2522,0.0000,0.0000,0.0000,0.0000,0.0000,3.0005,-0.2074,-6.2746,0.0104,-0.0235,-0.0024
1774945250.2729,0.0000,0.0000,0.0000,0.0000,0.0000,3.0015,-0.2082,-31.2497,0.0050,-0.0022,-0.0098
1774945250.2913,0.0000,0.0000,0.0000,0.0000,0.0000,2.9989,-0.2090,-89.0509,-0.0003,0.0308,-0.0098
1774945250.3116,0.0000,0.0000,0.0000,0.0000,0.0000,2.9984,-0.2090,22.2525,0.0008,0.0500,0.0126
1774945250.3313,0.0000,0.0000,0.0000,0.0000,0.0000,3.0011,-0.2091,-8.5299,0.0551,0.0148,-0.0119
1774945250.3513,0.0000,0.0000,0.0000,0.0000,0.0000,2.9996,-0.2086,8.8990,0.0061,0.0148,-0.0045
1774945250.3717,0.0000,0.0000,0.0000,0.0000,0.0000,3.0000,-0.2079,16.9679,-0.0450,-0.0214,-0.0119
1774945250.3914,0.0000,0.0000,0.0000,0.0000,0.0000,3.0010,-0.2086,-35.5138,-0.0269,-0.0107,-0.0194
1774945250.4113,0.0000,0.0000,0.0000,0.0000,0.0000,2.9996,-0.2100,50.0507,-0.0056,0.0319,-0.0024
1774945250.4314,0.0000,0.0000,0.0000,0.0000,0.0000,2.9987,-0.2107,-3.1240,0.0327,0.0052,0.0094
1774945250.4513,0.0000,0.0000,0.0000,0.0000,0.0000,2.9976,-0.2110,7.4010,-0.0035,-0.0150,0.0094
1774945250.4713,0.0000,0.0000,0.0000,0.0000,0.0000,2.9987,-0.2111,-21.8421,0.0221,-0.0193,-0.0087
1774945250.4913,0.0000,0.0000,0.0000,0.0000,0.0000,2.9992,-0.2130,-56.5206,0.0221,-0.0214,0.0200
1774945250.5113,0.0000,0.0000,0.0000,0.0000,0.0000,2.9988,-0.2134,-41.6391,-0.0280,-0.0129,-0.0269
1774945250.5313,0.0000,0.0000,0.0000,0.0000,0.0000,2.9994,-0.2148,20.9249,-0.0525,0.0084,-0.0471
1774945250.5516,0.0000,0.0000,0.0000,0.0000,0.0000,3.0000,-0.2149,44.1429,0.0104,-0.0161,-0.0279
1774945250.5713,0.0000,0.0000,0.0000,0.0000,0.0000,2.9991,-0.2144,-49.8002,0.0200,-0.0448,-0.0055
1774945250.5913,0.0000,0.0000,0.0000,0.0000,0.0000,2.9977,-0.2144,37.1747,0.0221,-0.0331,0.0147
1774945250.6113,0.0000,0.0000,0.0000,0.0000,0.0000,2.9962,-0.2116,15.3829,-0.0003,-0.0320,0.0115
1774945250.6313,0.0000,0.0000,0.0000,0.0000,0.0000,2.9980,-0.2098,55.9446,-0.0280,-0.0651,-0.0226
1774945250.6514,0.0000,0.0000,0.0000,0.0000,0.0000,2.9998,-0.2067,2.9439,-0.0131,-0.0352,-0.1195
1774945250.6713,0.0000,0.0000,0.0000,0.0000,0.0000,3.0037,-0.2035,0.0000,0.0977,-0.0086,-0.2420
1774945250.6915,0.0000,0.0000,0.0000,0.0000,0.0000,3.0035,-0.1995,0.0000,0.0700,-0.0043,-0.2665
1774945250.7114,0.0000,0.0000,0.0000,0.0000,0.0000,3.0009,-0.1982,-3.2959,0.0860,0.0649,-0.1898
1774945250.7314,0.0000,0.0000,0.0000,0.0000,0.0000,3.0048,-0.1959,0.0000,0.1393,0.0415,-0.1547
1774945250.7514,0.0000,0.0000,0.0000,0.0000,0.0000,3.0071,-0.1957,0.0000,0.0860,0.0425,-0.1472
1774945250.7714,0.0000,0.0000,0.0000,0.0000,0.0000,3.0072,-0.1966,0.0000,-0.0993,0.0841,-0.1632
1774945250.7914,0.0000,0.0000,0.0000,0.0000,0.0000,3.0093,-0.1964,0.0000,-0.0184,0.0755,-0.1249
1774945250.8115,0.0000,0.0000,0.0000,0.0000,0.0000,3.0083,-0.1999,12.9729,0.0274,0.1192,-0.0769
1774945250.8314,0.0000,0.0000,0.0000,0.0000,0.0000,3.0073,-0.2039,0.0000,0.0562,0.1991,-0.0567
1774945250.8607,0.0000,0.0000,0.0000,0.0000,0.0000,3.0060,-0.2045,0.0000,-0.0322,0.1842,-0.0844
1774945250.8715,0.0000,0.0000,0.0000,0.0000,0.0000,3.0044,-0.2080,0.0000,-0.0418,0.0926,-0.1089
1774945250.8913,0.0000,0.0000,0.0000,0.0000,0.0000,3.0018,-0.2154,0.0000,-0.0919,0.1448,-0.1238
1774945250.9115,0.0000,0.0000,0.0000,0.0000,0.0000,3.0020,-0.2177,0.0000,-0.0376,0.2034,-0.1131
1774945250.9314,0.0000,0.0000,0.0000,0.0000,0.0000,3.0021,-0.2197,0.0000,-0.0248,0.0404,-0.0684
1774945250.9514,0.0000,0.0000,0.0000,0.0000,0.0000,3.0032,-0.2192,0.0000,0.0178,-0.0384,-0.1078
1774945250.9714,0.0000,0.0000,0.0000,0.0000,0.0000,3.0026,-0.2172,0.0000,0.0221,-0.0715,-0.1600
1774945250.9914,0.0000,0.0000,0.0000,0.0000,0.0000,3.0021,-0.2164,0.0000,0.0093,-0.0693,-0.1589
1774945251.0113,0.0000,0.0000,0.0000,0.0000,0.0000,3.0005,-0.2141,9.3904,0.0306,-0.0523,-0.1387
1774945251.0313,0.0000,0.0000,0.0000,0.0000,0.0000,2.9998,-0.2109,51.7597,0.0338,-0.0928,-0.1185
1774945251.0514,0.0000,0.0000,0.0000,0.0000,0.0000,2.9991,-0.2082,0.0000,-0.0280,-0.0853,-0.0929
1774945251.0714,0.0000,0.0000,0.0000,0.0000,0.0000,2.9985,-0.2061,-5.5808,-0.0248,-0.0502,-0.1131
1774945251.0914,0.0000,0.0000,0.0000,0.0000,0.0000,2.9954,-0.2030,87.1114,-0.0301,-0.0576,-0.0407
1774945251.1114,0.0000,0.0000,0.0000,0.0000,0.0000,2.9925,-0.2020,20.2504,0.0072,-0.0267,0.0115
1774945251.1313,0.0000,0.0000,0.0000,0.0000,0.0000,2.9888,-0.2021,-71.5539,-0.0354,0.0308,0.1159
1774945251.1513,0.0000,0.0000,0.0000,0.0000,0.0000,2.9841,-0.2030,25.0937,-0.0834,0.0660,0.1702
1774945251.1713,0.0000,0.0000,0.0000,0.0000,0.0000,2.9857,-0.2031,-52.0475,-0.0045,-0.0161,0.1404
1774945251.1914,0.0000,0.0000,0.0000,0.0000,0.0000,2.9888,-0.2043,-17.6790,0.0253,-0.0139,0.0594
1774945251.2114,0.0000,0.0000,0.0000,0.0000,0.0000,2.9903,-0.2062,17.0597,-0.0184,0.0479,-0.0087
1774945251.2345,0.0000,0.0000,0.0000,0.0000,0.0000,2.9908,-0.2051,-1.5704,0.0050,-0.0129,-0.0407
1774945251.2522,0.0000,0.0000,0.0000,0.0000,0.0000,2.9933,-0.2095,-30.6256,0.0690,0.0500,-0.0663
1774945251.2719,0.0000,0.0000,0.0000,0.0000,0.0000,2.9922,-0.2116,6.5615,0.0327,0.0894,-0.0375
1774945251.2915,0.0000,0.0000,0.0000,0.0000,0.0000,2.9924,-0.2138,73.4611,0.0317,0.0542,-0.0034
1774945251.3114,0.0000,0.0000,0.0000,0.0000,0.0000,2.9919,-0.2147,-21.0309,0.0157,0.0063,0.0094
1774945251.3314,0.0000,0.0000,0.0000,0.0000,0.0000,2.9941,-0.2144,58.5042,-0.0109,-0.0491,0.0339
1774945251.3529,0.0000,0.0000,0.0000,0.0000,0.0000,2.9953,-0.2158,-45.8794,-0.0045,-0.0502,0.0232
1774945251.3712,0.0000,0.0000,0.0000,0.0000,0.0000,2.9959,-0.2183,36.2328,0.0040,-0.0022,0.0264
1774945251.3913,0.0000,0.0000,0.0000,0.0000,0.0000,2.9989,-0.2170,-62.7811,0.0445,-0.0384,-0.0151
1774945251.4113,0.0000,0.0000,0.0000,0.0000,0.0000,2.9982,-0.2178,-12.8184,0.0594,-0.0832,0.0040
1774945251.4313,0.0000,0.0000,0.0000,0.0000,0.0000,2.9984,-0.2178,-61.3432,0.0647,-0.0906,-0.0269
1774945251.4561,0.0000,0.0000,0.0000,0.0000,0.0000,2.9981,-0.2160,-15.8549,0.0264,-0.1173,-0.0290
1774945251.4713,0.0000,0.0000,0.0000,0.0000,0.0000,2.9959,-0.2156,-37.9196,0.0498,-0.1024,-0.0151
1774945251.4913,0.0000,0.0000,0.0000,0.0000,0.0000,2.9967,-0.2155,9.1490,0.0338,-0.0544,0.0062
1774945251.5118,0.0000,0.0000,0.0000,0.0000,0.0000,2.9980,-0.2130,-22.8221,0.0977,-0.0928,0.0349
1774945251.5371,0.0000,0.0000,0.0000,0.0000,0.0000,2.9981,-0.2126,8.3536,0.0764,-0.0693,0.0094
1774945251.5537,0.0000,0.0000,0.0000,0.0000,0.0000,3.0019,-0.2111,21.6551,0.1073,-0.0416,0.0136
1774945251.5713,0.0000,0.0000,0.0000,0.0000,0.0000,3.0053,-0.2097,-60.1115,0.0967,-0.0438,0.0040
1774945251.5914,0.0000,0.0000,0.0000,0.0000,0.0000,3.0050,-0.2070,-85.0857,0.0636,-0.0342,-0.0013
1774945251.6122,0.0000,0.0000,0.0000,0.0000,0.0000,3.0078,-0.2068,-46.9354,0.0487,-0.0427,-0.0034
1774945251.6313,0.0000,0.0000,0.0000,0.0000,0.0000,3.0110,-0.2068,-45.4084,0.0338,-0.0171,0.0008
1774945251.6514,0.0000,0.0000,0.0000,0.0000,0.0000,3.0123,-0.2075,-15.0789,-0.0184,0.0574,0.0072
1774945251.6713,0.0000,0.0000,0.0000,0.0000,0.0000,3.0157,-0.2076,4.9943,-0.0322,0.0351,-0.0077
1774945251.6914,0.0000,0.0000,0.0000,0.0000,0.0000,3.0147,-0.2100,21.9848,-0.0152,0.0244,0.0019
1774945251.7112,0.0000,0.0000,0.0000,0.0000,0.0000,3.0154,-0.2115,58.1137,-0.0067,0.0191,0.0030
1774945251.7312,0.0000,0.0000,0.0000,0.0000,0.0000,3.0164,-0.2138,-17.6883,-0.0035,0.0170,-0.0087
1774945251.7513,0.0000,0.0000,0.0000,0.0000,0.0000,3.0139,-0.2143,-16.9742,0.0008,-0.0225,-0.0013
1774945251.7714,0.0000,0.0000,0.0000,0.0000,0.0000,3.0126,-0.2145,49.9025,-0.0237,-0.0533,0.0083
1774945251.7915,0.0000,0.0000,0.0000,0.0000,0.0000,3.0117,-0.2156,14.1214,-0.0067,0.0042,-0.0119
1774945251.8114,0.0000,0.0000,0.0000,0.0000,0.0000,3.0118,-0.2140,29.8534,0.0125,-0.0299,-0.0205
1774945251.8314,0.0000,0.0000,0.0000,0.0000,0.0000,3.0125,-0.2143,-27.7811,-0.0035,-0.0352,-0.0066
1774945251.8514,0.0000,0.0000,0.0000,0.0000,0.0000,3.0123,-0.2144,-34.8480,-0.0344,-0.0075,-0.0141
1774945251.8715,0.0000,0.0000,0.0000,0.0000,0.0000,3.0107,-0.2124,-13.2956,0.0104,-0.0459,0.0083
1774945251.8913,0.0000,0.0000,0.0000,0.0000,0.0000,3.0116,-0.2099,-42.7439,0.0285,-0.0555,0.0062
1774945251.9113,0.0000,0.0000,0.0000,0.0000,0.0000,3.0115,-0.2101,-16.1893,0.0082,0.0692,-0.0151
1774945251.9314,0.0000,0.0000,0.0000,0.0000,0.0000,3.0094,-0.2089,41.0347,-0.0163,0.0542,-0.0034
1774945251.9524,0.0000,0.0000,0.0000,0.0000,0.0000,3.0098,-0.2070,-26.4273,0.0082,-0.0267,-0.0141
1774945251.9715,0.0000,0.0000,0.0000,0.0000,0.0000,3.0110,-0.2058,-9.7133,0.0061,0.0191,-0.0173
1774945251.9915,0.0000,0.0000,0.0000,0.0000,0.0000,3.0114,-0.2044,-42.8182,0.0466,-0.0139,-0.0151
1774945252.0115,0.0000,0.0000,0.0000,0.0000,0.0000,3.0114,-0.2039,11.0762,0.0732,-0.0363,0.0062
1774945252.0314,0.0000,0.0000,0.0000,0.0000,0.0000,3.0115,-0.2001,60.2454,0.0317,-0.0043,0.0083
1774945252.0513,0.0000,0.0000,0.0000,0.0000,0.0000,3.0107,-0.1964,123.2530,0.0125,-0.0502,0.0030
1774945252.0712,0.0000,0.0000,0.0000,0.0000,0.0000,3.0128,-0.1949,29.1090,0.0061,-0.0331,-0.0055
1774945252.0913,0.0000,0.0000,0.0000,0.0000,0.0000,3.0137,-0.1940,-35.6378,-0.0184,-0.0054,-0.0034
1774945252.1114,0.0000,0.0000,0.0000,0.0000,0.0000,3.0147,-0.1934,-40.7925,-0.0227,0.0606,-0.0002
1774945252.1314,0.0000,0.0000,0.0000,0.0000,0.0000,3.0153,-0.1941,52.0602,0.0146,0.0649,-0.0290
1774945252.1513,0.0000,0.0000,0.0000,0.0000,0.0000,3.0136,-0.1951,26.6491,-0.0397,0.1075,0.0051
1774945252.1713,0.0000,0.0000,0.0000,0.0000,0.0000,3.0151,-0.2004,14.6698,-0.0195,0.1661,-0.0215
1774945252.1913,0.0000,0.0000,0.0000,0.0000,0.0000,3.0138,-0.2039,-34.7500,0.0008,0.0894,-0.0141
1774945252.2113,0.0000,0.0000,0.0000,0.0000,0.0000,3.0146,-0.2058,13.0165,0.0423,0.0116,-0.0205
1774945252.2318,0.0000,0.0000,0.0000,0.0000,0.0000,3.0136,-0.2046,24.3893,0.1734,-0.0960,-0.0183
1774945252.2513,0.0000,0.0000,0.0000,0.0000,0.0000,3.0142,-0.2024,18.7422,0.2288,-0.1737,0.0232
1774945252.2718,0.0000,0.0000,0.0000,0.0000,0.0000,3.0149,-0.2007,74.8833,0.2405,-0.1439,0.0264
1774945252.2914,0.0000,0.0000,0.0000,0.0000,0.0000,3.0171,-0.1969,17.9150,0.2852,-0.2355,0.0371
1774945252.3114,0.0000,0.0000,0.0000,0.0000,0.0000,3.0206,-0.1939,-64.7250,0.3001,-0.2366,0.0392
1774945252.3313,0.0000,0.0000,0.0000,0.0000,0.0000,3.0235,-0.1917,-22.2715,0.3118,-0.2483,0.0467
1774945252.3514,0.0000,0.0000,0.0000,0.0000,0.0000,3.0320,-0.1881,40.9976,0.4216,-0.1886,0.0616
1774945252.3714,0.0000,0.0000,0.0000,0.0000,0.0000,3.0396,-0.1845,45.1799,0.4567,-0.1961,0.0914
1774945252.3913,0.0000,0.0000,0.0000,0.0000,0.0000,3.0459,-0.1815,-42.6135,0.4578,-0.1620,0.1287
1774945252.4114,0.0000,0.0000,0.0000,0.0000,0.0000,3.0541,-0.1812,-0.8177,0.4439,-0.1364,0.1479
1774945252.4313,0.0000,0.0000,0.0000,0.0000,0.0000,3.0636,-0.1800,34.8186,0.4759,-0.0757,0.1766
1774945252.4513,0.0000,0.0000,0.0000,0.0000,0.0000,3.0738,-0.1768,20.2214,0.4642,-0.0949,0.2000
1774945252.4713,0.0000,0.0000,0.0000,0.0000,0.0000,3.0863,-0.1750,-47.4343,0.4791,-0.0992,0.1937
1774945252.4913,0.0000,0.0000,0.0000,0.0000,0.0000,3.0965,-0.1731,27.8988,0.4748,-0.0864,0.1990
1774945252.5113,0.0000,0.0000,0.0000,0.0000,0.0000,3.1087,-0.1688,-14.1943,0.4780,-0.1716,0.1979
1774945252.5313,0.0000,0.0000,0.0000,0.0000,0.0000,3.1203,-0.1661,-33.7770,0.5174,-0.1737,0.1947
1774945252.5513,0.0000,0.0000,0.0000,0.0000,0.0000,3.1313,-0.1626,87.6420,0.5355,-0.1524,0.2011
1774945252.5713,0.0000,0.0000,0.0000,0.0000,0.0000,3.1412,-0.1564,-63.9431,0.5121,-0.1801,0.2267
1774945252.5913,0.0000,0.0000,0.0000,0.0000,0.0000,-3.1345,-0.1466,-156.8794,0.2564,-0.3729,0.2981
1774945252.6113,0.0000,0.0000,0.0000,0.0000,0.0000,-3.1370,-0.1444,63.5414,-0.2911,0.0574,0.2682
1774945252.6312,0.0000,0.0000,0.0000,0.0000,0.0000,-3.1371,-0.1482,39.4494,-0.1324,0.3429,0.1063
1774945252.6514,0.0000,0.0000,0.0000,0.0000,0.0000,-3.1336,-0.1510,-149.7154,0.1148,0.1373,0.0552
1774945252.6713,0.0000,0.0000,0.0000,0.0000,0.0000,-3.1331,-0.1506,28.6563,-0.0045,0.0415,-0.0119
1774945252.6915,0.0000,0.0000,0.0000,0.0000,0.0000,-3.1375,-0.1466,38.3503,-0.2954,-0.0864,-0.0119
1774945252.7113,0.0000,0.0000,0.0000,0.0000,0.0000,-3.1391,-0.1455,-6.3329,-0.1782,-0.0406,-0.0940
1774945252.7324,0.0000,0.0000,0.0000,0.0000,0.0000,-3.1362,-0.1462,-29.9875,-0.0280,0.1160,-0.1078
1774945252.7513,0.0000,0.0000,0.0000,0.0000,0.0000,-3.1367,-0.1489,53.7669,-0.1345,0.1533,-0.0918
1774945252.7713,0.0000,0.0000,0.0000,0.0000,0.0000,3.1409,-0.1513,-94.7835,-0.1750,0.1096,-0.0993
1774945252.7913,0.0000,0.0000,0.0000,0.0000,0.0000,3.1356,-0.1544,15.2373,-0.3124,0.2140,-0.1504
1774945252.8112,0.0000,0.0000,0.0000,0.0000,0.0000,3.1283,-0.1575,58.5452,-0.2804,0.1427,-0.1014
1774945252.8324,0.0000,0.0000,0.0000,0.0000,0.0000,3.1207,-0.1611,37.2785,-0.3614,0.1395,-0.1249
1774945252.8513,0.0000,0.0000,0.0000,0.0000,0.0000,3.1138,-0.1625,-46.0919,-0.3476,0.1245,-0.1270
1774945252.8713,0.0000,0.0000,0.0000,0.0000,0.0000,3.1066,-0.1661,-7.8868,-0.4232,0.1373,-0.1504
1774945252.8915,0.0000,0.0000,0.0000,0.0000,0.0000,3.1019,-0.1697,-6.0871,-0.3614,0.0638,-0.1504
1774945252.9115,0.0000,0.0000,0.0000,0.0000,0.0000,3.0971,-0.1729,-36.8010,-0.2719,0.0425,-0.0812
1774945252.9315,0.0000,0.0000,0.0000,0.0000,0.0000,3.0911,-0.1782,87.5249,-0.2165,0.0425,-0.0450
1774945252.9515,0.0000,0.0000,0.0000,0.0000,0.0000,3.0840,-0.1809,-7.1695,-0.2016,-0.0203,-0.0109
1774945252.9715,0.0000,0.0000,0.0000,0.0000,0.0000,3.0782,-0.1834,-23.0874,-0.1824,0.0020,-0.0396
1774945252.9915,0.0000,0.0000,0.0000,0.0000,0.0000,3.0738,-0.1855,62.3966,-0.1601,-0.0448,-0.0482
1774945253.0114,0.0000,0.0000,0.0000,0.0000,0.0000,3.0695,-0.1877,-60.2422,-0.1302,-0.0640,-0.0609
1774945253.0313,0.0000,0.0000,0.0000,0.0000,0.0000,3.0678,-0.1900,-15.5204,-0.0472,-0.0384,-0.0897
1774945253.0513,0.0000,0.0000,0.0000,0.0000,0.0000,3.0666,-0.1920,55.6382,0.0072,-0.0320,-0.0822
1774945253.0714,0.0000,0.0000,0.0000,0.0000,0.0000,3.0641,-0.1907,103.6859,0.0530,-0.1300,-0.0524
1774945253.0915,0.0000,0.0000,0.0000,0.0000,0.0000,3.0635,-0.1902,-42.1942,0.1414,-0.1343,-0.0013
1774945253.1113,0.0000,0.0000,0.0000,0.0000,0.0000,3.0631,-0.1884,-29.8425,0.2256,-0.0864,0.0243
1774945253.1315,0.0000,0.0000,0.0000,0.0000,0.0000,3.0672,-0.1870,57.9469,0.2458,-0.0970,0.0509
1774945253.1514,0.0000,0.0000,0.0000,0.0000,0.0000,3.0709,-0.1827,39.8343,0.2746,-0.1940,0.0743
1774945253.1714,0.0000,0.0000,0.0000,0.0000,0.0000,3.0736,-0.1801,-38.6501,0.2564,-0.1300,0.0786
1774945253.1915,0.0000,0.0000,0.0000,0.0000,0.0000,3.0775,-0.1783,39.2508,0.2575,-0.1322,0.0871
1774945253.2113,0.0000,0.0000,0.0000,0.0000,0.0000,3.0822,-0.1759,-6.9055,0.2181,-0.0949,0.0850
1774945253.2313,0.0000,0.0000,0.0000,0.0000,0.0000,3.0881,-0.1769,0.0000,0.2724,-0.0097,0.0999
1774945253.2512,0.0000,0.0000,0.0000,0.0000,0.0000,3.0962,-0.1805,0.0000,0.3960,0.0127,0.0839
1774945253.2714,0.0000,0.0000,0.0000,0.0000,0.0000,3.1067,-0.1794,0.0000,0.4194,0.0148,0.0946
1774945253.2914,0.0000,0.0000,0.0000,0.0000,0.0000,3.1089,-0.1829,0.0000,0.2149,0.2108,0.1138
1774945253.3114,0.0000,0.0000,0.0000,0.0000,0.0000,3.1139,-0.1925,0.0000,0.2021,0.3919,0.1138
1774945253.3313,0.0000,0.0000,0.0000,0.0000,0.0000,3.1191,-0.1996,0.0000,0.2948,0.5315,0.1500
1774945253.3513,0.0000,0.0000,0.0000,0.0000,0.0000,3.1261,-0.2077,0.0000,0.3108,0.5048,0.1915
1774945253.3715,0.0000,0.0000,0.0000,0.0000,0.0000,3.1366,-0.2155,0.0000,0.3065,0.4942,0.2736
1774945253.3917,0.0000,0.0000,0.0000,0.0000,0.0000,-3.1369,-0.2227,0.0000,0.4205,0.4942,0.3098
1774945253.4113,0.0000,0.0000,0.0000,0.0000,0.0000,-3.1279,-0.2281,0.0000,0.5526,0.4015,0.3513
1774945253.4313,0.0000,0.0000,0.0000,0.0000,0.0000,-3.1169,-0.2327,0.0000,0.5451,0.4175,0.3289
1774945253.4523,0.0000,0.0000,0.0000,0.0000,0.0000,-3.1085,-0.2394,0.0000,0.5238,0.3451,0.2522
1774945253.4715,0.0000,0.0000,0.0000,0.0000,0.0000,-3.0985,-0.2453,-22.0394,0.4684,0.1906,0.2011
1774945253.4914,0.0000,0.0000,0.0000,0.0000,0.0000,-3.0864,-0.2486,0.0000,0.5451,0.2247,0.1841
1774945253.5115,0.0000,0.0000,0.0000,0.0000,0.0000,-3.0700,-0.2511,0.0000,0.6101,0.0617,0.1415
1774945253.5313,0.0000,0.0000,0.0000,0.0000,0.0000,-3.0573,-0.2483,0.0000,0.5142,-0.3048,-0.2410
1774945253.5513,0.0000,0.0000,0.0000,0.0000,0.0000,-3.0545,-0.2391,0.0000,0.1212,-0.6350,-0.1131
1774945253.5714,0.0000,0.0000,0.0000,0.0000,0.0000,-3.0507,-0.2232,0.0000,-0.0035,-0.6531,-0.0609
1774945253.5947,0.0000,0.0000,0.0000,0.0000,0.0000,-3.0476,-0.2103,-36.1797,0.0945,-0.8853,-0.1078
1774945253.6115,0.0000,0.0000,0.0000,0.0000,0.0000,-3.0460,-0.1908,73.8048,-0.1441,-0.7969,-0.1834
1774945253.6314,0.0000,0.0000,0.0000,0.0000,0.0000,-3.0444,-0.1803,107.0850,0.0754,-0.4912,-0.2016
1774945253.6513,0.0000,0.0000,0.0000,0.0000,0.0000,-3.0445,-0.1776,-31.2884,-0.0184,-0.2025,-0.1909
1774945253.6714,0.0000,0.0000,0.0000,0.0000,0.0000,-3.0473,-0.1775,7.0487,-0.1611,0.0340,-0.1675
1774945253.6914,0.0000,0.0000,0.0000,0.0000,0.0000,-3.0544,-0.1802,48.6120,-0.3582,0.1970,-0.1291
1774945253.7114,0.0000,0.0000,0.0000,0.0000,0.0000,-3.0625,-0.1875,-34.8792,-0.3880,0.3014,-0.0854
1774945253.7312,0.0000,0.0000,0.0000,0.0000,0.0000,-3.0666,-0.1970,-88.5699,-0.2144,0.4953,0.0221
1774945253.7514,0.0000,0.0000,0.0000,0.0000,0.0000,-3.0692,-0.2086,-73.7294,-0.0823,0.4441,0.0509
1774945253.7714,0.0000,0.0000,0.0000,0.0000,0.0000,-3.0764,-0.2182,-200.0629,-0.2943,0.3898,0.0498
1774945253.7915,0.0000,0.0000,0.0000,0.0000,0.0000,-3.0869,-0.2288,-127.3618,-0.4338,0.4569,0.0104
1774945253.8113,0.0000,0.0000,0.0000,0.0000,0.0000,-3.0910,-0.2380,77.6175,-0.3124,0.4058,-0.0119
1774945253.8313,0.0000,0.0000,0.0000,0.0000,0.0000,-3.0927,-0.2444,82.4943,-0.1334,0.2108,-0.0780
1774945253.8513,0.0000,0.0000,0.0000,0.0000,0.0000,-3.0961,-0.2473,-40.4449,-0.0770,0.1341,-0.1142
1774945253.8713,0.0000,0.0000,0.0000,0.0000,0.0000,-3.1020,-0.2479,82.0115,-0.1888,0.0702,-0.0940
1774945253.8915,0.0000,0.0000,0.0000,0.0000,0.0000,-3.1067,-0.2464,11.3803,-0.1079,-0.0640,-0.0759
1774945253.9113,0.0000,0.0000,0.0000,0.0000,0.0000,-3.1086,-0.2442,-52.5041,-0.0258,-0.0587,-0.0396
1774945253.9314,0.0000,0.0000,0.0000,0.0000,0.0000,-3.1111,-0.2412,-35.0594,-0.0077,-0.0960,0.0051
1774945253.9520,0.0000,0.0000,0.0000,0.0000,0.0000,-3.1123,-0.2337,6.3543,-0.0237,-0.1652,0.0285
1774945253.9714,0.0000,0.0000,0.0000,0.0000,0.0000,-3.1112,-0.2262,-66.2631,0.0040,-0.2259,0.0168
1774945253.9914,0.0000,0.0000,0.0000,0.0000,0.0000,-3.1075,-0.2197,-26.8054,0.0849,-0.2089,0.0083
1774945254.0114,0.0000,0.0000,0.0000,0.0000,0.0000,-3.1052,-0.2140,68.0669,0.0743,-0.2217,-0.0119
1774945254.0314,0.0000,0.0000,0.0000,0.0000,0.0000,-3.1061,-0.2094,-25.3238,0.0881,-0.1130,-0.0332
1774945254.0513,0.0000,0.0000,0.0000,0.0000,0.0000,-3.1065,-0.2057,70.9138,0.0807,-0.0981,-0.0237
1774945254.0745,0.0000,0.0000,0.0000,0.0000,0.0000,-3.1075,-0.2053,61.8933,0.0913,-0.0065,-0.0269
1774945254.0913,0.0000,0.0000,0.0000,0.0000,0.0000,-3.1054,-0.2064,-16.6455,0.1329,0.0681,0.0030
1774945254.1112,0.0000,0.0000,0.0000,0.0000,0.0000,-3.1016,-0.2072,-2.7404,0.1052,0.0617,0.0094
1774945254.1343,0.0000,0.0000,0.0000,0.0000,0.0000,-3.1011,-0.2096,52.8170,0.0391,0.0702,0.0296
1774945254.1518,0.0000,0.0000,0.0000,0.0000,0.0000,-3.0979,-0.2120,28.6136,0.0402,0.0915,0.0285
1774945254.1716,0.0000,0.0000,0.0000,0.0000,0.0000,-3.0928,-0.2135,1.6550,0.0764,0.0809,0.0168
1774945254.1915,0.0000,0.0000,0.0000,0.0000,0.0000,-3.0925,-0.2155,7.5642,0.0178,0.0660,-0.0034
1774945254.2112,0.0000,0.0000,0.0000,0.0000,0.0000,-3.0900,-0.2175,18.4546,0.0200,0.0425,-0.0237
1774945254.2319,0.0000,0.0000,0.0000,0.0000,0.0000,-3.0885,-0.2205,-59.7433,-0.0045,0.0777,-0.0300
1774945254.2514,0.0000,0.0000,0.0000,0.0000,0.0000,-3.0878,-0.2258,0.7861,-0.0780,0.0670,-0.0226
1774945254.2715,0.0000,0.0000,0.0000,0.0000,0.0000,-3.0877,-0.2303,-56.3607,-0.0908,0.0542,-0.0119
1774945254.2922,0.0000,0.0000,0.0000,0.0000,0.0000,-3.0879,-0.2345,-12.7129,-0.0610,0.0542,-0.0045
1774945254.3114,0.0000,0.0000,0.0000,0.0000,0.0000,-3.0898,-0.2375,46.0094,-0.0557,-0.0171,0.0019
1774945254.3314,0.0000,0.0000,0.0000,0.0000,0.0000,-3.0911,-0.2396,-61.2912,-0.0376,-0.0906,0.0072
1774945254.3514,0.0000,0.0000,0.0000,0.0000,0.0000,-3.0933,-0.2394,-37.7200,-0.0376,-0.0491,-0.0194
1774945254.3713,0.0000,0.0000,0.0000,0.0000,0.0000,-3.0953,-0.2382,65.0427,-0.0738,-0.1226,-0.0237
1774945254.3914,0.0000,0.0000,0.0000,0.0000,0.0000,-3.0950,-0.2364,23.4007,-0.0642,-0.1737,-0.0279
1774945254.4114,0.0000,0.0000,0.0000,0.0000,0.0000,-3.0933,-0.2330,-20.0170,-0.0067,-0.1908,-0.0279
1774945254.4313,0.0000,0.0000,0.0000,0.0000,0.0000,-3.0948,-0.2300,-28.4941,-0.0418,-0.2355,-0.0205
1774945254.4513,0.0000,0.0000,0.0000,0.0000,0.0000,-3.0943,-0.2282,-64.1933,-0.0440,-0.1769,-0.0215
1774945254.4715,0.0000,0.0000,0.0000,0.0000,0.0000,-3.0946,-0.2256,71.5205,0.0072,-0.1535,-0.0066
1774945254.4914,0.0000,0.0000,0.0000,0.0000,0.0000,-3.0944,-0.2226,37.5706,-0.0269,-0.1545,-0.0119
1774945254.5114,0.0000,0.0000,0.0000,0.0000,0.0000,-3.0932,-0.2185,-54.3307,0.0061,-0.1535,-0.0428
1774945254.5313,0.0000,0.0000,0.0000,0.0000,0.0000,-3.0941,-0.2176,-42.5067,-0.0173,-0.0651,-0.0269
1774945254.5516,0.0000,0.0000,0.0000,0.0000,0.0000,-3.0974,-0.2176,52.5225,-0.0344,-0.0736,-0.0194
1774945254.5713,0.0000,0.0000,0.0000,0.0000,0.0000,-3.0965,-0.2162,62.1757,0.0338,0.0191,-0.0183
1774945254.5913,0.0000,0.0000,0.0000,0.0000,0.0000,-3.0951,-0.2139,131.5712,0.0253,-0.0565,-0.0205
1774945254.6113,0.0000,0.0000,0.0000,0.0000,0.0000,-3.0954,-0.2120,20.7255,-0.0322,-0.0384,-0.0098
1774945254.6314,0.0000,0.0000,0.0000,0.0000,0.0000,-3.0963,-0.2116,-47.5469,-0.0173,0.0212,-0.0130
1774945254.6513,0.0000,0.0000,0.0000,0.0000,0.0000,-3.0948,-0.2097,-69.0513,-0.0173,0.0308,-0.0130
1774945254.6714,0.0000,0.0000,0.0000,0.0000,0.0000,-3.0925,-0.2090,-89.5935,-0.0045,0.0755,-0.0322
1774945254.6913,0.0000,0.0000,0.0000,0.0000,0.0000,-3.0916,-0.2102,11.1268,0.0040,0.1491,-0.0269
1774945254.7119,0.0000,0.0000,0.0000,0.0000,0.0000,-3.0925,-0.2118,14.9248,-0.0205,0.1725,-0.0290
1774945254.7314,0.0000,0.0000,0.0000,0.0000,0.0000,-3.0930,-0.2155,-0.7530,-0.0120,0.1970,-0.0279
1774945254.7515,0.0000,0.0000,0.0000,0.0000,0.0000,-3.0942,-0.2174,42.8494,0.0040,0.1629,-0.0045
1774945254.7713,0.0000,0.0000,0.0000,0.0000,0.0000,-3.0959,-0.2166,88.2971,-0.0440,0.0745,-0.0109
1774945254.7913,0.0000,0.0000,0.0000,0.0000,0.0000,-3.0939,-0.2160,39.4289,-0.0354,0.0372,-0.0290
1774945254.8114,0.0000,0.0000,0.0000,0.0000,0.0000,-3.0943,-0.2180,1.4988,0.0050,0.0990,-0.0055
1774945254.8314,0.0000,0.0000,0.0000,0.0000,0.0000,-3.0965,-0.2187,34.7864,-0.0035,0.1107,-0.0194
1774945254.8513,0.0000,0.0000,0.0000,0.0000,0.0000,-3.0943,-0.2177,-0.2315,-0.0163,0.0372,-0.0290
1774945254.8714,0.0000,0.0000,0.0000,0.0000,0.0000,-3.0959,-0.2173,-20.1975,-0.0024,0.0265,-0.0183
1774945254.8916,0.0000,0.0000,0.0000,0.0000,0.0000,-3.0978,-0.2155,62.2166,-0.0780,-0.0118,-0.0130
1774945254.9113,0.0000,0.0000,0.0000,0.0000,0.0000,-3.0958,-0.2142,-32.7713,-0.0109,-0.0480,-0.0183
1774945254.9314,0.0000,0.0000,0.0000,0.0000,0.0000,-3.0962,-0.2162,-48.8076,0.0626,0.0010,0.0094
1774945254.9513,0.0000,0.0000,0.0000,0.0000,0.0000,-3.0985,-0.2139,65.4124,-0.0067,-0.0342,0.0040
1774945254.9714,0.0000,0.0000,0.0000,0.0000,0.0000,-3.0987,-0.2109,11.9856,0.0455,-0.0779,0.0030
1774945254.9914,0.0000,0.0000,0.0000,0.0000,0.0000,-3.0993,-0.2101,-40.4590,0.0658,-0.0310,0.0008
1774945255.0114,0.0000,0.0000,0.0000,0.0000,0.0000,-3.0984,-0.2109,-44.4002,0.0359,0.0180,-0.0151
1774945255.0314,0.0000,0.0000,0.0000,0.0000,0.0000,-3.0967,-0.2121,-83.2117,0.0668,0.0340,-0.0098
1774945255.0514,0.0000,0.0000,0.0000,0.0000,0.0000,-3.0964,-0.2140,-39.9356,0.0509,0.0724,-0.0002
1774945255.0713,0.0000,0.0000,0.0000,0.0000,0.0000,-3.0966,-0.2121,-56.1921,0.0317,0.0095,-0.0002
1774945255.0914,0.0000,0.0000,0.0000,0.0000,0.0000,-3.0951,-0.2113,-49.6045,0.0082,-0.0193,0.0179
1774945255.1114,0.0000,0.0000,0.0000,0.0000,0.0000,-3.0923,-0.2124,-44.6759,-0.0035,0.0159,-0.0002
1774945255.1314,0.0000,0.0000,0.0000,0.0000,0.0000,-3.0903,-0.2112,8.2210,-0.0152,-0.0022,-0.0034
1774945255.1514,0.0000,0.0000,0.0000,0.0000,0.0000,-3.0871,-0.2111,53.3756,-0.0333,0.0042,-0.0258
1774945255.1712,0.0000,0.0000,0.0000,0.0000,0.0000,-3.0852,-0.2100,-8.5131,-0.0322,0.0074,-0.0396
1774945255.1915,0.0000,0.0000,0.0000,0.0000,0.0000,-3.0871,-0.2075,40.0116,-0.0535,-0.0267,-0.0386
1774945255.2114,0.0000,0.0000,0.0000,0.0000,0.0000,-3.0873,-0.2066,-58.4700,-0.0717,-0.0129,-0.0386
1774945255.2313,0.0000,0.0000,0.0000,0.0000,0.0000,-3.0904,-0.2054,-6.8302,-0.0322,0.0116,-0.0300
1774945255.2513,0.0000,0.0000,0.0000,0.0000,0.0000,-3.0941,-0.2064,-72.6543,-0.0354,0.0510,-0.0300
1774945255.2715,0.0000,0.0000,0.0000,0.0000,0.0000,-3.0987,-0.2079,-32.8364,-0.0706,0.0766,-0.0045
1774945255.2914,0.0000,0.0000,0.0000,0.0000,0.0000,-3.0994,-0.2081,-65.4094,-0.0024,0.0361,-0.0098
1774945255.3113,0.0000,0.0000,0.0000,0.0000,0.0000,-3.1000,-0.2101,-11.2972,0.0019,0.0510,0.0179
1774945255.3312,0.0000,0.0000,0.0000,0.0000,0.0000,-3.1024,-0.2092,-0.5196,-0.0045,0.0084,0.0030
1774945255.3513,0.0000,0.0000,0.0000,0.0000,0.0000,-3.0996,-0.2091,54.1574,0.0232,0.0084,-0.0045
1774945255.3715,0.0000,0.0000,0.0000,0.0000,0.0000,-3.0974,-0.2088,54.8802,0.0306,0.0106,-0.0034
1774945255.3914,0.0000,0.0000,0.0000,0.0000,0.0000,-3.0943,-0.2081,-67.5457,-0.0077,-0.0043,-0.0098
1774945255.4114,0.0000,0.0000,0.0000,0.0000,0.0000,-3.0935,-0.2105,-26.3614,-0.0237,0.0500,-0.0332
1774945255.4313,0.0000,0.0000,0.0000,0.0000,0.0000,-3.0930,-0.2109,-41.6176,0.0019,0.0564,-0.0311
1774945255.4514,0.0000,0.0000,0.0000,0.0000,0.0000,-3.0954,-0.2110,-25.2015,0.0168,0.0074,-0.0130
1774945255.4713,0.0000,0.0000,0.0000,0.0000,0.0000,-3.0975,-0.2110,26.2772,0.0050,0.0116,0.0008
1774945255.4914,0.0000,0.0000,0.0000,0.0000,0.0000,-3.0980,-0.2100,56.6803,0.0391,-0.0416,-0.0045
1774945255.5113,0.0000,0.0000,0.0000,0.0000,0.0000,-3.0992,-0.2111,-13.6045,0.0125,0.0287,0.0051
1774945255.5313,0.0000,0.0000,0.0000,0.0000,0.0000,-3.0996,-0.2109,-57.7739,-0.0173,0.0329,-0.0130
1774945255.5522,0.0000,0.0000,0.0000,0.0000,0.0000,-3.0970,-0.2126,-63.2381,0.0093,0.0542,-0.0173
1774945255.5714,0.0000,0.0000,0.0000,0.0000,0.0000,-3.0950,-0.2137,50.1966,0.0466,0.0297,-0.0183
1774945255.5914,0.0000,0.0000,0.0000,0.0000,0.0000,-3.0943,-0.2121,31.0699,0.0264,-0.0257,-0.0055
1774945255.6115,0.0000,0.0000,0.0000,0.0000,0.0000,-3.0964,-0.2113,31.1916,-0.0077,-0.0459,0.0019
1774945255.6314,0.0000,0.0000,0.0000,0.0000,0.0000,-3.0948,-0.2122,5.4165,0.0136,-0.0065,0.0019
1774945255.6514,0.0000,0.0000,0.0000,0.0000,0.0000,-3.0924,-0.2133,-74.7822,0.0274,-0.0086,-0.0077
1774945255.6714,0.0000,0.0000,0.0000,0.0000,0.0000,-3.0911,-0.2152,0.8796,-0.0237,0.0223,-0.0215
1774945255.6914,0.0000,0.0000,0.0000,0.0000,0.0000,-3.0902,-0.2151,43.4312,-0.0365,-0.0352,-0.0279
1774945255.7113,0.0000,0.0000,0.0000,0.0000,0.0000,-3.0887,-0.2152,-75.1509,-0.0045,-0.0246,-0.0269
1774945255.7314,0.0000,0.0000,0.0000,0.0000,0.0000,-3.0907,-0.2143,-35.6413,-0.0056,0.0042,-0.0066
1774945255.7513,0.0000,0.0000,0.0000,0.0000,0.0000,-3.0932,-0.2134,-54.9613,-0.0290,-0.0320,-0.0247
1774945255.7714,0.0000,0.0000,0.0000,0.0000,0.0000,-3.0955,-0.2122,-23.5382,-0.0184,-0.0320,-0.0013
1774945255.7913,0.0000,0.0000,0.0000,0.0000,0.0000,-3.0961,-0.2097,-113.4889,0.0082,-0.0171,-0.0311
1774945255.8114,0.0000,0.0000,0.0000,0.0000,0.0000,-3.0976,-0.2072,124.9494,-0.0216,-0.0459,-0.0173
1774945255.8313,0.0000,0.0000,0.0000,0.0000,0.0000,-3.1001,-0.2060,0.0000,0.0264,-0.0171,-0.0151
1774945255.8513,0.0000,0.0000,0.0000,0.0000,0.0000,-3.0997,-0.2030,0.0000,0.0242,0.0489,-0.0311
1774945255.8712,0.0000,0.0000,0.0000,0.0000,0.0000,-3.1019,-0.2000,0.0000,-0.0099,-0.0001,-0.0141
1774945255.8913,0.0000,0.0000,0.0000,0.0000,0.0000,-3.1009,-0.1975,0.0000,-0.0770,0.0233,-0.0620
1774945255.9113,0.0000,0.0000,0.0000,0.0000,0.0000,-3.0973,-0.2002,0.0000,0.0967,0.1320,-0.1984
1774945255.9312,0.0000,0.0000,0.0000,0.0000,0.0000,-3.0985,-0.2049,0.0000,0.0583,0.1032,-0.2420
1774945255.9516,0.0000,0.0000,0.0000,0.0000,0.0000,-3.0992,-0.2107,0.0000,0.0082,0.0606,-0.2303
1774945255.9718,0.0000,0.0000,0.0000,0.0000,0.0000,-3.1017,-0.2110,0.0000,-0.0333,0.1277,-0.1760
1774945255.9916,0.0000,0.0000,0.0000,0.0000,0.0000,-3.1026,-0.2109,0.0000,0.0317,-0.0374,-0.0812
1774945256.0113,0.0000,0.0000,0.0000,0.0000,0.0000,-3.1011,-0.2122,0.0000,0.1148,0.0297,-0.0226
1774945256.0313,0.0000,0.0000,0.0000,0.0000,0.0000,-3.1027,-0.2156,0.0000,0.0477,0.0425,-0.0087
1774945256.0513,0.0000,0.0000,0.0000,0.0000,0.0000,-3.1055,-0.2163,0.0000,0.0082,-0.0086,-0.0087
1774945256.0713,0.0000,0.0000,0.0000,0.0000,0.0000,-3.1037,-0.2182,0.0000,0.0594,-0.0246,-0.0322
1774945256.0914,0.0000,0.0000,0.0000,0.0000,0.0000,-3.0988,-0.2162,0.0000,0.0935,-0.0459,-0.0503
1774945256.1113,0.0000,0.0000,0.0000,0.0000,0.0000,-3.0995,-0.2192,-119.8939,0.0274,0.0106,-0.0876
1774945256.1313,0.0000,0.0000,0.0000,0.0000,0.0000,-3.0994,-0.2212,0.0000,0.0359,0.0287,-0.1004
1774945256.1513,0.0000,0.0000,0.0000,0.0000,0.0000,-3.0977,-0.2194,0.0000,0.0168,0.0063,-0.1046
1774945256.1713,0.0000,0.0000,0.0000,0.0000,0.0000,-3.0961,-0.2161,36.7410,0.0540,-0.0715,-0.0918
1774945256.1913,0.0000,0.0000,0.0000,0.0000,0.0000,-3.0968,-0.2131,31.6025,0.0040,-0.0619,-0.1089
1774945256.2113,0.0000,0.0000,0.0000,0.0000,0.0000,-3.0974,-0.2109,99.9316,0.0349,-0.1109,-0.0631
1774945256.2313,0.0000,0.0000,0.0000,0.0000,0.0000,-3.0984,-0.2097,-28.8660,0.0232,-0.0427,-0.0183
1774945256.2513,0.0000,0.0000,0.0000,0.0000,0.0000,-3.1013,-0.2078,52.4955,-0.0163,0.0020,0.0903
1774945256.2713,0.0000,0.0000,0.0000,0.0000,0.0000,-3.1037,-0.2076,-1.8455,-0.1249,0.0202,0.1915
1774945256.2913,0.0000,0.0000,0.0000,0.0000,0.0000,-3.1012,-0.2067,-45.5812,-0.0258,0.0329,0.1681
1774945256.3113,0.0000,0.0000,0.0000,0.0000,0.0000,-3.0991,-0.2086,0.0000,-0.0035,0.0670,0.1020
1774945256.3313,0.0000,0.0000,0.0000,0.0000,0.0000,-3.0976,-0.2081,42.7567,-0.0610,0.0138,-0.0045
1774945256.3513,0.0000,0.0000,0.0000,0.0000,0.0000,-3.0963,-0.2103,-55.8307,-0.0482,0.0244,-0.0833
1774945256.3715,0.0000,0.0000,0.0000,0.0000,0.0000,-3.0956,-0.2139,15.4400,-0.0280,0.0702,-0.1259
1774945256.3916,0.0000,0.0000,0.0000,0.0000,0.0000,-3.0990,-0.2156,32.9463,-0.0706,-0.0182,-0.0886
1774945256.4113,0.0000,0.0000,0.0000,0.0000,0.0000,-3.1004,-0.2168,-62.5268,-0.0344,-0.0214,-0.0418
1774945256.4314,0.0000,0.0000,0.0000,0.0000,0.0000,-3.1027,-0.2186,-42.3430,0.0178,0.0084,0.0126
1774945256.4512,0.0000,0.0000,0.0000,0.0000,0.0000,-3.1041,-0.2176,-31.1015,0.0349,-0.0331,0.0339
1774945256.4721,0.0000,0.0000,0.0000,0.0000,0.0000,-3.1046,-0.2178,-10.9279,-0.0290,-0.0693,0.0435
1774945256.4914,0.0000,0.0000,0.0000,0.0000,0.0000,-3.1033,-0.2201,-24.0288,-0.0589,0.0297,0.0190
1774945256.5124,0.0000,0.0000,0.0000,0.0000,0.0000,-3.1023,-0.2237,-8.4368,0.0093,0.0265,0.0136
1774945256.5313,0.0000,0.0000,0.0000,0.0000,0.0000,-3.1009,-0.2276,-6.2303,0.0455,-0.0033,0.0147
1774945256.5513,0.0000,0.0000,0.0000,0.0000,0.0000,-3.1011,-0.2309,-89.4331,0.0274,-0.0129,-0.0269
1774945256.5713,0.0000,0.0000,0.0000,0.0000,0.0000,-3.1007,-0.2325,92.9705,-0.0152,-0.0789,-0.0279
1774945256.5913,0.0000,0.0000,0.0000,0.0000,0.0000,-3.1003,-0.2331,-89.4517,0.0466,-0.2025,-0.0322
1774945256.6114,0.0000,0.0000,0.0000,0.0000,0.0000,-3.1009,-0.2332,-26.9953,0.0423,-0.1577,0.0040
1774945256.6313,0.0000,0.0000,0.0000,0.0000,0.0000,-3.1014,-0.2329,75.9777,0.0168,-0.1759,0.0030
1774945256.6514,0.0000,0.0000,0.0000,0.0000,0.0000,-3.0996,-0.2314,-5.6152,-0.0077,-0.2057,-0.0002
1774945256.6713,0.0000,0.0000,0.0000,0.0000,0.0000,-3.0991,-0.2304,-48.4233,-0.0461,-0.1897,-0.0045
1774945256.6915,0.0000,0.0000,0.0000,0.0000,0.0000,-3.0978,-0.2286,-28.4475,-0.0045,-0.1759,-0.0119
1774945256.7113,0.0000,0.0000,0.0000,0.0000,0.0000,-3.0964,-0.2271,-68.0478,0.0679,-0.2249,0.0008
1774945256.7313,0.0000,0.0000,0.0000,0.0000,0.0000,-3.0978,-0.2259,-29.5211,-0.0365,-0.1354,-0.0109
1774945256.7513,0.0000,0.0000,0.0000,0.0000,0.0000,-3.0986,-0.2265,46.1416,-0.0461,-0.1141,-0.0183
1774945256.7714,0.0000,0.0000,0.0000,0.0000,0.0000,-3.1006,-0.2263,84.0197,-0.0344,-0.1226,-0.0024
1774945256.7913,0.0000,0.0000,0.0000,0.0000,0.0000,-3.0997,-0.2274,50.7272,-0.0216,-0.1173,-0.0034
1774945256.8114,0.0000,0.0000,0.0000,0.0000,0.0000,-3.0995,-0.2259,-61.1703,-0.0045,-0.1183,-0.0226
1774945256.8314,0.0000,0.0000,0.0000,0.0000,0.0000,-3.1008,-0.2269,-17.5787,-0.0610,-0.1109,-0.0332
1774945256.8513,0.0000,0.0000,0.0000,0.0000,0.0000,-3.1008,-0.2244,58.1636,-0.0621,-0.0725,-0.0386
1774945256.8713,0.0000,0.0000,0.0000,0.0000,0.0000,-3.1025,-0.2235,78.0023,-0.0621,-0.0012,-0.0524
1774945256.8915,0.0000,0.0000,0.0000,0.0000,0.0000,-3.1028,-0.2210,117.0804,-0.0525,-0.0075,-0.0386
1774945256.9113,0.0000,0.0000,0.0000,0.0000,0.0000,-3.1046,-0.2201,15.9884,-0.0546,-0.0043,-0.0269
1774945256.9313,0.0000,0.0000,0.0000,0.0000,0.0000,-3.1068,-0.2196,12.7518,-0.0184,-0.0097,0.0019
1774945256.9514,0.0000,0.0000,0.0000,0.0000,0.0000,-3.1086,-0.2185,-31.8833,0.0232,-0.0406,0.0083
1774945256.9714,0.0000,0.0000,0.0000,0.0000,0.0000,-3.1100,-0.2175,-124.3403,-0.0301,-0.0395,-0.0045
1774945256.9916,0.0000,0.0000,0.0000,0.0000,0.0000,-3.1094,-0.2166,-38.4522,0.0253,0.0457,0.0040
1774945257.0114,0.0000,0.0000,0.0000,0.0000,0.0000,-3.1092,-0.2163,10.8360,0.0604,0.0287,-0.0034
1774945257.0318,0.0000,0.0000,0.0000,0.0000,0.0000,-3.1094,-0.2173,-61.1512,0.0679,0.0244,-0.0002
1774945257.0514,0.0000,0.0000,0.0000,0.0000,0.0000,-3.1117,-0.2188,13.8340,0.0242,0.0990,-0.0077
1774945257.0715,0.0000,0.0000,0.0000,0.0000,0.0000,-3.1139,-0.2188,56.1914,-0.0258,0.0702,-0.0034
1774945257.0913,0.0000,0.0000,0.0000,0.0000,0.0000,-3.1108,-0.2204,66.8829,0.0551,0.0692,0.0147
1774945257.1114,0.0000,0.0000,0.0000,0.0000,0.0000,-3.1075,-0.2228,55.4989,0.0967,0.0979,0.0083
1774945257.1314,0.0000,0.0000,0.0000,0.0000,0.0000,-3.1059,-0.2227,59.1776,0.0466,0.0425,0.0147
1774945257.1514,0.0000,0.0000,0.0000,0.0000,0.0000,-3.1065,-0.2242,-102.1584,-0.0258,-0.0097,0.0040
1774945257.1713,0.0000,0.0000,0.0000,0.0000,0.0000,-3.1038,-0.2245,-18.7197,-0.0163,-0.0012,-0.0141
1774945257.1914,0.0000,0.0000,0.0000,0.0000,0.0000,-3.1026,-0.2236,-9.3779,0.0114,-0.0203,-0.0098
1774945257.2116,0.0000,0.0000,0.0000,0.0000,0.0000,-3.1056,-0.2222,33.2556,-0.1334,0.0521,-0.0205
1774945257.2313,0.0000,0.0000,0.0000,0.0000,0.0000,-3.1042,-0.2214,18.8743,-0.0354,0.0841,-0.0354
1774945257.2516,0.0000,0.0000,0.0000,0.0000,0.0000,-3.1018,-0.2193,-4.1079,0.0327,0.0564,-0.0290
1774945257.2717,0.0000,0.0000,0.0000,0.0000,0.0000,-3.1004,-0.2174,2.7367,0.1041,0.0297,-0.0183
1774945257.2913,0.0000,0.0000,0.0000,0.0000,0.0000,-3.1040,-0.2168,-51.7489,-0.0397,0.0628,0.0040
1774945257.3113,0.0000,0.0000,0.0000,0.0000,0.0000,-3.1034,-0.2172,34.0034,0.0359,0.0553,0.0030
1774945257.3323,0.0000,0.0000,0.0000,0.0000,0.0000,-3.1032,-0.2147,-17.1988,0.0636,-0.0001,0.0051
1774945257.3514,0.0000,0.0000,0.0000,0.0000,0.0000,-3.1024,-0.2103,17.7627,0.0583,-0.0097,0.0435
1774945257.3713,0.0000,0.0000,0.0000,0.0000,0.0000,-3.1002,-0.2084,34.7217,0.0210,0.0532,0.0019
1774945257.3914,0.0000,0.0000,0.0000,0.0000,0.0000,-3.1000,-0.2068,-61.9090,-0.0440,0.0745,-0.0247
1774945257.4112,0.0000,0.0000,0.0000,0.0000,0.0000,-3.0991,-0.2054,-21.4939,-0.0493,0.0841,-0.0237
1774945257.4394,0.0000,0.0000,0.0000,0.0000,0.0000,-3.0976,-0.2055,-20.3264,0.0082,0.0926,-0.0503
1774945257.4514,0.0000,0.0000,0.0000,0.0000,0.0000,-3.0994,-0.2088,20.5726,-0.0269,0.1245,-0.0311
1774945257.4713,0.0000,0.0000,0.0000,0.0000,0.0000,-3.0994,-0.2089,-12.8536,-0.0301,0.0979,-0.0141
1774945257.4913,0.0000,0.0000,0.0000,0.0000,0.0000,-3.0995,-0.2122,9.4437,0.0019,0.1160,-0.0109
1774945257.5115,0.0000,0.0000,0.0000,0.0000,0.0000,-3.0987,-0.2126,39.3140,-0.0120,0.0713,-0.0098
1774945257.5312,0.0000,0.0000,0.0000,0.0000,0.0000,-3.0991,-0.2134,-2.9871,-0.0535,0.0340,-0.0237
1774945257.5514,0.0000,0.0000,0.0000,0.0000,0.0000,-3.1013,-0.2146,-58.0358,-0.0514,0.0319,-0.0290
1774945257.5713,0.0000,0.0000,0.0000,0.0000,0.0000,-3.1041,-0.2151,-40.0711,-0.0695,0.0617,-0.0205
1774945257.5981,0.0000,0.0000,0.0000,0.0000,0.0000,-3.1041,-0.2177,-27.0725,0.0082,0.0628,-0.0162
1774945257.6113,0.0000,0.0000,0.0000,0.0000,0.0000,-3.1060,-0.2214,32.6400,-0.0013,0.0510,0.0126
1774945257.6330,0.0000,0.0000,0.0000,0.0000,0.0000,-3.1077,-0.2247,-39.3777,-0.0322,0.0606,0.0296
1774945257.6513,0.0000,0.0000,0.0000,0.0000,0.0000,-3.1073,-0.2297,34.0042,0.0200,0.0255,0.0200
1774945257.6713,0.0000,0.0000,0.0000,0.0000,0.0000,-3.1066,-0.2317,28.7600,-0.0333,-0.1311,-0.0141
1774945257.6913,0.0000,0.0000,0.0000,0.0000,0.0000,-3.1058,-0.2319,-78.5533,-0.0503,-0.1854,-0.0237
1774945257.7113,0.0000,0.0000,0.0000,0.0000,0.0000,-3.1059,-0.2316,-73.0469,-0.0322,-0.1503,-0.0215
1774945257.7313,0.0000,0.0000,0.0000,0.0000,0.0000,-3.1069,-0.2326,23.3790,-0.0035,-0.0576,0.0019
1774945257.7516,0.0000,0.0000,0.0000,0.0000,0.0000,-3.1066,-0.2328,42.9819,0.0700,-0.0661,-0.0066
1774945257.7712,0.0000,0.0000,0.0000,0.0000,0.0000,-3.1083,-0.2322,31.6262,-0.0333,-0.1471,-0.0013
1774945257.7914,0.0000,0.0000,0.0000,0.0000,0.0000,-3.1085,-0.2317,11.5001,0.0306,-0.1929,0.0115
1774945257.8112,0.0000,0.0000,0.0000,0.0000,0.0000,-3.1096,-0.2291,-19.9948,0.0359,-0.1918,0.0296
1774945257.8314,0.0000,0.0000,0.0000,0.0000,0.0000,-3.1082,-0.2272,9.8848,0.0370,-0.1396,-0.0034
1774945257.8512,0.0000,0.0000,0.0000,0.0000,0.0000,-3.1101,-0.2246,57.2643,0.0274,-0.1396,0.0051
1774945257.8713,0.0000,0.0000,0.0000,0.0000,0.0000,-3.1114,-0.2230,23.4760,-0.0077,-0.1034,-0.0034
1774945257.8912,0.0000,0.0000,0.0000,0.0000,0.0000,-3.1096,-0.2187,40.3452,-0.0365,-0.1503,-0.0002
1774945257.9112,0.0000,0.0000,0.0000,0.0000,0.0000,-3.1068,-0.2179,5.1033,0.0317,-0.0619,0.0190
1774945257.9312,0.0000,0.0000,0.0000,0.0000,0.0000,-3.1046,-0.2150,96.2443,0.0146,-0.0257,-0.0332
1774945257.9512,0.0000,0.0000,0.0000,0.0000,0.0000,-3.1060,-0.2104,132.2094,-0.1111,-0.0661,-0.0279
1774945257.9712,0.0000,0.0000,0.0000,0.0000,0.0000,-3.1069,-0.2046,-43.8939,-0.0184,-0.0608,0.0040
1774945257.9913,0.0000,0.0000,0.0000,0.0000,0.0000,-3.1086,-0.1999,-91.8476,-0.0482,-0.0246,0.0200
1774945258.0121,0.0000,0.0000,0.0000,0.0000,0.0000,-3.1108,-0.1968,-52.2258,-0.0493,0.0574,0.0317
1774945258.0313,0.0000,0.0000,0.0000,0.0000,0.0000,-3.1103,-0.1981,-49.5465,0.0061,0.2087,0.0115
1774945258.0513,0.0000,0.0000,0.0000,0.0000,0.0000,-3.1109,-0.1991,17.8276,-0.0184,0.2194,-0.0162
1774945258.0713,0.0000,0.0000,0.0000,0.0000,0.0000,-3.1096,-0.2008,75.0483,-0.0503,0.2194,-0.0556
1774945258.0914,0.0000,0.0000,0.0000,0.0000,0.0000,-3.1098,-0.2013,-10.7969,-0.0791,0.1917,-0.0375
1774945258.1113,0.0000,0.0000,0.0000,0.0000,0.0000,-3.1101,-0.2040,18.1301,0.0093,0.2684,-0.0343
1774945258.1314,0.0000,0.0000,0.0000,0.0000,0.0000,-3.1116,-0.2073,-4.9043,0.0402,0.3024,-0.0098
1774945258.1513,0.0000,0.0000,0.0000,0.0000,0.0000,-3.1132,-0.2125,-31.0490,0.0168,0.3003,-0.0162
1774945258.1712,0.0000,0.0000,0.0000,0.0000,0.0000,-3.1132,-0.2159,57.8521,0.0690,0.2172,-0.0034
1774945258.1913,0.0000,0.0000,0.0000,0.0000,0.0000,-3.1132,-0.2198,22.5976,0.0519,0.1714,0.0030
1774945258.2115,0.0000,0.0000,0.0000,0.0000,0.0000,-3.1133,-0.2203,21.2996,0.0264,0.1491,0.0062
1774945258.2312,0.0000,0.0000,0.0000,0.0000,0.0000,-3.1131,-0.2232,-15.6909,0.0040,0.1086,0.0062
1774945258.2513,0.0000,0.0000,0.0000,0.0000,0.0000,-3.1112,-0.2251,4.5074,0.0189,0.0851,-0.0034
1774945258.2712,0.0000,0.0000,0.0000,0.0000,0.0000,-3.1088,-0.2242,-69.1429,0.0487,0.0020,-0.0013
1774945258.2912,0.0000,0.0000,0.0000,0.0000,0.0000,-3.1075,-0.2242,-27.3540,0.0626,-0.0310,-0.0034
1774945258.3113,0.0000,0.0000,0.0000,0.0000,0.0000,-3.1069,-0.2240,-4.4285,0.0359,-0.0033,0.0221
1774945258.3362,0.0000,0.0000,0.0000,0.0000,0.0000,-3.1062,-0.2214,-89.3049,0.0232,-0.0555,-0.0332
1774945258.3513,0.0000,0.0000,0.0000,0.0000,0.0000,-3.1029,-0.2187,8.5553,-0.0163,-0.1332,-0.1270
1774945258.3712,0.0000,0.0000,0.0000,0.0000,0.0000,-3.1001,-0.2175,10.3837,0.1169,-0.0864,-0.1909
1774945258.3914,0.0000,0.0000,0.0000,0.0000,0.0000,-3.1018,-0.2162,9.3853,0.0200,-0.1332,-0.2143
1774945258.4113,0.0000,0.0000,0.0000,0.0000,0.0000,-3.1027,-0.2102,0.0000,-0.0163,-0.1332,-0.1707
1774945258.4314,0.0000,0.0000,0.0000,0.0000,0.0000,-3.1053,-0.2088,-13.5774,0.0136,-0.1535,-0.0950
1774945258.4513,0.0000,0.0000,0.0000,0.0000,0.0000,-3.1073,-0.2041,0.0000,0.0381,-0.1034,-0.0748
1774945258.4714,0.0000,0.0000,0.0000,0.0000,0.0000,-3.1098,-0.2012,0.0000,0.0445,0.0191,-0.0407
1774945258.4918,0.0000,0.0000,0.0000,0.0000,0.0000,-3.1117,-0.2036,0.0000,-0.0173,-0.0129,-0.0588
1774945258.5113,0.0000,0.0000,0.0000,0.0000,0.0000,-3.1104,-0.2036,0.0000,-0.0461,-0.0171,-0.1004
1774945258.5315,0.0000,0.0000,0.0000,0.0000,0.0000,-3.1076,-0.2020,0.0000,0.0008,0.0084,-0.0929
1774945258.5512,0.0000,0.0000,0.0000,0.0000,0.0000,-3.1060,-0.2046,0.0000,0.0232,-0.0267,-0.0545
1774945258.5713,0.0000,0.0000,0.0000,0.0000,0.0000,-3.1059,-0.2058,0.0000,-0.0248,0.0223,-0.0716
1774945258.5913,0.0000,0.0000,0.0000,0.0000,0.0000,-3.1049,-0.2082,0.0000,-0.0141,0.1032,-0.0609
1774945258.6114,0.0000,0.0000,0.0000,0.0000,0.0000,-3.1057,-0.2109,0.0000,0.0029,-0.0182,-0.0407
1774945258.6319,0.0000,0.0000,0.0000,0.0000,0.0000,-3.1060,-0.2096,0.0000,-0.0024,-0.0480,-0.0759
1774945258.6513,0.0000,0.0000,0.0000,0.0000,0.0000,-3.1041,-0.2076,0.0000,-0.0067,0.0564,-0.1036
1774945258.6762,0.0000,0.0000,0.0000,0.0000,0.0000,-3.1045,-0.2091,0.0000,0.0317,0.0606,-0.0737
1774945258.6913,0.0000,0.0000,0.0000,0.0000,0.0000,-3.1079,-0.2111,0.0000,0.0264,0.0052,-0.0844
1774945258.7113,0.0000,0.0000,0.0000,0.0000,0.0000,-3.1070,-0.2083,0.0000,0.1233,-0.0182,-0.0620
1774945258.7313,0.0000,0.0000,0.0000,0.0000,0.0000,-3.1086,-0.2110,0.0000,0.0519,-0.0342,-0.0503
1774945258.7513,0.0000,0.0000,0.0000,0.0000,0.0000,-3.1079,-0.2158,0.0000,0.0285,0.0532,-0.0620
1774945258.7714,0.0000,0.0000,0.0000,0.0000,0.0000,-3.1070,-0.2170,101.4999,0.0210,-0.0235,-0.0663
1774945258.7913,0.0000,0.0000,0.0000,0.0000,0.0000,-3.1064,-0.2182,-60.3902,-0.0205,-0.0310,-0.0759
1774945258.8113,0.0000,0.0000,0.0000,0.0000,0.0000,-3.1043,-0.2192,12.0592,0.0029,-0.0320,-0.1004
1774945258.8312,0.0000,0.0000,0.0000,0.0000,0.0000,-3.1036,-0.2189,0.0000,0.0200,-0.0352,-0.0940
1774945258.8513,0.0000,0.0000,0.0000,0.0000,0.0000,-3.1047,-0.2195,0.0000,0.0317,-0.0086,-0.0982
1774945258.8713,0.0000,0.0000,0.0000,0.0000,0.0000,-3.1054,-0.2184,-129.6151,-0.0131,-0.0001,-0.1217
1774945258.8913,0.0000,0.0000,0.0000,0.0000,0.0000,-3.1053,-0.2191,24.8898,0.0019,0.0159,-0.1249
1774945258.9115,0.0000,0.0000,0.0000,0.0000,0.0000,-3.1045,-0.2178,-50.9417,0.0636,-0.0182,-0.1185
1774945258.9313,0.0000,0.0000,0.0000,0.0000,0.0000,-3.1059,-0.2173,78.6465,0.0338,-0.0171,-0.1174
1774945258.9515,0.0000,0.0000,0.0000,0.0000,0.0000,-3.1061,-0.2172,12.7809,0.0019,0.0233,-0.1472
1774945258.9714,0.0000,0.0000,0.0000,0.0000,0.0000,-3.1074,-0.2150,-43.6702,-0.0312,-0.0896,-0.1249
1774945258.9912,0.0000,0.0000,0.0000,0.0000,0.0000,-3.1087,-0.2130,-58.3298,-0.0109,-0.0299,-0.1334
1774945259.0113,0.0000,0.0000,0.0000,0.0000,0.0000,-3.1086,-0.2126,24.7850,-0.0397,-0.0331,-0.1376
1774945259.0313,0.0000,0.0000,0.0000,0.0000,0.0000,-3.1098,-0.2093,21.2996,0.0359,-0.1066,-0.1206
1774945259.0513,0.0000,0.0000,0.0000,0.0000,0.0000,-3.1101,-0.2085,40.2411,0.0189,-0.0257,-0.1259
1774945259.0713,0.0000,0.0000,0.0000,0.0000,0.0000,-3.1119,-0.2094,-37.9597,0.0050,0.0883,-0.0854
1774945259.0913,0.0000,0.0000,0.0000,0.0000,0.0000,-3.1117,-0.2109,-28.4444,0.0594,-0.0065,-0.0162
1774945259.1114,0.0000,0.0000,0.0000,0.0000,0.0000,-3.1144,-0.2127,54.3826,-0.0450,-0.0022,0.1276
1774945259.1313,0.0000,0.0000,0.0000,0.0000,0.0000,-3.1155,-0.2171,-16.8575,-0.0759,0.0777,0.2320
1774945259.1513,0.0000,0.0000,0.0000,0.0000,0.0000,-3.1137,-0.2217,1.7119,-0.0141,0.0447,0.2043
1774945259.1712,0.0000,0.0000,0.0000,0.0000,0.0000,-3.1123,-0.2249,-97.9417,-0.0535,-0.0065,0.1212
1774945259.1913,0.0000,0.0000,0.0000,0.0000,0.0000,-3.1116,-0.2262,-142.9843,-0.0610,-0.0214,0.0285
1774945259.2113,0.0000,0.0000,0.0000,0.0000,0.0000,-3.1111,-0.2278,3.5975,0.0391,-0.0288,-0.0322
1774945259.2313,0.0000,0.0000,0.0000,0.0000,0.0000,-3.1106,-0.2287,103.0876,-0.0120,-0.0683,-0.0588
1774945259.2512,0.0000,0.0000,0.0000,0.0000,0.0000,-3.1106,-0.2308,138.0916,0.0146,-0.0310,-0.0791
1774945259.2714,0.0000,0.0000,0.0000,0.0000,0.0000,-3.1130,-0.2316,156.1261,-0.0248,-0.0981,-0.0450
1774945259.2914,0.0000,0.0000,0.0000,0.0000,0.0000,-3.1126,-0.2323,92.4747,0.0114,-0.1514,0.0083
1774945259.3112,0.0000,0.0000,0.0000,0.0000,0.0000,-3.1125,-0.2317,25.9081,0.0327,-0.1599,0.0381
1774945259.3313,0.0000,0.0000,0.0000,0.0000,0.0000,-3.1151,-0.2304,47.1082,-0.0365,-0.1279,0.0626
1774945259.3516,0.0000,0.0000,0.0000,0.0000,0.0000,-3.1132,-0.2292,3.9218,-0.0258,-0.1332,0.0296
1774945259.3713,0.0000,0.0000,0.0000,0.0000,0.0000,-3.1119,-0.2278,-69.3736,-0.0269,-0.1194,-0.0034
1774945259.3912,0.0000,0.0000,0.0000,0.0000,0.0000,-3.1087,-0.2248,4.8039,-0.0408,-0.1620,-0.0354
1774945259.4113,0.0000,0.0000,0.0000,0.0000,0.0000,-3.1079,-0.2184,-69.7409,-0.0045,-0.2387,-0.0695
1774945259.4313,0.0000,0.0000,0.0000,0.0000,0.0000,-3.1106,-0.2137,20.2048,-0.0141,-0.1865,-0.0396
1774945259.4513,0.0000,0.0000,0.0000,0.0000,0.0000,-3.1118,-0.2102,-39.8787,0.0242,-0.1130,-0.0300
1774945259.4748,0.0000,0.0000,0.0000,0.0000,0.0000,-3.1124,-0.2107,43.1488,-0.0024,-0.0320,-0.0087
1774945259.4914,0.0000,0.0000,0.0000,0.0000,0.0000,-3.1160,-0.2095,10.8537,0.0285,-0.0480,0.0296
1774945259.5112,0.0000,0.0000,0.0000,0.0000,0.0000,-3.1185,-0.2095,34.0190,0.0114,0.0255,0.0328
1774945259.5334,0.0000,0.0000,0.0000,0.0000,0.0000,-3.1206,-0.2089,-2.9755,-0.0535,0.0766,-0.0002
1774945259.5512,0.0000,0.0000,0.0000,0.0000,0.0000,-3.1196,-0.2062,-16.6297,-0.0493,0.0106,-0.0024
1774945259.5715,0.0000,0.0000,0.0000,0.0000,0.0000,-3.1175,-0.2067,-107.3548,0.0189,0.0830,-0.0098
1774945259.5914,0.0000,0.0000,0.0000,0.0000,0.0000,-3.1140,-0.2054,-9.9068,0.0583,0.0841,-0.0300
1774945259.6113,0.0000,0.0000,0.0000,0.0000,0.0000,-3.1124,-0.2082,3.1877,0.0423,0.1693,-0.0343
1774945259.6312,0.0000,0.0000,0.0000,0.0000,0.0000,-3.1150,-0.2102,49.6022,0.0029,0.1512,-0.0077
1774945259.6513,0.0000,0.0000,0.0000,0.0000,0.0000,-3.1151,-0.2127,18.3509,0.0114,0.1480,0.0136
1774945259.6712,0.0000,0.0000,0.0000,0.0000,0.0000,-3.1141,-0.2157,-1.8517,0.0690,0.1661,0.0339
1774945259.6914,0.0000,0.0000,0.0000,0.0000,0.0000,-3.1139,-0.2185,-22.5209,0.0125,0.1746,0.0168
1774945259.7113,0.0000,0.0000,0.0000,0.0000,0.0000,-3.1117,-0.2215,-29.5183,0.0285,0.1693,-0.0087
1774945259.7314,0.0000,0.0000,0.0000,0.0000,0.0000,-3.1120,-0.2247,7.9371,-0.0141,0.1192,-0.0215
1774945259.7512,0.0000,0.0000,0.0000,0.0000,0.0000,-3.1112,-0.2258,20.3406,0.0359,0.0276,-0.0002
1774945259.7715,0.0000,0.0000,0.0000,0.0000,0.0000,-3.1122,-0.2263,49.5253,0.0551,-0.0789,0.0413
1774945259.7912,0.0000,0.0000,0.0000,0.0000,0.0000,-3.1103,-0.2258,13.8766,0.0999,-0.1045,0.0477
1774945259.8113,0.0000,0.0000,0.0000,0.0000,0.0000,-3.1108,-0.2264,-12.9849,0.0423,-0.0438,0.0211
1774945259.8313,0.0000,0.0000,0.0000,0.0000,0.0000,-3.1100,-0.2279,44.5420,-0.0077,0.0020,-0.0055
1774945259.8514,0.0000,0.0000,0.0000,0.0000,0.0000,-3.1102,-0.2291,38.5592,0.0349,-0.0363,-0.0290
1774945259.8713,0.0000,0.0000,0.0000,0.0000,0.0000,-3.1105,-0.2299,37.7136,-0.0258,-0.0619,0.0019
1774945259.8913,0.0000,0.0000,0.0000,0.0000,0.0000,-3.1118,-0.2304,23.9816,-0.0546,-0.0310,-0.0332
1774945259.9113,0.0000,0.0000,0.0000,0.0000,0.0000,-3.1123,-0.2292,-14.1911,-0.0610,-0.0832,-0.0332
1774945259.9313,0.0000,0.0000,0.0000,0.0000,0.0000,-3.1118,-0.2287,-24.0742,0.0008,-0.1173,-0.0098
1774945259.9516,0.0000,0.0000,0.0000,0.0000,0.0000,-3.1117,-0.2265,23.2021,0.0040,-0.1609,-0.0002
1774945259.9712,0.0000,0.0000,0.0000,0.0000,0.0000,-3.1127,-0.2253,-8.8720,-0.0131,-0.1311,-0.0119
1774945259.9913,0.0000,0.0000,0.0000,0.0000,0.0000,-3.1142,-0.2237,38.0833,-0.0738,-0.0938,-0.0173
1774945260.0114,0.0000,0.0000,0.0000,0.0000,0.0000,-3.1134,-0.2249,40.3289,-0.0525,-0.0768,0.0062
1774945260.0314,0.0000,0.0000,0.0000,0.0000,0.0000,-3.1133,-0.2238,19.8779,-0.0748,-0.1055,-0.0098
1774945260.0513,0.0000,0.0000,0.0000,0.0000,0.0000,-3.1140,-0.2194,50.4567,-0.0418,-0.1599,-0.0428
1774945260.0717,0.0000,0.0000,0.0000,0.0000,0.0000,-3.1164,-0.2155,52.6189,-0.1015,-0.1716,-0.0386
1774945260.0913,0.0000,0.0000,0.0000,0.0000,0.0000,-3.1163,-0.2133,-64.6828,-0.0333,-0.0640,-0.0396
1774945260.1113,0.0000,0.0000,0.0000,0.0000,0.0000,-3.1147,-0.2127,-14.5220,0.0572,0.0265,-0.0354
1774945260.1314,0.0000,0.0000,0.0000,0.0000,0.0000,-3.1176,-0.2113,-4.8998,-0.0109,0.0148,0.0008
1774945260.1512,0.0000,0.0000,0.0000,0.0000,0.0000,-3.1211,-0.2087,-22.7531,-0.0706,-0.0320,-0.0162
1774945260.1714,0.0000,0.0000,0.0000,0.0000,0.0000,-3.1209,-0.2095,14.5130,-0.0131,0.0979,-0.0045
1774945260.1913,0.0000,0.0000,0.0000,0.0000,0.0000,-3.1209,-0.2101,33.5104,0.0636,0.0851,0.0253
1774945260.2115,0.0000,0.0000,0.0000,0.0000,0.0000,-3.1222,-0.2124,-54.9873,0.0359,0.1341,0.0221
1774945260.2312,0.0000,0.0000,0.0000,0.0000,0.0000,-3.1244,-0.2147,-63.0995,-0.0354,0.1959,-0.0098
1774945260.2513,0.0000,0.0000,0.0000,0.0000,0.0000,-3.1230,-0.2148,2.8441,0.0093,0.0979,-0.0013
1774945260.2713,0.0000,0.0000,0.0000,0.0000,0.0000,-3.1201,-0.2149,-143.2408,0.0871,0.0308,0.0147
1774945260.2915,0.0000,0.0000,0.0000,0.0000,0.0000,-3.1177,-0.2156,20.5356,0.0722,0.0340,0.0062
1774945260.3116,0.0000,0.0000,0.0000,0.0000,0.0000,-3.1188,-0.2170,42.7646,0.0125,0.0947,-0.0002
1774945260.3313,0.0000,0.0000,0.0000,0.0000,0.0000,-3.1189,-0.2167,-9.5224,0.0125,0.0734,0.0051
1774945260.3514,0.0000,0.0000,0.0000,0.0000,0.0000,-3.1158,-0.2192,-0.3892,0.0668,0.0958,0.0040
1774945260.3713,0.0000,0.0000,0.0000,0.0000,0.0000,-3.1164,-0.2200,7.0062,0.0114,0.0713,0.0072
1774945260.3913,0.0000,0.0000,0.0000,0.0000,0.0000,-3.1162,-0.2216,-67.8190,-0.0077,0.0649,-0.0269
1774945260.4114,0.0000,0.0000,0.0000,0.0000,0.0000,-3.1165,-0.2226,-8.2908,-0.0280,0.0596,-0.0354
1774945260.4314,0.0000,0.0000,0.0000,0.0000,0.0000,-3.1150,-0.2215,-4.5699,0.0295,-0.0054,-0.0237
1774945260.4512,0.0000,0.0000,0.0000,0.0000,0.0000,-3.1140,-0.2201,8.4513,0.0487,-0.0832,0.0158
1774945260.4713,0.0000,0.0000,0.0000,0.0000,0.0000,-3.1130,-0.2182,-15.8639,0.0743,-0.0608,-0.0045
1774945260.4912,0.0000,0.0000,0.0000,0.0000,0.0000,-3.1137,-0.2158,25.6980,0.0178,-0.0363,-0.0034
1774945260.5113,0.0000,0.0000,0.0000,0.0000,0.0000,-3.1115,-0.2151,34.4987,0.0189,-0.0001,-0.0205
1774945260.5314,0.0000,0.0000,0.0000,0.0000,0.0000,-3.1086,-0.2123,-11.9185,0.0178,0.0095,-0.0151
1774945260.5513,0.0000,0.0000,0.0000,0.0000,0.0000,-3.1077,-0.2122,-12.8444,0.0200,0.0404,-0.0013
1774945260.5713,0.0000,0.0000,0.0000,0.0000,0.0000,-3.1078,-0.2105,-27.6174,0.0349,-0.0001,0.0040
1774945260.5912,0.0000,0.0000,0.0000,0.0000,0.0000,-3.1085,-0.2087,61.1283,0.0359,0.0425,0.0190
1774945260.6113,0.0000,0.0000,0.0000,0.0000,0.0000,-3.1077,-0.2077,65.9172,0.0658,0.0276,0.0275
1774945260.6315,0.0000,0.0000,0.0000,0.0000,0.0000,-3.1077,-0.2060,-81.5689,0.0168,-0.0363,0.0115
1774945260.6513,0.0000,0.0000,0.0000,0.0000,0.0000,-3.1065,-0.2069,-55.4774,-0.0706,0.0489,-0.0396
1774945260.6713,0.0000,0.0000,0.0000,0.0000,0.0000,-3.1049,-0.2068,14.4160,-0.1441,0.0425,-0.0599
1774945260.6914,0.0000,0.0000,0.0000,0.0000,0.0000,-3.1035,-0.2067,12.4062,-0.0344,0.0170,-0.0418
1774945260.7113,0.0000,0.0000,0.0000,0.0000,0.0000,-3.1050,-0.2076,19.4293,-0.0503,0.0425,-0.0205
1774945260.7313,0.0000,0.0000,0.0000,0.0000,0.0000,-3.1061,-0.2080,-25.3468,-0.0535,0.0393,-0.0247
1774945260.7515,0.0000,0.0000,0.0000,0.0000,0.0000,-3.1080,-0.2086,-62.1128,-0.0440,0.0521,-0.0226
1774945260.7715,0.0000,0.0000,0.0000,0.0000,0.0000,-3.1100,-0.2078,-19.2828,-0.1047,0.0159,-0.0226
1774945260.7912,0.0000,0.0000,0.0000,0.0000,0.0000,-3.1108,-0.2093,28.1746,-0.0099,0.0127,-0.0205
1774945260.8114,0.0000,0.0000,0.0000,0.0000,0.0000,-3.1131,-0.2103,12.6700,-0.0812,0.0010,-0.0119
1774945260.8313,0.0000,0.0000,0.0000,0.0000,0.0000,-3.1139,-0.2124,33.3326,-0.0503,0.0425,-0.0237
1774945260.8513,0.0000,0.0000,0.0000,0.0000,0.0000,-3.1157,-0.2131,13.5929,-0.0919,0.0106,-0.0066
1774945260.8713,0.0000,0.0000,0.0000,0.0000,0.0000,-3.1158,-0.2155,-27.3317,-0.0109,0.0468,-0.0013
1774945260.8914,0.0000,0.0000,0.0000,0.0000,0.0000,-3.1177,-0.2170,-4.1439,0.0679,0.0127,0.0179
1774945260.9114,0.0000,0.0000,0.0000,0.0000,0.0000,-3.1192,-0.2170,44.6528,0.0615,0.0127,0.0317
1774945260.9313,0.0000,0.0000,0.0000,0.0000,0.0000,-3.1210,-0.2185,-17.3728,0.0232,0.0308,0.0264
1774945260.9514,0.0000,0.0000,0.0000,0.0000,0.0000,-3.1207,-0.2205,59.8936,0.0509,0.0052,0.0094
1774945260.9714,0.0000,0.0000,0.0000,0.0000,0.0000,-3.1192,-0.2194,97.6002,0.0668,-0.0725,-0.0173
1774945260.9912,0.0000,0.0000,0.0000,0.0000,0.0000,-3.1176,-0.2196,0.0000,-0.0514,-0.1055,-0.0258
1774945261.0115,0.0000,0.0000,0.0000,0.0000,0.0000,-3.1145,-0.2203,-40.1876,-0.1111,-0.0225,-0.0535
1774945261.0312,0.0000,0.0000,0.0000,0.0000,0.0000,-3.1154,-0.2190,0.0000,-0.0610,-0.0022,-0.0364
1774945261.0514,0.0000,0.0000,0.0000,0.0000,0.0000,-3.1146,-0.2200,0.0000,0.0477,-0.0012,-0.0130
1774945261.0715,0.0000,0.0000,0.0000,0.0000,0.0000,-3.1164,-0.2212,0.0000,0.0050,0.0606,0.0232
1774945261.0913,0.0000,0.0000,0.0000,0.0000,0.0000,-3.1199,-0.2221,0.0000,0.0594,0.0361,-0.0066
1774945261.1113,0.0000,0.0000,0.0000,0.0000,0.0000,-3.1196,-0.2227,0.0000,0.0572,-0.0246,-0.0002
1774945261.1319,0.0000,0.0000,0.0000,0.0000,0.0000,-3.1194,-0.2190,0.0000,-0.0109,-0.0533,-0.0024
1774945261.1513,0.0000,0.0000,0.0000,0.0000,0.0000,-3.1204,-0.2135,0.0000,-0.0173,-0.1300,-0.0066
1774945261.1713,0.0000,0.0000,0.0000,0.0000,0.0000,-3.1188,-0.2079,0.0000,0.0136,-0.0917,0.0051
1774945261.1913,0.0000,0.0000,0.0000,0.0000,0.0000,-3.1186,-0.2046,0.0000,-0.0099,-0.0406,0.0307
1774945261.2124,0.0000,0.0000,0.0000,0.0000,0.0000,-3.1191,-0.2039,-8.4297,0.0274,0.0361,0.0083
1774945261.2315,0.0000,0.0000,0.0000,0.0000,0.0000,-3.1168,-0.2040,0.0000,0.0487,0.0489,-0.0066
1774945261.2513,0.0000,0.0000,0.0000,0.0000,0.0000,-3.1168,-0.2053,0.0000,0.0114,0.0415,-0.0471
1774945261.2714,0.0000,0.0000,0.0000,0.0000,0.0000,-3.1168,-0.2069,-24.0885,0.0317,0.0479,-0.0386
1774945261.2915,0.0000,0.0000,0.0000,0.0000,0.0000,-3.1157,-0.2055,0.0000,-0.0333,0.0990,-0.0439
1774945261.3113,0.0000,0.0000,0.0000,0.0000,0.0000,-3.1139,-0.2061,33.4724,-0.0120,0.0500,-0.0162
1774945261.3313,0.0000,0.0000,0.0000,0.0000,0.0000,-3.1167,-0.2065,0.0000,0.0445,0.0638,0.0115
1774945261.3513,0.0000,0.0000,0.0000,0.0000,0.0000,-3.1187,-0.2098,74.9542,-0.0120,0.0713,0.0190
1774945261.3712,0.0000,0.0000,0.0000,0.0000,0.0000,-3.1150,-0.2116,0.0000,-0.0013,0.0596,0.0296
1774945261.3915,0.0000,0.0000,0.0000,0.0000,0.0000,-3.1138,-0.2138,56.3099,0.0040,0.0574,0.0104
1774945261.4113,0.0000,0.0000,0.0000,0.0000,0.0000,-3.1121,-0.2145,0.0000,-0.0077,-0.0033,-0.0130
1774945261.4351,0.0000,0.0000,0.0000,0.0000,0.0000,-3.1122,-0.2137,20.8245,0.0136,-0.0704,-0.0173
1774945261.4513,0.0000,0.0000,0.0000,0.0000,0.0000,-3.1143,-0.2134,48.8225,-0.0365,-0.0406,-0.0183
1774945261.4716,0.0000,0.0000,0.0000,0.0000,0.0000,-3.1133,-0.2137,150.6676,-0.0077,-0.0086,-0.0428
1774945261.4913,0.0000,0.0000,0.0000,0.0000,0.0000,-3.1126,-0.2106,40.9577,-0.0237,-0.0661,-0.0226
1774945261.5113,0.0000,0.0000,0.0000,0.0000,0.0000,-3.1122,-0.2085,70.2700,0.0072,0.0170,-0.0237
1774945261.5318,0.0000,0.0000,0.0000,0.0000,0.0000,-3.1116,-0.2052,21.4775,0.0264,-0.0054,-0.0066
1774945261.5513,0.0000,0.0000,0.0000,0.0000,0.0000,-3.1109,-0.2028,-40.2315,0.0157,-0.0416,-0.0130
1774945261.5713,0.0000,0.0000,0.0000,0.0000,0.0000,-3.1105,-0.2011,12.3190,0.0029,-0.0075,-0.0151
1774945261.5913,0.0000,0.0000,0.0000,0.0000,0.0000,-3.1124,-0.1995,32.6455,-0.0589,-0.0139,-0.0151
1774945261.6113,0.0000,0.0000,0.0000,0.0000,0.0000,-3.1121,-0.1975,13.6998,-0.0141,-0.0214,-0.0290
1774945261.6314,0.0000,0.0000,0.0000,0.0000,0.0000,-3.1140,-0.1981,51.6916,0.0072,0.0969,-0.0087
1774945261.6513,0.0000,0.0000,0.0000,0.0000,0.0000,-3.1161,-0.1979,54.5198,-0.0077,0.0958,0.0115
1774945261.6712,0.0000,0.0000,0.0000,0.0000,0.0000,-3.1165,-0.1998,-55.5448,0.0264,0.0979,-0.0013
1774945261.6913,0.0000,0.0000,0.0000,0.0000,0.0000,-3.1175,-0.2030,-5.5818,-0.0450,0.1096,-0.0045
1774945261.7112,0.0000,0.0000,0.0000,0.0000,0.0000,-3.1170,-0.2018,35.3431,-0.0589,-0.0012,-0.0162
1774945261.7327,0.0000,0.0000,0.0000,0.0000,0.0000,-3.1141,-0.2025,-18.1247,-0.0088,-0.0054,-0.0066
1774945261.7520,0.0000,0.0000,0.0000,0.0000,0.0000,-3.1148,-0.2041,-33.9779,0.0146,0.0361,0.0062
1774945261.7713,0.0000,0.0000,0.0000,0.0000,0.0000,-3.1158,-0.2033,-11.8681,-0.0205,0.0425,-0.0247
1774945261.7914,0.0000,0.0000,0.0000,0.0000,0.0000,-3.1176,-0.2051,16.9968,-0.0035,0.0276,-0.0119
1774945261.8114,0.0000,0.0000,0.0000,0.0000,0.0000,-3.1193,-0.2062,-4.6847,0.0029,0.0127,-0.0130
1774945261.8313,0.0000,0.0000,0.0000,0.0000,0.0000,-3.1207,-0.2101,38.0428,0.0029,0.0223,0.0104
1774945261.8520,0.0000,0.0000,0.0000,0.0000,0.0000,-3.1231,-0.2141,4.9609,-0.0397,0.0329,0.0381
1774945261.8713,0.0000,0.0000,0.0000,0.0000,0.0000,-3.1225,-0.2177,75.9234,-0.0195,0.0202,0.0349
1774945261.8913,0.0000,0.0000,0.0000,0.0000,0.0000,-3.1228,-0.2201,136.6129,0.0178,0.0202,0.0264
1774945261.9119,0.0000,0.0000,0.0000,0.0000,0.0000,-3.1245,-0.2216,-34.1304,0.0146,0.0020,0.0040
1774945261.9313,0.0000,0.0000,0.0000,0.0000,0.0000,-3.1228,-0.2238,-28.6062,0.0626,-0.0874,0.0072
1774945261.9513,0.0000,0.0000,0.0000,0.0000,0.0000,-3.1225,-0.2246,-113.2771,0.0466,-0.0906,0.0008
1774945261.9713,0.0000,0.0000,0.0000,0.0000,0.0000,-3.1208,-0.2243,-103.2938,0.0572,-0.0960,-0.0141
1774945261.9913,0.0000,0.0000,0.0000,0.0000,0.0000,-3.1209,-0.2233,-83.3973,-0.0099,-0.1354,-0.0258
1774945262.0112,0.0000,0.0000,0.0000,0.0000,0.0000,-3.1196,-0.2215,-16.4055,-0.0195,-0.1950,-0.0162
1774945262.0313,0.0000,0.0000,0.0000,0.0000,0.0000,-3.1179,-0.2191,-73.0247,0.0306,-0.2195,-0.0077
1774945262.0527,0.0000,0.0000,0.0000,0.0000,0.0000,-3.1181,-0.2183,-49.2241,0.1052,-0.1226,0.0413
1774945262.0713,0.0000,0.0000,0.0000,0.0000,0.0000,-3.1202,-0.2175,-58.8551,0.0785,-0.1247,0.0371
1774945262.0913,0.0000,0.0000,0.0000,0.0000,0.0000,-3.1196,-0.2170,-47.4526,0.0530,-0.1194,0.0062
1774945262.1113,0.0000,0.0000,0.0000,0.0000,0.0000,-3.1194,-0.2175,9.5622,0.0136,-0.0768,0.0019
1774945262.1315,0.0000,0.0000,0.0000,0.0000,0.0000,-3.1190,-0.2154,-26.3659,-0.0131,-0.1151,-0.0141
1774945262.1521,0.0000,0.0000,0.0000,0.0000,0.0000,-3.1172,-0.2130,64.5903,-0.0237,-0.1130,-0.0194
1774945262.1712,0.0000,0.0000,0.0000,0.0000,0.0000,-3.1174,-0.2096,15.4868,-0.0141,-0.0576,-0.0173
1774945262.1912,0.0000,0.0000,0.0000,0.0000,0.0000,-3.1171,-0.2053,90.6725,0.0349,-0.0171,-0.0002
1774945262.2115,0.0000,0.0000,0.0000,0.0000,0.0000,-3.1184,-0.2030,-6.5810,-0.0195,0.0404,-0.0119
1774945262.2314,0.0000,0.0000,0.0000,0.0000,0.0000,-3.1189,-0.2006,-57.4147,-0.0376,0.0596,0.0147
1774945262.2512,0.0000,0.0000,0.0000,0.0000,0.0000,-3.1166,-0.2003,25.4269,-0.0088,0.0937,-0.0332
1774945262.2713,0.0000,0.0000,0.0000,0.0000,0.0000,-3.1155,-0.2004,36.9501,-0.0290,0.0873,-0.0279
1774945262.2912,0.0000,0.0000,0.0000,0.0000,0.0000,-3.1166,-0.2004,96.0985,-0.0237,0.0894,-0.0450
1774945262.3113,0.0000,0.0000,0.0000,0.0000,0.0000,-3.1168,-0.2025,114.7946,-0.0535,0.1757,-0.0514
1774945262.3314,0.0000,0.0000,0.0000,0.0000,0.0000,-3.1193,-0.2049,-39.6349,-0.0216,0.1235,-0.0130
1774945262.3513,0.0000,0.0000,0.0000,0.0000,0.0000,-3.1203,-0.2071,-147.0048,0.0178,0.1032,-0.0066
1774945262.3714,0.0000,0.0000,0.0000,0.0000,0.0000,-3.1210,-0.2087,18.5812,-0.0131,0.1128,-0.0034
1774945262.3912,0.0000,0.0000,0.0000,0.0000,0.0000,-3.1204,-0.2102,59.7139,-0.0205,0.0841,-0.0055
1774945262.4112,0.0000,0.0000,0.0000,0.0000,0.0000,-3.1210,-0.2138,34.3411,-0.0205,0.1000,-0.0098
1774945262.4319,0.0000,0.0000,0.0000,0.0000,0.0000,-3.1243,-0.2159,-48.8633,-0.0248,0.0745,0.0104
1774945262.4513,0.0000,0.0000,0.0000,0.0000,0.0000,-3.1231,-0.2161,-48.1822,-0.0003,0.0084,-0.0087
1774945262.4716,0.0000,0.0000,0.0000,0.0000,0.0000,-3.1230,-0.2196,37.5832,0.0242,0.0862,-0.0098
1774945262.4913,0.0000,0.0000,0.0000,0.0000,0.0000,-3.1243,-0.2200,79.7944,0.0530,0.0457,0.0030
1774945262.5114,0.0000,0.0000,0.0000,0.0000,0.0000,-3.1255,-0.2194,9.6107,0.0306,-0.0203,-0.0130
1774945262.5318,0.0000,0.0000,0.0000,0.0000,0.0000,-3.1255,-0.2207,10.4835,0.0178,-0.0001,0.0051
1774945262.5513,0.0000,0.0000,0.0000,0.0000,0.0000,-3.1246,-0.2214,-24.2945,-0.0035,0.0116,0.0158
1774945262.5713,0.0000,0.0000,0.0000,0.0000,0.0000,-3.1228,-0.2184,-2.0315,0.0338,-0.0821,-0.0109
1774945262.5913,0.0000,0.0000,0.0000,0.0000,0.0000,-3.1199,-0.2167,16.2666,0.0178,-0.1098,-0.0205
1774945262.6113,0.0000,0.0000,0.0000,0.0000,0.0000,-3.1199,-0.2143,78.6986,-0.0237,-0.0960,-0.0119
1774945262.6314,0.0000,0.0000,0.0000,0.0000,0.0000,-3.1200,-0.2117,61.6179,0.0125,-0.0864,-0.0226
1774945262.6513,0.0000,0.0000,0.0000,0.0000,0.0000,-3.1199,-0.2118,-2.5376,0.0125,-0.0310,-0.0130
1774945262.6712,0.0000,0.0000,0.0000,0.0000,0.0000,-3.1193,-0.2122,-14.7131,-0.0184,-0.0246,-0.0151
1774945262.6913,0.0000,0.0000,0.0000,0.0000,0.0000,-3.1208,-0.2118,-0.6609,-0.0056,-0.0203,-0.0130
1774945262.7113,0.0000,0.0000,0.0000,0.0000,0.0000,-3.1228,-0.2130,-33.3519,0.0029,0.0084,0.0062
1774945262.7313,0.0000,0.0000,0.0000,0.0000,0.0000,-3.1241,-0.2122,-23.7647,-0.0067,-0.0331,0.0062
1774945262.7515,0.0000,0.0000,0.0000,0.0000,0.0000,-3.1233,-0.2142,8.4683,0.0402,0.0436,0.0019
1774945262.7713,0.0000,0.0000,0.0000,0.0000,0.0000,-3.1250,-0.2137,11.2929,-0.0045,-0.0022,0.0072
1774945262.7914,0.0000,0.0000,0.0000,0.0000,0.0000,-3.1246,-0.2151,5.8975,0.0221,-0.0278,0.0179
1774945262.8113,0.0000,0.0000,0.0000,0.0000,0.0000,-3.1234,-0.2178,-56.9885,0.0146,0.0116,0.0190
1774945262.8313,0.0000,0.0000,0.0000,0.0000,0.0000,-3.1235,-0.2198,-18.7829,-0.0003,0.0191,0.0008
1774945262.8512,0.0000,0.0000,0.0000,0.0000,0.0000,-3.1240,-0.2213,16.2328,-0.0354,-0.0214,-0.0119
1774945262.8712,0.0000,0.0000,0.0000,0.0000,0.0000,-3.1225,-0.2198,34.9778,-0.0173,-0.0992,-0.0343
1774945262.8922,0.0000,0.0000,0.0000,0.0000,0.0000,-3.1229,-0.2183,16.7989,0.0072,-0.0459,-0.0237
1774945262.9125,0.0000,0.0000,0.0000,0.0000,0.0000,-3.1236,-0.2175,-50.4164,0.0381,-0.0395,-0.0482
1774945262.9313,0.0000,0.0000,0.0000,0.0000,0.0000,-3.1245,-0.2197,-47.2743,0.0295,0.0297,-0.0205
1774945262.9512,0.0000,0.0000,0.0000,0.0000,0.0000,-3.1246,-0.2212,54.4605,0.0232,0.0084,-0.0119
1774945262.9717,0.0000,0.0000,0.0000,0.0000,0.0000,-3.1253,-0.2218,5.3136,0.0125,-0.0448,0.0328
1774945262.9913,0.0000,0.0000,0.0000,0.0000,0.0000,-3.1265,-0.2233,-54.1354,-0.0003,-0.0395,0.0413
1774945263.0112,0.0000,0.0000,0.0000,0.0000,0.0000,-3.1245,-0.2236,-7.8733,-0.0205,-0.0331,0.0296
1774945263.0331,0.0000,0.0000,0.0000,0.0000,0.0000,-3.1235,-0.2247,38.4865,0.0509,-0.0257,0.0349
1774945263.0514,0.0000,0.0000,0.0000,0.0000,0.0000,-3.1218,-0.2256,65.0442,0.0253,-0.0406,-0.0130
1774945263.0747,0.0000,0.0000,0.0000,0.0000,0.0000,-3.1212,-0.2238,-77.4755,0.0125,-0.1205,-0.0343
1774945263.0913,0.0000,0.0000,0.0000,0.0000,0.0000,-3.1216,-0.2232,-0.5781,-0.0141,-0.0810,-0.0407
1774945263.1140,0.0000,0.0000,0.0000,0.0000,0.0000,-3.1220,-0.2237,35.6371,-0.0216,-0.0544,-0.0311
1774945263.1313,0.0000,0.0000,0.0000,0.0000,0.0000,-3.1213,-0.2243,-90.7587,0.0189,-0.0747,-0.0013
1774945263.1512,0.0000,0.0000,0.0000,0.0000,0.0000,-3.1211,-0.2231,-21.7847,0.0200,-0.0715,0.0051
1774945263.1712,0.0000,0.0000,0.0000,0.0000,0.0000,-3.1231,-0.2220,29.9752,-0.0429,-0.1109,-0.0034
1774945263.1913,0.0000,0.0000,0.0000,0.0000,0.0000,-3.1240,-0.2214,80.2968,-0.0674,-0.0874,-0.0141
1774945263.2148,0.0000,0.0000,0.0000,0.0000,0.0000,-3.1240,-0.2196,-56.0535,-0.0141,-0.0406,-0.0087
1774945263.2314,0.0000,0.0000,0.0000,0.0000,0.0000,-3.1222,-0.2165,34.5103,0.0008,-0.1258,-0.0269
1774945263.2514,0.0000,0.0000,0.0000,0.0000,0.0000,-3.1212,-0.2128,-75.5405,-0.0376,-0.0651,-0.0322
1774945263.2713,0.0000,0.0000,0.0000,0.0000,0.0000,-3.1226,-0.2097,-116.5640,-0.0365,-0.0257,-0.0279
1774945263.2912,0.0000,0.0000,0.0000,0.0000,0.0000,-3.1230,-0.2062,-94.0213,0.0008,-0.0086,-0.0034
1774945263.3116,0.0000,0.0000,0.0000,0.0000,0.0000,-3.1253,-0.2054,9.2419,-0.0088,0.0649,-0.0098
1774945263.3313,0.0000,0.0000,0.0000,0.0000,0.0000,-3.1270,-0.2040,112.2097,0.0232,0.0255,-0.0109
1774945263.3513,0.0000,0.0000,0.0000,0.0000,0.0000,-3.1285,-0.2039,50.3883,0.0008,0.0596,-0.0055
1774945263.3713,0.0000,0.0000,0.0000,0.0000,0.0000,-3.1302,-0.2043,-109.6506,0.0168,0.0724,-0.0077
1774945263.3913,0.0000,0.0000,0.0000,0.0000,0.0000,-3.1304,-0.2051,1.2515,0.0626,0.0787,0.0136
1774945263.4115,0.0000,0.0000,0.0000,0.0000,0.0000,-3.1286,-0.2055,-18.6346,0.0136,0.0628,-0.0119
1774945263.4321,0.0000,0.0000,0.0000,0.0000,0.0000,-3.1291,-0.2073,5.5894,-0.0184,0.1267,-0.0130
1774945263.4512,0.0000,0.0000,0.0000,0.0000,0.0000,-3.1269,-0.2085,18.7064,0.0072,0.0681,-0.0024
1774945263.4712,0.0000,0.0000,0.0000,0.0000,0.0000,-3.1233,-0.2090,-42.7085,0.0242,0.0862,-0.0215
1774945263.4924,0.0000,0.0000,0.0000,0.0000,0.0000,-3.1252,-0.2088,69.8624,-0.0237,0.0702,-0.0183
1774945263.5112,0.0000,0.0000,0.0000,0.0000,0.0000,-3.1243,-0.2085,-5.5743,-0.0141,0.0170,-0.0130
1774945263.5314,0.0000,0.0000,0.0000,0.0000,0.0000,-3.1242,-0.2102,37.1924,-0.0024,0.0255,-0.0119
1774945263.5513,0.0000,0.0000,0.0000,0.0000,0.0000,-3.1241,-0.2117,6.1270,0.0264,0.0116,-0.0130
1774945263.5714,0.0000,0.0000,0.0000,0.0000,0.0000,-3.1223,-0.2080,0.0000,0.0274,-0.0065,0.0094
1774945263.5913,0.0000,0.0000,0.0000,0.0000,0.0000,-3.1244,-0.2069,0.0000,0.0359,-0.0512,-0.0024
1774945263.6113,0.0000,0.0000,0.0000,0.0000,0.0000,-3.1246,-0.2070,0.0000,0.0285,0.0138,-0.0013
1774945263.6316,0.0000,0.0000,0.0000,0.0000,0.0000,-3.1238,-0.2049,0.0000,0.0114,0.0894,-0.0034
1774945263.6512,0.0000,0.0000,0.0000,0.0000,0.0000,-3.1246,-0.2017,0.0000,0.0040,-0.0065,0.0094
1774945263.6712,0.0000,0.0000,0.0000,0.0000,0.0000,-3.1224,-0.2031,0.0000,0.0178,0.0191,-0.0173
1774945263.6913,0.0000,0.0000,0.0000,0.0000,0.0000,-3.1218,-0.1988,0.0000,-0.0248,0.0170,-0.0045
1774945263.7116,0.0000,0.0000,0.0000,0.0000,0.0000,-3.1194,-0.1967,77.2373,0.0200,-0.0331,-0.0290
1774945263.7313,0.0000,0.0000,0.0000,0.0000,0.0000,-3.1189,-0.1963,0.0000,-0.0109,0.0415,-0.0237
1774945263.7514,0.0000,0.0000,0.0000,0.0000,0.0000,-3.1165,-0.1962,0.0000,-0.0184,0.1118,-0.0396
1774945263.7713,0.0000,0.0000,0.0000,0.0000,0.0000,-3.1173,-0.1966,0.0000,-0.0269,0.0265,-0.0066
1774945263.7913,0.0000,0.0000,0.0000,0.0000,0.0000,-3.1176,-0.1969,0.0000,-0.0227,0.0265,-0.0194
1774945263.8116,0.0000,0.0000,0.0000,0.0000,0.0000,-3.1210,-0.1966,3.4639,-0.0418,0.0329,-0.0130
1774945263.8313,0.0000,0.0000,0.0000,0.0000,0.0000,-3.1207,-0.1963,0.0000,-0.0344,0.0233,-0.0226
1774945263.8516,0.0000,0.0000,0.0000,0.0000,0.0000,-3.1199,-0.1938,0.0000,-0.0482,0.0510,-0.0109
1774945263.8712,0.0000,0.0000,0.0000,0.0000,0.0000,-3.1228,-0.1918,0.0000,-0.0312,0.0585,-0.0173
1774945263.8922,0.0000,0.0000,0.0000,0.0000,0.0000,-3.1237,-0.1912,0.0000,-0.0376,0.0681,-0.0311
1774945263.9115,0.0000,0.0000,0.0000,0.0000,0.0000,-3.1256,-0.1907,-12.0299,-0.0503,0.1416,-0.0162
1774945263.9314,0.0000,0.0000,0.0000,0.0000,0.0000,-3.1252,-0.1910,0.0000,-0.0280,0.1203,-0.0279
1774945263.9513,0.0000,0.0000,0.0000,0.0000,0.0000,-3.1265,-0.1931,0.0000,-0.0440,0.1086,-0.0162
1774945263.9718,0.0000,0.0000,0.0000,0.0000,0.0000,-3.1250,-0.1933,-2.1078,-0.0013,0.1160,-0.0237
1774945263.9912,0.0000,0.0000,0.0000,0.0000,0.0000,-3.1279,-0.1947,-12.3256,-0.0322,0.1192,-0.0269
1774945264.0113,0.0000,0.0000,0.0000,0.0000,0.0000,-3.1282,-0.1977,31.0801,0.0019,0.1405,-0.0130
1774945264.0313,0.0000,0.0000,0.0000,0.0000,0.0000,-3.1291,-0.1959,0.0000,-0.0376,0.0692,-0.0130
1774945264.0513,0.0000,0.0000,0.0000,0.0000,0.0000,-3.1287,-0.1983,-3.4071,-0.0248,0.0564,-0.0151
1774945264.0713,0.0000,0.0000,0.0000,0.0000,0.0000,-3.1273,-0.2003,-41.0604,-0.0067,0.0713,-0.0226
1774945264.0914,0.0000,0.0000,0.0000,0.0000,0.0000,-3.1293,-0.2012,-13.6301,-0.0386,0.0393,-0.0290
1774945264.1113,0.0000,0.0000,0.0000,0.0000,0.0000,-3.1298,-0.2023,-26.0344,0.0029,0.0212,-0.0183
1774945264.1313,0.0000,0.0000,0.0000,0.0000,0.0000,-3.1299,-0.2026,43.4807,0.0253,0.0084,-0.0098
1774945264.1512,0.0000,0.0000,0.0000,0.0000,0.0000,-3.1307,-0.2013,1.2783,0.0082,0.0031,0.0008
1774945264.1713,0.0000,0.0000,0.0000,0.0000,0.0000,-3.1315,-0.1990,34.4664,0.0221,-0.0352,0.0030
1774945264.1912,0.0000,0.0000,0.0000,0.0000,0.0000,-3.1319,-0.1963,11.1161,-0.0258,-0.0544,0.0019
1774945264.2135,0.0000,0.0000,0.0000,0.0000,0.0000,-3.1309,-0.1968,22.3694,-0.0333,0.0159,-0.0162
1774945264.2313,0.0000,0.0000,0.0000,0.0000,0.0000,-3.1306,-0.1947,51.2423,-0.0365,0.0127,-0.0130
1774945264.2513,0.0000,0.0000,0.0000,0.0000,0.0000,-3.1314,-0.1909,-35.8837,0.0253,-0.0352,-0.0013
1774945264.2715,0.0000,0.0000,0.0000,0.0000,0.0000,-3.1326,-0.1882,16.0316,0.0072,-0.0129,-0.0013
1774945264.2913,0.0000,0.0000,0.0000,0.0000,0.0000,-3.1308,-0.1871,7.5722,-0.0120,0.0265,-0.0258
1774945264.3111,0.0000,0.0000,0.0000,0.0000,0.0000,-3.1308,-0.1835,12.1918,0.0072,-0.0097,-0.0205
1774945264.3313,0.0000,0.0000,0.0000,0.0000,0.0000,-3.1312,-0.1828,17.1120,-0.0141,0.0329,-0.0269
1774945264.3513,0.0000,0.0000,0.0000,0.0000,0.0000,-3.1316,-0.1823,2.4326,-0.0173,0.0617,-0.0258
1774945264.3713,0.0000,0.0000,0.0000,0.0000,0.0000,-3.1326,-0.1804,-23.6086,0.0189,0.0660,-0.0130
1774945264.3912,0.0000,0.0000,0.0000,0.0000,0.0000,-3.1331,-0.1793,6.0728,0.0327,0.1160,0.0083
1774945264.4113,0.0000,0.0000,0.0000,0.0000,0.0000,-3.1334,-0.1788,47.4839,0.0274,0.1576,-0.0109
1774945264.4313,0.0000,0.0000,0.0000,0.0000,0.0000,-3.1329,-0.1810,42.3353,0.0157,0.1693,-0.0205
1774945264.4514,0.0000,0.0000,0.0000,0.0000,0.0000,-3.1327,-0.1833,29.3735,-0.0035,0.1767,-0.0226
1774945264.4714,0.0000,0.0000,0.0000,0.0000,0.0000,-3.1315,-0.1863,5.4034,0.0168,0.1576,-0.0205
1774945264.4918,0.0000,0.0000,0.0000,0.0000,0.0000,-3.1303,-0.1907,-28.3018,0.0381,0.1416,-0.0141
1774945264.5113,0.0000,0.0000,0.0000,0.0000,0.0000,-3.1320,-0.1957,-29.9186,0.0306,0.1522,-0.0087
1774945264.5314,0.0000,0.0000,0.0000,0.0000,0.0000,-3.1315,-0.1984,7.7014,0.0381,0.1288,0.0008
1774945264.5512,0.0000,0.0000,0.0000,0.0000,0.0000,-3.1316,-0.1999,5.4651,0.0391,0.0702,0.0083
1774945264.5713,0.0000,0.0000,0.0000,0.0000,0.0000,-3.1317,-0.2003,4.4709,0.0168,0.0138,-0.0024
1774945264.5912,0.0000,0.0000,0.0000,0.0000,0.0000,-3.1293,-0.2023,16.6638,0.0082,-0.0118,-0.0109
1774945264.6113,0.0000,0.0000,0.0000,0.0000,0.0000,-3.1280,-0.2046,-0.0585,0.0136,-0.0182,-0.0194
1774945264.6313,0.0000,0.0000,0.0000,0.0000,0.0000,-3.1263,-0.2078,-7.1794,0.0232,-0.0129,-0.0151
1774945264.6513,0.0000,0.0000,0.0000,0.0000,0.0000,-3.1265,-0.2095,12.0464,0.0370,-0.0480,-0.0087
1774945264.6714,0.0000,0.0000,0.0000,0.0000,0.0000,-3.1269,-0.2095,-2.2570,0.0178,-0.1098,-0.0141
1774945264.6912,0.0000,0.0000,0.0000,0.0000,0.0000,-3.1269,-0.2103,-3.1963,-0.0003,-0.1450,-0.0087
1774945264.7116,0.0000,0.0000,0.0000,0.0000,0.0000,-3.1275,-0.2109,-2.0796,-0.0067,-0.1652,-0.0055
1774945264.7320,0.0000,0.0000,0.0000,0.0000,0.0000,-3.1245,-0.2096,-5.9379,-0.0003,-0.1812,-0.0087
1774945264.7513,0.0000,0.0000,0.0000,0.0000,0.0000,-3.1222,-0.2080,-5.0269,-0.0163,-0.1950,-0.0130
1774945264.7713,0.0000,0.0000,0.0000,0.0000,0.0000,-3.1219,-0.2066,5.6303,-0.0152,-0.1993,-0.0226
1774945264.7913,0.0000,0.0000,0.0000,0.0000,0.0000,-3.1221,-0.2056,0.5058,-0.0131,-0.1950,-0.0237
1774945264.8114,0.0000,0.0000,0.0000,0.0000,0.0000,-3.1225,-0.2055,-7.5218,-0.0205,-0.1844,-0.0237
1774945264.8313,0.0000,0.0000,0.0000,0.0000,0.0000,-3.1230,-0.2057,-3.3271,-0.0312,-0.1684,-0.0194
1774945264.8512,0.0000,0.0000,0.0000,0.0000,0.0000,-3.1241,-0.2063,-3.1968,-0.0333,-0.1524,-0.0173
1774945264.8712,0.0000,0.0000,0.0000,0.0000,0.0000,-3.1248,-0.2074,0.6932,-0.0344,-0.1375,-0.0173
1774945264.8917,0.0000,0.0000,0.0000,0.0000,0.0000,-3.1261,-0.2085,3.9731,-0.0301,-0.1215,-0.0162
1774945264.9115,0.0000,0.0000,0.0000,0.0000,0.0000,-3.1277,-0.2099,3.5607,-0.0312,-0.1077,-0.0194
1774945264.9314,0.0000,0.0000,0.0000,0.0000,0.0000,-3.1276,-0.2110,-3.9678,-0.0205,-0.0960,-0.0151
1774945264.9513,0.0000,0.0000,0.0000,0.0000,0.0000,-3.1298,-0.2134,1.4889,-0.0184,-0.0885,-0.0205
1774945264.9713,0.0000,0.0000,0.0000,0.0000,0.0000,-3.1310,-0.2150,-4.8905,-0.0067,-0.0715,-0.0173
1774945264.9913,0.0000,0.0000,0.0000,0.0000,0.0000,-3.1326,-0.2174,7.9638,-0.0024,-0.0597,-0.0119
1774945265.0114,0.0000,0.0000,0.0000,0.0000,0.0000,-3.1336,-0.2189,3.1125,-0.0013,-0.0672,-0.0077
1774945265.0315,0.0000,0.0000,0.0000,0.0000,0.0000,-3.1347,-0.2184,-0.6830,0.0072,-0.0757,-0.0077
1774945265.0515,0.0000,0.0000,0.0000,0.0000,0.0000,-3.1351,-0.2196,9.6433,0.0082,-0.0576,-0.0087
1774945265.0713,0.0000,0.0000,0.0000,0.0000,0.0000,-3.1340,-0.2202,-9.5601,0.0221,-0.0736,-0.0087
1774945265.0913,0.0000,0.0000,0.0000,0.0000,0.0000,-3.1349,-0.2217,-19.7305,0.0327,-0.0608,-0.0087
1774945265.1114,0.0000,0.0000,0.0000,0.0000,0.0000,-3.1355,-0.2216,11.7808,0.0402,-0.0555,-0.0055
1774945265.1315,0.0000,0.0000,0.0000,0.0000,0.0000,-3.1366,-0.2213,6.6116,0.0274,-0.0565,-0.0109
1774945265.1568,0.0000,0.0000,0.0000,0.0000,0.0000,-3.1361,-0.2200,-7.8298,0.0242,-0.0821,-0.0045
1774945265.1712,0.0000,0.0000,0.0000,0.0000,0.0000,-3.1344,-0.2211,15.4854,0.0338,-0.0672,-0.0098
1774945265.1913,0.0000,0.0000,0.0000,0.0000,0.0000,-3.1333,-0.2207,-3.0104,0.0327,-0.0715,-0.0002
1774945265.2115,0.0000,0.0000,0.0000,0.0000,0.0000,-3.1342,-0.2193,5.2897,0.0572,-0.0683,0.0083
1774945265.2313,0.0000,0.0000,0.0000,0.0000,0.0000,-3.1319,-0.2192,11.6098,0.0562,-0.0448,-0.0002
1774945265.2513,0.0000,0.0000,0.0000,0.0000,0.0000,-3.1310,-0.2196,25.0905,0.0572,-0.0470,0.0008
1774945265.2713,0.0000,0.0000,0.0000,0.0000,0.0000,-3.1300,-0.2198,-15.5988,0.0402,-0.0374,-0.0055
1774945265.2912,0.0000,0.0000,0.0000,0.0000,0.0000,-3.1277,-0.2204,0.0000,0.0242,-0.0150,-0.0077
1774945265.3113,0.0000,0.0000,0.0000,0.0000,0.0000,-3.1259,-0.2195,6.8209,0.0125,-0.0246,-0.0141
1774945265.3313,0.0000,0.0000,0.0000,0.0000,0.0000,-3.1247,-0.2210,-18.3828,0.0072,-0.0171,-0.0109
1774945265.3512,0.0000,0.0000,0.0000,0.0000,0.0000,-3.1231,-0.2221,2.2818,0.0029,0.0052,-0.0087
1774945265.3713,0.0000,0.0000,0.0000,0.0000,0.0000,-3.1206,-0.2215,7.2453,0.0082,-0.0033,-0.0130
1774945265.3913,0.0000,0.0000,0.0000,0.0000,0.0000,-3.1197,-0.2212,-7.9855,0.0019,-0.0129,-0.0098
1774945265.4115,0.0000,0.0000,0.0000,0.0000,0.0000,-3.1194,-0.2208,-6.9832,-0.0077,-0.0118,-0.0173
1774945265.4313,0.0000,0.0000,0.0000,0.0000,0.0000,-3.1217,-0.2199,5.0753,-0.0131,-0.0150,-0.0119
1774945265.4513,0.0000,0.0000,0.0000,0.0000,0.0000,-3.1239,-0.2201,-25.9727,-0.0120,-0.0171,-0.0119
1774945265.4713,0.0000,0.0000,0.0000,0.0000,0.0000,-3.1249,-0.2209,-9.5266,-0.0120,-0.0065,-0.0141
1774945265.4913,0.0000,0.0000,0.0000,0.0000,0.0000,-3.1251,-0.2209,1.3691,-0.0152,-0.0150,-0.0151
1774945265.5114,0.0000,0.0000,0.0000,0.0000,0.0000,-3.1257,-0.2218,-5.9564,-0.0045,-0.0118,-0.0141
1774945265.5325,0.0000,0.0000,0.0000,0.0000,0.0000,-3.1247,-0.2234,5.1127,0.0050,0.0020,-0.0151
1774945265.5548,0.0000,0.0000,0.0000,0.0000,0.0000,-3.1257,-0.2224,1.6068,0.0082,-0.0086,-0.0119
1774945265.5714,0.0000,0.0000,0.0000,0.0000,0.0000,-3.1274,-0.2228,-10.7393,0.0072,-0.0075,-0.0119
1774945265.5913,0.0000,0.0000,0.0000,0.0000,0.0000,-3.1271,-0.2233,6.2135,0.0019,-0.0012,-0.0098
1774945265.6112,0.0000,0.0000,0.0000,0.0000,0.0000,-3.1262,-0.2223,4.5820,0.0019,-0.0054,-0.0109
1774945265.6313,0.0000,0.0000,0.0000,0.0000,0.0000,-3.1260,-0.2223,-3.8335,-0.0024,-0.0054,-0.0119
1774945265.6513,0.0000,0.0000,0.0000,0.0000,0.0000,-3.1244,-0.2221,3.8211,0.0019,-0.0022,-0.0130
1774945265.6714,0.0000,0.0000,0.0000,0.0000,0.0000,-3.1240,-0.2218,-0.8104,0.0050,-0.0043,-0.0119
1774945265.6913,0.0000,0.0000,0.0000,0.0000,0.0000,-3.1240,-0.2222,-1.8121,0.0082,-0.0022,-0.0109
1774945265.7113,0.0000,0.0000,0.0000,0.0000,0.0000,-3.1243,-0.2214,4.6437,0.0061,-0.0012,-0.0109
1774945265.7316,0.0000,0.0000,0.0000,0.0000,0.0000,-3.1246,-0.2213,2.6661,0.0040,-0.0054,-0.0109
1774945265.7515,0.0000,0.0000,0.0000,0.0000,0.0000,-3.1239,-0.2220,-2.3783,0.0029,-0.0033,-0.0098
1774945265.7715,0.0000,0.0000,0.0000,0.0000,0.0000,-3.1245,-0.2219,1.7719,-0.0024,-0.0033,-0.0141
1774945265.7914,0.0000,0.0000,0.0000,0.0000,0.0000,-3.1238,-0.2217,1.9795,0.0019,-0.0086,-0.0130
1774945265.8121,0.0000,0.0000,0.0000,0.0000,0.0000,-3.1243,-0.2223,-2.4673,0.0019,-0.0075,-0.0130
1774945265.8315,0.0000,0.0000,0.0000,0.0000,0.0000,-3.1239,-0.2224,2.5543,0.0008,-0.0065,-0.0119
1774945265.8528,0.0000,0.0000,0.0000,0.0000,0.0000,-3.1232,-0.2225,-0.3531,0.0008,-0.0097,-0.0141
1774945265.8713,0.0000,0.0000,0.0000,0.0000,0.0000,-3.1224,-0.2220,-3.0248,-0.0067,-0.0150,-0.0151
1774945265.8912,0.0000,0.0000,0.0000,0.0000,0.0000,-3.1206,-0.2221,-0.5684,-0.0120,-0.0150,-0.0162
1774945265.9112,0.0000,0.0000,0.0000,0.0000,0.0000,-3.1193,-0.2229,-1.8600,-0.0173,-0.0139,-0.0173
1774945265.9313,0.0000,0.0000,0.0000,0.0000,0.0000,-3.1194,-0.2225,0.1705,-0.0173,-0.0182,-0.0173
1774945265.9513,0.0000,0.0000,0.0000,0.0000,0.0000,-3.1208,-0.2217,1.3271,-0.0195,-0.0214,-0.0162
1774945265.9713,0.0000,0.0000,0.0000,0.0000,0.0000,-3.1207,-0.2227,-0.3376,-0.0184,-0.0235,-0.0173
1774945265.9913,0.0000,0.0000,0.0000,0.0000,0.0000,-3.1222,-0.2221,-2.5573,-0.0184,-0.0214,-0.0151
1774945266.0115,0.0000,0.0000,0.0000,0.0000,0.0000,-3.1231,-0.2227,-5.3825,-0.0269,-0.0182,-0.0183
1774945266.0314,0.0000,0.0000,0.0000,0.0000,0.0000,-3.1233,-0.2225,-6.0445,-0.0205,-0.0193,-0.0226
1774945266.0516,0.0000,0.0000,0.0000,0.0000,0.0000,-3.1262,-0.2217,-4.1448,-0.0184,-0.0225,-0.0151
1774945266.0713,0.0000,0.0000,0.0000,0.0000,0.0000,-3.1274,-0.2223,3.1488,-0.0195,-0.0161,-0.0173
1774945266.0913,0.0000,0.0000,0.0000,0.0000,0.0000,-3.1268,-0.2227,2.1446,-0.0077,-0.0129,-0.0162
1774945266.1113,0.0000,0.0000,0.0000,0.0000,0.0000,-3.1302,-0.2216,-0.6793,-0.0035,-0.0097,-0.0098
1774945266.1312,0.0000,0.0000,0.0000,0.0000,0.0000,-3.1308,-0.2206,-0.3407,0.0040,-0.0075,-0.0098
1774945266.1512,0.0000,0.0000,0.0000,0.0000,0.0000,-3.1329,-0.2197,0.0000,0.0061,-0.0033,-0.0109
1774945266.1713,0.0000,0.0000,0.0000,0.0000,0.0000,-3.1339,-0.2172,-0.9118,0.0072,-0.0054,-0.0098
1774945266.1913,0.0000,0.0000,0.0000,0.0000,0.0000,-3.1311,-0.2153,0.0000,0.0029,-0.0043,-0.0119
1774945266.2116,0.0000,0.0000,0.0000,0.0000,0.0000,-3.1284,-0.2147,0.0000,0.0072,-0.0012,-0.0141
1774945266.2313,0.0000,0.0000,0.0000,0.0000,0.0000,-3.1279,-0.2120,2.3172,0.0082,-0.0043,-0.0109
1774945266.2514,0.0000,0.0000,0.0000,0.0000,0.0000,-3.1269,-0.2120,0.0000,0.0029,-0.0012,-0.0119
1774945266.2714,0.0000,0.0000,0.0000,0.0000,0.0000,-3.1238,-0.2126,0.0000,0.0019,-0.0012,-0.0119
1774945266.2912,0.0000,0.0000,0.0000,0.0000,0.0000,-3.1240,-0.2111,0.0000,-0.0035,0.0042,-0.0173
1774945266.3115,0.0000,0.0000,0.0000,0.0000,0.0000,-3.1223,-0.2077,0.0000,0.0040,-0.0129,-0.0311
1774945266.3313,0.0000,0.0000,0.0000,0.0000,0.0000,-3.1242,-0.2041,0.0000,-0.0003,0.0127,-0.0300
1774945266.3514,0.0000,0.0000,0.0000,0.0000,0.0000,-3.1251,-0.2006,0.0000,-0.0024,0.0308,-0.0173
1774945266.3714,0.0000,0.0000,0.0000,0.0000,0.0000,-3.1268,-0.1985,0.0000,-0.0216,0.0383,-0.0087
1774945266.3912,0.0000,0.0000,0.0000,0.0000,0.0000,-3.1250,-0.1988,0.0000,-0.0184,0.0660,-0.0141
1774945266.4114,0.0000,0.0000,0.0000,0.0000,0.0000,-3.1236,-0.2016,18.1222,-0.0280,0.1032,-0.0077
1774945266.4314,0.0000,0.0000,0.0000,0.0000,0.0000,-3.1212,-0.2056,5.5103,-0.0258,0.1118,-0.0205
1774945266.4544,0.0000,0.0000,0.0000,0.0000,0.0000,-3.1235,-0.2087,-4.0435,-0.0248,0.1182,-0.0205
1774945266.4804,0.0000,0.0000,0.0000,0.0000,0.0000,-3.1261,-0.2108,0.0000,-0.0301,0.0926,-0.0205
1774945266.4913,0.0000,0.0000,0.0000,0.0000,0.0000,-3.1262,-0.2129,0.0000,-0.0333,0.0649,-0.0205
1774945266.5113,0.0000,0.0000,0.0000,0.0000,0.0000,-3.1286,-0.2157,0.0000,-0.0216,0.0500,-0.0205
1774945266.5313,0.0000,0.0000,0.0000,0.0000,0.0000,-3.1311,-0.2174,0.0000,-0.0184,0.0074,-0.0151
1774945266.5513,0.0000,0.0000,0.0000,0.0000,0.0000,-3.1319,-0.2171,-7.7048,-0.0163,-0.0033,-0.0237
1774945266.5713,0.0000,0.0000,0.0000,0.0000,0.0000,-3.1348,-0.2173,0.0000,0.0008,-0.0001,-0.0173
1774945266.5913,0.0000,0.0000,0.0000,0.0000,0.0000,-3.1383,-0.2169,-5.1262,-0.0099,-0.0107,-0.0162
1774945266.6131,0.0000,0.0000,0.0000,0.0000,0.0000,-3.1401,-0.2138,15.2270,-0.0120,-0.0150,-0.0269
1774945266.6312,0.0000,0.0000,0.0000,0.0000,0.0000,-3.1409,-0.2124,8.7392,0.0040,-0.0182,-0.0237
1774945266.6513,0.0000,0.0000,0.0000,0.0000,0.0000,3.1412,-0.2102,15.7879,0.0136,0.0031,-0.0205
1774945266.6715,0.0000,0.0000,0.0000,0.0000,0.0000,-3.1407,-0.2056,-23.7282,0.0359,-0.0118,-0.0194
1774945266.6913,0.0000,0.0000,0.0000,0.0000,0.0000,-3.1413,-0.2050,-7.8513,0.0104,0.0276,-0.0034
1774945266.7118,0.0000,0.0000,0.0000,0.0000,0.0000,-3.1414,-0.2014,-31.6184,0.0168,-0.0161,-0.0098
1774945266.7313,0.0000,0.0000,0.0000,0.0000,0.0000,-3.1402,-0.1983,10.5496,0.0019,-0.0416,-0.0237
1774945266.7530,0.0000,0.0000,0.0000,0.0000,0.0000,-3.1400,-0.1946,-9.7169,0.0157,-0.0384,-0.0183
1774945266.7713,0.0000,0.0000,0.0000,0.0000,0.0000,-3.1393,-0.1895,-23.1933,0.0157,0.0148,-0.0311
1774945266.7913,0.0000,0.0000,0.0000,0.0000,0.0000,-3.1388,-0.1870,41.7138,0.0104,0.1054,-0.0269
1774945266.8114,0.0000,0.0000,0.0000,0.0000,0.0000,-3.1402,-0.1864,-5.4240,0.0104,0.1395,-0.0183
1774945266.8312,0.0000,0.0000,0.0000,0.0000,0.0000,-3.1416,-0.1877,-4.3639,-0.0003,0.1895,-0.0173
1774945266.8514,0.0000,0.0000,0.0000,0.0000,0.0000,-3.1412,-0.1900,5.2748,0.0146,0.2257,-0.0087
1774945266.8712,0.0000,0.0000,0.0000,0.0000,0.0000,-3.1402,-0.1906,-22.2455,0.0264,0.1895,-0.0034
1774945266.8913,0.0000,0.0000,0.0000,0.0000,0.0000,-3.1402,-0.1949,2.6706,0.0104,0.2183,-0.0119
1774945266.9121,0.0000,0.0000,0.0000,0.0000,0.0000,-3.1403,-0.1983,-7.1908,0.0264,0.2684,-0.0237
1774945266.9313,0.0000,0.0000,0.0000,0.0000,0.0000,-3.1399,-0.1993,32.2723,0.0232,0.2087,-0.0247
1774945266.9516,0.0000,0.0000,0.0000,0.0000,0.0000,-3.1379,-0.2014,-11.9783,0.0445,0.1618,0.0008
1774945266.9712,0.0000,0.0000,0.0000,0.0000,0.0000,-3.1386,-0.2044,-16.2513,0.0381,0.1640,-0.0109
1774945266.9913,0.0000,0.0000,0.0000,0.0000,0.0000,-3.1381,-0.2065,17.6590,-0.0035,0.1331,-0.0098
1774945267.0113,0.0000,0.0000,0.0000,0.0000,0.0000,-3.1377,-0.2074,0.3422,0.0136,0.0393,-0.0098
1774945267.0314,0.0000,0.0000,0.0000,0.0000,0.0000,-3.1371,-0.2105,-44.7686,0.0413,0.0542,0.0221
1774945267.0513,0.0000,0.0000,0.0000,0.0000,0.0000,-3.1366,-0.2115,-17.3609,0.0232,0.0148,-0.0109
1774945267.0718,0.0000,0.0000,0.0000,0.0000,0.0000,-3.1361,-0.2117,-21.9350,-0.0013,-0.0395,-0.0024
1774945267.0912,0.0000,0.0000,0.0000,0.0000,0.0000,-3.1348,-0.2140,-2.3705,0.0466,-0.0363,-0.0130
1774945267.1113,0.0000,0.0000,0.0000,0.0000,0.0000,-3.1353,-0.2130,40.6749,0.0093,-0.0661,-0.0173
1774945267.1312,0.0000,0.0000,0.0000,0.0000,0.0000,-3.1346,-0.2113,-31.1665,-0.0077,-0.0981,-0.0205
1774945267.1514,0.0000,0.0000,0.0000,0.0000,0.0000,-3.1341,-0.2113,1.1818,-0.0077,-0.1205,-0.0279
1774945267.1714,0.0000,0.0000,0.0000,0.0000,0.0000,-3.1333,-0.2103,-41.2441,-0.0045,-0.0917,-0.0311
1774945267.1913,0.0000,0.0000,0.0000,0.0000,0.0000,-3.1329,-0.2109,33.8522,0.0136,-0.1098,-0.0151
1774945267.2112,0.0000,0.0000,0.0000,0.0000,0.0000,-3.1334,-0.2095,50.9235,0.0040,-0.1215,0.0019
1774945267.2313,0.0000,0.0000,0.0000,0.0000,0.0000,-3.1332,-0.2070,-11.7090,-0.0056,-0.1279,-0.0109
1774945267.2512,0.0000,0.0000,0.0000,0.0000,0.0000,-3.1321,-0.2067,31.1085,-0.0173,-0.1279,-0.0151
1774945267.2721,0.0000,0.0000,0.0000,0.0000,0.0000,-3.1301,-0.2072,-24.8840,-0.0003,-0.0992,-0.0173
1774945267.2913,0.0000,0.0000,0.0000,0.0000,0.0000,-3.1305,-0.2100,-10.2173,-0.0322,-0.0288,-0.0183
1774945267.3113,0.0000,0.0000,0.0000,0.0000,0.0000,-3.1319,-0.2122,15.6278,-0.0365,-0.0374,-0.0194
1774945267.3314,0.0000,0.0000,0.0000,0.0000,0.0000,-3.1307,-0.2129,15.8545,-0.0003,-0.0565,0.0008
1774945267.3512,0.0000,0.0000,0.0000,0.0000,0.0000,-3.1320,-0.2154,-37.2188,0.0008,-0.0352,-0.0130
1774945267.3714,0.0000,0.0000,0.0000,0.0000,0.0000,-3.1320,-0.2166,-13.4611,-0.0301,-0.0587,-0.0183
1774945267.3915,0.0000,0.0000,0.0000,0.0000,0.0000,-3.1328,-0.2195,2.4864,0.0029,-0.0565,-0.0183
1774945267.4118,0.0000,0.0000,0.0000,0.0000,0.0000,-3.1327,-0.2215,4.7371,0.0082,-0.0470,-0.0151
1774945267.4313,0.0000,0.0000,0.0000,0.0000,0.0000,-3.1326,-0.2235,4.2213,-0.0184,-0.0342,-0.0183
1774945267.4512,0.0000,0.0000,0.0000,0.0000,0.0000,-3.1330,-0.2235,39.4744,0.0061,-0.1077,-0.0066
1774945267.4713,0.0000,0.0000,0.0000,0.0000,0.0000,-3.1318,-0.2237,-54.3373,0.0221,-0.0981,-0.0109
1774945267.4913,0.0000,0.0000,0.0000,0.0000,0.0000,-3.1325,-0.2232,23.1781,0.0146,-0.1183,-0.0055
1774945267.5114,0.0000,0.0000,0.0000,0.0000,0.0000,-3.1335,-0.2224,-22.6169,0.0082,-0.1311,-0.0034
1774945267.5316,0.0000,0.0000,0.0000,0.0000,0.0000,-3.1317,-0.2211,-0.1168,-0.0035,-0.1034,-0.0215
1774945267.5513,0.0000,0.0000,0.0000,0.0000,0.0000,-3.1322,-0.2201,44.5268,-0.0205,-0.0853,-0.0226
1774945267.5712,0.0000,0.0000,0.0000,0.0000,0.0000,-3.1326,-0.2202,-20.2255,-0.0258,-0.0832,-0.0109
1774945267.5914,0.0000,0.0000,0.0000,0.0000,0.0000,-3.1329,-0.2187,17.4209,0.0168,-0.0960,-0.0045
1774945267.6112,0.0000,0.0000,0.0000,0.0000,0.0000,-3.1331,-0.2177,19.3696,0.0242,-0.0917,-0.0013
1774945267.6314,0.0000,0.0000,0.0000,0.0000,0.0000,-3.1335,-0.2176,-47.2019,0.0274,-0.0832,-0.0045
1774945267.6514,0.0000,0.0000,0.0000,0.0000,0.0000,-3.1339,-0.2183,1.2078,0.0072,-0.0470,-0.0119
1774945267.6720,0.0000,0.0000,0.0000,0.0000,0.0000,-3.1319,-0.2184,-3.3106,0.0104,-0.0310,-0.0279
1774945267.6914,0.0000,0.0000,0.0000,0.0000,0.0000,-3.1323,-0.2191,-15.7679,0.0029,-0.0331,-0.0311
1774945267.7113,0.0000,0.0000,0.0000,0.0000,0.0000,-3.1318,-0.2211,23.4313,-0.0120,0.0074,-0.0332
1774945267.7312,0.0000,0.0000,0.0000,0.0000,0.0000,-3.1322,-0.2239,13.6954,0.0125,-0.0043,-0.0002
1774945267.7513,0.0000,0.0000,0.0000,0.0000,0.0000,-3.1321,-0.2267,-32.3280,0.0455,-0.0086,0.0030
1774945267.7713,0.0000,0.0000,0.0000,0.0000,0.0000,-3.1339,-0.2295,27.3067,0.0040,-0.0065,0.0051
1774945267.7912,0.0000,0.0000,0.0000,0.0000,0.0000,-3.1336,-0.2319,-20.7515,-0.0141,-0.0491,0.0030
1774945267.8113,0.0000,0.0000,0.0000,0.0000,0.0000,-3.1317,-0.2322,-23.5082,0.0125,-0.0565,-0.0066
1774945267.8313,0.0000,0.0000,0.0000,0.0000,0.0000,-3.1297,-0.2331,17.1354,0.0157,-0.0406,-0.0237
1774945267.8514,0.0000,0.0000,0.0000,0.0000,0.0000,-3.1306,-0.2335,0.5121,-0.0227,-0.0374,-0.0290
1774945267.8713,0.0000,0.0000,0.0000,0.0000,0.0000,-3.1327,-0.2337,5.5204,-0.0290,-0.0416,-0.0322
1774945267.8916,0.0000,0.0000,0.0000,0.0000,0.0000,-3.1335,-0.2329,-6.7893,-0.0152,-0.0800,-0.0215
1774945267.9137,0.0000,0.0000,0.0000,0.0000,0.0000,-3.1341,-0.2297,22.1737,0.0200,-0.1290,-0.0087
1774945267.9314,0.0000,0.0000,0.0000,0.0000,0.0000,-3.1352,-0.2261,1.4851,0.0104,-0.1045,0.0040
1774945267.9515,0.0000,0.0000,0.0000,0.0000,0.0000,-3.1360,-0.2246,20.8571,-0.0088,-0.0970,-0.0013
1774945267.9714,0.0000,0.0000,0.0000,0.0000,0.0000,-3.1358,-0.2243,-20.1998,-0.0067,-0.0747,-0.0087
1774945267.9915,0.0000,0.0000,0.0000,0.0000,0.0000,-3.1343,-0.2220,13.1509,-0.0067,-0.0565,-0.0247
1774945268.0114,0.0000,0.0000,0.0000,0.0000,0.0000,-3.1328,-0.2167,-22.7074,-0.0258,-0.0906,-0.0780
1774945268.0313,0.0000,0.0000,0.0000,0.0000,0.0000,-3.1326,-0.2113,-15.9148,0.0029,-0.0438,-0.0812
1774945268.0513,0.0000,0.0000,0.0000,0.0000,0.0000,-3.1332,-0.2081,-10.2426,0.0114,0.0074,-0.0545
1774945268.0714,0.0000,0.0000,0.0000,0.0000,0.0000,-3.1341,-0.2050,-28.8216,0.0146,0.0542,-0.0183
1774945268.0913,0.0000,0.0000,0.0000,0.0000,0.0000,-3.1352,-0.2025,9.3054,0.0232,0.0308,0.0221
1774945268.1113,0.0000,0.0000,0.0000,0.0000,0.0000,-3.1368,-0.2005,12.6839,0.0082,0.0468,0.0211
1774945268.1312,0.0000,0.0000,0.0000,0.0000,0.0000,-3.1370,-0.2003,3.5822,-0.0248,0.0724,0.0072
1774945268.1512,0.0000,0.0000,0.0000,0.0000,0.0000,-3.1353,-0.2007,26.9952,-0.0120,0.1448,-0.0151
1774945268.1715,0.0000,0.0000,0.0000,0.0000,0.0000,-3.1316,-0.2032,43.2352,0.0178,0.1917,-0.0407
1774945268.1912,0.0000,0.0000,0.0000,0.0000,0.0000,-3.1334,-0.2069,-49.4256,0.0178,0.2172,-0.0215
1774945268.2112,0.0000,0.0000,0.0000,0.0000,0.0000,-3.1356,-0.2114,-19.7663,0.0604,0.2204,-0.0013
1774945268.2314,0.0000,0.0000,0.0000,0.0000,0.0000,-3.1368,-0.2173,-42.2514,0.0104,0.1917,0.0104
1774945268.2517,0.0000,0.0000,0.0000,0.0000,0.0000,-3.1376,-0.2228,-16.5997,-0.0227,0.1554,0.0136
1774945268.2713,0.0000,0.0000,0.0000,0.0000,0.0000,-3.1357,-0.2251,49.2873,0.0029,0.0851,0.0094
1774945268.2913,0.0000,0.0000,0.0000,0.0000,0.0000,-3.1320,-0.2263,-32.4194,0.0242,0.0542,-0.0077
1774945268.3113,0.0000,0.0000,0.0000,0.0000,0.0000,-3.1296,-0.2288,28.9575,0.0210,0.0212,-0.0322
1774945268.3313,0.0000,0.0000,0.0000,0.0000,0.0000,-3.1282,-0.2267,-2.2081,0.0082,-0.0448,-0.0396
1774945268.3514,0.0000,0.0000,0.0000,0.0000,0.0000,-3.1260,-0.2224,0.3924,0.0146,-0.0960,-0.0588
1774945268.3714,0.0000,0.0000,0.0000,0.0000,0.0000,-3.1263,-0.2196,-42.9464,-0.0131,-0.0832,-0.0556
1774945268.3916,0.0000,0.0000,0.0000,0.0000,0.0000,-3.1286,-0.2163,-6.0060,0.0093,-0.0512,-0.0290
1774945268.4139,0.0000,0.0000,0.0000,0.0000,0.0000,-3.1286,-0.2127,-4.7251,0.0008,-0.0779,-0.0205
1774945268.4314,0.0000,0.0000,0.0000,0.0000,0.0000,-3.1328,-0.2119,-46.4595,-0.0312,-0.0310,0.0083
1774945268.4522,0.0000,0.0000,0.0000,0.0000,0.0000,-3.1347,-0.2108,71.1796,-0.0844,-0.0363,-0.0024
1774945268.4718,0.0000,0.0000,0.0000,0.0000,0.0000,-3.1328,-0.2074,-27.0188,-0.0397,-0.0523,-0.0141
1774945268.4913,0.0000,0.0000,0.0000,0.0000,0.0000,-3.1307,-0.2041,-42.2087,0.0295,-0.0225,-0.0503
1774945268.5114,0.0000,0.0000,0.0000,0.0000,0.0000,-3.1330,-0.2014,43.4015,-0.0227,0.0351,-0.0631
1774945268.5324,0.0000,0.0000,0.0000,0.0000,0.0000,-3.1329,-0.1988,20.0000,0.0178,0.0020,-0.0460
1774945268.5516,0.0000,0.0000,0.0000,0.0000,0.0000,-3.1367,-0.1995,-6.1038,0.0146,0.0755,-0.0087
1774945268.5714,0.0000,0.0000,0.0000,0.0000,0.0000,-3.1402,-0.2003,42.1286,-0.0322,0.0649,0.0253
1774945268.5915,0.0000,0.0000,0.0000,0.0000,0.0000,3.1415,-0.2027,19.5258,-0.0205,0.0521,0.0062
1774945268.6114,0.0000,0.0000,0.0000,0.0000,0.0000,-3.1405,-0.2034,-8.4390,0.0029,0.0713,0.0136
1774945268.6313,0.0000,0.0000,0.0000,0.0000,0.0000,-3.1378,-0.2068,-57.5450,0.0327,0.1000,0.0019
1774945268.6520,0.0000,0.0000,0.0000,0.0000,0.0000,-3.1385,-0.2116,-30.3868,0.0370,0.1437,-0.0173
1774945268.6720,0.0000,0.0000,0.0000,0.0000,0.0000,-3.1389,-0.2154,32.7432,0.0338,0.1224,-0.0205
1774945268.6913,0.0000,0.0000,0.0000,0.0000,0.0000,-3.1391,-0.2169,60.5230,0.0732,0.0436,-0.0183
1774945268.7112,0.0000,0.0000,0.0000,0.0000,0.0000,-3.1396,-0.2163,37.7727,0.0359,-0.0288,-0.0141
1774945268.7313,0.0000,0.0000,0.0000,0.0000,0.0000,-3.1377,-0.2169,-8.3489,0.0551,-0.0384,-0.0151
1774945268.7515,0.0000,0.0000,0.0000,0.0000,0.0000,-3.1378,-0.2202,-30.3529,0.0434,-0.0022,-0.0087
1774945268.7713,0.0000,0.0000,0.0000,0.0000,0.0000,-3.1365,-0.2197,0.0000,0.0221,0.0361,-0.0024
1774945268.7912,0.0000,0.0000,0.0000,0.0000,0.0000,-3.1328,-0.2207,0.0000,0.0615,-0.0033,-0.0045
1774945268.8113,0.0000,0.0000,0.0000,0.0000,0.0000,-3.1337,-0.2213,-18.5235,0.0295,-0.0512,-0.0024
1774945268.8313,0.0000,0.0000,0.0000,0.0000,0.0000,-3.1349,-0.2204,0.0000,0.0210,-0.0853,-0.0109
1774945268.8513,0.0000,0.0000,0.0000,0.0000,0.0000,-3.1347,-0.2201,0.0000,0.0157,-0.0842,-0.0141
1774945268.8714,0.0000,0.0000,0.0000,0.0000,0.0000,-3.1348,-0.2201,0.0000,-0.0152,-0.0693,-0.0098
1774945268.8914,0.0000,0.0000,0.0000,0.0000,0.0000,-3.1344,-0.2194,0.0000,0.0072,-0.0810,-0.0002
1774945268.9113,0.0000,0.0000,0.0000,0.0000,0.0000,-3.1347,-0.2210,0.0000,0.0317,-0.1013,-0.0045
1774945268.9313,0.0000,0.0000,0.0000,0.0000,0.0000,-3.1358,-0.2215,0.0000,0.0061,-0.1258,-0.0119
1774945268.9517,0.0000,0.0000,0.0000,0.0000,0.0000,-3.1318,-0.2214,0.0000,0.0626,-0.0917,-0.0162
1774945268.9715,0.0000,0.0000,0.0000,0.0000,0.0000,-3.1315,-0.2200,0.0000,0.0168,-0.0235,-0.0300
1774945268.9915,0.0000,0.0000,0.0000,0.0000,0.0000,-3.1318,-0.2199,0.0000,-0.0269,-0.0267,-0.0322
1774945269.0112,0.0000,0.0000,0.0000,0.0000,0.0000,-3.1305,-0.2205,0.0000,0.0114,-0.0374,-0.0258
1774945269.0313,0.0000,0.0000,0.0000,0.0000,0.0000,-3.1310,-0.2197,0.0000,-0.0013,-0.0523,-0.0034
1774945269.0512,0.0000,0.0000,0.0000,0.0000,0.0000,-3.1307,-0.2183,0.0000,0.0061,-0.0608,0.0083
1774945269.0714,0.0000,0.0000,0.0000,0.0000,0.0000,-3.1278,-0.2195,0.0000,0.0200,-0.0214,0.0030
1774945269.0914,0.0000,0.0000,0.0000,0.0000,0.0000,-3.1268,-0.2173,0.0000,-0.0088,0.0159,0.0008
1774945269.1112,0.0000,0.0000,0.0000,0.0000,0.0000,-3.1242,-0.2188,26.7176,0.0306,-0.0086,-0.0066
1774945269.1320,0.0000,0.0000,0.0000,0.0000,0.0000,-3.1266,-0.2180,0.0000,-0.0024,-0.0129,-0.0279
1774945269.1512,0.0000,0.0000,0.0000,0.0000,0.0000,-3.1277,-0.2194,-39.3026,0.0019,-0.0257,-0.0162
1774945269.1713,0.0000,0.0000,0.0000,0.0000,0.0000,-3.1270,-0.2217,-54.6312,0.0189,0.0212,-0.0247
1774945269.1913,0.0000,0.0000,0.0000,0.0000,0.0000,-3.1271,-0.2223,-15.7612,-0.0120,0.0606,-0.0215
1774945269.2113,0.0000,0.0000,0.0000,0.0000,0.0000,-3.1246,-0.2238,2.5909,0.0168,0.0383,-0.0205
1774945269.2323,0.0000,0.0000,0.0000,0.0000,0.0000,-3.1255,-0.2232,-27.1910,0.0242,-0.0214,-0.0205
1774945269.2515,0.0000,0.0000,0.0000,0.0000,0.0000,-3.1272,-0.2262,-6.9834,-0.0131,-0.0246,-0.0141
1774945269.2720,0.0000,0.0000,0.0000,0.0000,0.0000,-3.1262,-0.2248,-19.1524,0.0072,-0.0427,-0.0024
1774945269.2913,0.0000,0.0000,0.0000,0.0000,0.0000,-3.1249,-0.2244,-46.7438,-0.0035,-0.0267,-0.0077
1774945269.3112,0.0000,0.0000,0.0000,0.0000,0.0000,-3.1264,-0.2249,21.1163,-0.0322,0.0127,-0.0205
1774945269.3314,0.0000,0.0000,0.0000,0.0000,0.0000,-3.1253,-0.2245,18.9680,-0.0376,-0.0129,-0.0237
1774945269.3514,0.0000,0.0000,0.0000,0.0000,0.0000,-3.1235,-0.2240,-24.9078,-0.0205,-0.0171,-0.0343
1774945269.3717,0.0000,0.0000,0.0000,0.0000,0.0000,-3.1264,-0.2228,35.6128,-0.0397,-0.0214,-0.0343
1774945269.3912,0.0000,0.0000,0.0000,0.0000,0.0000,-3.1283,-0.2213,7.7423,-0.0184,-0.0257,-0.0194
1774945269.4127,0.0000,0.0000,0.0000,0.0000,0.0000,-3.1290,-0.2209,-33.7524,0.0061,-0.0171,-0.0109
1774945269.4314,0.0000,0.0000,0.0000,0.0000,0.0000,-3.1316,-0.2207,-51.2027,-0.0227,0.0180,0.0083
1774945269.4513,0.0000,0.0000,0.0000,0.0000,0.0000,-3.1305,-0.2219,18.1974,0.0082,0.0052,-0.0087
1774945269.4725,0.0000,0.0000,0.0000,0.0000,0.0000,-3.1313,-0.2205,11.0808,-0.0195,-0.0342,-0.0237
1774945269.4912,0.0000,0.0000,0.0000,0.0000,0.0000,-3.1313,-0.2198,-12.6652,-0.0013,-0.0267,-0.0162
1774945269.5116,0.0000,0.0000,0.0000,0.0000,0.0000,-3.1314,-0.2187,-4.4762,0.0349,-0.0097,-0.0162
1774945269.5313,0.0000,0.0000,0.0000,0.0000,0.0000,-3.1321,-0.2193,-13.6954,0.0232,0.0265,-0.0183
1774945269.5514,0.0000,0.0000,0.0000,0.0000,0.0000,-3.1337,-0.2187,-13.4599,0.0050,0.0127,-0.0151
1774945269.5712,0.0000,0.0000,0.0000,0.0000,0.0000,-3.1331,-0.2184,35.8988,0.0232,-0.0193,-0.0119
1774945269.5912,0.0000,0.0000,0.0000,0.0000,0.0000,-3.1345,-0.2178,10.9080,-0.0237,-0.0725,-0.0162
1774945269.6116,0.0000,0.0000,0.0000,0.0000,0.0000,-3.1335,-0.2165,-26.5676,-0.0003,-0.0597,-0.0364
1774945269.6312,0.0000,0.0000,0.0000,0.0000,0.0000,-3.1310,-0.2154,-25.1420,0.0221,-0.0299,-0.0354
1774945269.6513,0.0000,0.0000,0.0000,0.0000,0.0000,-3.1306,-0.2151,-15.5187,-0.0003,0.0191,-0.0194
1774945269.6718,0.0000,0.0000,0.0000,0.0000,0.0000,-3.1303,-0.2141,-22.9173,-0.0056,-0.0043,-0.0226
1774945269.6914,0.0000,0.0000,0.0000,0.0000,0.0000,-3.1297,-0.2131,35.5460,-0.0024,-0.0278,-0.0215
1774945269.7114,0.0000,0.0000,0.0000,0.0000,0.0000,-3.1302,-0.2106,44.5094,-0.0035,-0.0565,-0.0066
1774945269.7312,0.0000,0.0000,0.0000,0.0000,0.0000,-3.1290,-0.2102,37.5532,0.0104,0.0010,-0.0002
1774945269.7517,0.0000,0.0000,0.0000,0.0000,0.0000,-3.1312,-0.2100,32.9285,-0.0184,0.0351,-0.0119
1774945269.7713,0.0000,0.0000,0.0000,0.0000,0.0000,-3.1316,-0.2089,8.9918,-0.0163,0.0095,-0.0109
1774945269.7914,0.0000,0.0000,0.0000,0.0000,0.0000,-3.1317,-0.2067,11.3896,0.0061,-0.0267,-0.0258
1774945269.8112,0.0000,0.0000,0.0000,0.0000,0.0000,-3.1341,-0.2056,-21.9967,-0.0045,-0.0342,-0.0183
1774945269.8315,0.0000,0.0000,0.0000,0.0000,0.0000,-3.1322,-0.2076,-3.0954,0.0370,0.0383,-0.0119
1774945269.8518,0.0000,0.0000,0.0000,0.0000,0.0000,-3.1346,-0.2070,32.3602,0.0072,0.0798,-0.0109
1774945269.8727,0.0000,0.0000,0.0000,0.0000,0.0000,-3.1343,-0.2074,51.0715,-0.0024,0.0649,-0.0141
1774945269.8912,0.0000,0.0000,0.0000,0.0000,0.0000,-3.1351,-0.2076,31.2519,-0.0024,0.0116,-0.0183
1774945269.9113,0.0000,0.0000,0.0000,0.0000,0.0000,-3.1354,-0.2065,-29.8769,-0.0099,-0.0129,-0.0034
1774945269.9312,0.0000,0.0000,0.0000,0.0000,0.0000,-3.1327,-0.2080,22.4377,0.0381,0.0138,0.0040
1774945269.9514,0.0000,0.0000,0.0000,0.0000,0.0000,-3.1342,-0.2084,-33.8113,0.0264,0.0340,0.0126
1774945269.9716,0.0000,0.0000,0.0000,0.0000,0.0000,-3.1321,-0.2083,-3.2942,0.0583,0.0425,-0.0109
1774945269.9912,0.0000,0.0000,0.0000,0.0000,0.0000,-3.1337,-0.2057,25.2220,0.0189,-0.0193,-0.0247
1774945270.0114,0.0000,0.0000,0.0000,0.0000,0.0000,-3.1309,-0.2031,-21.5213,0.0221,-0.0661,-0.0418
1774945270.0314,0.0000,0.0000,0.0000,0.0000,0.0000,-3.1314,-0.2038,11.6184,0.0189,0.0212,-0.0322
1774945270.0514,0.0000,0.0000,0.0000,0.0000,0.0000,-3.1309,-0.2033,26.5701,-0.0013,0.0425,-0.0258
1774945270.0712,0.0000,0.0000,0.0000,0.0000,0.0000,-3.1303,-0.2014,0.0559,-0.0258,-0.0267,-0.0279
1774945270.0913,0.0000,0.0000,0.0000,0.0000,0.0000,-3.1284,-0.1993,-15.3338,-0.0088,-0.0246,-0.0269
1774945270.1118,0.0000,0.0000,0.0000,0.0000,0.0000,-3.1264,-0.1957,9.6531,0.0146,-0.0203,-0.0322
1774945270.1314,0.0000,0.0000,0.0000,0.0000,0.0000,-3.1283,-0.1947,7.9492,-0.0589,0.0319,-0.0354
1774945270.1517,0.0000,0.0000,0.0000,0.0000,0.0000,-3.1270,-0.1929,9.8807,0.0242,0.0894,-0.0482
1774945270.1718,0.0000,0.0000,0.0000,0.0000,0.0000,-3.1292,-0.1908,30.1773,-0.0546,0.0351,-0.0269
1774945270.1912,0.0000,0.0000,0.0000,0.0000,0.0000,-3.1312,-0.1910,-67.4034,-0.0109,0.1096,-0.0290
1774945270.2124,0.0000,0.0000,0.0000,0.0000,0.0000,-3.1336,-0.1907,12.2656,-0.0429,0.1767,-0.0162
1774945270.2313,0.0000,0.0000,0.0000,0.0000,0.0000,-3.1334,-0.1915,18.9587,-0.0205,0.1757,-0.0109
1774945270.2515,0.0000,0.0000,0.0000,0.0000,0.0000,-3.1324,-0.1931,-8.2445,0.0391,0.1767,-0.0077
1774945270.2716,0.0000,0.0000,0.0000,0.0000,0.0000,-3.1352,-0.1951,34.2955,-0.0099,0.2130,-0.0109
1774945270.2914,0.0000,0.0000,0.0000,0.0000,0.0000,-3.1364,-0.1998,35.7849,0.0040,0.1917,-0.0386
1774945270.3115,0.0000,0.0000,0.0000,0.0000,0.0000,-3.1381,-0.2071,-5.9035,-0.0088,0.1906,-0.0066
1774945270.3317,0.0000,0.0000,0.0000,0.0000,0.0000,-3.1368,-0.2126,-79.5511,0.0232,0.1480,-0.0151
1774945270.3522,0.0000,0.0000,0.0000,0.0000,0.0000,-3.1361,-0.2165,25.8658,-0.0013,0.1256,-0.0034
1774945270.3714,0.0000,0.0000,0.0000,0.0000,0.0000,-3.1368,-0.2202,2.6845,-0.0354,0.0425,-0.0130
1774945270.3912,0.0000,0.0000,0.0000,0.0000,0.0000,-3.1339,-0.2215,34.3563,0.0317,-0.0267,-0.0130
1774945270.4116,0.0000,0.0000,0.0000,0.0000,0.0000,-3.1350,-0.2198,59.0921,0.0029,-0.0821,-0.0034
1774945270.4322,0.0000,0.0000,0.0000,0.0000,0.0000,-3.1353,-0.2178,50.9565,0.0082,-0.0896,-0.0556
1774945270.4515,0.0000,0.0000,0.0000,0.0000,0.0000,-3.1336,-0.2141,-34.1126,-0.0152,-0.1098,-0.0833
1774945270.4720,0.0000,0.0000,0.0000,0.0000,0.0000,-3.1369,-0.2120,-76.3680,-0.0013,-0.0810,-0.0418
1774945270.4913,0.0000,0.0000,0.0000,0.0000,0.0000,-3.1367,-0.2085,21.7765,0.0093,-0.0949,-0.0577
1774945270.5113,0.0000,0.0000,0.0000,0.0000,0.0000,-3.1371,-0.2070,-0.2302,0.0019,-0.0874,-0.0173
1774945270.5314,0.0000,0.0000,0.0000,0.0000,0.0000,-3.1392,-0.2048,-12.4812,0.0221,-0.0874,0.0147
1774945270.5514,0.0000,0.0000,0.0000,0.0000,0.0000,-3.1378,-0.2038,-7.1424,-0.0003,-0.0821,0.0147
1774945270.5731,0.0000,0.0000,0.0000,0.0000,0.0000,-3.1392,-0.2006,25.6287,0.0019,-0.0725,0.0040
1774945270.5913,0.0000,0.0000,0.0000,0.0000,0.0000,-3.1391,-0.2000,-68.0478,-0.0056,0.0020,-0.0322
1774945270.6113,0.0000,0.0000,0.0000,0.0000,0.0000,-3.1366,-0.1994,65.5390,0.0050,0.0063,-0.0354
1774945270.6313,0.0000,0.0000,0.0000,0.0000,0.0000,-3.1383,-0.1983,6.8495,-0.0301,0.0020,-0.0588
1774945270.6523,0.0000,0.0000,0.0000,0.0000,0.0000,-3.1383,-0.1981,-37.9527,-0.0067,0.0052,-0.0375
1774945270.6713,0.0000,0.0000,0.0000,0.0000,0.0000,-3.1379,-0.1997,34.6663,0.0381,0.0681,-0.0130
1774945270.6913,0.0000,0.0000,0.0000,0.0000,0.0000,-3.1396,-0.2013,86.3132,-0.0003,0.0564,0.0008
1774945270.7115,0.0000,0.0000,0.0000,0.0000,0.0000,-3.1408,-0.2023,51.9692,0.0072,0.0542,0.0019
1774945270.7316,0.0000,0.0000,0.0000,0.0000,0.0000,-3.1397,-0.2022,46.0362,0.0082,0.0233,-0.0183
1774945270.7515,0.0000,0.0000,0.0000,0.0000,0.0000,-3.1386,-0.2007,-33.3770,0.0274,-0.0012,-0.0386
1774945270.7712,0.0000,0.0000,0.0000,0.0000,0.0000,-3.1378,-0.1992,-63.1780,0.0572,0.0106,-0.0162
1774945270.7913,0.0000,0.0000,0.0000,0.0000,0.0000,-3.1363,-0.2008,25.3837,0.0477,0.0436,-0.0396
1774945270.8120,0.0000,0.0000,0.0000,0.0000,0.0000,-3.1372,-0.1999,20.0008,0.0477,0.0223,-0.0205
1774945270.8313,0.0000,0.0000,0.0000,0.0000,0.0000,-3.1364,-0.2000,-64.0421,0.0509,-0.0150,-0.0183
1774945270.8512,0.0000,0.0000,0.0000,0.0000,0.0000,-3.1341,-0.2000,-41.1397,0.0253,-0.0395,-0.0237
1774945270.8715,0.0000,0.0000,0.0000,0.0000,0.0000,-3.1359,-0.2001,31.4547,0.0338,-0.0139,0.0094
1774945270.8914,0.0000,0.0000,0.0000,0.0000,0.0000,-3.1354,-0.1974,60.7467,0.0008,-0.0065,-0.0077
1774945270.9115,0.0000,0.0000,0.0000,0.0000,0.0000,-3.1328,-0.1962,-67.8358,-0.0013,0.0010,-0.0503
1774945270.9323,0.0000,0.0000,0.0000,0.0000,0.0000,-3.1324,-0.1962,23.3077,0.0114,0.0287,-0.0439
1774945270.9521,0.0000,0.0000,0.0000,0.0000,0.0000,-3.1325,-0.1964,48.6973,0.0509,0.0532,-0.0215
1774945270.9721,0.0000,0.0000,0.0000,0.0000,0.0000,-3.1325,-0.1956,32.4807,0.0583,0.0233,-0.0162
1774945270.9917,0.0000,0.0000,0.0000,0.0000,0.0000,-3.1326,-0.1926,-64.5058,0.0317,-0.0672,-0.0098
1774945271.0130,0.0000,0.0000,0.0000,0.0000,0.0000,-3.1343,-0.1908,-62.6694,-0.0269,-0.0651,-0.0439
1774945271.0312,0.0000,0.0000,0.0000,0.0000,0.0000,-3.1359,-0.1869,66.0415,-0.0461,-0.0928,-0.0514
1774945271.0516,0.0000,0.0000,0.0000,0.0000,0.0000,-3.1334,-0.1826,19.3369,0.0732,-0.1013,-0.0524
1774945271.0714,0.0000,0.0000,0.0000,0.0000,0.0000,-3.1326,-0.1843,-18.4194,0.0327,0.0638,-0.0503
1774945271.0913,0.0000,0.0000,0.0000,0.0000,0.0000,-3.1341,-0.1853,32.3589,-0.0152,0.1799,-0.0269
1774945271.1113,0.0000,0.0000,0.0000,0.0000,0.0000,-3.1329,-0.1875,17.1947,-0.0258,0.1778,-0.0290
1774945271.1313,0.0000,0.0000,0.0000,0.0000,0.0000,-3.1331,-0.1900,24.8056,-0.0013,0.1576,-0.0151
1774945271.1513,0.0000,0.0000,0.0000,0.0000,0.0000,-3.1336,-0.1914,6.0323,0.0583,0.1096,-0.0055
1774945271.1713,0.0000,0.0000,0.0000,0.0000,0.0000,-3.1327,-0.1963,-57.8881,0.0583,0.1331,-0.0183
1774945271.1912,0.0000,0.0000,0.0000,0.0000,0.0000,-3.1337,-0.2011,71.9928,0.0583,0.1778,-0.0194
1774945271.2114,0.0000,0.0000,0.0000,0.0000,0.0000,-3.1348,-0.2040,18.6720,0.0732,0.1000,-0.0034
1774945271.2317,0.0000,0.0000,0.0000,0.0000,0.0000,-3.1326,-0.2052,-4.7330,0.0679,0.0287,-0.0279
1774945271.2512,0.0000,0.0000,0.0000,0.0000,0.0000,-3.1303,-0.2048,55.6036,0.0530,-0.0214,-0.0407
1774945271.2717,0.0000,0.0000,0.0000,0.0000,0.0000,-3.1291,-0.2047,-19.1964,-0.0237,-0.0257,-0.0599
1774945271.2916,0.0000,0.0000,0.0000,0.0000,0.0000,-3.1294,-0.2059,21.0348,-0.0365,0.0532,-0.0652
1774945271.3120,0.0000,0.0000,0.0000,0.0000,0.0000,-3.1288,-0.2059,19.9100,-0.0354,0.0479,-0.0514
1774945271.3316,0.0000,0.0000,0.0000,0.0000,0.0000,-3.1264,-0.2063,0.0000,0.0327,-0.0086,-0.0109
1774945271.3514,0.0000,0.0000,0.0000,0.0000,0.0000,-3.1295,-0.2042,0.0000,0.0019,-0.0118,-0.0205
1774945271.3713,0.0000,0.0000,0.0000,0.0000,0.0000,-3.1283,-0.2008,0.0000,-0.0152,-0.0161,-0.0205
1774945271.3918,0.0000,0.0000,0.0000,0.0000,0.0000,-3.1270,-0.2007,0.0000,-0.0376,-0.0235,-0.0269
1774945271.4116,0.0000,0.0000,0.0000,0.0000,0.0000,-3.1270,-0.2022,0.0000,-0.0013,0.0319,-0.0418
1774945271.4317,0.0000,0.0000,0.0000,0.0000,0.0000,-3.1271,-0.2000,0.0000,-0.0397,0.0447,-0.0652
1774945271.4521,0.0000,0.0000,0.0000,0.0000,0.0000,-3.1264,-0.2009,0.0000,-0.0525,0.0532,-0.0556
1774945271.4765,0.0000,0.0000,0.0000,0.0000,0.0000,-3.1263,-0.2022,-20.1937,-0.0461,-0.0182,-0.0375
1774945271.4919,0.0000,0.0000,0.0000,0.0000,0.0000,-3.1245,-0.2014,0.0000,0.0253,-0.0193,-0.0279
1774945271.5115,0.0000,0.0000,0.0000,0.0000,0.0000,-3.1240,-0.2007,0.0000,0.0381,-0.0523,-0.0332
1774945271.5312,0.0000,0.0000,0.0000,0.0000,0.0000,-3.1252,-0.2032,0.0000,0.0008,-0.0257,-0.0545
1774945271.5515,0.0000,0.0000,0.0000,0.0000,0.0000,-3.1281,-0.2045,0.0000,-0.0099,0.0063,-0.0055
1774945271.5714,0.0000,0.0000,0.0000,0.0000,0.0000,-3.1319,-0.2025,0.0000,-0.0589,-0.0288,0.1383
1774945271.5914,0.0000,0.0000,0.0000,0.0000,0.0000,-3.1365,-0.1981,0.0000,-0.1388,-0.0992,0.2214
1774945271.6122,0.0000,0.0000,0.0000,0.0000,0.0000,-3.1354,-0.1970,0.0000,-0.1270,0.0138,0.2373
1774945271.6316,0.0000,0.0000,0.0000,0.0000,0.0000,-3.1343,-0.1962,0.0000,-0.0770,0.0393,0.2032
1774945271.6518,0.0000,0.0000,0.0000,0.0000,0.0000,-3.1313,-0.1976,47.9035,-0.0354,0.0947,0.1542
1774945271.6717,0.0000,0.0000,0.0000,0.0000,0.0000,-3.1314,-0.1948,0.0000,-0.0514,-0.0352,0.1734
1774945271.6914,0.0000,0.0000,0.0000,0.0000,0.0000,-3.1335,-0.1963,0.0000,-0.1185,-0.0576,0.1425
1774945271.7129,0.0000,0.0000,0.0000,0.0000,0.0000,-3.1315,-0.1981,39.1576,-0.0248,0.0734,0.1159
1774945271.7317,0.0000,0.0000,0.0000,0.0000,0.0000,-3.1326,-0.2013,-20.7323,0.0040,0.0862,0.1287
1774945271.7514,0.0000,0.0000,0.0000,0.0000,0.0000,-3.1336,-0.2055,-19.2638,0.0019,0.0862,0.1340
1774945271.7718,0.0000,0.0000,0.0000,0.0000,0.0000,-3.1344,-0.2021,35.8081,0.0029,-0.1077,0.1521
1774945271.7916,0.0000,0.0000,0.0000,0.0000,0.0000,-3.1348,-0.2029,-65.9537,-0.0163,-0.0747,0.1351
1774945271.8117,0.0000,0.0000,0.0000,0.0000,0.0000,-3.1331,-0.2051,-27.8881,-0.0141,0.0479,0.1457
1774945271.8314,0.0000,0.0000,0.0000,0.0000,0.0000,-3.1307,-0.2070,113.1627,0.0093,0.0937,0.1436
1774945271.8513,0.0000,0.0000,0.0000,0.0000,0.0000,-3.1304,-0.2058,-88.8350,0.0072,-0.0246,0.1393
1774945271.8714,0.0000,0.0000,0.0000,0.0000,0.0000,-3.1308,-0.2064,25.4539,0.0327,-0.0810,0.1649
1774945271.8918,0.0000,0.0000,0.0000,0.0000,0.0000,-3.1288,-0.2058,-81.1618,0.0785,-0.1045,0.1681
1774945271.9115,0.0000,0.0000,0.0000,0.0000,0.0000,-3.1269,-0.2069,35.8969,0.0317,-0.0725,0.1660
1774945271.9321,0.0000,0.0000,0.0000,0.0000,0.0000,-3.1264,-0.2100,-12.6129,-0.0258,-0.0107,0.1937
1774945271.9515,0.0000,0.0000,0.0000,0.0000,0.0000,-3.1228,-0.2128,17.2581,0.0615,-0.0267,0.1883
1774945271.9721,0.0000,0.0000,0.0000,0.0000,0.0000,-3.1208,-0.2151,-27.9165,0.0359,-0.0491,0.1990
1774945271.9916,0.0000,0.0000,0.0000,0.0000,0.0000,-3.1193,-0.2175,54.9243,0.0050,-0.0182,0.2192
1774945272.0113,0.0000,0.0000,0.0000,0.0000,0.0000,-3.1150,-0.2160,115.7990,0.0540,-0.0853,0.1681
1774945272.0317,0.0000,0.0000,0.0000,0.0000,0.0000,-3.1121,-0.2116,13.2899,-0.0109,-0.2611,0.1830
1774945272.0517,0.0000,0.0000,0.0000,0.0000,0.0000,-3.1089,-0.2086,-46.2541,0.0945,-0.1972,0.1851
1774945272.0717,0.0000,0.0000,0.0000,0.0000,0.0000,-3.1072,-0.2079,36.6346,0.0604,-0.1024,0.1883
1774945272.0915,0.0000,0.0000,0.0000,0.0000,0.0000,-3.1035,-0.2074,34.7177,0.0679,-0.0459,0.1990
1774945272.1113,0.0000,0.0000,0.0000,0.0000,0.0000,-3.1007,-0.2071,41.7260,0.0903,-0.0118,0.1724
1774945272.1321,0.0000,0.0000,0.0000,0.0000,0.0000,-3.0986,-0.2057,45.1569,0.0423,-0.1215,0.1915
1774945272.1520,0.0000,0.0000,0.0000,0.0000,0.0000,-3.0976,-0.2066,-40.3395,-0.0301,-0.0960,0.1724
1774945272.1714,0.0000,0.0000,0.0000,0.0000,0.0000,-3.0971,-0.2080,62.3175,-0.0376,-0.0171,0.1457
1774945272.1915,0.0000,0.0000,0.0000,0.0000,0.0000,-3.0944,-0.2103,62.2920,0.0189,-0.0608,0.1819
1774945272.2114,0.0000,0.0000,0.0000,0.0000,0.0000,-3.0929,-0.2118,-58.7921,-0.0131,-0.0129,0.1809
1774945272.2315,0.0000,0.0000,0.0000,0.0000,0.0000,-3.0914,-0.2128,-25.5491,-0.0663,-0.0171,0.1404
1774945272.2520,0.0000,0.0000,0.0000,0.0000,0.0000,-3.0914,-0.2182,-31.7326,-0.0077,0.0862,0.1830
1774945272.2720,0.0000,0.0000,0.0000,0.0000,0.0000,-3.0915,-0.2221,-29.2927,-0.0290,0.1416,0.1937
1774945272.2914,0.0000,0.0000,0.0000,0.0000,0.0000,-3.0899,-0.2238,94.1158,-0.0706,0.0287,0.1883
1774945272.3116,0.0000,0.0000,0.0000,0.0000,0.0000,-3.0900,-0.2237,-17.3197,-0.0876,-0.0853,0.1734
1774945272.3316,0.0000,0.0000,0.0000,0.0000,0.0000,-3.0907,-0.2233,20.6018,-0.1068,-0.1247,0.2288
1774945272.3537,0.0000,0.0000,0.0000,0.0000,0.0000,-3.0910,-0.2234,89.4953,-0.0077,-0.1364,0.3012
1774945272.3722,0.0000,0.0000,0.0000,0.0000,0.0000,-3.0915,-0.2209,-85.1354,-0.0131,-0.1663,0.3140
1774945272.3916,0.0000,0.0000,0.0000,0.0000,0.0000,-3.0909,-0.2160,-62.7753,-0.0802,-0.0917,0.3055
1774945272.4128,0.0000,0.0000,0.0000,0.0000,0.0000,-3.0911,-0.2129,-5.2974,-0.1473,-0.0906,0.2661
1774945272.4315,0.0000,0.0000,0.0000,0.0000,0.0000,-3.0890,-0.2108,-15.0238,-0.1249,-0.0214,0.2757
1774945272.4517,0.0000,0.0000,0.0000,0.0000,0.0000,-3.0890,-0.2137,87.6353,-0.1452,0.0116,0.3300
1774945272.4714,0.0000,0.0000,0.0000,0.0000,0.0000,-3.0876,-0.2132,46.8434,-0.1207,-0.0331,0.3364
1774945272.4921,0.0000,0.0000,0.0000,0.0000,0.0000,-3.0893,-0.2090,-56.1369,-0.1792,-0.0885,0.3598
1774945272.5118,0.0000,0.0000,0.0000,0.0000,0.0000,-3.0883,-0.2072,-44.4044,-0.1068,-0.0086,0.3503
1774945272.5320,0.0000,0.0000,0.0000,0.0000,0.0000,-3.0899,-0.2074,31.2244,-0.1611,0.0276,0.3439
1774945272.5521,0.0000,0.0000,0.0000,0.0000,0.0000,-3.0925,-0.2091,-75.9714,-0.1856,0.0585,0.3641
1774945272.5724,0.0000,0.0000,0.0000,0.0000,0.0000,-3.0935,-0.2134,87.8465,-0.1601,0.1000,0.3577
1774945272.5927,0.0000,0.0000,0.0000,0.0000,0.0000,-3.0949,-0.2131,-17.4805,-0.2591,0.0223,0.2640
1774945272.6126,0.0000,0.0000,0.0000,0.0000,0.0000,-3.0970,-0.2133,20.0580,-0.2464,0.0052,0.3002
1774945272.6322,0.0000,0.0000,0.0000,0.0000,0.0000,-3.0985,-0.2124,-7.4520,-0.0503,-0.0651,0.3748
1774945272.6521,0.0000,0.0000,0.0000,0.0000,0.0000,-3.0990,-0.2140,-9.3956,-0.0067,0.0031,0.4152
1774945272.6726,0.0000,0.0000,0.0000,0.0000,0.0000,-3.0982,-0.2149,33.4696,0.0050,0.0457,0.3726
1774945272.6920,0.0000,0.0000,0.0000,0.0000,0.0000,-3.0977,-0.2156,14.7200,-0.0674,-0.0310,0.3226
1774945272.7123,0.0000,0.0000,0.0000,0.0000,0.0000,-3.0966,-0.2179,50.8105,-0.0525,0.0020,0.2746
1774945272.7323,0.0000,0.0000,0.0000,0.0000,0.0000,-3.0937,-0.2193,-45.8430,-0.0812,-0.0374,0.2714
1774945272.7523,0.0000,0.0000,0.0000,0.0000,0.0000,-3.0908,-0.2191,53.9097,-0.0067,-0.0747,0.2544
1774945272.7713,0.0000,0.0000,0.0000,0.0000,0.0000,-3.0902,-0.2199,-34.5886,0.0146,-0.0619,0.2767
1774945272.7920,0.0000,0.0000,0.0000,0.0000,0.0000,-3.0886,-0.2216,-30.4965,0.0008,-0.0075,0.2576
1774945272.8122,0.0000,0.0000,0.0000,0.0000,0.0000,-3.0873,-0.2237,8.7015,-0.1079,-0.0012,0.1521
1774945272.8314,0.0000,0.0000,0.0000,0.0000,0.0000,-3.0867,-0.2280,4.9493,-0.0823,0.1309,-0.0641
1774945272.8518,0.0000,0.0000,0.0000,0.0000,0.0000,-3.0858,-0.2313,-104.7167,-0.0333,0.0233,-0.2633
1774945272.8720,0.0000,0.0000,0.0000,0.0000,0.0000,-3.0842,-0.2307,-14.0526,0.0807,-0.1141,-0.2889
1774945272.8921,0.0000,0.0000,0.0000,0.0000,0.0000,-3.0891,-0.2275,25.8790,-0.0429,-0.2121,-0.2431
1774945272.9114,0.0000,0.0000,0.0000,0.0000,0.0000,-3.0920,-0.2249,-11.2430,-0.0727,-0.2579,-0.1834
1774945272.9314,0.0000,0.0000,0.0000,0.0000,0.0000,-3.0989,-0.2209,-48.3023,-0.1622,-0.2046,-0.0727
1774945272.9523,0.0000,0.0000,0.0000,0.0000,0.0000,-3.1057,-0.2129,77.0037,-0.1718,-0.2195,0.0381
1774945272.9723,0.0000,0.0000,0.0000,0.0000,0.0000,-3.1086,-0.2046,-29.0356,-0.1207,-0.2302,0.0221
1774945272.9925,0.0000,0.0000,0.0000,0.0000,0.0000,-3.1112,-0.1992,36.4252,-0.1814,-0.1194,-0.0354
1774945273.0118,0.0000,0.0000,0.0000,0.0000,0.0000,-3.1122,-0.1964,-7.5150,-0.1377,-0.0043,-0.0801
1774945273.0322,0.0000,0.0000,0.0000,0.0000,0.0000,-3.1148,-0.1955,-36.8922,-0.1228,0.0787,-0.1004
1774945273.0518,0.0000,0.0000,0.0000,0.0000,0.0000,-3.1172,-0.1951,34.3492,-0.0855,0.1384,-0.1131
1774945273.0720,0.0000,0.0000,0.0000,0.0000,0.0000,-3.1203,-0.1967,48.7134,-0.1015,0.1373,-0.0865
1774945273.0918,0.0000,0.0000,0.0000,0.0000,0.0000,-3.1245,-0.1979,23.1992,-0.0365,0.1288,-0.0386
1774945273.1114,0.0000,0.0000,0.0000,0.0000,0.0000,-3.1288,-0.1999,-7.7824,-0.0589,0.1341,-0.0183
1774945273.1312,0.0000,0.0000,0.0000,0.0000,0.0000,-3.1336,-0.2024,-3.1132,-0.0866,0.1554,-0.0013
1774945273.1515,0.0000,0.0000,0.0000,0.0000,0.0000,-3.1375,-0.2066,-21.0224,-0.1015,0.1810,-0.0300
1774945273.1718,0.0000,0.0000,0.0000,0.0000,0.0000,-3.1385,-0.2104,18.6594,-0.0802,0.1927,-0.0482
1774945273.1913,0.0000,0.0000,0.0000,0.0000,0.0000,-3.1372,-0.2162,15.7130,-0.0567,0.1640,-0.0588
1774945273.2115,0.0000,0.0000,0.0000,0.0000,0.0000,-3.1372,-0.2174,35.5016,0.0423,0.1171,-0.0226
1774945273.2318,0.0000,0.0000,0.0000,0.0000,0.0000,-3.1392,-0.2239,33.9656,-0.0216,0.1448,-0.0322
1774945273.2515,0.0000,0.0000,0.0000,0.0000,0.0000,3.1407,-0.2246,11.3944,0.0221,0.1043,-0.0098
1774945273.2718,0.0000,0.0000,0.0000,0.0000,0.0000,3.1409,-0.2280,-68.6812,0.0700,0.0670,-0.0002
1774945273.2915,0.0000,0.0000,0.0000,0.0000,0.0000,3.1413,-0.2300,-67.6054,0.0988,0.0372,-0.0002
1774945273.3122,0.0000,0.0000,0.0000,0.0000,0.0000,3.1389,-0.2308,-22.6544,0.0594,-0.0384,-0.0013
1774945273.3324,0.0000,0.0000,0.0000,0.0000,0.0000,3.1411,-0.2292,-80.1616,0.0540,-0.1386,-0.0322
1774945273.3515,0.0000,0.0000,0.0000,0.0000,0.0000,-3.1407,-0.2280,36.6819,0.0295,-0.1972,-0.0471
1774945273.3714,0.0000,0.0000,0.0000,0.0000,0.0000,-3.1390,-0.2253,-9.8977,0.0274,-0.1663,-0.0311
1774945273.3918,0.0000,0.0000,0.0000,0.0000,0.0000,-3.1365,-0.2220,41.2095,0.0711,-0.1247,-0.0183
1774945273.4122,0.0000,0.0000,0.0000,0.0000,0.0000,-3.1376,-0.2195,0.6867,0.0583,-0.0981,0.0030
1774945273.4320,0.0000,0.0000,0.0000,0.0000,0.0000,-3.1383,-0.2164,-29.4979,0.0232,-0.1418,-0.0034
1774945273.4533,0.0000,0.0000,0.0000,0.0000,0.0000,-3.1389,-0.2172,-51.5667,-0.0003,-0.1151,-0.0130
1774945273.4714,0.0000,0.0000,0.0000,0.0000,0.0000,-3.1368,-0.2160,-77.7322,0.0636,-0.0853,-0.0290
1774945273.4917,0.0000,0.0000,0.0000,0.0000,0.0000,-3.1355,-0.2149,81.9524,0.0349,-0.0917,-0.0162
1774945273.5114,0.0000,0.0000,0.0000,0.0000,0.0000,-3.1344,-0.2144,-39.7150,0.1105,-0.0470,-0.0002
1774945273.5319,0.0000,0.0000,0.0000,0.0000,0.0000,-3.1338,-0.2160,-44.4629,0.0466,-0.0043,0.0030
1774945273.5514,0.0000,0.0000,0.0000,0.0000,0.0000,-3.1326,-0.2185,30.7267,0.0050,-0.0033,-0.0460
1774945273.5717,0.0000,0.0000,0.0000,0.0000,0.0000,-3.1334,-0.2191,-55.8335,-0.0109,-0.0065,-0.0098
1774945273.5920,0.0000,0.0000,0.0000,0.0000,0.0000,-3.1314,-0.2200,0.0548,-0.0418,0.0031,-0.0322
1774945273.6116,0.0000,0.0000,0.0000,0.0000,0.0000,-3.1305,-0.2201,109.0795,-0.0301,-0.0075,-0.0418
1774945273.6313,0.0000,0.0000,0.0000,0.0000,0.0000,-3.1299,-0.2199,6.3526,0.0050,-0.0214,-0.0151
1774945273.6514,0.0000,0.0000,0.0000,0.0000,0.0000,-3.1289,-0.2185,-50.9833,0.0285,-0.1034,-0.0109
1774945273.6721,0.0000,0.0000,0.0000,0.0000,0.0000,-3.1307,-0.2179,31.5644,-0.0248,-0.0693,-0.0407
1774945273.6918,0.0000,0.0000,0.0000,0.0000,0.0000,-3.1305,-0.2186,-23.5624,0.0338,-0.0502,-0.0151
1774945273.7121,0.0000,0.0000,0.0000,0.0000,0.0000,-3.1341,-0.2189,31.9706,-0.0024,0.0521,0.0062
1774945273.7315,0.0000,0.0000,0.0000,0.0000,0.0000,-3.1348,-0.2208,5.8905,0.0540,0.0692,-0.0087
1774945273.7521,0.0000,0.0000,0.0000,0.0000,0.0000,-3.1361,-0.2216,-52.1568,0.0338,0.0202,0.0008
1774945273.7715,0.0000,0.0000,0.0000,0.0000,0.0000,-3.1356,-0.2241,21.8126,-0.0195,0.0148,-0.0183
1774945273.7919,0.0000,0.0000,0.0000,0.0000,0.0000,-3.1366,-0.2254,-8.4227,0.0189,-0.0225,-0.0332
1774945273.8118,0.0000,0.0000,0.0000,0.0000,0.0000,-3.1369,-0.2261,45.0717,-0.0024,0.0127,-0.0002
1774945273.8322,0.0000,0.0000,0.0000,0.0000,0.0000,-3.1356,-0.2247,-37.0608,0.0402,-0.0299,-0.0364
1774945273.8527,0.0000,0.0000,0.0000,0.0000,0.0000,-3.1354,-0.2227,-30.8211,0.0295,-0.0235,-0.0386
1774945273.8725,0.0000,0.0000,0.0000,0.0000,0.0000,-3.1329,-0.2204,-3.0832,0.0999,-0.0576,-0.0428
1774945273.8919,0.0000,0.0000,0.0000,0.0000,0.0000,-3.1335,-0.2205,-14.4403,-0.0045,-0.0097,-0.0215
1774945273.9115,0.0000,0.0000,0.0000,0.0000,0.0000,-3.1359,-0.2198,10.0271,-0.0695,-0.0054,-0.0364
1774945273.9321,0.0000,0.0000,0.0000,0.0000,0.0000,-3.1390,-0.2209,0.0000,-0.0791,-0.0246,-0.0162
1774945273.9526,0.0000,0.0000,0.0000,0.0000,0.0000,-3.1399,-0.2209,10.1809,-0.0280,-0.0001,0.0104
1774945273.9720,0.0000,0.0000,0.0000,0.0000,0.0000,3.1413,-0.2210,0.0000,0.0157,0.0457,-0.0055
1774945273.9918,0.0000,0.0000,0.0000,0.0000,0.0000,3.1412,-0.2217,0.0000,-0.0141,-0.0193,-0.0066
1774945274.0113,0.0000,0.0000,0.0000,0.0000,0.0000,-3.1414,-0.2226,-28.8056,0.0700,-0.0278,-0.0279
1774945274.0312,0.0000,0.0000,0.0000,0.0000,0.0000,3.1400,-0.2233,-3.7067,0.0242,0.0233,-0.0386
1774945274.0514,0.0000,0.0000,0.0000,0.0000,0.0000,3.1392,-0.2243,43.6472,0.0125,-0.0949,-0.0631
1774945274.0720,0.0000,0.0000,0.0000,0.0000,0.0000,3.1384,-0.2251,0.0000,-0.0312,-0.0480,-0.0354
1774945274.0920,0.0000,0.0000,0.0000,0.0000,0.0000,3.1392,-0.2224,0.0000,0.0019,0.0329,-0.0237
1774945274.1121,0.0000,0.0000,0.0000,0.0000,0.0000,3.1401,-0.2239,0.0000,0.0104,0.0638,0.0072
1774945274.1317,0.0000,0.0000,0.0000,0.0000,0.0000,3.1384,-0.2229,0.0000,0.0551,0.0084,0.0168
1774945274.1515,0.0000,0.0000,0.0000,0.0000,0.0000,3.1404,-0.2234,-29.1782,0.0338,0.0479,-0.0247
1774945274.1712,0.0000,0.0000,0.0000,0.0000,0.0000,3.1385,-0.2235,0.0000,-0.0717,0.0361,-0.0492
1774945274.1917,0.0000,0.0000,0.0000,0.0000,0.0000,-3.1401,-0.2256,0.0000,0.0636,0.0862,-0.0641
1774945274.2114,0.0000,0.0000,0.0000,0.0000,0.0000,-3.1391,-0.2268,5.7617,0.0977,0.0883,-0.0418
1774945274.2322,0.0000,0.0000,0.0000,0.0000,0.0000,-3.1375,-0.2286,0.0000,0.0796,0.0159,-0.0098
1774945274.2512,0.0000,0.0000,0.0000,0.0000,0.0000,-3.1394,-0.2285,-36.0079,0.0114,0.0212,-0.0024
1774945274.2724,0.0000,0.0000,0.0000,0.0000,0.0000,-3.1386,-0.2297,-19.4217,0.0317,-0.0406,0.0019
1774945274.2917,0.0000,0.0000,0.0000,0.0000,0.0000,-3.1376,-0.2298,31.1652,-0.0227,-0.0576,-0.0279
1774945274.3114,0.0000,0.0000,0.0000,0.0000,0.0000,-3.1373,-0.2323,-69.7440,-0.0216,-0.0203,-0.0194
1774945274.3316,0.0000,0.0000,0.0000,0.0000,0.0000,-3.1361,-0.2353,46.4949,-0.0141,-0.0267,-0.0492
1774945274.3520,0.0000,0.0000,0.0000,0.0000,0.0000,-3.1357,-0.2373,-26.9820,-0.0163,-0.0107,-0.0492
1774945274.3713,0.0000,0.0000,0.0000,0.0000,0.0000,-3.1362,-0.2366,86.0893,0.0785,-0.1141,-0.0215
1774945274.3916,0.0000,0.0000,0.0000,0.0000,0.0000,-3.1367,-0.2364,0.8879,0.0210,-0.1503,-0.0290
1774945274.4115,0.0000,0.0000,0.0000,0.0000,0.0000,-3.1368,-0.2361,-6.4474,-0.0450,-0.1918,-0.0535
1774945274.4314,0.0000,0.0000,0.0000,0.0000,0.0000,-3.1372,-0.2366,30.4488,-0.0440,-0.1322,-0.0673
1774945274.4515,0.0000,0.0000,0.0000,0.0000,0.0000,-3.1394,-0.2353,-13.2874,-0.0759,-0.0938,-0.0279
1774945274.4716,0.0000,0.0000,0.0000,0.0000,0.0000,-3.1381,-0.2313,1.9871,-0.0695,-0.1450,-0.0407
1774945274.4920,0.0000,0.0000,0.0000,0.0000,0.0000,-3.1383,-0.2270,88.5385,-0.0599,-0.1822,-0.0066
1774945274.5117,0.0000,0.0000,0.0000,0.0000,0.0000,-3.1390,-0.2229,45.1807,0.0029,-0.1322,0.0083
1774945274.5318,0.0000,0.0000,0.0000,0.0000,0.0000,-3.1385,-0.2217,38.4967,0.0562,-0.0512,0.0083
1774945274.5519,0.0000,0.0000,0.0000,0.0000,0.0000,-3.1411,-0.2193,-59.5441,-0.0163,-0.0310,-0.0034
1774945274.5717,0.0000,0.0000,0.0000,0.0000,0.0000,3.1407,-0.2215,-121.0768,-0.0333,0.0415,-0.0364
1774945274.5916,0.0000,0.0000,0.0000,0.0000,0.0000,-3.1406,-0.2239,-4.2513,0.0072,0.0447,-0.0482
1774945274.6117,0.0000,0.0000,0.0000,0.0000,0.0000,-3.1410,-0.2240,74.8543,-0.0056,-0.0342,-0.0183
1774945274.6318,0.0000,0.0000,0.0000,0.0000,0.0000,3.1405,-0.2250,87.8051,0.0317,-0.0512,-0.0247
1774945274.6518,0.0000,0.0000,0.0000,0.0000,0.0000,3.1388,-0.2248,54.6004,0.0061,-0.0597,-0.0055
1774945274.6716,0.0000,0.0000,0.0000,0.0000,0.0000,3.1390,-0.2258,-75.3150,-0.0109,-0.0555,0.0030
1774945274.6913,0.0000,0.0000,0.0000,0.0000,0.0000,3.1384,-0.2272,-135.8752,-0.0013,0.0212,-0.0279
1774945274.7121,0.0000,0.0000,0.0000,0.0000,0.0000,3.1405,-0.2281,33.7429,-0.0258,0.0479,-0.0215
1774945274.7314,0.0000,0.0000,0.0000,0.0000,0.0000,-3.1415,-0.2291,27.6000,0.0274,0.0116,-0.0077
1774945274.7519,0.0000,0.0000,0.0000,0.0000,0.0000,-3.1405,-0.2277,-19.4478,0.0200,-0.0203,-0.0311
1774945274.7719,0.0000,0.0000,0.0000,0.0000,0.0000,3.1406,-0.2261,7.5979,0.0232,-0.0161,0.0030
1774945274.7916,0.0000,0.0000,0.0000,0.0000,0.0000,3.1380,-0.2251,-87.8088,0.0093,0.0106,-0.0119
1774945274.8121,0.0000,0.0000,0.0000,0.0000,0.0000,3.1410,-0.2239,-55.3323,0.0583,-0.0065,-0.0407
1774945274.8324,0.0000,0.0000,0.0000,0.0000,0.0000,-3.1416,-0.2211,-6.7234,0.1009,-0.0480,-0.0119
1774945274.8515,0.0000,0.0000,0.0000,0.0000,0.0000,3.1396,-0.2192,23.8031,0.0754,-0.0928,-0.0194
1774945274.8716,0.0000,0.0000,0.0000,0.0000,0.0000,3.1384,-0.2174,-23.6670,0.0200,-0.1055,-0.0343
1774945274.8926,0.0000,0.0000,0.0000,0.0000,0.0000,3.1396,-0.2141,51.9346,-0.0013,-0.0970,-0.0311
1774945274.9125,0.0000,0.0000,0.0000,0.0000,0.0000,-3.1415,-0.2113,42.9180,-0.0258,-0.0416,-0.0300
1774945274.9321,0.0000,0.0000,0.0000,0.0000,0.0000,-3.1392,-0.2107,3.2740,-0.0269,0.0233,-0.0428
1774945274.9515,0.0000,0.0000,0.0000,0.0000,0.0000,-3.1383,-0.2097,30.9944,0.0232,0.0521,-0.0109
1774945274.9720,0.0000,0.0000,0.0000,0.0000,0.0000,-3.1394,-0.2142,-79.2444,0.0050,0.1107,0.0126
1774945274.9921,0.0000,0.0000,0.0000,0.0000,0.0000,3.1413,-0.2179,12.0655,0.0125,0.0873,0.0200
1774945275.0114,0.0000,0.0000,0.0000,0.0000,0.0000,3.1402,-0.2198,-63.3885,0.0253,0.0702,0.0328
1774945275.0322,0.0000,0.0000,0.0000,0.0000,0.0000,3.1397,-0.2225,22.5179,0.0114,0.0063,0.0051
1774945275.0517,0.0000,0.0000,0.0000,0.0000,0.0000,3.1401,-0.2259,87.3146,0.0253,0.0329,-0.0460
1774945275.0717,0.0000,0.0000,0.0000,0.0000,0.0000,-3.1408,-0.2260,48.6220,0.0572,-0.0246,-0.0258
1774945275.0919,0.0000,0.0000,0.0000,0.0000,0.0000,3.1410,-0.2264,-43.1247,0.0572,0.0031,-0.0215
1774945275.1114,0.0000,0.0000,0.0000,0.0000,0.0000,-3.1400,-0.2271,-22.8325,0.0551,-0.0001,-0.0300
1774945275.1318,0.0000,0.0000,0.0000,0.0000,0.0000,-3.1402,-0.2296,-57.3388,0.0498,0.0489,0.0062
1774945275.1552,0.0000,0.0000,0.0000,0.0000,0.0000,-3.1410,-0.2307,-7.5855,-0.0216,-0.0129,-0.0034
1774945275.1714,0.0000,0.0000,0.0000,0.0000,0.0000,-3.1377,-0.2310,23.3913,0.0019,-0.0150,-0.0300
1774945275.1914,0.0000,0.0000,0.0000,0.0000,0.0000,-3.1354,-0.2296,21.5254,0.0050,-0.0672,-0.0119
1774945275.2121,0.0000,0.0000,0.0000,0.0000,0.0000,-3.1318,-0.2299,31.4632,0.0146,-0.0544,-0.0141
1774945275.2314,0.0000,0.0000,0.0000,0.0000,0.0000,-3.1324,-0.2288,-8.8007,0.0200,-0.0608,-0.0045
1774945275.2514,0.0000,0.0000,0.0000,0.0000,0.0000,-3.1333,-0.2298,5.6591,-0.0163,-0.0533,-0.0183
1774945275.2714,0.0000,0.0000,0.0000,0.0000,0.0000,-3.1336,-0.2282,-52.6102,-0.0056,-0.0384,-0.0226
1774945275.2919,0.0000,0.0000,0.0000,0.0000,0.0000,-3.1338,-0.2257,-0.9876,0.0072,-0.0725,-0.0183
1774945275.3113,0.0000,0.0000,0.0000,0.0000,0.0000,-3.1323,-0.2254,-49.4020,0.0008,-0.0075,-0.0492
1774945275.3320,0.0000,0.0000,0.0000,0.0000,0.0000,-3.1327,-0.2245,-61.9250,-0.0024,-0.0395,-0.0364
1774945275.3513,0.0000,0.0000,0.0000,0.0000,0.0000,-3.1347,-0.2246,16.3438,-0.0035,-0.0171,-0.0354
1774945275.3718,0.0000,0.0000,0.0000,0.0000,0.0000,-3.1352,-0.2250,-22.0311,-0.0077,0.0159,-0.0332
1774945275.3915,0.0000,0.0000,0.0000,0.0000,0.0000,-3.1366,-0.2254,-26.0878,-0.0440,0.0372,-0.0332
1774945275.4114,0.0000,0.0000,0.0000,0.0000,0.0000,-3.1344,-0.2241,-11.2569,-0.0290,-0.0075,-0.0386
1774945275.4314,0.0000,0.0000,0.0000,0.0000,0.0000,-3.1319,-0.2244,-24.8293,0.0327,0.0212,-0.1504
1774945275.4517,0.0000,0.0000,0.0000,0.0000,0.0000,-3.1274,-0.2256,-41.3567,0.0839,0.0170,-0.3049
1774945275.4718,0.0000,0.0000,0.0000,0.0000,0.0000,-3.1268,-0.2256,42.4679,0.0817,0.0383,-0.3773
1774945275.4913,0.0000,0.0000,0.0000,0.0000,0.0000,-3.1267,-0.2247,-20.0573,0.0434,0.0233,-0.4061
1774945275.5127,0.0000,0.0000,0.0000,0.0000,0.0000,-3.1310,-0.2237,39.0399,0.0423,-0.0331,-0.3464
1774945275.5314,0.0000,0.0000,0.0000,0.0000,0.0000,-3.1367,-0.2235,-20.7046,-0.0344,0.0191,-0.2527
1774945275.5516,0.0000,0.0000,0.0000,0.0000,0.0000,3.1409,-0.2228,19.5272,-0.0333,0.0170,-0.1973
1774945275.5718,0.0000,0.0000,0.0000,0.0000,0.0000,3.1387,-0.2217,28.4972,-0.0290,0.0042,-0.1621
1774945275.5912,0.0000,0.0000,0.0000,0.0000,0.0000,3.1363,-0.2214,-27.3646,-0.0450,-0.0107,-0.1376
1774945275.6114,0.0000,0.0000,0.0000,0.0000,0.0000,3.1341,-0.2217,-7.9117,0.0050,0.0425,-0.1131
1774945275.6330,0.0000,0.0000,0.0000,0.0000,0.0000,3.1308,-0.2231,2.9888,-0.0290,0.0574,-0.0961
1774945275.6518,0.0000,0.0000,0.0000,0.0000,0.0000,3.1285,-0.2260,41.9427,-0.0312,0.0425,-0.0918
1774945275.6715,0.0000,0.0000,0.0000,0.0000,0.0000,3.1296,-0.2266,16.0552,-0.0120,0.0596,-0.0865
1774945275.6914,0.0000,0.0000,0.0000,0.0000,0.0000,3.1301,-0.2271,21.4364,0.0615,0.0223,-0.0812
1774945275.7114,0.0000,0.0000,0.0000,0.0000,0.0000,3.1276,-0.2303,-24.2573,0.0232,0.0308,-0.0705
1774945275.7314,0.0000,0.0000,0.0000,0.0000,0.0000,3.1284,-0.2319,-19.6867,-0.0088,0.0191,-0.0854
1774945275.7546,0.0000,0.0000,0.0000,0.0000,0.0000,3.1282,-0.2297,-63.4448,0.0157,-0.0118,-0.0876
1774945275.7718,0.0000,0.0000,0.0000,0.0000,0.0000,3.1260,-0.2292,6.8520,0.0349,-0.0491,-0.0599
1774945275.7918,0.0000,0.0000,0.0000,0.0000,0.0000,3.1264,-0.2306,5.3023,0.0455,-0.0587,-0.0577
1774945275.8157,0.0000,0.0000,0.0000,0.0000,0.0000,3.1251,-0.2291,14.4558,0.0295,-0.0491,-0.0641
1774945275.8314,0.0000,0.0000,0.0000,0.0000,0.0000,3.1266,-0.2295,9.0507,0.0295,-0.0012,-0.0428
1774945275.8514,0.0000,0.0000,0.0000,0.0000,0.0000,3.1242,-0.2303,37.6391,0.0189,-0.0214,-0.0332
1774945275.8720,0.0000,0.0000,0.0000,0.0000,0.0000,3.1256,-0.2324,9.5223,0.1265,-0.0107,0.0467
1774945275.8929,0.0000,0.0000,0.0000,0.0000,0.0000,3.1239,-0.2316,19.8993,-0.0120,-0.0406,0.1329
1774945275.9118,0.0000,0.0000,0.0000,0.0000,0.0000,3.1237,-0.2281,-27.9959,0.0253,-0.1151,0.1819
1774945275.9314,0.0000,0.0000,0.0000,0.0000,0.0000,3.1269,-0.2267,-20.6494,0.0434,-0.0544,0.1564
1774945275.9545,0.0000,0.0000,0.0000,0.0000,0.0000,3.1311,-0.2253,-29.1334,0.0317,0.0148,0.0467
1774945275.9718,0.0000,0.0000,0.0000,0.0000,0.0000,3.1361,-0.2219,-24.4667,0.0626,-0.0555,-0.0673
1774945275.9915,0.0000,0.0000,0.0000,0.0000,0.0000,3.1398,-0.2189,63.2580,0.0903,-0.0555,-0.1344
1774945276.0114,0.0000,0.0000,0.0000,0.0000,0.0000,3.1415,-0.2155,21.3961,0.0519,-0.0310,-0.1515
1774945276.0321,0.0000,0.0000,0.0000,0.0000,0.0000,3.1391,-0.2099,0.5862,-0.0195,-0.0342,-0.0897
1774945276.0513,0.0000,0.0000,0.0000,0.0000,0.0000,3.1379,-0.2075,31.0930,0.0008,0.0457,-0.0269
1774945276.0716,0.0000,0.0000,0.0000,0.0000,0.0000,3.1364,-0.2054,-0.9266,-0.0067,0.0926,0.0381
1774945276.0912,0.0000,0.0000,0.0000,0.0000,0.0000,3.1357,-0.2044,-9.7859,0.0178,0.0926,0.0562
1774945276.1112,0.0000,0.0000,0.0000,0.0000,0.0000,3.1348,-0.2039,55.2078,-0.0354,0.1352,0.0530
1774945276.1313,0.0000,0.0000,0.0000,0.0000,0.0000,3.1367,-0.2047,48.1589,0.0242,0.1448,0.0243
1774945276.1514,0.0000,0.0000,0.0000,0.0000,0.0000,3.1385,-0.2046,6.4240,0.0477,0.1650,0.0062
1774945276.1713,0.0000,0.0000,0.0000,0.0000,0.0000,3.1378,-0.2084,-11.2959,0.0839,0.2130,-0.0109
1774945276.1916,0.0000,0.0000,0.0000,0.0000,0.0000,3.1364,-0.2148,19.1062,0.0658,0.2140,-0.0109
1774945276.2114,0.0000,0.0000,0.0000,0.0000,0.0000,3.1347,-0.2188,-15.1536,0.0935,0.2012,0.0083
1774945276.2313,0.0000,0.0000,0.0000,0.0000,0.0000,3.1367,-0.2242,2.0980,0.1222,0.1480,0.0115
1774945276.2514,0.0000,0.0000,0.0000,0.0000,0.0000,3.1377,-0.2296,25.1938,0.0775,0.1139,0.0136
1774945276.2717,0.0000,0.0000,0.0000,0.0000,0.0000,3.1412,-0.2331,1.9326,0.0530,0.0489,-0.0034
1774945276.2912,0.0000,0.0000,0.0000,0.0000,0.0000,-3.1388,-0.2347,25.4424,0.0839,0.0180,0.0019
1774945276.3114,0.0000,0.0000,0.0000,0.0000,0.0000,-3.1335,-0.2352,-65.0401,0.1084,-0.0022,-0.0034
1774945276.3314,0.0000,0.0000,0.0000,0.0000,0.0000,-3.1295,-0.2352,39.7338,0.0935,-0.0576,-0.0141
1774945276.3522,0.0000,0.0000,0.0000,0.0000,0.0000,-3.1271,-0.2326,-42.9995,0.0189,-0.0683,-0.0226
1774945276.3713,0.0000,0.0000,0.0000,0.0000,0.0000,-3.1234,-0.2293,-1.6521,0.0242,-0.1247,-0.0247
1774945276.3913,0.0000,0.0000,0.0000,0.0000,0.0000,-3.1218,-0.2233,-31.0447,0.0189,-0.1652,-0.0162
1774945276.4114,0.0000,0.0000,0.0000,0.0000,0.0000,-3.1201,-0.2190,23.7547,0.0253,-0.1492,-0.0269
1774945276.4314,0.0000,0.0000,0.0000,0.0000,0.0000,-3.1201,-0.2140,8.2625,0.0200,-0.1588,-0.0205
1774945276.4514,0.0000,0.0000,0.0000,0.0000,0.0000,-3.1238,-0.2107,-16.0586,-0.0035,-0.1791,-0.0183
1774945276.4713,0.0000,0.0000,0.0000,0.0000,0.0000,-3.1222,-0.2093,-31.2604,-0.0461,-0.0725,-0.0588
1774945276.4914,0.0000,0.0000,0.0000,0.0000,0.0000,-3.1184,-0.2085,22.4451,0.1094,-0.0246,-0.2346
1774945276.5114,0.0000,0.0000,0.0000,0.0000,0.0000,-3.1154,-0.2075,9.7255,0.0999,-0.0587,-0.3038
1774945276.5318,0.0000,0.0000,0.0000,0.0000,0.0000,-3.1143,-0.2085,46.6622,0.0509,-0.0267,-0.4061
1774945276.5513,0.0000,0.0000,0.0000,0.0000,0.0000,-3.1157,-0.2091,11.3113,-0.0706,0.0564,-0.4114
1774945276.5723,0.0000,0.0000,0.0000,0.0000,0.0000,-3.1185,-0.2104,0.0000,0.0253,0.0297,-0.3944
1774945276.5914,0.0000,0.0000,0.0000,0.0000,0.0000,-3.1215,-0.2120,24.0811,-0.0344,0.0564,-0.3283
1774945276.6114,0.0000,0.0000,0.0000,0.0000,0.0000,-3.1250,-0.2150,4.6236,-0.0109,0.1245,-0.2633
1774945276.6314,0.0000,0.0000,0.0000,0.0000,0.0000,-3.1296,-0.2170,-26.0275,-0.0024,0.0873,-0.2016
1774945276.6513,0.0000,0.0000,0.0000,0.0000,0.0000,-3.1326,-0.2193,12.9321,-0.0717,0.1214,-0.1717
1774945276.6721,0.0000,0.0000,0.0000,0.0000,0.0000,-3.1336,-0.2210,0.0000,-0.0397,0.1554,-0.1579
1774945276.6918,0.0000,0.0000,0.0000,0.0000,0.0000,-3.1346,-0.2222,0.0000,-0.0876,0.0905,-0.1589
1774945276.7116,0.0000,0.0000,0.0000,0.0000,0.0000,-3.1369,-0.2229,-32.6680,-0.0461,0.0180,-0.1355
1774945276.7313,0.0000,0.0000,0.0000,0.0000,0.0000,-3.1402,-0.2253,-7.1682,-0.0333,0.0542,-0.1334
1774945276.7515,0.0000,0.0000,0.0000,0.0000,0.0000,3.1394,-0.2264,2.6387,-0.0461,0.0297,-0.1078
1774945276.7712,0.0000,0.0000,0.0000,0.0000,0.0000,3.1373,-0.2248,-3.9573,0.0232,-0.0459,-0.1174
1774945276.7913,0.0000,0.0000,0.0000,0.0000,0.0000,3.1383,-0.2240,-0.1276,0.0125,-0.0214,-0.1142
1774945276.8116,0.0000,0.0000,0.0000,0.0000,0.0000,3.1340,-0.2236,0.8143,-0.0376,-0.0789,-0.1004
1774945276.8322,0.0000,0.0000,0.0000,0.0000,0.0000,3.1298,-0.2252,0.0000,-0.0812,-0.0523,-0.0854
1774945276.8519,0.0000,0.0000,0.0000,0.0000,0.0000,3.1298,-0.2267,-5.3586,-0.0088,-0.0384,-0.0556
1774945276.8714,0.0000,0.0000,0.0000,0.0000,0.0000,3.1294,-0.2299,61.5367,0.0370,0.0159,0.0594
1774945276.8917,0.0000,0.0000,0.0000,0.0000,0.0000,3.1279,-0.2317,-12.7205,-0.0386,-0.0725,0.1564
1774945276.9114,0.0000,0.0000,0.0000,0.0000,0.0000,3.1295,-0.2324,-30.7424,0.0338,-0.1098,0.1308
1774945276.9315,0.0000,0.0000,0.0000,0.0000,0.0000,3.1325,-0.2322,1.6641,0.0498,-0.1215,0.0743
1774945276.9515,0.0000,0.0000,0.0000,0.0000,0.0000,3.1353,-0.2312,46.6216,0.0104,-0.1514,0.0243
1774945276.9715,0.0000,0.0000,0.0000,0.0000,0.0000,3.1395,-0.2284,-24.8224,0.0072,-0.1428,-0.0332
1774945276.9915,0.0000,0.0000,0.0000,0.0000,0.0000,-3.1410,-0.2252,-11.0267,0.0104,-0.1460,-0.0663
1774945277.0114,0.0000,0.0000,0.0000,0.0000,0.0000,3.1412,-0.2199,6.8514,-0.0024,-0.2281,-0.0791
1774945277.0315,0.0000,0.0000,0.0000,0.0000,0.0000,-3.1408,-0.2126,-57.2696,0.0754,-0.1599,-0.0684
1774945277.0515,0.0000,0.0000,0.0000,0.0000,0.0000,-3.1412,-0.2065,26.5632,0.0306,-0.0917,-0.0332
1774945277.0718,0.0000,0.0000,0.0000,0.0000,0.0000,3.1403,-0.2024,1.2559,-0.0013,-0.0043,0.0019
1774945277.0915,0.0000,0.0000,0.0000,0.0000,0.0000,3.1397,-0.1997,12.9668,0.0114,0.0468,0.0104
1774945277.1116,0.0000,0.0000,0.0000,0.0000,0.0000,3.1406,-0.1974,7.7060,-0.0248,0.0564,0.0147
1774945277.1315,0.0000,0.0000,0.0000,0.0000,0.0000,3.1411,-0.1948,-27.2300,0.0114,0.0596,0.0094
1774945277.1524,0.0000,0.0000,0.0000,0.0000,0.0000,-3.1411,-0.1937,0.0423,0.0157,0.1693,-0.0237
1774945277.1718,0.0000,0.0000,0.0000,0.0000,0.0000,-3.1405,-0.1947,13.0202,0.0125,0.2172,-0.0205
1774945277.1913,0.0000,0.0000,0.0000,0.0000,0.0000,-3.1382,-0.1957,-51.0046,0.0967,0.2332,-0.0258
1774945277.2114,0.0000,0.0000,0.0000,0.0000,0.0000,-3.1387,-0.1965,-27.3479,0.0828,0.2396,-0.0066
1774945277.2314,0.0000,0.0000,0.0000,0.0000,0.0000,-3.1405,-0.1997,2.7008,0.0178,0.2513,-0.0215
1774945277.2515,0.0000,0.0000,0.0000,0.0000,0.0000,-3.1382,-0.2037,57.6655,0.0540,0.2982,-0.0130
1774945277.2715,0.0000,0.0000,0.0000,0.0000,0.0000,-3.1359,-0.2060,79.1321,0.0988,0.3163,-0.0066
1774945277.2916,0.0000,0.0000,0.0000,0.0000,0.0000,-3.1351,-0.2088,49.1011,0.0967,0.2332,0.0168
1774945277.3114,0.0000,0.0000,0.0000,0.0000,0.0000,-3.1349,-0.2109,-42.7062,0.0828,0.2151,0.0158
1774945277.3313,0.0000,0.0000,0.0000,0.0000,0.0000,-3.1327,-0.2145,-67.3916,0.0945,0.2140,0.0211
1774945277.3512,0.0000,0.0000,0.0000,0.0000,0.0000,-3.1322,-0.2163,-80.5238,0.0466,0.1746,0.0136
1774945277.3716,0.0000,0.0000,0.0000,0.0000,0.0000,-3.1307,-0.2170,-52.9948,0.0317,0.0947,0.0019
1774945277.3914,0.0000,0.0000,0.0000,0.0000,0.0000,-3.1271,-0.2172,-4.6559,0.1020,0.1224,-0.0247
1774945277.4116,0.0000,0.0000,0.0000,0.0000,0.0000,-3.1250,-0.2161,48.8947,0.0594,0.0851,-0.0460
1774945277.4314,0.0000,0.0000,0.0000,0.0000,0.0000,-3.1242,-0.2144,-24.0153,-0.0333,0.0542,-0.0673
1774945277.4514,0.0000,0.0000,0.0000,0.0000,0.0000,-3.1237,-0.2100,27.6802,0.0274,-0.1034,-0.0716
1774945277.4714,0.0000,0.0000,0.0000,0.0000,0.0000,-3.1238,-0.2039,5.8488,-0.0567,-0.0992,-0.0545
1774945277.4915,0.0000,0.0000,0.0000,0.0000,0.0000,-3.1236,-0.1989,-16.2479,0.0615,-0.0086,-0.0013
1774945277.5114,0.0000,0.0000,0.0000,0.0000,0.0000,-3.1253,-0.1960,-66.3113,-0.0514,0.0617,0.0115
1774945277.5314,0.0000,0.0000,0.0000,0.0000,0.0000,-3.1256,-0.1935,35.7863,-0.0195,0.0798,0.0371
1774945277.5514,0.0000,0.0000,0.0000,0.0000,0.0000,-3.1254,-0.1917,-7.7074,0.0221,0.0372,0.0094
1774945277.5714,0.0000,0.0000,0.0000,0.0000,0.0000,-3.1240,-0.1905,-41.2427,0.0242,0.0415,-0.0428
1774945277.5913,0.0000,0.0000,0.0000,0.0000,0.0000,-3.1236,-0.1887,-18.4905,0.0690,0.0713,-0.0705
1774945277.6117,0.0000,0.0000,0.0000,0.0000,0.0000,-3.1254,-0.1880,10.5725,0.0295,0.0489,-0.0993
1774945277.6314,0.0000,0.0000,0.0000,0.0000,0.0000,-3.1266,-0.1890,-34.5828,-0.0248,0.0447,-0.0993
1774945277.6514,0.0000,0.0000,0.0000,0.0000,0.0000,-3.1287,-0.1927,2.6953,-0.0195,0.1139,-0.0471
1774945277.6714,0.0000,0.0000,0.0000,0.0000,0.0000,-3.1279,-0.1953,9.3079,0.0445,0.0287,0.0211
1774945277.6914,0.0000,0.0000,0.0000,0.0000,0.0000,-3.1268,-0.1995,12.0640,0.0668,0.0244,0.0211
1774945277.7115,0.0000,0.0000,0.0000,0.0000,0.0000,-3.1291,-0.2035,-25.9346,-0.0195,0.1214,0.0136
1774945277.7312,0.0000,0.0000,0.0000,0.0000,0.0000,-3.1304,-0.2077,-8.1857,-0.0610,0.1064,-0.0226
1774945277.7514,0.0000,0.0000,0.0000,0.0000,0.0000,-3.1286,-0.2113,8.0773,-0.0269,0.0116,-0.0599
1774945277.7713,0.0000,0.0000,0.0000,0.0000,0.0000,-3.1276,-0.2155,2.2038,-0.0333,0.0564,-0.1067
1774945277.7913,0.0000,0.0000,0.0000,0.0000,0.0000,-3.1287,-0.2182,74.2436,-0.0759,-0.0512,-0.1014
1774945277.8115,0.0000,0.0000,0.0000,0.0000,0.0000,-3.1292,-0.2202,-55.0022,-0.0301,-0.1205,-0.0929
1774945277.8313,0.0000,0.0000,0.0000,0.0000,0.0000,-3.1301,-0.2209,6.6277,0.0413,-0.0928,-0.0375
1774945277.8514,0.0000,0.0000,0.0000,0.0000,0.0000,-3.1307,-0.2197,5.9844,0.0839,-0.1652,0.0179
1774945277.8715,0.0000,0.0000,0.0000,0.0000,0.0000,-3.1324,-0.2191,9.8892,0.0562,-0.1727,0.0307
1774945277.8914,0.0000,0.0000,0.0000,0.0000,0.0000,-3.1340,-0.2192,5.0333,-0.0035,-0.1300,0.0072
1774945277.9119,0.0000,0.0000,0.0000,0.0000,0.0000,-3.1316,-0.2175,-9.5768,0.0029,-0.1109,-0.0482
1774945277.9315,0.0000,0.0000,0.0000,0.0000,0.0000,-3.1309,-0.2177,-23.1332,-0.0408,-0.1812,-0.0673
1774945277.9519,0.0000,0.0000,0.0000,0.0000,0.0000,-3.1291,-0.2180,4.9943,-0.0099,-0.1588,-0.0748
1774945277.9713,0.0000,0.0000,0.0000,0.0000,0.0000,-3.1281,-0.2155,0.3747,-0.0099,-0.2483,-0.0652
1774945277.9914,0.0000,0.0000,0.0000,0.0000,0.0000,-3.1284,-0.2139,-3.1163,-0.0312,-0.2483,-0.0311
1774945278.0114,0.0000,0.0000,0.0000,0.0000,0.0000,-3.1303,-0.2103,47.5378,-0.0685,-0.2323,0.0179
1774945278.0314,0.0000,0.0000,0.0000,0.0000,0.0000,-3.1316,-0.2073,54.6917,-0.0131,-0.1609,0.0467
1774945278.0514,0.0000,0.0000,0.0000,0.0000,0.0000,-3.1323,-0.2076,45.6101,0.0210,-0.0874,0.0413
1774945278.0718,0.0000,0.0000,0.0000,0.0000,0.0000,-3.1325,-0.2085,8.6744,-0.0333,-0.0257,0.0264
1774945278.0914,0.0000,0.0000,0.0000,0.0000,0.0000,-3.1322,-0.2113,58.0681,-0.0141,0.0713,-0.0343
1774945278.1122,0.0000,0.0000,0.0000,0.0000,0.0000,-3.1323,-0.2118,60.2895,-0.0280,-0.0107,-0.0460
1774945278.1318,0.0000,0.0000,0.0000,0.0000,0.0000,-3.1320,-0.2126,14.9159,0.0019,-0.0129,-0.0514
1774945278.1513,0.0000,0.0000,0.0000,0.0000,0.0000,-3.1328,-0.2122,24.5554,0.0700,-0.0150,-0.0109
1774945278.1714,0.0000,0.0000,0.0000,0.0000,0.0000,-3.1337,-0.2124,17.3771,0.0679,-0.0491,0.0275
1774945278.1915,0.0000,0.0000,0.0000,0.0000,0.0000,-3.1337,-0.2128,22.0700,0.1233,-0.0150,0.0168
1774945278.2115,0.0000,0.0000,0.0000,0.0000,0.0000,-3.1326,-0.2120,10.0074,0.0615,-0.0075,-0.0066
1774945278.2314,0.0000,0.0000,0.0000,0.0000,0.0000,-3.1313,-0.2113,-22.9153,0.0029,0.0479,-0.0215
1774945278.2517,0.0000,0.0000,0.0000,0.0000,0.0000,-3.1294,-0.2129,-13.1150,0.0242,0.0479,-0.0343
1774945278.2714,0.0000,0.0000,0.0000,0.0000,0.0000,-3.1267,-0.2135,-49.7117,0.0221,0.0489,-0.0354
1774945278.2913,0.0000,0.0000,0.0000,0.0000,0.0000,-3.1259,-0.2145,-15.9244,0.0381,0.0798,-0.0269
1774945278.3113,0.0000,0.0000,0.0000,0.0000,0.0000,-3.1247,-0.2099,-41.6627,0.0679,-0.0736,-0.0599
1774945278.3314,0.0000,0.0000,0.0000,0.0000,0.0000,-3.1234,-0.2084,-18.9093,0.0221,0.0106,-0.0801
1774945278.3518,0.0000,0.0000,0.0000,0.0000,0.0000,-3.1254,-0.2054,34.9222,-0.0354,0.0233,-0.0641
1774945278.3716,0.0000,0.0000,0.0000,0.0000,0.0000,-3.1253,-0.2026,17.4092,-0.0397,-0.0299,-0.0428
1774945278.3915,0.0000,0.0000,0.0000,0.0000,0.0000,-3.1242,-0.2025,-17.6986,0.0093,0.0010,-0.0045
1774945278.4114,0.0000,0.0000,0.0000,0.0000,0.0000,-3.1242,-0.2041,-26.5742,-0.0333,-0.0118,-0.0237
1774945278.4314,0.0000,0.0000,0.0000,0.0000,0.0000,-3.1274,-0.2075,-19.8629,-0.1036,0.0521,-0.0279
1774945278.4587,0.0000,0.0000,0.0000,0.0000,0.0000,-3.1280,-0.2107,58.9456,-0.1888,0.0415,-0.0982
1774945278.4716,0.0000,0.0000,0.0000,0.0000,0.0000,-3.1257,-0.2136,22.6909,0.0956,0.0713,-0.3177
1774945278.4920,0.0000,0.0000,0.0000,0.0000,0.0000,-3.1244,-0.2164,139.9825,0.1094,0.0106,-0.4157
1774945278.5116,0.0000,0.0000,0.0000,0.0000,0.0000,-3.1280,-0.2148,-14.8066,0.0146,-0.1386,-0.4455
1774945278.5314,0.0000,0.0000,0.0000,0.0000,0.0000,-3.1315,-0.2148,-26.9363,0.0146,-0.0779,-0.4391
1774945278.5515,0.0000,0.0000,0.0000,0.0000,0.0000,-3.1374,-0.2155,50.1929,-0.1036,0.0106,-0.3752
1774945278.5713,0.0000,0.0000,0.0000,0.0000,0.0000,3.1377,-0.2126,20.2158,-0.1782,-0.1194,-0.3422
1774945278.5913,0.0000,0.0000,0.0000,0.0000,0.0000,3.1333,-0.2114,21.7863,-0.0717,-0.1663,-0.3209
1774945278.6114,0.0000,0.0000,0.0000,0.0000,0.0000,3.1295,-0.2089,-20.7710,-0.0013,-0.1332,-0.3102
1774945278.6317,0.0000,0.0000,0.0000,0.0000,0.0000,3.1270,-0.2079,-3.6020,0.0381,-0.0480,-0.2942
1774945278.6514,0.0000,0.0000,0.0000,0.0000,0.0000,3.1223,-0.2068,12.0755,0.0253,0.0042,-0.2729
1774945278.6713,0.0000,0.0000,0.0000,0.0000,0.0000,3.1175,-0.2077,10.1182,-0.0301,0.0798,-0.2889
1774945278.6916,0.0000,0.0000,0.0000,0.0000,0.0000,3.1155,-0.2067,-13.1804,0.0349,0.0489,-0.2932
1774945278.7115,0.0000,0.0000,0.0000,0.0000,0.0000,3.1151,-0.2068,4.0879,0.1393,0.0297,-0.2889
1774945278.7314,0.0000,0.0000,0.0000,0.0000,0.0000,3.1153,-0.2083,58.7176,0.1276,0.0265,-0.3209
1774945278.7516,0.0000,0.0000,0.0000,0.0000,0.0000,3.1158,-0.2122,9.8731,0.1105,0.0510,-0.3241
1774945278.7714,0.0000,0.0000,0.0000,0.0000,0.0000,3.1133,-0.2149,-24.5601,0.0828,0.0990,-0.3273
1774945278.7918,0.0000,0.0000,0.0000,0.0000,0.0000,3.1136,-0.2186,52.0814,0.0146,0.0841,-0.3571
1774945278.8116,0.0000,0.0000,0.0000,0.0000,0.0000,3.1151,-0.2197,37.4349,0.1670,-0.0161,-0.2953
1774945278.8320,0.0000,0.0000,0.0000,0.0000,0.0000,3.1140,-0.2187,99.7178,0.0988,-0.0928,-0.2218
1774945278.8513,0.0000,0.0000,0.0000,0.0000,0.0000,3.1128,-0.2196,-18.9027,0.0487,-0.0555,-0.2143
1774945278.8714,0.0000,0.0000,0.0000,0.0000,0.0000,3.1119,-0.2219,11.8367,0.1276,-0.0427,-0.1355
1774945278.8916,0.0000,0.0000,0.0000,0.0000,0.0000,3.1123,-0.2232,-14.0910,0.1318,-0.0672,0.0307
1774945278.9117,0.0000,0.0000,0.0000,0.0000,0.0000,3.1138,-0.2246,67.2608,0.0722,-0.0235,0.0733
1774945278.9313,0.0000,0.0000,0.0000,0.0000,0.0000,3.1149,-0.2253,-37.5640,0.0785,-0.1215,0.1276
1774945278.9519,0.0000,0.0000,0.0000,0.0000,0.0000,3.1178,-0.2241,-24.7618,-0.0131,-0.1684,0.0914
1774945278.9719,0.0000,0.0000,0.0000,0.0000,0.0000,3.1225,-0.2230,-19.5655,0.0743,-0.1162,0.0658
1774945278.9928,0.0000,0.0000,0.0000,0.0000,0.0000,3.1282,-0.2232,21.8777,0.1201,-0.0533,0.0179
1774945279.0116,0.0000,0.0000,0.0000,0.0000,0.0000,3.1333,-0.2228,86.3556,0.1052,-0.0981,-0.0237
1774945279.0313,0.0000,0.0000,0.0000,0.0000,0.0000,3.1350,-0.2219,-47.2877,0.0530,-0.1141,-0.0545
1774945279.0514,0.0000,0.0000,0.0000,0.0000,0.0000,3.1373,-0.2228,-4.7750,0.1073,-0.0810,-0.0322
1774945279.0715,0.0000,0.0000,0.0000,0.0000,0.0000,3.1372,-0.2237,-5.3662,0.0945,-0.0789,-0.0077
1774945279.0915,0.0000,0.0000,0.0000,0.0000,0.0000,3.1350,-0.2239,-45.5169,0.0445,-0.1119,0.0115
1774945279.1114,0.0000,0.0000,0.0000,0.0000,0.0000,3.1372,-0.2249,32.4360,0.0519,-0.0374,0.0403
1774945279.1317,0.0000,0.0000,0.0000,0.0000,0.0000,3.1410,-0.2247,-17.8627,0.0626,-0.1066,0.0115
1774945279.1516,0.0000,0.0000,0.0000,0.0000,0.0000,-3.1408,-0.2251,-31.8650,0.0434,-0.1002,0.0030
1774945279.1719,0.0000,0.0000,0.0000,0.0000,0.0000,-3.1381,-0.2254,24.7201,0.0381,-0.0257,-0.0151
1774945279.1914,0.0000,0.0000,0.0000,0.0000,0.0000,-3.1375,-0.2255,24.5895,-0.0120,-0.0768,-0.0258
1774945279.2115,0.0000,0.0000,0.0000,0.0000,0.0000,-3.1365,-0.2212,-18.2365,-0.0141,-0.1013,-0.0524
1774945279.2314,0.0000,0.0000,0.0000,0.0000,0.0000,-3.1336,-0.2164,-24.5112,0.0775,-0.1205,-0.0492
1774945279.2514,0.0000,0.0000,0.0000,0.0000,0.0000,-3.1345,-0.2117,3.5177,0.0445,-0.1300,-0.0279
1774945279.2713,0.0000,0.0000,0.0000,0.0000,0.0000,-3.1343,-0.2068,5.4869,0.0221,-0.0661,-0.0205
1774945279.2912,0.0000,0.0000,0.0000,0.0000,0.0000,-3.1350,-0.2023,-12.9007,-0.0535,-0.0086,-0.0482
1774945279.3114,0.0000,0.0000,0.0000,0.0000,0.0000,-3.1361,-0.2015,7.1384,-0.0184,-0.0139,-0.0258
1774945279.3313,0.0000,0.0000,0.0000,0.0000,0.0000,-3.1340,-0.1997,-4.6830,0.0104,0.0606,-0.0556
1774945279.3519,0.0000,0.0000,0.0000,0.0000,0.0000,-3.1332,-0.1983,-23.2316,0.0093,0.1128,-0.0343
1774945279.3712,0.0000,0.0000,0.0000,0.0000,0.0000,-3.1353,-0.1973,25.6793,0.0050,0.1629,-0.0279
1774945279.3913,0.0000,0.0000,0.0000,0.0000,0.0000,-3.1340,-0.1984,3.7059,0.0477,0.1224,-0.0247
1774945279.4114,0.0000,0.0000,0.0000,0.0000,0.0000,-3.1338,-0.1982,-18.0185,0.0839,0.1810,-0.0055
1774945279.4314,0.0000,0.0000,0.0000,0.0000,0.0000,-3.1341,-0.1970,-6.8006,0.0295,0.1895,0.0275
1774945279.4514,0.0000,0.0000,0.0000,0.0000,0.0000,-3.1337,-0.1974,46.3381,0.0189,0.2779,0.0435
1774945279.4713,0.0000,0.0000,0.0000,0.0000,0.0000,-3.1334,-0.2008,-82.3117,-0.0141,0.4047,0.0456
1774945279.4914,0.0000,0.0000,0.0000,0.0000,0.0000,-3.1324,-0.2044,-8.9456,0.0093,0.3376,-0.0055
1774945279.5114,0.0000,0.0000,0.0000,0.0000,0.0000,-3.1290,-0.2072,-5.3632,0.0455,0.2034,-0.0727
1774945279.5313,0.0000,0.0000,0.0000,0.0000,0.0000,-3.1283,-0.2109,-33.0336,0.0093,0.2257,-0.0727
1774945279.5515,0.0000,0.0000,0.0000,0.0000,0.0000,-3.1291,-0.2127,-27.5966,0.0562,0.1501,-0.0535
1774945279.5713,0.0000,0.0000,0.0000,0.0000,0.0000,-3.1292,-0.2194,-70.1766,0.0413,0.2215,-0.0226
1774945279.5913,0.0000,0.0000,0.0000,0.0000,0.0000,-3.1275,-0.2273,-12.3415,0.0999,0.2087,-0.0013
1774945279.6113,0.0000,0.0000,0.0000,0.0000,0.0000,-3.1269,-0.2335,47.8302,0.0370,0.1459,-0.0151
1774945279.6314,0.0000,0.0000,0.0000,0.0000,0.0000,-3.1257,-0.2374,6.5152,0.0306,-0.0299,-0.0450
1774945279.6514,0.0000,0.0000,0.0000,0.0000,0.0000,-3.1254,-0.2396,-34.5472,0.0104,-0.0960,-0.0812
1774945279.6715,0.0000,0.0000,0.0000,0.0000,0.0000,-3.1259,-0.2403,-11.5364,-0.0397,-0.1759,-0.0791
1774945279.6913,0.0000,0.0000,0.0000,0.0000,0.0000,-3.1254,-0.2394,23.3680,-0.0333,-0.2323,-0.0737
1774945279.7114,0.0000,0.0000,0.0000,0.0000,0.0000,-3.1255,-0.2360,30.4898,-0.0653,-0.2877,-0.0332
1774945279.7315,0.0000,0.0000,0.0000,0.0000,0.0000,-3.1247,-0.2301,29.0421,0.0082,-0.3516,0.0136
1774945279.7515,0.0000,0.0000,0.0000,0.0000,0.0000,-3.1262,-0.2244,37.9719,-0.0205,-0.3591,0.0328
1774945279.7714,0.0000,0.0000,0.0000,0.0000,0.0000,-3.1260,-0.2175,44.0259,-0.0663,-0.3697,-0.0002
1774945279.7914,0.0000,0.0000,0.0000,0.0000,0.0000,-3.1267,-0.2127,43.5639,-0.0844,-0.3090,-0.0332
1774945279.8113,0.0000,0.0000,0.0000,0.0000,0.0000,-3.1286,-0.2091,39.7386,-0.0962,-0.2376,-0.0300
1774945279.8314,0.0000,0.0000,0.0000,0.0000,0.0000,-3.1298,-0.2073,-35.2518,0.0082,-0.1663,-0.0183
1774945279.8514,0.0000,0.0000,0.0000,0.0000,0.0000,-3.1324,-0.2060,-104.1722,0.0146,-0.0438,0.0520
1774945279.8714,0.0000,0.0000,0.0000,0.0000,0.0000,-3.1364,-0.2011,-52.7702,-0.1366,-0.1567,0.1894
1774945279.8914,0.0000,0.0000,0.0000,0.0000,0.0000,-3.1414,-0.1970,-13.8218,-0.2005,-0.1482,0.2810
1774945279.9113,0.0000,0.0000,0.0000,0.0000,0.0000,-3.1407,-0.1977,41.6098,-0.1281,0.0308,0.2863
1774945279.9313,0.0000,0.0000,0.0000,0.0000,0.0000,-3.1383,-0.1988,144.7053,-0.1057,0.1160,0.2576
1774945279.9596,0.0000,0.0000,0.0000,0.0000,0.0000,-3.1369,-0.1998,18.3337,-0.0450,0.0809,0.2203
1774945279.9735,0.0000,0.0000,0.0000,0.0000,0.0000,-3.1397,-0.2011,-55.6394,-0.0972,0.1022,0.2565
1774945279.9914,0.0000,0.0000,0.0000,0.0000,0.0000,-3.1413,-0.2051,49.1509,-0.0631,0.1672,0.2533
1774945280.0115,0.0000,0.0000,0.0000,0.0000,0.0000,-3.1410,-0.2092,32.9680,-0.0408,0.2236,0.2789
1774945280.0313,0.0000,0.0000,0.0000,0.0000,0.0000,3.1397,-0.2112,13.2705,-0.1334,0.1746,0.2736
1774945280.0514,0.0000,0.0000,0.0000,0.0000,0.0000,3.1406,-0.2149,-23.0707,-0.1302,0.2087,0.2544
1774945280.0713,0.0000,0.0000,0.0000,0.0000,0.0000,-3.1395,-0.2195,35.2072,-0.0503,0.2428,0.2267
1774945280.0914,0.0000,0.0000,0.0000,0.0000,0.0000,3.1414,-0.2230,-6.7195,-0.0376,0.2300,0.2938
1774945280.1114,0.0000,0.0000,0.0000,0.0000,0.0000,3.1405,-0.2261,56.6691,-0.0887,0.1863,0.3545
1774945280.1314,0.0000,0.0000,0.0000,0.0000,0.0000,3.1415,-0.2274,97.4766,0.0114,0.0415,0.3897
1774945280.1516,0.0000,0.0000,0.0000,0.0000,0.0000,-3.1411,-0.2269,-94.7093,-0.0844,-0.1407,0.3993
1774945280.1714,0.0000,0.0000,0.0000,0.0000,0.0000,-3.1394,-0.2281,-52.8541,0.0615,0.0596,0.3950
1774945280.1914,0.0000,0.0000,0.0000,0.0000,0.0000,-3.1368,-0.2283,100.2191,0.0572,0.0649,0.3417
1774945280.2113,0.0000,0.0000,0.0000,0.0000,0.0000,-3.1329,-0.2298,90.4646,0.0871,-0.0193,0.3279
1774945280.2314,0.0000,0.0000,0.0000,0.0000,0.0000,-3.1329,-0.2304,-28.2175,0.0370,0.0244,0.3801
1774945280.2516,0.0000,0.0000,0.0000,0.0000,0.0000,-3.1291,-0.2263,-32.1890,0.0274,-0.0683,0.3396
1774945280.2721,0.0000,0.0000,0.0000,0.0000,0.0000,-3.1274,-0.2218,-74.9683,-0.0557,-0.1482,0.4035
1774945280.2914,0.0000,0.0000,0.0000,0.0000,0.0000,-3.1245,-0.2182,-47.9165,-0.0717,-0.1418,0.4110
1774945280.3114,0.0000,0.0000,0.0000,0.0000,0.0000,-3.1210,-0.2156,48.3477,-0.0131,-0.0310,0.4184
1774945280.3315,0.0000,0.0000,0.0000,0.0000,0.0000,-3.1176,-0.2132,-9.2381,-0.0248,-0.0800,0.4387
1774945280.3514,0.0000,0.0000,0.0000,0.0000,0.0000,-3.1132,-0.2117,-42.2272,0.0530,-0.0864,0.4429
1774945280.3720,0.0000,0.0000,0.0000,0.0000,0.0000,-3.1116,-0.2103,32.5658,0.0008,-0.0342,0.4461
1774945280.3914,0.0000,0.0000,0.0000,0.0000,0.0000,-3.1107,-0.2060,-48.4664,-0.1484,-0.1524,0.4024
1774945280.4114,0.0000,0.0000,0.0000,0.0000,0.0000,-3.1126,-0.2030,-88.3279,-0.1611,-0.0853,0.4270
1774945280.4314,0.0000,0.0000,0.0000,0.0000,0.0000,-3.1135,-0.1997,-50.6351,-0.1558,-0.0278,0.4866
1774945280.4515,0.0000,0.0000,0.0000,0.0000,0.0000,-3.1142,-0.1995,53.1456,-0.1207,0.0276,0.4877
1774945280.4713,0.0000,0.0000,0.0000,0.0000,0.0000,-3.1142,-0.2007,-52.0599,-0.1143,0.0862,0.5377
1774945280.4914,0.0000,0.0000,0.0000,0.0000,0.0000,-3.1138,-0.1996,13.4753,-0.1515,0.0670,0.5963
1774945280.5125,0.0000,0.0000,0.0000,0.0000,0.0000,-3.1192,-0.1986,30.7510,-0.2421,-0.0267,0.6027
1774945280.5313,0.0000,0.0000,0.0000,0.0000,0.0000,-3.1206,-0.1981,-8.6843,-0.2474,-0.0235,0.6027
1774945280.5559,0.0000,0.0000,0.0000,0.0000,0.0000,-3.1232,-0.2012,50.4195,-0.2645,0.0862,0.6517
1774945280.5716,0.0000,0.0000,0.0000,0.0000,0.0000,-3.1255,-0.2049,-70.3283,-0.1249,0.1576,0.7124
1774945280.5916,0.0000,0.0000,0.0000,0.0000,0.0000,-3.1272,-0.2065,-14.7265,-0.2080,0.1288,0.7817
1774945280.6117,0.0000,0.0000,0.0000,0.0000,0.0000,-3.1308,-0.2086,-17.9085,-0.1792,0.1128,0.7913
1774945280.6314,0.0000,0.0000,0.0000,0.0000,0.0000,-3.1310,-0.2114,153.2291,-0.1132,0.1075,0.8179
1774945280.6515,0.0000,0.0000,0.0000,0.0000,0.0000,-3.1329,-0.2129,42.8521,-0.1835,0.0404,0.8722
1774945280.6713,0.0000,0.0000,0.0000,0.0000,0.0000,-3.1321,-0.2112,-10.9463,-0.2251,-0.0001,0.9042
1774945280.6914,0.0000,0.0000,0.0000,0.0000,0.0000,-3.1312,-0.2149,67.8587,-0.1931,0.0713,0.9330
1774945280.7115,0.0000,0.0000,0.0000,0.0000,0.0000,-3.1269,-0.2153,-13.3996,-0.1164,0.0969,0.9692
1774945280.7314,0.0000,0.0000,0.0000,0.0000,0.0000,-3.1274,-0.2178,26.5370,-0.1239,0.0894,1.0001
1774945280.7513,0.0000,0.0000,0.0000,0.0000,0.0000,-3.1277,-0.2181,-73.1273,-0.1505,0.0308,1.0917
1774945280.7714,0.0000,0.0000,0.0000,0.0000,0.0000,-3.1249,-0.2171,-126.2646,-0.1217,0.0542,1.1417
1774945280.7913,0.0000,0.0000,0.0000,0.0000,0.0000,-3.1247,-0.2148,82.2773,-0.1803,0.0265,1.1844
1774945280.8115,0.0000,0.0000,0.0000,0.0000,0.0000,-3.1212,-0.2135,-30.7970,-0.1675,-0.0097,1.1907
1774945280.8315,0.0000,0.0000,0.0000,0.0000,0.0000,-3.1193,-0.2108,99.8030,-0.2506,-0.0725,1.2621
1774945280.8514,0.0000,0.0000,0.0000,0.0000,0.0000,-3.1173,-0.2061,38.0906,-0.2655,-0.1684,1.3037
1774945280.8716,0.0000,0.0000,0.0000,0.0000,0.0000,-3.1156,-0.2047,19.9285,-0.1952,-0.0502,1.3729
1774945280.8915,0.0000,0.0000,0.0000,0.0000,0.0000,-3.1129,-0.2029,10.4617,-0.1856,-0.0012,1.4038
1774945280.9115,0.0000,0.0000,0.0000,0.0000,0.0000,-3.1118,-0.2022,-131.5253,-0.1153,0.0617,1.4656
1774945280.9315,0.0000,0.0000,0.0000,0.0000,0.0000,-3.1144,-0.2011,-83.2206,-0.3433,0.1075,1.5370
1774945280.9515,0.0000,0.0000,0.0000,0.0000,0.0000,-3.1130,-0.2015,-31.5193,-0.4275,0.1341,1.5348
1774945280.9714,0.0000,0.0000,0.0000,0.0000,0.0000,-3.1107,-0.2025,114.0153,-0.3987,0.1672,1.5806
1774945280.9916,0.0000,0.0000,0.0000,0.0000,0.0000,-3.1112,-0.2030,147.3056,-0.3177,0.1363,1.6552
1774945281.0115,0.0000,0.0000,0.0000,0.0000,0.0000,-3.1100,-0.2004,87.3417,-0.3699,-0.0075,1.7394
1774945281.0315,0.0000,0.0000,0.0000,0.0000,0.0000,-3.1099,-0.1977,67.3454,-0.3433,0.0745,1.8011
1774945281.0541,0.0000,0.0000,0.0000,0.0000,0.0000,-3.1070,-0.1974,-70.6059,-0.2826,0.1682,1.7639
1774945281.0714,0.0000,0.0000,0.0000,0.0000,0.0000,-3.1033,-0.1978,-83.4929,-0.3167,0.2130,1.7149
1774945281.0921,0.0000,0.0000,0.0000,0.0000,0.0000,-3.1000,-0.1988,-80.3554,-0.3923,0.2353,1.7223
1774945281.1115,0.0000,0.0000,0.0000,0.0000,0.0000,-3.0980,-0.1995,53.7292,-0.3827,0.2428,1.7244
1774945281.1313,0.0000,0.0000,0.0000,0.0000,0.0000,-3.0953,-0.2009,77.3207,-0.3369,0.1629,1.7415
1774945281.1513,0.0000,0.0000,0.0000,0.0000,0.0000,-3.0913,-0.2020,-51.3491,-0.2165,0.2353,1.7479
1774945281.1713,0.0000,0.0000,0.0000,0.0000,0.0000,-3.0896,-0.2018,30.2739,-0.2421,0.1789,1.7500
1774945281.1913,0.0000,0.0000,0.0000,0.0000,0.0000,-3.0884,-0.2005,-65.0159,-0.3433,0.1309,1.7500
1774945281.2114,0.0000,0.0000,0.0000,0.0000,0.0000,-3.0874,-0.1989,-35.8123,-0.4179,0.1448,1.7585
1774945281.2314,0.0000,0.0000,0.0000,0.0000,0.0000,-3.0842,-0.1974,-11.6595,-0.3742,0.1480,1.7436
1774945281.2512,0.0000,0.0000,0.0000,0.0000,0.0000,-3.0824,-0.1969,5.6403,-0.3795,0.0308,1.7809
1774945281.2714,0.0000,0.0000,0.0000,0.0000,0.0000,-3.0782,-0.1967,-111.8705,-0.2400,0.1959,1.7521
1774945281.2920,0.0000,0.0000,0.0000,0.0000,0.0000,-3.0753,-0.1958,48.5290,-0.2591,0.2471,1.7117
1774945281.3112,0.0000,0.0000,0.0000,0.0000,0.0000,-3.0719,-0.1970,-6.0884,-0.2570,0.2726,1.5668
1774945281.3313,0.0000,0.0000,0.0000,0.0000,0.0000,-3.0679,-0.1995,30.8216,-0.3284,0.2854,1.4368
1774945281.3513,0.0000,0.0000,0.0000,0.0000,0.0000,-3.0644,-0.2031,47.1685,-0.3124,0.2886,1.2887
1774945281.3713,0.0000,0.0000,0.0000,0.0000,0.0000,-3.0618,-0.2053,-10.7714,-0.3294,0.2215,1.2046
1774945281.3913,0.0000,0.0000,0.0000,0.0000,0.0000,-3.0633,-0.2058,73.7361,-0.3699,0.1331,1.2834
1774945281.4113,0.0000,0.0000,0.0000,0.0000,0.0000,-3.0620,-0.2036,16.0326,-0.2133,-0.0246,1.2877
1774945281.4313,0.0000,0.0000,0.0000,0.0000,0.0000,-3.0608,-0.2005,12.2132,-0.3294,-0.0150,1.2941
1774945281.4513,0.0000,0.0000,0.0000,0.0000,0.0000,-3.0607,-0.1992,17.2370,-0.4285,0.0574,1.1002
1774945281.4713,0.0000,0.0000,0.0000,0.0000,0.0000,-3.0618,-0.2005,70.5821,-0.4946,0.1437,0.9180
1774945281.4913,0.0000,0.0000,0.0000,0.0000,0.0000,-3.0646,-0.2025,-55.7642,-0.5862,0.1512,0.6815
1774945281.5126,0.0000,0.0000,0.0000,0.0000,0.0000,-3.0668,-0.2059,-17.5323,-0.3870,0.1853,0.5569
1774945281.5313,0.0000,0.0000,0.0000,0.0000,0.0000,-3.0676,-0.2085,16.3391,-0.1782,0.1256,0.3673
1774945281.5513,0.0000,0.0000,0.0000,0.0000,0.0000,-3.0663,-0.2089,65.8450,-0.0844,-0.0086,0.2384
1774945281.5714,0.0000,0.0000,0.0000,0.0000,0.0000,-3.0650,-0.2077,13.4833,-0.0525,-0.1215,0.0999
1774945281.5913,0.0000,0.0000,0.0000,0.0000,0.0000,-3.0628,-0.2052,-63.0867,-0.0141,-0.1364,-0.0876
1774945281.6113,0.0000,0.0000,0.0000,0.0000,0.0000,-3.0615,-0.2028,-42.4267,-0.0653,-0.1300,-0.2420
1774945281.6314,0.0000,0.0000,0.0000,0.0000,0.0000,-3.0634,-0.2004,7.6843,-0.2410,-0.0768,-0.3677
1774945281.6515,0.0000,0.0000,0.0000,0.0000,0.0000,-3.0684,-0.1978,-13.2070,-0.2709,-0.0715,-0.3155
1774945281.6713,0.0000,0.0000,0.0000,0.0000,0.0000,-3.0745,-0.1934,20.2705,-0.3156,-0.0970,-0.2708
1774945281.6914,0.0000,0.0000,0.0000,0.0000,0.0000,-3.0860,-0.1930,-19.6709,-0.4445,-0.0768,-0.1004
1774945281.7113,0.0000,0.0000,0.0000,0.0000,0.0000,-3.0980,-0.1938,-20.8191,-0.4647,-0.0704,-0.0141
1774945281.7314,0.0000,0.0000,0.0000,0.0000,0.0000,-3.1089,-0.1949,-15.4388,-0.4189,-0.0693,0.0360
1774945281.7514,0.0000,0.0000,0.0000,0.0000,0.0000,-3.1191,-0.1964,-3.2185,-0.3433,-0.0768,0.0094
1774945281.7715,0.0000,0.0000,0.0000,0.0000,0.0000,-3.1274,-0.1988,29.5911,-0.3113,-0.0363,-0.0599
1774945281.7913,0.0000,0.0000,0.0000,0.0000,0.0000,-3.1326,-0.2006,-8.0524,-0.2506,-0.0001,-0.0865
1774945281.8116,0.0000,0.0000,0.0000,0.0000,0.0000,-3.1369,-0.2037,9.1922,-0.1867,0.0319,-0.1259
1774945281.8314,0.0000,0.0000,0.0000,0.0000,0.0000,3.1392,-0.2058,24.3977,-0.1974,0.0361,-0.0993
1774945281.8514,0.0000,0.0000,0.0000,0.0000,0.0000,3.1331,-0.2086,-41.0656,-0.1601,0.0180,-0.0727
1774945281.8713,0.0000,0.0000,0.0000,0.0000,0.0000,3.1283,-0.2112,14.1829,-0.0163,-0.0075,-0.0460
1774945281.8915,0.0000,0.0000,0.0000,0.0000,0.0000,3.1245,-0.2128,-19.4537,-0.0322,-0.0683,0.0211
1774945281.9113,0.0000,0.0000,0.0000,0.0000,0.0000,3.1222,-0.2155,13.6696,0.0274,-0.0139,0.0136
1774945281.9314,0.0000,0.0000,0.0000,0.0000,0.0000,3.1220,-0.2180,7.9186,0.1094,-0.0448,0.0275
1774945281.9514,0.0000,0.0000,0.0000,0.0000,0.0000,3.1215,-0.2197,-0.4258,0.0711,-0.0949,0.0051
1774945281.9715,0.0000,0.0000,0.0000,0.0000,0.0000,3.1231,-0.2212,-5.0893,0.0796,-0.0704,-0.0322
1774945281.9914,0.0000,0.0000,0.0000,0.0000,0.0000,3.1254,-0.2191,-11.8745,0.1318,-0.1162,-0.0279
1774945282.0114,0.0000,0.0000,0.0000,0.0000,0.0000,3.1275,-0.2174,-34.5386,0.1627,-0.1652,-0.0183
1774945282.0314,0.0000,0.0000,0.0000,0.0000,0.0000,3.1299,-0.2150,-20.6326,0.1797,-0.1141,0.0115
1774945282.0516,0.0000,0.0000,0.0000,0.0000,0.0000,3.1299,-0.2136,19.1218,0.1723,-0.1045,0.0136
1774945282.0714,0.0000,0.0000,0.0000,0.0000,0.0000,3.1318,-0.2126,29.2429,0.1552,-0.1109,0.0296
1774945282.0914,0.0000,0.0000,0.0000,0.0000,0.0000,3.1365,-0.2090,13.0502,0.1925,-0.1205,0.0381
1774945282.1116,0.0000,0.0000,0.0000,0.0000,0.0000,3.1402,-0.2065,9.6125,0.1361,-0.0651,0.0211
1774945282.1314,0.0000,0.0000,0.0000,0.0000,0.0000,-3.1389,-0.2077,-35.6748,0.1393,-0.0150,0.0115
1774945282.1513,0.0000,0.0000,0.0000,0.0000,0.0000,-3.1367,-0.2085,-11.8401,0.0796,-0.0097,0.0307
1774945282.1715,0.0000,0.0000,0.0000,0.0000,0.0000,-3.1341,-0.2105,14.2257,0.0956,-0.0118,0.0285
1774945282.1913,0.0000,0.0000,0.0000,0.0000,0.0000,-3.1298,-0.2094,10.2553,0.1137,-0.0864,0.0211
1774945282.2116,0.0000,0.0000,0.0000,0.0000,0.0000,-3.1268,-0.2115,-63.4738,0.0722,-0.0438,-0.0045
1774945282.2313,0.0000,0.0000,0.0000,0.0000,0.0000,-3.1242,-0.2117,3.7624,-0.0109,-0.0107,-0.0141
1774945282.2524,0.0000,0.0000,0.0000,0.0000,0.0000,-3.1225,-0.2143,6.4083,-0.0152,-0.0075,-0.0386
1774945282.2722,0.0000,0.0000,0.0000,0.0000,0.0000,-3.1217,-0.2190,16.7670,-0.0322,0.0873,-0.0727
1774945282.2913,0.0000,0.0000,0.0000,0.0000,0.0000,-3.1217,-0.2235,101.0568,-0.0418,0.0436,-0.0844
1774945282.3113,0.0000,0.0000,0.0000,0.0000,0.0000,-3.1222,-0.2256,-13.1918,-0.0344,-0.1418,-0.0727
1774945282.3313,0.0000,0.0000,0.0000,0.0000,0.0000,-3.1238,-0.2266,-17.9427,-0.0312,-0.1332,-0.0396
1774945282.3514,0.0000,0.0000,0.0000,0.0000,0.0000,-3.1264,-0.2277,31.9423,-0.0642,-0.0768,-0.0119
1774945282.3714,0.0000,0.0000,0.0000,0.0000,0.0000,-3.1299,-0.2296,-53.9038,-0.0844,-0.0480,-0.0066
1774945282.3919,0.0000,0.0000,0.0000,0.0000,0.0000,-3.1316,-0.2310,8.1597,-0.0908,-0.0608,0.0264
1774945282.4114,0.0000,0.0000,0.0000,0.0000,0.0000,-3.1327,-0.2327,146.8159,-0.0930,-0.0544,0.0008
1774945282.4314,0.0000,0.0000,0.0000,0.0000,0.0000,-3.1332,-0.2340,21.4369,-0.0621,-0.1482,-0.0450
1774945282.4514,0.0000,0.0000,0.0000,0.0000,0.0000,-3.1342,-0.2352,40.2294,-0.0525,-0.1237,-0.0780
1774945282.4714,0.0000,0.0000,0.0000,0.0000,0.0000,-3.1353,-0.2350,78.7592,-0.0120,-0.2014,-0.0535
1774945282.4912,0.0000,0.0000,0.0000,0.0000,0.0000,-3.1372,-0.2338,-26.9873,-0.0003,-0.2536,-0.0269
1774945282.5113,0.0000,0.0000,0.0000,0.0000,0.0000,-3.1396,-0.2328,40.1765,-0.0482,-0.1929,-0.0077
1774945282.5315,0.0000,0.0000,0.0000,0.0000,0.0000,-3.1413,-0.2312,15.7247,-0.0685,-0.1769,-0.0034
1774945282.5513,0.0000,0.0000,0.0000,0.0000,0.0000,3.1405,-0.2282,-62.5586,-0.0440,-0.2472,0.0190
1774945282.5714,0.0000,0.0000,0.0000,0.0000,0.0000,3.1411,-0.2265,11.2416,-0.0088,-0.1641,0.0008
1774945282.5913,0.0000,0.0000,0.0000,0.0000,0.0000,3.1406,-0.2239,10.5417,-0.0013,-0.1780,0.0040
1774945282.6114,0.0000,0.0000,0.0000,0.0000,0.0000,3.1400,-0.2233,-29.5619,0.0242,-0.1471,0.0019
1774945282.6314,0.0000,0.0000,0.0000,0.0000,0.0000,3.1410,-0.2240,22.8103,0.0562,-0.0779,-0.0269
1774945282.6514,0.0000,0.0000,0.0000,0.0000,0.0000,3.1399,-0.2234,2.4468,0.0455,-0.0587,-0.0322
1774945282.6719,0.0000,0.0000,0.0000,0.0000,0.0000,3.1376,-0.2239,-13.6223,0.0391,-0.0416,-0.0162
1774945282.6913,0.0000,0.0000,0.0000,0.0000,0.0000,3.1357,-0.2242,20.1049,0.0210,0.0084,-0.0034
1774945282.7112,0.0000,0.0000,0.0000,0.0000,0.0000,3.1374,-0.2235,-0.8922,0.0210,-0.0214,0.0094
1774945282.7325,0.0000,0.0000,0.0000,0.0000,0.0000,3.1399,-0.2232,-20.7132,0.0253,-0.0033,0.0136
1774945282.7514,0.0000,0.0000,0.0000,0.0000,0.0000,-3.1392,-0.2234,18.9128,0.0434,0.0308,0.0030
1774945282.7714,0.0000,0.0000,0.0000,0.0000,0.0000,-3.1362,-0.2233,5.3197,0.0509,0.0180,-0.0055
1774945282.7913,0.0000,0.0000,0.0000,0.0000,0.0000,-3.1349,-0.2239,-8.4783,0.0359,0.0297,-0.0173
1774945282.8114,0.0000,0.0000,0.0000,0.0000,0.0000,-3.1369,-0.2231,22.7443,0.0136,0.0415,-0.0226
1774945282.8314,0.0000,0.0000,0.0000,0.0000,0.0000,-3.1389,-0.2226,9.4470,0.0050,0.0255,-0.0151
1774945282.8514,0.0000,0.0000,0.0000,0.0000,0.0000,-3.1413,-0.2223,0.0422,0.0104,0.0351,-0.0024
1774945282.8714,0.0000,0.0000,0.0000,0.0000,0.0000,3.1402,-0.2205,18.8077,0.0157,0.0447,0.0062
1774945282.8915,0.0000,0.0000,0.0000,0.0000,0.0000,3.1402,-0.2181,2.9630,0.0359,0.0255,0.0062
1774945282.9113,0.0000,0.0000,0.0000,0.0000,0.0000,-3.1410,-0.2160,-4.6204,0.0498,0.0319,0.0030
1774945282.9314,0.0000,0.0000,0.0000,0.0000,0.0000,-3.1404,-0.2138,4.4216,0.0455,0.0468,-0.0066
1774945282.9514,0.0000,0.0000,0.0000,0.0000,0.0000,-3.1395,-0.2119,3.7251,0.0391,0.0404,-0.0141
1774945282.9713,0.0000,0.0000,0.0000,0.0000,0.0000,-3.1394,-0.2120,-6.0167,0.0402,0.0542,-0.0098
1774945282.9913,0.0000,0.0000,0.0000,0.0000,0.0000,-3.1390,-0.2116,4.6081,0.0413,0.0830,-0.0002
1774945283.0114,0.0000,0.0000,0.0000,0.0000,0.0000,-3.1389,-0.2115,11.3402,0.0530,0.0798,0.0019
1774945283.0317,0.0000,0.0000,0.0000,0.0000,0.0000,-3.1389,-0.2130,-2.8353,0.0583,0.0841,0.0030
1774945283.0516,0.0000,0.0000,0.0000,0.0000,0.0000,-3.1367,-0.2132,-0.0426,0.0658,0.0969,-0.0024
1774945283.0714,0.0000,0.0000,0.0000,0.0000,0.0000,-3.1349,-0.2127,7.4482,0.0551,0.0873,-0.0055
1774945283.0916,0.0000,0.0000,0.0000,0.0000,0.0000,-3.1331,-0.2137,7.7021,0.0498,0.0809,-0.0119
1774945283.1114,0.0000,0.0000,0.0000,0.0000,0.0000,-3.1312,-0.2130,11.4814,0.0445,0.0777,-0.0119
1774945283.1318,0.0000,0.0000,0.0000,0.0000,0.0000,-3.1301,-0.2121,4.2709,0.0413,0.0681,-0.0013
1774945283.1514,0.0000,0.0000,0.0000,0.0000,0.0000,-3.1309,-0.2112,-8.0733,0.0413,0.0628,0.0030
1774945283.1717,0.0000,0.0000,0.0000,0.0000,0.0000,-3.1298,-0.2104,-1.2581,0.0295,0.0606,0.0008
1774945283.1912,0.0000,0.0000,0.0000,0.0000,0.0000,-3.1266,-0.2097,12.8641,0.0210,0.0500,-0.0024
1774945283.2117,0.0000,0.0000,0.0000,0.0000,0.0000,-3.1236,-0.2095,9.2141,0.0104,0.0468,-0.0087
1774945283.2314,0.0000,0.0000,0.0000,0.0000,0.0000,-3.1211,-0.2087,5.5134,-0.0024,0.0510,-0.0141
1774945283.2516,0.0000,0.0000,0.0000,0.0000,0.0000,-3.1187,-0.2075,4.6571,-0.0120,0.0447,-0.0215
1774945283.2714,0.0000,0.0000,0.0000,0.0000,0.0000,-3.1177,-0.2076,-1.7674,-0.0227,0.0393,-0.0237
1774945283.2914,0.0000,0.0000,0.0000,0.0000,0.0000,-3.1166,-0.2077,2.6952,-0.0386,0.0404,-0.0247
1774945283.3113,0.0000,0.0000,0.0000,0.0000,0.0000,-3.1166,-0.2074,-2.1371,-0.0514,0.0361,-0.0247
1774945283.3324,0.0000,0.0000,0.0000,0.0000,0.0000,-3.1175,-0.2079,-6.0278,-0.0642,0.0361,-0.0258
1774945283.3514,0.0000,0.0000,0.0000,0.0000,0.0000,-3.1178,-0.2078,5.9214,-0.0610,0.0447,-0.0247
1774945283.3714,0.0000,0.0000,0.0000,0.0000,0.0000,-3.1219,-0.2081,7.0228,-0.0663,0.0415,-0.0226
1774945283.3913,0.0000,0.0000,0.0000,0.0000,0.0000,-3.1253,-0.2086,-4.7146,-0.0631,0.0415,-0.0279
1774945283.4116,0.0000,0.0000,0.0000,0.0000,0.0000,-3.1282,-0.2086,-6.7885,-0.0631,0.0457,-0.0311
1774945283.4314,0.0000,0.0000,0.0000,0.0000,0.0000,-3.1330,-0.2093,-3.3185,-0.0514,0.0361,-0.0343
1774945283.4516,0.0000,0.0000,0.0000,0.0000,0.0000,-3.1378,-0.2106,-5.7054,-0.0386,0.0255,-0.0332
1774945283.4714,0.0000,0.0000,0.0000,0.0000,0.0000,3.1408,-0.2114,-1.5738,-0.0322,0.0191,-0.0205
1774945283.4913,0.0000,0.0000,0.0000,0.0000,0.0000,3.1366,-0.2119,-0.8842,-0.0099,-0.0001,-0.0109
1774945283.5113,0.0000,0.0000,0.0000,0.0000,0.0000,3.1330,-0.2133,-2.4668,0.0061,-0.0107,-0.0034
1774945283.5313,0.0000,0.0000,0.0000,0.0000,0.0000,3.1310,-0.2146,-5.5476,0.0338,-0.0235,0.0008
1774945283.5513,0.0000,0.0000,0.0000,0.0000,0.0000,3.1302,-0.2179,36.6826,0.0189,0.0191,0.0530
1774945283.5714,0.0000,0.0000,0.0000,0.0000,0.0000,3.1288,-0.2211,26.7392,0.0551,-0.0022,0.1329
1774945283.5913,0.0000,0.0000,0.0000,0.0000,0.0000,3.1265,-0.2224,4.6813,-0.0024,-0.0331,0.1649
1774945283.6113,0.0000,0.0000,0.0000,0.0000,0.0000,3.1249,-0.2237,-2.4516,-0.0099,-0.0874,0.1830
1774945283.6313,0.0000,0.0000,0.0000,0.0000,0.0000,3.1280,-0.2248,11.1743,0.0146,-0.0576,0.1340
1774945283.6513,0.0000,0.0000,0.0000,0.0000,0.0000,3.1334,-0.2242,60.5159,0.0775,-0.0459,0.0733
1774945283.6713,0.0000,0.0000,0.0000,0.0000,0.0000,3.1356,-0.2230,50.6997,0.0913,-0.0789,0.0509
1774945283.6915,0.0000,0.0000,0.0000,0.0000,0.0000,3.1375,-0.2213,-59.0736,0.1254,-0.0970,0.0424
1774945283.7113,0.0000,0.0000,0.0000,0.0000,0.0000,3.1382,-0.2191,-42.5394,0.1521,-0.0810,0.0104
1774945283.7313,0.0000,0.0000,0.0000,0.0000,0.0000,3.1407,-0.2167,24.3003,0.0338,-0.0608,-0.0705
1774945283.7514,0.0000,0.0000,0.0000,0.0000,0.0000,-3.1372,-0.2130,14.1999,0.1680,-0.0949,-0.1312
1774945283.7714,0.0000,0.0000,0.0000,0.0000,0.0000,-3.1331,-0.2095,-0.8577,0.1254,-0.0406,-0.1621
1774945283.7914,0.0000,0.0000,0.0000,0.0000,0.0000,-3.1322,-0.2056,-3.4455,0.0700,-0.0107,-0.1249
1774945283.8113,0.0000,0.0000,0.0000,0.0000,0.0000,-3.1329,-0.2028,8.1859,0.0285,0.0095,-0.0535
1774945283.8313,0.0000,0.0000,0.0000,0.0000,0.0000,-3.1338,-0.2011,-6.5595,0.0285,0.0148,0.0424
1774945283.8515,0.0000,0.0000,0.0000,0.0000,0.0000,-3.1346,-0.1991,-0.9916,0.0008,0.0383,0.0839
1774945283.8714,0.0000,0.0000,0.0000,0.0000,0.0000,-3.1309,-0.1998,-1.9510,-0.0013,0.0510,0.0722
1774945283.8913,0.0000,0.0000,0.0000,0.0000,0.0000,-3.1271,-0.2015,-10.6000,-0.0024,0.0958,0.0275
1774945283.9114,0.0000,0.0000,0.0000,0.0000,0.0000,-3.1234,-0.2037,6.5518,-0.0195,0.1352,-0.0396
1774945283.9315,0.0000,0.0000,0.0000,0.0000,0.0000,-3.1222,-0.2044,-1.0944,-0.0045,0.1267,-0.0599
1774945283.9514,0.0000,0.0000,0.0000,0.0000,0.0000,-3.1237,-0.2047,-2.9380,-0.0290,0.1277,-0.1004
1774945283.9714,0.0000,0.0000,0.0000,0.0000,0.0000,-3.1278,-0.2056,8.9391,-0.0290,0.1320,-0.0801
1774945283.9913,0.0000,0.0000,0.0000,0.0000,0.0000,-3.1322,-0.2070,1.8735,-0.0333,0.1288,-0.0269
1774945284.0113,0.0000,0.0000,0.0000,0.0000,0.0000,-3.1367,-0.2078,-2.9791,-0.0440,0.1171,0.0115
1774945284.0313,0.0000,0.0000,0.0000,0.0000,0.0000,-3.1344,-0.2084,-1.5665,-0.0546,0.1022,0.0243
1774945284.0513,0.0000,0.0000,0.0000,0.0000,0.0000,-3.1317,-0.2093,-7.6297,-0.0621,0.0851,0.0094
1774945284.0727,0.0000,0.0000,0.0000,0.0000,0.0000,-3.1290,-0.2109,-2.1602,-0.0653,0.0617,-0.0205
1774945284.0913,0.0000,0.0000,0.0000,0.0000,0.0000,-3.1266,-0.2131,-7.4414,-0.0472,0.0436,-0.0439
1774945284.1115,0.0000,0.0000,0.0000,0.0000,0.0000,-3.1285,-0.2145,-4.0795,-0.0237,0.0308,-0.0556
1774945284.1312,0.0000,0.0000,0.0000,0.0000,0.0000,-3.1323,-0.2142,-2.3161,-0.0258,0.0074,-0.0482
1774945284.1515,0.0000,0.0000,0.0000,0.0000,0.0000,-3.1369,-0.2147,6.9809,-0.0205,-0.0139,-0.0279
1774945284.1713,0.0000,0.0000,0.0000,0.0000,0.0000,-3.1412,-0.2153,8.2394,-0.0120,-0.0203,-0.0045
1774945284.1913,0.0000,0.0000,0.0000,0.0000,0.0000,3.1380,-0.2166,11.1060,-0.0205,-0.0171,0.0136
1774945284.2114,0.0000,0.0000,0.0000,0.0000,0.0000,3.1369,-0.2196,-11.7835,-0.0024,-0.0182,0.0147
1774945284.2313,0.0000,0.0000,0.0000,0.0000,0.0000,3.1384,-0.2220,4.5999,0.0232,-0.0288,0.0147
1774945284.2514,0.0000,0.0000,0.0000,0.0000,0.0000,3.1395,-0.2250,-7.1552,0.0285,-0.0640,0.0051
1774945284.2713,0.0000,0.0000,0.0000,0.0000,0.0000,3.1392,-0.2253,22.2022,0.0210,-0.0906,0.0094
1774945284.2913,0.0000,0.0000,0.0000,0.0000,0.0000,-3.1402,-0.2258,-9.8498,0.0455,-0.1215,0.0030
1774945284.3114,0.0000,0.0000,0.0000,0.0000,0.0000,-3.1402,-0.2238,13.7475,0.0636,-0.1332,0.0072
1774945284.3314,0.0000,0.0000,0.0000,0.0000,0.0000,3.1412,-0.2236,16.4133,0.0423,-0.1087,0.0094
1774945284.3514,0.0000,0.0000,0.0000,0.0000,0.0000,-3.1391,-0.2236,7.7505,0.0487,-0.1322,0.0094
1774945284.3714,0.0000,0.0000,0.0000,0.0000,0.0000,-3.1355,-0.2235,-4.0859,0.0572,-0.1215,0.0072
1774945284.3915,0.0000,0.0000,0.0000,0.0000,0.0000,-3.1313,-0.2219,-5.0503,0.0562,-0.1237,-0.0077
1774945284.4114,0.0000,0.0000,0.0000,0.0000,0.0000,-3.1285,-0.2195,-1.7450,0.0711,-0.1130,-0.0205
1774945284.4314,0.0000,0.0000,0.0000,0.0000,0.0000,-3.1280,-0.2179,0.5554,0.0658,-0.0800,-0.0194
1774945284.4514,0.0000,0.0000,0.0000,0.0000,0.0000,-3.1282,-0.2162,-2.7777,0.0498,-0.0747,-0.0077
1774945284.4714,0.0000,0.0000,0.0000,0.0000,0.0000,-3.1252,-0.2152,-2.0102,0.0050,-0.0683,-0.0087
1774945284.4914,0.0000,0.0000,0.0000,0.0000,0.0000,-3.1211,-0.2131,-2.6047,0.0349,-0.0193,-0.0322
1774945284.5166,0.0000,0.0000,0.0000,0.0000,0.0000,-3.1184,-0.2129,-2.5125,0.0093,0.0180,-0.0439
1774945284.5317,0.0000,0.0000,0.0000,0.0000,0.0000,-3.1161,-0.2108,5.7007,0.0029,0.0052,-0.0279
1774945284.5514,0.0000,0.0000,0.0000,0.0000,0.0000,-3.1162,-0.2072,-8.4582,-0.0077,0.0127,-0.0130
1774945284.5737,0.0000,0.0000,0.0000,0.0000,0.0000,-3.1177,-0.2052,0.0000,-0.0205,-0.0043,-0.0098
1774945284.5977,0.0000,0.0000,0.0000,0.0000,0.0000,-3.1187,-0.2022,-6.6765,-0.0535,0.0436,-0.0109
1774945284.6114,0.0000,0.0000,0.0000,0.0000,0.0000,-3.1178,-0.2019,-0.9619,-0.0717,0.0777,-0.0173
1774945284.6312,0.0000,0.0000,0.0000,0.0000,0.0000,-3.1171,-0.2038,18.1141,-0.0685,0.0905,-0.0290
1774945284.6574,0.0000,0.0000,0.0000,0.0000,0.0000,-3.1161,-0.2056,-6.6128,-0.0802,0.1043,-0.0407
1774945284.6714,0.0000,0.0000,0.0000,0.0000,0.0000,-3.1184,-0.2091,15.7031,-0.0898,0.1256,-0.0386
1774945284.6914,0.0000,0.0000,0.0000,0.0000,0.0000,-3.1225,-0.2115,18.7790,-0.0930,0.1096,-0.0322
1774945284.7116,0.0000,0.0000,0.0000,0.0000,0.0000,-3.1240,-0.2110,-5.6014,-0.0940,0.0947,-0.0332
1774945284.7366,0.0000,0.0000,0.0000,0.0000,0.0000,-3.1299,-0.2101,3.1875,-0.0930,0.0681,-0.0343
1774945284.7514,0.0000,0.0000,0.0000,0.0000,0.0000,-3.1327,-0.2089,6.5178,-0.0812,0.0521,-0.0354
1774945284.7716,0.0000,0.0000,0.0000,0.0000,0.0000,-3.1370,-0.2092,-3.3831,-0.0621,0.0436,-0.0343
1774945284.7978,0.0000,0.0000,0.0000,0.0000,0.0000,3.1415,-0.2097,-7.8671,-0.0429,0.0404,-0.0311
1774945284.8114,0.0000,0.0000,0.0000,0.0000,0.0000,3.1369,-0.2101,-3.4278,-0.0376,0.0287,-0.0269
1774945284.8329,0.0000,0.0000,0.0000,0.0000,0.0000,3.1337,-0.2111,4.9158,-0.0216,0.0180,-0.0237
1774945284.8516,0.0000,0.0000,0.0000,0.0000,0.0000,3.1284,-0.2119,-7.9369,-0.0024,-0.0012,-0.0109
1774945284.8714,0.0000,0.0000,0.0000,0.0000,0.0000,3.1249,-0.2134,2.4098,0.0082,-0.0043,-0.0055
1774945284.8977,0.0000,0.0000,0.0000,0.0000,0.0000,3.1222,-0.2155,-1.2473,0.0146,-0.0107,-0.0024
1774945284.9114,0.0000,0.0000,0.0000,0.0000,0.0000,3.1251,-0.2170,-4.9533,0.0274,-0.0150,-0.0034
1774945284.9314,0.0000,0.0000,0.0000,0.0000,0.0000,3.1283,-0.2153,-5.6436,0.0551,-0.0342,-0.0034
1774945284.9575,0.0000,0.0000,0.0000,0.0000,0.0000,3.1314,-0.2156,-18.9777,0.0615,-0.0480,-0.0034
1774945284.9714,0.0000,0.0000,0.0000,0.0000,0.0000,3.1323,-0.2171,-4.0280,0.0594,-0.0427,-0.0098
1774945284.9912,0.0000,0.0000,0.0000,0.0000,0.0000,3.1318,-0.2165,4.5571,0.0604,-0.0480,0.0019
1774945285.0115,0.0000,0.0000,0.0000,0.0000,0.0000,3.1318,-0.2149,-10.3941,0.0668,-0.0565,0.0094
1774945285.0314,0.0000,0.0000,0.0000,0.0000,0.0000,3.1338,-0.2140,-3.3624,0.0626,-0.0555,0.0094
1774945285.0561,0.0000,0.0000,0.0000,0.0000,0.0000,3.1351,-0.2131,-4.6874,0.0594,-0.0555,0.0147
1774945285.0714,0.0000,0.0000,0.0000,0.0000,0.0000,3.1399,-0.2135,10.3545,0.0540,-0.0374,0.0008
1774945285.0917,0.0000,0.0000,0.0000,0.0000,0.0000,-3.1397,-0.2127,5.5592,0.0487,-0.0352,-0.0045
1774945285.1115,0.0000,0.0000,0.0000,0.0000,0.0000,-3.1338,-0.2125,2.9817,0.0349,-0.0182,-0.0077
1774945285.1330,0.0000,0.0000,0.0000,0.0000,0.0000,-3.1296,-0.2131,-1.6838,0.0200,-0.0107,-0.0141
1774945285.1596,0.0000,0.0000,0.0000,0.0000,0.0000,-3.1270,-0.2131,2.0273,0.0029,-0.0001,-0.0162
1774945285.1713,0.0000,0.0000,0.0000,0.0000,0.0000,-3.1225,-0.2133,-1.9049,-0.0024,-0.0001,-0.0151
1774945285.1921,0.0000,0.0000,0.0000,0.0000,0.0000,-3.1203,-0.2139,11.9215,-0.0088,-0.0054,-0.0130
1774945285.2115,0.0000,0.0000,0.0000,0.0000,0.0000,-3.1242,-0.2161,-0.9133,-0.0195,0.0020,-0.0119
1774945285.2313,0.0000,0.0000,0.0000,0.0000,0.0000,-3.1277,-0.2176,9.6802,-0.0205,0.0074,-0.0141
1774945285.2514,0.0000,0.0000,0.0000,0.0000,0.0000,-3.1315,-0.2172,7.1593,-0.0152,-0.0022,-0.0141
1774945285.2713,0.0000,0.0000,0.0000,0.0000,0.0000,-3.1344,-0.2163,6.6822,-0.0045,-0.0129,-0.0173
1774945285.2914,0.0000,0.0000,0.0000,0.0000,0.0000,-3.1378,-0.2164,1.5963,-0.0035,-0.0171,-0.0162
1774945285.3113,0.0000,0.0000,0.0000,0.0000,0.0000,-3.1402,-0.2178,0.0439,0.0050,-0.0033,-0.0141
1774945285.3314,0.0000,0.0000,0.0000,0.0000,0.0000,-3.1405,-0.2181,0.4136,0.0082,0.0031,-0.0098
1774945285.3513,0.0000,0.0000,0.0000,0.0000,0.0000,-3.1411,-0.2168,-1.2427,0.0040,-0.0054,-0.0087
1774945285.3714,0.0000,0.0000,0.0000,0.0000,0.0000,-3.1395,-0.2166,-1.8514,0.0019,-0.0075,-0.0098
1774945285.3916,0.0000,0.0000,0.0000,0.0000,0.0000,-3.1360,-0.2168,-2.1562,0.0082,-0.0022,-0.0098
1774945285.4114,0.0000,0.0000,0.0000,0.0000,0.0000,-3.1334,-0.2157,-3.1505,0.0093,-0.0043,-0.0130
1774945285.4314,0.0000,0.0000,0.0000,0.0000,0.0000,-3.1325,-0.2142,-3.7130,0.0040,-0.0097,-0.0151
1774945285.4518,0.0000,0.0000,0.0000,0.0000,0.0000,-3.1310,-0.2138,2.7009,0.0093,-0.0150,-0.0162
1774945285.4714,0.0000,0.0000,0.0000,0.0000,0.0000,-3.1349,-0.2152,0.7162,0.0029,-0.0033,-0.0141
1774945285.4914,0.0000,0.0000,0.0000,0.0000,0.0000,-3.1365,-0.2152,-0.8044,-0.0013,-0.0012,-0.0109
1774945285.5112,0.0000,0.0000,0.0000,0.0000,0.0000,-3.1354,-0.2143,-1.8653,0.0072,-0.0054,-0.0087
1774945285.5325,0.0000,0.0000,0.0000,0.0000,0.0000,-3.1356,-0.2153,0.4208,0.0040,-0.0054,-0.0077
1774945285.5516,0.0000,0.0000,0.0000,0.0000,0.0000,-3.1339,-0.2161,3.5389,0.0029,-0.0012,-0.0130
1774945285.5715,0.0000,0.0000,0.0000,0.0000,0.0000,-3.1318,-0.2159,1.5663,0.0050,-0.0033,-0.0130
1774945285.5913,0.0000,0.0000,0.0000,0.0000,0.0000,-3.1312,-0.2159,0.7087,0.0061,-0.0075,-0.0141
1774945285.6114,0.0000,0.0000,0.0000,0.0000,0.0000,-3.1329,-0.2162,-1.3313,0.0008,-0.0012,-0.0119
1774945285.6314,0.0000,0.0000,0.0000,0.0000,0.0000,-3.1330,-0.2160,0.6381,-0.0013,-0.0022,-0.0109
1774945285.6515,0.0000,0.0000,0.0000,0.0000,0.0000,-3.1326,-0.2153,1.8038,0.0061,-0.0054,-0.0098
1774945285.6714,0.0000,0.0000,0.0000,0.0000,0.0000,-3.1346,-0.2157,-0.7062,0.0029,-0.0033,-0.0130
1774945285.6914,0.0000,0.0000,0.0000,0.0000,0.0000,-3.1343,-0.2154,1.1563,0.0040,-0.0043,-0.0130
1774945285.7113,0.0000,0.0000,0.0000,0.0000,0.0000,-3.1346,-0.2151,0.3845,0.0072,-0.0033,-0.0119
1774945285.7313,0.0000,0.0000,0.0000,0.0000,0.0000,-3.1360,-0.2153,2.7726,0.0029,-0.0033,-0.0119
1774945285.7514,0.0000,0.0000,0.0000,0.0000,0.0000,-3.1351,-0.2154,1.6772,0.0040,-0.0012,-0.0109
1774945285.7714,0.0000,0.0000,0.0000,0.0000,0.0000,-3.1340,-0.2157,0.4184,0.0050,-0.0033,-0.0119
1774945285.7914,0.0000,0.0000,0.0000,0.0000,0.0000,-3.1323,-0.2156,1.5693,0.0040,-0.0043,-0.0109
1774945285.8113,0.0000,0.0000,0.0000,0.0000,0.0000,-3.1315,-0.2159,0.3319,0.0029,-0.0043,-0.0130
1774945285.8313,0.0000,0.0000,0.0000,0.0000,0.0000,-3.1303,-0.2160,0.6638,0.0029,-0.0043,-0.0119
1774945285.8514,0.0000,0.0000,0.0000,0.0000,0.0000,-3.1312,-0.2156,0.7252,0.0061,-0.0033,-0.0130
1774945285.8713,0.0000,0.0000,0.0000,0.0000,0.0000,-3.1333,-0.2155,0.5903,-0.0013,-0.0043,-0.0109
1774945285.8914,0.0000,0.0000,0.0000,0.0000,0.0000,-3.1340,-0.2155,-0.1269,0.0061,-0.0033,-0.0109
1774945285.9120,0.0000,0.0000,0.0000,0.0000,0.0000,-3.1358,-0.2153,-1.7317,0.0040,-0.0033,-0.0109
1774945285.9314,0.0000,0.0000,0.0000,0.0000,0.0000,-3.1360,-0.2150,-0.4279,0.0040,-0.0033,-0.0109
1774945285.9513,0.0000,0.0000,0.0000,0.0000,0.0000,-3.1356,-0.2151,-0.3836,0.0061,-0.0033,-0.0141
1774945285.9713,0.0000,0.0000,0.0000,0.0000,0.0000,-3.1353,-0.2152,0.5419,0.0040,-0.0043,-0.0130
1774945285.9913,0.0000,0.0000,0.0000,0.0000,0.0000,-3.1350,-0.2154,-1.5565,0.0061,-0.0022,-0.0141
1774945286.0114,0.0000,0.0000,0.0000,0.0000,0.0000,-3.1345,-0.2155,2.5930,0.0050,-0.0043,-0.0109
1774945286.0313,0.0000,0.0000,0.0000,0.0000,0.0000,-3.1326,-0.2155,0.3746,0.0029,-0.0043,-0.0109
1774945286.0514,0.0000,0.0000,0.0000,0.0000,0.0000,-3.1336,-0.2158,0.0000,0.0040,-0.0033,-0.0098
1774945286.0717,0.0000,0.0000,0.0000,0.0000,0.0000,-3.1326,-0.2153,-0.8307,0.0008,-0.0022,-0.0130
1774945286.0914,0.0000,0.0000,0.0000,0.0000,0.0000,-3.1334,-0.2150,-0.6211,0.0029,-0.0033,-0.0130
1774945286.1122,0.0000,0.0000,0.0000,0.0000,0.0000,-3.1338,-0.2150,0.9874,0.0019,-0.0033,-0.0119
1774945286.1314,0.0000,0.0000,0.0000,0.0000,0.0000,-3.1347,-0.2148,0.0432,0.0061,-0.0033,-0.0109
1774945286.1514,0.0000,0.0000,0.0000,0.0000,0.0000,-3.1353,-0.2153,-1.2172,0.0040,-0.0033,-0.0119
1774945286.1713,0.0000,0.0000,0.0000,0.0000,0.0000,-3.1346,-0.2150,0.4206,0.0040,-0.0033,-0.0109
1774945286.1913,0.0000,0.0000,0.0000,0.0000,0.0000,-3.1338,-0.2152,0.5400,0.0050,-0.0043,-0.0141
1774945286.2115,0.0000,0.0000,0.0000,0.0000,0.0000,-3.1331,-0.2157,1.4263,0.0019,-0.0033,-0.0119
1774945286.2313,0.0000,0.0000,0.0000,0.0000,0.0000,-3.1323,-0.2155,0.4572,0.0040,-0.0033,-0.0119
1774945286.2514,0.0000,0.0000,0.0000,0.0000,0.0000,-3.1334,-0.2158,-0.3404,0.0029,-0.0043,-0.0130
1774945286.2713,0.0000,0.0000,0.0000,0.0000,0.0000,-3.1332,-0.2155,0.1654,0.0061,-0.0033,-0.0119
1774945286.2914,0.0000,0.0000,0.0000,0.0000,0.0000,-3.1338,-0.2153,-0.1719,0.0029,-0.0033,-0.0119
1774945286.3113,0.0000,0.0000,0.0000,0.0000,0.0000,-3.1338,-0.2151,0.9053,0.0029,-0.0033,-0.0119
1774945286.3312,0.0000,0.0000,0.0000,0.0000,0.0000,-3.1339,-0.2150,0.2954,0.0040,-0.0022,-0.0130
1774945286.3514,0.0000,0.0000,0.0000,0.0000,0.0000,-3.1345,-0.2152,0.8212,0.0029,-0.0033,-0.0119
1774945286.3714,0.0000,0.0000,0.0000,0.0000,0.0000,-3.1340,-0.2153,-0.2065,0.0061,-0.0033,-0.0109
1774945286.3915,0.0000,0.0000,0.0000,0.0000,0.0000,-3.1343,-0.2153,-1.6618,0.0019,-0.0022,-0.0109
1774945286.4115,0.0000,0.0000,0.0000,0.0000,0.0000,-3.1332,-0.2152,0.3264,0.0050,-0.0043,-0.0130
1774945286.4313,0.0000,0.0000,0.0000,0.0000,0.0000,-3.1330,-0.2154,0.2516,0.0050,-0.0033,-0.0141
1774945286.4513,0.0000,0.0000,0.0000,0.0000,0.0000,-3.1329,-0.2155,0.6747,0.0019,-0.0033,-0.0119
1774945286.4714,0.0000,0.0000,0.0000,0.0000,0.0000,-3.1325,-0.2155,0.1847,0.0061,-0.0033,-0.0130
1774945286.4912,0.0000,0.0000,0.0000,0.0000,0.0000,-3.1334,-0.2157,-0.6902,0.0008,-0.0043,-0.0109
1774945286.5112,0.0000,0.0000,0.0000,0.0000,0.0000,-3.1332,-0.2151,0.2091,0.0050,-0.0033,-0.0119
1774945286.5313,0.0000,0.0000,0.0000,0.0000,0.0000,-3.1339,-0.2152,-0.5787,0.0029,-0.0043,-0.0119
1774945286.5512,0.0000,0.0000,0.0000,0.0000,0.0000,-3.1340,-0.2150,0.7282,0.0040,-0.0054,-0.0130
1774945286.5713,0.0000,0.0000,0.0000,0.0000,0.0000,-3.1340,-0.2151,0.2558,0.0061,-0.0033,-0.0130
1774945286.5912,0.0000,0.0000,0.0000,0.0000,0.0000,-3.1342,-0.2152,0.1653,0.0008,-0.0043,-0.0109
1774945286.6113,0.0000,0.0000,0.0000,0.0000,0.0000,-3.1333,-0.2154,0.0000,0.0061,-0.0043,-0.0130
1774945286.6313,0.0000,0.0000,0.0000,0.0000,0.0000,-3.1334,-0.2155,-1.1251,0.0029,-0.0043,-0.0109
1774945286.6514,0.0000,0.0000,0.0000,0.0000,0.0000,-3.1326,-0.2153,0.8566,0.0040,-0.0054,-0.0119
1774945286.6713,0.0000,0.0000,0.0000,0.0000,0.0000,-3.1328,-0.2153,0.1699,0.0050,-0.0043,-0.0130
1774945286.6915,0.0000,0.0000,0.0000,0.0000,0.0000,-3.1330,-0.2153,0.8388,0.0029,-0.0033,-0.0119
1774945286.7113,0.0000,0.0000,0.0000,0.0000,0.0000,-3.1331,-0.2152,-0.8311,0.0040,-0.0033,-0.0119
1774945286.7313,0.0000,0.0000,0.0000,0.0000,0.0000,-3.1340,-0.2153,-0.2152,0.0019,-0.0043,-0.0119
1774945286.7513,0.0000,0.0000,0.0000,0.0000,0.0000,-3.1336,-0.2152,0.6713,0.0050,-0.0033,-0.0130
1774945286.7714,0.0000,0.0000,0.0000,0.0000,0.0000,-3.1345,-0.2152,-1.3600,0.0029,-0.0043,-0.0109
1774945286.7913,0.0000,0.0000,0.0000,0.0000,0.0000,-3.1336,-0.2152,0.1818,0.0061,-0.0043,-0.0119
1774945286.8120,0.0000,0.0000,0.0000,0.0000,0.0000,-3.1337,-0.2150,-0.4857,0.0029,-0.0033,-0.0098
1774945286.8313,0.0000,0.0000,0.0000,0.0000,0.0000,-3.1335,-0.2152,-0.1373,0.0040,-0.0033,-0.0141
1774945286.8514,0.0000,0.0000,0.0000,0.0000,0.0000,-3.1328,-0.2153,0.7684,0.0040,-0.0043,-0.0109
1774945286.8714,0.0000,0.0000,0.0000,0.0000,0.0000,-3.1328,-0.2155,-1.5846,0.0029,-0.0033,-0.0109
1774945286.8914,0.0000,0.0000,0.0000,0.0000,0.0000,-3.1329,-0.2155,1.1179,0.0040,-0.0043,-0.0109
1774945286.9114,0.0000,0.0000,0.0000,0.0000,0.0000,-3.1334,-0.2153,-0.5768,0.0050,-0.0043,-0.0130
1774945286.9313,0.0000,0.0000,0.0000,0.0000,0.0000,-3.1333,-0.2154,1.0077,0.0019,-0.0022,-0.0141
1774945286.9514,0.0000,0.0000,0.0000,0.0000,0.0000,-3.1333,-0.2155,0.0000,0.0040,-0.0043,-0.0109
1774945286.9713,0.0000,0.0000,0.0000,0.0000,0.0000,-3.1341,-0.2160,-1.7135,0.0040,-0.0033,-0.0130
1774945286.9912,0.0000,0.0000,0.0000,0.0000,0.0000,-3.1332,-0.2159,1.7009,0.0029,-0.0033,-0.0109
1774945287.0114,0.0000,0.0000,0.0000,0.0000,0.0000,-3.1336,-0.2160,-0.8013,0.0050,-0.0033,-0.0119
1774945287.0313,0.0000,0.0000,0.0000,0.0000,0.0000,-3.1332,-0.2164,1.5386,0.0029,-0.0033,-0.0109
1774945287.0514,0.0000,0.0000,0.0000,0.0000,0.0000,-3.1333,-0.2162,-0.4157,0.0040,-0.0033,-0.0119
1774945287.0713,0.0000,0.0000,0.0000,0.0000,0.0000,-3.1343,-0.2160,-1.2488,0.0040,-0.0043,-0.0130
1774945287.0913,0.0000,0.0000,0.0000,0.0000,0.0000,-3.1329,-0.2160,0.9624,0.0050,-0.0033,-0.0119
1774945287.1114,0.0000,0.0000,0.0000,0.0000,0.0000,-3.1328,-0.2161,-1.5225,0.0040,-0.0054,-0.0141
1774945287.1375,0.0000,0.0000,0.0000,0.0000,0.0000,-3.1328,-0.2160,2.0106,0.0019,-0.0043,-0.0130
1774945287.1515,0.0000,0.0000,0.0000,0.0000,0.0000,-3.1325,-0.2161,0.0426,0.0061,-0.0054,-0.0130
1774945287.1714,0.0000,0.0000,0.0000,0.0000,0.0000,-3.1329,-0.2161,0.3400,0.0008,-0.0033,-0.0109
1774945287.1949,0.0000,0.0000,0.0000,0.0000,0.0000,-3.1318,-0.2155,-0.0837,0.0061,-0.0054,-0.0098
1774945287.2115,0.0000,0.0000,0.0000,0.0000,0.0000,-3.1329,-0.2156,-0.6419,0.0040,-0.0054,-0.0119
1774945287.2314,0.0000,0.0000,0.0000,0.0000,0.0000,-3.1325,-0.2154,1.0252,0.0040,-0.0043,-0.0119
1774945287.2514,0.0000,0.0000,0.0000,0.0000,0.0000,-3.1330,-0.2154,-0.9081,0.0061,-0.0033,-0.0119
1774945287.2714,0.0000,0.0000,0.0000,0.0000,0.0000,-3.1335,-0.2155,0.5461,0.0008,-0.0033,-0.0098
1774945287.2914,0.0000,0.0000,0.0000,0.0000,0.0000,-3.1333,-0.2154,-1.0048,0.0050,-0.0043,-0.0141
1774945287.3113,0.0000,0.0000,0.0000,0.0000,0.0000,-3.1340,-0.2154,-1.5419,0.0029,-0.0043,-0.0119
1774945287.3313,0.0000,0.0000,0.0000,0.0000,0.0000,-3.1332,-0.2153,1.2256,0.0061,-0.0033,-0.0119
1774945287.3515,0.0000,0.0000,0.0000,0.0000,0.0000,-3.1336,-0.2154,0.1239,0.0050,-0.0054,-0.0130
1774945287.3713,0.0000,0.0000,0.0000,0.0000,0.0000,-3.1337,-0.2153,0.9605,0.0050,-0.0043,-0.0130
1774945287.3914,0.0000,0.0000,0.0000,0.0000,0.0000,-3.1336,-0.2154,-0.3084,0.0050,-0.0022,-0.0119
1774945287.4114,0.0000,0.0000,0.0000,0.0000,0.0000,-3.1340,-0.2154,0.1264,0.0019,-0.0033,-0.0119
1774945287.4318,0.0000,0.0000,0.0000,0.0000,0.0000,-3.1335,-0.2153,0.8657,0.0061,-0.0033,-0.0130
1774945287.4513,0.0000,0.0000,0.0000,0.0000,0.0000,-3.1340,-0.2155,-0.8204,0.0040,-0.0043,-0.0119
1774945287.4712,0.0000,0.0000,0.0000,0.0000,0.0000,-3.1332,-0.2154,0.6005,0.0061,-0.0043,-0.0119
1774945287.4914,0.0000,0.0000,0.0000,0.0000,0.0000,-3.1334,-0.2157,0.4874,0.0050,-0.0022,-0.0130
1774945287.5114,0.0000,0.0000,0.0000,0.0000,0.0000,-3.1336,-0.2154,0.5777,0.0040,-0.0054,-0.0130
1774945287.5314,0.0000,0.0000,0.0000,0.0000,0.0000,-3.1332,-0.2153,-0.1738,0.0040,-0.0033,-0.0119
1774945287.5522,0.0000,0.0000,0.0000,0.0000,0.0000,-3.1337,-0.2154,-0.0913,0.0029,-0.0033,-0.0119
1774945287.5713,0.0000,0.0000,0.0000,0.0000,0.0000,-3.1334,-0.2154,1.3204,0.0040,-0.0043,-0.0109
1774945287.5912,0.0000,0.0000,0.0000,0.0000,0.0000,-3.1340,-0.2155,0.1275,0.0008,-0.0033,-0.0109
1774945287.6128,0.0000,0.0000,0.0000,0.0000,0.0000,-3.1337,-0.2155,1.0346,0.0019,-0.0033,-0.0098
1774945287.6314,0.0000,0.0000,0.0000,0.0000,0.0000,-3.1335,-0.2151,-0.3934,0.0061,-0.0054,-0.0130
1774945287.6514,0.0000,0.0000,0.0000,0.0000,0.0000,-3.1337,-0.2154,-0.4989,0.0040,-0.0033,-0.0119
1774945287.6714,0.0000,0.0000,0.0000,0.0000,0.0000,-3.1330,-0.2153,0.5861,0.0050,-0.0033,-0.0119
1774945287.6913,0.0000,0.0000,0.0000,0.0000,0.0000,-3.1341,-0.2153,-1.0194,-0.0003,-0.0043,-0.0130
1774945287.7115,0.0000,0.0000,0.0000,0.0000,0.0000,-3.1334,-0.2153,0.7142,0.0040,-0.0043,-0.0130
1774945287.7324,0.0000,0.0000,0.0000,0.0000,0.0000,-3.1337,-0.2153,0.3979,0.0050,-0.0043,-0.0130
1774945287.7515,0.0000,0.0000,0.0000,0.0000,0.0000,-3.1340,-0.2154,0.1677,0.0029,-0.0033,-0.0130
1774945287.7712,0.0000,0.0000,0.0000,0.0000,0.0000,-3.1332,-0.2152,-0.3791,0.0050,-0.0043,-0.0109
1774945287.7913,0.0000,0.0000,0.0000,0.0000,0.0000,-3.1337,-0.2154,-0.3980,0.0050,-0.0033,-0.0130
1774945287.8125,0.0000,0.0000,0.0000,0.0000,0.0000,-3.1331,-0.2153,2.1970,0.0061,-0.0043,-0.0109
1774945287.8312,0.0000,0.0000,0.0000,0.0000,0.0000,-3.1343,-0.2155,0.8785,0.0040,-0.0043,-0.0109
1774945287.8513,0.0000,0.0000,0.0000,0.0000,0.0000,-3.1341,-0.2153,0.6260,0.0029,-0.0054,-0.0109
1774945287.8712,0.0000,0.0000,0.0000,0.0000,0.0000,-3.1335,-0.2154,-0.8088,0.0050,-0.0022,-0.0119
1774945287.8915,0.0000,0.0000,0.0000,0.0000,0.0000,-3.1337,-0.2155,0.8853,0.0019,-0.0001,-0.0098
1774945287.9119,0.0000,0.0000,0.0000,0.0000,0.0000,-3.1337,-0.2151,-3.7179,0.0050,-0.0001,-0.0109
1774945287.9360,0.0000,0.0000,0.0000,0.0000,0.0000,-3.1356,-0.2153,-0.0422,0.0050,-0.0033,-0.0109
1774945287.9514,0.0000,0.0000,0.0000,0.0000,0.0000,-3.1355,-0.2154,1.1172,0.0072,-0.0022,-0.0098
1774945287.9713,0.0000,0.0000,0.0000,0.0000,0.0000,-3.1348,-0.2152,0.0420,0.0061,-0.0012,-0.0109
1774945287.9914,0.0000,0.0000,0.0000,0.0000,0.0000,-3.1334,-0.2151,0.7879,0.0050,-0.0022,-0.0119
1774945288.0114,0.0000,0.0000,0.0000,0.0000,0.0000,-3.1318,-0.2139,-1.6309,0.0093,-0.0065,-0.0098
1774945288.0313,0.0000,0.0000,0.0000,0.0000,0.0000,-3.1339,-0.2151,-1.0237,0.0072,-0.0065,-0.0109
1774945288.0514,0.0000,0.0000,0.0000,0.0000,0.0000,-3.1350,-0.2164,1.0799,0.0029,-0.0001,-0.0130
1774945288.0714,0.0000,0.0000,0.0000,0.0000,0.0000,-3.1322,-0.2163,1.2233,0.0061,-0.0001,-0.0087
1774945288.0913,0.0000,0.0000,0.0000,0.0000,0.0000,-3.1312,-0.2158,0.2473,0.0082,-0.0054,-0.0109
1774945288.1114,0.0000,0.0000,0.0000,0.0000,0.0000,-3.1310,-0.2163,0.3529,0.0019,-0.0033,-0.0119
1774945288.1314,0.0000,0.0000,0.0000,0.0000,0.0000,-3.1298,-0.2160,3.6256,-0.0003,-0.0033,-0.0109
1774945288.1513,0.0000,0.0000,0.0000,0.0000,0.0000,-3.1293,-0.2159,2.9277,0.0029,-0.0075,-0.0130
1774945288.1713,0.0000,0.0000,0.0000,0.0000,0.0000,-3.1310,-0.2165,-0.4316,-0.0013,-0.0054,-0.0141
1774945288.1914,0.0000,0.0000,0.0000,0.0000,0.0000,-3.1315,-0.2159,3.4380,0.0008,-0.0065,-0.0130
1774945288.2115,0.0000,0.0000,0.0000,0.0000,0.0000,-3.1329,-0.2159,-1.0961,0.0019,-0.0054,-0.0151
1774945288.2313,0.0000,0.0000,0.0000,0.0000,0.0000,-3.1336,-0.2157,1.1198,-0.0013,-0.0054,-0.0119
1774945288.2514,0.0000,0.0000,0.0000,0.0000,0.0000,-3.1336,-0.2158,3.0381,0.0050,-0.0033,-0.0130
1774945288.2714,0.0000,0.0000,0.0000,0.0000,0.0000,-3.1346,-0.2155,0.3048,0.0040,-0.0043,-0.0130
1774945288.2914,0.0000,0.0000,0.0000,0.0000,0.0000,-3.1354,-0.2151,1.2414,0.0029,-0.0054,-0.0141
1774945288.3114,0.0000,0.0000,0.0000,0.0000,0.0000,-3.1356,-0.2146,0.4496,0.0029,-0.0043,-0.0109
1774945288.3313,0.0000,0.0000,0.0000,0.0000,0.0000,-3.1346,-0.2143,-0.2684,0.0050,-0.0043,-0.0109
1774945288.3516,0.0000,0.0000,0.0000,0.0000,0.0000,-3.1341,-0.2142,-1.7976,0.0050,-0.0043,-0.0141
1774945288.3713,0.0000,0.0000,0.0000,0.0000,0.0000,-3.1338,-0.2144,0.4697,0.0019,-0.0033,-0.0119
1774945288.3913,0.0000,0.0000,0.0000,0.0000,0.0000,-3.1331,-0.2148,-0.3567,0.0061,-0.0043,-0.0098
1774945288.4113,0.0000,0.0000,0.0000,0.0000,0.0000,-3.1329,-0.2141,-2.0728,0.0040,-0.0075,-0.0098
1774945288.4313,0.0000,0.0000,0.0000,0.0000,0.0000,-3.1335,-0.2145,0.6910,0.0040,-0.0075,-0.0130
1774945288.4513,0.0000,0.0000,0.0000,0.0000,0.0000,-3.1344,-0.2150,3.0021,0.0008,-0.0022,-0.0130
1774945288.4714,0.0000,0.0000,0.0000,0.0000,0.0000,-3.1342,-0.2149,2.0951,0.0040,-0.0012,-0.0119
1774945288.4913,0.0000,0.0000,0.0000,0.0000,0.0000,-3.1333,-0.2144,-2.0207,0.0072,-0.0065,-0.0141
1774945288.5113,0.0000,0.0000,0.0000,0.0000,0.0000,-3.1343,-0.2153,-0.2081,-0.0003,-0.0022,-0.0119
1774945288.5313,0.0000,0.0000,0.0000,0.0000,0.0000,-3.1328,-0.2154,0.3562,0.0050,-0.0033,-0.0119
1774945288.5518,0.0000,0.0000,0.0000,0.0000,0.0000,-3.1332,-0.2154,0.2106,0.0061,-0.0033,-0.0119
1774945288.5727,0.0000,0.0000,0.0000,0.0000,0.0000,-3.1337,-0.2158,1.1100,0.0008,-0.0033,-0.0141
1774945288.5931,0.0000,0.0000,0.0000,0.0000,0.0000,-3.1334,-0.2157,-0.7854,0.0040,-0.0022,-0.0119
1774945288.6113,0.0000,0.0000,0.0000,0.0000,0.0000,-3.1339,-0.2156,1.2465,0.0029,-0.0012,-0.0141
1774945288.6314,0.0000,0.0000,0.0000,0.0000,0.0000,-3.1338,-0.2153,-0.0845,0.0029,-0.0033,-0.0130
1774945288.6514,0.0000,0.0000,0.0000,0.0000,0.0000,-3.1336,-0.2152,-2.0853,0.0019,-0.0043,-0.0109
1774945288.6713,0.0000,0.0000,0.0000,0.0000,0.0000,-3.1338,-0.2146,0.7432,0.0029,-0.0033,-0.0119
1774945288.6918,0.0000,0.0000,0.0000,0.0000,0.0000,-3.1344,-0.2148,0.7376,0.0040,-0.0033,-0.0130
1774945288.7114,0.0000,0.0000,0.0000,0.0000,0.0000,-3.1343,-0.2150,1.4950,0.0050,-0.0043,-0.0109
1774945288.7316,0.0000,0.0000,0.0000,0.0000,0.0000,-3.1342,-0.2149,0.3382,0.0072,-0.0043,-0.0119
1774945288.7513,0.0000,0.0000,0.0000,0.0000,0.0000,-3.1342,-0.2151,-0.5752,0.0040,-0.0033,-0.0130
1774945288.7714,0.0000,0.0000,0.0000,0.0000,0.0000,-3.1330,-0.2150,1.3611,0.0040,-0.0043,-0.0119
1774945288.7914,0.0000,0.0000,0.0000,0.0000,0.0000,-3.1330,-0.2151,-0.3454,0.0050,-0.0033,-0.0119
1774945288.8114,0.0000,0.0000,0.0000,0.0000,0.0000,-3.1326,-0.2148,1.6644,0.0040,-0.0043,-0.0109
1774945288.8315,0.0000,0.0000,0.0000,0.0000,0.0000,-3.1333,-0.2150,-0.4542,0.0050,-0.0043,-0.0109
1774945288.8522,0.0000,0.0000,0.0000,0.0000,0.0000,-3.1340,-0.2151,-0.1268,0.0019,-0.0033,-0.0119
1774945288.8714,0.0000,0.0000,0.0000,0.0000,0.0000,-3.1337,-0.2149,1.3609,0.0050,-0.0033,-0.0119
1774945288.8913,0.0000,0.0000,0.0000,0.0000,0.0000,-3.1342,-0.2152,-2.5819,0.0040,-0.0043,-0.0119
1774945288.9127,0.0000,0.0000,0.0000,0.0000,0.0000,-3.1335,-0.2150,1.2311,0.0061,-0.0033,-0.0109
1774945288.9332,0.0000,0.0000,0.0000,0.0000,0.0000,-3.1337,-0.2150,0.5388,0.0050,-0.0033,-0.0119
1774945288.9520,0.0000,0.0000,0.0000,0.0000,0.0000,-3.1332,-0.2149,-0.3508,0.0029,-0.0043,-0.0130
1774945288.9716,0.0000,0.0000,0.0000,0.0000,0.0000,-3.1335,-0.2151,0.7590,0.0050,-0.0033,-0.0130
1774945288.9922,0.0000,0.0000,0.0000,0.0000,0.0000,-3.1345,-0.2154,-0.7145,0.0029,-0.0033,-0.0119
1774945289.0122,0.0000,0.0000,0.0000,0.0000,0.0000,-3.1336,-0.2152,1.4044,0.0050,-0.0043,-0.0109
1774945289.0312,0.0000,0.0000,0.0000,0.0000,0.0000,-3.1341,-0.2152,0.0845,0.0029,-0.0043,-0.0109
1774945289.0514,0.0000,0.0000,0.0000,0.0000,0.0000,-3.1336,-0.2151,0.5381,0.0019,-0.0033,-0.0119
1774945289.0713,0.0000,0.0000,0.0000,0.0000,0.0000,-3.1333,-0.2151,-0.3970,0.0050,-0.0033,-0.0130
1774945289.0913,0.0000,0.0000,0.0000,0.0000,0.0000,-3.1344,-0.2150,0.6865,-0.0003,-0.0033,-0.0130
1774945289.1113,0.0000,0.0000,0.0000,0.0000,0.0000,-3.1337,-0.2150,0.9267,0.0061,-0.0033,-0.0141
1774945289.1313,0.0000,0.0000,0.0000,0.0000,0.0000,-3.1347,-0.2152,-0.8620,0.0029,-0.0043,-0.0109
1774945289.1513,0.0000,0.0000,0.0000,0.0000,0.0000,-3.1343,-0.2153,0.7075,0.0029,-0.0054,-0.0109
1774945289.1713,0.0000,0.0000,0.0000,0.0000,0.0000,-3.1337,-0.2153,0.5207,0.0040,-0.0033,-0.0130
1774945289.1913,0.0000,0.0000,0.0000,0.0000,0.0000,-3.1336,-0.2150,0.2688,0.0029,-0.0022,-0.0109
1774945289.2114,0.0000,0.0000,0.0000,0.0000,0.0000,-3.1328,-0.2146,-0.1269,0.0050,-0.0033,-0.0119
1774945289.2314,0.0000,0.0000,0.0000,0.0000,0.0000,-3.1337,-0.2151,0.3379,0.0019,-0.0033,-0.0119
1774945289.2513,0.0000,0.0000,0.0000,0.0000,0.0000,-3.1333,-0.2150,1.7276,0.0040,-0.0033,-0.0119
1774945289.2713,0.0000,0.0000,0.0000,0.0000,0.0000,-3.1340,-0.2149,-0.2100,0.0029,-0.0054,-0.0119
1774945289.2913,0.0000,0.0000,0.0000,0.0000,0.0000,-3.1335,-0.2147,-0.8944,0.0050,-0.0043,-0.0098
1774945289.3113,0.0000,0.0000,0.0000,0.0000,0.0000,-3.1334,-0.2147,0.1336,0.0040,-0.0033,-0.0109
1774945289.3313,0.0000,0.0000,0.0000,0.0000,0.0000,-3.1334,-0.2149,0.2192,0.0040,-0.0043,-0.0109
1774945289.3513,0.0000,0.0000,0.0000,0.0000,0.0000,-3.1333,-0.2151,0.0000,0.0050,-0.0033,-0.0130
1774945289.3713,0.0000,0.0000,0.0000,0.0000,0.0000,-3.1338,-0.2151,-0.7031,0.0029,-0.0022,-0.0109
1774945289.3913,0.0000,0.0000,0.0000,0.0000,0.0000,-3.1335,-0.2149,0.0000,0.0040,-0.0043,-0.0109
1774945289.4113,0.0000,0.0000,0.0000,0.0000,0.0000,-3.1335,-0.2151,0.4312,0.0040,-0.0033,-0.0119
1774945289.4312,0.0000,0.0000,0.0000,0.0000,0.0000,-3.1338,-0.2155,0.2604,0.0008,-0.0033,-0.0119
1774945289.4513,0.0000,0.0000,0.0000,0.0000,0.0000,-3.1336,-0.2154,-0.8226,0.0040,-0.0033,-0.0119
1774945289.4738,0.0000,0.0000,0.0000,0.0000,0.0000,-3.1335,-0.2150,-2.3158,0.0029,-0.0043,-0.0109
1774945289.4924,0.0000,0.0000,0.0000,0.0000,0.0000,-3.1325,-0.2147,1.1233,0.0019,-0.0043,-0.0109
1774945289.5113,0.0000,0.0000,0.0000,0.0000,0.0000,-3.1316,-0.2146,-0.6076,0.0050,-0.0033,-0.0119
1774945289.5313,0.0000,0.0000,0.0000,0.0000,0.0000,-3.1315,-0.2145,0.7215,0.0029,-0.0043,-0.0119
1774945289.5514,0.0000,0.0000,0.0000,0.0000,0.0000,-3.1320,-0.2149,0.0000,0.0061,-0.0033,-0.0130
1774945289.5713,0.0000,0.0000,0.0000,0.0000,0.0000,-3.1329,-0.2152,-1.3013,0.0008,-0.0033,-0.0098
1774945289.5912,0.0000,0.0000,0.0000,0.0000,0.0000,-3.1330,-0.2148,0.7628,0.0040,-0.0022,-0.0109
1774945289.6113,0.0000,0.0000,0.0000,0.0000,0.0000,-3.1329,-0.2148,-0.9279,0.0040,-0.0054,-0.0141
1774945289.6314,0.0000,0.0000,0.0000,0.0000,0.0000,-3.1329,-0.2149,0.7585,0.0040,-0.0033,-0.0109
1774945289.6512,0.0000,0.0000,0.0000,0.0000,0.0000,-3.1339,-0.2147,-0.5356,0.0029,-0.0043,-0.0130
1774945289.6712,0.0000,0.0000,0.0000,0.0000,0.0000,-3.1340,-0.2153,-0.1321,0.0019,-0.0043,-0.0130
1774945289.6914,0.0000,0.0000,0.0000,0.0000,0.0000,-3.1337,-0.2150,-0.8082,0.0072,-0.0033,-0.0130
1774945289.7112,0.0000,0.0000,0.0000,0.0000,0.0000,-3.1346,-0.2152,-0.8955,0.0029,-0.0043,-0.0119
1774945289.7313,0.0000,0.0000,0.0000,0.0000,0.0000,-3.1340,-0.2154,1.8747,0.0040,-0.0054,-0.0119
1774945289.7514,0.0000,0.0000,0.0000,0.0000,0.0000,-3.1341,-0.2151,-0.3058,0.0029,-0.0033,-0.0151
1774945289.7713,0.0000,0.0000,0.0000,0.0000,0.0000,-3.1342,-0.2148,0.6464,0.0019,-0.0033,-0.0119
1774945289.7912,0.0000,0.0000,0.0000,0.0000,0.0000,-3.1332,-0.2147,0.4208,0.0061,-0.0043,-0.0119
1774945289.8112,0.0000,0.0000,0.0000,0.0000,0.0000,-3.1336,-0.2149,-1.5281,0.0029,-0.0022,-0.0130
1774945289.8312,0.0000,0.0000,0.0000,0.0000,0.0000,-3.1334,-0.2148,1.4372,0.0050,-0.0043,-0.0109
1774945289.8513,0.0000,0.0000,0.0000,0.0000,0.0000,-3.1339,-0.2151,0.1323,0.0029,-0.0043,-0.0119
1774945289.8712,0.0000,0.0000,0.0000,0.0000,0.0000,-3.1336,-0.2153,0.4210,0.0040,-0.0033,-0.0119
1774945289.8912,0.0000,0.0000,0.0000,0.0000,0.0000,-3.1328,-0.2148,0.2966,0.0061,-0.0054,-0.0130
1774945289.9112,0.0000,0.0000,0.0000,0.0000,0.0000,-3.1329,-0.2149,-1.2281,0.0008,-0.0033,-0.0119
1774945289.9312,0.0000,0.0000,0.0000,0.0000,0.0000,-3.1321,-0.2149,1.0046,0.0061,-0.0043,-0.0109
1774945289.9525,0.0000,0.0000,0.0000,0.0000,0.0000,-3.1329,-0.2148,-0.8705,0.0029,-0.0043,-0.0130
1774945289.9764,0.0000,0.0000,0.0000,0.0000,0.0000,-3.1333,-0.2147,0.0000,0.0040,-0.0043,-0.0119
1774945289.9913,0.0000,0.0000,0.0000,0.0000,0.0000,-3.1339,-0.2148,0.8467,0.0061,-0.0033,-0.0130
1774945290.0114,0.0000,0.0000,0.0000,0.0000,0.0000,-3.1342,-0.2150,-0.3728,0.0029,-0.0043,-0.0109
1774945290.0313,0.0000,0.0000,0.0000,0.0000,0.0000,-3.1334,-0.2148,-1.0197,0.0061,-0.0033,-0.0119
1774945290.0540,0.0000,0.0000,0.0000,0.0000,0.0000,-3.1337,-0.2148,-1.2422,0.0029,-0.0043,-0.0130
1774945290.0713,0.0000,0.0000,0.0000,0.0000,0.0000,-3.1331,-0.2149,-1.2161,0.0050,-0.0043,-0.0119
1774945290.0916,0.0000,0.0000,0.0000,0.0000,0.0000,-3.1334,-0.2151,0.3506,0.0040,-0.0033,-0.0109
1774945290.1114,0.0000,0.0000,0.0000,0.0000,0.0000,-3.1336,-0.2150,0.4166,0.0029,-0.0054,-0.0119
1774945290.1313,0.0000,0.0000,0.0000,0.0000,0.0000,-3.1339,-0.2151,-0.7865,0.0050,-0.0043,-0.0119
1774945290.1514,0.0000,0.0000,0.0000,0.0000,0.0000,-3.1341,-0.2151,0.0415,0.0019,-0.0022,-0.0119
1774945290.1713,0.0000,0.0000,0.0000,0.0000,0.0000,-3.1332,-0.2150,0.0417,0.0040,-0.0054,-0.0119
1774945290.1914,0.0000,0.0000,0.0000,0.0000,0.0000,-3.1339,-0.2151,-1.2722,0.0029,-0.0022,-0.0119
1774945290.2113,0.0000,0.0000,0.0000,0.0000,0.0000,-3.1333,-0.2149,1.3233,0.0029,-0.0043,-0.0119
1774945290.2314,0.0000,0.0000,0.0000,0.0000,0.0000,-3.1335,-0.2148,0.1629,0.0040,-0.0033,-0.0130
1774945290.2514,0.0000,0.0000,0.0000,0.0000,0.0000,-3.1337,-0.2150,0.4557,0.0050,-0.0033,-0.0119
1774945290.2713,0.0000,0.0000,0.0000,0.0000,0.0000,-3.1335,-0.2149,0.0838,0.0050,-0.0043,-0.0130
1774945290.2914,0.0000,0.0000,0.0000,0.0000,0.0000,-3.1341,-0.2154,-1.3285,0.0019,-0.0033,-0.0109
1774945290.3113,0.0000,0.0000,0.0000,0.0000,0.0000,-3.1334,-0.2155,1.3012,0.0040,-0.0043,-0.0130
1774945290.3314,0.0000,0.0000,0.0000,0.0000,0.0000,-3.1336,-0.2153,1.0209,0.0040,-0.0043,-0.0130
1774945290.3523,0.0000,0.0000,0.0000,0.0000,0.0000,-3.1323,-0.2151,-0.0431,0.0019,-0.0043,-0.0130
1774945290.3713,0.0000,0.0000,0.0000,0.0000,0.0000,-3.1323,-0.2148,0.4272,0.0050,-0.0043,-0.0130
1774945290.3913,0.0000,0.0000,0.0000,0.0000,0.0000,-3.1331,-0.2152,0.3468,-0.0003,-0.0033,-0.0109
1774945290.4113,0.0000,0.0000,0.0000,0.0000,0.0000,-3.1329,-0.2152,1.8030,0.0050,-0.0033,-0.0130
1774945290.4313,0.0000,0.0000,0.0000,0.0000,0.0000,-3.1346,-0.2151,-0.4775,0.0008,-0.0054,-0.0119
1774945290.4513,0.0000,0.0000,0.0000,0.0000,0.0000,-3.1341,-0.2146,-0.7109,-0.0003,-0.0054,-0.0109
1774945290.4713,0.0000,0.0000,0.0000,0.0000,0.0000,-3.1326,-0.2152,1.8405,0.0019,-0.0065,-0.0119
1774945290.4913,0.0000,0.0000,0.0000,0.0000,0.0000,-3.1322,-0.2158,0.9371,0.0040,-0.0043,-0.0119
1774945290.5116,0.0000,0.0000,0.0000,0.0000,0.0000,-3.1327,-0.2154,0.0864,0.0050,-0.0033,-0.0141
1774945290.5313,0.0000,0.0000,0.0000,0.0000,0.0000,-3.1345,-0.2149,-0.3546,-0.0003,-0.0043,-0.0109
1774945290.5517,0.0000,0.0000,0.0000,0.0000,0.0000,-3.1344,-0.2147,-0.8299,0.0072,-0.0054,-0.0119
1774945290.5714,0.0000,0.0000,0.0000,0.0000,0.0000,-3.1357,-0.2147,-1.4051,0.0029,-0.0022,-0.0098
1774945290.5913,0.0000,0.0000,0.0000,0.0000,0.0000,-3.1358,-0.2145,-0.0866,0.0019,-0.0043,-0.0109
1774945290.6114,0.0000,0.0000,0.0000,0.0000,0.0000,-3.1348,-0.2148,-0.8771,0.0050,-0.0033,-0.0109
1774945290.6314,0.0000,0.0000,0.0000,0.0000,0.0000,-3.1351,-0.2153,0.1353,0.0008,-0.0022,-0.0119
1774945290.6515,0.0000,0.0000,0.0000,0.0000,0.0000,-3.1338,-0.2152,1.6087,0.0040,-0.0033,-0.0119
1774945290.6713,0.0000,0.0000,0.0000,0.0000,0.0000,-3.1330,-0.2154,0.0446,0.0019,-0.0054,-0.0098
1774945290.6913,0.0000,0.0000,0.0000,0.0000,0.0000,-3.1325,-0.2154,0.7160,0.0029,-0.0043,-0.0109
1774945290.7113,0.0000,0.0000,0.0000,0.0000,0.0000,-3.1322,-0.2152,0.8973,0.0008,-0.0033,-0.0109
1774945290.7312,0.0000,0.0000,0.0000,0.0000,0.0000,-3.1329,-0.2153,0.2905,0.0029,-0.0043,-0.0130
1774945290.7513,0.0000,0.0000,0.0000,0.0000,0.0000,-3.1335,-0.2151,-0.7127,0.0050,-0.0022,-0.0119
1774945290.7713,0.0000,0.0000,0.0000,0.0000,0.0000,-3.1351,-0.2151,-0.8293,0.0008,-0.0033,-0.0119
1774945290.7913,0.0000,0.0000,0.0000,0.0000,0.0000,-3.1352,-0.2152,1.0800,0.0040,-0.0054,-0.0119
1774945290.8114,0.0000,0.0000,0.0000,0.0000,0.0000,-3.1358,-0.2154,0.2557,0.0050,-0.0033,-0.0141
1774945290.8313,0.0000,0.0000,0.0000,0.0000,0.0000,-3.1349,-0.2152,0.1257,0.0029,-0.0043,-0.0098
1774945290.8514,0.0000,0.0000,0.0000,0.0000,0.0000,-3.1336,-0.2150,-0.5174,0.0050,-0.0033,-0.0130
1774945290.8712,0.0000,0.0000,0.0000,0.0000,0.0000,-3.1334,-0.2153,0.3435,0.0040,-0.0043,-0.0141
1774945290.8913,0.0000,0.0000,0.0000,0.0000,0.0000,-3.1328,-0.2152,1.5164,0.0050,-0.0033,-0.0109
1774945290.9113,0.0000,0.0000,0.0000,0.0000,0.0000,-3.1334,-0.2151,-1.0545,0.0029,-0.0043,-0.0130
1774945290.9313,0.0000,0.0000,0.0000,0.0000,0.0000,-3.1329,-0.2149,0.7936,0.0040,-0.0043,-0.0119
1774945290.9514,0.0000,0.0000,0.0000,0.0000,0.0000,-3.1337,-0.2148,-0.2524,0.0040,-0.0043,-0.0130
1774945290.9713,0.0000,0.0000,0.0000,0.0000,0.0000,-3.1341,-0.2151,1.1060,0.0029,-0.0043,-0.0119
1774945290.9913,0.0000,0.0000,0.0000,0.0000,0.0000,-3.1342,-0.2151,0.7302,0.0061,-0.0043,-0.0109
1774945291.0116,0.0000,0.0000,0.0000,0.0000,0.0000,-3.1352,-0.2152,-1.8824,0.0029,-0.0033,-0.0109
1774945291.0312,0.0000,0.0000,0.0000,0.0000,0.0000,-3.1341,-0.2149,1.1899,0.0050,-0.0043,-0.0119
1774945291.0513,0.0000,0.0000,0.0000,0.0000,0.0000,-3.1338,-0.2150,-0.7162,0.0040,-0.0054,-0.0130
1774945291.0713,0.0000,0.0000,0.0000,0.0000,0.0000,-3.1333,-0.2150,0.9113,0.0029,-0.0033,-0.0130
1774945291.0914,0.0000,0.0000,0.0000,0.0000,0.0000,-3.1328,-0.2150,-0.1699,0.0040,-0.0033,-0.0119
1774945291.1112,0.0000,0.0000,0.0000,0.0000,0.0000,-3.1334,-0.2152,-0.2596,0.0019,-0.0033,-0.0119
1774945291.1313,0.0000,0.0000,0.0000,0.0000,0.0000,-3.1329,-0.2151,0.6715,0.0050,-0.0033,-0.0119
1774945291.1512,0.0000,0.0000,0.0000,0.0000,0.0000,-3.1341,-0.2152,-1.2328,0.0029,-0.0043,-0.0119
1774945291.1713,0.0000,0.0000,0.0000,0.0000,0.0000,-3.1339,-0.2150,0.6809,0.0040,-0.0043,-0.0119
1774945291.1912,0.0000,0.0000,0.0000,0.0000,0.0000,-3.1343,-0.2150,0.5370,0.0029,-0.0043,-0.0119
1774945291.2112,0.0000,0.0000,0.0000,0.0000,0.0000,-3.1347,-0.2152,1.0188,0.0029,-0.0033,-0.0119
1774945291.2313,0.0000,0.0000,0.0000,0.0000,0.0000,-3.1341,-0.2151,-0.2693,0.0072,-0.0033,-0.0119
1774945291.2513,0.0000,0.0000,0.0000,0.0000,0.0000,-3.1343,-0.2153,-0.5765,0.0019,-0.0033,-0.0109
1774945291.2718,0.0000,0.0000,0.0000,0.0000,0.0000,-3.1333,-0.2151,1.0375,0.0050,-0.0054,-0.0109
1774945291.2914,0.0000,0.0000,0.0000,0.0000,0.0000,-3.1333,-0.2150,-0.8672,0.0050,-0.0043,-0.0119
1774945291.3115,0.0000,0.0000,0.0000,0.0000,0.0000,-3.1330,-0.2149,1.5635,0.0040,-0.0043,-0.0109
1774945291.3360,0.0000,0.0000,0.0000,0.0000,0.0000,-3.1330,-0.2151,0.4369,0.0050,-0.0033,-0.0119
1774945291.3513,0.0000,0.0000,0.0000,0.0000,0.0000,-3.1339,-0.2153,1.0620,0.0008,-0.0033,-0.0109
1774945291.3714,0.0000,0.0000,0.0000,0.0000,0.0000,-3.1337,-0.2151,0.9508,0.0050,-0.0043,-0.0130
1774945291.3914,0.0000,0.0000,0.0000,0.0000,0.0000,-3.1344,-0.2153,-0.9474,0.0029,-0.0033,-0.0119
1774945291.4113,0.0000,0.0000,0.0000,0.0000,0.0000,-3.1341,-0.2151,0.9074,0.0040,-0.0033,-0.0109
1774945291.4314,0.0000,0.0000,0.0000,0.0000,0.0000,-3.1338,-0.2152,0.8623,0.0050,-0.0043,-0.0141
1774945291.4513,0.0000,0.0000,0.0000,0.0000,0.0000,-3.1339,-0.2152,1.2608,0.0029,-0.0043,-0.0098
1774945291.4714,0.0000,0.0000,0.0000,0.0000,0.0000,-3.1333,-0.2151,0.0000,0.0050,-0.0033,-0.0119
1774945291.4913,0.0000,0.0000,0.0000,0.0000,0.0000,-3.1337,-0.2152,-0.8659,0.0019,-0.0022,-0.0119
1774945291.5114,0.0000,0.0000,0.0000,0.0000,0.0000,-3.1330,-0.2150,1.0330,0.0050,-0.0043,-0.0119
1774945291.5314,0.0000,0.0000,0.0000,0.0000,0.0000,-3.1336,-0.2153,-0.5166,0.0029,-0.0033,-0.0119
1774945291.5518,0.0000,0.0000,0.0000,0.0000,0.0000,-3.1335,-0.2152,0.6036,0.0029,-0.0033,-0.0109
1774945291.5713,0.0000,0.0000,0.0000,0.0000,0.0000,-3.1337,-0.2151,-0.3746,0.0040,-0.0033,-0.0109
1774945291.5913,0.0000,0.0000,0.0000,0.0000,0.0000,-3.1343,-0.2151,0.4950,0.0029,-0.0033,-0.0119
1774945291.6173,0.0000,0.0000,0.0000,0.0000,0.0000,-3.1337,-0.2149,-0.8370,0.0050,-0.0033,-0.0109
1774945291.6314,0.0000,0.0000,0.0000,0.0000,0.0000,-3.1346,-0.2150,-1.3636,0.0029,-0.0033,-0.0141
1774945291.6514,0.0000,0.0000,0.0000,0.0000,0.0000,-3.1335,-0.2150,0.4442,0.0040,-0.0033,-0.0119
1774945291.6713,0.0000,0.0000,0.0000,0.0000,0.0000,-3.1337,-0.2149,-0.0815,0.0029,-0.0033,-0.0130
1774945291.6913,0.0000,0.0000,0.0000,0.0000,0.0000,-3.1339,-0.2150,-0.2065,0.0029,-0.0043,-0.0130
1774945291.7113,0.0000,0.0000,0.0000,0.0000,0.0000,-3.1333,-0.2148,-0.5189,0.0050,-0.0033,-0.0119
1774945291.7312,0.0000,0.0000,0.0000,0.0000,0.0000,-3.1340,-0.2149,-0.9110,0.0040,-0.0043,-0.0119
1774945291.7513,0.0000,0.0000,0.0000,0.0000,0.0000,-3.1332,-0.2149,0.9338,0.0050,-0.0043,-0.0098
1774945291.7713,0.0000,0.0000,0.0000,0.0000,0.0000,-3.1340,-0.2147,-0.4134,0.0029,-0.0054,-0.0130
1774945291.7913,0.0000,0.0000,0.0000,0.0000,0.0000,-3.1339,-0.2148,0.1720,0.0029,-0.0043,-0.0109
1774945291.8113,0.0000,0.0000,0.0000,0.0000,0.0000,-3.1338,-0.2148,0.7115,0.0050,-0.0033,-0.0130
1774945291.8313,0.0000,0.0000,0.0000,0.0000,0.0000,-3.1344,-0.2152,0.8736,0.0019,-0.0043,-0.0130
1774945291.8513,0.0000,0.0000,0.0000,0.0000,0.0000,-3.1337,-0.2153,0.3507,0.0050,-0.0043,-0.0119
1774945291.8714,0.0000,0.0000,0.0000,0.0000,0.0000,-3.1339,-0.2152,-1.1119,0.0029,-0.0054,-0.0119
1774945291.8912,0.0000,0.0000,0.0000,0.0000,0.0000,-3.1332,-0.2151,0.7797,0.0050,-0.0054,-0.0119
1774945291.9112,0.0000,0.0000,0.0000,0.0000,0.0000,-3.1333,-0.2151,1.5287,0.0050,-0.0033,-0.0130
1774945291.9313,0.0000,0.0000,0.0000,0.0000,0.0000,-3.1336,-0.2151,2.1226,0.0019,-0.0043,-0.0087
1774945291.9512,0.0000,0.0000,0.0000,0.0000,0.0000,-3.1332,-0.2149,-0.2076,0.0050,-0.0043,-0.0119
1774945291.9714,0.0000,0.0000,0.0000,0.0000,0.0000,-3.1339,-0.2152,-0.6016,0.0008,-0.0033,-0.0109
1774945291.9913,0.0000,0.0000,0.0000,0.0000,0.0000,-3.1334,-0.2150,1.0393,0.0029,-0.0033,-0.0119
1774945292.0112,0.0000,0.0000,0.0000,0.0000,0.0000,-3.1338,-0.2148,-0.5660,0.0050,-0.0033,-0.0141
1774945292.0312,0.0000,0.0000,0.0000,0.0000,0.0000,-3.1336,-0.2147,0.9781,0.0029,-0.0054,-0.0109
1774945292.0513,0.0000,0.0000,0.0000,0.0000,0.0000,-3.1337,-0.2145,0.0000,0.0040,-0.0043,-0.0130
1774945292.0720,0.0000,0.0000,0.0000,0.0000,0.0000,-3.1338,-0.2147,-1.0587,0.0040,-0.0043,-0.0141
1774945292.0915,0.0000,0.0000,0.0000,0.0000,0.0000,-3.1336,-0.2147,1.2033,0.0029,-0.0043,-0.0130
1774945292.1113,0.0000,0.0000,0.0000,0.0000,0.0000,-3.1338,-0.2147,-1.1520,0.0040,-0.0033,-0.0130
1774945292.1313,0.0000,0.0000,0.0000,0.0000,0.0000,-3.1338,-0.2147,1.4592,0.0029,-0.0054,-0.0109
1774945292.1514,0.0000,0.0000,0.0000,0.0000,0.0000,-3.1339,-0.2147,-0.6163,0.0050,-0.0054,-0.0130
1774945292.1713,0.0000,0.0000,0.0000,0.0000,0.0000,-3.1341,-0.2147,0.3503,0.0019,-0.0033,-0.0119
1774945292.1913,0.0000,0.0000,0.0000,0.0000,0.0000,-3.1336,-0.2143,0.2130,0.0050,-0.0043,-0.0119
1774945292.2122,0.0000,0.0000,0.0000,0.0000,0.0000,-3.1341,-0.2148,-1.6283,0.0040,-0.0033,-0.0109
1774945292.2313,0.0000,0.0000,0.0000,0.0000,0.0000,-3.1339,-0.2150,0.7302,0.0050,-0.0043,-0.0119
1774945292.2513,0.0000,0.0000,0.0000,0.0000,0.0000,-3.1339,-0.2148,-0.4479,0.0061,-0.0043,-0.0119
1774945292.2716,0.0000,0.0000,0.0000,0.0000,0.0000,-3.1340,-0.2149,0.9155,0.0050,-0.0033,-0.0130
1774945292.2913,0.0000,0.0000,0.0000,0.0000,0.0000,-3.1334,-0.2147,-0.2298,0.0061,-0.0033,-0.0119
1774945292.3113,0.0000,0.0000,0.0000,0.0000,0.0000,-3.1337,-0.2150,-1.5002,0.0019,-0.0043,-0.0119
1774945292.3313,0.0000,0.0000,0.0000,0.0000,0.0000,-3.1332,-0.2148,0.8756,0.0040,-0.0043,-0.0119
1774945292.3514,0.0000,0.0000,0.0000,0.0000,0.0000,-3.1338,-0.2150,-1.3225,0.0019,-0.0043,-0.0119
1774945292.3714,0.0000,0.0000,0.0000,0.0000,0.0000,-3.1335,-0.2150,1.1678,0.0040,-0.0043,-0.0109
1774945292.3913,0.0000,0.0000,0.0000,0.0000,0.0000,-3.1332,-0.2150,-0.5050,0.0029,-0.0043,-0.0098
1774945292.4114,0.0000,0.0000,0.0000,0.0000,0.0000,-3.1340,-0.2152,-1.0261,0.0019,-0.0043,-0.0119
1774945292.4313,0.0000,0.0000,0.0000,0.0000,0.0000,-3.1333,-0.2148,0.2483,0.0061,-0.0043,-0.0130
1774945292.4513,0.0000,0.0000,0.0000,0.0000,0.0000,-3.1341,-0.2148,-1.1477,0.0029,-0.0033,-0.0109
1774945292.4714,0.0000,0.0000,0.0000,0.0000,0.0000,-3.1338,-0.2148,-0.0863,0.0029,-0.0043,-0.0119
1774945292.4913,0.0000,0.0000,0.0000,0.0000,0.0000,-3.1334,-0.2147,0.1714,0.0040,-0.0033,-0.0130
1774945292.5114,0.0000,0.0000,0.0000,0.0000,0.0000,-3.1336,-0.2151,0.8679,0.0040,-0.0033,-0.0130
1774945292.5313,0.0000,0.0000,0.0000,0.0000,0.0000,-3.1330,-0.2150,-0.2139,0.0050,-0.0043,-0.0109
1774945292.5513,0.0000,0.0000,0.0000,0.0000,0.0000,-3.1339,-0.2152,-1.2405,0.0008,-0.0033,-0.0119
1774945292.5713,0.0000,0.0000,0.0000,0.0000,0.0000,-3.1333,-0.2150,0.4706,0.0050,-0.0043,-0.0109
1774945292.5913,0.0000,0.0000,0.0000,0.0000,0.0000,-3.1336,-0.2150,0.2599,0.0029,-0.0033,-0.0119
1774945292.6123,0.0000,0.0000,0.0000,0.0000,0.0000,-3.1334,-0.2150,0.6167,0.0029,-0.0033,-0.0130
1774945292.6313,0.0000,0.0000,0.0000,0.0000,0.0000,-3.1333,-0.2150,-0.2575,0.0040,-0.0033,-0.0119
1774945292.6513,0.0000,0.0000,0.0000,0.0000,0.0000,-3.1340,-0.2152,-0.0853,0.0019,-0.0033,-0.0119
1774945292.6713,0.0000,0.0000,0.0000,0.0000,0.0000,-3.1333,-0.2152,0.9895,0.0082,-0.0054,-0.0130
1774945292.6914,0.0000,0.0000,0.0000,0.0000,0.0000,-3.1337,-0.2153,-0.9222,0.0029,-0.0033,-0.0130
1774945292.7113,0.0000,0.0000,0.0000,0.0000,0.0000,-3.1333,-0.2151,0.5343,0.0019,-0.0054,-0.0119
1774945292.7313,0.0000,0.0000,0.0000,0.0000,0.0000,-3.1333,-0.2150,0.4463,0.0029,-0.0012,-0.0119
1774945292.7512,0.0000,0.0000,0.0000,0.0000,0.0000,-3.1338,-0.2151,0.6122,0.0029,-0.0022,-0.0130
1774945292.7712,0.0000,0.0000,0.0000,0.0000,0.0000,-3.1333,-0.2150,-0.3386,0.0040,-0.0043,-0.0119
1774945292.7914,0.0000,0.0000,0.0000,0.0000,0.0000,-3.1335,-0.2152,-0.4132,0.0050,-0.0033,-0.0119
1774945292.8112,0.0000,0.0000,0.0000,0.0000,0.0000,-3.1335,-0.2150,0.6941,0.0061,-0.0033,-0.0098
1774945292.8312,0.0000,0.0000,0.0000,0.0000,0.0000,-3.1334,-0.2151,0.7050,0.0029,-0.0033,-0.0119
1774945292.8514,0.0000,0.0000,0.0000,0.0000,0.0000,-3.1331,-0.2153,1.1469,0.0040,-0.0033,-0.0119
1774945292.8716,0.0000,0.0000,0.0000,0.0000,0.0000,-3.1332,-0.2150,-0.5220,0.0050,-0.0043,-0.0130
1774945292.8913,0.0000,0.0000,0.0000,0.0000,0.0000,-3.1338,-0.2151,-0.2489,0.0019,-0.0033,-0.0119
1774945292.9113,0.0000,0.0000,0.0000,0.0000,0.0000,-3.1337,-0.2150,1.0016,0.0050,-0.0043,-0.0109
1774945292.9313,0.0000,0.0000,0.0000,0.0000,0.0000,-3.1345,-0.2150,-1.3158,0.0061,-0.0054,-0.0119
1774945292.9512,0.0000,0.0000,0.0000,0.0000,0.0000,-3.1337,-0.2149,-0.2073,0.0040,-0.0043,-0.0119
1774945292.9713,0.0000,0.0000,0.0000,0.0000,0.0000,-3.1334,-0.2150,-0.5413,0.0029,-0.0033,-0.0130
1774945292.9913,0.0000,0.0000,0.0000,0.0000,0.0000,-3.1336,-0.2152,0.7944,0.0029,-0.0022,-0.0119
1774945293.0113,0.0000,0.0000,0.0000,0.0000,0.0000,-3.1333,-0.2150,0.4767,0.0061,-0.0033,-0.0119
1774945293.0313,0.0000,0.0000,0.0000,0.0000,0.0000,-3.1345,-0.2152,-1.1442,0.0050,-0.0033,-0.0119
1774945293.0513,0.0000,0.0000,0.0000,0.0000,0.0000,-3.1341,-0.2149,1.7794,0.0061,-0.0033,-0.0130
1774945293.0713,0.0000,0.0000,0.0000,0.0000,0.0000,-3.1347,-0.2149,0.9800,0.0029,-0.0022,-0.0109
1774945293.0914,0.0000,0.0000,0.0000,0.0000,0.0000,-3.1344,-0.2152,1.8545,0.0040,-0.0043,-0.0119
1774945293.1114,0.0000,0.0000,0.0000,0.0000,0.0000,-3.1340,-0.2152,1.6764,0.0061,-0.0043,-0.0130
1774945293.1313,0.0000,0.0000,0.0000,0.0000,0.0000,-3.1344,-0.2156,1.2895,0.0040,-0.0033,-0.0119
1774945293.1521,0.0000,0.0000,0.0000,0.0000,0.0000,-3.1338,-0.2156,2.1785,0.0050,-0.0022,-0.0119
1774945293.1713,0.0000,0.0000,0.0000,0.0000,0.0000,-3.1346,-0.2154,0.1245,0.0029,-0.0043,-0.0109
1774945293.1914,0.0000,0.0000,0.0000,0.0000,0.0000,-3.1345,-0.2153,1.1523,0.0040,-0.0033,-0.0109
1774945293.2141,0.0000,0.0000,0.0000,0.0000,0.0000,-3.1343,-0.2152,1.1699,0.0050,-0.0043,-0.0130
1774945293.2313,0.0000,0.0000,0.0000,0.0000,0.0000,-3.1344,-0.2153,1.2403,0.0019,-0.0022,-0.0109
1774945293.2513,0.0000,0.0000,0.0000,0.0000,0.0000,-3.1335,-0.2151,-0.0418,0.0061,-0.0033,-0.0119
1774945293.2713,0.0000,0.0000,0.0000,0.0000,0.0000,-3.1340,-0.2152,-0.9179,0.0019,-0.0022,-0.0119
1774945293.2913,0.0000,0.0000,0.0000,0.0000,0.0000,-3.1333,-0.2150,1.6443,0.0040,-0.0033,-0.0119
1774945293.3113,0.0000,0.0000,0.0000,0.0000,0.0000,-3.1335,-0.2150,0.7319,0.0040,-0.0033,-0.0130
1774945293.3314,0.0000,0.0000,0.0000,0.0000,0.0000,-3.1338,-0.2151,0.9530,0.0029,-0.0033,-0.0109
1774945293.3515,0.0000,0.0000,0.0000,0.0000,0.0000,-3.1335,-0.2152,-0.5670,0.0040,-0.0043,-0.0130
1774945293.3713,0.0000,0.0000,0.0000,0.0000,0.0000,-3.1338,-0.2151,-0.0829,0.0029,-0.0043,-0.0130
1774945293.3913,0.0000,0.0000,0.0000,0.0000,0.0000,-3.1334,-0.2149,1.2484,0.0040,-0.0043,-0.0130
1774945293.4113,0.0000,0.0000,0.0000,0.0000,0.0000,-3.1337,-0.2153,-0.0842,0.0019,-0.0033,-0.0109
1774945293.4316,0.0000,0.0000,0.0000,0.0000,0.0000,-3.1333,-0.2152,1.0909,0.0040,-0.0043,-0.0109
1774945293.4517,0.0000,0.0000,0.0000,0.0000,0.0000,-3.1335,-0.2150,0.1818,0.0040,-0.0033,-0.0098
1774945293.4713,0.0000,0.0000,0.0000,0.0000,0.0000,-3.1337,-0.2150,0.7185,0.0019,-0.0043,-0.0119
1774945293.4913,0.0000,0.0000,0.0000,0.0000,0.0000,-3.1336,-0.2150,-0.0901,0.0040,-0.0043,-0.0119
1774945293.5113,0.0000,0.0000,0.0000,0.0000,0.0000,-3.1341,-0.2154,-1.1334,0.0029,-0.0033,-0.0119
1774945293.5313,0.0000,0.0000,0.0000,0.0000,0.0000,-3.1334,-0.2150,1.1230,0.0040,-0.0033,-0.0119
1774945293.5512,0.0000,0.0000,0.0000,0.0000,0.0000,-3.1339,-0.2152,-0.2193,0.0040,-0.0043,-0.0109
1774945293.5713,0.0000,0.0000,0.0000,0.0000,0.0000,-3.1337,-0.2152,0.9939,0.0040,-0.0043,-0.0119
1774945293.5913,0.0000,0.0000,0.0000,0.0000,0.0000,-3.1337,-0.2149,-0.2917,0.0050,-0.0043,-0.0130
1774945293.6120,0.0000,0.0000,0.0000,0.0000,0.0000,-3.1341,-0.2150,0.6511,0.0019,-0.0033,-0.0109
1774945293.6313,0.0000,0.0000,0.0000,0.0000,0.0000,-3.1333,-0.2150,0.6877,0.0050,-0.0033,-0.0130
1774945293.6513,0.0000,0.0000,0.0000,0.0000,0.0000,-3.1342,-0.2150,-1.1826,0.0029,-0.0054,-0.0130
1774945293.6712,0.0000,0.0000,0.0000,0.0000,0.0000,-3.1335,-0.2148,0.4143,0.0040,-0.0054,-0.0109
1774945293.6913,0.0000,0.0000,0.0000,0.0000,0.0000,-3.1337,-0.2148,0.4669,0.0040,-0.0043,-0.0119
1774945293.7113,0.0000,0.0000,0.0000,0.0000,0.0000,-3.1338,-0.2149,0.5125,0.0029,-0.0033,-0.0109
1774945293.7313,0.0000,0.0000,0.0000,0.0000,0.0000,-3.1332,-0.2148,-0.3333,0.0082,-0.0033,-0.0130
1774945293.7514,0.0000,0.0000,0.0000,0.0000,0.0000,-3.1343,-0.2150,-1.4920,0.0029,-0.0033,-0.0119
1774945293.7712,0.0000,0.0000,0.0000,0.0000,0.0000,-3.1336,-0.2150,1.1812,0.0040,-0.0054,-0.0109
1774945293.7914,0.0000,0.0000,0.0000,0.0000,0.0000,-3.1338,-0.2149,0.2315,0.0029,-0.0043,-0.0141
1774945293.8112,0.0000,0.0000,0.0000,0.0000,0.0000,-3.1338,-0.2149,0.0000,0.0008,-0.0033,-0.0109
1774945293.8314,0.0000,0.0000,0.0000,0.0000,0.0000,-3.1334,-0.2149,-0.2534,0.0050,-0.0022,-0.0130
1774945293.8513,0.0000,0.0000,0.0000,0.0000,0.0000,-3.1341,-0.2149,-0.3316,-0.0003,-0.0033,-0.0109
1774945293.8717,0.0000,0.0000,0.0000,0.0000,0.0000,-3.1333,-0.2150,0.6093,0.0050,-0.0033,-0.0109
1774945293.8913,0.0000,0.0000,0.0000,0.0000,0.0000,-3.1340,-0.2150,-1.1585,0.0019,-0.0043,-0.0109
1774945293.9113,0.0000,0.0000,0.0000,0.0000,0.0000,-3.1335,-0.2150,0.3436,0.0050,-0.0043,-0.0130
1774945293.9313,0.0000,0.0000,0.0000,0.0000,0.0000,-3.1335,-0.2149,0.2486,0.0050,-0.0033,-0.0130
1774945293.9513,0.0000,0.0000,0.0000,0.0000,0.0000,-3.1338,-0.2151,0.7262,0.0019,-0.0033,-0.0109
1774945293.9713,0.0000,0.0000,0.0000,0.0000,0.0000,-3.1332,-0.2150,-0.2564,0.0050,-0.0043,-0.0119
1774945293.9912,0.0000,0.0000,0.0000,0.0000,0.0000,-3.1339,-0.2151,-0.6578,0.0019,-0.0043,-0.0098
1774945294.0113,0.0000,0.0000,0.0000,0.0000,0.0000,-3.1331,-0.2151,1.3148,0.0050,-0.0054,-0.0119
1774945294.0314,0.0000,0.0000,0.0000,0.0000,0.0000,-3.1334,-0.2153,0.5206,0.0061,-0.0033,-0.0130
1774945294.0513,0.0000,0.0000,0.0000,0.0000,0.0000,-3.1335,-0.2152,1.0397,0.0050,-0.0043,-0.0119
1774945294.0713,0.0000,0.0000,0.0000,0.0000,0.0000,-3.1334,-0.2150,-0.3059,0.0040,-0.0043,-0.0119
1774945294.0913,0.0000,0.0000,0.0000,0.0000,0.0000,-3.1338,-0.2152,-0.3397,0.0019,-0.0043,-0.0109
1774945294.1113,0.0000,0.0000,0.0000,0.0000,0.0000,-3.1333,-0.2150,0.4617,0.0061,-0.0043,-0.0119
1774945294.1313,0.0000,0.0000,0.0000,0.0000,0.0000,-3.1338,-0.2151,-1.2392,0.0040,-0.0043,-0.0119
1774945294.1513,0.0000,0.0000,0.0000,0.0000,0.0000,-3.1332,-0.2148,1.3042,0.0040,-0.0043,-0.0130
1774945294.1719,0.0000,0.0000,0.0000,0.0000,0.0000,-3.1335,-0.2147,0.0000,0.0029,-0.0033,-0.0119
1774945294.1912,0.0000,0.0000,0.0000,0.0000,0.0000,-3.1334,-0.2150,0.4926,0.0040,-0.0033,-0.0130
1774945294.2113,0.0000,0.0000,0.0000,0.0000,0.0000,-3.1330,-0.2149,-0.6076,0.0040,-0.0033,-0.0119
1774945294.2314,0.0000,0.0000,0.0000,0.0000,0.0000,-3.1337,-0.2150,-1.3636,0.0008,-0.0033,-0.0119
1774945294.2518,0.0000,0.0000,0.0000,0.0000,0.0000,-3.1329,-0.2149,1.2144,0.0061,-0.0043,-0.0119
1774945294.2714,0.0000,0.0000,0.0000,0.0000,0.0000,-3.1333,-0.2147,0.2102,-0.0003,-0.0033,-0.0119
1774945294.2913,0.0000,0.0000,0.0000,0.0000,0.0000,-3.1331,-0.2130,-4.0823,0.0072,-0.0118,-0.0109
1774945294.3113,0.0000,0.0000,0.0000,0.0000,0.0000,-3.1353,-0.2146,2.1852,0.0093,-0.0075,-0.0119
1774945294.3312,0.0000,0.0000,0.0000,0.0000,0.0000,-3.1380,-0.2155,5.3302,-0.0024,0.0010,-0.0119
1774945294.3512,0.0000,0.0000,0.0000,0.0000,0.0000,-3.1348,-0.2149,2.1747,0.0082,-0.0043,-0.0119
1774945294.3713,0.0000,0.0000,0.0000,0.0000,0.0000,-3.1328,-0.2143,-3.2335,0.0072,-0.0075,-0.0098
1774945294.3913,0.0000,0.0000,0.0000,0.0000,0.0000,-3.1317,-0.2153,2.0941,-0.0013,-0.0022,-0.0130
1774945294.4113,0.0000,0.0000,0.0000,0.0000,0.0000,-3.1289,-0.2154,0.0000,0.0050,-0.0033,-0.0119
1774945294.4313,0.0000,0.0000,0.0000,0.0000,0.0000,-3.1288,-0.2149,0.8931,0.0050,-0.0054,-0.0119
1774945294.4513,0.0000,0.0000,0.0000,0.0000,0.0000,-3.1305,-0.2158,-1.3595,0.0029,-0.0033,-0.0151
1774945294.4713,0.0000,0.0000,0.0000,0.0000,0.0000,-3.1325,-0.2156,-1.3196,-0.0013,-0.0001,-0.0119
1774945294.4914,0.0000,0.0000,0.0000,0.0000,0.0000,-3.1340,-0.2143,0.9514,0.0061,-0.0054,-0.0130
1774945294.5113,0.0000,0.0000,0.0000,0.0000,0.0000,-3.1365,-0.2145,1.0019,0.0040,-0.0065,-0.0130
1774945294.5317,0.0000,0.0000,0.0000,0.0000,0.0000,-3.1370,-0.2149,0.6422,0.0040,-0.0033,-0.0109
1774945294.5513,0.0000,0.0000,0.0000,0.0000,0.0000,-3.1355,-0.2145,-1.2324,0.0104,-0.0043,-0.0109
1774945294.5714,0.0000,0.0000,0.0000,0.0000,0.0000,-3.1343,-0.2145,-1.2723,0.0029,-0.0043,-0.0130
1774945294.5912,0.0000,0.0000,0.0000,0.0000,0.0000,-3.1320,-0.2147,1.2662,0.0040,-0.0022,-0.0109
1774945294.6112,0.0000,0.0000,0.0000,0.0000,0.0000,-3.1299,-0.2149,-0.1282,0.0061,-0.0054,-0.0109
1774945294.6313,0.0000,0.0000,0.0000,0.0000,0.0000,-3.1296,-0.2150,0.1265,-0.0003,-0.0043,-0.0130
1774945294.6513,0.0000,0.0000,0.0000,0.0000,0.0000,-3.1299,-0.2152,-0.1703,0.0040,-0.0033,-0.0141
1774945294.6713,0.0000,0.0000,0.0000,0.0000,0.0000,-3.1313,-0.2152,0.2134,-0.0003,-0.0043,-0.0109
1774945294.6913,0.0000,0.0000,0.0000,0.0000,0.0000,-3.1333,-0.2149,0.5136,0.0040,-0.0043,-0.0130
1774945294.7112,0.0000,0.0000,0.0000,0.0000,0.0000,-3.1355,-0.2149,-1.6859,0.0029,-0.0043,-0.0098
1774945294.7313,0.0000,0.0000,0.0000,0.0000,0.0000,-3.1359,-0.2146,0.9175,0.0019,-0.0043,-0.0098
1774945294.7513,0.0000,0.0000,0.0000,0.0000,0.0000,-3.1358,-0.2141,-0.8718,0.0061,-0.0033,-0.0119
1774945294.7713,0.0000,0.0000,0.0000,0.0000,0.0000,-3.1350,-0.2144,1.2864,0.0029,-0.0043,-0.0119
1774945294.7913,0.0000,0.0000,0.0000,0.0000,0.0000,-3.1332,-0.2149,-0.4297,0.0061,-0.0033,-0.0130
1774945294.8116,0.0000,0.0000,0.0000,0.0000,0.0000,-3.1328,-0.2151,-1.7407,0.0029,-0.0022,-0.0119
1774945294.8329,0.0000,0.0000,0.0000,0.0000,0.0000,-3.1318,-0.2148,1.3821,0.0040,-0.0043,-0.0109
1774945294.8513,0.0000,0.0000,0.0000,0.0000,0.0000,-3.1319,-0.2151,-1.3527,0.0019,-0.0033,-0.0098
1774945294.8721,0.0000,0.0000,0.0000,0.0000,0.0000,-3.1327,-0.2150,1.1598,0.0008,-0.0043,-0.0109
1774945294.8913,0.0000,0.0000,0.0000,0.0000,0.0000,-3.1339,-0.2149,-0.0436,0.0050,-0.0043,-0.0119
1774945294.9113,0.0000,0.0000,0.0000,0.0000,0.0000,-3.1355,-0.2151,-0.5968,0.0029,-0.0043,-0.0130
1774945294.9312,0.0000,0.0000,0.0000,0.0000,0.0000,-3.1358,-0.2147,0.1660,0.0061,-0.0033,-0.0119
1774945294.9512,0.0000,0.0000,0.0000,0.0000,0.0000,-3.1362,-0.2145,-0.5959,0.0050,-0.0043,-0.0130
1774945294.9716,0.0000,0.0000,0.0000,0.0000,0.0000,-3.1350,-0.2146,0.4377,0.0050,-0.0043,-0.0130
1774945294.9914,0.0000,0.0000,0.0000,0.0000,0.0000,-3.1337,-0.2147,0.1285,0.0050,-0.0033,-0.0119
1774945295.0113,0.0000,0.0000,0.0000,0.0000,0.0000,-3.1328,-0.2147,0.9257,0.0029,-0.0033,-0.0119
1774945295.0312,0.0000,0.0000,0.0000,0.0000,0.0000,-3.1312,-0.2150,0.1260,0.0061,-0.0043,-0.0119
1774945295.0514,0.0000,0.0000,0.0000,0.0000,0.0000,-3.1320,-0.2152,-1.2437,0.0019,-0.0043,-0.0130
1774945295.0715,0.0000,0.0000,0.0000,0.0000,0.0000,-3.1318,-0.2150,0.9366,0.0029,-0.0043,-0.0098
1774945295.0914,0.0000,0.0000,0.0000,0.0000,0.0000,-3.1332,-0.2150,-0.0439,0.0040,-0.0033,-0.0141
1774945295.1113,0.0000,0.0000,0.0000,0.0000,0.0000,-3.1343,-0.2148,1.0775,0.0029,-0.0033,-0.0119
1774945295.1313,0.0000,0.0000,0.0000,0.0000,0.0000,-3.1348,-0.2144,-0.7841,0.0050,-0.0043,-0.0109
1774945295.1513,0.0000,0.0000,0.0000,0.0000,0.0000,-3.1354,-0.2147,-0.4629,-0.0003,-0.0022,-0.0098
1774945295.1713,0.0000,0.0000,0.0000,0.0000,0.0000,-3.1342,-0.2146,1.0957,0.0061,-0.0054,-0.0109
1774945295.1913,0.0000,0.0000,0.0000,0.0000,0.0000,-3.1340,-0.2149,-0.8349,0.0050,-0.0043,-0.0119
1774945295.2114,0.0000,0.0000,0.0000,0.0000,0.0000,-3.1329,-0.2148,0.1670,0.0040,-0.0043,-0.0109
1774945295.2312,0.0000,0.0000,0.0000,0.0000,0.0000,-3.1321,-0.2148,0.1269,0.0061,-0.0043,-0.0130
1774945295.2525,0.0000,0.0000,0.0000,0.0000,0.0000,-3.1321,-0.2149,1.0571,0.0029,-0.0043,-0.0109
1774945295.2713,0.0000,0.0000,0.0000,0.0000,0.0000,-3.1317,-0.2149,-0.1719,0.0050,-0.0033,-0.0130
1774945295.2913,0.0000,0.0000,0.0000,0.0000,0.0000,-3.1331,-0.2148,-1.7113,0.0008,-0.0043,-0.0130
1774945295.3113,0.0000,0.0000,0.0000,0.0000,0.0000,-3.1335,-0.2146,1.6525,0.0050,-0.0043,-0.0119
1774945295.3313,0.0000,0.0000,0.0000,0.0000,0.0000,-3.1344,-0.2144,0.6401,0.0029,-0.0043,-0.0119
1774945295.3513,0.0000,0.0000,0.0000,0.0000,0.0000,-3.1349,-0.2145,0.5138,0.0019,-0.0033,-0.0098
1774945295.3713,0.0000,0.0000,0.0000,0.0000,0.0000,-3.1341,-0.2144,-0.0894,0.0050,-0.0033,-0.0109
1774945295.3930,0.0000,0.0000,0.0000,0.0000,0.0000,-3.1341,-0.2146,-0.5409,0.0029,-0.0033,-0.0109
1774945295.4130,0.0000,0.0000,0.0000,0.0000,0.0000,-3.1327,-0.2148,0.1812,0.0061,-0.0033,-0.0130
1774945295.4336,0.0000,0.0000,0.0000,0.0000,0.0000,-3.1329,-0.2150,-1.3021,0.0019,-0.0022,-0.0098
1774945295.4512,0.0000,0.0000,0.0000,0.0000,0.0000,-3.1321,-0.2150,0.9905,0.0019,-0.0033,-0.0119
1774945295.4715,0.0000,0.0000,0.0000,0.0000,0.0000,-3.1323,-0.2147,-1.0744,0.0040,-0.0043,-0.0119
1774945295.4913,0.0000,0.0000,0.0000,0.0000,0.0000,-3.1331,-0.2147,0.9546,0.0008,-0.0043,-0.0109
1774945295.5121,0.0000,0.0000,0.0000,0.0000,0.0000,-3.1335,-0.2146,-0.3599,0.0061,-0.0054,-0.0119
1774945295.5313,0.0000,0.0000,0.0000,0.0000,0.0000,-3.1342,-0.2148,-0.2790,0.0019,-0.0043,-0.0119
1774945295.5513,0.0000,0.0000,0.0000,0.0000,0.0000,-3.1343,-0.2146,1.2889,0.0061,-0.0054,-0.0119
1774945295.5713,0.0000,0.0000,0.0000,0.0000,0.0000,-3.1345,-0.2149,-0.6403,0.0050,-0.0043,-0.0119
1774945295.5913,0.0000,0.0000,0.0000,0.0000,0.0000,-3.1339,-0.2150,1.1001,0.0029,-0.0033,-0.0109
1774945295.6112,0.0000,0.0000,0.0000,0.0000,0.0000,-3.1334,-0.2147,-0.2616,0.0050,-0.0033,-0.0130
1774945295.6313,0.0000,0.0000,0.0000,0.0000,0.0000,-3.1335,-0.2150,-1.0500,0.0019,-0.0043,-0.0119
1774945295.6513,0.0000,0.0000,0.0000,0.0000,0.0000,-3.1328,-0.2148,0.8479,0.0050,-0.0033,-0.0119
1774945295.6713,0.0000,0.0000,0.0000,0.0000,0.0000,-3.1333,-0.2149,-1.0551,0.0029,-0.0033,-0.0130
1774945295.6913,0.0000,0.0000,0.0000,0.0000,0.0000,-3.1329,-0.2148,0.2299,0.0050,-0.0033,-0.0130
1774945295.7113,0.0000,0.0000,0.0000,0.0000,0.0000,-3.1334,-0.2147,0.3596,0.0061,-0.0043,-0.0130
1774945295.7315,0.0000,0.0000,0.0000,0.0000,0.0000,-3.1342,-0.2146,0.7840,0.0008,-0.0043,-0.0098
1774945295.7512,0.0000,0.0000,0.0000,0.0000,0.0000,-3.1339,-0.2146,-0.4664,0.0061,-0.0043,-0.0119
1774945295.7712,0.0000,0.0000,0.0000,0.0000,0.0000,-3.1349,-0.2147,-1.5120,0.0029,-0.0033,-0.0130
1774945295.7914,0.0000,0.0000,0.0000,0.0000,0.0000,-3.1337,-0.2146,1.1575,0.0050,-0.0033,-0.0109
1774945295.8113,0.0000,0.0000,0.0000,0.0000,0.0000,-3.1333,-0.2147,0.0000,0.0040,-0.0054,-0.0119
1774945295.8312,0.0000,0.0000,0.0000,0.0000,0.0000,-3.1333,-0.2147,0.9581,0.0029,-0.0043,-0.0109
1774945295.8512,0.0000,0.0000,0.0000,0.0000,0.0000,-3.1323,-0.2148,0.3798,0.0050,-0.0033,-0.0119
1774945295.8715,0.0000,0.0000,0.0000,0.0000,0.0000,-3.1331,-0.2150,-0.0420,0.0029,-0.0033,-0.0130
1774945295.8913,0.0000,0.0000,0.0000,0.0000,0.0000,-3.1326,-0.2148,1.0822,0.0040,-0.0043,-0.0119
1774945295.9112,0.0000,0.0000,0.0000,0.0000,0.0000,-3.1335,-0.2147,-0.6050,0.0050,-0.0033,-0.0109
1774945295.9313,0.0000,0.0000,0.0000,0.0000,0.0000,-3.1337,-0.2145,0.0000,0.0029,-0.0043,-0.0109
1774945295.9512,0.0000,0.0000,0.0000,0.0000,0.0000,-3.1337,-0.2145,0.1272,0.0040,-0.0033,-0.0119
1774945295.9715,0.0000,0.0000,0.0000,0.0000,0.0000,-3.1343,-0.2147,0.7879,0.0040,-0.0043,-0.0119
1774945295.9913,0.0000,0.0000,0.0000,0.0000,0.0000,-3.1335,-0.2148,-0.1229,0.0061,-0.0033,-0.0130
1774945296.0112,0.0000,0.0000,0.0000,0.0000,0.0000,-3.1337,-0.2149,-0.6005,0.0040,-0.0033,-0.0130
1774945296.0313,0.0000,0.0000,0.0000,0.0000,0.0000,-3.1331,-0.2149,0.7011,0.0029,-0.0033,-0.0119
1774945296.0513,0.0000,0.0000,0.0000,0.0000,0.0000,-3.1329,-0.2149,0.0422,0.0050,-0.0033,-0.0119
1774945296.0717,0.0000,0.0000,0.0000,0.0000,0.0000,-3.1330,-0.2149,0.2950,0.0029,-0.0043,-0.0119
1774945296.0914,0.0000,0.0000,0.0000,0.0000,0.0000,-3.1330,-0.2147,-0.5215,0.0050,-0.0054,-0.0109
1774945296.1114,0.0000,0.0000,0.0000,0.0000,0.0000,-3.1333,-0.2147,0.9936,0.0029,-0.0043,-0.0119
1774945296.1312,0.0000,0.0000,0.0000,0.0000,0.0000,-3.1330,-0.2145,1.0006,0.0050,-0.0043,-0.0119
1774945296.1513,0.0000,0.0000,0.0000,0.0000,0.0000,-3.1340,-0.2147,-1.0814,0.0029,-0.0043,-0.0130
1774945296.1713,0.0000,0.0000,0.0000,0.0000,0.0000,-3.1336,-0.2146,0.5509,0.0040,-0.0033,-0.0130
1774945296.1913,0.0000,0.0000,0.0000,0.0000,0.0000,-3.1337,-0.2146,0.0433,0.0061,-0.0033,-0.0119
1774945296.2113,0.0000,0.0000,0.0000,0.0000,0.0000,-3.1334,-0.2148,0.7915,0.0008,-0.0043,-0.0098
1774945296.2313,0.0000,0.0000,0.0000,0.0000,0.0000,-3.1329,-0.2147,-0.3376,0.0050,-0.0033,-0.0130
1774945296.2512,0.0000,0.0000,0.0000,0.0000,0.0000,-3.1335,-0.2148,-1.5791,0.0019,-0.0033,-0.0130
1774945296.2715,0.0000,0.0000,0.0000,0.0000,0.0000,-3.1327,-0.2146,0.5507,0.0050,-0.0033,-0.0109
1774945296.2912,0.0000,0.0000,0.0000,0.0000,0.0000,-3.1331,-0.2146,0.8222,0.0029,-0.0054,-0.0130
1774945296.3114,0.0000,0.0000,0.0000,0.0000,0.0000,-3.1333,-0.2147,0.2877,0.0050,-0.0043,-0.0119
1774945296.3313,0.0000,0.0000,0.0000,0.0000,0.0000,-3.1334,-0.2145,-0.7291,0.0061,-0.0043,-0.0109
1774945296.3515,0.0000,0.0000,0.0000,0.0000,0.0000,-3.1339,-0.2147,-0.8552,0.0019,-0.0043,-0.0119
1774945296.3713,0.0000,0.0000,0.0000,0.0000,0.0000,-3.1335,-0.2146,0.6547,0.0040,-0.0043,-0.0119
1774945296.3913,0.0000,0.0000,0.0000,0.0000,0.0000,-3.1339,-0.2147,-1.5419,0.0008,-0.0033,-0.0109
1774945296.4114,0.0000,0.0000,0.0000,0.0000,0.0000,-3.1330,-0.2146,0.1745,0.0029,-0.0043,-0.0098
1774945296.4313,0.0000,0.0000,0.0000,0.0000,0.0000,-3.1330,-0.2145,-0.5919,0.0050,-0.0043,-0.0130
1774945296.4515,0.0000,0.0000,0.0000,0.0000,0.0000,-3.1331,-0.2147,-0.2062,0.0019,-0.0043,-0.0119
1774945296.4712,0.0000,0.0000,0.0000,0.0000,0.0000,-3.1326,-0.2146,0.3731,0.0050,-0.0012,-0.0109
1774945296.4912,0.0000,0.0000,0.0000,0.0000,0.0000,-3.1338,-0.2148,-0.0410,0.0029,-0.0043,-0.0119
1774945296.5113,0.0000,0.0000,0.0000,0.0000,0.0000,-3.1331,-0.2146,1.4782,0.0029,-0.0043,-0.0130
1774945296.5313,0.0000,0.0000,0.0000,0.0000,0.0000,-3.1332,-0.2144,0.8869,0.0008,-0.0043,-0.0109
1774945296.5515,0.0000,0.0000,0.0000,0.0000,0.0000,-3.1333,-0.2145,0.4101,0.0019,-0.0043,-0.0109
1774945296.5713,0.0000,0.0000,0.0000,0.0000,0.0000,-3.1328,-0.2145,-0.2550,0.0072,-0.0033,-0.0119
1774945296.5913,0.0000,0.0000,0.0000,0.0000,0.0000,-3.1328,-0.2145,-0.3014,0.0029,-0.0043,-0.0087
1774945296.6113,0.0000,0.0000,0.0000,0.0000,0.0000,-3.1324,-0.2143,0.3535,0.0050,-0.0054,-0.0098
1774945296.6313,0.0000,0.0000,0.0000,0.0000,0.0000,-3.1331,-0.2146,-0.8448,0.0040,-0.0043,-0.0098
1774945296.6514,0.0000,0.0000,0.0000,0.0000,0.0000,-3.1329,-0.2145,0.7695,0.0029,-0.0054,-0.0109
1774945296.6763,0.0000,0.0000,0.0000,0.0000,0.0000,-3.1326,-0.2147,-2.1248,0.0029,-0.0033,-0.0141
1774945296.6912,0.0000,0.0000,0.0000,0.0000,0.0000,-3.1329,-0.2147,1.2082,0.0029,-0.0043,-0.0119
1774945296.7113,0.0000,0.0000,0.0000,0.0000,0.0000,-3.1327,-0.2147,-1.0336,0.0061,-0.0043,-0.0109
1774945296.7314,0.0000,0.0000,0.0000,0.0000,0.0000,-3.1335,-0.2151,-1.5694,0.0008,-0.0033,-0.0109
1774945296.7513,0.0000,0.0000,0.0000,0.0000,0.0000,-3.1333,-0.2148,1.4703,0.0050,-0.0043,-0.0119
1774945296.7713,0.0000,0.0000,0.0000,0.0000,0.0000,-3.1336,-0.2150,0.8493,0.0029,-0.0033,-0.0119
1774945296.7912,0.0000,0.0000,0.0000,0.0000,0.0000,-3.1335,-0.2150,1.4060,0.0040,-0.0033,-0.0141
1774945296.8112,0.0000,0.0000,0.0000,0.0000,0.0000,-3.1335,-0.2148,-0.3416,0.0040,-0.0043,-0.0141
1774945296.8312,0.0000,0.0000,0.0000,0.0000,0.0000,-3.1338,-0.2149,-0.8454,0.0019,-0.0043,-0.0119
1774945296.8512,0.0000,0.0000,0.0000,0.0000,0.0000,-3.1327,-0.2147,0.8328,0.0050,-0.0043,-0.0119
1774945296.8712,0.0000,0.0000,0.0000,0.0000,0.0000,-3.1327,-0.2149,-0.7623,0.0019,-0.0033,-0.0098
1774945296.8912,0.0000,0.0000,0.0000,0.0000,0.0000,-3.1326,-0.2147,-0.1725,0.0050,-0.0033,-0.0098
1774945296.9113,0.0000,0.0000,0.0000,0.0000,0.0000,-3.1327,-0.2145,-0.9887,0.0072,-0.0054,-0.0130
1774945296.9313,0.0000,0.0000,0.0000,0.0000,0.0000,-3.1332,-0.2146,-0.5139,0.0029,-0.0043,-0.0119
1774945296.9512,0.0000,0.0000,0.0000,0.0000,0.0000,-3.1328,-0.2144,-0.7113,0.0040,-0.0033,-0.0130
1774945296.9713,0.0000,0.0000,0.0000,0.0000,0.0000,-3.1334,-0.2147,-1.3245,0.0008,-0.0033,-0.0119
1774945296.9913,0.0000,0.0000,0.0000,0.0000,0.0000,-3.1331,-0.2147,0.5928,0.0029,-0.0054,-0.0119
1774945297.0114,0.0000,0.0000,0.0000,0.0000,0.0000,-3.1338,-0.2149,-1.3407,0.0019,-0.0033,-0.0119
1774945297.0313,0.0000,0.0000,0.0000,0.0000,0.0000,-3.1333,-0.2147,0.0841,0.0072,-0.0033,-0.0130
1774945297.0512,0.0000,0.0000,0.0000,0.0000,0.0000,-3.1330,-0.2146,-0.8126,0.0061,-0.0043,-0.0109
1774945297.0713,0.0000,0.0000,0.0000,0.0000,0.0000,-3.1336,-0.2148,-0.1785,0.0019,-0.0043,-0.0119
1774945297.0912,0.0000,0.0000,0.0000,0.0000,0.0000,-3.1327,-0.2148,0.5592,0.0029,-0.0033,-0.0130
1774945297.1115,0.0000,0.0000,0.0000,0.0000,0.0000,-3.1336,-0.2150,-1.2818,0.0008,-0.0043,-0.0109
1774945297.1312,0.0000,0.0000,0.0000,0.0000,0.0000,-3.1333,-0.2148,0.9998,0.0050,-0.0043,-0.0119
1774945297.1519,0.0000,0.0000,0.0000,0.0000,0.0000,-3.1329,-0.2145,-0.2136,0.0061,-0.0033,-0.0119
1774945297.1713,0.0000,0.0000,0.0000,0.0000,0.0000,-3.1341,-0.2145,0.3998,0.0029,-0.0043,-0.0119
1774945297.1914,0.0000,0.0000,0.0000,0.0000,0.0000,-3.1327,-0.2145,0.5952,0.0050,-0.0054,-0.0119
1774945297.2143,0.0000,0.0000,0.0000,0.0000,0.0000,-3.1333,-0.2148,-1.9171,0.0040,-0.0043,-0.0119
1774945297.2318,0.0000,0.0000,0.0000,0.0000,0.0000,-3.1331,-0.2150,0.9136,0.0019,-0.0033,-0.0109
1774945297.2513,0.0000,0.0000,0.0000,0.0000,0.0000,-3.1332,-0.2148,0.2484,0.0040,-0.0043,-0.0119
1774945297.2713,0.0000,0.0000,0.0000,0.0000,0.0000,-3.1336,-0.2148,-0.0422,0.0008,-0.0033,-0.0130
1774945297.2913,0.0000,0.0000,0.0000,0.0000,0.0000,-3.1329,-0.2147,0.1734,0.0061,-0.0043,-0.0119
1774945297.3113,0.0000,0.0000,0.0000,0.0000,0.0000,-3.1334,-0.2147,-1.3026,0.0019,-0.0043,-0.0119
1774945297.3313,0.0000,0.0000,0.0000,0.0000,0.0000,-3.1332,-0.2145,0.5900,0.0040,-0.0033,-0.0141
1774945297.3513,0.0000,0.0000,0.0000,0.0000,0.0000,-3.1336,-0.2144,-0.5408,0.0040,-0.0043,-0.0109
1774945297.3714,0.0000,0.0000,0.0000,0.0000,0.0000,-3.1337,-0.2145,0.9137,0.0029,-0.0043,-0.0109
1774945297.3914,0.0000,0.0000,0.0000,0.0000,0.0000,-3.1336,-0.2147,-0.3825,0.0061,-0.0033,-0.0130
1774945297.4113,0.0000,0.0000,0.0000,0.0000,0.0000,-3.1340,-0.2147,-0.1297,0.0008,-0.0022,-0.0109
1774945297.4323,0.0000,0.0000,0.0000,0.0000,0.0000,-3.1333,-0.2148,0.6971,0.0040,-0.0043,-0.0130
1774945297.4513,0.0000,0.0000,0.0000,0.0000,0.0000,-3.1340,-0.2147,-1.3607,0.0050,-0.0033,-0.0119
1774945297.4714,0.0000,0.0000,0.0000,0.0000,0.0000,-3.1327,-0.2145,1.2345,0.0061,-0.0054,-0.0119
1774945297.4914,0.0000,0.0000,0.0000,0.0000,0.0000,-3.1316,-0.2147,-0.0426,0.0061,-0.0033,-0.0098
1774945297.5113,0.0000,0.0000,0.0000,0.0000,0.0000,-3.1325,-0.2150,2.1942,0.0019,-0.0043,-0.0119
1774945297.5312,0.0000,0.0000,0.0000,0.0000,0.0000,-3.1347,-0.2153,-0.5328,0.0072,-0.0043,-0.0130
1774945297.5514,0.0000,0.0000,0.0000,0.0000,0.0000,-3.1353,-0.2155,-0.1299,0.0019,-0.0043,-0.0119
1774945297.5713,0.0000,0.0000,0.0000,0.0000,0.0000,-3.1348,-0.2153,1.5864,0.0040,-0.0054,-0.0119
1774945297.5913,0.0000,0.0000,0.0000,0.0000,0.0000,-3.1348,-0.2150,0.5750,0.0040,-0.0043,-0.0119
1774945297.6115,0.0000,0.0000,0.0000,0.0000,0.0000,-3.1343,-0.2153,2.5553,0.0029,-0.0022,-0.0119
1774945297.6315,0.0000,0.0000,0.0000,0.0000,0.0000,-3.1345,-0.2153,0.3417,0.0061,-0.0033,-0.0119
1774945297.6513,0.0000,0.0000,0.0000,0.0000,0.0000,-3.1342,-0.2151,1.3709,0.0019,-0.0022,-0.0119
1774945297.6716,0.0000,0.0000,0.0000,0.0000,0.0000,-3.1335,-0.2150,2.0445,0.0029,-0.0043,-0.0109
1774945297.6913,0.0000,0.0000,0.0000,0.0000,0.0000,-3.1344,-0.2152,0.2091,0.0019,-0.0043,-0.0130
1774945297.7113,0.0000,0.0000,0.0000,0.0000,0.0000,-3.1336,-0.2151,2.5521,0.0029,-0.0043,-0.0109
1774945297.7312,0.0000,0.0000,0.0000,0.0000,0.0000,-3.1337,-0.2152,1.4269,0.0029,-0.0033,-0.0098
1774945297.7513,0.0000,0.0000,0.0000,0.0000,0.0000,-3.1341,-0.2153,1.6643,0.0029,-0.0033,-0.0109
1774945297.7712,0.0000,0.0000,0.0000,0.0000,0.0000,-3.1333,-0.2150,1.5067,0.0061,-0.0043,-0.0119
1774945297.7913,0.0000,0.0000,0.0000,0.0000,0.0000,-3.1342,-0.2150,-1.1468,0.0019,-0.0043,-0.0098
1774945297.8113,0.0000,0.0000,0.0000,0.0000,0.0000,-3.1334,-0.2150,1.2940,0.0029,-0.0043,-0.0119
1774945297.8312,0.0000,0.0000,0.0000,0.0000,0.0000,-3.1335,-0.2149,1.1826,0.0040,-0.0065,-0.0130
1774945297.8513,0.0000,0.0000,0.0000,0.0000,0.0000,-3.1337,-0.2150,0.6261,0.0029,-0.0043,-0.0109
1774945297.8722,0.0000,0.0000,0.0000,0.0000,0.0000,-3.1333,-0.2147,-0.4593,0.0050,-0.0054,-0.0130
1774945297.8913,0.0000,0.0000,0.0000,0.0000,0.0000,-3.1340,-0.2148,-0.6074,0.0019,-0.0033,-0.0109
1774945297.9114,0.0000,0.0000,0.0000,0.0000,0.0000,-3.1332,-0.2147,1.0217,0.0040,-0.0054,-0.0098
1774945297.9312,0.0000,0.0000,0.0000,0.0000,0.0000,-3.1339,-0.2146,0.2568,0.0040,-0.0033,-0.0119
1774945297.9520,0.0000,0.0000,0.0000,0.0000,0.0000,-3.1336,-0.2146,0.5561,0.0029,-0.0043,-0.0098
1774945297.9715,0.0000,0.0000,0.0000,0.0000,0.0000,-3.1332,-0.2146,-0.3881,0.0061,-0.0043,-0.0119
1774945297.9915,0.0000,0.0000,0.0000,0.0000,0.0000,-3.1335,-0.2148,0.5868,0.0019,-0.0033,-0.0119
1774945298.0122,0.0000,0.0000,0.0000,0.0000,0.0000,-3.1332,-0.2147,-1.1813,0.0040,-0.0033,-0.0109
1774945298.0312,0.0000,0.0000,0.0000,0.0000,0.0000,-3.1333,-0.2151,-0.5026,0.0040,-0.0033,-0.0141
1774945298.0514,0.0000,0.0000,0.0000,0.0000,0.0000,-3.1332,-0.2150,0.9414,0.0050,-0.0033,-0.0109
1774945298.0714,0.0000,0.0000,0.0000,0.0000,0.0000,-3.1334,-0.2150,-0.2152,0.0040,-0.0043,-0.0109
1774945298.0913,0.0000,0.0000,0.0000,0.0000,0.0000,-3.1336,-0.2150,-0.3319,0.0040,-0.0043,-0.0119
1774945298.1113,0.0000,0.0000,0.0000,0.0000,0.0000,-3.1331,-0.2147,-0.8248,0.0050,-0.0033,-0.0119
1774945298.1314,0.0000,0.0000,0.0000,0.0000,0.0000,-3.1334,-0.2148,-0.9357,0.0040,-0.0043,-0.0130
1774945298.1513,0.0000,0.0000,0.0000,0.0000,0.0000,-3.1331,-0.2147,1.6236,0.0029,-0.0033,-0.0119
1774945298.1714,0.0000,0.0000,0.0000,0.0000,0.0000,-3.1335,-0.2149,0.0000,0.0040,-0.0033,-0.0109
1774945298.1913,0.0000,0.0000,0.0000,0.0000,0.0000,-3.1333,-0.2147,1.3319,0.0029,-0.0043,-0.0098
1774945298.2112,0.0000,0.0000,0.0000,0.0000,0.0000,-3.1333,-0.2147,0.1258,0.0061,-0.0033,-0.0130
1774945298.2321,0.0000,0.0000,0.0000,0.0000,0.0000,-3.1332,-0.2148,0.9297,0.0029,-0.0054,-0.0119
1774945298.2514,0.0000,0.0000,0.0000,0.0000,0.0000,-3.1331,-0.2148,-0.1729,0.0050,-0.0043,-0.0130
1774945298.2713,0.0000,0.0000,0.0000,0.0000,0.0000,-3.1336,-0.2151,-1.4119,0.0019,-0.0033,-0.0119
1774945298.2912,0.0000,0.0000,0.0000,0.0000,0.0000,-3.1330,-0.2148,0.7021,0.0050,-0.0065,-0.0119
1774945298.3113,0.0000,0.0000,0.0000,0.0000,0.0000,-3.1335,-0.2147,0.2307,0.0050,-0.0033,-0.0119
1774945298.3314,0.0000,0.0000,0.0000,0.0000,0.0000,-3.1334,-0.2147,0.8418,0.0019,-0.0043,-0.0109
1774945298.3526,0.0000,0.0000,0.0000,0.0000,0.0000,-3.1333,-0.2145,-0.7894,0.0050,-0.0033,-0.0130
1774945298.3716,0.0000,0.0000,0.0000,0.0000,0.0000,-3.1339,-0.2147,-1.4630,0.0019,-0.0033,-0.0098
1774945298.3913,0.0000,0.0000,0.0000,0.0000,0.0000,-3.1329,-0.2145,0.7709,0.0050,-0.0054,-0.0109
1774945298.4112,0.0000,0.0000,0.0000,0.0000,0.0000,-3.1336,-0.2145,-0.8802,0.0029,-0.0043,-0.0109
1774945298.4315,0.0000,0.0000,0.0000,0.0000,0.0000,-3.1329,-0.2147,1.0880,0.0072,-0.0043,-0.0109
1774945298.4517,0.0000,0.0000,0.0000,0.0000,0.0000,-3.1329,-0.2146,-0.1262,0.0029,-0.0043,-0.0119
1774945298.4720,0.0000,0.0000,0.0000,0.0000,0.0000,-3.1334,-0.2149,0.5266,0.0019,-0.0033,-0.0130
1774945298.4921,0.0000,0.0000,0.0000,0.0000,0.0000,-3.1327,-0.2147,-0.2164,0.0061,-0.0033,-0.0130
1774945298.5115,0.0000,0.0000,0.0000,0.0000,0.0000,-3.1336,-0.2147,0.1572,0.0040,-0.0043,-0.0119
1774945298.5351,0.0000,0.0000,0.0000,0.0000,0.0000,-3.1331,-0.2146,0.4811,0.0019,-0.0043,-0.0098
1774945298.5513,0.0000,0.0000,0.0000,0.0000,0.0000,-3.1333,-0.2146,0.5052,0.0040,-0.0033,-0.0119
1774945298.5713,0.0000,0.0000,0.0000,0.0000,0.0000,-3.1335,-0.2147,0.8848,0.0040,-0.0033,-0.0109
1774945298.5912,0.0000,0.0000,0.0000,0.0000,0.0000,-3.1331,-0.2145,-0.3091,0.0050,-0.0043,-0.0109
1774945298.6118,0.0000,0.0000,0.0000,0.0000,0.0000,-3.1338,-0.2147,-0.5159,0.0008,-0.0043,-0.0109
1774945298.6315,0.0000,0.0000,0.0000,0.0000,0.0000,-3.1334,-0.2146,0.0422,0.0040,-0.0033,-0.0130
1774945298.6513,0.0000,0.0000,0.0000,0.0000,0.0000,-3.1336,-0.2148,-0.8335,0.0008,-0.0033,-0.0119
1774945298.6712,0.0000,0.0000,0.0000,0.0000,0.0000,-3.1330,-0.2147,0.8920,0.0040,-0.0043,-0.0130
1774945298.6913,0.0000,0.0000,0.0000,0.0000,0.0000,-3.1328,-0.2139,0.0000,0.0050,-0.0012,-0.0119
1774945298.7112,0.0000,0.0000,0.0000,0.0000,0.0000,-3.1335,-0.2131,0.1697,0.0104,-0.0139,-0.0098
1774945298.7312,0.0000,0.0000,0.0000,0.0000,0.0000,-3.1362,-0.2143,-0.9231,0.0082,-0.0086,-0.0109
1774945298.7531,0.0000,0.0000,0.0000,0.0000,0.0000,-3.1375,-0.2146,-2.4523,-0.0003,0.0010,-0.0119
1774945298.7713,0.0000,0.0000,0.0000,0.0000,0.0000,-3.1345,-0.2134,-0.7495,0.0093,-0.0054,-0.0098
1774945298.7914,0.0000,0.0000,0.0000,0.0000,0.0000,-3.1328,-0.2141,-2.0570,0.0040,-0.0065,-0.0109
1774945298.8112,0.0000,0.0000,0.0000,0.0000,0.0000,-3.1312,-0.2149,3.4188,-0.0035,-0.0001,-0.0109
1774945298.8313,0.0000,0.0000,0.0000,0.0000,0.0000,-3.1280,-0.2146,0.9357,0.0072,-0.0043,-0.0130
1774945298.8513,0.0000,0.0000,0.0000,0.0000,0.0000,-3.1284,-0.2151,-2.6656,0.0050,-0.0075,-0.0119
1774945298.8712,0.0000,0.0000,0.0000,0.0000,0.0000,-3.1306,-0.2153,1.3275,-0.0013,-0.0001,-0.0109
1774945298.8922,0.0000,0.0000,0.0000,0.0000,0.0000,-3.1319,-0.2154,-0.7971,-0.0013,-0.0012,-0.0119
1774945298.9112,0.0000,0.0000,0.0000,0.0000,0.0000,-3.1339,-0.2144,0.4484,0.0061,-0.0054,-0.0098
1774945298.9312,0.0000,0.0000,0.0000,0.0000,0.0000,-3.1357,-0.2142,2.1697,0.0019,-0.0022,-0.0141
1774945298.9512,0.0000,0.0000,0.0000,0.0000,0.0000,-3.1350,-0.2142,0.6922,0.0040,-0.0033,-0.0098
1774945298.9728,0.0000,0.0000,0.0000,0.0000,0.0000,-3.1344,-0.2137,-2.3553,0.0072,-0.0043,-0.0109
1774945298.9913,0.0000,0.0000,0.0000,0.0000,0.0000,-3.1345,-0.2143,-0.2581,0.0019,-0.0043,-0.0119
1774945299.0116,0.0000,0.0000,0.0000,0.0000,0.0000,-3.1317,-0.2143,0.0848,0.0050,-0.0033,-0.0119
1774945299.0316,0.0000,0.0000,0.0000,0.0000,0.0000,-3.1306,-0.2144,-1.2097,0.0072,-0.0043,-0.0119
1774945299.0512,0.0000,0.0000,0.0000,0.0000,0.0000,-3.1307,-0.2146,0.5055,0.0008,-0.0043,-0.0119
1774945299.0714,0.0000,0.0000,0.0000,0.0000,0.0000,-3.1307,-0.2145,-1.8155,0.0040,-0.0054,-0.0141
1774945299.0912,0.0000,0.0000,0.0000,0.0000,0.0000,-3.1322,-0.2149,0.1650,0.0008,-0.0033,-0.0119
1774945299.1112,0.0000,0.0000,0.0000,0.0000,0.0000,-3.1337,-0.2146,2.2120,0.0061,-0.0043,-0.0130
1774945299.1313,0.0000,0.0000,0.0000,0.0000,0.0000,-3.1353,-0.2146,-1.2280,0.0040,-0.0054,-0.0130
1774945299.1514,0.0000,0.0000,0.0000,0.0000,0.0000,-3.1353,-0.2141,1.7481,0.0050,-0.0043,-0.0109
1774945299.1712,0.0000,0.0000,0.0000,0.0000,0.0000,-3.1351,-0.2141,0.5103,0.0050,-0.0054,-0.0098
1774945299.1912,0.0000,0.0000,0.0000,0.0000,0.0000,-3.1336,-0.2144,0.9758,0.0019,-0.0033,-0.0109
1774945299.2114,0.0000,0.0000,0.0000,0.0000,0.0000,-3.1315,-0.2145,0.4574,0.0050,-0.0043,-0.0098
1774945299.2314,0.0000,0.0000,0.0000,0.0000,0.0000,-3.1316,-0.2147,0.2060,0.0029,-0.0043,-0.0109
1774945299.2517,0.0000,0.0000,0.0000,0.0000,0.0000,-3.1306,-0.2147,0.3803,0.0019,-0.0043,-0.0130
1774945299.2718,0.0000,0.0000,0.0000,0.0000,0.0000,-3.1310,-0.2147,0.8906,0.0040,-0.0043,-0.0119
1774945299.2912,0.0000,0.0000,0.0000,0.0000,0.0000,-3.1321,-0.2147,1.4779,0.0008,-0.0033,-0.0109
1774945299.3118,0.0000,0.0000,0.0000,0.0000,0.0000,-3.1330,-0.2144,-0.3950,0.0061,-0.0033,-0.0119
1774945299.3320,0.0000,0.0000,0.0000,0.0000,0.0000,-3.1339,-0.2145,0.6493,0.0019,-0.0022,-0.0119
1774945299.3512,0.0000,0.0000,0.0000,0.0000,0.0000,-3.1337,-0.2140,0.0000,0.0061,-0.0033,-0.0109
1774945299.3715,0.0000,0.0000,0.0000,0.0000,0.0000,-3.1346,-0.2142,-1.5728,0.0019,-0.0043,-0.0130
1774945299.3921,0.0000,0.0000,0.0000,0.0000,0.0000,-3.1330,-0.2141,1.0466,0.0040,-0.0033,-0.0109
1774945299.4114,0.0000,0.0000,0.0000,0.0000,0.0000,-3.1323,-0.2142,0.3142,0.0050,-0.0043,-0.0119
1774945299.4318,0.0000,0.0000,0.0000,0.0000,0.0000,-3.1315,-0.2145,0.6994,0.0029,-0.0033,-0.0087
1774945299.4512,0.0000,0.0000,0.0000,0.0000,0.0000,-3.1309,-0.2145,-0.2211,0.0072,-0.0033,-0.0130
1774945299.4715,0.0000,0.0000,0.0000,0.0000,0.0000,-3.1317,-0.2149,-1.5209,0.0040,-0.0043,-0.0119
1774945299.4913,0.0000,0.0000,0.0000,0.0000,0.0000,-3.1321,-0.2148,0.0418,0.0029,-0.0033,-0.0119
1774945299.5113,0.0000,0.0000,0.0000,0.0000,0.0000,-3.1334,-0.2148,-1.1973,0.0040,-0.0043,-0.0119
1774945299.5312,0.0000,0.0000,0.0000,0.0000,0.0000,-3.1341,-0.2145,0.0859,0.0040,-0.0054,-0.0109
1774945299.5519,0.0000,0.0000,0.0000,0.0000,0.0000,-3.1345,-0.2141,-0.7889,0.0040,-0.0033,-0.0109
1774945299.5732,0.0000,0.0000,0.0000,0.0000,0.0000,-3.1349,-0.2142,-0.7906,0.0019,-0.0043,-0.0119
1774945299.5914,0.0000,0.0000,0.0000,0.0000,0.0000,-3.1337,-0.2143,0.7226,0.0050,-0.0043,-0.0109
1774945299.6127,0.0000,0.0000,0.0000,0.0000,0.0000,-3.1339,-0.2147,-0.5191,0.0008,-0.0043,-0.0109
1774945299.6316,0.0000,0.0000,0.0000,0.0000,0.0000,-3.1326,-0.2149,0.9534,0.0040,-0.0043,-0.0119
1774945299.6513,0.0000,0.0000,0.0000,0.0000,0.0000,-3.1322,-0.2148,-0.4556,0.0050,-0.0043,-0.0119
1774945299.6714,0.0000,0.0000,0.0000,0.0000,0.0000,-3.1324,-0.2147,0.4623,0.0040,-0.0033,-0.0119
1774945299.6912,0.0000,0.0000,0.0000,0.0000,0.0000,-3.1321,-0.2145,-0.1252,0.0050,-0.0033,-0.0119
1774945299.7112,0.0000,0.0000,0.0000,0.0000,0.0000,-3.1337,-0.2146,-2.0156,-0.0003,-0.0033,-0.0109
1774945299.7312,0.0000,0.0000,0.0000,0.0000,0.0000,-3.1334,-0.2144,1.8938,0.0029,-0.0054,-0.0098
1774945299.7513,0.0000,0.0000,0.0000,0.0000,0.0000,-3.1341,-0.2143,0.1686,0.0040,-0.0033,-0.0130
1774945299.7714,0.0000,0.0000,0.0000,0.0000,0.0000,-3.1345,-0.2148,0.6486,0.0029,-0.0043,-0.0130
1774945299.7912,0.0000,0.0000,0.0000,0.0000,0.0000,-3.1340,-0.2147,0.0000,0.0050,-0.0033,-0.0119
1774945299.8113,0.0000,0.0000,0.0000,0.0000,0.0000,-3.1348,-0.2148,-2.0278,0.0050,-0.0033,-0.0119
1774945299.8312,0.0000,0.0000,0.0000,0.0000,0.0000,-3.1358,-0.2154,1.1552,0.0040,-0.0043,-0.0130
1774945299.8517,0.0000,0.0000,0.0000,0.0000,0.0000,-3.1374,-0.2159,-0.3425,0.0050,-0.0043,-0.0130
1774945299.8729,0.0000,0.0000,0.0000,0.0000,0.0000,-3.1388,-0.2161,0.9249,0.0029,-0.0054,-0.0130
1774945299.8918,0.0000,0.0000,0.0000,0.0000,0.0000,-3.1388,-0.2161,-0.5094,0.0040,-0.0043,-0.0130
1774945299.9116,0.0000,0.0000,0.0000,0.0000,0.0000,-3.1384,-0.2160,0.0000,0.0040,-0.0065,-0.0130
1774945299.9314,0.0000,0.0000,0.0000,0.0000,0.0000,-3.1376,-0.2149,0.7548,0.0029,-0.0043,-0.0119
1774945299.9522,0.0000,0.0000,0.0000,0.0000,0.0000,-3.1375,-0.2152,0.0000,0.0008,-0.0043,-0.0109
1774945299.9723,0.0000,0.0000,0.0000,0.0000,0.0000,-3.1358,-0.2153,0.0000,0.0050,-0.0033,-0.0130
1774945299.9913,0.0000,0.0000,0.0000,0.0000,0.0000,-3.1340,-0.2148,0.0427,0.0050,-0.0033,-0.0119
1774945300.0114,0.0000,0.0000,0.0000,0.0000,0.0000,-3.1338,-0.2150,0.7610,0.0019,-0.0033,-0.0109
1774945300.0314,0.0000,0.0000,0.0000,0.0000,0.0000,-3.1330,-0.2150,0.0000,0.0029,-0.0043,-0.0130
1774945300.0514,0.0000,0.0000,0.0000,0.0000,0.0000,-3.1324,-0.2152,-2.0487,0.0050,-0.0043,-0.0119
1774945300.0718,0.0000,0.0000,0.0000,0.0000,0.0000,-3.1322,-0.2148,1.3572,0.0029,-0.0033,-0.0119
1774945300.0915,0.0000,0.0000,0.0000,0.0000,0.0000,-3.1322,-0.2149,-0.5498,0.0061,-0.0043,-0.0130
1774945300.1132,0.0000,0.0000,0.0000,0.0000,0.0000,-3.1330,-0.2149,0.2973,0.0029,-0.0033,-0.0119
1774945300.1314,0.0000,0.0000,0.0000,0.0000,0.0000,-3.1332,-0.2146,-0.2192,0.0050,-0.0033,-0.0109
1774945300.1514,0.0000,0.0000,0.0000,0.0000,0.0000,-3.1337,-0.2146,1.0212,0.0040,-0.0033,-0.0109
1774945300.1713,0.0000,0.0000,0.0000,0.0000,0.0000,-3.1339,-0.2145,0.4232,0.0040,-0.0033,-0.0109
1774945300.1912,0.0000,0.0000,0.0000,0.0000,0.0000,-3.1340,-0.2144,-0.2154,0.0050,-0.0043,-0.0130
1774945300.2118,0.0000,0.0000,0.0000,0.0000,0.0000,-3.1338,-0.2145,0.6070,0.0040,-0.0033,-0.0109
1774945300.2326,0.0000,0.0000,0.0000,0.0000,0.0000,-3.1336,-0.2146,-0.9258,0.0050,-0.0033,-0.0119
1774945300.2512,0.0000,0.0000,0.0000,0.0000,0.0000,-3.1340,-0.2148,-0.0828,0.0029,-0.0043,-0.0119
1774945300.2721,0.0000,0.0000,0.0000,0.0000,0.0000,-3.1340,-0.2148,-0.9969,0.0040,-0.0033,-0.0109
1774945300.2914,0.0000,0.0000,0.0000,0.0000,0.0000,-3.1345,-0.2151,-2.5123,0.0040,-0.0043,-0.0141
1774945300.3112,0.0000,0.0000,0.0000,0.0000,0.0000,-3.1344,-0.2150,-0.2126,0.0050,-0.0054,-0.0119
1774945300.3315,0.0000,0.0000,0.0000,0.0000,0.0000,-3.1348,-0.2147,-0.9368,0.0040,-0.0043,-0.0109
1774945300.3514,0.0000,0.0000,0.0000,0.0000,0.0000,-3.1350,-0.2147,0.4467,0.0029,-0.0033,-0.0119
1774945300.3715,0.0000,0.0000,0.0000,0.0000,0.0000,-3.1345,-0.2146,0.8052,0.0029,-0.0033,-0.0109
1774945300.3915,0.0000,0.0000,0.0000,0.0000,0.0000,-3.1350,-0.2148,-1.5303,0.0019,-0.0043,-0.0119
1774945300.4115,0.0000,0.0000,0.0000,0.0000,0.0000,-3.1340,-0.2147,1.5015,0.0040,-0.0043,-0.0119
1774945300.4312,0.0000,0.0000,0.0000,0.0000,0.0000,-3.1338,-0.2145,0.4981,0.0040,-0.0043,-0.0119
1774945300.4512,0.0000,0.0000,0.0000,0.0000,0.0000,-3.1327,-0.2145,1.0459,0.0040,-0.0043,-0.0109
1774945300.4718,0.0000,0.0000,0.0000,0.0000,0.0000,-3.1324,-0.2144,-0.0448,0.0029,-0.0033,-0.0119
1774945300.4913,0.0000,0.0000,0.0000,0.0000,0.0000,-3.1330,-0.2147,0.9507,0.0019,-0.0043,-0.0141
1774945300.5114,0.0000,0.0000,0.0000,0.0000,0.0000,-3.1325,-0.2145,-0.1784,0.0040,-0.0033,-0.0109
1774945300.5315,0.0000,0.0000,0.0000,0.0000,0.0000,-3.1335,-0.2146,-1.6775,0.0008,-0.0033,-0.0119
1774945300.5514,0.0000,0.0000,0.0000,0.0000,0.0000,-3.1330,-0.2144,1.7406,0.0040,-0.0054,-0.0119
1774945300.5724,0.0000,0.0000,0.0000,0.0000,0.0000,-3.1332,-0.2144,0.6301,0.0050,-0.0043,-0.0119
1774945300.5917,0.0000,0.0000,0.0000,0.0000,0.0000,-3.1334,-0.2147,0.2560,0.0008,-0.0033,-0.0119
1774945300.6116,0.0000,0.0000,0.0000,0.0000,0.0000,-3.1325,-0.2145,0.3005,0.0072,-0.0033,-0.0130
1774945300.6319,0.0000,0.0000,0.0000,0.0000,0.0000,-3.1330,-0.2147,-0.8221,0.0029,-0.0043,-0.0119
1774945300.6512,0.0000,0.0000,0.0000,0.0000,0.0000,-3.1320,-0.2147,2.4584,0.0050,-0.0043,-0.0119
1774945300.6719,0.0000,0.0000,0.0000,0.0000,0.0000,-3.1320,-0.2146,1.1990,0.0040,-0.0033,-0.0130
1774945300.6912,0.0000,0.0000,0.0000,0.0000,0.0000,-3.1321,-0.2145,2.2962,0.0019,-0.0043,-0.0109
1774945300.7114,0.0000,0.0000,0.0000,0.0000,0.0000,-3.1317,-0.2145,0.0000,0.0040,-0.0054,-0.0119
1774945300.7317,0.0000,0.0000,0.0000,0.0000,0.0000,-3.1323,-0.2144,0.4029,0.0029,-0.0043,-0.0119
1774945300.7512,0.0000,0.0000,0.0000,0.0000,0.0000,-3.1320,-0.2143,-0.1299,0.0050,-0.0043,-0.0119
1774945300.7718,0.0000,0.0000,0.0000,0.0000,0.0000,-3.1328,-0.2144,0.1654,0.0019,-0.0022,-0.0119
1774945300.7914,0.0000,0.0000,0.0000,0.0000,0.0000,-3.1324,-0.2141,0.5881,0.0061,-0.0043,-0.0109
1774945300.8118,0.0000,0.0000,0.0000,0.0000,0.0000,-3.1326,-0.2141,-0.7699,0.0050,-0.0054,-0.0130
1774945300.8315,0.0000,0.0000,0.0000,0.0000,0.0000,-3.1329,-0.2142,0.5819,0.0029,-0.0043,-0.0109
1774945300.8522,0.0000,0.0000,0.0000,0.0000,0.0000,-3.1325,-0.2141,-1.4577,0.0061,-0.0043,-0.0119
1774945300.8714,0.0000,0.0000,0.0000,0.0000,0.0000,-3.1327,-0.2144,0.7398,0.0008,-0.0033,-0.0119
1774945300.8912,0.0000,0.0000,0.0000,0.0000,0.0000,-3.1331,-0.2145,-0.3384,0.0050,-0.0033,-0.0109
1774945300.9121,0.0000,0.0000,0.0000,0.0000,0.0000,-3.1337,-0.2147,-1.3918,0.0040,-0.0043,-0.0098
1774945300.9314,0.0000,0.0000,0.0000,0.0000,0.0000,-3.1336,-0.2145,-1.1538,0.0040,-0.0033,-0.0087
1774945300.9514,0.0000,0.0000,0.0000,0.0000,0.0000,-3.1338,-0.2146,2.0438,0.0029,-0.0043,-0.0130
1774945300.9721,0.0000,0.0000,0.0000,0.0000,0.0000,-3.1339,-0.2145,-1.3453,0.0029,-0.0022,-0.0087
1774945300.9912,0.0000,0.0000,0.0000,0.0000,0.0000,-3.1339,-0.2144,-1.0556,0.0040,-0.0054,-0.0119
1774945301.0117,0.0000,0.0000,0.0000,0.0000,0.0000,-3.1345,-0.2147,-2.1739,0.0029,-0.0033,-0.0119
1774945301.0313,0.0000,0.0000,0.0000,0.0000,0.0000,-3.1341,-0.2146,0.4497,0.0040,-0.0033,-0.0119
1774945301.0513,0.0000,0.0000,0.0000,0.0000,0.0000,-3.1341,-0.2147,0.0000,0.0019,-0.0043,-0.0098
1774945301.0722,0.0000,0.0000,0.0000,0.0000,0.0000,-3.1333,-0.2147,0.9363,0.0040,-0.0033,-0.0119
1774945301.0926,0.0000,0.0000,0.0000,0.0000,0.0000,-3.1334,-0.2145,-1.4730,0.0050,-0.0033,-0.0130
1774945301.1115,0.0000,0.0000,0.0000,0.0000,0.0000,-3.1339,-0.2146,1.1810,0.0019,-0.0033,-0.0109
1774945301.1316,0.0000,0.0000,0.0000,0.0000,0.0000,-3.1329,-0.2144,-0.3415,0.0050,-0.0033,-0.0109
1774945301.1517,0.0000,0.0000,0.0000,0.0000,0.0000,-3.1340,-0.2147,0.1685,0.0029,-0.0043,-0.0119
1774945301.1716,0.0000,0.0000,0.0000,0.0000,0.0000,-3.1337,-0.2145,0.1665,0.0029,-0.0054,-0.0119
1774945301.1915,0.0000,0.0000,0.0000,0.0000,0.0000,-3.1331,-0.2145,-0.7875,0.0050,-0.0054,-0.0109
1774945301.2124,0.0000,0.0000,0.0000,0.0000,0.0000,-3.1327,-0.2145,0.2621,0.0008,-0.0022,-0.0109
1774945301.2324,0.0000,0.0000,0.0000,0.0000,0.0000,-3.1320,-0.2143,1.4761,0.0061,-0.0043,-0.0109
1774945301.2515,0.0000,0.0000,0.0000,0.0000,0.0000,-3.1328,-0.2145,-2.1707,0.0040,-0.0043,-0.0119
1774945301.2720,0.0000,0.0000,0.0000,0.0000,0.0000,-3.1326,-0.2144,0.7300,0.0040,-0.0043,-0.0119
1774945301.2916,0.0000,0.0000,0.0000,0.0000,0.0000,-3.1328,-0.2142,0.3811,0.0050,-0.0043,-0.0119
1774945301.3114,0.0000,0.0000,0.0000,0.0000,0.0000,-3.1327,-0.2143,1.1273,0.0008,-0.0054,-0.0109
1774945301.3316,0.0000,0.0000,0.0000,0.0000,0.0000,-3.1331,-0.2143,-0.9706,0.0050,-0.0043,-0.0119
1774945301.3516,0.0000,0.0000,0.0000,0.0000,0.0000,-3.1337,-0.2144,-0.9449,0.0008,-0.0043,-0.0119
1774945301.3715,0.0000,0.0000,0.0000,0.0000,0.0000,-3.1330,-0.2144,0.1287,0.0050,-0.0054,-0.0109
1774945301.3917,0.0000,0.0000,0.0000,0.0000,0.0000,-3.1331,-0.2144,-0.6833,0.0061,-0.0033,-0.0098
1774945301.4120,0.0000,0.0000,0.0000,0.0000,0.0000,-3.1330,-0.2143,0.8576,0.0040,-0.0043,-0.0119
1774945301.4323,0.0000,0.0000,0.0000,0.0000,0.0000,-3.1327,-0.2145,-0.4970,0.0061,-0.0043,-0.0119
1774945301.4520,0.0000,0.0000,0.0000,0.0000,0.0000,-3.1327,-0.2145,0.3528,0.0040,-0.0043,-0.0109
1774945301.4719,0.0000,0.0000,0.0000,0.0000,0.0000,-3.1323,-0.2141,0.1286,0.0040,-0.0022,-0.0098
1774945301.4911,0.0000,0.0000,0.0000,0.0000,0.0000,-3.1325,-0.2143,-2.8240,0.0040,-0.0033,-0.0098
1774945301.5111,0.0000,0.0000,0.0000,0.0000,0.0000,-3.1322,-0.2140,0.7192,0.0050,-0.0033,-0.0119
1774945301.5313,0.0000,0.0000,0.0000,0.0000,0.0000,-3.1331,-0.2143,0.1740,-0.0003,-0.0043,-0.0130
1774945301.5514,0.0000,0.0000,0.0000,0.0000,0.0000,-3.1325,-0.2141,0.1252,0.0019,-0.0022,-0.0098
1774945301.5714,0.0000,0.0000,0.0000,0.0000,0.0000,-3.1323,-0.2140,-0.8727,0.0040,-0.0043,-0.0109
1774945301.5913,0.0000,0.0000,0.0000,0.0000,0.0000,-3.1331,-0.2142,-1.2329,0.0019,-0.0033,-0.0109
1774945301.6114,0.0000,0.0000,0.0000,0.0000,0.0000,-3.1326,-0.2141,0.2738,0.0040,-0.0033,-0.0130
1774945301.6315,0.0000,0.0000,0.0000,0.0000,0.0000,-3.1331,-0.2143,-1.5658,0.0050,-0.0043,-0.0119
1774945301.6512,0.0000,0.0000,0.0000,0.0000,0.0000,-3.1328,-0.2142,-0.6256,0.0050,-0.0043,-0.0109
1774945301.6713,0.0000,0.0000,0.0000,0.0000,0.0000,-3.1328,-0.2144,-1.0549,0.0040,-0.0033,-0.0109
1774945301.6914,0.0000,0.0000,0.0000,0.0000,0.0000,-3.1334,-0.2144,-0.2480,0.0040,-0.0043,-0.0141
1774945301.7121,0.0000,0.0000,0.0000,0.0000,0.0000,-3.1328,-0.2143,1.6303,0.0040,-0.0022,-0.0109
1774945301.7331,0.0000,0.0000,0.0000,0.0000,0.0000,-3.1338,-0.2146,-2.5046,0.0008,-0.0054,-0.0119
1774945301.7515,0.0000,0.0000,0.0000,0.0000,0.0000,-3.1330,-0.2142,0.5414,0.0040,-0.0043,-0.0119
1774945301.7713,0.0000,0.0000,0.0000,0.0000,0.0000,-3.1334,-0.2142,-0.2180,0.0040,-0.0043,-0.0119
1774945301.7916,0.0000,0.0000,0.0000,0.0000,0.0000,-3.1334,-0.2144,0.6431,0.0029,-0.0043,-0.0119
1774945301.8113,0.0000,0.0000,0.0000,0.0000,0.0000,-3.1327,-0.2143,-0.3911,0.0050,-0.0033,-0.0130
1774945301.8318,0.0000,0.0000,0.0000,0.0000,0.0000,-3.1334,-0.2144,-1.4397,0.0019,-0.0043,-0.0109
1774945301.8519,0.0000,0.0000,0.0000,0.0000,0.0000,-3.1328,-0.2145,0.6164,0.0029,-0.0033,-0.0109
1774945301.8714,0.0000,0.0000,0.0000,0.0000,0.0000,-3.1334,-0.2145,-0.7630,0.0008,-0.0043,-0.0119
1774945301.8915,0.0000,0.0000,0.0000,0.0000,0.0000,-3.1329,-0.2145,0.2932,0.0040,-0.0054,-0.0119
1774945301.9159,0.0000,0.0000,0.0000,0.0000,0.0000,-3.1325,-0.2143,0.0000,0.0050,-0.0043,-0.0119
1774945301.9315,0.0000,0.0000,0.0000,0.0000,0.0000,-3.1331,-0.2145,0.1775,0.0019,-0.0043,-0.0109
1774945301.9521,0.0000,0.0000,0.0000,0.0000,0.0000,-3.1327,-0.2142,-0.9015,0.0061,-0.0033,-0.0119
1774945301.9725,0.0000,0.0000,0.0000,0.0000,0.0000,-3.1333,-0.2145,-1.7419,0.0019,-0.0043,-0.0119
1774945301.9921,0.0000,0.0000,0.0000,0.0000,0.0000,-3.1331,-0.2145,0.0860,0.0029,-0.0022,-0.0109
1774945302.0115,0.0000,0.0000,0.0000,0.0000,0.0000,-3.1332,-0.2144,-0.2678,0.0029,-0.0022,-0.0109
1774945302.0326,0.0000,0.0000,0.0000,0.0000,0.0000,-3.1332,-0.2144,0.3717,0.0040,-0.0043,-0.0119
1774945302.0533,0.0000,0.0000,0.0000,0.0000,0.0000,-3.1329,-0.2143,-0.7541,0.0050,-0.0043,-0.0119
1774945302.0727,0.0000,0.0000,0.0000,0.0000,0.0000,-3.1333,-0.2146,-1.1622,0.0040,-0.0033,-0.0130
1774945302.0914,0.0000,0.0000,0.0000,0.0000,0.0000,-3.1328,-0.2143,0.8859,0.0050,-0.0033,-0.0109
1774945302.1116,0.0000,0.0000,0.0000,0.0000,0.0000,-3.1334,-0.2144,-1.1888,0.0019,-0.0033,-0.0119
1774945302.1317,0.0000,0.0000,0.0000,0.0000,0.0000,-3.1330,-0.2143,0.2903,0.0029,-0.0033,-0.0109
1774945302.1512,0.0000,0.0000,0.0000,0.0000,0.0000,-3.1331,-0.2142,-0.1771,0.0040,-0.0043,-0.0119
1774945302.1723,0.0000,0.0000,0.0000,0.0000,0.0000,-3.1332,-0.2145,0.7146,0.0040,-0.0033,-0.0119
1774945302.1918,0.0000,0.0000,0.0000,0.0000,0.0000,-3.1328,-0.2144,-0.3540,0.0040,-0.0043,-0.0109
1774945302.2115,0.0000,0.0000,0.0000,0.0000,0.0000,-3.1334,-0.2148,-1.1273,0.0029,-0.0022,-0.0119
1774945302.2325,0.0000,0.0000,0.0000,0.0000,0.0000,-3.1329,-0.2146,1.2824,0.0040,-0.0054,-0.0109
1774945302.2515,0.0000,0.0000,0.0000,0.0000,0.0000,-3.1332,-0.2145,0.2112,0.0040,-0.0043,-0.0109
1774945302.2721,0.0000,0.0000,0.0000,0.0000,0.0000,-3.1329,-0.2147,0.4255,0.0008,-0.0043,-0.0109
1774945302.2918,0.0000,0.0000,0.0000,0.0000,0.0000,-3.1331,-0.2147,0.3306,0.0050,-0.0043,-0.0119
1774945302.3128,0.0000,0.0000,0.0000,0.0000,0.0000,-3.1337,-0.2149,-0.5725,0.0019,-0.0033,-0.0109
1774945302.3317,0.0000,0.0000,0.0000,0.0000,0.0000,-3.1334,-0.2150,1.6607,0.0040,-0.0033,-0.0130
1774945302.3514,0.0000,0.0000,0.0000,0.0000,0.0000,-3.1340,-0.2150,-0.7619,0.0050,-0.0043,-0.0119
1774945302.3719,0.0000,0.0000,0.0000,0.0000,0.0000,-3.1344,-0.2151,1.1257,0.0029,-0.0033,-0.0119
1774945302.3913,0.0000,0.0000,0.0000,0.0000,0.0000,-3.1339,-0.2150,-0.4968,0.0040,-0.0033,-0.0119
1774945302.4119,0.0000,0.0000,0.0000,0.0000,0.0000,-3.1347,-0.2151,-1.1451,0.0008,-0.0033,-0.0109
1774945302.4321,0.0000,0.0000,0.0000,0.0000,0.0000,-3.1342,-0.2148,1.0259,0.0040,-0.0043,-0.0098
1774945302.4516,0.0000,0.0000,0.0000,0.0000,0.0000,-3.1345,-0.2149,-1.1680,0.0040,-0.0033,-0.0119
1774945302.4716,0.0000,0.0000,0.0000,0.0000,0.0000,-3.1346,-0.2150,1.3111,0.0050,-0.0043,-0.0130
1774945302.4917,0.0000,0.0000,0.0000,0.0000,0.0000,-3.1349,-0.2151,-0.1270,0.0061,-0.0033,-0.0141
1774945302.5119,0.0000,0.0000,0.0000,0.0000,0.0000,-3.1357,-0.2152,0.1294,-0.0003,-0.0033,-0.0109
1774945302.5313,0.0000,0.0000,0.0000,0.0000,0.0000,-3.1354,-0.2150,0.0000,0.0050,-0.0033,-0.0119
1774945302.5515,0.0000,0.0000,0.0000,0.0000,0.0000,-3.1356,-0.2151,0.0000,0.0040,-0.0043,-0.0119
1774945302.5715,0.0000,0.0000,0.0000,0.0000,0.0000,-3.1352,-0.2151,0.0000,0.0040,-0.0033,-0.0109
1774945302.5920,0.0000,0.0000,0.0000,0.0000,0.0000,-3.1354,-0.2150,-0.1743,0.0061,-0.0022,-0.0130
1774945302.6123,0.0000,0.0000,0.0000,0.0000,0.0000,-3.1346,-0.2149,0.0000,0.0040,-0.0043,-0.0109
1774945302.6316,0.0000,0.0000,0.0000,0.0000,0.0000,-3.1341,-0.2148,-0.0435,0.0061,-0.0033,-0.0130
1774945302.6515,0.0000,0.0000,0.0000,0.0000,0.0000,-3.1343,-0.2149,-0.9377,0.0019,-0.0043,-0.0119
1774945302.6714,0.0000,0.0000,0.0000,0.0000,0.0000,-3.1335,-0.2147,1.1196,0.0040,-0.0043,-0.0098
1774945302.6915,0.0000,0.0000,0.0000,0.0000,0.0000,-3.1334,-0.2146,0.2196,0.0050,-0.0043,-0.0119
1774945302.7121,0.0000,0.0000,0.0000,0.0000,0.0000,-3.1331,-0.2145,0.5555,0.0019,-0.0043,-0.0087
1774945302.7316,0.0000,0.0000,0.0000,0.0000,0.0000,-3.1329,-0.2144,-0.3782,0.0040,-0.0043,-0.0119
1774945302.7518,0.0000,0.0000,0.0000,0.0000,0.0000,-3.1334,-0.2146,0.2994,0.0050,-0.0043,-0.0109
1774945302.7720,0.0000,0.0000,0.0000,0.0000,0.0000,-3.1329,-0.2146,0.8290,0.0061,-0.0043,-0.0119
1774945302.7917,0.0000,0.0000,0.0000,0.0000,0.0000,-3.1336,-0.2147,-0.6663,0.0040,-0.0043,-0.0109
1774945302.8129,0.0000,0.0000,0.0000,0.0000,0.0000,-3.1329,-0.2145,1.0388,0.0029,-0.0043,-0.0109
1774945302.8318,0.0000,0.0000,0.0000,0.0000,0.0000,-3.1333,-0.2146,-0.1769,0.0050,-0.0043,-0.0119
1774945302.8518,0.0000,0.0000,0.0000,0.0000,0.0000,-3.1336,-0.2144,-0.0858,0.0008,-0.0043,-0.0119
1774945302.8714,0.0000,0.0000,0.0000,0.0000,0.0000,-3.1335,-0.2145,0.7505,0.0040,-0.0043,-0.0119
1774945302.8914,0.0000,0.0000,0.0000,0.0000,0.0000,-3.1331,-0.2150,-0.2860,0.0008,-0.0033,-0.0119
1774945302.9129,0.0000,0.0000,0.0000,0.0000,0.0000,-3.1326,-0.2148,2.1892,0.0040,-0.0054,-0.0119
1774945302.9317,0.0000,0.0000,0.0000,0.0000,0.0000,-3.1336,-0.2147,-3.2633,0.0008,-0.0033,-0.0109
1774945302.9537,0.0000,0.0000,0.0000,0.0000,0.0000,-3.1330,-0.2145,1.1938,0.0029,-0.0043,-0.0130
1774945302.9715,0.0000,0.0000,0.0000,0.0000,0.0000,-3.1331,-0.2144,-0.2637,0.0029,-0.0033,-0.0109
1774945303.0195,0.0000,0.0000,0.0000,0.0000,0.0000,-3.1338,-0.2145,0.0885,0.0008,-0.0022,-0.0087
1774945303.0316,0.0000,0.0000,0.0000,0.0000,0.0000,-3.1336,-0.2146,-2.5358,0.0029,-0.0043,-0.0109
1774945303.0528,0.0000,0.0000,0.0000,0.0000,0.0000,-3.1328,-0.2147,0.6203,0.0040,-0.0033,-0.0109
1774945303.0727,0.0000,0.0000,0.0000,0.0000,0.0000,-3.1332,-0.2149,-1.0346,0.0019,-0.0033,-0.0098
1774945303.0933,0.0000,0.0000,0.0000,0.0000,0.0000,-3.1328,-0.2146,0.9316,0.0008,-0.0022,-0.0098
1774945303.1123,0.0000,0.0000,0.0000,0.0000,0.0000,-3.1323,-0.2144,0.0905,0.0050,-0.0033,-0.0109
1774945303.1317,0.0000,0.0000,0.0000,0.0000,0.0000,-3.1335,-0.2146,-1.0991,0.0019,-0.0033,-0.0119
1774945303.1532,0.0000,0.0000,0.0000,0.0000,0.0000,-3.1328,-0.2146,0.0000,0.0061,-0.0043,-0.0119
1774945303.1715,0.0000,0.0000,0.0000,0.0000,0.0000,-3.1338,-0.2148,-1.1486,0.0008,-0.0033,-0.0119
1774945303.1918,0.0000,0.0000,0.0000,0.0000,0.0000,-3.1335,-0.2145,0.2057,0.0029,-0.0033,-0.0098
1774945303.2114,0.0000,0.0000,0.0000,0.0000,0.0000,-3.1337,-0.2146,0.5642,0.0040,-0.0043,-0.0109
1774945303.2315,0.0000,0.0000,0.0000,0.0000,0.0000,-3.1340,-0.2145,-0.3489,0.0019,-0.0033,-0.0109
1774945303.2514,0.0000,0.0000,0.0000,0.0000,0.0000,-3.1329,-0.2144,0.2268,0.0050,-0.0043,-0.0119
1774945303.2714,0.0000,0.0000,0.0000,0.0000,0.0000,-3.1334,-0.2144,-0.0585,0.0008,-0.0033,-0.0109
1774945303.2922,0.0000,0.0000,0.0000,0.0000,0.0000,-3.1330,-0.2143,0.5832,0.0040,-0.0043,-0.0119
1774945303.3115,0.0000,0.0000,0.0000,0.0000,0.0000,-3.1332,-0.2145,-0.9220,0.0040,-0.0043,-0.0119
1774945303.3318,0.0000,0.0000,0.0000,0.0000,0.0000,-3.1332,-0.2145,0.9785,0.0019,-0.0033,-0.0109
1774945303.3516,0.0000,0.0000,0.0000,0.0000,0.0000,-3.1329,-0.2144,-0.5857,0.0029,-0.0033,-0.0119
1774945303.3715,0.0000,0.0000,0.0000,0.0000,0.0000,-3.1339,-0.2144,-1.3389,0.0019,-0.0033,-0.0119
1774945303.3916,0.0000,0.0000,0.0000,0.0000,0.0000,-3.1335,-0.2143,0.6538,0.0040,-0.0022,-0.0098
1774945303.4118,0.0000,0.0000,0.0000,0.0000,0.0000,-3.1336,-0.2145,-0.0470,0.0050,-0.0043,-0.0109
1774945303.4314,0.0000,0.0000,0.0000,0.0000,0.0000,-3.1329,-0.2143,1.0179,0.0050,-0.0043,-0.0119
1774945303.4518,0.0000,0.0000,0.0000,0.0000,0.0000,-3.1329,-0.2143,-0.1250,0.0050,-0.0033,-0.0119
1774945303.4721,0.0000,0.0000,0.0000,0.0000,0.0000,-3.1333,-0.2146,0.0421,0.0008,-0.0033,-0.0109
1774945303.4916,0.0000,0.0000,0.0000,0.0000,0.0000,-3.1328,-0.2145,0.3434,0.0029,-0.0043,-0.0109
1774945303.5120,0.0000,0.0000,0.0000,0.0000,0.0000,-3.1334,-0.2147,-1.2763,0.0029,-0.0043,-0.0130
1774945303.5320,0.0000,0.0000,0.0000,0.0000,0.0000,-3.1326,-0.2147,1.2435,0.0050,-0.0043,-0.0109
1774945303.5512,0.0000,0.0000,0.0000,0.0000,0.0000,-3.1333,-0.2146,0.0440,0.0061,-0.0033,-0.0130
1774945303.5720,0.0000,0.0000,0.0000,0.0000,0.0000,-3.1334,-0.2147,0.6278,0.0029,-0.0043,-0.0109
1774945303.5915,0.0000,0.0000,0.0000,0.0000,0.0000,-3.1332,-0.2145,-0.7650,0.0050,-0.0033,-0.0109
1774945303.6118,0.0000,0.0000,0.0000,0.0000,0.0000,-3.1335,-0.2147,-1.0629,0.0008,-0.0043,-0.0119
1774945303.6317,0.0000,0.0000,0.0000,0.0000,0.0000,-3.1329,-0.2146,1.0499,0.0050,-0.0043,-0.0119
1774945303.6514,0.0000,0.0000,0.0000,0.0000,0.0000,-3.1336,-0.2147,-0.0454,0.0050,-0.0043,-0.0119
1774945303.6716,0.0000,0.0000,0.0000,0.0000,0.0000,-3.1330,-0.2146,0.9176,0.0050,-0.0033,-0.0119
1774945303.6915,0.0000,0.0000,0.0000,0.0000,0.0000,-3.1328,-0.2144,-0.2141,0.0050,-0.0054,-0.0119
1774945303.7115,0.0000,0.0000,0.0000,0.0000,0.0000,-3.1333,-0.2146,0.3193,0.0050,-0.0043,-0.0130
1774945303.7317,0.0000,0.0000,0.0000,0.0000,0.0000,-3.1328,-0.2146,0.4698,0.0050,-0.0043,-0.0119
1774945303.7517,0.0000,0.0000,0.0000,0.0000,0.0000,-3.1339,-0.2146,-1.3644,0.0019,-0.0033,-0.0109
1774945303.7722,0.0000,0.0000,0.0000,0.0000,0.0000,-3.1332,-0.2144,-0.5301,0.0061,-0.0033,-0.0130
1774945303.7916,0.0000,0.0000,0.0000,0.0000,0.0000,-3.1336,-0.2142,0.4234,0.0040,-0.0054,-0.0109
1774945303.8117,0.0000,0.0000,0.0000,0.0000,0.0000,-3.1338,-0.2145,0.8807,0.0029,-0.0043,-0.0109
1774945303.8318,0.0000,0.0000,0.0000,0.0000,0.0000,-3.1332,-0.2146,-0.4710,0.0050,-0.0022,-0.0119
1774945303.8521,0.0000,0.0000,0.0000,0.0000,0.0000,-3.1337,-0.2148,-1.2157,0.0019,-0.0033,-0.0130
1774945303.8718,0.0000,0.0000,0.0000,0.0000,0.0000,-3.1330,-0.2144,0.6155,0.0061,-0.0033,-0.0109
1774945303.8914,0.0000,0.0000,0.0000,0.0000,0.0000,-3.1335,-0.2146,-0.5100,0.0029,-0.0043,-0.0119
1774945303.9116,0.0000,0.0000,0.0000,0.0000,0.0000,-3.1333,-0.2144,0.8426,0.0019,-0.0043,-0.0109
1774945303.9322,0.0000,0.0000,0.0000,0.0000,0.0000,-3.1330,-0.2145,-0.2108,0.0050,-0.0033,-0.0130
1774945303.9514,0.0000,0.0000,0.0000,0.0000,0.0000,-3.1332,-0.2145,0.9060,0.0019,-0.0043,-0.0109
1774945303.9717,0.0000,0.0000,0.0000,0.0000,0.0000,-3.1330,-0.2144,0.4609,0.0008,-0.0022,-0.0098
1774945303.9913,0.0000,0.0000,0.0000,0.0000,0.0000,-3.1335,-0.2147,-1.3092,0.0040,-0.0043,-0.0130
