Timestamp,EKF_Vx,EKF_Wz,LIO_Vx,LIO_Vy,LIO_Wz,Roll,Pitch,Z_Jerk,IMU_Wx,IMU_Wy,IMU_Wz
1774945724.5914,0.0000,0.0000,0.0000,0.0000,0.0000,-3.1303,-0.2136,-1.6869,0.0040,-0.0043,-0.0119
1774945724.6114,0.0000,0.0000,0.0000,0.0000,0.0000,-3.1296,-0.2134,1.1356,0.0050,-0.0033,-0.0087
1774945724.6313,0.0000,0.0000,0.0000,0.0000,0.0000,-3.1297,-0.2134,0.2260,0.0029,-0.0022,-0.0087
1774945724.6512,0.0000,0.0000,0.0000,0.0000,0.0000,-3.1301,-0.2136,0.0000,0.0029,-0.0033,-0.0087
1774945724.6713,0.0000,0.0000,0.0000,0.0000,0.0000,-3.1294,-0.2136,-0.8796,0.0050,-0.0043,-0.0098
1774945724.6914,0.0000,0.0000,0.0000,0.0000,0.0000,-3.1300,-0.2138,-2.0665,0.0008,-0.0033,-0.0098
1774945724.7112,0.0000,0.0000,0.0000,0.0000,0.0000,-3.1291,-0.2137,0.7098,0.0040,-0.0033,-0.0098
1774945724.7313,0.0000,0.0000,0.0000,0.0000,0.0000,-3.1297,-0.2135,-0.0554,0.0061,-0.0043,-0.0119
1774945724.7514,0.0000,0.0000,0.0000,0.0000,0.0000,-3.1296,-0.2136,0.0592,0.0029,-0.0043,-0.0109
1774945724.7714,0.0000,0.0000,0.0000,0.0000,0.0000,-3.1294,-0.2134,-0.4608,0.0050,-0.0043,-0.0119
1774945724.7914,0.0000,0.0000,0.0000,0.0000,0.0000,-3.1299,-0.2136,0.5328,0.0008,-0.0033,-0.0109
1774945724.8116,0.0000,0.0000,0.0000,0.0000,0.0000,-3.1292,-0.2135,0.4367,0.0040,-0.0043,-0.0098
1774945724.8314,0.0000,0.0000,0.0000,0.0000,0.0000,-3.1300,-0.2138,-1.4379,0.0040,-0.0033,-0.0119
1774945724.8514,0.0000,0.0000,0.0000,0.0000,0.0000,-3.1295,-0.2136,0.3360,0.0029,-0.0043,-0.0098
1774945724.8716,0.0000,0.0000,0.0000,0.0000,0.0000,-3.1293,-0.2136,0.4009,0.0040,-0.0033,-0.0109
1774945724.8914,0.0000,0.0000,0.0000,0.0000,0.0000,-3.1297,-0.2135,0.3822,0.0029,-0.0033,-0.0109
1774945724.9114,0.0000,0.0000,0.0000,0.0000,0.0000,-3.1291,-0.2134,-0.8173,0.0072,-0.0033,-0.0109
1774945724.9322,0.0000,0.0000,0.0000,0.0000,0.0000,-3.1298,-0.2135,-1.6712,0.0029,-0.0043,-0.0109
1774945724.9514,0.0000,0.0000,0.0000,0.0000,0.0000,-3.1294,-0.2134,1.6969,0.0050,-0.0043,-0.0130
1774945724.9716,0.0000,0.0000,0.0000,0.0000,0.0000,-3.1298,-0.2135,0.6216,0.0019,-0.0033,-0.0109
1774945724.9914,0.0000,0.0000,0.0000,0.0000,0.0000,-3.1297,-0.2134,0.5934,0.0040,-0.0043,-0.0098
1774945725.0114,0.0000,0.0000,0.0000,0.0000,0.0000,-3.1296,-0.2134,-1.2760,0.0040,-0.0033,-0.0087
1774945725.0313,0.0000,0.0000,0.0000,0.0000,0.0000,-3.1300,-0.2135,-0.1701,-0.0003,-0.0033,-0.0098
1774945725.0513,0.0000,0.0000,0.0000,0.0000,0.0000,-3.1295,-0.2136,0.4115,0.0050,-0.0043,-0.0109
1774945725.0714,0.0000,0.0000,0.0000,0.0000,0.0000,-3.1299,-0.2136,-1.3241,0.0040,-0.0033,-0.0087
1774945725.0913,0.0000,0.0000,0.0000,0.0000,0.0000,-3.1294,-0.2134,1.1073,0.0050,-0.0043,-0.0119
1774945725.1114,0.0000,0.0000,0.0000,0.0000,0.0000,-3.1296,-0.2135,0.3466,0.0029,-0.0033,-0.0119
1774945725.1313,0.0000,0.0000,0.0000,0.0000,0.0000,-3.1298,-0.2135,1.1744,0.0029,-0.0022,-0.0087
1774945725.1513,0.0000,0.0000,0.0000,0.0000,0.0000,-3.1296,-0.2134,-0.1789,0.0040,-0.0033,-0.0109
1774945725.1714,0.0000,0.0000,0.0000,0.0000,0.0000,-3.1301,-0.2136,-1.0637,0.0040,-0.0043,-0.0119
1774945725.1914,0.0000,0.0000,0.0000,0.0000,0.0000,-3.1297,-0.2135,2.1870,0.0040,-0.0043,-0.0087
1774945725.2114,0.0000,0.0000,0.0000,0.0000,0.0000,-3.1300,-0.2135,-0.7142,0.0029,-0.0033,-0.0109
1774945725.2315,0.0000,0.0000,0.0000,0.0000,0.0000,-3.1294,-0.2137,0.1175,0.0040,-0.0033,-0.0098
1774945725.2514,0.0000,0.0000,0.0000,0.0000,0.0000,-3.1296,-0.2134,-1.4584,0.0040,-0.0033,-0.0119
1774945725.2713,0.0000,0.0000,0.0000,0.0000,0.0000,-3.1301,-0.2134,-0.4018,0.0019,-0.0043,-0.0109
1774945725.2918,0.0000,0.0000,0.0000,0.0000,0.0000,-3.1292,-0.2133,0.2843,0.0061,-0.0043,-0.0109
1774945725.3114,0.0000,0.0000,0.0000,0.0000,0.0000,-3.1300,-0.2134,-2.1185,0.0029,-0.0033,-0.0098
1774945725.3314,0.0000,0.0000,0.0000,0.0000,0.0000,-3.1291,-0.2134,0.0578,0.0040,-0.0043,-0.0087
1774945725.3514,0.0000,0.0000,0.0000,0.0000,0.0000,-3.1296,-0.2134,-0.1174,0.0050,-0.0033,-0.0119
1774945725.3713,0.0000,0.0000,0.0000,0.0000,0.0000,-3.1299,-0.2135,0.1152,0.0029,-0.0022,-0.0109
1774945725.3914,0.0000,0.0000,0.0000,0.0000,0.0000,-3.1294,-0.2134,-1.1686,0.0050,-0.0033,-0.0109
1774945725.4115,0.0000,0.0000,0.0000,0.0000,0.0000,-3.1297,-0.2136,-2.0305,0.0019,-0.0033,-0.0119
1774945725.4314,0.0000,0.0000,0.0000,0.0000,0.0000,-3.1293,-0.2135,1.6833,0.0029,-0.0043,-0.0109
1774945725.4514,0.0000,0.0000,0.0000,0.0000,0.0000,-3.1298,-0.2135,0.3209,0.0029,-0.0033,-0.0109
1774945725.4713,0.0000,0.0000,0.0000,0.0000,0.0000,-3.1296,-0.2135,-0.3498,0.0029,-0.0033,-0.0109
1774945725.4914,0.0000,0.0000,0.0000,0.0000,0.0000,-3.1292,-0.2134,-0.5703,0.0050,-0.0033,-0.0109
1774945725.5114,0.0000,0.0000,0.0000,0.0000,0.0000,-3.1297,-0.2136,0.4504,-0.0003,-0.0033,-0.0098
1774945725.5314,0.0000,0.0000,0.0000,0.0000,0.0000,-3.1293,-0.2135,-0.1688,0.0050,-0.0033,-0.0119
1774945725.5562,0.0000,0.0000,0.0000,0.0000,0.0000,-3.1300,-0.2138,-1.1410,0.0008,-0.0022,-0.0109
1774945725.5714,0.0000,0.0000,0.0000,0.0000,0.0000,-3.1296,-0.2137,0.4610,0.0019,-0.0033,-0.0109
1774945725.5913,0.0000,0.0000,0.0000,0.0000,0.0000,-3.1299,-0.2137,-0.6529,0.0040,-0.0033,-0.0109
1774945725.6115,0.0000,0.0000,0.0000,0.0000,0.0000,-3.1299,-0.2137,0.7007,0.0008,-0.0043,-0.0109
1774945725.6314,0.0000,0.0000,0.0000,0.0000,0.0000,-3.1295,-0.2134,-0.2785,0.0050,-0.0033,-0.0119
1774945725.6514,0.0000,0.0000,0.0000,0.0000,0.0000,-3.1301,-0.2136,-1.2103,0.0029,-0.0043,-0.0098
1774945725.6722,0.0000,0.0000,0.0000,0.0000,0.0000,-3.1294,-0.2135,1.6886,0.0050,-0.0033,-0.0109
1774945725.6912,0.0000,0.0000,0.0000,0.0000,0.0000,-3.1299,-0.2135,0.0000,0.0040,-0.0033,-0.0109
1774945725.7114,0.0000,0.0000,0.0000,0.0000,0.0000,-3.1295,-0.2134,0.4752,0.0029,-0.0033,-0.0098
1774945725.7313,0.0000,0.0000,0.0000,0.0000,0.0000,-3.1296,-0.2132,-1.3662,0.0061,-0.0033,-0.0130
1774945725.7514,0.0000,0.0000,0.0000,0.0000,0.0000,-3.1299,-0.2137,-0.9963,0.0008,-0.0022,-0.0098
1774945725.7714,0.0000,0.0000,0.0000,0.0000,0.0000,-3.1292,-0.2136,0.2252,0.0050,-0.0033,-0.0109
1774945725.7914,0.0000,0.0000,0.0000,0.0000,0.0000,-3.1301,-0.2135,-2.1236,0.0019,-0.0033,-0.0109
1774945725.8114,0.0000,0.0000,0.0000,0.0000,0.0000,-3.1296,-0.2133,0.6632,0.0029,-0.0054,-0.0077
1774945725.8314,0.0000,0.0000,0.0000,0.0000,0.0000,-3.1297,-0.2126,-1.1252,-0.0024,-0.0075,-0.0119
1774945725.8513,0.0000,0.0000,0.0000,0.0000,0.0000,-3.1283,-0.2133,0.6096,0.0019,-0.0065,-0.0130
1774945725.8716,0.0000,0.0000,0.0000,0.0000,0.0000,-3.1269,-0.2142,-0.2274,0.0050,-0.0012,-0.0119
1774945725.8914,0.0000,0.0000,0.0000,0.0000,0.0000,-3.1293,-0.2133,-1.7596,-0.0003,-0.0033,-0.0109
1774945725.9114,0.0000,0.0000,0.0000,0.0000,0.0000,-3.1301,-0.2136,2.8390,0.0050,-0.0054,-0.0098
1774945725.9314,0.0000,0.0000,0.0000,0.0000,0.0000,-3.1311,-0.2144,0.5798,0.0050,-0.0001,-0.0109
1774945725.9514,0.0000,0.0000,0.0000,0.0000,0.0000,-3.1314,-0.2133,-0.4761,0.0019,-0.0054,-0.0109
1774945725.9714,0.0000,0.0000,0.0000,0.0000,0.0000,-3.1311,-0.2137,-2.6026,0.0061,-0.0033,-0.0130
1774945725.9913,0.0000,0.0000,0.0000,0.0000,0.0000,-3.1306,-0.2143,0.9813,0.0029,-0.0012,-0.0109
1774945726.0113,0.0000,0.0000,0.0000,0.0000,0.0000,-3.1306,-0.2138,3.5409,0.0082,-0.0043,-0.0098
1774945726.0313,0.0000,0.0000,0.0000,0.0000,0.0000,-3.1311,-0.2141,1.3386,0.0040,-0.0022,-0.0087
1774945726.0513,0.0000,0.0000,0.0000,0.0000,0.0000,-3.1299,-0.2134,4.7701,0.0050,-0.0022,-0.0109
1774945726.0714,0.0000,0.0000,0.0000,0.0000,0.0000,-3.1294,-0.2129,0.1150,0.0040,-0.0054,-0.0098
1774945726.0914,0.0000,0.0000,0.0000,0.0000,0.0000,-3.1294,-0.2132,-3.1596,0.0040,-0.0033,-0.0098
1774945726.1114,0.0000,0.0000,0.0000,0.0000,0.0000,-3.1288,-0.2132,-2.0654,0.0061,-0.0012,-0.0119
1774945726.1313,0.0000,0.0000,0.0000,0.0000,0.0000,-3.1300,-0.2133,-4.4007,0.0019,-0.0043,-0.0119
1774945726.1514,0.0000,0.0000,0.0000,0.0000,0.0000,-3.1303,-0.2137,-2.3834,0.0040,-0.0033,-0.0098
1774945726.1713,0.0000,0.0000,0.0000,0.0000,0.0000,-3.1304,-0.2136,1.2601,0.0029,-0.0022,-0.0119
1774945726.1913,0.0000,0.0000,0.0000,0.0000,0.0000,-3.1302,-0.2133,0.4588,0.0040,-0.0054,-0.0109
1774945726.2115,0.0000,0.0000,0.0000,0.0000,0.0000,-3.1297,-0.2132,-1.2847,0.0040,-0.0043,-0.0098
1774945726.2314,0.0000,0.0000,0.0000,0.0000,0.0000,-3.1293,-0.2133,4.1470,-0.0003,-0.0033,-0.0109
1774945726.2514,0.0000,0.0000,0.0000,0.0000,0.0000,-3.1287,-0.2131,1.1299,0.0040,-0.0054,-0.0098
1774945726.2714,0.0000,0.0000,0.0000,0.0000,0.0000,-3.1293,-0.2135,-3.2537,0.0029,-0.0022,-0.0119
1774945726.2913,0.0000,0.0000,0.0000,0.0000,0.0000,-3.1293,-0.2132,2.6762,0.0040,-0.0022,-0.0130
1774945726.3115,0.0000,0.0000,0.0000,0.0000,0.0000,-3.1299,-0.2132,0.0000,0.0050,-0.0043,-0.0109
1774945726.3313,0.0000,0.0000,0.0000,0.0000,0.0000,-3.1308,-0.2138,0.0000,0.0040,-0.0033,-0.0109
1774945726.3513,0.0000,0.0000,0.0000,0.0000,0.0000,-3.1304,-0.2133,0.0000,0.0050,-0.0033,-0.0098
1774945726.3714,0.0000,0.0000,0.0000,0.0000,0.0000,-3.1310,-0.2138,0.0000,0.0019,-0.0043,-0.0098
1774945726.3913,0.0000,0.0000,0.0000,0.0000,0.0000,-3.1296,-0.2138,0.0000,0.0040,-0.0043,-0.0119
1774945726.4114,0.0000,0.0000,0.0000,0.0000,0.0000,-3.1294,-0.2134,0.0000,0.0050,-0.0043,-0.0119
1774945726.4313,0.0000,0.0000,0.0000,0.0000,0.0000,-3.1289,-0.2137,0.0000,0.0050,-0.0054,-0.0098
1774945726.4514,0.0000,0.0000,0.0000,0.0000,0.0000,-3.1283,-0.2136,0.0000,0.0040,-0.0022,-0.0109
1774945726.4713,0.0000,0.0000,0.0000,0.0000,0.0000,-3.1293,-0.2136,0.0000,0.0019,-0.0033,-0.0109
1774945726.4914,0.0000,0.0000,0.0000,0.0000,0.0000,-3.1291,-0.2137,0.0000,0.0050,-0.0043,-0.0109
1774945726.5113,0.0000,0.0000,0.0000,0.0000,0.0000,-3.1301,-0.2137,0.0000,0.0008,-0.0022,-0.0109
1774945726.5315,0.0000,0.0000,0.0000,0.0000,0.0000,-3.1303,-0.2132,0.0000,0.0040,-0.0022,-0.0098
1774945726.5514,0.0000,0.0000,0.0000,0.0000,0.0000,-3.1303,-0.2133,0.0000,0.0050,-0.0043,-0.0109
1774945726.5714,0.0000,0.0000,0.0000,0.0000,0.0000,-3.1305,-0.2135,0.0000,0.0029,-0.0033,-0.0098
1774945726.5914,0.0000,0.0000,0.0000,0.0000,0.0000,-3.1294,-0.2131,0.0000,0.0050,-0.0022,-0.0119
1774945726.6117,0.0000,0.0000,0.0000,0.0000,0.0000,-3.1296,-0.2134,0.0000,0.0050,-0.0033,-0.0098
1774945726.6329,0.0000,0.0000,0.0000,0.0000,0.0000,-3.1295,-0.2132,1.3153,0.0029,-0.0012,-0.0109
1774945726.6514,0.0000,0.0000,0.0000,0.0000,0.0000,-3.1294,-0.2133,0.0000,0.0050,-0.0043,-0.0109
1774945726.6717,0.0000,0.0000,0.0000,0.0000,0.0000,-3.1295,-0.2137,1.2895,0.0040,-0.0043,-0.0119
1774945726.6914,0.0000,0.0000,0.0000,0.0000,0.0000,-3.1296,-0.2133,0.6710,0.0050,-0.0022,-0.0119
1774945726.7116,0.0000,0.0000,0.0000,0.0000,0.0000,-3.1299,-0.2135,-3.1101,0.0019,-0.0033,-0.0109
1774945726.7314,0.0000,0.0000,0.0000,0.0000,0.0000,-3.1289,-0.2136,-0.5190,0.0040,-0.0043,-0.0119
1774945726.7515,0.0000,0.0000,0.0000,0.0000,0.0000,-3.1296,-0.2135,-1.2638,0.0040,-0.0043,-0.0119
1774945726.7715,0.0000,0.0000,0.0000,0.0000,0.0000,-3.1299,-0.2128,-0.3239,0.0029,-0.0065,-0.0098
1774945726.7913,0.0000,0.0000,0.0000,0.0000,0.0000,-3.1287,-0.2128,0.5684,0.0040,-0.0043,-0.0119
1774945726.8113,0.0000,0.0000,0.0000,0.0000,0.0000,-3.1278,-0.2133,2.0839,0.0029,-0.0043,-0.0109
1774945726.8314,0.0000,0.0000,0.0000,0.0000,0.0000,-3.1271,-0.2133,1.5014,0.0061,-0.0033,-0.0119
1774945726.8514,0.0000,0.0000,0.0000,0.0000,0.0000,-3.1292,-0.2135,-0.7309,0.0029,-0.0043,-0.0119
1774945726.8715,0.0000,0.0000,0.0000,0.0000,0.0000,-3.1299,-0.2135,1.5428,0.0019,-0.0022,-0.0098
1774945726.8914,0.0000,0.0000,0.0000,0.0000,0.0000,-3.1314,-0.2135,0.5889,0.0050,-0.0022,-0.0109
1774945726.9113,0.0000,0.0000,0.0000,0.0000,0.0000,-3.1326,-0.2136,0.7166,-0.0003,-0.0033,-0.0098
1774945726.9313,0.0000,0.0000,0.0000,0.0000,0.0000,-3.1315,-0.2135,-0.1739,0.0061,-0.0033,-0.0119
1774945726.9515,0.0000,0.0000,0.0000,0.0000,0.0000,-3.1308,-0.2134,-2.6231,0.0029,-0.0033,-0.0098
1774945726.9715,0.0000,0.0000,0.0000,0.0000,0.0000,-3.1291,-0.2132,1.2990,0.0061,-0.0043,-0.0119
1774945726.9913,0.0000,0.0000,0.0000,0.0000,0.0000,-3.1284,-0.2132,-0.0577,0.0040,-0.0043,-0.0098
1774945727.0114,0.0000,0.0000,0.0000,0.0000,0.0000,-3.1285,-0.2134,0.4733,0.0040,-0.0033,-0.0098
1774945727.0313,0.0000,0.0000,0.0000,0.0000,0.0000,-3.1285,-0.2131,-0.9137,0.0050,-0.0033,-0.0119
1774945727.0513,0.0000,0.0000,0.0000,0.0000,0.0000,-3.1296,-0.2133,-0.8121,0.0019,-0.0043,-0.0098
1774945727.0714,0.0000,0.0000,0.0000,0.0000,0.0000,-3.1299,-0.2134,0.9583,0.0040,-0.0043,-0.0109
1774945727.0913,0.0000,0.0000,0.0000,0.0000,0.0000,-3.1312,-0.2136,-1.3712,0.0029,-0.0043,-0.0098
1774945727.1125,0.0000,0.0000,0.0000,0.0000,0.0000,-3.1310,-0.2133,0.9969,0.0019,-0.0033,-0.0098
1774945727.1314,0.0000,0.0000,0.0000,0.0000,0.0000,-3.1310,-0.2137,-0.5842,0.0061,-0.0033,-0.0119
1774945727.1514,0.0000,0.0000,0.0000,0.0000,0.0000,-3.1304,-0.2136,0.2358,0.0040,-0.0033,-0.0109
1774945727.1715,0.0000,0.0000,0.0000,0.0000,0.0000,-3.1290,-0.2134,-0.5579,0.0072,-0.0033,-0.0130
1774945727.1913,0.0000,0.0000,0.0000,0.0000,0.0000,-3.1289,-0.2136,-1.9082,0.0019,-0.0033,-0.0109
1774945727.2114,0.0000,0.0000,0.0000,0.0000,0.0000,-3.1284,-0.2133,1.8962,0.0040,-0.0043,-0.0109
1774945727.2316,0.0000,0.0000,0.0000,0.0000,0.0000,-3.1292,-0.2133,0.3300,0.0040,-0.0033,-0.0109
1774945727.2575,0.0000,0.0000,0.0000,0.0000,0.0000,-3.1296,-0.2135,0.7881,0.0040,-0.0033,-0.0098
1774945727.2714,0.0000,0.0000,0.0000,0.0000,0.0000,-3.1300,-0.2135,-1.1249,0.0061,-0.0043,-0.0098
1774945727.2914,0.0000,0.0000,0.0000,0.0000,0.0000,-3.1310,-0.2135,-1.0601,0.0008,-0.0022,-0.0109
1774945727.3150,0.0000,0.0000,0.0000,0.0000,0.0000,-3.1302,-0.2136,2.0742,0.0072,-0.0033,-0.0098
1774945727.3314,0.0000,0.0000,0.0000,0.0000,0.0000,-3.1310,-0.2136,-1.9566,0.0029,-0.0033,-0.0098
1774945727.3530,0.0000,0.0000,0.0000,0.0000,0.0000,-3.1299,-0.2134,0.1702,0.0029,-0.0043,-0.0098
1774945727.3716,0.0000,0.0000,0.0000,0.0000,0.0000,-3.1292,-0.2134,0.3558,0.0040,-0.0033,-0.0109
1774945727.3912,0.0000,0.0000,0.0000,0.0000,0.0000,-3.1294,-0.2135,0.6904,0.0008,-0.0043,-0.0098
1774945727.4122,0.0000,0.0000,0.0000,0.0000,0.0000,-3.1289,-0.2133,-0.1747,0.0061,-0.0022,-0.0098
1774945727.4315,0.0000,0.0000,0.0000,0.0000,0.0000,-3.1299,-0.2136,-1.7343,0.0008,-0.0043,-0.0109
1774945727.4516,0.0000,0.0000,0.0000,0.0000,0.0000,-3.1297,-0.2135,1.5068,0.0050,-0.0043,-0.0119
1774945727.4715,0.0000,0.0000,0.0000,0.0000,0.0000,-3.1306,-0.2133,0.1147,0.0040,-0.0022,-0.0119
1774945727.4913,0.0000,0.0000,0.0000,0.0000,0.0000,-3.1308,-0.2132,0.8052,0.0029,-0.0043,-0.0098
1774945727.5113,0.0000,0.0000,0.0000,0.0000,0.0000,-3.1302,-0.2132,-0.8634,0.0029,-0.0043,-0.0087
1774945727.5313,0.0000,0.0000,0.0000,0.0000,0.0000,-3.1304,-0.2133,-0.3358,0.0019,-0.0043,-0.0109
1774945727.5514,0.0000,0.0000,0.0000,0.0000,0.0000,-3.1296,-0.2133,1.2924,0.0072,-0.0033,-0.0109
1774945727.5714,0.0000,0.0000,0.0000,0.0000,0.0000,-3.1298,-0.2135,-0.1153,0.0029,-0.0043,-0.0098
1774945727.5914,0.0000,0.0000,0.0000,0.0000,0.0000,-3.1292,-0.2132,0.5724,0.0040,-0.0043,-0.0119
1774945727.6115,0.0000,0.0000,0.0000,0.0000,0.0000,-3.1292,-0.2133,0.5009,0.0040,-0.0022,-0.0119
1774945727.6314,0.0000,0.0000,0.0000,0.0000,0.0000,-3.1300,-0.2132,0.9799,0.0040,-0.0043,-0.0109
1774945727.6514,0.0000,0.0000,0.0000,0.0000,0.0000,-3.1298,-0.2132,0.0000,0.0050,-0.0043,-0.0109
1774945727.6714,0.0000,0.0000,0.0000,0.0000,0.0000,-3.1309,-0.2134,-1.3120,0.0050,-0.0043,-0.0098
1774945727.6914,0.0000,0.0000,0.0000,0.0000,0.0000,-3.1304,-0.2132,1.6017,0.0040,-0.0043,-0.0109
1774945727.7114,0.0000,0.0000,0.0000,0.0000,0.0000,-3.1307,-0.2136,1.5430,0.0040,-0.0033,-0.0119
1774945727.7314,0.0000,0.0000,0.0000,0.0000,0.0000,-3.1306,-0.2133,0.3824,0.0050,-0.0054,-0.0109
1774945727.7514,0.0000,0.0000,0.0000,0.0000,0.0000,-3.1299,-0.2131,-2.2113,0.0040,-0.0043,-0.0130
1774945727.7714,0.0000,0.0000,0.0000,0.0000,0.0000,-3.1296,-0.2134,-0.8637,0.0019,-0.0043,-0.0087
1774945727.7914,0.0000,0.0000,0.0000,0.0000,0.0000,-3.1295,-0.2131,1.0698,0.0050,-0.0033,-0.0109
1774945727.8114,0.0000,0.0000,0.0000,0.0000,0.0000,-3.1303,-0.2133,-2.2223,0.0019,-0.0043,-0.0109
1774945727.8314,0.0000,0.0000,0.0000,0.0000,0.0000,-3.1296,-0.2131,0.7086,0.0008,-0.0033,-0.0098
1774945727.8515,0.0000,0.0000,0.0000,0.0000,0.0000,-3.1303,-0.2132,0.4493,0.0019,-0.0033,-0.0098
1774945727.8747,0.0000,0.0000,0.0000,0.0000,0.0000,-3.1305,-0.2134,0.9856,0.0029,-0.0033,-0.0109
1774945727.8914,0.0000,0.0000,0.0000,0.0000,0.0000,-3.1300,-0.2135,0.1116,0.0040,-0.0043,-0.0119
1774945727.9114,0.0000,0.0000,0.0000,0.0000,0.0000,-3.1306,-0.2134,-1.8915,0.0040,-0.0043,-0.0119
1774945727.9315,0.0000,0.0000,0.0000,0.0000,0.0000,-3.1295,-0.2134,0.5312,0.0050,-0.0043,-0.0109
1774945727.9512,0.0000,0.0000,0.0000,0.0000,0.0000,-3.1301,-0.2135,-1.0499,0.0040,-0.0033,-0.0087
1774945727.9714,0.0000,0.0000,0.0000,0.0000,0.0000,-3.1296,-0.2134,-0.3593,0.0008,-0.0033,-0.0109
1774945727.9914,0.0000,0.0000,0.0000,0.0000,0.0000,-3.1290,-0.2133,-3.2519,0.0040,-0.0043,-0.0109
1774945728.0117,0.0000,0.0000,0.0000,0.0000,0.0000,-3.1296,-0.2137,-3.0068,0.0019,-0.0033,-0.0109
1774945728.0314,0.0000,0.0000,0.0000,0.0000,0.0000,-3.1289,-0.2135,2.0724,0.0050,-0.0033,-0.0119
1774945728.0513,0.0000,0.0000,0.0000,0.0000,0.0000,-3.1300,-0.2133,0.3437,0.0040,-0.0033,-0.0119
1774945728.0713,0.0000,0.0000,0.0000,0.0000,0.0000,-3.1298,-0.2132,1.6514,0.0040,-0.0043,-0.0098
1774945728.0914,0.0000,0.0000,0.0000,0.0000,0.0000,-3.1298,-0.2130,2.7193,0.0040,-0.0033,-0.0109
1774945728.1114,0.0000,0.0000,0.0000,0.0000,0.0000,-3.1302,-0.2126,0.8752,0.0019,-0.0065,-0.0087
1774945728.1313,0.0000,0.0000,0.0000,0.0000,0.0000,-3.1295,-0.2122,-1.6598,0.0040,-0.0075,-0.0109
1774945728.1513,0.0000,0.0000,0.0000,0.0000,0.0000,-3.1287,-0.2131,-0.0589,0.0008,-0.0065,-0.0119
1774945728.1714,0.0000,0.0000,0.0000,0.0000,0.0000,-3.1269,-0.2134,1.1324,0.0050,-0.0054,-0.0109
1774945728.1913,0.0000,0.0000,0.0000,0.0000,0.0000,-3.1284,-0.2131,-2.1175,0.0019,-0.0043,-0.0119
1774945728.2113,0.0000,0.0000,0.0000,0.0000,0.0000,-3.1301,-0.2128,-0.8647,-0.0003,-0.0065,-0.0109
1774945728.2315,0.0000,0.0000,0.0000,0.0000,0.0000,-3.1307,-0.2131,-0.7649,0.0050,-0.0033,-0.0109
1774945728.2515,0.0000,0.0000,0.0000,0.0000,0.0000,-3.1318,-0.2132,-1.3116,0.0008,-0.0043,-0.0109
1774945728.2715,0.0000,0.0000,0.0000,0.0000,0.0000,-3.1319,-0.2134,0.6568,0.0029,-0.0043,-0.0109
1774945728.2915,0.0000,0.0000,0.0000,0.0000,0.0000,-3.1318,-0.2139,-0.7475,0.0008,-0.0043,-0.0109
1774945728.3114,0.0000,0.0000,0.0000,0.0000,0.0000,-3.1303,-0.2138,0.1720,0.0050,-0.0033,-0.0119
1774945728.3314,0.0000,0.0000,0.0000,0.0000,0.0000,-3.1296,-0.2137,0.6177,0.0029,-0.0033,-0.0109
1774945728.3514,0.0000,0.0000,0.0000,0.0000,0.0000,-3.1289,-0.2137,3.2020,0.0040,-0.0033,-0.0098
1774945728.3715,0.0000,0.0000,0.0000,0.0000,0.0000,-3.1287,-0.2134,-0.8757,0.0040,-0.0043,-0.0098
1774945728.3913,0.0000,0.0000,0.0000,0.0000,0.0000,-3.1298,-0.2132,-1.8565,0.0019,-0.0033,-0.0098
1774945728.4113,0.0000,0.0000,0.0000,0.0000,0.0000,-3.1297,-0.2129,1.5169,0.0019,-0.0033,-0.0098
1774945728.4314,0.0000,0.0000,0.0000,0.0000,0.0000,-3.1302,-0.2131,-4.2899,0.0019,-0.0043,-0.0109
1774945728.4513,0.0000,0.0000,0.0000,0.0000,0.0000,-3.1302,-0.2136,0.2274,0.0040,-0.0012,-0.0119
1774945728.4713,0.0000,0.0000,0.0000,0.0000,0.0000,-3.1304,-0.2134,1.1837,0.0061,-0.0043,-0.0119
1774945728.4914,0.0000,0.0000,0.0000,0.0000,0.0000,-3.1306,-0.2136,-2.0746,0.0029,-0.0033,-0.0109
1774945728.5114,0.0000,0.0000,0.0000,0.0000,0.0000,-3.1294,-0.2133,2.0781,0.0040,-0.0033,-0.0119
1774945728.5312,0.0000,0.0000,0.0000,0.0000,0.0000,-3.1295,-0.2130,-1.4745,0.0029,-0.0065,-0.0119
1774945728.5514,0.0000,0.0000,0.0000,0.0000,0.0000,-3.1284,-0.2129,-1.5700,0.0008,-0.0033,-0.0109
1774945728.5714,0.0000,0.0000,0.0000,0.0000,0.0000,-3.1281,-0.2112,1.5542,0.0029,-0.0107,-0.0109
1774945728.5914,0.0000,0.0000,0.0000,0.0000,0.0000,-3.1295,-0.2125,-4.6174,0.0114,-0.0097,-0.0055
1774945728.6114,0.0000,0.0000,0.0000,0.0000,0.0000,-3.1315,-0.2134,-1.0053,0.0008,-0.0075,-0.0119
1774945728.6314,0.0000,0.0000,0.0000,0.0000,0.0000,-3.1310,-0.2135,3.9030,-0.0003,-0.0001,-0.0087
1774945728.6513,0.0000,0.0000,0.0000,0.0000,0.0000,-3.1288,-0.2133,-0.1213,0.0072,-0.0075,-0.0098
1774945728.6714,0.0000,0.0000,0.0000,0.0000,0.0000,-3.1296,-0.2137,1.8421,0.0019,-0.0022,-0.0119
1774945728.6913,0.0000,0.0000,0.0000,0.0000,0.0000,-3.1292,-0.2130,1.3262,0.0061,-0.0033,-0.0077
1774945728.7113,0.0000,0.0000,0.0000,0.0000,0.0000,-3.1281,-0.2124,-5.6983,0.0093,-0.0054,-0.0098
1774945728.7313,0.0000,0.0000,0.0000,0.0000,0.0000,-3.1292,-0.2135,-2.6002,-0.0045,-0.0022,-0.0119
1774945728.7522,0.0000,0.0000,0.0000,0.0000,0.0000,-3.1285,-0.2130,0.6827,0.0019,-0.0033,-0.0130
1774945728.7715,0.0000,0.0000,0.0000,0.0000,0.0000,-3.1293,-0.2125,-2.6043,0.0029,-0.0075,-0.0141
1774945728.7914,0.0000,0.0000,0.0000,0.0000,0.0000,-3.1309,-0.2129,3.2672,-0.0003,-0.0022,-0.0130
1774945728.8113,0.0000,0.0000,0.0000,0.0000,0.0000,-3.1323,-0.2133,3.9813,0.0061,-0.0033,-0.0109
1774945728.8315,0.0000,0.0000,0.0000,0.0000,0.0000,-3.1322,-0.2132,2.5337,0.0082,-0.0065,-0.0098
1774945728.8514,0.0000,0.0000,0.0000,0.0000,0.0000,-3.1321,-0.2133,0.1090,0.0050,-0.0043,-0.0119
1774945728.8714,0.0000,0.0000,0.0000,0.0000,0.0000,-3.1298,-0.2131,0.0000,0.0019,-0.0043,-0.0098
1774945728.8914,0.0000,0.0000,0.0000,0.0000,0.0000,-3.1265,-0.2121,0.0000,0.0061,-0.0054,-0.0109
1774945728.9113,0.0000,0.0000,0.0000,0.0000,0.0000,-3.1238,-0.2116,0.0000,-0.0003,-0.0043,-0.0119
1774945728.9315,0.0000,0.0000,0.0000,0.0000,0.0000,-3.1230,-0.2117,0.0000,0.0008,-0.0022,-0.0087
1774945728.9514,0.0000,0.0000,0.0000,0.0000,0.0000,-3.1234,-0.2115,0.0000,0.0050,-0.0043,-0.0098
1774945728.9713,0.0000,0.0000,0.0000,0.0000,0.0000,-3.1263,-0.2124,0.0000,0.0019,-0.0033,-0.0098
1774945728.9912,0.0000,0.0000,0.0000,0.0000,0.0000,-3.1280,-0.2124,0.0000,0.0061,-0.0033,-0.0109
1774945729.0115,0.0000,0.0000,0.0000,0.0000,0.0000,-3.1299,-0.2124,0.0000,0.0040,-0.0054,-0.0109
1774945729.0315,0.0000,0.0000,0.0000,0.0000,0.0000,-3.1298,-0.2122,0.0000,0.0029,-0.0043,-0.0119
1774945729.0589,0.0000,0.0000,0.0000,0.0000,0.0000,-3.1274,-0.2121,0.0000,0.0050,-0.0033,-0.0130
1774945729.0716,0.0000,0.0000,0.0000,0.0000,0.0000,-3.1276,-0.2128,0.0000,0.0019,-0.0033,-0.0109
1774945729.0914,0.0000,0.0000,0.0000,0.0000,0.0000,-3.1276,-0.2128,0.0000,0.0050,-0.0022,-0.0119
1774945729.1115,0.0000,0.0000,0.0000,0.0000,0.0000,-3.1282,-0.2131,0.0000,0.0008,-0.0033,-0.0098
1774945729.1314,0.0000,0.0000,0.0000,0.0000,0.0000,-3.1291,-0.2128,0.0000,0.0040,-0.0043,-0.0109
1774945729.1514,0.0000,0.0000,0.0000,0.0000,0.0000,-3.1307,-0.2126,0.0000,0.0040,-0.0054,-0.0109
1774945729.1713,0.0000,0.0000,0.0000,0.0000,0.0000,-3.1307,-0.2127,0.0000,0.0040,-0.0033,-0.0109
1774945729.1913,0.0000,0.0000,0.0000,0.0000,0.0000,-3.1306,-0.2127,0.0000,0.0040,-0.0033,-0.0098
1774945729.2114,0.0000,0.0000,0.0000,0.0000,0.0000,-3.1311,-0.2128,0.0000,0.0019,-0.0033,-0.0109
1774945729.2313,0.0000,0.0000,0.0000,0.0000,0.0000,-3.1298,-0.2128,0.6204,0.0040,-0.0054,-0.0109
1774945729.2513,0.0000,0.0000,0.0000,0.0000,0.0000,-3.1291,-0.2129,-0.2168,0.0040,-0.0043,-0.0109
1774945729.2716,0.0000,0.0000,0.0000,0.0000,0.0000,-3.1287,-0.2127,1.1545,0.0008,-0.0033,-0.0087
1774945729.2913,0.0000,0.0000,0.0000,0.0000,0.0000,-3.1282,-0.2127,-0.1120,0.0040,-0.0033,-0.0098
1774945729.3145,0.0000,0.0000,0.0000,0.0000,0.0000,-3.1289,-0.2128,-0.6177,0.0029,-0.0033,-0.0098
1774945729.3317,0.0000,0.0000,0.0000,0.0000,0.0000,-3.1288,-0.2127,1.9099,0.0061,-0.0043,-0.0098
1774945729.3514,0.0000,0.0000,0.0000,0.0000,0.0000,-3.1304,-0.2129,0.2671,0.0040,-0.0043,-0.0109
1774945729.3716,0.0000,0.0000,0.0000,0.0000,0.0000,-3.1305,-0.2130,0.5936,0.0040,-0.0033,-0.0109
1774945729.3914,0.0000,0.0000,0.0000,0.0000,0.0000,-3.1306,-0.2129,-0.7131,0.0061,-0.0022,-0.0109
1774945729.4115,0.0000,0.0000,0.0000,0.0000,0.0000,-3.1309,-0.2131,-0.2330,0.0008,-0.0022,-0.0098
1774945729.4314,0.0000,0.0000,0.0000,0.0000,0.0000,-3.1297,-0.2130,0.1750,0.0061,-0.0033,-0.0098
1774945729.4514,0.0000,0.0000,0.0000,0.0000,0.0000,-3.1301,-0.2128,-1.7079,0.0040,-0.0043,-0.0098
1774945729.4713,0.0000,0.0000,0.0000,0.0000,0.0000,-3.1290,-0.2127,0.8965,0.0040,-0.0033,-0.0098
1774945729.4912,0.0000,0.0000,0.0000,0.0000,0.0000,-3.1289,-0.2130,0.5306,0.0029,-0.0043,-0.0098
1774945729.5114,0.0000,0.0000,0.0000,0.0000,0.0000,-3.1295,-0.2130,0.6381,0.0019,-0.0043,-0.0098
1774945729.5314,0.0000,0.0000,0.0000,0.0000,0.0000,-3.1297,-0.2130,0.0586,0.0040,-0.0022,-0.0098
1774945729.5515,0.0000,0.0000,0.0000,0.0000,0.0000,-3.1307,-0.2132,-1.6873,0.0040,-0.0043,-0.0119
1774945729.5714,0.0000,0.0000,0.0000,0.0000,0.0000,-3.1306,-0.2134,1.7359,0.0061,-0.0022,-0.0098
1774945729.5912,0.0000,0.0000,0.0000,0.0000,0.0000,-3.1313,-0.2132,0.7378,0.0040,-0.0033,-0.0087
1774945729.6114,0.0000,0.0000,0.0000,0.0000,0.0000,-3.1310,-0.2132,0.4611,0.0040,-0.0033,-0.0087
1774945729.6315,0.0000,0.0000,0.0000,0.0000,0.0000,-3.1302,-0.2129,0.6337,0.0061,-0.0022,-0.0109
1774945729.6517,0.0000,0.0000,0.0000,0.0000,0.0000,-3.1301,-0.2128,-0.7491,0.0019,-0.0043,-0.0087
1774945729.6713,0.0000,0.0000,0.0000,0.0000,0.0000,-3.1289,-0.2130,-1.4856,0.0050,-0.0022,-0.0098
1774945729.6913,0.0000,0.0000,0.0000,0.0000,0.0000,-3.1293,-0.2132,-2.3230,0.0008,-0.0033,-0.0109
1774945729.7113,0.0000,0.0000,0.0000,0.0000,0.0000,-3.1293,-0.2131,0.1721,0.0029,-0.0043,-0.0098
1774945729.7313,0.0000,0.0000,0.0000,0.0000,0.0000,-3.1300,-0.2130,-0.2840,0.0040,-0.0033,-0.0109
1774945729.7512,0.0000,0.0000,0.0000,0.0000,0.0000,-3.1303,-0.2130,1.3672,0.0040,-0.0043,-0.0130
1774945729.7713,0.0000,0.0000,0.0000,0.0000,0.0000,-3.1303,-0.2130,-0.9136,0.0061,-0.0033,-0.0109
1774945729.7913,0.0000,0.0000,0.0000,0.0000,0.0000,-3.1307,-0.2131,-1.9315,0.0040,-0.0033,-0.0109
1774945729.8113,0.0000,0.0000,0.0000,0.0000,0.0000,-3.1296,-0.2130,1.2527,0.0040,-0.0054,-0.0109
1774945729.8314,0.0000,0.0000,0.0000,0.0000,0.0000,-3.1299,-0.2130,-1.0204,0.0029,-0.0043,-0.0130
1774945729.8514,0.0000,0.0000,0.0000,0.0000,0.0000,-3.1290,-0.2128,0.7808,0.0019,-0.0033,-0.0098
1774945729.8714,0.0000,0.0000,0.0000,0.0000,0.0000,-3.1292,-0.2127,-0.2890,0.0040,-0.0022,-0.0119
1774945729.8916,0.0000,0.0000,0.0000,0.0000,0.0000,-3.1296,-0.2130,0.1096,0.0019,-0.0033,-0.0098
1774945729.9114,0.0000,0.0000,0.0000,0.0000,0.0000,-3.1292,-0.2129,-0.2256,0.0050,-0.0043,-0.0109
1774945729.9314,0.0000,0.0000,0.0000,0.0000,0.0000,-3.1304,-0.2130,-1.5217,0.0019,-0.0043,-0.0119
1774945729.9516,0.0000,0.0000,0.0000,0.0000,0.0000,-3.1302,-0.2128,1.0453,0.0040,-0.0033,-0.0098
1774945729.9713,0.0000,0.0000,0.0000,0.0000,0.0000,-3.1307,-0.2129,0.0000,0.0029,-0.0033,-0.0109
1774945729.9913,0.0000,0.0000,0.0000,0.0000,0.0000,-3.1305,-0.2129,0.9110,0.0029,-0.0033,-0.0098
1774945730.0114,0.0000,0.0000,0.0000,0.0000,0.0000,-3.1298,-0.2129,-0.4736,0.0072,-0.0033,-0.0119
1774945730.0314,0.0000,0.0000,0.0000,0.0000,0.0000,-3.1301,-0.2130,-0.8088,0.0029,-0.0022,-0.0098
1774945730.0518,0.0000,0.0000,0.0000,0.0000,0.0000,-3.1287,-0.2128,0.6730,0.0050,-0.0043,-0.0119
1774945730.0713,0.0000,0.0000,0.0000,0.0000,0.0000,-3.1295,-0.2129,-1.4502,0.0029,-0.0043,-0.0098
1774945730.0913,0.0000,0.0000,0.0000,0.0000,0.0000,-3.1294,-0.2128,0.7320,0.0029,-0.0054,-0.0098
1774945730.1117,0.0000,0.0000,0.0000,0.0000,0.0000,-3.1301,-0.2128,-0.8971,0.0029,-0.0043,-0.0109
1774945730.1314,0.0000,0.0000,0.0000,0.0000,0.0000,-3.1306,-0.2127,0.6337,0.0019,-0.0033,-0.0098
1774945730.1513,0.0000,0.0000,0.0000,0.0000,0.0000,-3.1300,-0.2128,-0.3621,0.0040,-0.0033,-0.0087
1774945730.1716,0.0000,0.0000,0.0000,0.0000,0.0000,-3.1308,-0.2129,-1.1186,0.0040,-0.0033,-0.0119
1774945730.1915,0.0000,0.0000,0.0000,0.0000,0.0000,-3.1299,-0.2131,0.8823,0.0040,-0.0043,-0.0098
1774945730.2114,0.0000,0.0000,0.0000,0.0000,0.0000,-3.1300,-0.2129,0.3374,0.0050,-0.0043,-0.0109
1774945730.2314,0.0000,0.0000,0.0000,0.0000,0.0000,-3.1299,-0.2128,0.6725,0.0008,-0.0033,-0.0098
1774945730.2515,0.0000,0.0000,0.0000,0.0000,0.0000,-3.1293,-0.2128,-1.2070,0.0040,-0.0033,-0.0130
1774945730.2714,0.0000,0.0000,0.0000,0.0000,0.0000,-3.1300,-0.2131,-2.1579,0.0029,-0.0043,-0.0109
1774945730.2914,0.0000,0.0000,0.0000,0.0000,0.0000,-3.1296,-0.2131,1.0756,0.0050,-0.0043,-0.0109
1774945730.3120,0.0000,0.0000,0.0000,0.0000,0.0000,-3.1302,-0.2131,-0.1705,0.0029,-0.0054,-0.0109
1774945730.3313,0.0000,0.0000,0.0000,0.0000,0.0000,-3.1303,-0.2132,0.1717,0.0029,-0.0033,-0.0109
1774945730.3514,0.0000,0.0000,0.0000,0.0000,0.0000,-3.1306,-0.2131,0.4898,0.0050,-0.0033,-0.0109
1774945730.3713,0.0000,0.0000,0.0000,0.0000,0.0000,-3.1309,-0.2131,2.6772,0.0019,-0.0043,-0.0109
1774945730.3912,0.0000,0.0000,0.0000,0.0000,0.0000,-3.1309,-0.2132,1.1137,0.0050,-0.0043,-0.0098
1774945730.4112,0.0000,0.0000,0.0000,0.0000,0.0000,-3.1313,-0.2132,0.0000,0.0019,-0.0054,-0.0109
1774945730.4312,0.0000,0.0000,0.0000,0.0000,0.0000,-3.1304,-0.2131,0.5309,0.0029,-0.0065,-0.0077
1774945730.4514,0.0000,0.0000,0.0000,0.0000,0.0000,-3.1308,-0.2131,-0.5748,0.0050,-0.0043,-0.0098
1774945730.4714,0.0000,0.0000,0.0000,0.0000,0.0000,-3.1309,-0.2131,1.9203,0.0040,-0.0022,-0.0109
1774945730.4912,0.0000,0.0000,0.0000,0.0000,0.0000,-3.1309,-0.2130,0.3330,0.0029,-0.0033,-0.0098
1774945730.5114,0.0000,0.0000,0.0000,0.0000,0.0000,-3.1314,-0.2132,0.0569,0.0019,-0.0033,-0.0098
1774945730.5316,0.0000,0.0000,0.0000,0.0000,0.0000,-3.1308,-0.2131,1.3806,0.0050,-0.0033,-0.0098
1774945730.5515,0.0000,0.0000,0.0000,0.0000,0.0000,-3.1310,-0.2131,-1.7751,0.0050,-0.0043,-0.0119
1774945730.5714,0.0000,0.0000,0.0000,0.0000,0.0000,-3.1303,-0.2129,-0.9813,0.0029,-0.0054,-0.0087
1774945730.5913,0.0000,0.0000,0.0000,0.0000,0.0000,-3.1301,-0.2129,-1.2607,0.0040,-0.0033,-0.0098
1774945730.6119,0.0000,0.0000,0.0000,0.0000,0.0000,-3.1299,-0.2129,-0.5008,0.0029,-0.0033,-0.0087
1774945730.6313,0.0000,0.0000,0.0000,0.0000,0.0000,-3.1290,-0.2130,-1.0257,0.0050,-0.0033,-0.0109
1774945730.6516,0.0000,0.0000,0.0000,0.0000,0.0000,-3.1300,-0.2131,-2.1679,0.0019,-0.0033,-0.0130
1774945730.6718,0.0000,0.0000,0.0000,0.0000,0.0000,-3.1293,-0.2130,1.4136,0.0050,-0.0043,-0.0119
1774945730.6913,0.0000,0.0000,0.0000,0.0000,0.0000,-3.1298,-0.2129,1.0498,0.0029,-0.0043,-0.0109
1774945730.7113,0.0000,0.0000,0.0000,0.0000,0.0000,-3.1299,-0.2130,1.7036,0.0019,-0.0033,-0.0119
1774945730.7313,0.0000,0.0000,0.0000,0.0000,0.0000,-3.1296,-0.2128,-0.7436,0.0072,-0.0033,-0.0098
1774945730.7513,0.0000,0.0000,0.0000,0.0000,0.0000,-3.1306,-0.2129,-1.4952,0.0019,-0.0054,-0.0119
1774945730.7713,0.0000,0.0000,0.0000,0.0000,0.0000,-3.1296,-0.2130,0.9858,0.0050,-0.0043,-0.0119
1774945730.7913,0.0000,0.0000,0.0000,0.0000,0.0000,-3.1303,-0.2129,0.0000,0.0029,-0.0043,-0.0098
1774945730.8113,0.0000,0.0000,0.0000,0.0000,0.0000,-3.1300,-0.2128,0.6462,0.0029,-0.0043,-0.0098
1774945730.8313,0.0000,0.0000,0.0000,0.0000,0.0000,-3.1296,-0.2128,0.5242,0.0050,-0.0033,-0.0119
1774945730.8513,0.0000,0.0000,0.0000,0.0000,0.0000,-3.1301,-0.2130,0.5725,0.0019,-0.0033,-0.0109
1774945730.8713,0.0000,0.0000,0.0000,0.0000,0.0000,-3.1298,-0.2129,-0.2878,0.0061,-0.0033,-0.0109
1774945730.8922,0.0000,0.0000,0.0000,0.0000,0.0000,-3.1306,-0.2131,-2.1263,0.0019,-0.0043,-0.0119
1774945730.9136,0.0000,0.0000,0.0000,0.0000,0.0000,-3.1301,-0.2129,0.3475,0.0040,-0.0043,-0.0109
1774945730.9314,0.0000,0.0000,0.0000,0.0000,0.0000,-3.1303,-0.2130,-0.3533,0.0061,-0.0033,-0.0119
1774945730.9517,0.0000,0.0000,0.0000,0.0000,0.0000,-3.1302,-0.2129,0.0000,0.0019,-0.0043,-0.0119
1774945730.9713,0.0000,0.0000,0.0000,0.0000,0.0000,-3.1299,-0.2130,-0.1124,0.0050,-0.0043,-0.0109
1774945730.9914,0.0000,0.0000,0.0000,0.0000,0.0000,-3.1302,-0.2132,0.7489,0.0008,-0.0033,-0.0109
1774945731.0114,0.0000,0.0000,0.0000,0.0000,0.0000,-3.1295,-0.2131,2.3055,0.0050,-0.0033,-0.0109
1774945731.0313,0.0000,0.0000,0.0000,0.0000,0.0000,-3.1300,-0.2130,-0.4619,0.0029,-0.0033,-0.0098
1774945731.0514,0.0000,0.0000,0.0000,0.0000,0.0000,-3.1294,-0.2128,-0.9250,0.0029,-0.0043,-0.0109
1774945731.0713,0.0000,0.0000,0.0000,0.0000,0.0000,-3.1299,-0.2128,-1.4401,0.0029,-0.0033,-0.0119
1774945731.0922,0.0000,0.0000,0.0000,0.0000,0.0000,-3.1303,-0.2130,-0.3462,0.0019,-0.0033,-0.0109
1774945731.1116,0.0000,0.0000,0.0000,0.0000,0.0000,-3.1297,-0.2128,-0.7407,0.0040,-0.0043,-0.0119
1774945731.1312,0.0000,0.0000,0.0000,0.0000,0.0000,-3.1308,-0.2129,0.7593,0.0040,-0.0033,-0.0109
1774945731.1519,0.0000,0.0000,0.0000,0.0000,0.0000,-3.1301,-0.2129,0.6646,0.0050,-0.0043,-0.0119
1774945731.1713,0.0000,0.0000,0.0000,0.0000,0.0000,-3.1305,-0.2130,1.5525,0.0029,-0.0043,-0.0119
1774945731.1913,0.0000,0.0000,0.0000,0.0000,0.0000,-3.1307,-0.2130,3.6594,0.0040,-0.0043,-0.0109
1774945731.2113,0.0000,0.0000,0.0000,0.0000,0.0000,-3.1307,-0.2129,1.9818,0.0040,-0.0033,-0.0109
1774945731.2315,0.0000,0.0000,0.0000,0.0000,0.0000,-3.1312,-0.2130,1.8742,0.0040,-0.0022,-0.0130
1774945731.2520,0.0000,0.0000,0.0000,0.0000,0.0000,-3.1305,-0.2129,1.3664,0.0040,-0.0054,-0.0098
1774945731.2714,0.0000,0.0000,0.0000,0.0000,0.0000,-3.1308,-0.2131,-1.5923,0.0029,-0.0043,-0.0109
1774945731.2913,0.0000,0.0000,0.0000,0.0000,0.0000,-3.1304,-0.2129,-0.1133,0.0040,-0.0033,-0.0109
1774945731.3117,0.0000,0.0000,0.0000,0.0000,0.0000,-3.1308,-0.2129,-0.4743,0.0040,-0.0043,-0.0109
1774945731.3321,0.0000,0.0000,0.0000,0.0000,0.0000,-3.1306,-0.2130,0.3542,0.0040,-0.0043,-0.0098
1774945731.3513,0.0000,0.0000,0.0000,0.0000,0.0000,-3.1300,-0.2129,0.2859,0.0050,-0.0033,-0.0098
1774945731.3713,0.0000,0.0000,0.0000,0.0000,0.0000,-3.1306,-0.2129,-1.7419,0.0029,-0.0043,-0.0109
1774945731.3913,0.0000,0.0000,0.0000,0.0000,0.0000,-3.1296,-0.2129,0.2206,0.0050,-0.0054,-0.0109
1774945731.4114,0.0000,0.0000,0.0000,0.0000,0.0000,-3.1297,-0.2129,-0.1172,0.0040,-0.0043,-0.0109
1774945731.4313,0.0000,0.0000,0.0000,0.0000,0.0000,-3.1309,-0.2129,0.0000,0.0019,-0.0022,-0.0098
1774945731.4513,0.0000,0.0000,0.0000,0.0000,0.0000,-3.1297,-0.2125,0.0000,0.0061,-0.0022,-0.0119
1774945731.4713,0.0000,0.0000,0.0000,0.0000,0.0000,-3.1299,-0.2130,0.0000,0.0019,-0.0033,-0.0119
1774945731.4914,0.0000,0.0000,0.0000,0.0000,0.0000,-3.1298,-0.2130,0.0000,0.0050,-0.0043,-0.0130
1774945731.5115,0.0000,0.0000,0.0000,0.0000,0.0000,-3.1308,-0.2129,0.0000,0.0029,-0.0043,-0.0130
1774945731.5318,0.0000,0.0000,0.0000,0.0000,0.0000,-3.1304,-0.2125,0.0000,0.0029,-0.0043,-0.0098
1774945731.5513,0.0000,0.0000,0.0000,0.0000,0.0000,-3.1294,-0.2125,0.0000,0.0061,-0.0043,-0.0119
1774945731.5716,0.0000,0.0000,0.0000,0.0000,0.0000,-3.1298,-0.2127,0.0000,0.0019,-0.0033,-0.0098
1774945731.5913,0.0000,0.0000,0.0000,0.0000,0.0000,-3.1292,-0.2125,0.0000,0.0040,-0.0043,-0.0119
1774945731.6114,0.0000,0.0000,0.0000,0.0000,0.0000,-3.1296,-0.2128,0.0000,0.0040,-0.0033,-0.0098
1774945731.6314,0.0000,0.0000,0.0000,0.0000,0.0000,-3.1291,-0.2129,0.0000,0.0040,-0.0043,-0.0109
1774945731.6514,0.0000,0.0000,0.0000,0.0000,0.0000,-3.1293,-0.2132,0.0000,0.0029,-0.0043,-0.0109
1774945731.6713,0.0000,0.0000,0.0000,0.0000,0.0000,-3.1299,-0.2131,0.0000,0.0029,-0.0043,-0.0098
1774945731.6913,0.0000,0.0000,0.0000,0.0000,0.0000,-3.1293,-0.2126,0.0000,0.0040,-0.0033,-0.0130
1774945731.7114,0.0000,0.0000,0.0000,0.0000,0.0000,-3.1299,-0.2128,0.0000,0.0040,-0.0033,-0.0119
1774945731.7314,0.0000,0.0000,0.0000,0.0000,0.0000,-3.1295,-0.2130,0.0000,0.0050,-0.0054,-0.0109
1774945731.7514,0.0000,0.0000,0.0000,0.0000,0.0000,-3.1297,-0.2130,0.0000,0.0019,-0.0033,-0.0130
1774945731.7713,0.0000,0.0000,0.0000,0.0000,0.0000,-3.1306,-0.2130,0.0000,0.0019,-0.0043,-0.0119
1774945731.7913,0.0000,0.0000,0.0000,0.0000,0.0000,-3.1312,-0.2135,1.7216,0.0040,-0.0022,-0.0098
1774945731.8126,0.0000,0.0000,0.0000,0.0000,0.0000,-3.1331,-0.2132,1.2414,0.0019,-0.0033,-0.0098
1774945731.8314,0.0000,0.0000,0.0000,0.0000,0.0000,-3.1320,-0.2133,2.0586,0.0040,-0.0043,-0.0098
1774945731.8513,0.0000,0.0000,0.0000,0.0000,0.0000,-3.1319,-0.2135,0.0000,0.0050,-0.0043,-0.0119
1774945731.8713,0.0000,0.0000,0.0000,0.0000,0.0000,-3.1307,-0.2132,-0.9033,0.0040,-0.0043,-0.0098
1774945731.8922,0.0000,0.0000,0.0000,0.0000,0.0000,-3.1306,-0.2130,-1.9425,0.0061,-0.0022,-0.0109
1774945731.9130,0.0000,0.0000,0.0000,0.0000,0.0000,-3.1301,-0.2133,2.0590,0.0019,-0.0043,-0.0119
1774945731.9314,0.0000,0.0000,0.0000,0.0000,0.0000,-3.1297,-0.2131,-0.9155,0.0050,-0.0033,-0.0087
1774945731.9530,0.0000,0.0000,0.0000,0.0000,0.0000,-3.1305,-0.2131,-3.1256,0.0040,-0.0054,-0.0109
1774945731.9713,0.0000,0.0000,0.0000,0.0000,0.0000,-3.1297,-0.2128,1.8997,0.0029,-0.0033,-0.0109
1774945731.9913,0.0000,0.0000,0.0000,0.0000,0.0000,-3.1301,-0.2128,1.3671,0.0019,-0.0054,-0.0098
1774945732.0114,0.0000,0.0000,0.0000,0.0000,0.0000,-3.1301,-0.2128,0.1153,0.0040,-0.0043,-0.0077
1774945732.0313,0.0000,0.0000,0.0000,0.0000,0.0000,-3.1293,-0.2127,-0.8498,0.0061,-0.0022,-0.0119
1774945732.0515,0.0000,0.0000,0.0000,0.0000,0.0000,-3.1301,-0.2130,-2.0379,0.0019,-0.0043,-0.0130
1774945732.0713,0.0000,0.0000,0.0000,0.0000,0.0000,-3.1296,-0.2129,0.8922,0.0050,-0.0033,-0.0109
1774945732.0914,0.0000,0.0000,0.0000,0.0000,0.0000,-3.1301,-0.2130,-0.4589,0.0029,-0.0033,-0.0119
1774945732.1114,0.0000,0.0000,0.0000,0.0000,0.0000,-3.1298,-0.2128,0.5150,0.0050,-0.0043,-0.0098
1774945732.1314,0.0000,0.0000,0.0000,0.0000,0.0000,-3.1295,-0.2127,-0.3420,0.0050,-0.0033,-0.0098
1774945732.1513,0.0000,0.0000,0.0000,0.0000,0.0000,-3.1301,-0.2128,0.5863,-0.0003,-0.0033,-0.0098
1774945732.1721,0.0000,0.0000,0.0000,0.0000,0.0000,-3.1292,-0.2128,0.2333,0.0040,-0.0043,-0.0109
1774945732.1913,0.0000,0.0000,0.0000,0.0000,0.0000,-3.1301,-0.2130,-1.7780,0.0029,-0.0054,-0.0119
1774945732.2114,0.0000,0.0000,0.0000,0.0000,0.0000,-3.1297,-0.2128,0.0540,0.0040,-0.0043,-0.0087
1774945732.2313,0.0000,0.0000,0.0000,0.0000,0.0000,-3.1299,-0.2129,0.8039,0.0050,-0.0054,-0.0109
1774945732.2514,0.0000,0.0000,0.0000,0.0000,0.0000,-3.1303,-0.2129,0.8753,0.0029,-0.0033,-0.0109
1774945732.2714,0.0000,0.0000,0.0000,0.0000,0.0000,-3.1299,-0.2129,-0.5265,0.0061,-0.0012,-0.0087
1774945732.2914,0.0000,0.0000,0.0000,0.0000,0.0000,-3.1304,-0.2131,-1.1902,0.0008,-0.0012,-0.0098
1774945732.3119,0.0000,0.0000,0.0000,0.0000,0.0000,-3.1298,-0.2130,1.6354,0.0050,-0.0043,-0.0109
1774945732.3313,0.0000,0.0000,0.0000,0.0000,0.0000,-3.1302,-0.2131,-0.1721,0.0050,-0.0033,-0.0109
1774945732.3513,0.0000,0.0000,0.0000,0.0000,0.0000,-3.1300,-0.2131,0.8859,0.0040,-0.0043,-0.0109
1774945732.3715,0.0000,0.0000,0.0000,0.0000,0.0000,-3.1296,-0.2129,-0.3913,0.0040,-0.0033,-0.0098
1774945732.3913,0.0000,0.0000,0.0000,0.0000,0.0000,-3.1302,-0.2130,0.6796,0.0040,-0.0043,-0.0109
1774945732.4113,0.0000,0.0000,0.0000,0.0000,0.0000,-3.1296,-0.2129,0.3435,0.0050,-0.0033,-0.0098
1774945732.4312,0.0000,0.0000,0.0000,0.0000,0.0000,-3.1301,-0.2131,-1.4402,0.0029,-0.0022,-0.0087
1774945732.4513,0.0000,0.0000,0.0000,0.0000,0.0000,-3.1295,-0.2129,0.9111,0.0029,-0.0054,-0.0087
1774945732.4714,0.0000,0.0000,0.0000,0.0000,0.0000,-3.1298,-0.2129,0.1098,0.0029,-0.0022,-0.0098
1774945732.4913,0.0000,0.0000,0.0000,0.0000,0.0000,-3.1299,-0.2130,0.5956,0.0050,-0.0022,-0.0109
1774945732.5113,0.0000,0.0000,0.0000,0.0000,0.0000,-3.1293,-0.2128,-1.3116,0.0040,-0.0033,-0.0109
1774945732.5312,0.0000,0.0000,0.0000,0.0000,0.0000,-3.1300,-0.2130,-1.9348,0.0029,-0.0033,-0.0109
1774945732.5513,0.0000,0.0000,0.0000,0.0000,0.0000,-3.1294,-0.2128,1.5760,0.0050,-0.0043,-0.0098
1774945732.5713,0.0000,0.0000,0.0000,0.0000,0.0000,-3.1301,-0.2131,-0.7659,0.0040,-0.0043,-0.0109
1774945732.5913,0.0000,0.0000,0.0000,0.0000,0.0000,-3.1297,-0.2129,0.3456,0.0029,-0.0043,-0.0098
1774945732.6143,0.0000,0.0000,0.0000,0.0000,0.0000,-3.1301,-0.2131,0.1250,0.0019,-0.0043,-0.0098
1774945732.6312,0.0000,0.0000,0.0000,0.0000,0.0000,-3.1302,-0.2129,0.2204,0.0019,-0.0043,-0.0098
1774945732.6513,0.0000,0.0000,0.0000,0.0000,0.0000,-3.1296,-0.2128,0.5342,0.0061,-0.0043,-0.0087
1774945732.6714,0.0000,0.0000,0.0000,0.0000,0.0000,-3.1305,-0.2131,-1.8395,0.0008,-0.0054,-0.0098
1774945732.6915,0.0000,0.0000,0.0000,0.0000,0.0000,-3.1299,-0.2130,0.6088,0.0040,-0.0043,-0.0098
1774945732.7115,0.0000,0.0000,0.0000,0.0000,0.0000,-3.1306,-0.2131,-0.8552,0.0040,-0.0043,-0.0098
1774945732.7313,0.0000,0.0000,0.0000,0.0000,0.0000,-3.1303,-0.2130,0.8059,0.0029,-0.0043,-0.0098
1774945732.7520,0.0000,0.0000,0.0000,0.0000,0.0000,-3.1296,-0.2129,-0.6145,0.0040,-0.0033,-0.0087
1774945732.7713,0.0000,0.0000,0.0000,0.0000,0.0000,-3.1305,-0.2131,-1.3139,0.0029,-0.0033,-0.0098
1774945732.7921,0.0000,0.0000,0.0000,0.0000,0.0000,-3.1298,-0.2130,1.3587,0.0050,-0.0033,-0.0119
1774945732.8195,0.0000,0.0000,0.0000,0.0000,0.0000,-3.1305,-0.2130,-0.2384,0.0019,-0.0033,-0.0109
1774945732.8312,0.0000,0.0000,0.0000,0.0000,0.0000,-3.1303,-0.2130,0.1098,0.0040,-0.0043,-0.0119
1774945732.8513,0.0000,0.0000,0.0000,0.0000,0.0000,-3.1300,-0.2128,-0.2886,0.0050,-0.0033,-0.0098
1774945732.8712,0.0000,0.0000,0.0000,0.0000,0.0000,-3.1306,-0.2130,-0.1138,0.0029,-0.0043,-0.0109
1774945732.8914,0.0000,0.0000,0.0000,0.0000,0.0000,-3.1299,-0.2129,0.2186,0.0061,-0.0043,-0.0098
1774945732.9114,0.0000,0.0000,0.0000,0.0000,0.0000,-3.1305,-0.2131,0.0854,0.0029,-0.0033,-0.0109
1774945732.9313,0.0000,0.0000,0.0000,0.0000,0.0000,-3.1299,-0.2129,1.3697,0.0040,-0.0033,-0.0109
1774945732.9514,0.0000,0.0000,0.0000,0.0000,0.0000,-3.1299,-0.2130,0.2368,0.0040,-0.0033,-0.0130
1774945732.9713,0.0000,0.0000,0.0000,0.0000,0.0000,-3.1301,-0.2130,-0.5891,0.0029,-0.0022,-0.0109
1774945732.9912,0.0000,0.0000,0.0000,0.0000,0.0000,-3.1297,-0.2128,-2.6835,0.0072,-0.0022,-0.0119
1774945733.0113,0.0000,0.0000,0.0000,0.0000,0.0000,-3.1300,-0.2132,-2.3881,0.0019,-0.0033,-0.0109
1774945733.0312,0.0000,0.0000,0.0000,0.0000,0.0000,-3.1297,-0.2129,0.9372,0.0040,-0.0033,-0.0109
1774945733.0514,0.0000,0.0000,0.0000,0.0000,0.0000,-3.1302,-0.2129,0.1757,0.0050,-0.0043,-0.0109
1774945733.0713,0.0000,0.0000,0.0000,0.0000,0.0000,-3.1301,-0.2128,0.9825,0.0040,-0.0043,-0.0098
1774945733.0914,0.0000,0.0000,0.0000,0.0000,0.0000,-3.1300,-0.2128,0.2831,0.0029,-0.0033,-0.0098
1774945733.1114,0.0000,0.0000,0.0000,0.0000,0.0000,-3.1302,-0.2130,1.2416,0.0019,-0.0033,-0.0087
1774945733.1314,0.0000,0.0000,0.0000,0.0000,0.0000,-3.1294,-0.2128,-0.4610,0.0050,-0.0033,-0.0109
1774945733.1512,0.0000,0.0000,0.0000,0.0000,0.0000,-3.1301,-0.2131,-3.1961,0.0019,-0.0043,-0.0109
1774945733.1712,0.0000,0.0000,0.0000,0.0000,0.0000,-3.1295,-0.2128,0.5828,0.0029,-0.0043,-0.0109
1774945733.1913,0.0000,0.0000,0.0000,0.0000,0.0000,-3.1298,-0.2130,-0.2231,0.0008,-0.0033,-0.0119
1774945733.2165,0.0000,0.0000,0.0000,0.0000,0.0000,-3.1297,-0.2130,0.1712,0.0040,-0.0043,-0.0098
1774945733.2312,0.0000,0.0000,0.0000,0.0000,0.0000,-3.1298,-0.2129,-0.2898,0.0050,-0.0033,-0.0098
1774945733.2512,0.0000,0.0000,0.0000,0.0000,0.0000,-3.1305,-0.2130,-1.3252,0.0008,-0.0043,-0.0109
1774945733.2714,0.0000,0.0000,0.0000,0.0000,0.0000,-3.1297,-0.2130,-1.0727,0.0061,-0.0043,-0.0119
1774945733.2913,0.0000,0.0000,0.0000,0.0000,0.0000,-3.1303,-0.2130,0.2723,0.0040,-0.0043,-0.0119
1774945733.3115,0.0000,0.0000,0.0000,0.0000,0.0000,-3.1300,-0.2128,1.1601,0.0050,-0.0054,-0.0109
1774945733.3314,0.0000,0.0000,0.0000,0.0000,0.0000,-3.1299,-0.2128,-0.3470,0.0061,-0.0022,-0.0109
1774945733.3515,0.0000,0.0000,0.0000,0.0000,0.0000,-3.1303,-0.2130,-0.4028,0.0029,-0.0043,-0.0119
1774945733.3713,0.0000,0.0000,0.0000,0.0000,0.0000,-3.1298,-0.2130,-0.7835,0.0040,-0.0022,-0.0119
1774945733.3913,0.0000,0.0000,0.0000,0.0000,0.0000,-3.1304,-0.2131,-3.5013,0.0029,-0.0033,-0.0098
1774945733.4114,0.0000,0.0000,0.0000,0.0000,0.0000,-3.1296,-0.2131,0.0577,0.0029,-0.0033,-0.0098
1774945733.4312,0.0000,0.0000,0.0000,0.0000,0.0000,-3.1299,-0.2129,0.4732,0.0029,-0.0054,-0.0109
1774945733.4514,0.0000,0.0000,0.0000,0.0000,0.0000,-3.1300,-0.2129,1.0457,0.0029,-0.0043,-0.0109
1774945733.4712,0.0000,0.0000,0.0000,0.0000,0.0000,-3.1294,-0.2128,0.3453,0.0040,-0.0033,-0.0109
1774945733.4913,0.0000,0.0000,0.0000,0.0000,0.0000,-3.1303,-0.2128,-0.0566,0.0019,-0.0043,-0.0098
1774945733.5112,0.0000,0.0000,0.0000,0.0000,0.0000,-3.1295,-0.2129,1.0040,0.0040,-0.0054,-0.0098
1774945733.5313,0.0000,0.0000,0.0000,0.0000,0.0000,-3.1301,-0.2131,0.2235,0.0029,-0.0033,-0.0109
1774945733.5515,0.0000,0.0000,0.0000,0.0000,0.0000,-3.1298,-0.2129,-0.0570,0.0050,-0.0043,-0.0109
1774945733.5715,0.0000,0.0000,0.0000,0.0000,0.0000,-3.1298,-0.2130,-0.5352,0.0050,-0.0022,-0.0119
1774945733.5913,0.0000,0.0000,0.0000,0.0000,0.0000,-3.1303,-0.2130,1.5569,0.0019,-0.0043,-0.0109
1774945733.6114,0.0000,0.0000,0.0000,0.0000,0.0000,-3.1296,-0.2128,0.1116,0.0072,-0.0043,-0.0130
1774945733.6313,0.0000,0.0000,0.0000,0.0000,0.0000,-3.1302,-0.2130,-2.4530,0.0019,-0.0033,-0.0098
1774945733.6513,0.0000,0.0000,0.0000,0.0000,0.0000,-3.1295,-0.2130,-0.3561,0.0040,-0.0054,-0.0109
1774945733.6712,0.0000,0.0000,0.0000,0.0000,0.0000,-3.1299,-0.2131,-0.8037,0.0040,-0.0033,-0.0109
1774945733.6913,0.0000,0.0000,0.0000,0.0000,0.0000,-3.1300,-0.2130,0.5211,0.0029,-0.0033,-0.0109
1774945733.7114,0.0000,0.0000,0.0000,0.0000,0.0000,-3.1297,-0.2130,-0.3414,0.0050,-0.0033,-0.0109
1774945733.7313,0.0000,0.0000,0.0000,0.0000,0.0000,-3.1302,-0.2130,0.0000,0.0019,-0.0033,-0.0098
1774945733.7516,0.0000,0.0000,0.0000,0.0000,0.0000,-3.1296,-0.2130,2.1330,0.0050,-0.0033,-0.0109
1774945733.7713,0.0000,0.0000,0.0000,0.0000,0.0000,-3.1299,-0.2130,1.2421,0.0029,-0.0043,-0.0119
1774945733.7914,0.0000,0.0000,0.0000,0.0000,0.0000,-3.1298,-0.2129,1.7961,0.0029,-0.0054,-0.0119
1774945733.8115,0.0000,0.0000,0.0000,0.0000,0.0000,-3.1300,-0.2128,-0.1192,0.0019,-0.0043,-0.0098
1774945733.8313,0.0000,0.0000,0.0000,0.0000,0.0000,-3.1304,-0.2128,0.6442,0.0040,-0.0043,-0.0109
1774945733.8513,0.0000,0.0000,0.0000,0.0000,0.0000,-3.1298,-0.2127,-0.3528,0.0029,-0.0033,-0.0109
1774945733.8713,0.0000,0.0000,0.0000,0.0000,0.0000,-3.1305,-0.2132,-1.8390,0.0019,-0.0033,-0.0098
1774945733.8923,0.0000,0.0000,0.0000,0.0000,0.0000,-3.1296,-0.2130,1.6134,0.0029,-0.0022,-0.0098
1774945733.9115,0.0000,0.0000,0.0000,0.0000,0.0000,-3.1300,-0.2129,0.4638,0.0050,-0.0043,-0.0130
1774945733.9313,0.0000,0.0000,0.0000,0.0000,0.0000,-3.1298,-0.2129,0.3383,0.0029,-0.0022,-0.0109
1774945733.9515,0.0000,0.0000,0.0000,0.0000,0.0000,-3.1299,-0.2129,0.0000,0.0040,-0.0033,-0.0098
1774945733.9713,0.0000,0.0000,0.0000,0.0000,0.0000,-3.1304,-0.2131,-1.6135,0.0008,-0.0043,-0.0098
1774945733.9914,0.0000,0.0000,0.0000,0.0000,0.0000,-3.1297,-0.2130,0.0000,0.0061,-0.0043,-0.0109
1774945734.0113,0.0000,0.0000,0.0000,0.0000,0.0000,-3.1301,-0.2129,0.0000,0.0029,-0.0043,-0.0109
1774945734.0313,0.0000,0.0000,0.0000,0.0000,0.0000,-3.1301,-0.2127,0.0000,0.0061,-0.0043,-0.0109
1774945734.0514,0.0000,0.0000,0.0000,0.0000,0.0000,-3.1294,-0.2127,0.0000,0.0040,-0.0043,-0.0109
1774945734.0713,0.0000,0.0000,0.0000,0.0000,0.0000,-3.1305,-0.2131,0.0000,0.0019,-0.0033,-0.0109
1774945734.0913,0.0000,0.0000,0.0000,0.0000,0.0000,-3.1292,-0.2132,0.0000,0.0040,-0.0043,-0.0109
1774945734.1113,0.0000,0.0000,0.0000,0.0000,0.0000,-3.1304,-0.2132,0.0000,0.0029,-0.0043,-0.0130
1774945734.1314,0.0000,0.0000,0.0000,0.0000,0.0000,-3.1301,-0.2128,0.7785,0.0029,-0.0033,-0.0098
1774945734.1514,0.0000,0.0000,0.0000,0.0000,0.0000,-3.1298,-0.2127,0.0000,0.0029,-0.0043,-0.0109
1774945734.1714,0.0000,0.0000,0.0000,0.0000,0.0000,-3.1305,-0.2128,0.0000,0.0029,-0.0043,-0.0119
1774945734.1913,0.0000,0.0000,0.0000,0.0000,0.0000,-3.1301,-0.2131,0.0000,0.0061,-0.0033,-0.0098
1774945734.2115,0.0000,0.0000,0.0000,0.0000,0.0000,-3.1309,-0.2133,0.0000,0.0029,-0.0043,-0.0109
1774945734.2314,0.0000,0.0000,0.0000,0.0000,0.0000,-3.1303,-0.2131,0.0000,0.0040,-0.0033,-0.0109
1774945734.2513,0.0000,0.0000,0.0000,0.0000,0.0000,-3.1303,-0.2130,0.0000,0.0040,-0.0054,-0.0109
1774945734.2713,0.0000,0.0000,0.0000,0.0000,0.0000,-3.1306,-0.2130,0.0000,0.0029,-0.0054,-0.0087
1774945734.2913,0.0000,0.0000,0.0000,0.0000,0.0000,-3.1302,-0.2128,0.0000,0.0029,-0.0033,-0.0109
1774945734.3113,0.0000,0.0000,0.0000,0.0000,0.0000,-3.1309,-0.2131,0.0000,0.0019,-0.0033,-0.0109
1774945734.3313,0.0000,0.0000,0.0000,0.0000,0.0000,-3.1302,-0.2129,1.2656,0.0040,-0.0033,-0.0109
1774945734.3513,0.0000,0.0000,0.0000,0.0000,0.0000,-3.1304,-0.2127,0.5718,0.0040,-0.0043,-0.0098
1774945734.3712,0.0000,0.0000,0.0000,0.0000,0.0000,-3.1305,-0.2126,0.0000,0.0029,-0.0043,-0.0109
1774945734.3913,0.0000,0.0000,0.0000,0.0000,0.0000,-3.1301,-0.2125,0.0000,0.0029,-0.0033,-0.0119
1774945734.4113,0.0000,0.0000,0.0000,0.0000,0.0000,-3.1304,-0.2127,-1.1394,0.0019,-0.0043,-0.0098
1774945734.4313,0.0000,0.0000,0.0000,0.0000,0.0000,-3.1295,-0.2128,-0.2218,0.0061,-0.0043,-0.0109
1774945734.4513,0.0000,0.0000,0.0000,0.0000,0.0000,-3.1302,-0.2130,-1.3246,0.0040,-0.0043,-0.0098
1774945734.4714,0.0000,0.0000,0.0000,0.0000,0.0000,-3.1300,-0.2128,0.8655,0.0050,-0.0043,-0.0119
1774945734.4913,0.0000,0.0000,0.0000,0.0000,0.0000,-3.1301,-0.2128,-0.3412,0.0040,-0.0022,-0.0098
1774945734.5122,0.0000,0.0000,0.0000,0.0000,0.0000,-3.1303,-0.2131,0.5751,0.0019,-0.0033,-0.0098
1774945734.5313,0.0000,0.0000,0.0000,0.0000,0.0000,-3.1297,-0.2129,0.4571,0.0040,-0.0043,-0.0098
1774945734.5572,0.0000,0.0000,0.0000,0.0000,0.0000,-3.1304,-0.2130,-2.5363,0.0029,-0.0043,-0.0130
1774945734.5713,0.0000,0.0000,0.0000,0.0000,0.0000,-3.1305,-0.2110,0.5803,0.0019,-0.0118,-0.0109
1774945734.5914,0.0000,0.0000,0.0000,0.0000,0.0000,-3.1292,-0.2117,-5.0424,-0.0035,-0.0161,-0.0130
1774945734.6116,0.0000,0.0000,0.0000,0.0000,0.0000,-3.1260,-0.2124,1.1743,-0.0003,-0.0107,-0.0130
1774945734.6314,0.0000,0.0000,0.0000,0.0000,0.0000,-3.1247,-0.2128,-2.0898,0.0029,-0.0054,-0.0130
1774945734.6537,0.0000,0.0000,0.0000,0.0000,0.0000,-3.1275,-0.2132,-2.1196,-0.0003,-0.0033,-0.0098
1774945734.6713,0.0000,0.0000,0.0000,0.0000,0.0000,-3.1299,-0.2132,1.8939,0.0040,-0.0043,-0.0119
1774945734.6912,0.0000,0.0000,0.0000,0.0000,0.0000,-3.1330,-0.2128,-0.2765,0.0008,-0.0043,-0.0098
1774945734.7114,0.0000,0.0000,0.0000,0.0000,0.0000,-3.1353,-0.2124,-0.4587,0.0029,-0.0043,-0.0098
1774945734.7313,0.0000,0.0000,0.0000,0.0000,0.0000,-3.1351,-0.2130,-0.7348,0.0050,-0.0022,-0.0119
1774945734.7519,0.0000,0.0000,0.0000,0.0000,0.0000,-3.1328,-0.2128,-0.4605,0.0040,-0.0043,-0.0098
1774945734.7714,0.0000,0.0000,0.0000,0.0000,0.0000,-3.1301,-0.2128,-0.4120,0.0072,-0.0033,-0.0119
1774945734.7914,0.0000,0.0000,0.0000,0.0000,0.0000,-3.1276,-0.2127,0.4828,0.0019,-0.0043,-0.0098
1774945734.8114,0.0000,0.0000,0.0000,0.0000,0.0000,-3.1249,-0.2126,1.7327,0.0040,-0.0043,-0.0109
1774945734.8314,0.0000,0.0000,0.0000,0.0000,0.0000,-3.1254,-0.2127,-0.5004,0.0019,-0.0022,-0.0098
1774945734.8513,0.0000,0.0000,0.0000,0.0000,0.0000,-3.1273,-0.2124,1.1474,-0.0003,-0.0033,-0.0087
1774945734.8713,0.0000,0.0000,0.0000,0.0000,0.0000,-3.1296,-0.2122,-0.1759,0.0029,-0.0043,-0.0098
1774945734.8914,0.0000,0.0000,0.0000,0.0000,0.0000,-3.1327,-0.2126,-0.8250,0.0019,-0.0043,-0.0119
1774945734.9114,0.0000,0.0000,0.0000,0.0000,0.0000,-3.1343,-0.2127,0.8305,0.0040,-0.0022,-0.0109
1774945734.9312,0.0000,0.0000,0.0000,0.0000,0.0000,-3.1357,-0.2127,-1.4703,0.0050,-0.0043,-0.0109
1774945734.9514,0.0000,0.0000,0.0000,0.0000,0.0000,-3.1336,-0.2128,0.3287,0.0040,-0.0033,-0.0109
1774945734.9714,0.0000,0.0000,0.0000,0.0000,0.0000,-3.1311,-0.2127,1.3042,0.0040,-0.0022,-0.0098
1774945734.9912,0.0000,0.0000,0.0000,0.0000,0.0000,-3.1285,-0.2126,0.7158,0.0040,-0.0033,-0.0098
1774945735.0114,0.0000,0.0000,0.0000,0.0000,0.0000,-3.1265,-0.2129,-1.3899,0.0072,-0.0022,-0.0119
1774945735.0314,0.0000,0.0000,0.0000,0.0000,0.0000,-3.1274,-0.2129,-1.1326,0.0019,-0.0022,-0.0098
1774945735.0513,0.0000,0.0000,0.0000,0.0000,0.0000,-3.1290,-0.2125,0.9919,0.0029,-0.0043,-0.0087
1774945735.0715,0.0000,0.0000,0.0000,0.0000,0.0000,-3.1310,-0.2127,0.5088,0.0061,-0.0043,-0.0098
1774945735.0913,0.0000,0.0000,0.0000,0.0000,0.0000,-3.1319,-0.2126,1.6844,0.0029,-0.0033,-0.0109
1774945735.1114,0.0000,0.0000,0.0000,0.0000,0.0000,-3.1324,-0.2125,-1.3437,0.0040,-0.0043,-0.0119
1774945735.1313,0.0000,0.0000,0.0000,0.0000,0.0000,-3.1327,-0.2128,-1.1005,0.0040,-0.0033,-0.0109
1774945735.1520,0.0000,0.0000,0.0000,0.0000,0.0000,-3.1306,-0.2126,0.1152,0.0040,-0.0033,-0.0109
1774945735.1714,0.0000,0.0000,0.0000,0.0000,0.0000,-3.1294,-0.2126,-2.5732,0.0029,-0.0033,-0.0109
1774945735.1915,0.0000,0.0000,0.0000,0.0000,0.0000,-3.1275,-0.2126,0.2899,0.0029,-0.0043,-0.0119
1774945735.2114,0.0000,0.0000,0.0000,0.0000,0.0000,-3.1276,-0.2125,1.7755,0.0050,-0.0022,-0.0119
1774945735.2313,0.0000,0.0000,0.0000,0.0000,0.0000,-3.1284,-0.2121,1.2167,0.0019,-0.0054,-0.0087
1774945735.2522,0.0000,0.0000,0.0000,0.0000,0.0000,-3.1293,-0.2123,-0.6329,0.0040,-0.0033,-0.0109
1774945735.2719,0.0000,0.0000,0.0000,0.0000,0.0000,-3.1310,-0.2126,-0.7039,0.0029,-0.0033,-0.0109
1774945735.2914,0.0000,0.0000,0.0000,0.0000,0.0000,-3.1315,-0.2124,0.8766,0.0040,-0.0043,-0.0098
1774945735.3115,0.0000,0.0000,0.0000,0.0000,0.0000,-3.1324,-0.2125,-0.9615,0.0019,-0.0043,-0.0109
1774945735.3314,0.0000,0.0000,0.0000,0.0000,0.0000,-3.1316,-0.2128,-0.2341,0.0040,-0.0033,-0.0109
1774945735.3512,0.0000,0.0000,0.0000,0.0000,0.0000,-3.1305,-0.2127,-1.4732,0.0050,-0.0033,-0.0130
1774945735.3717,0.0000,0.0000,0.0000,0.0000,0.0000,-3.1298,-0.2130,-0.9784,0.0019,-0.0033,-0.0109
1774945735.3915,0.0000,0.0000,0.0000,0.0000,0.0000,-3.1283,-0.2126,1.9638,0.0050,-0.0033,-0.0098
1774945735.4114,0.0000,0.0000,0.0000,0.0000,0.0000,-3.1288,-0.2124,-1.2982,0.0019,-0.0054,-0.0109
1774945735.4314,0.0000,0.0000,0.0000,0.0000,0.0000,-3.1285,-0.2123,0.6934,0.0019,-0.0033,-0.0087
1774945735.4513,0.0000,0.0000,0.0000,0.0000,0.0000,-3.1297,-0.2123,0.8032,0.0029,-0.0033,-0.0109
1774945735.4714,0.0000,0.0000,0.0000,0.0000,0.0000,-3.1310,-0.2126,0.6295,0.0040,-0.0033,-0.0098
1774945735.4915,0.0000,0.0000,0.0000,0.0000,0.0000,-3.1312,-0.2126,-0.6849,0.0050,-0.0022,-0.0098
1774945735.5114,0.0000,0.0000,0.0000,0.0000,0.0000,-3.1319,-0.2129,0.5887,0.0029,-0.0043,-0.0098
1774945735.5313,0.0000,0.0000,0.0000,0.0000,0.0000,-3.1310,-0.2129,0.8150,0.0050,-0.0033,-0.0109
1774945735.5513,0.0000,0.0000,0.0000,0.0000,0.0000,-3.1306,-0.2127,-0.3417,0.0050,-0.0033,-0.0098
1774945735.5713,0.0000,0.0000,0.0000,0.0000,0.0000,-3.1296,-0.2125,0.1751,0.0040,-0.0043,-0.0119
1774945735.5913,0.0000,0.0000,0.0000,0.0000,0.0000,-3.1284,-0.2123,-1.1731,0.0040,-0.0033,-0.0098
1774945735.6113,0.0000,0.0000,0.0000,0.0000,0.0000,-3.1289,-0.2125,-0.2103,0.0008,-0.0043,-0.0087
1774945735.6314,0.0000,0.0000,0.0000,0.0000,0.0000,-3.1286,-0.2125,1.0263,0.0061,-0.0033,-0.0130
1774945735.6512,0.0000,0.0000,0.0000,0.0000,0.0000,-3.1303,-0.2124,-1.0866,0.0019,-0.0033,-0.0098
1774945735.6722,0.0000,0.0000,0.0000,0.0000,0.0000,-3.1306,-0.2125,0.3402,0.0040,-0.0043,-0.0109
1774945735.6915,0.0000,0.0000,0.0000,0.0000,0.0000,-3.1313,-0.2127,0.5848,0.0050,-0.0033,-0.0109
1774945735.7114,0.0000,0.0000,0.0000,0.0000,0.0000,-3.1316,-0.2127,0.3982,0.0040,-0.0033,-0.0109
1774945735.7314,0.0000,0.0000,0.0000,0.0000,0.0000,-3.1307,-0.2127,-0.9783,0.0040,-0.0033,-0.0119
1774945735.7513,0.0000,0.0000,0.0000,0.0000,0.0000,-3.1306,-0.2126,-0.9896,0.0019,-0.0043,-0.0109
1774945735.7714,0.0000,0.0000,0.0000,0.0000,0.0000,-3.1294,-0.2124,1.2751,0.0040,-0.0043,-0.0109
1774945735.7913,0.0000,0.0000,0.0000,0.0000,0.0000,-3.1291,-0.2125,-0.2290,0.0040,-0.0043,-0.0098
1774945735.8114,0.0000,0.0000,0.0000,0.0000,0.0000,-3.1290,-0.2124,2.2111,0.0029,-0.0033,-0.0098
1774945735.8313,0.0000,0.0000,0.0000,0.0000,0.0000,-3.1293,-0.2123,-0.9738,0.0050,-0.0043,-0.0119
1774945735.8520,0.0000,0.0000,0.0000,0.0000,0.0000,-3.1303,-0.2126,0.4068,0.0029,-0.0033,-0.0098
1774945735.8713,0.0000,0.0000,0.0000,0.0000,0.0000,-3.1303,-0.2124,1.0565,0.0040,-0.0022,-0.0109
1774945735.8914,0.0000,0.0000,0.0000,0.0000,0.0000,-3.1316,-0.2125,-1.3897,0.0019,-0.0033,-0.0109
1774945735.9115,0.0000,0.0000,0.0000,0.0000,0.0000,-3.1307,-0.2127,0.4215,0.0061,-0.0033,-0.0098
1774945735.9313,0.0000,0.0000,0.0000,0.0000,0.0000,-3.1308,-0.2126,1.3117,0.0029,-0.0043,-0.0098
1774945735.9514,0.0000,0.0000,0.0000,0.0000,0.0000,-3.1302,-0.2127,0.9270,0.0050,-0.0043,-0.0119
1774945735.9713,0.0000,0.0000,0.0000,0.0000,0.0000,-3.1291,-0.2127,-0.5101,0.0050,-0.0033,-0.0098
1774945735.9914,0.0000,0.0000,0.0000,0.0000,0.0000,-3.1298,-0.2128,-1.6718,0.0040,-0.0022,-0.0119
1774945736.0113,0.0000,0.0000,0.0000,0.0000,0.0000,-3.1289,-0.2126,1.4929,0.0040,-0.0043,-0.0087
1774945736.0314,0.0000,0.0000,0.0000,0.0000,0.0000,-3.1300,-0.2126,-0.1155,0.0029,-0.0033,-0.0119
1774945736.0513,0.0000,0.0000,0.0000,0.0000,0.0000,-3.1302,-0.2125,0.9474,0.0019,-0.0033,-0.0087
1774945736.0714,0.0000,0.0000,0.0000,0.0000,0.0000,-3.1305,-0.2125,-1.0276,0.0029,-0.0022,-0.0077
1774945736.0914,0.0000,0.0000,0.0000,0.0000,0.0000,-3.1314,-0.2127,0.0574,0.0008,-0.0033,-0.0098
1774945736.1123,0.0000,0.0000,0.0000,0.0000,0.0000,-3.1307,-0.2125,-0.5258,0.0050,-0.0043,-0.0119
1774945736.1314,0.0000,0.0000,0.0000,0.0000,0.0000,-3.1309,-0.2127,-1.5619,0.0040,-0.0043,-0.0098
1774945736.1514,0.0000,0.0000,0.0000,0.0000,0.0000,-3.1300,-0.2127,0.4023,0.0029,-0.0033,-0.0109
1774945736.1713,0.0000,0.0000,0.0000,0.0000,0.0000,-3.1297,-0.2125,1.0638,0.0061,-0.0033,-0.0119
1774945736.1917,0.0000,0.0000,0.0000,0.0000,0.0000,-3.1298,-0.2126,1.0624,0.0019,-0.0022,-0.0098
1774945736.2113,0.0000,0.0000,0.0000,0.0000,0.0000,-3.1292,-0.2124,-0.9590,0.0050,-0.0022,-0.0119
1774945736.2315,0.0000,0.0000,0.0000,0.0000,0.0000,-3.1299,-0.2121,-1.9844,0.0040,-0.0054,-0.0098
1774945736.2514,0.0000,0.0000,0.0000,0.0000,0.0000,-3.1304,-0.2122,1.4320,0.0029,-0.0054,-0.0087
1774945736.2715,0.0000,0.0000,0.0000,0.0000,0.0000,-3.1310,-0.2124,-0.1134,0.0040,-0.0033,-0.0119
1774945736.2914,0.0000,0.0000,0.0000,0.0000,0.0000,-3.1308,-0.2126,3.5642,0.0029,-0.0022,-0.0109
1774945736.3113,0.0000,0.0000,0.0000,0.0000,0.0000,-3.1307,-0.2125,0.3361,0.0040,-0.0022,-0.0119
1774945736.3313,0.0000,0.0000,0.0000,0.0000,0.0000,-3.1302,-0.2127,0.2863,0.0008,-0.0033,-0.0098
1774945736.3513,0.0000,0.0000,0.0000,0.0000,0.0000,-3.1293,-0.2128,1.2971,0.0029,-0.0033,-0.0087
1774945736.3714,0.0000,0.0000,0.0000,0.0000,0.0000,-3.1302,-0.2128,-2.8737,0.0040,-0.0033,-0.0119
1774945736.3914,0.0000,0.0000,0.0000,0.0000,0.0000,-3.1295,-0.2127,0.5089,0.0050,-0.0043,-0.0109
1774945736.4113,0.0000,0.0000,0.0000,0.0000,0.0000,-3.1298,-0.2127,0.2334,0.0040,-0.0033,-0.0109
1774945736.4313,0.0000,0.0000,0.0000,0.0000,0.0000,-3.1300,-0.2126,0.1178,0.0019,-0.0043,-0.0109
1774945736.4513,0.0000,0.0000,0.0000,0.0000,0.0000,-3.1298,-0.2126,-1.8266,0.0040,-0.0043,-0.0109
1774945736.4713,0.0000,0.0000,0.0000,0.0000,0.0000,-3.1302,-0.2128,-2.4362,0.0029,-0.0033,-0.0109
1774945736.4913,0.0000,0.0000,0.0000,0.0000,0.0000,-3.1296,-0.2127,0.7446,0.0040,-0.0054,-0.0109
1774945736.5115,0.0000,0.0000,0.0000,0.0000,0.0000,-3.1300,-0.2127,-0.5255,0.0019,-0.0043,-0.0109
1774945736.5312,0.0000,0.0000,0.0000,0.0000,0.0000,-3.1297,-0.2121,0.9431,0.0029,-0.0043,-0.0109
1774945736.5514,0.0000,0.0000,0.0000,0.0000,0.0000,-3.1288,-0.2123,0.3915,0.0029,-0.0054,-0.0109
1774945736.5713,0.0000,0.0000,0.0000,0.0000,0.0000,-3.1286,-0.2133,0.0000,-0.0003,-0.0033,-0.0087
1774945736.5914,0.0000,0.0000,0.0000,0.0000,0.0000,-3.1293,-0.2129,0.0000,0.0050,-0.0054,-0.0119
1774945736.6114,0.0000,0.0000,0.0000,0.0000,0.0000,-3.1311,-0.2129,-2.0989,0.0040,-0.0043,-0.0109
1774945736.6313,0.0000,0.0000,0.0000,0.0000,0.0000,-3.1311,-0.2128,0.0000,0.0061,-0.0033,-0.0109
1774945736.6513,0.0000,0.0000,0.0000,0.0000,0.0000,-3.1319,-0.2125,0.0000,0.0029,-0.0033,-0.0109
1774945736.6714,0.0000,0.0000,0.0000,0.0000,0.0000,-3.1320,-0.2130,0.0000,0.0029,-0.0043,-0.0119
1774945736.6913,0.0000,0.0000,0.0000,0.0000,0.0000,-3.1304,-0.2130,0.0000,0.0061,-0.0043,-0.0109
1774945736.7114,0.0000,0.0000,0.0000,0.0000,0.0000,-3.1311,-0.2131,0.0000,0.0019,-0.0022,-0.0119
1774945736.7313,0.0000,0.0000,0.0000,0.0000,0.0000,-3.1294,-0.2128,0.0000,0.0040,-0.0033,-0.0109
1774945736.7513,0.0000,0.0000,0.0000,0.0000,0.0000,-3.1286,-0.2129,0.0000,0.0029,-0.0033,-0.0098
1774945736.7714,0.0000,0.0000,0.0000,0.0000,0.0000,-3.1287,-0.2124,0.0000,0.0040,-0.0033,-0.0098
1774945736.7914,0.0000,0.0000,0.0000,0.0000,0.0000,-3.1287,-0.2121,0.0000,0.0029,-0.0022,-0.0098
1774945736.8113,0.0000,0.0000,0.0000,0.0000,0.0000,-3.1300,-0.2127,0.0000,0.0019,-0.0033,-0.0087
1774945736.8313,0.0000,0.0000,0.0000,0.0000,0.0000,-3.1302,-0.2126,1.1393,0.0029,-0.0033,-0.0098
1774945736.8515,0.0000,0.0000,0.0000,0.0000,0.0000,-3.1314,-0.2126,0.0000,0.0008,-0.0033,-0.0109
1774945736.8713,0.0000,0.0000,0.0000,0.0000,0.0000,-3.1313,-0.2127,0.2166,0.0029,-0.0043,-0.0109
1774945736.8913,0.0000,0.0000,0.0000,0.0000,0.0000,-3.1306,-0.2126,-0.3406,0.0061,-0.0033,-0.0109
1774945736.9114,0.0000,0.0000,0.0000,0.0000,0.0000,-3.1305,-0.2127,-0.6967,0.0019,-0.0043,-0.0109
1774945736.9316,0.0000,0.0000,0.0000,0.0000,0.0000,-3.1293,-0.2125,0.0000,0.0072,-0.0043,-0.0119
1774945736.9514,0.0000,0.0000,0.0000,0.0000,0.0000,-3.1298,-0.2127,-0.5365,0.0029,-0.0033,-0.0109
1774945736.9713,0.0000,0.0000,0.0000,0.0000,0.0000,-3.1296,-0.2124,0.3263,0.0040,-0.0043,-0.0098
1774945736.9921,0.0000,0.0000,0.0000,0.0000,0.0000,-3.1298,-0.2126,0.0418,0.0040,-0.0043,-0.0109
1774945737.0113,0.0000,0.0000,0.0000,0.0000,0.0000,-3.1306,-0.2126,0.8295,0.0019,-0.0033,-0.0109
1774945737.0313,0.0000,0.0000,0.0000,0.0000,0.0000,-3.1304,-0.2125,0.0549,0.0050,-0.0033,-0.0109
1774945737.0514,0.0000,0.0000,0.0000,0.0000,0.0000,-3.1315,-0.2127,-1.4937,0.0029,-0.0043,-0.0098
1774945737.0713,0.0000,0.0000,0.0000,0.0000,0.0000,-3.1308,-0.2125,0.9945,0.0029,-0.0043,-0.0098
1774945737.0915,0.0000,0.0000,0.0000,0.0000,0.0000,-3.1306,-0.2126,0.4735,0.0061,-0.0033,-0.0109
1774945737.1115,0.0000,0.0000,0.0000,0.0000,0.0000,-3.1302,-0.2125,0.5844,0.0019,-0.0033,-0.0109
1774945737.1313,0.0000,0.0000,0.0000,0.0000,0.0000,-3.1295,-0.2125,-0.7297,0.0040,-0.0043,-0.0098
1774945737.1514,0.0000,0.0000,0.0000,0.0000,0.0000,-3.1296,-0.2126,0.4345,0.0029,-0.0033,-0.0087
1774945737.1713,0.0000,0.0000,0.0000,0.0000,0.0000,-3.1296,-0.2124,2.8232,0.0061,-0.0033,-0.0119
1774945737.1913,0.0000,0.0000,0.0000,0.0000,0.0000,-3.1296,-0.2126,-0.3448,0.0029,-0.0043,-0.0109
1774945737.2113,0.0000,0.0000,0.0000,0.0000,0.0000,-3.1300,-0.2125,0.5546,0.0029,-0.0033,-0.0098
1774945737.2313,0.0000,0.0000,0.0000,0.0000,0.0000,-3.1304,-0.2123,-0.7033,0.0050,-0.0033,-0.0109
1774945737.2513,0.0000,0.0000,0.0000,0.0000,0.0000,-3.1306,-0.2126,-0.4753,0.0029,-0.0033,-0.0087
1774945737.2716,0.0000,0.0000,0.0000,0.0000,0.0000,-3.1301,-0.2124,0.3834,0.0050,-0.0033,-0.0119
1774945737.2917,0.0000,0.0000,0.0000,0.0000,0.0000,-3.1304,-0.2126,-1.0807,0.0019,-0.0033,-0.0098
1774945737.3114,0.0000,0.0000,0.0000,0.0000,0.0000,-3.1295,-0.2127,0.1139,0.0029,-0.0043,-0.0098
1774945737.3316,0.0000,0.0000,0.0000,0.0000,0.0000,-3.1296,-0.2126,0.9527,0.0029,-0.0033,-0.0098
1774945737.3513,0.0000,0.0000,0.0000,0.0000,0.0000,-3.1293,-0.2125,0.5680,0.0019,-0.0043,-0.0087
1774945737.3721,0.0000,0.0000,0.0000,0.0000,0.0000,-3.1293,-0.2126,-1.7266,0.0040,-0.0022,-0.0098
1774945737.3915,0.0000,0.0000,0.0000,0.0000,0.0000,-3.1302,-0.2127,-1.1185,0.0029,-0.0043,-0.0109
1774945737.4113,0.0000,0.0000,0.0000,0.0000,0.0000,-3.1297,-0.2125,0.5824,0.0040,-0.0043,-0.0109
1774945737.4313,0.0000,0.0000,0.0000,0.0000,0.0000,-3.1307,-0.2125,-2.6703,0.0019,-0.0043,-0.0130
1774945737.4518,0.0000,0.0000,0.0000,0.0000,0.0000,-3.1302,-0.2124,0.3412,0.0019,-0.0033,-0.0109
1774945737.4714,0.0000,0.0000,0.0000,0.0000,0.0000,-3.1305,-0.2143,2.8832,0.0040,-0.0001,-0.0109
1774945737.4913,0.0000,0.0000,0.0000,0.0000,0.0000,-3.1305,-0.2139,-10.0524,0.0008,-0.0075,-0.0098
1774945737.5113,0.0000,0.0000,0.0000,0.0000,0.0000,-3.1304,-0.2177,37.9302,0.0264,0.0276,-0.0066
1774945737.5313,0.0000,0.0000,0.0000,0.0000,0.0000,-3.1308,-0.2216,-4.8211,0.0040,0.0308,0.0126
1774945737.5513,0.0000,0.0000,0.0000,0.0000,0.0000,-3.1306,-0.2264,-4.5869,0.0008,0.0361,0.0190
1774945737.5714,0.0000,0.0000,0.0000,0.0000,0.0000,-3.1303,-0.2307,7.2280,0.0349,0.0372,0.0253
1774945737.5914,0.0000,0.0000,0.0000,0.0000,0.0000,-3.1308,-0.2316,-21.8986,0.0274,-0.1386,0.0371
1774945737.6116,0.0000,0.0000,0.0000,0.0000,0.0000,-3.1335,-0.2299,-37.2994,-0.0631,-0.0779,0.1138
1774945737.6314,0.0000,0.0000,0.0000,0.0000,0.0000,-3.1328,-0.2299,53.8258,-0.0440,-0.0885,0.0147
1774945737.6518,0.0000,0.0000,0.0000,0.0000,0.0000,-3.1298,-0.2309,-51.0322,0.0114,-0.1386,-0.0205
1774945737.6713,0.0000,0.0000,0.0000,0.0000,0.0000,-3.1296,-0.2308,-300.8203,0.0338,-0.1045,0.0381
1774945737.6913,0.0000,0.0000,0.0000,0.0000,0.0000,-3.1304,-0.2303,-141.7943,0.0157,-0.0747,0.0264
1774945737.7113,0.0000,0.0000,0.0000,0.0000,0.0000,-3.1321,-0.2317,53.6631,-0.0248,-0.0896,-0.0173
1774945737.7346,0.0000,0.0000,0.0000,0.0000,0.0000,-3.1329,-0.2319,-12.1844,-0.0610,-0.1205,-0.0514
1774945737.7513,0.0000,0.0000,0.0000,0.0000,0.0000,-3.1325,-0.2314,35.4846,-0.0301,-0.1759,-0.0322
1774945737.7714,0.0000,0.0000,0.0000,0.0000,0.0000,-3.1321,-0.2308,26.8175,-0.0408,-0.1716,-0.0237
1774945737.7914,0.0000,0.0000,0.0000,0.0000,0.0000,-3.1323,-0.2292,-3.2031,-0.0376,-0.2121,0.0062
1774945737.8115,0.0000,0.0000,0.0000,0.0000,0.0000,-3.1324,-0.2286,-43.4943,0.0019,-0.2046,0.0147
1774945737.8313,0.0000,0.0000,0.0000,0.0000,0.0000,-3.1326,-0.2279,3.1574,0.0349,-0.1780,0.0211
1774945737.8513,0.0000,0.0000,0.0000,0.0000,0.0000,-3.1325,-0.2262,24.6228,0.0477,-0.1972,0.0221
1774945737.8712,0.0000,0.0000,0.0000,0.0000,0.0000,-3.1320,-0.2240,-43.1502,0.0082,-0.2067,0.0104
1774945737.8915,0.0000,0.0000,0.0000,0.0000,0.0000,-3.1346,-0.2213,-12.9815,-0.0546,-0.1588,0.0030
1774945737.9114,0.0000,0.0000,0.0000,0.0000,0.0000,-3.1363,-0.2178,-14.8406,-0.0919,-0.0757,0.0211
1774945737.9314,0.0000,0.0000,0.0000,0.0000,0.0000,-3.1363,-0.2159,5.6983,-0.0440,0.0084,0.0264
1774945737.9515,0.0000,0.0000,0.0000,0.0000,0.0000,-3.1356,-0.2152,8.1438,-0.0280,0.0415,0.0179
1774945737.9712,0.0000,0.0000,0.0000,0.0000,0.0000,-3.1331,-0.2118,-35.5405,0.0040,-0.0075,-0.0173
1774945737.9913,0.0000,0.0000,0.0000,0.0000,0.0000,-3.1335,-0.2087,-31.9601,-0.0120,-0.0416,-0.0322
1774945738.0115,0.0000,0.0000,0.0000,0.0000,0.0000,-3.1346,-0.2074,-10.0904,-0.0354,-0.0352,-0.0290
1774945738.0314,0.0000,0.0000,0.0000,0.0000,0.0000,-3.1359,-0.2098,34.2952,-0.0269,0.0287,-0.0194
1774945738.0515,0.0000,0.0000,0.0000,0.0000,0.0000,-3.1381,-0.2121,57.2486,-0.0312,0.0862,-0.0055
1774945738.0713,0.0000,0.0000,0.0000,0.0000,0.0000,-3.1397,-0.2141,26.3147,-0.0088,0.1171,-0.0024
1774945738.0913,0.0000,0.0000,0.0000,0.0000,0.0000,-3.1407,-0.2159,-26.5766,-0.0035,0.1395,0.0062
1774945738.1113,0.0000,0.0000,0.0000,0.0000,0.0000,3.1412,-0.2188,-49.3833,0.0146,0.1373,0.0094
1774945738.1312,0.0000,0.0000,0.0000,0.0000,0.0000,3.1401,-0.2217,-56.6607,0.0327,0.1469,0.0051
1774945738.1512,0.0000,0.0000,0.0000,0.0000,0.0000,3.1413,-0.2224,-28.2837,0.0104,0.1384,-0.0024
1774945738.1712,0.0000,0.0000,0.0000,0.0000,0.0000,-3.1411,-0.2217,-14.0098,0.0082,0.0990,-0.0183
1774945738.1917,0.0000,0.0000,0.0000,0.0000,0.0000,-3.1390,-0.2208,8.5476,0.0114,0.0819,-0.0151
1774945738.2114,0.0000,0.0000,0.0000,0.0000,0.0000,-3.1398,-0.2190,62.3389,-0.0088,0.0628,0.0083
1774945738.2313,0.0000,0.0000,0.0000,0.0000,0.0000,-3.1403,-0.2174,43.9722,-0.0280,0.0468,0.0168
1774945738.2513,0.0000,0.0000,0.0000,0.0000,0.0000,-3.1389,-0.2167,1.4047,-0.0195,0.0905,0.0232
1774945738.2713,0.0000,0.0000,0.0000,0.0000,0.0000,-3.1378,-0.2162,28.1606,-0.0333,0.0873,0.0158
1774945738.2914,0.0000,0.0000,0.0000,0.0000,0.0000,-3.1364,-0.2156,39.4529,-0.0738,-0.0129,-0.0386
1774945738.3124,0.0000,0.0000,0.0000,0.0000,0.0000,-3.1343,-0.2179,37.8580,-0.0354,0.0393,-0.1366
1774945738.3314,0.0000,0.0000,0.0000,0.0000,0.0000,-3.1322,-0.2204,4.5174,0.0253,0.0202,-0.1994
1774945738.3514,0.0000,0.0000,0.0000,0.0000,0.0000,-3.1344,-0.2231,-53.8614,0.0210,-0.0012,-0.1803
1774945738.3713,0.0000,0.0000,0.0000,0.0000,0.0000,-3.1375,-0.2244,-9.5884,0.0210,-0.0342,-0.1621
1774945738.3913,0.0000,0.0000,0.0000,0.0000,0.0000,-3.1404,-0.2243,-27.4971,-0.0077,-0.0565,-0.1334
1774945738.4113,0.0000,0.0000,0.0000,0.0000,0.0000,3.1390,-0.2236,-7.9003,-0.0312,-0.0118,-0.0929
1774945738.4313,0.0000,0.0000,0.0000,0.0000,0.0000,3.1396,-0.2207,10.8646,-0.0227,-0.0629,-0.0972
1774945738.4513,0.0000,0.0000,0.0000,0.0000,0.0000,-3.1402,-0.2186,-27.4911,0.0338,-0.0619,-0.1174
1774945738.4713,0.0000,0.0000,0.0000,0.0000,0.0000,-3.1383,-0.2158,-15.4670,0.0434,-0.0278,-0.1430
1774945738.4912,0.0000,0.0000,0.0000,0.0000,0.0000,-3.1382,-0.2127,-1.0703,0.0743,-0.0086,-0.1803
1774945738.5112,0.0000,0.0000,0.0000,0.0000,0.0000,-3.1381,-0.2101,8.7310,0.0924,0.0265,-0.1984
1774945738.5313,0.0000,0.0000,0.0000,0.0000,0.0000,-3.1378,-0.2070,40.1950,0.1126,0.0159,-0.2101
1774945738.5513,0.0000,0.0000,0.0000,0.0000,0.0000,-3.1395,-0.2044,-3.9456,0.0860,-0.0342,-0.1962
1774945738.5714,0.0000,0.0000,0.0000,0.0000,0.0000,-3.1414,-0.2036,-49.2648,0.0381,-0.0161,-0.1728
1774945738.5913,0.0000,0.0000,0.0000,0.0000,0.0000,3.1406,-0.2021,8.7616,-0.0216,-0.0267,-0.1557
1774945738.6113,0.0000,0.0000,0.0000,0.0000,0.0000,-3.1414,-0.2025,22.8982,-0.0440,-0.0779,-0.1579
1774945738.6313,0.0000,0.0000,0.0000,0.0000,0.0000,-3.1394,-0.2018,-37.5666,-0.0408,-0.0629,-0.1632
1774945738.6514,0.0000,0.0000,0.0000,0.0000,0.0000,-3.1379,-0.2011,-7.9769,-0.0376,-0.0448,-0.1611
1774945738.6714,0.0000,0.0000,0.0000,0.0000,0.0000,-3.1358,-0.2005,-11.5462,-0.0237,-0.0704,-0.1632
1774945738.6913,0.0000,0.0000,0.0000,0.0000,0.0000,-3.1339,-0.2016,-45.0418,-0.0301,-0.0395,-0.1962
1774945738.7113,0.0000,0.0000,0.0000,0.0000,0.0000,-3.1319,-0.2019,-12.8683,-0.0248,0.0127,-0.2186
1774945738.7313,0.0000,0.0000,0.0000,0.0000,0.0000,-3.1326,-0.2020,51.4592,-0.0205,0.0404,-0.2250
1774945738.7514,0.0000,0.0000,0.0000,0.0000,0.0000,-3.1360,-0.2011,-25.2998,-0.0482,0.0393,-0.2143
1774945738.7713,0.0000,0.0000,0.0000,0.0000,0.0000,-3.1414,-0.2023,10.8252,-0.0663,0.1352,-0.2016
1774945738.7914,0.0000,0.0000,0.0000,0.0000,0.0000,3.1370,-0.2024,23.8417,-0.0823,0.0969,-0.1685
1774945738.8114,0.0000,0.0000,0.0000,0.0000,0.0000,3.1361,-0.2014,-80.4062,-0.0663,0.0841,-0.1579
1774945738.8314,0.0000,0.0000,0.0000,0.0000,0.0000,3.1326,-0.2019,12.9327,-0.0727,0.1309,-0.1110
1774945738.8514,0.0000,0.0000,0.0000,0.0000,0.0000,3.1300,-0.2015,39.2792,-0.0898,0.0628,-0.0897
1774945738.8713,0.0000,0.0000,0.0000,0.0000,0.0000,3.1267,-0.2031,24.1413,-0.0844,0.0191,-0.0673
1774945738.8914,0.0000,0.0000,0.0000,0.0000,0.0000,3.1234,-0.2030,16.9604,-0.1249,0.0127,-0.0471
1774945738.9115,0.0000,0.0000,0.0000,0.0000,0.0000,3.1237,-0.2018,-17.6255,-0.0344,-0.0416,-0.0545
1774945738.9313,0.0000,0.0000,0.0000,0.0000,0.0000,3.1210,-0.2034,-41.8666,0.0061,-0.0182,-0.0471
1774945738.9514,0.0000,0.0000,0.0000,0.0000,0.0000,3.1196,-0.2012,0.0000,0.1169,-0.0555,0.0051
1774945738.9713,0.0000,0.0000,0.0000,0.0000,0.0000,3.1179,-0.1989,-81.6658,0.0732,-0.0661,0.0754
1774945738.9913,0.0000,0.0000,0.0000,0.0000,0.0000,3.1147,-0.1991,-76.1927,0.0295,-0.0235,0.1255
1774945739.0115,0.0000,0.0000,0.0000,0.0000,0.0000,3.1127,-0.2019,-21.0321,-0.0024,0.0415,0.1233
1774945739.0314,0.0000,0.0000,0.0000,0.0000,0.0000,3.1130,-0.2058,12.1570,-0.0045,0.0191,0.0957
1774945739.0512,0.0000,0.0000,0.0000,0.0000,0.0000,3.1164,-0.2050,7.9153,-0.0024,-0.0704,0.0552
1774945739.0714,0.0000,0.0000,0.0000,0.0000,0.0000,3.1192,-0.2060,3.1835,-0.0280,-0.0896,0.0072
1774945739.0914,0.0000,0.0000,0.0000,0.0000,0.0000,3.1213,-0.2073,0.0000,-0.0354,-0.0576,-0.0162
1774945739.1114,0.0000,0.0000,0.0000,0.0000,0.0000,3.1245,-0.2079,0.0000,-0.0067,-0.0267,-0.0226
1774945739.1314,0.0000,0.0000,0.0000,0.0000,0.0000,3.1259,-0.2106,0.0000,0.0338,-0.0374,-0.0098
1774945739.1513,0.0000,0.0000,0.0000,0.0000,0.0000,3.1248,-0.2127,0.0000,0.0402,-0.0906,0.0051
1774945739.1714,0.0000,0.0000,0.0000,0.0000,0.0000,3.1243,-0.2137,0.0000,0.0082,-0.1119,0.0179
1774945739.1914,0.0000,0.0000,0.0000,0.0000,0.0000,3.1232,-0.2122,0.0000,0.0072,-0.1897,0.0126
1774945739.2118,0.0000,0.0000,0.0000,0.0000,0.0000,3.1221,-0.2112,4.0361,0.0104,-0.2685,0.0190
1774945739.2313,0.0000,0.0000,0.0000,0.0000,0.0000,3.1211,-0.2081,0.0000,0.0189,-0.2355,0.0221
1774945739.2517,0.0000,0.0000,0.0000,0.0000,0.0000,3.1220,-0.2072,55.1127,0.0540,-0.1812,0.0104
1774945739.2712,0.0000,0.0000,0.0000,0.0000,0.0000,3.1246,-0.2083,0.0000,0.1531,-0.1173,0.0094
1774945739.2917,0.0000,0.0000,0.0000,0.0000,0.0000,3.1271,-0.2072,0.0000,0.2192,-0.0054,0.0104
1774945739.3122,0.0000,0.0000,0.0000,0.0000,0.0000,3.1295,-0.2040,0.0000,0.1936,-0.0139,0.0040
1774945739.3312,0.0000,0.0000,0.0000,0.0000,0.0000,3.1307,-0.2034,0.0000,0.1595,-0.0938,0.0030
1774945739.3513,0.0000,0.0000,0.0000,0.0000,0.0000,3.1325,-0.1984,0.0000,0.1478,-0.0992,0.0158
1774945739.3712,0.0000,0.0000,0.0000,0.0000,0.0000,3.1349,-0.1939,0.0000,0.1574,-0.0235,0.0275
1774945739.3913,0.0000,0.0000,0.0000,0.0000,0.0000,3.1361,-0.1935,0.0000,0.0945,0.0692,0.0509
1774945739.4113,0.0000,0.0000,0.0000,0.0000,0.0000,3.1372,-0.1950,0.0000,-0.0216,0.1853,0.0360
1774945739.4313,0.0000,0.0000,0.0000,0.0000,0.0000,3.1404,-0.1967,0.0000,-0.0077,0.1693,0.0371
1774945739.4513,0.0000,0.0000,0.0000,0.0000,0.0000,-3.1400,-0.1984,22.5339,-0.0397,0.0500,0.0232
1774945739.4714,0.0000,0.0000,0.0000,0.0000,0.0000,-3.1375,-0.1989,0.0000,-0.0823,0.0042,0.0083
1774945739.4914,0.0000,0.0000,0.0000,0.0000,0.0000,-3.1368,-0.2009,1.6665,-0.0983,-0.0139,-0.0024
1774945739.5113,0.0000,0.0000,0.0000,0.0000,0.0000,-3.1347,-0.2026,2.0437,-0.0823,0.0287,-0.0055
1774945739.5314,0.0000,0.0000,0.0000,0.0000,0.0000,-3.1363,-0.2038,-18.8930,-0.0951,0.0851,0.0019
1774945739.5514,0.0000,0.0000,0.0000,0.0000,0.0000,-3.1406,-0.2056,12.3848,-0.1025,0.1214,0.0051
1774945739.5714,0.0000,0.0000,0.0000,0.0000,0.0000,3.1407,-0.2038,29.7834,-0.0770,0.0819,-0.0077
1774945739.5912,0.0000,0.0000,0.0000,0.0000,0.0000,3.1381,-0.2024,65.8597,-0.0567,0.0308,-0.0173
1774945739.6116,0.0000,0.0000,0.0000,0.0000,0.0000,3.1373,-0.2001,-25.2753,-0.0780,0.0127,-0.0269
1774945739.6314,0.0000,0.0000,0.0000,0.0000,0.0000,3.1357,-0.1977,17.3549,-0.0685,0.0212,-0.0237
1774945739.6515,0.0000,0.0000,0.0000,0.0000,0.0000,3.1342,-0.1982,-22.2123,-0.0514,0.0681,-0.0183
1774945739.6713,0.0000,0.0000,0.0000,0.0000,0.0000,3.1345,-0.2001,7.6364,-0.0131,0.1064,-0.0066
1774945739.6912,0.0000,0.0000,0.0000,0.0000,0.0000,3.1331,-0.2018,54.6209,0.0423,0.0937,-0.0045
1774945739.7115,0.0000,0.0000,0.0000,0.0000,0.0000,3.1328,-0.2014,-26.0945,0.0860,0.0660,-0.0087
1774945739.7314,0.0000,0.0000,0.0000,0.0000,0.0000,3.1322,-0.1981,-1.0964,0.1574,-0.0661,-0.0066
1774945739.7513,0.0000,0.0000,0.0000,0.0000,0.0000,3.1310,-0.1955,-22.1874,0.1222,-0.1013,-0.0034
1774945739.7714,0.0000,0.0000,0.0000,0.0000,0.0000,3.1295,-0.1923,15.9495,0.0871,-0.1087,0.0030
1774945739.7914,0.0000,0.0000,0.0000,0.0000,0.0000,3.1299,-0.1906,-13.3830,0.0775,-0.0725,0.0072
1774945739.8112,0.0000,0.0000,0.0000,0.0000,0.0000,3.1346,-0.1916,11.8138,0.0967,-0.0288,0.0147
1774945739.8312,0.0000,0.0000,0.0000,0.0000,0.0000,3.1403,-0.1931,-25.7354,0.1062,0.0265,0.0051
1774945739.8513,0.0000,0.0000,0.0000,0.0000,0.0000,-3.1369,-0.1939,-32.7500,0.1201,0.0542,0.0094
1774945739.8714,0.0000,0.0000,0.0000,0.0000,0.0000,-3.1339,-0.1953,-52.8116,0.1659,0.1043,0.0307
1774945739.8915,0.0000,0.0000,0.0000,0.0000,0.0000,-3.1347,-0.1971,-46.7987,0.0860,0.1661,0.0317
1774945739.9114,0.0000,0.0000,0.0000,0.0000,0.0000,-3.1372,-0.2000,23.2495,-0.0557,0.2194,0.0243
1774945739.9337,0.0000,0.0000,0.0000,0.0000,0.0000,-3.1379,-0.2014,41.6343,-0.0972,0.2002,0.0264
1774945739.9527,0.0000,0.0000,0.0000,0.0000,0.0000,-3.1363,-0.2032,6.5140,-0.1004,0.1618,0.0200
1774945739.9713,0.0000,0.0000,0.0000,0.0000,0.0000,-3.1354,-0.2050,-10.8961,-0.1675,0.1629,0.0019
1774945739.9914,0.0000,0.0000,0.0000,0.0000,0.0000,-3.1359,-0.2067,23.2089,-0.2293,0.1565,-0.0045
1774945740.0113,0.0000,0.0000,0.0000,0.0000,0.0000,-3.1359,-0.2091,-17.1271,-0.1665,0.1597,-0.0194
1774945740.0313,0.0000,0.0000,0.0000,0.0000,0.0000,-3.1347,-0.2102,-22.8175,-0.1004,0.1384,-0.0258
1774945740.0513,0.0000,0.0000,0.0000,0.0000,0.0000,-3.1380,-0.2118,-6.2618,-0.1111,0.1224,-0.0418
1774945740.0714,0.0000,0.0000,0.0000,0.0000,0.0000,3.1388,-0.2125,47.5361,-0.1569,0.0755,-0.0514
1774945740.0912,0.0000,0.0000,0.0000,0.0000,0.0000,3.1314,-0.2143,7.3444,-0.1462,0.0670,-0.0482
1774945740.1114,0.0000,0.0000,0.0000,0.0000,0.0000,3.1252,-0.2158,34.2283,-0.0951,0.0361,-0.0332
1774945740.1314,0.0000,0.0000,0.0000,0.0000,0.0000,3.1205,-0.2163,-28.8895,-0.0461,0.0425,-0.0205
1774945740.1515,0.0000,0.0000,0.0000,0.0000,0.0000,3.1160,-0.2161,-2.5307,-0.0344,0.0159,0.0104
1774945740.1713,0.0000,0.0000,0.0000,0.0000,0.0000,3.1122,-0.2144,16.5814,-0.0205,-0.0491,0.0190
1774945740.1914,0.0000,0.0000,0.0000,0.0000,0.0000,3.1118,-0.2109,13.7645,0.0146,-0.0693,0.0094
1774945740.2113,0.0000,0.0000,0.0000,0.0000,0.0000,3.1120,-0.2067,34.4789,0.0945,-0.0821,0.0072
1774945740.2314,0.0000,0.0000,0.0000,0.0000,0.0000,3.1130,-0.2016,-54.3377,0.1339,-0.0789,0.0062
1774945740.2515,0.0000,0.0000,0.0000,0.0000,0.0000,3.1137,-0.2020,-59.9984,0.1638,-0.0097,-0.0066
1774945740.2714,0.0000,0.0000,0.0000,0.0000,0.0000,3.1141,-0.2001,39.3559,0.1840,-0.0395,0.0083
1774945740.2914,0.0000,0.0000,0.0000,0.0000,0.0000,3.1156,-0.1977,10.1973,0.1947,-0.1034,0.0179
1774945740.3114,0.0000,0.0000,0.0000,0.0000,0.0000,3.1163,-0.1959,3.0404,0.1521,-0.1034,0.0403
1774945740.3318,0.0000,0.0000,0.0000,0.0000,0.0000,3.1177,-0.1945,3.2171,0.0924,-0.0267,0.0456
1774945740.3513,0.0000,0.0000,0.0000,0.0000,0.0000,3.1229,-0.1962,24.1611,0.0903,0.0404,0.0477
1774945740.3714,0.0000,0.0000,0.0000,0.0000,0.0000,3.1283,-0.1981,-27.4391,0.0881,0.1000,0.0275
1774945740.3914,0.0000,0.0000,0.0000,0.0000,0.0000,3.1334,-0.2000,4.9312,0.0594,0.1309,-0.0013
1774945740.4118,0.0000,0.0000,0.0000,0.0000,0.0000,3.1383,-0.2020,8.0829,0.0477,0.1171,-0.0247
1774945740.4313,0.0000,0.0000,0.0000,0.0000,0.0000,3.1415,-0.2039,22.6357,0.0530,0.0766,-0.0258
1774945740.4514,0.0000,0.0000,0.0000,0.0000,0.0000,-3.1399,-0.2061,-9.4737,0.0540,0.0585,-0.0332
1774945740.4714,0.0000,0.0000,0.0000,0.0000,0.0000,3.1416,-0.2061,-17.5053,0.0232,0.0521,-0.0247
1774945740.4913,0.0000,0.0000,0.0000,0.0000,0.0000,3.1392,-0.2057,33.2677,0.0168,0.0415,-0.0034
1774945740.5113,0.0000,0.0000,0.0000,0.0000,0.0000,3.1393,-0.2043,-4.0960,0.0455,0.0457,0.0051
1774945740.5313,0.0000,0.0000,0.0000,0.0000,0.0000,-3.1415,-0.2026,19.8835,0.0849,0.0905,0.0051
1774945740.5513,0.0000,0.0000,0.0000,0.0000,0.0000,-3.1405,-0.2020,31.4347,0.0732,0.1011,-0.0034
1774945740.5713,0.0000,0.0000,0.0000,0.0000,0.0000,-3.1404,-0.2014,-2.1695,0.0295,0.0851,-0.0098
1774945740.5913,0.0000,0.0000,0.0000,0.0000,0.0000,3.1414,-0.2017,1.4423,-0.0088,0.0415,0.0051
1774945740.6113,0.0000,0.0000,0.0000,0.0000,0.0000,-3.1410,-0.2045,11.4021,-0.0227,0.0106,0.0136
1774945740.6313,0.0000,0.0000,0.0000,0.0000,0.0000,-3.1390,-0.2082,-9.2627,0.0008,0.0383,0.0136
1774945740.6513,0.0000,0.0000,0.0000,0.0000,0.0000,-3.1366,-0.2119,12.8401,-0.0003,0.0361,0.0158
1774945740.6713,0.0000,0.0000,0.0000,0.0000,0.0000,-3.1341,-0.2132,25.3573,0.0168,-0.0342,0.0051
1774945740.6913,0.0000,0.0000,0.0000,0.0000,0.0000,-3.1333,-0.2135,0.2684,0.0221,-0.0842,-0.0013
1774945740.7113,0.0000,0.0000,0.0000,0.0000,0.0000,-3.1327,-0.2152,-14.2056,0.0477,-0.0800,-0.0066
1774945740.7313,0.0000,0.0000,0.0000,0.0000,0.0000,-3.1334,-0.2159,-19.4161,0.0359,-0.1013,-0.0098
1774945740.7514,0.0000,0.0000,0.0000,0.0000,0.0000,-3.1357,-0.2156,-40.3743,0.0295,-0.1460,-0.0002
1774945740.7712,0.0000,0.0000,0.0000,0.0000,0.0000,-3.1370,-0.2163,-21.8473,0.0274,-0.1237,0.0147
1774945740.7913,0.0000,0.0000,0.0000,0.0000,0.0000,-3.1388,-0.2166,18.4822,0.0317,-0.1066,0.0307
1774945740.8114,0.0000,0.0000,0.0000,0.0000,0.0000,-3.1375,-0.2146,8.6594,0.0487,-0.0917,0.0381
1774945740.8313,0.0000,0.0000,0.0000,0.0000,0.0000,-3.1362,-0.2149,18.1624,0.0391,-0.0853,0.0403
1774945740.8514,0.0000,0.0000,0.0000,0.0000,0.0000,-3.1343,-0.2147,35.5802,0.0295,-0.0810,0.0424
1774945740.8713,0.0000,0.0000,0.0000,0.0000,0.0000,-3.1313,-0.2150,2.2938,0.0317,-0.1013,0.0211
1774945740.8914,0.0000,0.0000,0.0000,0.0000,0.0000,-3.1285,-0.2128,4.6957,0.0455,-0.1247,0.0104
1774945740.9112,0.0000,0.0000,0.0000,0.0000,0.0000,-3.1258,-0.2095,-41.5143,0.0434,-0.1492,0.0158
1774945740.9313,0.0000,0.0000,0.0000,0.0000,0.0000,-3.1258,-0.2099,-60.8454,0.0136,-0.0768,0.0136
1774945740.9514,0.0000,0.0000,0.0000,0.0000,0.0000,-3.1253,-0.2070,-12.5542,0.0019,-0.0885,0.0232
1774945740.9713,0.0000,0.0000,0.0000,0.0000,0.0000,-3.1253,-0.2046,25.1822,-0.0397,-0.1034,0.0307
1774945740.9913,0.0000,0.0000,0.0000,0.0000,0.0000,-3.1238,-0.2045,-19.8037,-0.0844,-0.0715,0.0158
1774945741.0113,0.0000,0.0000,0.0000,0.0000,0.0000,-3.1223,-0.2049,13.7623,-0.1228,-0.0075,-0.0002
1774945741.0314,0.0000,0.0000,0.0000,0.0000,0.0000,-3.1212,-0.2046,57.2757,-0.1175,-0.0193,-0.0162
1774945741.0514,0.0000,0.0000,0.0000,0.0000,0.0000,-3.1209,-0.2058,-46.8377,-0.1207,-0.0619,-0.0119
1774945741.0713,0.0000,0.0000,0.0000,0.0000,0.0000,-3.1230,-0.2060,40.5382,-0.0642,-0.0715,-0.0109
1774945741.0914,0.0000,0.0000,0.0000,0.0000,0.0000,-3.1225,-0.2065,3.6325,-0.0088,-0.0651,-0.0173
1774945741.1113,0.0000,0.0000,0.0000,0.0000,0.0000,-3.1262,-0.2064,1.6748,-0.0045,-0.0970,-0.0087
1774945741.1313,0.0000,0.0000,0.0000,0.0000,0.0000,-3.1298,-0.2072,-3.8496,-0.0258,-0.0427,-0.0087
1774945741.1513,0.0000,0.0000,0.0000,0.0000,0.0000,-3.1347,-0.2070,-3.9477,-0.0940,-0.0161,-0.0002
1774945741.1714,0.0000,0.0000,0.0000,0.0000,0.0000,-3.1384,-0.2086,21.4892,-0.1260,0.0084,0.0104
1774945741.1913,0.0000,0.0000,0.0000,0.0000,0.0000,-3.1399,-0.2101,-4.9429,-0.0972,0.0127,0.0200
1774945741.2114,0.0000,0.0000,0.0000,0.0000,0.0000,-3.1374,-0.2113,88.1620,-0.0535,0.0265,0.0221
1774945741.2313,0.0000,0.0000,0.0000,0.0000,0.0000,-3.1364,-0.2092,9.5092,-0.0770,-0.0502,0.0158
1774945741.2514,0.0000,0.0000,0.0000,0.0000,0.0000,-3.1356,-0.2060,-25.5530,-0.0993,-0.0800,0.0051
1774945741.2714,0.0000,0.0000,0.0000,0.0000,0.0000,-3.1331,-0.2056,-6.7811,-0.0535,-0.0182,-0.0215
1774945741.2913,0.0000,0.0000,0.0000,0.0000,0.0000,-3.1335,-0.2080,-24.5723,-0.0535,0.0383,-0.0141
1774945741.3115,0.0000,0.0000,0.0000,0.0000,0.0000,-3.1372,-0.2097,56.1566,-0.0898,0.0372,-0.0151
1774945741.3314,0.0000,0.0000,0.0000,0.0000,0.0000,3.1409,-0.2111,-34.5863,-0.0759,0.0052,-0.0162
1774945741.3518,0.0000,0.0000,0.0000,0.0000,0.0000,3.1375,-0.2124,22.3113,-0.0418,-0.1013,0.0094
1774945741.3715,0.0000,0.0000,0.0000,0.0000,0.0000,3.1351,-0.2106,5.1183,0.0072,-0.1620,0.0349
1774945741.3912,0.0000,0.0000,0.0000,0.0000,0.0000,3.1341,-0.2089,15.8365,0.0423,-0.1130,0.0243
1774945741.4113,0.0000,0.0000,0.0000,0.0000,0.0000,3.1319,-0.2069,-28.0344,0.0061,-0.0267,0.0072
1774945741.4314,0.0000,0.0000,0.0000,0.0000,0.0000,3.1316,-0.2056,24.9352,0.0562,0.0265,-0.0077
1774945741.4515,0.0000,0.0000,0.0000,0.0000,0.0000,3.1322,-0.2058,47.5219,0.1031,0.0702,-0.0173
1774945741.4714,0.0000,0.0000,0.0000,0.0000,0.0000,3.1317,-0.2054,121.5124,0.1425,0.0457,-0.0055
1774945741.4914,0.0000,0.0000,0.0000,0.0000,0.0000,3.1329,-0.2026,22.0910,0.1904,-0.0171,0.0083
1774945741.5114,0.0000,0.0000,0.0000,0.0000,0.0000,3.1342,-0.1992,41.5055,0.2021,-0.0470,0.0307
1774945741.5314,0.0000,0.0000,0.0000,0.0000,0.0000,3.1349,-0.1961,17.7032,0.1734,-0.0832,0.0413
1774945741.5514,0.0000,0.0000,0.0000,0.0000,0.0000,3.1356,-0.1943,-18.6347,0.1052,-0.0608,0.0381
1774945741.5714,0.0000,0.0000,0.0000,0.0000,0.0000,3.1388,-0.1928,-23.6856,0.1073,-0.0246,0.0435
1774945741.5912,0.0000,0.0000,0.0000,0.0000,0.0000,-3.1379,-0.1912,61.8099,0.1265,-0.0352,0.0573
1774945741.6114,0.0000,0.0000,0.0000,0.0000,0.0000,-3.1314,-0.1900,-25.3404,0.1307,-0.0193,0.0541
1774945741.6313,0.0000,0.0000,0.0000,0.0000,0.0000,-3.1264,-0.1915,-40.9198,0.0668,0.0745,0.0467
1774945741.6513,0.0000,0.0000,0.0000,0.0000,0.0000,-3.1238,-0.1904,0.0000,0.0104,0.1203,0.0275
1774945741.6716,0.0000,0.0000,0.0000,0.0000,0.0000,-3.1203,-0.1946,0.0000,-0.0120,0.1767,0.0136
1774945741.6912,0.0000,0.0000,0.0000,0.0000,0.0000,-3.1170,-0.1964,0.0000,0.0210,0.2332,-0.0013
1774945741.7114,0.0000,0.0000,0.0000,0.0000,0.0000,-3.1156,-0.1970,0.0000,0.0232,0.2162,-0.0087
1774945741.7314,0.0000,0.0000,0.0000,0.0000,0.0000,-3.1166,-0.1974,0.0000,0.0295,0.1746,-0.0173
1774945741.7514,0.0000,0.0000,0.0000,0.0000,0.0000,-3.1193,-0.2006,0.0000,0.0413,0.1395,-0.0247
1774945741.7713,0.0000,0.0000,0.0000,0.0000,0.0000,-3.1228,-0.2032,0.0000,0.0178,0.0969,-0.0098
1774945741.7913,0.0000,0.0000,0.0000,0.0000,0.0000,-3.1257,-0.2022,0.0000,-0.0056,0.0489,-0.0013
1774945741.8113,0.0000,0.0000,0.0000,0.0000,0.0000,-3.1241,-0.2040,0.0000,-0.0237,0.0223,0.0030
1774945741.8312,0.0000,0.0000,0.0000,0.0000,0.0000,-3.1220,-0.2053,0.0000,-0.0631,-0.0565,0.0136
1774945741.8512,0.0000,0.0000,0.0000,0.0000,0.0000,-3.1194,-0.2037,0.0000,-0.0695,-0.1247,0.0019
1774945741.8713,0.0000,0.0000,0.0000,0.0000,0.0000,-3.1191,-0.2025,0.0000,-0.1260,-0.1535,0.0072
1774945741.8913,0.0000,0.0000,0.0000,0.0000,0.0000,-3.1187,-0.1995,0.0000,-0.1665,-0.1375,0.0094
1774945741.9113,0.0000,0.0000,0.0000,0.0000,0.0000,-3.1177,-0.1976,0.0000,-0.1462,-0.0587,-0.0002
1774945741.9315,0.0000,0.0000,0.0000,0.0000,0.0000,-3.1166,-0.1961,0.0000,-0.1270,-0.0107,-0.0066
1774945741.9554,0.0000,0.0000,0.0000,0.0000,0.0000,-3.1171,-0.1967,0.0000,-0.1153,-0.0203,-0.0279
1774945741.9713,0.0000,0.0000,0.0000,0.0000,0.0000,-3.1233,-0.1968,0.0000,-0.1132,-0.0533,-0.0300
1774945741.9913,0.0000,0.0000,0.0000,0.0000,0.0000,-3.1262,-0.1956,-5.7166,-0.0631,-0.0789,-0.0503
1774945742.0113,0.0000,0.0000,0.0000,0.0000,0.0000,-3.1292,-0.1926,60.8813,0.0210,-0.0235,-0.0396
1774945742.0313,0.0000,0.0000,0.0000,0.0000,0.0000,-3.1322,-0.1929,-1.3662,0.0754,0.0628,-0.0162
1774945742.0514,0.0000,0.0000,0.0000,0.0000,0.0000,-3.1349,-0.1948,-1.8336,0.0551,0.1245,-0.0130
1774945742.0716,0.0000,0.0000,0.0000,0.0000,0.0000,-3.1379,-0.1966,44.6297,0.0306,0.0990,0.0072
1774945742.0913,0.0000,0.0000,0.0000,0.0000,0.0000,-3.1405,-0.1955,-14.8216,0.0050,-0.0022,0.0243
1774945742.1116,0.0000,0.0000,0.0000,0.0000,0.0000,3.1414,-0.1941,2.1866,0.0072,-0.0448,0.0467
1774945742.1312,0.0000,0.0000,0.0000,0.0000,0.0000,-3.1394,-0.1913,-92.8732,-0.0280,0.0138,-0.0332
1774945742.1513,0.0000,0.0000,0.0000,0.0000,0.0000,-3.1360,-0.1923,-4.8990,0.0839,0.0862,-0.1547
1774945742.1714,0.0000,0.0000,0.0000,0.0000,0.0000,-3.1328,-0.1932,67.3008,0.1020,0.0692,-0.2048
1774945742.1916,0.0000,0.0000,0.0000,0.0000,0.0000,-3.1308,-0.1933,2.0508,0.0839,0.0223,-0.2048
1774945742.2113,0.0000,0.0000,0.0000,0.0000,0.0000,-3.1309,-0.1916,-40.8148,0.1265,-0.0267,-0.1366
1774945742.2313,0.0000,0.0000,0.0000,0.0000,0.0000,-3.1318,-0.1887,-32.0092,0.0732,-0.0938,0.0051
1774945742.2516,0.0000,0.0000,0.0000,0.0000,0.0000,-3.1351,-0.1890,5.9396,-0.0397,0.0649,0.1052
1774945742.2714,0.0000,0.0000,0.0000,0.0000,0.0000,-3.1374,-0.1907,2.2931,-0.0173,0.1767,0.1425
1774945742.2916,0.0000,0.0000,0.0000,0.0000,0.0000,-3.1360,-0.1939,-68.9822,0.0061,0.2332,0.1297
1774945742.3114,0.0000,0.0000,0.0000,0.0000,0.0000,-3.1325,-0.1969,8.9138,0.0381,0.2417,0.0754
1774945742.3314,0.0000,0.0000,0.0000,0.0000,0.0000,-3.1296,-0.1986,20.9548,0.0114,0.1512,0.0221
1774945742.3514,0.0000,0.0000,0.0000,0.0000,0.0000,-3.1278,-0.2002,-48.8514,-0.0131,0.1054,-0.0258
1774945742.3714,0.0000,0.0000,0.0000,0.0000,0.0000,-3.1264,-0.2026,14.5901,-0.0173,0.1011,-0.0428
1774945742.3914,0.0000,0.0000,0.0000,0.0000,0.0000,-3.1257,-0.2026,31.4361,-0.0056,0.0084,-0.0226
1774945742.4113,0.0000,0.0000,0.0000,0.0000,0.0000,-3.1269,-0.2048,-24.1375,0.0050,-0.0576,-0.0045
1774945742.4313,0.0000,0.0000,0.0000,0.0000,0.0000,-3.1281,-0.2062,-40.5675,-0.0205,-0.0459,0.0126
1774945742.4514,0.0000,0.0000,0.0000,0.0000,0.0000,-3.1281,-0.2080,3.7376,-0.0163,-0.0480,0.0243
1774945742.4714,0.0000,0.0000,0.0000,0.0000,0.0000,-3.1267,-0.2092,-0.0575,0.0019,-0.0448,0.0243
1774945742.4913,0.0000,0.0000,0.0000,0.0000,0.0000,-3.1261,-0.2120,1.2496,0.0093,-0.0097,0.0179
1774945742.5113,0.0000,0.0000,0.0000,0.0000,0.0000,-3.1273,-0.2130,7.7357,-0.0163,-0.0406,-0.0034
1774945742.5313,0.0000,0.0000,0.0000,0.0000,0.0000,-3.1294,-0.2131,-3.3096,-0.0397,-0.1045,-0.0055
1774945742.5513,0.0000,0.0000,0.0000,0.0000,0.0000,-3.1303,-0.2123,7.4749,-0.0610,-0.1279,0.0040
1774945742.5712,0.0000,0.0000,0.0000,0.0000,0.0000,-3.1320,-0.2131,32.7693,-0.0514,-0.0800,0.0115
1774945742.5914,0.0000,0.0000,0.0000,0.0000,0.0000,-3.1318,-0.2117,9.8078,-0.0525,-0.0874,0.0040
1774945742.6114,0.0000,0.0000,0.0000,0.0000,0.0000,-3.1306,-0.2111,17.2820,-0.0503,-0.1151,-0.0087
1774945742.6315,0.0000,0.0000,0.0000,0.0000,0.0000,-3.1282,-0.2107,-18.2488,-0.0248,-0.1087,-0.0141
1774945742.6513,0.0000,0.0000,0.0000,0.0000,0.0000,-3.1292,-0.2078,-35.6657,-0.0227,-0.1045,-0.0279
1774945742.6713,0.0000,0.0000,0.0000,0.0000,0.0000,-3.1313,-0.2042,-32.0357,-0.0503,-0.1514,-0.0237
1774945742.6913,0.0000,0.0000,0.0000,0.0000,0.0000,-3.1332,-0.2021,-18.6090,-0.0461,-0.1258,-0.0109
1774945742.7113,0.0000,0.0000,0.0000,0.0000,0.0000,-3.1342,-0.2008,4.5484,-0.0205,-0.0533,-0.0066
1774945742.7312,0.0000,0.0000,0.0000,0.0000,0.0000,-3.1361,-0.1996,32.5883,-0.0418,-0.0384,-0.0013
1774945742.7512,0.0000,0.0000,0.0000,0.0000,0.0000,-3.1377,-0.1978,-54.9571,-0.0599,-0.0480,-0.0237
1774945742.7713,0.0000,0.0000,0.0000,0.0000,0.0000,-3.1365,-0.2000,33.8862,-0.0535,0.0617,-0.1217
1774945742.7914,0.0000,0.0000,0.0000,0.0000,0.0000,-3.1337,-0.2037,114.7212,0.0690,0.1150,-0.2282
1774945742.8113,0.0000,0.0000,0.0000,0.0000,0.0000,-3.1314,-0.2050,112.0747,0.1094,0.0521,-0.2601
1774945742.8312,0.0000,0.0000,0.0000,0.0000,0.0000,-3.1304,-0.2059,93.0163,0.1350,0.0116,-0.2495
1774945742.8512,0.0000,0.0000,0.0000,0.0000,0.0000,-3.1316,-0.2075,28.7764,0.1403,-0.0012,-0.2367
1774945742.8712,0.0000,0.0000,0.0000,0.0000,0.0000,-3.1345,-0.2098,-8.5122,0.0391,0.0851,-0.2154
1774945742.8913,0.0000,0.0000,0.0000,0.0000,0.0000,-3.1375,-0.2117,21.2781,0.0104,0.1118,-0.1866
1774945742.9116,0.0000,0.0000,0.0000,0.0000,0.0000,-3.1382,-0.2123,12.9140,-0.0120,0.0510,-0.1526
1774945742.9312,0.0000,0.0000,0.0000,0.0000,0.0000,-3.1360,-0.2131,-14.3543,-0.0099,0.0159,-0.1163
1774945742.9517,0.0000,0.0000,0.0000,0.0000,0.0000,-3.1332,-0.2130,20.7607,0.0029,-0.0523,-0.0908
1774945742.9712,0.0000,0.0000,0.0000,0.0000,0.0000,-3.1306,-0.2122,9.8058,0.0029,-0.1141,-0.0652
1774945742.9914,0.0000,0.0000,0.0000,0.0000,0.0000,-3.1283,-0.2101,58.5272,0.0082,-0.1652,-0.0716
1774945743.0116,0.0000,0.0000,0.0000,0.0000,0.0000,-3.1269,-0.2105,8.1542,-0.0163,-0.0906,-0.0972
1774945743.0313,0.0000,0.0000,0.0000,0.0000,0.0000,-3.1294,-0.2068,49.2102,-0.0472,-0.1332,-0.0972
1774945743.0513,0.0000,0.0000,0.0000,0.0000,0.0000,-3.1283,-0.2061,-52.1518,0.0146,-0.1364,-0.1153
1774945743.0714,0.0000,0.0000,0.0000,0.0000,0.0000,-3.1285,-0.2055,-11.5135,0.0604,-0.1279,-0.1217
1774945743.0914,0.0000,0.0000,0.0000,0.0000,0.0000,-3.1311,-0.2043,20.1480,0.0807,-0.1077,-0.1057
1774945743.1113,0.0000,0.0000,0.0000,0.0000,0.0000,-3.1341,-0.2035,7.7567,0.0498,-0.1290,-0.1131
1774945743.1315,0.0000,0.0000,0.0000,0.0000,0.0000,-3.1387,-0.2029,7.7598,-0.1270,-0.0725,-0.1004
1774945743.1516,0.0000,0.0000,0.0000,0.0000,0.0000,3.1403,-0.2048,5.1259,-0.2048,0.0958,-0.0716
1774945743.1713,0.0000,0.0000,0.0000,0.0000,0.0000,3.1384,-0.2024,37.6491,-0.1121,0.0233,0.0211
1774945743.1914,0.0000,0.0000,0.0000,0.0000,0.0000,3.1392,-0.1994,-18.2510,-0.0163,-0.0097,0.1074
1774945743.2113,0.0000,0.0000,0.0000,0.0000,0.0000,-3.1396,-0.1988,25.3553,0.0764,0.0766,0.0957
1774945743.2313,0.0000,0.0000,0.0000,0.0000,0.0000,-3.1405,-0.1970,18.5522,-0.0120,0.0510,0.0712
1774945743.2514,0.0000,0.0000,0.0000,0.0000,0.0000,3.1389,-0.1963,-13.6479,-0.0780,0.0372,0.0349
1774945743.2715,0.0000,0.0000,0.0000,0.0000,0.0000,3.1372,-0.1946,-26.0602,-0.0386,-0.0214,-0.0045
1774945743.2914,0.0000,0.0000,0.0000,0.0000,0.0000,3.1350,-0.1930,-12.3401,0.0317,-0.0427,-0.0141
1774945743.3115,0.0000,0.0000,0.0000,0.0000,0.0000,3.1337,-0.1923,34.8021,0.0647,-0.0257,-0.0226
1774945743.3313,0.0000,0.0000,0.0000,0.0000,0.0000,3.1324,-0.1930,15.7957,0.0956,0.0905,-0.0151
1774945743.3559,0.0000,0.0000,0.0000,0.0000,0.0000,3.1308,-0.1941,25.6189,0.0988,0.1245,0.0083
1774945743.3714,0.0000,0.0000,0.0000,0.0000,0.0000,3.1290,-0.1982,-41.0529,0.0828,0.1224,0.0317
1774945743.3914,0.0000,0.0000,0.0000,0.0000,0.0000,3.1294,-0.2022,38.7574,0.0775,0.1245,0.0488
1774945743.4113,0.0000,0.0000,0.0000,0.0000,0.0000,3.1319,-0.2046,12.0584,0.0807,0.1107,0.0445
1774945743.4313,0.0000,0.0000,0.0000,0.0000,0.0000,3.1365,-0.2073,0.0578,0.0881,0.0937,0.0456
1774945743.4514,0.0000,0.0000,0.0000,0.0000,0.0000,3.1402,-0.2109,-11.4774,0.0967,0.1139,0.0403
1774945743.4712,0.0000,0.0000,0.0000,0.0000,0.0000,-3.1389,-0.2112,29.2233,0.0881,0.0532,0.0243
1774945743.4912,0.0000,0.0000,0.0000,0.0000,0.0000,-3.1393,-0.2088,-17.0899,0.0391,-0.0203,0.0147
1774945743.5120,0.0000,0.0000,0.0000,0.0000,0.0000,-3.1376,-0.2080,40.8971,0.0050,-0.0565,0.0179
1774945743.5313,0.0000,0.0000,0.0000,0.0000,0.0000,-3.1341,-0.2085,6.6184,0.0253,-0.0619,0.0211
1774945743.5515,0.0000,0.0000,0.0000,0.0000,0.0000,-3.1303,-0.2101,-6.1890,0.0530,-0.0374,0.0147
1774945743.5714,0.0000,0.0000,0.0000,0.0000,0.0000,-3.1283,-0.2121,5.2002,0.0093,-0.0523,0.0104
1774945743.5913,0.0000,0.0000,0.0000,0.0000,0.0000,-3.1304,-0.2129,-14.5500,-0.0333,-0.0640,0.0030
1774945743.6112,0.0000,0.0000,0.0000,0.0000,0.0000,-3.1300,-0.2148,31.6614,-0.0791,-0.0523,0.0072
1774945743.6315,0.0000,0.0000,0.0000,0.0000,0.0000,-3.1286,-0.2138,3.0114,-0.1111,-0.0821,0.0019
1774945743.6517,0.0000,0.0000,0.0000,0.0000,0.0000,-3.1294,-0.2153,-3.7721,-0.1686,-0.0779,0.0190
1774945743.6713,0.0000,0.0000,0.0000,0.0000,0.0000,-3.1312,-0.2137,-25.3836,-0.1835,-0.0693,0.0168
1774945743.6913,0.0000,0.0000,0.0000,0.0000,0.0000,-3.1313,-0.2098,15.9596,-0.1824,-0.1119,0.0104
1774945743.7113,0.0000,0.0000,0.0000,0.0000,0.0000,-3.1320,-0.2076,-16.2697,-0.1547,-0.0864,-0.0002
1774945743.7313,0.0000,0.0000,0.0000,0.0000,0.0000,-3.1323,-0.2097,20.7302,-0.1089,-0.0182,-0.0119
1774945743.7512,0.0000,0.0000,0.0000,0.0000,0.0000,-3.1359,-0.2124,-1.4122,-0.0642,-0.0171,-0.0141
1774945743.7714,0.0000,0.0000,0.0000,0.0000,0.0000,-3.1404,-0.2141,34.7842,-0.0663,-0.0299,-0.0141
1774945743.7913,0.0000,0.0000,0.0000,0.0000,0.0000,3.1381,-0.2140,48.5660,-0.0450,-0.0736,-0.0087
1774945743.8113,0.0000,0.0000,0.0000,0.0000,0.0000,3.1344,-0.2139,33.3059,0.0232,-0.1194,-0.0055
1774945743.8315,0.0000,0.0000,0.0000,0.0000,0.0000,3.1327,-0.2143,-4.3412,0.0977,-0.0683,0.0040
1774945743.8548,0.0000,0.0000,0.0000,0.0000,0.0000,3.1323,-0.2150,-0.0422,0.1329,-0.0054,0.0030
1774945743.8716,0.0000,0.0000,0.0000,0.0000,0.0000,3.1305,-0.2176,24.9942,0.0796,0.1171,0.0126
1774945743.8913,0.0000,0.0000,0.0000,0.0000,0.0000,3.1281,-0.2189,-27.0087,0.0136,0.1139,0.0158
1774945743.9114,0.0000,0.0000,0.0000,0.0000,0.0000,3.1284,-0.2192,-40.4173,0.0189,0.1118,0.0200
1774945743.9324,0.0000,0.0000,0.0000,0.0000,0.0000,3.1323,-0.2209,-43.2561,0.0509,0.0947,0.0317
1774945743.9513,0.0000,0.0000,0.0000,0.0000,0.0000,3.1360,-0.2214,26.5546,0.0722,0.0404,0.0467
1774945743.9712,0.0000,0.0000,0.0000,0.0000,0.0000,3.1386,-0.2206,-45.7473,0.0700,0.0010,0.0403
1774945743.9913,0.0000,0.0000,0.0000,0.0000,0.0000,3.1406,-0.2217,-61.4527,0.0530,-0.0129,0.0403
1774945744.0114,0.0000,0.0000,0.0000,0.0000,0.0000,-3.1404,-0.2218,44.2424,0.0498,-0.0640,0.0328
1774945744.0314,0.0000,0.0000,0.0000,0.0000,0.0000,-3.1408,-0.2215,-17.7370,0.0359,-0.0747,0.0190
1774945744.0514,0.0000,0.0000,0.0000,0.0000,0.0000,-3.1385,-0.2179,-44.9143,0.0125,-0.1002,0.0051
1774945744.0713,0.0000,0.0000,0.0000,0.0000,0.0000,-3.1353,-0.2141,-48.6696,-0.0269,-0.1311,-0.0045
1774945744.0915,0.0000,0.0000,0.0000,0.0000,0.0000,-3.1331,-0.2110,13.6551,-0.0227,-0.1364,0.0030
1774945744.1115,0.0000,0.0000,0.0000,0.0000,0.0000,-3.1332,-0.2046,-24.1165,-0.0120,-0.1407,0.0221
1774945744.1314,0.0000,0.0000,0.0000,0.0000,0.0000,-3.1386,-0.2015,14.1552,-0.1175,-0.0363,0.0243
1774945744.1516,0.0000,0.0000,0.0000,0.0000,0.0000,3.1414,-0.2026,-6.7372,-0.1718,0.0692,0.0190
1774945744.1714,0.0000,0.0000,0.0000,0.0000,0.0000,-3.1411,-0.2037,-19.0534,-0.1111,0.0862,0.0019
1774945744.1914,0.0000,0.0000,0.0000,0.0000,0.0000,-3.1390,-0.2034,-12.8132,-0.0567,0.0159,0.0126
1774945744.2113,0.0000,0.0000,0.0000,0.0000,0.0000,3.1413,-0.2051,0.0000,-0.0535,-0.0533,0.0158
1774945744.2313,0.0000,0.0000,0.0000,0.0000,0.0000,3.1377,-0.2036,-11.7091,-0.0823,-0.0576,-0.0141
1774945744.2515,0.0000,0.0000,0.0000,0.0000,0.0000,3.1350,-0.2050,2.0394,-0.0962,-0.0576,-0.0226
1774945744.2714,0.0000,0.0000,0.0000,0.0000,0.0000,3.1323,-0.2089,0.0000,-0.0578,0.0233,-0.0119
1774945744.2913,0.0000,0.0000,0.0000,0.0000,0.0000,3.1319,-0.2129,0.0000,0.0562,0.0979,-0.0098
1774945744.3115,0.0000,0.0000,0.0000,0.0000,0.0000,3.1316,-0.2137,-4.9146,0.0967,0.0553,0.0040
1774945744.3318,0.0000,0.0000,0.0000,0.0000,0.0000,3.1300,-0.2128,0.0000,0.1276,-0.0203,0.0147
1774945744.3520,0.0000,0.0000,0.0000,0.0000,0.0000,3.1282,-0.2109,0.0000,0.0977,-0.0800,0.0190
1774945744.3714,0.0000,0.0000,0.0000,0.0000,0.0000,3.1266,-0.2095,0.0000,0.0967,-0.1332,0.0296
1774945744.3913,0.0000,0.0000,0.0000,0.0000,0.0000,3.1277,-0.2103,0.0000,0.1382,-0.1130,0.0349
1774945744.4113,0.0000,0.0000,0.0000,0.0000,0.0000,3.1312,-0.2106,0.0000,0.1670,0.0425,0.0339
1774945744.4313,0.0000,0.0000,0.0000,0.0000,0.0000,3.1348,-0.2134,0.0000,0.1883,0.2257,0.0104
1774945744.4525,0.0000,0.0000,0.0000,0.0000,0.0000,3.1363,-0.2178,0.0000,0.1606,0.2801,-0.0002
1774945744.4714,0.0000,0.0000,0.0000,0.0000,0.0000,3.1387,-0.2191,0.0000,0.0977,0.2183,-0.0045
1774945744.4913,0.0000,0.0000,0.0000,0.0000,0.0000,3.1410,-0.2184,0.0000,0.0264,0.1011,-0.0077
1774945744.5113,0.0000,0.0000,0.0000,0.0000,0.0000,-3.1398,-0.2160,0.0000,-0.0184,-0.0001,0.0008
1774945744.5315,0.0000,0.0000,0.0000,0.0000,0.0000,-3.1351,-0.2131,19.9653,0.0700,-0.1151,0.0264
1774945744.5515,0.0000,0.0000,0.0000,0.0000,0.0000,-3.1310,-0.2100,0.0000,0.1116,-0.0874,0.0339
1774945744.5712,0.0000,0.0000,0.0000,0.0000,0.0000,-3.1336,-0.2070,0.0000,0.0178,-0.1183,0.0158
1774945744.5913,0.0000,0.0000,0.0000,0.0000,0.0000,-3.1352,-0.2067,0.0000,-0.1175,-0.0438,-0.0034
1774945744.6113,0.0000,0.0000,0.0000,0.0000,0.0000,-3.1341,-0.2078,-7.2307,-0.1281,0.0265,-0.0215
1774945744.6315,0.0000,0.0000,0.0000,0.0000,0.0000,-3.1325,-0.2089,0.0000,-0.1004,0.0404,-0.0151
1774945744.6513,0.0000,0.0000,0.0000,0.0000,0.0000,-3.1317,-0.2076,-16.5688,-0.0695,0.0106,0.0083
1774945744.6713,0.0000,0.0000,0.0000,0.0000,0.0000,-3.1345,-0.2073,0.0000,-0.0557,-0.0491,0.0168
1774945744.6913,0.0000,0.0000,0.0000,0.0000,0.0000,-3.1400,-0.2069,33.8611,-0.1249,-0.0821,0.0253
1774945744.7113,0.0000,0.0000,0.0000,0.0000,0.0000,3.1399,-0.2018,-9.4228,-0.1036,-0.1545,0.0104
1774945744.7314,0.0000,0.0000,0.0000,0.0000,0.0000,-3.1385,-0.1995,-78.6763,0.1744,-0.0363,-0.0364
1774945744.7514,0.0000,0.0000,0.0000,0.0000,0.0000,-3.1348,-0.2016,90.1657,0.2309,0.2343,-0.0290
1774945744.7724,0.0000,0.0000,0.0000,0.0000,0.0000,-3.1361,-0.2056,63.1066,0.0402,0.2833,-0.0215
1774945744.7914,0.0000,0.0000,0.0000,0.0000,0.0000,-3.1395,-0.2092,-50.2835,-0.0322,0.2140,-0.0237
1774945744.8114,0.0000,0.0000,0.0000,0.0000,0.0000,-3.1405,-0.2124,-40.8089,0.0306,0.1384,-0.0109
1774945744.8318,0.0000,0.0000,0.0000,0.0000,0.0000,-3.1365,-0.2126,23.1572,0.1158,0.0159,0.0179
1774945744.8524,0.0000,0.0000,0.0000,0.0000,0.0000,-3.1356,-0.2115,-46.9250,0.1009,-0.0320,0.0477
1774945744.8714,0.0000,0.0000,0.0000,0.0000,0.0000,-3.1374,-0.2133,-25.7731,-0.0152,0.1277,0.0594
1774945744.8914,0.0000,0.0000,0.0000,0.0000,0.0000,-3.1351,-0.2161,35.5272,-0.0386,0.1672,0.0477
1774945744.9117,0.0000,0.0000,0.0000,0.0000,0.0000,-3.1314,-0.2168,49.7706,0.0402,0.0660,0.0179
1774945744.9313,0.0000,0.0000,0.0000,0.0000,0.0000,-3.1279,-0.2143,37.0369,0.0466,-0.0427,0.0104
1774945744.9521,0.0000,0.0000,0.0000,0.0000,0.0000,-3.1276,-0.2133,34.3260,0.0210,-0.0810,0.0083
1774945744.9713,0.0000,0.0000,0.0000,0.0000,0.0000,-3.1300,-0.2084,22.3485,-0.1430,-0.0416,-0.0034
1774945744.9913,0.0000,0.0000,0.0000,0.0000,0.0000,-3.1289,-0.2088,20.5072,-0.1484,0.0095,-0.0130
1774945745.0113,0.0000,0.0000,0.0000,0.0000,0.0000,-3.1269,-0.2091,-28.3008,-0.0706,0.0223,-0.0215
1774945745.0316,0.0000,0.0000,0.0000,0.0000,0.0000,-3.1253,-0.2100,1.9791,-0.0482,0.0020,-0.0428
1774945745.0514,0.0000,0.0000,0.0000,0.0000,0.0000,-3.1262,-0.2110,-23.8524,-0.0674,-0.0246,-0.0407
1774945745.0714,0.0000,0.0000,0.0000,0.0000,0.0000,-3.1326,-0.2109,-23.9299,-0.1324,-0.0395,-0.0237
1774945745.0917,0.0000,0.0000,0.0000,0.0000,0.0000,-3.1385,-0.2125,21.4488,-0.1420,-0.0171,-0.0013
1774945745.1114,0.0000,0.0000,0.0000,0.0000,0.0000,3.1384,-0.2130,-8.9618,-0.1228,-0.0150,0.0168
1774945745.1314,0.0000,0.0000,0.0000,0.0000,0.0000,3.1332,-0.2129,47.0849,-0.1079,-0.0523,0.0190
1774945745.1514,0.0000,0.0000,0.0000,0.0000,0.0000,3.1297,-0.2153,20.9077,-0.0930,-0.0022,0.0200
1774945745.1713,0.0000,0.0000,0.0000,0.0000,0.0000,3.1271,-0.2188,7.7983,-0.0376,0.0628,0.0168
1774945745.1913,0.0000,0.0000,0.0000,0.0000,0.0000,3.1275,-0.2206,-37.3916,-0.0152,0.0915,0.0136
1774945745.2113,0.0000,0.0000,0.0000,0.0000,0.0000,3.1251,-0.2220,0.0000,0.0189,0.0798,0.0232
1774945745.2314,0.0000,0.0000,0.0000,0.0000,0.0000,3.1227,-0.2218,-8.8635,0.0391,0.0308,0.0317
1774945745.2517,0.0000,0.0000,0.0000,0.0000,0.0000,3.1247,-0.2186,-27.7265,0.1137,-0.0533,0.0264
1774945745.2715,0.0000,0.0000,0.0000,0.0000,0.0000,3.1249,-0.2131,11.7413,0.1393,-0.1673,0.0094
1774945745.2914,0.0000,0.0000,0.0000,0.0000,0.0000,3.1234,-0.2089,6.1138,0.1031,-0.2206,0.0190
1774945745.3113,0.0000,0.0000,0.0000,0.0000,0.0000,3.1237,-0.2082,26.2550,0.0977,-0.1769,0.0275
1774945745.3313,0.0000,0.0000,0.0000,0.0000,0.0000,3.1283,-0.2077,18.1086,0.1542,-0.1332,0.0381
1774945745.3512,0.0000,0.0000,0.0000,0.0000,0.0000,3.1316,-0.2077,17.7494,0.1510,-0.0842,0.0562
1774945745.3714,0.0000,0.0000,0.0000,0.0000,0.0000,3.1313,-0.2042,-15.4497,0.0754,-0.0672,0.0573
1774945745.3912,0.0000,0.0000,0.0000,0.0000,0.0000,3.1363,-0.2035,-4.9349,0.0828,0.0202,0.0360
1774945745.4112,0.0000,0.0000,0.0000,0.0000,0.0000,-3.1401,-0.2044,8.5626,0.1595,0.0777,0.0221
1774945745.4313,0.0000,0.0000,0.0000,0.0000,0.0000,-3.1325,-0.2054,-25.8354,0.2447,0.1448,0.0072
1774945745.4514,0.0000,0.0000,0.0000,0.0000,0.0000,-3.1289,-0.2053,23.0613,0.2288,0.1214,-0.0045
1774945745.4716,0.0000,0.0000,0.0000,0.0000,0.0000,-3.1284,-0.2048,19.1702,0.1478,0.0468,0.0019
1774945745.4913,0.0000,0.0000,0.0000,0.0000,0.0000,-3.1287,-0.2020,-19.4636,0.0370,-0.0118,0.0104
1774945745.5113,0.0000,0.0000,0.0000,0.0000,0.0000,-3.1268,-0.2016,13.5761,-0.0354,0.0681,0.0115
1774945745.5313,0.0000,0.0000,0.0000,0.0000,0.0000,-3.1248,-0.2024,-14.3723,-0.0770,0.1554,0.0168
1774945745.5513,0.0000,0.0000,0.0000,0.0000,0.0000,-3.1229,-0.2056,-7.8408,-0.1025,0.2300,0.0040
1774945745.5713,0.0000,0.0000,0.0000,0.0000,0.0000,-3.1218,-0.2093,13.6480,-0.1590,0.2449,-0.0098
1774945745.5913,0.0000,0.0000,0.0000,0.0000,0.0000,-3.1211,-0.2104,-53.8766,-0.0695,0.0724,0.0115
1774945745.6113,0.0000,0.0000,0.0000,0.0000,0.0000,-3.1211,-0.2053,-10.5514,-0.0312,-0.1822,0.0051
1774945745.6314,0.0000,0.0000,0.0000,0.0000,0.0000,-3.1271,-0.2008,36.7199,-0.1537,-0.2472,-0.0098
1774945745.6513,0.0000,0.0000,0.0000,0.0000,0.0000,-3.1345,-0.1985,-24.1152,-0.2346,-0.2238,0.0115
1774945745.6713,0.0000,0.0000,0.0000,0.0000,0.0000,-3.1374,-0.1980,-66.3363,-0.2027,-0.1705,0.0158
1774945745.6913,0.0000,0.0000,0.0000,0.0000,0.0000,-3.1382,-0.1977,-67.3721,-0.1473,-0.0928,0.0072
1774945745.7114,0.0000,0.0000,0.0000,0.0000,0.0000,-3.1382,-0.1986,-55.0906,-0.0919,-0.0299,0.0168
1774945745.7314,0.0000,0.0000,0.0000,0.0000,0.0000,-3.1388,-0.2004,-97.5572,0.0264,0.0894,0.0158
1774945745.7513,0.0000,0.0000,0.0000,0.0000,0.0000,-3.1394,-0.2048,-22.7531,0.1190,0.2396,-0.0045
1774945745.7713,0.0000,0.0000,0.0000,0.0000,0.0000,-3.1408,-0.2075,35.5317,0.0881,0.2066,-0.0045
1774945745.7914,0.0000,0.0000,0.0000,0.0000,0.0000,3.1399,-0.2084,-15.8881,0.0455,0.0724,-0.0066
1774945745.8113,0.0000,0.0000,0.0000,0.0000,0.0000,3.1371,-0.2075,-20.5500,0.0594,-0.0129,0.0008
1774945745.8316,0.0000,0.0000,0.0000,0.0000,0.0000,3.1360,-0.2060,-24.2438,0.1190,-0.0502,0.0168
1774945745.8515,0.0000,0.0000,0.0000,0.0000,0.0000,3.1363,-0.2082,-10.8502,0.1276,-0.0267,0.0349
1774945745.8715,0.0000,0.0000,0.0000,0.0000,0.0000,3.1368,-0.2071,14.9548,0.0935,-0.0001,0.0360
1774945745.8915,0.0000,0.0000,0.0000,0.0000,0.0000,3.1402,-0.2062,52.1313,0.0562,-0.0118,0.0381
1774945745.9114,0.0000,0.0000,0.0000,0.0000,0.0000,-3.1378,-0.2057,5.6849,0.0679,-0.0299,0.0509
1774945745.9314,0.0000,0.0000,0.0000,0.0000,0.0000,-3.1318,-0.2056,-1.8557,0.1169,-0.0533,0.0392
1774945745.9529,0.0000,0.0000,0.0000,0.0000,0.0000,-3.1269,-0.2061,-2.9898,0.1137,-0.0459,0.0179
1774945745.9713,0.0000,0.0000,0.0000,0.0000,0.0000,-3.1270,-0.2080,-11.3614,0.0498,-0.0363,0.0051
1774945745.9913,0.0000,0.0000,0.0000,0.0000,0.0000,-3.1295,-0.2097,-14.1876,-0.0322,-0.0097,0.0083
1774945746.0113,0.0000,0.0000,0.0000,0.0000,0.0000,-3.1295,-0.2083,-18.1229,-0.0589,-0.0150,0.0211
1774945746.0313,0.0000,0.0000,0.0000,0.0000,0.0000,-3.1274,-0.2093,-12.3015,-0.0802,-0.0214,0.0253
1774945746.0513,0.0000,0.0000,0.0000,0.0000,0.0000,-3.1251,-0.2082,-25.9233,-0.0962,-0.0246,0.0200
1774945746.0715,0.0000,0.0000,0.0000,0.0000,0.0000,-3.1227,-0.2082,-20.2772,-0.0748,0.0319,0.0104
1774945746.0912,0.0000,0.0000,0.0000,0.0000,0.0000,-3.1209,-0.2085,-18.8185,-0.0503,0.0702,-0.0141
1774945746.1116,0.0000,0.0000,0.0000,0.0000,0.0000,-3.1213,-0.2095,33.7185,-0.1089,0.0329,-0.0215
1774945746.1314,0.0000,0.0000,0.0000,0.0000,0.0000,-3.1271,-0.2104,-24.6754,-0.1217,-0.0193,-0.0290
1774945746.1514,0.0000,0.0000,0.0000,0.0000,0.0000,-3.1312,-0.2091,-16.0754,-0.1398,-0.1002,-0.0151
1774945746.1714,0.0000,0.0000,0.0000,0.0000,0.0000,-3.1346,-0.2085,-43.3084,-0.0940,-0.1300,-0.0066
1774945746.1913,0.0000,0.0000,0.0000,0.0000,0.0000,-3.1391,-0.2087,6.8481,-0.0940,-0.0938,0.0104
1774945746.2114,0.0000,0.0000,0.0000,0.0000,0.0000,3.1410,-0.2101,7.4165,-0.0727,-0.0427,0.0147
1774945746.2315,0.0000,0.0000,0.0000,0.0000,0.0000,3.1354,-0.2100,3.7005,-0.0876,-0.0086,0.0147
1774945746.2514,0.0000,0.0000,0.0000,0.0000,0.0000,3.1337,-0.2115,9.2882,-0.0109,-0.0363,0.0275
1774945746.2713,0.0000,0.0000,0.0000,0.0000,0.0000,3.1340,-0.2138,1.9197,0.0679,-0.0129,0.0062
1774945746.2913,0.0000,0.0000,0.0000,0.0000,0.0000,3.1322,-0.2132,44.0405,0.0509,0.0148,0.0051
1774945746.3114,0.0000,0.0000,0.0000,0.0000,0.0000,3.1298,-0.2135,28.5166,0.0221,0.0905,-0.0024
1774945746.3313,0.0000,0.0000,0.0000,0.0000,0.0000,3.1283,-0.2140,-53.0356,0.0029,0.0745,0.0019
1774945746.3517,0.0000,0.0000,0.0000,0.0000,0.0000,3.1316,-0.2116,26.2950,0.0636,-0.0065,0.0062
1774945746.3714,0.0000,0.0000,0.0000,0.0000,0.0000,3.1356,-0.2087,15.0762,0.1297,-0.1183,0.0051
1774945746.3914,0.0000,0.0000,0.0000,0.0000,0.0000,3.1345,-0.2060,-28.7771,0.0999,-0.1162,0.0158
1774945746.4113,0.0000,0.0000,0.0000,0.0000,0.0000,3.1338,-0.2067,12.2753,0.0658,-0.0203,0.0200
1774945746.4314,0.0000,0.0000,0.0000,0.0000,0.0000,3.1360,-0.2102,0.3432,0.0849,0.0702,0.0307
1774945746.4514,0.0000,0.0000,0.0000,0.0000,0.0000,3.1405,-0.2133,1.1676,0.1371,0.0841,0.0317
1774945746.4713,0.0000,0.0000,0.0000,0.0000,0.0000,-3.1415,-0.2140,-22.4177,0.0999,0.0319,0.0243
1774945746.4914,0.0000,0.0000,0.0000,0.0000,0.0000,3.1412,-0.2108,-19.1439,0.0082,-0.0544,0.0243
1774945746.5113,0.0000,0.0000,0.0000,0.0000,0.0000,3.1404,-0.2083,-33.1578,-0.0951,-0.0587,0.0253
1774945746.5313,0.0000,0.0000,0.0000,0.0000,0.0000,-3.1415,-0.2080,26.5142,-0.1718,0.0202,0.0243
1774945746.5514,0.0000,0.0000,0.0000,0.0000,0.0000,-3.1408,-0.2090,37.3621,-0.1675,0.0883,0.0083
1774945746.5714,0.0000,0.0000,0.0000,0.0000,0.0000,-3.1396,-0.2109,-4.6028,-0.1366,0.1192,-0.0183
1774945746.5914,0.0000,0.0000,0.0000,0.0000,0.0000,-3.1387,-0.2130,-2.6800,-0.1398,0.1288,-0.0514
1774945746.6114,0.0000,0.0000,0.0000,0.0000,0.0000,-3.1386,-0.2148,-8.6859,-0.1579,0.1214,-0.0663
1774945746.6315,0.0000,0.0000,0.0000,0.0000,0.0000,3.1411,-0.2186,25.5366,-0.1771,0.0819,-0.0577
1774945746.6514,0.0000,0.0000,0.0000,0.0000,0.0000,3.1368,-0.2155,10.0380,-0.0791,-0.0683,-0.0311
1774945746.6713,0.0000,0.0000,0.0000,0.0000,0.0000,3.1321,-0.2120,26.3043,-0.0376,-0.1865,0.0030
1774945746.6913,0.0000,0.0000,0.0000,0.0000,0.0000,3.1279,-0.2084,5.8724,0.0040,-0.1918,0.0083
1774945746.7114,0.0000,0.0000,0.0000,0.0000,0.0000,3.1243,-0.2064,42.8930,0.0338,-0.1375,0.0168
1774945746.7314,0.0000,0.0000,0.0000,0.0000,0.0000,3.1220,-0.2055,1.9411,0.1041,-0.1237,0.0296
1774945746.7515,0.0000,0.0000,0.0000,0.0000,0.0000,3.1231,-0.2067,-2.8968,0.1904,-0.0597,0.0381
1774945746.7713,0.0000,0.0000,0.0000,0.0000,0.0000,3.1232,-0.2058,0.0000,0.1861,0.0074,0.0445
1774945746.7915,0.0000,0.0000,0.0000,0.0000,0.0000,3.1229,-0.2052,0.0000,0.1254,0.0681,0.0509
1774945746.8113,0.0000,0.0000,0.0000,0.0000,0.0000,3.1248,-0.2057,-6.9825,0.0988,0.1533,0.0552
1774945746.8313,0.0000,0.0000,0.0000,0.0000,0.0000,3.1312,-0.2082,0.0000,0.1233,0.1448,0.0488
1774945746.8514,0.0000,0.0000,0.0000,0.0000,0.0000,3.1371,-0.2101,0.0000,0.0956,0.1011,0.0488
1774945746.8716,0.0000,0.0000,0.0000,0.0000,0.0000,-3.1399,-0.2117,0.0000,0.0935,0.0724,0.0477
1774945746.8914,0.0000,0.0000,0.0000,0.0000,0.0000,-3.1340,-0.2141,0.0000,0.0764,0.0809,0.0467
1774945746.9114,0.0000,0.0000,0.0000,0.0000,0.0000,-3.1304,-0.2169,-5.8689,0.0487,0.0734,0.0307
1774945746.9315,0.0000,0.0000,0.0000,0.0000,0.0000,-3.1252,-0.2188,0.0000,-0.0024,0.0798,0.0200
1774945746.9514,0.0000,0.0000,0.0000,0.0000,0.0000,-3.1224,-0.2192,0.0000,-0.0578,0.0862,0.0094
1774945746.9713,0.0000,0.0000,0.0000,0.0000,0.0000,-3.1211,-0.2214,0.0000,-0.0695,0.0329,-0.0013
1774945746.9935,0.0000,0.0000,0.0000,0.0000,0.0000,-3.1196,-0.2201,-15.3750,-0.0610,-0.0406,-0.0119
1774945747.0114,0.0000,0.0000,0.0000,0.0000,0.0000,-3.1176,-0.2171,-2.8809,-0.0386,-0.1322,-0.0162
1774945747.0313,0.0000,0.0000,0.0000,0.0000,0.0000,-3.1210,-0.2130,13.8582,-0.0482,-0.1524,-0.0087
1774945747.0514,0.0000,0.0000,0.0000,0.0000,0.0000,-3.1244,-0.2082,0.0000,-0.1079,-0.1151,-0.0194
1774945747.0713,0.0000,0.0000,0.0000,0.0000,0.0000,-3.1249,-0.2095,-58.4063,-0.1185,-0.0523,-0.0194
1774945747.0916,0.0000,0.0000,0.0000,0.0000,0.0000,-3.1256,-0.2130,0.0000,-0.0674,-0.0107,-0.0173
1774945747.1114,0.0000,0.0000,0.0000,0.0000,0.0000,-3.1229,-0.2131,0.0000,-0.0344,0.0265,-0.0247
1774945747.1314,0.0000,0.0000,0.0000,0.0000,0.0000,-3.1233,-0.2134,0.0000,-0.0024,0.0031,-0.0237
1774945747.1513,0.0000,0.0000,0.0000,0.0000,0.0000,-3.1277,-0.2138,1.2766,-0.0312,-0.0629,-0.0215
1774945747.1718,0.0000,0.0000,0.0000,0.0000,0.0000,-3.1322,-0.2135,0.0000,-0.0472,-0.0981,-0.0237
1774945747.1913,0.0000,0.0000,0.0000,0.0000,0.0000,-3.1360,-0.2135,-5.3381,-0.0386,-0.1013,-0.0077
1774945747.2113,0.0000,0.0000,0.0000,0.0000,0.0000,-3.1394,-0.2127,0.0000,-0.0045,-0.0672,0.0083
1774945747.2315,0.0000,0.0000,0.0000,0.0000,0.0000,3.1412,-0.2116,1.9726,0.0136,0.0255,0.0104
1774945747.2514,0.0000,0.0000,0.0000,0.0000,0.0000,3.1393,-0.2091,10.2359,-0.0077,0.0329,0.0211
1774945747.2714,0.0000,0.0000,0.0000,0.0000,0.0000,3.1395,-0.2073,33.2301,-0.0077,0.0329,0.0243
1774945747.2915,0.0000,0.0000,0.0000,0.0000,0.0000,-3.1400,-0.2063,29.4452,0.0210,0.0052,0.0147
1774945747.3113,0.0000,0.0000,0.0000,0.0000,0.0000,-3.1369,-0.2069,-24.3061,0.0285,-0.0171,0.0136
1774945747.3314,0.0000,0.0000,0.0000,0.0000,0.0000,-3.1370,-0.2090,-31.3915,0.0178,0.0180,0.0190
1774945747.3514,0.0000,0.0000,0.0000,0.0000,0.0000,-3.1377,-0.2131,17.4363,0.0029,0.0212,0.0179
1774945747.3714,0.0000,0.0000,0.0000,0.0000,0.0000,-3.1361,-0.2153,17.4764,0.0210,-0.0246,0.0147
1774945747.3912,0.0000,0.0000,0.0000,0.0000,0.0000,-3.1326,-0.2163,4.7538,0.0807,-0.0502,-0.0034
1774945747.4114,0.0000,0.0000,0.0000,0.0000,0.0000,-3.1321,-0.2168,-29.9244,0.1084,-0.0331,-0.0130
1774945747.4314,0.0000,0.0000,0.0000,0.0000,0.0000,-3.1339,-0.2164,5.6055,0.0572,-0.0075,-0.0098
1774945747.4514,0.0000,0.0000,0.0000,0.0000,0.0000,-3.1365,-0.2156,6.7742,0.0317,0.0329,-0.0098
1774945747.4712,0.0000,0.0000,0.0000,0.0000,0.0000,-3.1367,-0.2116,47.0097,0.0253,-0.0288,0.0115
1774945747.4913,0.0000,0.0000,0.0000,0.0000,0.0000,-3.1348,-0.2069,-11.7688,0.0178,-0.0821,0.0296
1774945747.5113,0.0000,0.0000,0.0000,0.0000,0.0000,-3.1305,-0.2052,8.9668,0.0200,-0.0214,0.0275
1774945747.5311,0.0000,0.0000,0.0000,0.0000,0.0000,-3.1277,-0.2029,-13.5247,0.0093,0.0468,0.0104
1774945747.5512,0.0000,0.0000,0.0000,0.0000,0.0000,-3.1285,-0.2050,52.7811,-0.0674,0.1000,0.0094
1774945747.5713,0.0000,0.0000,0.0000,0.0000,0.0000,-3.1308,-0.2055,-6.4141,-0.1111,0.1341,0.0104
1774945747.5919,0.0000,0.0000,0.0000,0.0000,0.0000,-3.1310,-0.2061,2.1489,-0.1239,0.1448,0.0072
1774945747.6112,0.0000,0.0000,0.0000,0.0000,0.0000,-3.1300,-0.2062,-31.4846,-0.0940,0.0724,0.0083
1774945747.6314,0.0000,0.0000,0.0000,0.0000,0.0000,-3.1310,-0.2056,-11.8952,-0.1025,0.0063,0.0136
1774945747.6513,0.0000,0.0000,0.0000,0.0000,0.0000,-3.1333,-0.2076,-6.8759,-0.0748,0.0159,0.0147
1774945747.6714,0.0000,0.0000,0.0000,0.0000,0.0000,-3.1356,-0.2069,1.5276,0.0019,0.0191,0.0094
1774945747.6913,0.0000,0.0000,0.0000,0.0000,0.0000,-3.1367,-0.2086,-12.2272,0.0562,0.0670,0.0158
1774945747.7114,0.0000,0.0000,0.0000,0.0000,0.0000,-3.1391,-0.2107,-7.6926,0.0732,0.1054,0.0094
1774945747.7313,0.0000,0.0000,0.0000,0.0000,0.0000,3.1415,-0.2101,57.8792,0.0413,-0.0225,0.0051
1774945747.7515,0.0000,0.0000,0.0000,0.0000,0.0000,3.1378,-0.2084,-25.3121,-0.0173,-0.1269,0.0147
1774945747.7714,0.0000,0.0000,0.0000,0.0000,0.0000,3.1385,-0.2090,-28.7318,0.0274,-0.0683,0.0158
1774945747.7922,0.0000,0.0000,0.0000,0.0000,0.0000,-3.1405,-0.2092,29.0744,0.0626,0.0223,0.0253
1774945747.8113,0.0000,0.0000,0.0000,0.0000,0.0000,-3.1361,-0.2117,19.2486,0.0807,0.1000,0.0211
1774945747.8319,0.0000,0.0000,0.0000,0.0000,0.0000,-3.1339,-0.2150,14.2609,0.0551,0.1576,0.0232
1774945747.8513,0.0000,0.0000,0.0000,0.0000,0.0000,-3.1340,-0.2167,30.1586,-0.0013,0.0937,0.0094
1774945747.8713,0.0000,0.0000,0.0000,0.0000,0.0000,-3.1334,-0.2178,-35.2105,-0.0482,-0.0331,-0.0119
1774945747.8913,0.0000,0.0000,0.0000,0.0000,0.0000,-3.1329,-0.2203,34.3477,-0.0759,-0.0491,-0.0151
1774945747.9113,0.0000,0.0000,0.0000,0.0000,0.0000,-3.1317,-0.2221,27.2386,-0.0472,-0.0725,-0.0098
1774945747.9314,0.0000,0.0000,0.0000,0.0000,0.0000,-3.1308,-0.2236,-4.5556,-0.0461,-0.0970,-0.0024
1774945747.9513,0.0000,0.0000,0.0000,0.0000,0.0000,-3.1320,-0.2252,-62.2912,-0.0408,-0.0864,-0.0055
1774945747.9713,0.0000,0.0000,0.0000,0.0000,0.0000,-3.1347,-0.2244,-44.8087,-0.0748,-0.0374,0.0008
1774945747.9913,0.0000,0.0000,0.0000,0.0000,0.0000,-3.1381,-0.2242,25.1584,-0.0706,-0.0012,-0.0098
1774945748.0113,0.0000,0.0000,0.0000,0.0000,0.0000,-3.1391,-0.2235,-0.9652,-0.0131,-0.0352,-0.0109
1774945748.0313,0.0000,0.0000,0.0000,0.0000,0.0000,3.1406,-0.2210,79.9180,-0.0077,-0.0800,-0.0024
1774945748.0513,0.0000,0.0000,0.0000,0.0000,0.0000,3.1374,-0.2193,-9.4404,0.0093,-0.1247,-0.0013
1774945748.0713,0.0000,0.0000,0.0000,0.0000,0.0000,3.1376,-0.2202,-6.4739,0.0168,-0.0725,0.0040
1774945748.0913,0.0000,0.0000,0.0000,0.0000,0.0000,3.1367,-0.2228,-3.6520,0.0381,-0.0022,0.0136
1774945748.1114,0.0000,0.0000,0.0000,0.0000,0.0000,3.1342,-0.2257,-4.1443,0.0125,0.0276,0.0179
1774945748.1313,0.0000,0.0000,0.0000,0.0000,0.0000,3.1344,-0.2257,17.6591,0.0029,-0.0118,0.0221
1774945748.1515,0.0000,0.0000,0.0000,0.0000,0.0000,3.1378,-0.2229,14.0831,0.0594,-0.0864,0.0072
1774945748.1714,0.0000,0.0000,0.0000,0.0000,0.0000,3.1404,-0.2177,7.7026,0.0711,-0.1311,-0.0066
1774945748.1913,0.0000,0.0000,0.0000,0.0000,0.0000,3.1400,-0.2141,26.5522,0.0232,-0.1311,0.0051
1774945748.2114,0.0000,0.0000,0.0000,0.0000,0.0000,3.1395,-0.2112,7.4490,-0.0237,-0.1173,0.0040
1774945748.2315,0.0000,0.0000,0.0000,0.0000,0.0000,3.1415,-0.2092,-23.9039,-0.0163,-0.0608,0.0072
1774945748.2527,0.0000,0.0000,0.0000,0.0000,0.0000,-3.1399,-0.2064,40.0157,-0.0322,-0.0523,-0.0013
1774945748.2713,0.0000,0.0000,0.0000,0.0000,0.0000,-3.1373,-0.2053,-55.3974,-0.0546,-0.0086,-0.0045
1774945748.2913,0.0000,0.0000,0.0000,0.0000,0.0000,-3.1356,-0.2034,2.3150,-0.0791,0.0063,-0.0045
1774945748.3113,0.0000,0.0000,0.0000,0.0000,0.0000,-3.1329,-0.2031,57.1422,0.0008,0.0329,-0.0087
1774945748.3314,0.0000,0.0000,0.0000,0.0000,0.0000,-3.1317,-0.2030,56.7145,0.0519,0.0681,-0.0034
1774945748.3513,0.0000,0.0000,0.0000,0.0000,0.0000,-3.1344,-0.2039,-40.2232,0.0338,0.1043,-0.0024
1774945748.3714,0.0000,0.0000,0.0000,0.0000,0.0000,-3.1376,-0.2075,-4.8049,0.0210,0.1480,0.0115
1774945748.3914,0.0000,0.0000,0.0000,0.0000,0.0000,-3.1407,-0.2112,21.7318,0.0391,0.1267,0.0275
1774945748.4114,0.0000,0.0000,0.0000,0.0000,0.0000,3.1395,-0.2132,28.7220,0.0498,0.0542,0.0498
1774945748.4313,0.0000,0.0000,0.0000,0.0000,0.0000,3.1403,-0.2148,20.3869,0.0764,0.0010,0.0520
1774945748.4512,0.0000,0.0000,0.0000,0.0000,0.0000,3.1386,-0.2156,13.6673,0.0359,-0.0086,0.0509
1774945748.4713,0.0000,0.0000,0.0000,0.0000,0.0000,-3.1413,-0.2166,22.8566,-0.0056,-0.0022,0.0403
1774945748.4913,0.0000,0.0000,0.0000,0.0000,0.0000,-3.1374,-0.2159,17.8254,-0.0216,-0.0246,0.0221
1774945748.5113,0.0000,0.0000,0.0000,0.0000,0.0000,-3.1345,-0.2141,26.0222,-0.0440,-0.0757,0.0275
1774945748.5314,0.0000,0.0000,0.0000,0.0000,0.0000,-3.1318,-0.2140,-18.8040,-0.0621,-0.0565,0.0040
1774945748.5513,0.0000,0.0000,0.0000,0.0000,0.0000,-3.1296,-0.2130,7.2918,-0.0887,-0.0523,-0.0087
1774945748.5713,0.0000,0.0000,0.0000,0.0000,0.0000,-3.1275,-0.2109,-7.5069,-0.0365,-0.1002,-0.0119
1774945748.5919,0.0000,0.0000,0.0000,0.0000,0.0000,-3.1252,-0.2085,13.6849,0.0530,-0.1311,-0.0183
1774945748.6114,0.0000,0.0000,0.0000,0.0000,0.0000,-3.1281,-0.2070,-15.6823,0.0423,-0.0821,-0.0279
1774945748.6313,0.0000,0.0000,0.0000,0.0000,0.0000,-3.1325,-0.2070,-21.9719,-0.0525,-0.0257,-0.0269
1774945748.6513,0.0000,0.0000,0.0000,0.0000,0.0000,-3.1364,-0.2080,-30.0883,-0.0674,0.0479,-0.0045
1774945748.6713,0.0000,0.0000,0.0000,0.0000,0.0000,-3.1378,-0.2095,-31.8371,0.0061,0.0191,0.0243
1774945748.6913,0.0000,0.0000,0.0000,0.0000,0.0000,-3.1381,-0.2084,-38.5563,0.0785,-0.0768,0.0307
1774945748.7114,0.0000,0.0000,0.0000,0.0000,0.0000,-3.1400,-0.2089,-13.0044,0.0242,-0.1013,0.0317
1774945748.7317,0.0000,0.0000,0.0000,0.0000,0.0000,3.1400,-0.2055,23.4271,-0.0099,-0.1396,0.0253
1774945748.7514,0.0000,0.0000,0.0000,0.0000,0.0000,-3.1405,-0.2037,40.1899,-0.0184,-0.1055,0.0296
1774945748.7714,0.0000,0.0000,0.0000,0.0000,0.0000,-3.1370,-0.2039,-6.5276,-0.0131,-0.0203,0.0179
1774945748.7915,0.0000,0.0000,0.0000,0.0000,0.0000,-3.1340,-0.2060,19.9989,-0.0248,0.0148,0.0019
1774945748.8117,0.0000,0.0000,0.0000,0.0000,0.0000,-3.1321,-0.2072,-26.8403,-0.0290,0.0351,-0.0119
1774945748.8313,0.0000,0.0000,0.0000,0.0000,0.0000,-3.1313,-0.2088,8.8764,-0.0546,0.0883,-0.0173
1774945748.8513,0.0000,0.0000,0.0000,0.0000,0.0000,-3.1296,-0.2079,-41.9234,-0.0397,0.0787,-0.0620
1774945748.8714,0.0000,0.0000,0.0000,0.0000,0.0000,-3.1269,-0.2105,52.4963,0.0413,0.0809,-0.1696
1774945748.8914,0.0000,0.0000,0.0000,0.0000,0.0000,-3.1249,-0.2123,46.9328,0.1062,0.0297,-0.2431
1774945748.9115,0.0000,0.0000,0.0000,0.0000,0.0000,-3.1259,-0.2116,96.8285,0.0945,-0.0608,-0.2484
1774945748.9313,0.0000,0.0000,0.0000,0.0000,0.0000,-3.1269,-0.2103,37.4263,0.0775,-0.1215,-0.2165
1774945748.9513,0.0000,0.0000,0.0000,0.0000,0.0000,-3.1266,-0.2120,-18.3319,0.0871,-0.0960,-0.1920
1774945748.9712,0.0000,0.0000,0.0000,0.0000,0.0000,-3.1281,-0.2136,-72.3376,0.0668,-0.0012,-0.1653
1774945748.9912,0.0000,0.0000,0.0000,0.0000,0.0000,-3.1283,-0.2175,-20.7874,0.0477,0.1000,-0.1600
1774945749.0112,0.0000,0.0000,0.0000,0.0000,0.0000,-3.1317,-0.2205,8.0520,-0.0173,0.2044,-0.1259
1774945749.0314,0.0000,0.0000,0.0000,0.0000,0.0000,-3.1328,-0.2206,102.8138,-0.0333,0.1405,-0.0961
1774945749.0512,0.0000,0.0000,0.0000,0.0000,0.0000,-3.1301,-0.2185,37.3434,0.0796,-0.0438,-0.0972
1774945749.0713,0.0000,0.0000,0.0000,0.0000,0.0000,-3.1290,-0.2177,62.4362,0.0349,-0.1300,-0.0961
1774945749.0913,0.0000,0.0000,0.0000,0.0000,0.0000,-3.1307,-0.2161,99.5374,-0.0589,-0.1503,-0.1206
1774945749.1113,0.0000,0.0000,0.0000,0.0000,0.0000,-3.1306,-0.2160,67.5827,-0.0962,-0.1205,-0.1526
1774945749.1312,0.0000,0.0000,0.0000,0.0000,0.0000,-3.1294,-0.2163,55.5961,-0.0440,-0.0448,-0.1707
1774945749.1512,0.0000,0.0000,0.0000,0.0000,0.0000,-3.1262,-0.2151,2.9467,0.0572,-0.0182,-0.1643
1774945749.1713,0.0000,0.0000,0.0000,0.0000,0.0000,-3.1273,-0.2143,-40.5819,0.0295,-0.0075,-0.1589
1774945749.1913,0.0000,0.0000,0.0000,0.0000,0.0000,-3.1320,-0.2142,-50.3485,-0.0120,0.0265,-0.1547
1774945749.2113,0.0000,0.0000,0.0000,0.0000,0.0000,-3.1354,-0.2130,-33.1365,-0.0173,0.0202,-0.1557
1774945749.2315,0.0000,0.0000,0.0000,0.0000,0.0000,-3.1359,-0.2122,-26.1415,0.0370,-0.0331,-0.1526
1774945749.2514,0.0000,0.0000,0.0000,0.0000,0.0000,-3.1351,-0.2085,-34.0143,0.0562,-0.1013,-0.1494
1774945749.2713,0.0000,0.0000,0.0000,0.0000,0.0000,-3.1387,-0.2068,-11.3029,-0.0152,-0.1237,-0.1366
1774945749.2912,0.0000,0.0000,0.0000,0.0000,0.0000,-3.1399,-0.2094,-18.0353,-0.0610,-0.0384,-0.1504
1774945749.3114,0.0000,0.0000,0.0000,0.0000,0.0000,-3.1397,-0.2110,-47.0824,-0.0631,-0.0097,-0.1536
1774945749.3314,0.0000,0.0000,0.0000,0.0000,0.0000,-3.1377,-0.2080,0.0000,-0.0045,-0.0470,-0.1408
1774945749.3512,0.0000,0.0000,0.0000,0.0000,0.0000,-3.1360,-0.2060,-41.0133,0.0626,-0.0736,-0.1344
1774945749.3712,0.0000,0.0000,0.0000,0.0000,0.0000,-3.1349,-0.2059,0.0000,0.0072,-0.1066,-0.1451
1774945749.3914,0.0000,0.0000,0.0000,0.0000,0.0000,-3.1375,-0.2059,0.0000,0.0008,-0.0992,-0.1696
1774945749.4113,0.0000,0.0000,0.0000,0.0000,0.0000,3.1400,-0.2076,0.0000,-0.0972,0.0095,-0.1717
1774945749.4321,0.0000,0.0000,0.0000,0.0000,0.0000,3.1401,-0.2073,28.6149,-0.0823,0.0510,-0.1707
1774945749.4514,0.0000,0.0000,0.0000,0.0000,0.0000,-3.1396,-0.2031,0.0000,0.0764,-0.0523,-0.1483
1774945749.4714,0.0000,0.0000,0.0000,0.0000,0.0000,-3.1345,-0.2002,0.0000,0.1105,-0.0992,-0.1472
1774945749.4912,0.0000,0.0000,0.0000,0.0000,0.0000,-3.1361,-0.1998,0.0000,0.1169,-0.0896,-0.1632
1774945749.5114,0.0000,0.0000,0.0000,0.0000,0.0000,-3.1380,-0.2009,0.0000,0.0892,-0.0438,-0.1600
1774945749.5317,0.0000,0.0000,0.0000,0.0000,0.0000,-3.1407,-0.2026,0.0000,0.0466,0.0255,-0.1536
1774945749.5514,0.0000,0.0000,0.0000,0.0000,0.0000,3.1393,-0.2030,0.0000,-0.0258,0.1160,-0.1344
1774945749.5713,0.0000,0.0000,0.0000,0.0000,0.0000,3.1392,-0.2017,0.0000,0.0498,0.1203,-0.1312
1774945749.5913,0.0000,0.0000,0.0000,0.0000,0.0000,3.1404,-0.1983,0.0000,0.0977,0.0170,-0.0961
1774945749.6114,0.0000,0.0000,0.0000,0.0000,0.0000,3.1400,-0.1952,0.0000,0.0828,0.0308,-0.0663
1774945749.6313,0.0000,0.0000,0.0000,0.0000,0.0000,3.1394,-0.1943,0.0000,0.1094,0.0915,-0.0141
1774945749.6513,0.0000,0.0000,0.0000,0.0000,0.0000,3.1369,-0.1956,0.0000,0.0285,0.0777,0.1095
1774945749.6713,0.0000,0.0000,0.0000,0.0000,0.0000,3.1359,-0.1949,0.0000,0.0679,0.0329,0.1713
1774945749.6914,0.0000,0.0000,0.0000,0.0000,0.0000,3.1362,-0.1978,17.5786,0.0029,0.0638,0.1542
1774945749.7114,0.0000,0.0000,0.0000,0.0000,0.0000,3.1387,-0.2013,8.8628,-0.0152,0.0351,0.1074
1774945749.7315,0.0000,0.0000,0.0000,0.0000,0.0000,-3.1402,-0.2035,14.5899,0.0509,0.0180,0.0552
1774945749.7514,0.0000,0.0000,0.0000,0.0000,0.0000,-3.1365,-0.2060,0.0000,0.0807,-0.0022,0.0190
1774945749.7717,0.0000,0.0000,0.0000,0.0000,0.0000,-3.1360,-0.2046,-53.3738,0.0445,-0.1407,-0.0055
1774945749.7914,0.0000,0.0000,0.0000,0.0000,0.0000,-3.1371,-0.2020,0.7426,0.0189,-0.1641,-0.0194
1774945749.8114,0.0000,0.0000,0.0000,0.0000,0.0000,-3.1325,-0.1996,32.7638,0.1233,-0.0629,-0.0492
1774945749.8312,0.0000,0.0000,0.0000,0.0000,0.0000,-3.1282,-0.2012,10.6153,0.2256,0.1576,-0.0300
1774945749.8514,0.0000,0.0000,0.0000,0.0000,0.0000,-3.1283,-0.2043,0.0567,0.1435,0.2311,0.0040
1774945749.8714,0.0000,0.0000,0.0000,0.0000,0.0000,-3.1303,-0.2071,5.7505,0.0221,0.2098,0.0158
1774945749.8918,0.0000,0.0000,0.0000,0.0000,0.0000,-3.1330,-0.2086,-6.0783,-0.0578,0.1373,0.0307
1774945749.9113,0.0000,0.0000,0.0000,0.0000,0.0000,-3.1314,-0.2113,-63.7668,-0.1175,0.1032,0.0317
1774945749.9343,0.0000,0.0000,0.0000,0.0000,0.0000,-3.1300,-0.2139,10.2804,-0.1313,0.0947,0.0339
1774945749.9513,0.0000,0.0000,0.0000,0.0000,0.0000,-3.1279,-0.2139,24.2219,-0.0908,-0.0043,0.0264
1774945749.9713,0.0000,0.0000,0.0000,0.0000,0.0000,-3.1268,-0.2121,-35.0815,-0.1420,-0.0832,0.0275
1774945749.9914,0.0000,0.0000,0.0000,0.0000,0.0000,-3.1295,-0.2119,-46.1094,-0.2187,-0.0544,0.0147
1774945750.0113,0.0000,0.0000,0.0000,0.0000,0.0000,-3.1304,-0.2122,18.9936,-0.2059,-0.0193,-0.0077
1774945750.0312,0.0000,0.0000,0.0000,0.0000,0.0000,-3.1300,-0.2140,6.1666,-0.1164,0.0265,-0.0258
1774945750.0514,0.0000,0.0000,0.0000,0.0000,0.0000,-3.1290,-0.2168,-36.1331,-0.0418,0.0574,-0.0428
1774945750.0713,0.0000,0.0000,0.0000,0.0000,0.0000,-3.1339,-0.2198,-7.4448,-0.0834,0.0894,-0.0460
1774945750.0917,0.0000,0.0000,0.0000,0.0000,0.0000,-3.1411,-0.2208,6.8090,-0.1824,0.0244,-0.0322
1774945750.1114,0.0000,0.0000,0.0000,0.0000,0.0000,3.1386,-0.2224,28.5820,-0.1068,0.0159,-0.0258
1774945750.1316,0.0000,0.0000,0.0000,0.0000,0.0000,3.1353,-0.2236,11.2933,-0.0173,-0.0043,-0.0162
1774945750.1514,0.0000,0.0000,0.0000,0.0000,0.0000,3.1317,-0.2253,-20.7591,0.0136,-0.0065,-0.0077
1774945750.1713,0.0000,0.0000,0.0000,0.0000,0.0000,3.1277,-0.2256,-14.8167,-0.0344,-0.0161,-0.0215
1774945750.1914,0.0000,0.0000,0.0000,0.0000,0.0000,3.1262,-0.2217,47.1499,-0.0333,-0.0832,-0.0141
1774945750.2113,0.0000,0.0000,0.0000,0.0000,0.0000,3.1269,-0.2176,10.0570,0.0242,-0.1215,-0.0098
1774945750.2314,0.0000,0.0000,0.0000,0.0000,0.0000,3.1273,-0.2178,29.1707,0.0615,-0.0150,0.0126
1774945750.2514,0.0000,0.0000,0.0000,0.0000,0.0000,3.1248,-0.2177,-0.8630,0.0455,0.0084,0.0200
1774945750.2716,0.0000,0.0000,0.0000,0.0000,0.0000,3.1218,-0.2176,17.7474,0.0274,-0.0395,0.0381
1774945750.2913,0.0000,0.0000,0.0000,0.0000,0.0000,3.1186,-0.2178,16.0125,-0.0077,-0.0779,0.0541
1774945750.3113,0.0000,0.0000,0.0000,0.0000,0.0000,3.1173,-0.2178,-9.1164,0.0061,-0.0651,0.0573
1774945750.3314,0.0000,0.0000,0.0000,0.0000,0.0000,3.1181,-0.2173,-35.1742,-0.0163,-0.0629,0.0722
1774945750.3513,0.0000,0.0000,0.0000,0.0000,0.0000,3.1208,-0.2146,-37.1049,-0.0642,-0.0470,0.0680
1774945750.3716,0.0000,0.0000,0.0000,0.0000,0.0000,3.1230,-0.2124,-3.1596,-0.0770,-0.0480,0.0498
1774945750.3914,0.0000,0.0000,0.0000,0.0000,0.0000,3.1254,-0.2099,18.0889,-0.0823,-0.0651,0.0307
1774945750.4115,0.0000,0.0000,0.0000,0.0000,0.0000,3.1276,-0.2079,-37.1294,-0.0834,-0.0683,0.0190
1774945750.4314,0.0000,0.0000,0.0000,0.0000,0.0000,3.1287,-0.2076,-68.8880,-0.0525,-0.0502,-0.0162
1774945750.4514,0.0000,0.0000,0.0000,0.0000,0.0000,3.1275,-0.2087,-8.5725,-0.0429,-0.0288,-0.0269
1774945750.4714,0.0000,0.0000,0.0000,0.0000,0.0000,3.1257,-0.2080,-3.0357,-0.0205,-0.0480,-0.0269
1774945750.4916,0.0000,0.0000,0.0000,0.0000,0.0000,3.1250,-0.2095,-31.0390,0.0295,0.0457,-0.0226
1774945750.5113,0.0000,0.0000,0.0000,0.0000,0.0000,3.1227,-0.2132,-16.6000,0.0775,0.1725,-0.0173
1774945750.5314,0.0000,0.0000,0.0000,0.0000,0.0000,3.1205,-0.2163,9.9577,0.0913,0.1991,0.0083
1774945750.5513,0.0000,0.0000,0.0000,0.0000,0.0000,3.1175,-0.2190,-41.5479,0.0146,0.1640,0.0509
1774945750.5713,0.0000,0.0000,0.0000,0.0000,0.0000,3.1148,-0.2193,20.3919,0.0413,0.0894,0.0722
1774945750.5915,0.0000,0.0000,0.0000,0.0000,0.0000,3.1157,-0.2155,25.6869,0.0828,-0.0885,0.0658
1774945750.6113,0.0000,0.0000,0.0000,0.0000,0.0000,3.1154,-0.2106,-47.6987,0.0285,-0.1577,0.0605
1774945750.6313,0.0000,0.0000,0.0000,0.0000,0.0000,3.1180,-0.2085,-1.6607,0.0232,-0.1109,0.0413
1774945750.6513,0.0000,0.0000,0.0000,0.0000,0.0000,3.1232,-0.2073,13.3243,0.0903,-0.0299,0.0168
1774945750.6713,0.0000,0.0000,0.0000,0.0000,0.0000,3.1292,-0.2071,25.3565,0.0860,0.0276,0.0094
1774945750.6913,0.0000,0.0000,0.0000,0.0000,0.0000,3.1337,-0.2076,45.6450,0.0125,0.0521,-0.0034
1774945750.7121,0.0000,0.0000,0.0000,0.0000,0.0000,3.1364,-0.2074,12.9220,-0.0258,0.0329,-0.0119
1774945750.7315,0.0000,0.0000,0.0000,0.0000,0.0000,3.1398,-0.2081,-49.7651,-0.0024,0.0958,-0.0215
1774945750.7513,0.0000,0.0000,0.0000,0.0000,0.0000,3.1392,-0.2114,-26.7474,-0.0365,0.2215,-0.0205
1774945750.7715,0.0000,0.0000,0.0000,0.0000,0.0000,3.1359,-0.2130,8.3202,-0.0802,0.2172,-0.0013
1774945750.7920,0.0000,0.0000,0.0000,0.0000,0.0000,3.1314,-0.2129,41.2998,-0.1239,0.0915,0.0221
1774945750.8115,0.0000,0.0000,0.0000,0.0000,0.0000,3.1276,-0.2112,87.5515,-0.1239,-0.0374,0.0360
1774945750.8313,0.0000,0.0000,0.0000,0.0000,0.0000,3.1266,-0.2111,33.9352,-0.1111,-0.0619,0.0200
1774945750.8513,0.0000,0.0000,0.0000,0.0000,0.0000,3.1268,-0.2130,-65.4017,-0.0578,-0.0203,0.0019
1774945750.8713,0.0000,0.0000,0.0000,0.0000,0.0000,3.1263,-0.2154,-93.2845,-0.0131,0.0319,-0.0013
1774945750.8915,0.0000,0.0000,0.0000,0.0000,0.0000,3.1273,-0.2176,-23.2975,0.0519,0.0116,-0.0119
1774945750.9114,0.0000,0.0000,0.0000,0.0000,0.0000,3.1266,-0.2156,47.8079,0.0583,-0.0864,-0.0077
1774945750.9314,0.0000,0.0000,0.0000,0.0000,0.0000,3.1239,-0.2124,-14.7089,0.0402,-0.1641,-0.0130
1774945750.9513,0.0000,0.0000,0.0000,0.0000,0.0000,3.1246,-0.2107,-16.4211,0.1073,-0.1024,-0.0237
1774945750.9714,0.0000,0.0000,0.0000,0.0000,0.0000,3.1247,-0.2068,13.5246,0.1872,-0.0800,-0.0034
1774945750.9914,0.0000,0.0000,0.0000,0.0000,0.0000,3.1239,-0.2053,-14.6430,0.1371,-0.0182,0.0179
1774945751.0117,0.0000,0.0000,0.0000,0.0000,0.0000,3.1220,-0.2050,-15.0555,0.0626,0.0745,0.0221
1774945751.0314,0.0000,0.0000,0.0000,0.0000,0.0000,3.1257,-0.2050,19.9340,0.0839,0.1032,0.0094
1774945751.0513,0.0000,0.0000,0.0000,0.0000,0.0000,3.1313,-0.2059,28.0492,0.0796,0.0660,0.0040
1774945751.0713,0.0000,0.0000,0.0000,0.0000,0.0000,3.1363,-0.2062,15.5089,0.0711,0.0457,0.0040
1774945751.0914,0.0000,0.0000,0.0000,0.0000,0.0000,3.1402,-0.2054,-19.1248,0.0317,0.0660,-0.0034
1774945751.1114,0.0000,0.0000,0.0000,0.0000,0.0000,-3.1414,-0.2064,-17.6583,-0.0397,0.1309,0.0083
1774945751.1313,0.0000,0.0000,0.0000,0.0000,0.0000,-3.1405,-0.2085,17.7180,-0.0908,0.1597,0.0072
1774945751.1521,0.0000,0.0000,0.0000,0.0000,0.0000,-3.1401,-0.2095,7.8146,-0.1121,0.1214,-0.0045
1774945751.1713,0.0000,0.0000,0.0000,0.0000,0.0000,-3.1395,-0.2099,-0.9751,-0.1175,0.0276,-0.0205
1774945751.1913,0.0000,0.0000,0.0000,0.0000,0.0000,3.1405,-0.2107,12.9678,-0.1654,-0.0491,-0.0215
1774945751.2115,0.0000,0.0000,0.0000,0.0000,0.0000,3.1377,-0.2125,-23.4183,-0.1729,-0.0342,-0.0322
1774945751.2314,0.0000,0.0000,0.0000,0.0000,0.0000,3.1352,-0.2152,-36.1197,-0.1398,0.0372,-0.0237
1774945751.2519,0.0000,0.0000,0.0000,0.0000,0.0000,3.1314,-0.2162,-50.7203,-0.0759,-0.0203,-0.0002
1774945751.2713,0.0000,0.0000,0.0000,0.0000,0.0000,3.1274,-0.2157,-83.4725,-0.0599,-0.0800,-0.0034
1774945751.2913,0.0000,0.0000,0.0000,0.0000,0.0000,3.1219,-0.2156,-30.4661,-0.1164,-0.0704,-0.0098
1774945751.3114,0.0000,0.0000,0.0000,0.0000,0.0000,3.1169,-0.2156,20.1563,-0.1100,-0.1205,-0.0194
1774945751.3312,0.0000,0.0000,0.0000,0.0000,0.0000,3.1143,-0.2141,10.2897,-0.0525,-0.1482,-0.0077
1774945751.3514,0.0000,0.0000,0.0000,0.0000,0.0000,3.1114,-0.2138,-13.8730,-0.0152,-0.1332,0.0040
1774945751.3712,0.0000,0.0000,0.0000,0.0000,0.0000,3.1087,-0.2137,15.4729,-0.0099,-0.1215,-0.0013
1774945751.3922,0.0000,0.0000,0.0000,0.0000,0.0000,3.1044,-0.2105,-32.3004,-0.1175,-0.1492,0.0030
1774945751.4113,0.0000,0.0000,0.0000,0.0000,0.0000,3.1028,-0.2085,-39.9699,-0.1494,-0.1897,-0.0002
1774945751.4313,0.0000,0.0000,0.0000,0.0000,0.0000,3.1038,-0.2036,76.8971,-0.0855,-0.2419,-0.0396
1774945751.4513,0.0000,0.0000,0.0000,0.0000,0.0000,3.1067,-0.1997,59.2297,0.0295,-0.2675,-0.1323
1774945751.4715,0.0000,0.0000,0.0000,0.0000,0.0000,3.1099,-0.1954,-31.6889,0.1190,-0.2483,-0.2069
1774945751.4914,0.0000,0.0000,0.0000,0.0000,0.0000,3.1073,-0.1919,-99.5867,0.0594,-0.2249,-0.2037
1774945751.5114,0.0000,0.0000,0.0000,0.0000,0.0000,3.1051,-0.1894,-45.4141,0.0881,-0.1354,-0.1898
1774945751.5313,0.0000,0.0000,0.0000,0.0000,0.0000,3.1033,-0.1880,53.0415,0.1489,-0.0629,-0.1366
1774945751.5514,0.0000,0.0000,0.0000,0.0000,0.0000,3.1027,-0.1873,71.5871,0.1659,-0.0118,-0.0854
1774945751.5713,0.0000,0.0000,0.0000,0.0000,0.0000,3.1026,-0.1852,20.0207,0.1425,-0.0139,-0.0631
1774945751.5913,0.0000,0.0000,0.0000,0.0000,0.0000,3.1079,-0.1828,22.5117,0.1925,-0.0118,-0.0673
1774945751.6114,0.0000,0.0000,0.0000,0.0000,0.0000,3.1099,-0.1839,-31.1269,0.1499,0.1000,-0.0812
1774945751.6314,0.0000,0.0000,0.0000,0.0000,0.0000,3.1133,-0.1882,21.2369,0.1307,0.2811,-0.1089
1774945751.6514,0.0000,0.0000,0.0000,0.0000,0.0000,3.1173,-0.1913,67.2934,0.1851,0.3269,-0.1078
1774945751.6713,0.0000,0.0000,0.0000,0.0000,0.0000,3.1214,-0.1935,-10.9295,0.2522,0.2503,-0.1227
1774945751.6914,0.0000,0.0000,0.0000,0.0000,0.0000,3.1239,-0.1956,-18.2552,0.2106,0.2204,-0.1217
1774945751.7114,0.0000,0.0000,0.0000,0.0000,0.0000,3.1296,-0.1977,-7.0169,0.2288,0.2492,-0.1408
1774945751.7313,0.0000,0.0000,0.0000,0.0000,0.0000,3.1375,-0.2024,-130.2001,0.3310,0.3408,-0.1462
1774945751.7514,0.0000,0.0000,0.0000,0.0000,0.0000,-3.1413,-0.2066,-4.9908,0.3694,0.3525,-0.1131
1774945751.7718,0.0000,0.0000,0.0000,0.0000,0.0000,-3.1361,-0.2086,-9.7038,0.3683,0.2108,-0.1046
1774945751.7914,0.0000,0.0000,0.0000,0.0000,0.0000,-3.1327,-0.2085,-0.6886,0.2916,0.0447,-0.0716
1774945751.8114,0.0000,0.0000,0.0000,0.0000,0.0000,-3.1301,-0.2081,-53.8007,0.1925,-0.0246,-0.0663
1774945751.8314,0.0000,0.0000,0.0000,0.0000,0.0000,-3.1252,-0.2107,-21.6234,0.1371,-0.0320,-0.0631
1774945751.8514,0.0000,0.0000,0.0000,0.0000,0.0000,-3.1217,-0.2135,27.8087,0.0711,-0.0299,-0.0705
1774945751.8712,0.0000,0.0000,0.0000,0.0000,0.0000,-3.1178,-0.2122,18.7700,0.0423,-0.1119,-0.0514
1774945751.8930,0.0000,0.0000,0.0000,0.0000,0.0000,-3.1199,-0.2043,-43.8849,-0.0195,-0.2952,0.0498
1774945751.9114,0.0000,0.0000,0.0000,0.0000,0.0000,-3.1239,-0.1955,-125.1203,-0.2389,-0.2941,0.1329
1774945751.9315,0.0000,0.0000,0.0000,0.0000,0.0000,-3.1248,-0.1904,0.0000,-0.2229,-0.1428,0.1223
1774945751.9514,0.0000,0.0000,0.0000,0.0000,0.0000,-3.1252,-0.1909,0.0000,-0.2378,0.0755,0.0786
1774945751.9714,0.0000,0.0000,0.0000,0.0000,0.0000,-3.1270,-0.1927,15.2753,-0.3252,0.1597,-0.0013
1774945751.9914,0.0000,0.0000,0.0000,0.0000,0.0000,-3.1303,-0.1951,0.0000,-0.3827,0.1842,-0.0652
1774945752.0113,0.0000,0.0000,0.0000,0.0000,0.0000,-3.1340,-0.1987,0.0000,-0.3550,0.1704,-0.1025
1774945752.0313,0.0000,0.0000,0.0000,0.0000,0.0000,-3.1366,-0.2023,0.0000,-0.2741,0.1288,-0.1174
1774945752.0513,0.0000,0.0000,0.0000,0.0000,0.0000,3.1375,-0.2048,0.0000,-0.2261,0.1309,-0.0972
1774945752.0713,0.0000,0.0000,0.0000,0.0000,0.0000,3.1287,-0.2080,0.0000,-0.2112,0.1608,-0.0737
1774945752.0914,0.0000,0.0000,0.0000,0.0000,0.0000,3.1203,-0.2125,0.0000,-0.2059,0.1661,-0.0599
1774945752.1113,0.0000,0.0000,0.0000,0.0000,0.0000,3.1125,-0.2168,0.0000,-0.2101,0.1331,-0.0162
1774945752.1314,0.0000,0.0000,0.0000,0.0000,0.0000,3.1055,-0.2195,0.0000,-0.1505,0.1064,0.0030
1774945752.1514,0.0000,0.0000,0.0000,0.0000,0.0000,3.0997,-0.2224,0.0000,-0.1356,0.0265,0.0104
1774945752.1713,0.0000,0.0000,0.0000,0.0000,0.0000,3.0969,-0.2240,0.0000,-0.0290,-0.0779,0.0104
1774945752.1914,0.0000,0.0000,0.0000,0.0000,0.0000,3.0943,-0.2232,0.0000,0.0668,-0.1055,0.0104
1774945752.2113,0.0000,0.0000,0.0000,0.0000,0.0000,3.0933,-0.2243,0.0000,0.0924,-0.0683,0.0115
1774945752.2314,0.0000,0.0000,0.0000,0.0000,0.0000,3.0918,-0.2234,5.8289,0.1339,-0.0448,-0.0055
1774945752.2513,0.0000,0.0000,0.0000,0.0000,0.0000,3.0913,-0.2216,0.0000,0.1318,-0.0225,-0.0119
1774945752.2715,0.0000,0.0000,0.0000,0.0000,0.0000,3.0958,-0.2186,0.0000,0.1126,-0.0065,-0.0258
1774945752.2914,0.0000,0.0000,0.0000,0.0000,0.0000,3.0957,-0.2164,0.0000,0.0391,-0.0129,-0.0130
1774945752.3114,0.0000,0.0000,0.0000,0.0000,0.0000,3.0948,-0.2176,-4.7135,-0.0631,0.0351,0.0200
1774945752.3315,0.0000,0.0000,0.0000,0.0000,0.0000,3.0988,-0.2164,19.9173,0.0402,-0.0203,0.0307
1774945752.3515,0.0000,0.0000,0.0000,0.0000,0.0000,3.1049,-0.2146,36.2966,0.1190,-0.0715,0.0328
1774945752.3713,0.0000,0.0000,0.0000,0.0000,0.0000,3.1076,-0.2123,50.8085,0.1350,-0.1087,0.0456
1774945752.3913,0.0000,0.0000,0.0000,0.0000,0.0000,3.1064,-0.2110,10.1306,0.1393,-0.1098,0.0541
1774945752.4114,0.0000,0.0000,0.0000,0.0000,0.0000,3.1058,-0.2104,-22.6981,0.1478,-0.1141,0.0562
1774945752.4313,0.0000,0.0000,0.0000,0.0000,0.0000,3.1062,-0.2090,-25.1235,0.1957,-0.1524,0.0594
1774945752.4513,0.0000,0.0000,0.0000,0.0000,0.0000,3.1081,-0.2085,-89.0561,0.2234,-0.1396,0.0584
1774945752.4713,0.0000,0.0000,0.0000,0.0000,0.0000,3.1099,-0.2078,16.1444,0.1979,-0.1503,0.0403
1774945752.4913,0.0000,0.0000,0.0000,0.0000,0.0000,3.1114,-0.2072,-13.9974,0.1126,-0.1290,0.0488
1774945752.5115,0.0000,0.0000,0.0000,0.0000,0.0000,3.1153,-0.2071,16.4421,0.0679,-0.0992,0.0637
1774945752.5313,0.0000,0.0000,0.0000,0.0000,0.0000,3.1222,-0.2070,-9.3993,0.1755,-0.0342,0.0552
1774945752.5513,0.0000,0.0000,0.0000,0.0000,0.0000,3.1302,-0.2064,-10.5297,0.2266,-0.0129,0.0307
1774945752.5713,0.0000,0.0000,0.0000,0.0000,0.0000,3.1352,-0.2049,-32.3203,0.1968,-0.0022,0.0147
1774945752.5918,0.0000,0.0000,0.0000,0.0000,0.0000,3.1404,-0.2052,25.6897,0.0690,0.0084,-0.0055
1774945752.6114,0.0000,0.0000,0.0000,0.0000,0.0000,-3.1387,-0.2037,-13.3130,0.0519,0.0084,0.0083
1774945752.6314,0.0000,0.0000,0.0000,0.0000,0.0000,-3.1340,-0.2050,-0.4084,0.0540,0.0553,0.0275
1774945752.6513,0.0000,0.0000,0.0000,0.0000,0.0000,-3.1310,-0.2103,-28.0902,0.0594,0.1714,0.0339
1774945752.6713,0.0000,0.0000,0.0000,0.0000,0.0000,-3.1301,-0.2170,29.6892,0.0391,0.2321,0.0296
1774945752.6914,0.0000,0.0000,0.0000,0.0000,0.0000,-3.1286,-0.2247,-33.9084,0.0253,0.2577,0.0200
1774945752.7114,0.0000,0.0000,0.0000,0.0000,0.0000,-3.1284,-0.2311,5.5727,-0.0472,0.2183,0.0104
1774945752.7313,0.0000,0.0000,0.0000,0.0000,0.0000,-3.1275,-0.2349,10.7876,-0.0993,0.0660,0.0008
1774945752.7516,0.0000,0.0000,0.0000,0.0000,0.0000,-3.1271,-0.2343,-20.5203,-0.1079,-0.0832,-0.0024
1774945752.7714,0.0000,0.0000,0.0000,0.0000,0.0000,-3.1273,-0.2317,1.9014,-0.1377,-0.2110,-0.0173
1774945752.7913,0.0000,0.0000,0.0000,0.0000,0.0000,-3.1300,-0.2234,31.1600,-0.2325,-0.3601,-0.0077
1774945752.8113,0.0000,0.0000,0.0000,0.0000,0.0000,-3.1321,-0.2167,78.6302,-0.2954,-0.3197,-0.0130
1774945752.8313,0.0000,0.0000,0.0000,0.0000,0.0000,-3.1340,-0.2084,61.9067,-0.2826,-0.3569,-0.0013
1774945752.8514,0.0000,0.0000,0.0000,0.0000,0.0000,-3.1364,-0.2012,23.6011,-0.3028,-0.3868,0.0051
1774945752.8715,0.0000,0.0000,0.0000,0.0000,0.0000,-3.1391,-0.1958,15.1765,-0.3263,-0.3655,-0.0279
1774945752.8914,0.0000,0.0000,0.0000,0.0000,0.0000,3.1385,-0.1919,28.2035,-0.3433,-0.3303,-0.0396
1774945752.9113,0.0000,0.0000,0.0000,0.0000,0.0000,3.1325,-0.1898,-42.4464,-0.2655,-0.2685,-0.0471
1774945752.9313,0.0000,0.0000,0.0000,0.0000,0.0000,3.1277,-0.1892,9.9620,-0.1654,-0.1663,-0.0514
1774945752.9514,0.0000,0.0000,0.0000,0.0000,0.0000,3.1204,-0.1894,-46.0270,-0.1952,-0.0310,-0.0535
1774945752.9716,0.0000,0.0000,0.0000,0.0000,0.0000,3.1121,-0.1914,-66.9366,-0.2378,0.1118,-0.0631
1774945752.9913,0.0000,0.0000,0.0000,0.0000,0.0000,3.1059,-0.1977,8.5246,-0.1771,0.2471,-0.0599
1774945753.0113,0.0000,0.0000,0.0000,0.0000,0.0000,3.1012,-0.2013,65.3883,-0.0802,0.2545,-0.0364
1774945753.0313,0.0000,0.0000,0.0000,0.0000,0.0000,3.0980,-0.2038,0.8199,0.0264,0.2140,-0.0119
1774945753.0514,0.0000,0.0000,0.0000,0.0000,0.0000,3.0951,-0.2085,0.1152,0.0583,0.2641,-0.0109
1774945753.0715,0.0000,0.0000,0.0000,0.0000,0.0000,3.0916,-0.2140,36.3877,0.0050,0.2779,0.0147
1774945753.0914,0.0000,0.0000,0.0000,0.0000,0.0000,3.0887,-0.2173,50.9480,0.0445,0.1949,0.0541
1774945753.1114,0.0000,0.0000,0.0000,0.0000,0.0000,3.0876,-0.2197,53.4872,0.1158,0.1043,0.0637
1774945753.1313,0.0000,0.0000,0.0000,0.0000,0.0000,3.0861,-0.2197,-2.7620,0.0423,0.0265,0.0584
1774945753.1513,0.0000,0.0000,0.0000,0.0000,0.0000,3.0880,-0.2173,-85.8798,-0.0248,-0.0736,0.0445
1774945753.1714,0.0000,0.0000,0.0000,0.0000,0.0000,3.0915,-0.2125,-16.2050,0.0125,-0.2067,0.0349
1774945753.1914,0.0000,0.0000,0.0000,0.0000,0.0000,3.0965,-0.2074,-64.5026,0.0860,-0.2302,0.0264
1774945753.2116,0.0000,0.0000,0.0000,0.0000,0.0000,3.1028,-0.2027,12.5242,0.1339,-0.1428,0.0115
1774945753.2314,0.0000,0.0000,0.0000,0.0000,0.0000,3.1069,-0.2013,10.6553,0.1467,0.0191,-0.0013
1774945753.2514,0.0000,0.0000,0.0000,0.0000,0.0000,3.1064,-0.2023,5.0263,0.1094,0.0947,-0.0183
1774945753.2713,0.0000,0.0000,0.0000,0.0000,0.0000,3.1042,-0.2030,28.4909,0.0615,0.0447,-0.0215
1774945753.2917,0.0000,0.0000,0.0000,0.0000,0.0000,3.1023,-0.2020,26.7962,0.0189,-0.0565,-0.0087
1774945753.3113,0.0000,0.0000,0.0000,0.0000,0.0000,3.1027,-0.2001,63.1990,0.0423,-0.1141,0.0179
1774945753.3313,0.0000,0.0000,0.0000,0.0000,0.0000,3.1043,-0.1980,-14.7019,0.0594,-0.1577,0.0403
1774945753.3514,0.0000,0.0000,0.0000,0.0000,0.0000,3.1082,-0.1974,-101.0323,0.1222,-0.0832,0.0115
1774945753.3713,0.0000,0.0000,0.0000,0.0000,0.0000,3.1138,-0.2003,15.7565,0.1744,0.0937,0.0136
1774945753.3913,0.0000,0.0000,0.0000,0.0000,0.0000,3.1190,-0.2008,73.3097,0.2170,0.1363,-0.0087
1774945753.4113,0.0000,0.0000,0.0000,0.0000,0.0000,3.1193,-0.2009,-5.3250,0.1382,0.0819,-0.0077
1774945753.4313,0.0000,0.0000,0.0000,0.0000,0.0000,3.1176,-0.2008,-41.8150,0.0210,0.0457,0.0083
1774945753.4513,0.0000,0.0000,0.0000,0.0000,0.0000,3.1154,-0.2004,-17.9296,-0.0610,-0.0225,0.0221
1774945753.4713,0.0000,0.0000,0.0000,0.0000,0.0000,3.1170,-0.2003,2.9208,-0.0770,-0.0683,0.0349
1774945753.4913,0.0000,0.0000,0.0000,0.0000,0.0000,3.1191,-0.1999,4.2220,-0.0802,-0.0704,0.0371
1774945753.5113,0.0000,0.0000,0.0000,0.0000,0.0000,3.1207,-0.2004,-13.1252,-0.1324,-0.0246,0.0179
1774945753.5313,0.0000,0.0000,0.0000,0.0000,0.0000,3.1206,-0.2017,-49.8661,-0.2176,0.0574,-0.0119
1774945753.5513,0.0000,0.0000,0.0000,0.0000,0.0000,3.1208,-0.2042,10.4513,-0.1143,0.1885,-0.0300
1774945753.5713,0.0000,0.0000,0.0000,0.0000,0.0000,3.1231,-0.2085,68.5028,-0.0109,0.2918,-0.0343
1774945753.5913,0.0000,0.0000,0.0000,0.0000,0.0000,3.1206,-0.2113,9.2754,-0.0429,0.2481,-0.0471
1774945753.6113,0.0000,0.0000,0.0000,0.0000,0.0000,3.1144,-0.2141,-48.8410,-0.1718,0.1405,-0.0737
1774945753.6313,0.0000,0.0000,0.0000,0.0000,0.0000,3.1069,-0.2129,-14.7029,-0.1984,-0.0320,-0.0535
1774945753.6514,0.0000,0.0000,0.0000,0.0000,0.0000,3.1011,-0.2100,-58.2717,-0.1515,-0.1876,-0.0109
1774945753.6713,0.0000,0.0000,0.0000,0.0000,0.0000,3.0989,-0.2078,-51.6288,-0.1025,-0.2195,0.0200
1774945753.6913,0.0000,0.0000,0.0000,0.0000,0.0000,3.0983,-0.2053,-0.1577,-0.0269,-0.1418,0.0136
1774945753.7114,0.0000,0.0000,0.0000,0.0000,0.0000,3.0977,-0.2057,-15.7566,0.0146,0.0223,0.0179
1774945753.7315,0.0000,0.0000,0.0000,0.0000,0.0000,3.0947,-0.2071,-1.2600,0.0391,0.1043,0.0147
1774945753.7513,0.0000,0.0000,0.0000,0.0000,0.0000,3.0929,-0.2055,22.1778,0.0434,0.0170,-0.0066
1774945753.7713,0.0000,0.0000,0.0000,0.0000,0.0000,3.0929,-0.2022,-0.8746,0.1009,-0.0768,-0.0141
1774945753.7914,0.0000,0.0000,0.0000,0.0000,0.0000,3.0934,-0.1991,-40.1315,0.1755,-0.0747,-0.0098
1774945753.8114,0.0000,0.0000,0.0000,0.0000,0.0000,3.0944,-0.1973,-69.4722,0.2000,-0.0022,0.0158
1774945753.8314,0.0000,0.0000,0.0000,0.0000,0.0000,3.0947,-0.1972,18.1010,0.2160,0.0297,0.0317
1774945753.8514,0.0000,0.0000,0.0000,0.0000,0.0000,3.0971,-0.1960,6.9234,0.2351,0.0649,0.0360
1774945753.8713,0.0000,0.0000,0.0000,0.0000,0.0000,3.1025,-0.1983,28.2787,0.2256,0.1086,0.0328
1774945753.8914,0.0000,0.0000,0.0000,0.0000,0.0000,3.1050,-0.2007,-81.3600,0.1489,0.1107,0.0051
1774945753.9113,0.0000,0.0000,0.0000,0.0000,0.0000,3.1087,-0.2004,-67.1171,0.1116,0.0819,0.0221
1774945753.9314,0.0000,0.0000,0.0000,0.0000,0.0000,3.1086,-0.2035,-29.0819,-0.0195,0.1245,0.0328
1774945753.9515,0.0000,0.0000,0.0000,0.0000,0.0000,3.1121,-0.2061,-12.3945,-0.0429,0.1150,0.0435
1774945753.9715,0.0000,0.0000,0.0000,0.0000,0.0000,3.1166,-0.2066,-9.1127,0.0796,-0.0097,0.0626
1774945753.9914,0.0000,0.0000,0.0000,0.0000,0.0000,3.1233,-0.2051,-7.5519,0.1286,-0.1269,0.0424
1774945754.0114,0.0000,0.0000,0.0000,0.0000,0.0000,3.1221,-0.2055,13.1362,-0.0141,-0.1247,0.0147
1774945754.0314,0.0000,0.0000,0.0000,0.0000,0.0000,3.1212,-0.2065,61.2313,-0.1089,-0.0342,-0.0045
1774945754.0514,0.0000,0.0000,0.0000,0.0000,0.0000,3.1225,-0.2082,43.9223,-0.0908,0.0542,-0.0205
1774945754.0713,0.0000,0.0000,0.0000,0.0000,0.0000,3.1243,-0.2097,-14.3817,-0.0908,0.1235,-0.0279
1774945754.0914,0.0000,0.0000,0.0000,0.0000,0.0000,3.1261,-0.2117,-56.6056,-0.0663,0.1192,-0.0460
1774945754.1113,0.0000,0.0000,0.0000,0.0000,0.0000,3.1273,-0.2109,-54.8072,-0.0067,0.0702,-0.0354
1774945754.1315,0.0000,0.0000,0.0000,0.0000,0.0000,3.1275,-0.2104,-26.0097,0.0807,0.0361,-0.0311
1774945754.1514,0.0000,0.0000,0.0000,0.0000,0.0000,3.1249,-0.2088,19.7033,0.0232,-0.0587,-0.0205
1774945754.1714,0.0000,0.0000,0.0000,0.0000,0.0000,3.1210,-0.2072,-39.7432,-0.0195,-0.1045,-0.0087
1774945754.1914,0.0000,0.0000,0.0000,0.0000,0.0000,3.1171,-0.2068,32.8823,-0.0013,-0.0906,0.0040
1774945754.2113,0.0000,0.0000,0.0000,0.0000,0.0000,3.1168,-0.2076,-19.0432,0.0232,-0.0885,0.0168
1774945754.2315,0.0000,0.0000,0.0000,0.0000,0.0000,3.1202,-0.2085,-41.5157,0.0658,-0.0608,0.0168
1774945754.2514,0.0000,0.0000,0.0000,0.0000,0.0000,3.1205,-0.2106,-47.5133,-0.0184,0.0851,0.0115
1774945754.2714,0.0000,0.0000,0.0000,0.0000,0.0000,3.1199,-0.2154,50.1978,-0.1505,0.2140,-0.0045
1774945754.2915,0.0000,0.0000,0.0000,0.0000,0.0000,3.1207,-0.2187,46.9670,-0.1345,0.1874,-0.0173
1774945754.3113,0.0000,0.0000,0.0000,0.0000,0.0000,3.1231,-0.2205,8.9230,-0.0450,0.0670,-0.0098
1774945754.3314,0.0000,0.0000,0.0000,0.0000,0.0000,3.1230,-0.2172,-35.5646,0.0050,-0.1002,0.0136
1774945754.3514,0.0000,0.0000,0.0000,0.0000,0.0000,3.1185,-0.2141,-83.1586,-0.0748,-0.2089,0.0030
1774945754.3715,0.0000,0.0000,0.0000,0.0000,0.0000,3.1137,-0.2112,-110.2660,-0.1100,-0.1822,-0.0215
1774945754.3914,0.0000,0.0000,0.0000,0.0000,0.0000,3.1149,-0.2093,-27.0244,-0.0312,-0.0789,-0.0375
1774945754.4113,0.0000,0.0000,0.0000,0.0000,0.0000,3.1169,-0.2091,66.7736,0.0285,0.0329,-0.0098
1774945754.4314,0.0000,0.0000,0.0000,0.0000,0.0000,3.1142,-0.2101,30.0519,-0.0237,0.1128,-0.0024
1774945754.4517,0.0000,0.0000,0.0000,0.0000,0.0000,3.1094,-0.2131,0.0000,-0.0834,0.0798,-0.0098
1774945754.4714,0.0000,0.0000,0.0000,0.0000,0.0000,3.1092,-0.2127,0.0000,-0.0312,-0.0193,0.0062
1774945754.4913,0.0000,0.0000,0.0000,0.0000,0.0000,3.1065,-0.2112,-12.3942,0.0583,-0.1119,0.0307
1774945754.5113,0.0000,0.0000,0.0000,0.0000,0.0000,3.1041,-0.2092,-36.3220,0.0509,-0.1215,0.0339
1774945754.5318,0.0000,0.0000,0.0000,0.0000,0.0000,3.1002,-0.2099,0.0000,-0.0301,-0.0267,0.0307
1774945754.5513,0.0000,0.0000,0.0000,0.0000,0.0000,3.1032,-0.2081,-9.8244,0.0146,0.0297,0.0094
1774945754.5713,0.0000,0.0000,0.0000,0.0000,0.0000,3.1076,-0.2061,0.0000,0.1137,-0.0033,-0.0045
1774945754.5914,0.0000,0.0000,0.0000,0.0000,0.0000,3.1079,-0.2017,0.0000,0.0999,-0.0725,0.0104
1774945754.6114,0.0000,0.0000,0.0000,0.0000,0.0000,3.1069,-0.2002,0.0000,0.0551,-0.1024,0.0008
1774945754.6315,0.0000,0.0000,0.0000,0.0000,0.0000,3.1097,-0.2007,0.0000,0.0668,-0.0757,0.0104
1774945754.6513,0.0000,0.0000,0.0000,0.0000,0.0000,3.1139,-0.2001,0.0000,0.1062,-0.0693,0.0264
1774945754.6714,0.0000,0.0000,0.0000,0.0000,0.0000,3.1172,-0.2025,0.0000,0.1190,-0.0288,0.0285
1774945754.6916,0.0000,0.0000,0.0000,0.0000,0.0000,3.1161,-0.2053,0.0000,0.0913,0.0308,0.0062
1774945754.7114,0.0000,0.0000,0.0000,0.0000,0.0000,3.1139,-0.2072,0.0000,0.0860,0.0905,0.0051
1774945754.7313,0.0000,0.0000,0.0000,0.0000,0.0000,3.1175,-0.2088,0.0000,0.0530,0.0990,0.0072
1774945754.7513,0.0000,0.0000,0.0000,0.0000,0.0000,3.1221,-0.2100,0.0000,0.0626,0.1214,0.0115
1774945754.7714,0.0000,0.0000,0.0000,0.0000,0.0000,3.1282,-0.2119,0.0000,0.1244,0.1459,-0.0077
1774945754.7915,0.0000,0.0000,0.0000,0.0000,0.0000,3.1305,-0.2118,0.0000,0.1521,0.0819,-0.0194
1774945754.8112,0.0000,0.0000,0.0000,0.0000,0.0000,3.1288,-0.2099,-8.1814,0.0604,-0.0651,-0.0066
1774945754.8313,0.0000,0.0000,0.0000,0.0000,0.0000,3.1285,-0.2083,0.0000,0.0242,-0.1279,0.0019
1774945754.8513,0.0000,0.0000,0.0000,0.0000,0.0000,3.1312,-0.2087,9.5842,0.0253,-0.0885,0.0062
1774945754.8713,0.0000,0.0000,0.0000,0.0000,0.0000,3.1319,-0.2101,53.0133,-0.0184,-0.0118,0.0083
1774945754.8915,0.0000,0.0000,0.0000,0.0000,0.0000,3.1336,-0.2094,6.9922,-0.0791,0.0010,-0.0034
1774945754.9113,0.0000,0.0000,0.0000,0.0000,0.0000,3.1353,-0.2079,-56.3778,-0.0599,-0.0118,-0.0130
1774945754.9351,0.0000,0.0000,0.0000,0.0000,0.0000,3.1376,-0.2057,-18.4769,0.0008,-0.0747,-0.0119
1774945754.9515,0.0000,0.0000,0.0000,0.0000,0.0000,3.1410,-0.2017,35.4379,0.0636,-0.0864,-0.0237
1774945754.9714,0.0000,0.0000,0.0000,0.0000,0.0000,3.1383,-0.1990,9.1293,0.0455,-0.1013,-0.0173
1774945754.9916,0.0000,0.0000,0.0000,0.0000,0.0000,3.1346,-0.1975,9.1815,0.0029,-0.1066,-0.0034
1774945755.0191,0.0000,0.0000,0.0000,0.0000,0.0000,3.1306,-0.1969,-39.4722,-0.0312,-0.1034,0.0094
1774945755.0314,0.0000,0.0000,0.0000,0.0000,0.0000,3.1278,-0.1976,-2.8481,-0.0546,-0.0917,0.0360
1774945755.0514,0.0000,0.0000,0.0000,0.0000,0.0000,3.1294,-0.1981,3.7956,-0.0386,-0.1130,0.0413
1774945755.0719,0.0000,0.0000,0.0000,0.0000,0.0000,3.1318,-0.1948,12.1197,-0.0280,-0.1322,0.0403
1774945755.0914,0.0000,0.0000,0.0000,0.0000,0.0000,3.1334,-0.1958,-23.0680,-0.0248,0.0170,0.0190
1774945755.1113,0.0000,0.0000,0.0000,0.0000,0.0000,3.1353,-0.1984,67.7216,0.0072,0.1533,-0.0215
1774945755.1313,0.0000,0.0000,0.0000,0.0000,0.0000,3.1375,-0.2015,66.6070,0.0338,0.1469,-0.0407
1774945755.1514,0.0000,0.0000,0.0000,0.0000,0.0000,3.1367,-0.1998,14.5976,0.0232,0.0489,-0.0428
1774945755.1714,0.0000,0.0000,0.0000,0.0000,0.0000,3.1351,-0.1972,-29.3766,0.0232,-0.0480,-0.0311
1774945755.1914,0.0000,0.0000,0.0000,0.0000,0.0000,3.1358,-0.1966,-44.8880,0.0104,-0.0757,-0.0183
1774945755.2118,0.0000,0.0000,0.0000,0.0000,0.0000,3.1344,-0.1967,-8.1720,-0.0013,-0.0225,0.0019
1774945755.2317,0.0000,0.0000,0.0000,0.0000,0.0000,3.1368,-0.1957,17.5741,0.0434,-0.0171,0.0062
1774945755.2514,0.0000,0.0000,0.0000,0.0000,0.0000,3.1380,-0.1963,23.0766,0.0722,-0.0257,-0.0013
1774945755.2713,0.0000,0.0000,0.0000,0.0000,0.0000,3.1354,-0.1967,48.6065,0.0168,-0.0342,0.0030
1774945755.2913,0.0000,0.0000,0.0000,0.0000,0.0000,3.1326,-0.1979,26.7551,-0.0322,-0.0395,0.0019
1774945755.3115,0.0000,0.0000,0.0000,0.0000,0.0000,3.1318,-0.2008,0.7667,-0.0163,-0.0139,0.0040
1774945755.3315,0.0000,0.0000,0.0000,0.0000,0.0000,3.1338,-0.2024,13.3977,0.0008,-0.0043,0.0040
1774945755.3524,0.0000,0.0000,0.0000,0.0000,0.0000,3.1383,-0.2028,-8.8629,0.0466,-0.0203,0.0008
1774945755.3720,0.0000,0.0000,0.0000,0.0000,0.0000,3.1386,-0.2042,-24.4710,0.0168,0.0095,0.0008
1774945755.3914,0.0000,0.0000,0.0000,0.0000,0.0000,3.1394,-0.2058,19.2543,0.0136,0.0500,-0.0119
1774945755.4115,0.0000,0.0000,0.0000,0.0000,0.0000,3.1386,-0.2048,-6.2225,0.0168,0.0287,-0.0183
1774945755.4363,0.0000,0.0000,0.0000,0.0000,0.0000,3.1368,-0.2026,8.4237,-0.0077,-0.0661,-0.0066
1774945755.4518,0.0000,0.0000,0.0000,0.0000,0.0000,3.1363,-0.1988,-9.7529,-0.0386,-0.1183,0.0019
1774945755.4714,0.0000,0.0000,0.0000,0.0000,0.0000,3.1376,-0.1967,20.9320,-0.0418,-0.0715,-0.0002
1774945755.4914,0.0000,0.0000,0.0000,0.0000,0.0000,3.1409,-0.1968,2.9671,0.0114,0.0106,-0.0055
1774945755.5113,0.0000,0.0000,0.0000,0.0000,0.0000,-3.1409,-0.1972,10.8414,0.0338,0.0617,-0.0098
1774945755.5313,0.0000,0.0000,0.0000,0.0000,0.0000,-3.1389,-0.1969,21.2819,0.0349,0.0510,-0.0066
1774945755.5515,0.0000,0.0000,0.0000,0.0000,0.0000,-3.1408,-0.1953,8.2552,0.0615,-0.0374,-0.0119
1774945755.5718,0.0000,0.0000,0.0000,0.0000,0.0000,3.1396,-0.1951,-2.1379,0.0232,-0.0725,-0.0002
1774945755.5913,0.0000,0.0000,0.0000,0.0000,0.0000,3.1371,-0.1963,-13.5574,0.0050,-0.0395,0.0115
1774945755.6114,0.0000,0.0000,0.0000,0.0000,0.0000,3.1361,-0.1981,-50.3905,0.0232,0.0319,0.0264
1774945755.6314,0.0000,0.0000,0.0000,0.0000,0.0000,3.1352,-0.2015,-18.8181,0.0317,0.0489,0.0243
1774945755.6529,0.0000,0.0000,0.0000,0.0000,0.0000,3.1364,-0.2006,7.2210,0.0189,0.0116,0.0232
1774945755.6713,0.0000,0.0000,0.0000,0.0000,0.0000,3.1369,-0.2011,21.1705,-0.0408,-0.0022,0.0147
1774945755.6913,0.0000,0.0000,0.0000,0.0000,0.0000,3.1400,-0.2015,24.9279,-0.0322,-0.0075,-0.0045
1774945755.7122,0.0000,0.0000,0.0000,0.0000,0.0000,-3.1403,-0.2031,34.0307,-0.0344,-0.0033,-0.0002
1774945755.7314,0.0000,0.0000,0.0000,0.0000,0.0000,-3.1389,-0.2030,5.8742,-0.0770,0.0074,0.0019
1774945755.7514,0.0000,0.0000,0.0000,0.0000,0.0000,-3.1385,-0.2052,-30.9931,-0.1025,0.0979,-0.0002
1774945755.7713,0.0000,0.0000,0.0000,0.0000,0.0000,-3.1365,-0.2070,2.5349,0.0114,0.1427,-0.0109
1774945755.7913,0.0000,0.0000,0.0000,0.0000,0.0000,-3.1366,-0.2054,-20.1915,0.0264,0.0372,-0.0087
1774945755.8113,0.0000,0.0000,0.0000,0.0000,0.0000,-3.1395,-0.2024,-35.8359,0.0125,-0.0970,-0.0205
1774945755.8313,0.0000,0.0000,0.0000,0.0000,0.0000,3.1393,-0.1999,-11.7423,-0.0503,-0.1524,-0.0205
1774945755.8514,0.0000,0.0000,0.0000,0.0000,0.0000,3.1359,-0.1989,23.1396,-0.0855,-0.1311,-0.0055
1774945755.8713,0.0000,0.0000,0.0000,0.0000,0.0000,3.1369,-0.1993,42.9382,-0.0855,-0.0587,-0.0002
1774945755.8917,0.0000,0.0000,0.0000,0.0000,0.0000,3.1385,-0.2016,-20.1324,-0.0940,0.0532,-0.0077
1774945755.9114,0.0000,0.0000,0.0000,0.0000,0.0000,3.1395,-0.2058,-62.2200,-0.0951,0.1810,-0.0141
1774945755.9324,0.0000,0.0000,0.0000,0.0000,0.0000,-3.1414,-0.2087,11.3797,-0.0312,0.1714,0.0040
1774945755.9536,0.0000,0.0000,0.0000,0.0000,0.0000,-3.1411,-0.2091,54.9254,0.0540,0.0809,-0.0013
1774945755.9713,0.0000,0.0000,0.0000,0.0000,0.0000,3.1388,-0.2083,-10.7407,0.0274,-0.0810,-0.0183
1774945755.9912,0.0000,0.0000,0.0000,0.0000,0.0000,3.1345,-0.2042,-7.8242,-0.0429,-0.1865,-0.0269
1774945756.0113,0.0000,0.0000,0.0000,0.0000,0.0000,3.1299,-0.2020,-7.4835,-0.0738,-0.1929,-0.0024
1774945756.0313,0.0000,0.0000,0.0000,0.0000,0.0000,3.1310,-0.2023,-5.9718,-0.0344,-0.0800,-0.0002
1774945756.0513,0.0000,0.0000,0.0000,0.0000,0.0000,3.1336,-0.2026,37.7263,-0.0195,-0.0012,0.0158
1774945756.0715,0.0000,0.0000,0.0000,0.0000,0.0000,3.1328,-0.2021,-4.1262,-0.0141,-0.0523,0.0200
1774945756.0913,0.0000,0.0000,0.0000,0.0000,0.0000,3.1337,-0.2002,10.6522,-0.0163,-0.1024,0.0072
1774945756.1114,0.0000,0.0000,0.0000,0.0000,0.0000,3.1337,-0.1983,24.1380,-0.0227,-0.1098,0.0008
1774945756.1314,0.0000,0.0000,0.0000,0.0000,0.0000,3.1346,-0.1989,12.9824,0.0242,-0.0853,-0.0173
1774945756.1513,0.0000,0.0000,0.0000,0.0000,0.0000,3.1356,-0.1980,-38.6360,0.0498,-0.0512,-0.0215
1774945756.1714,0.0000,0.0000,0.0000,0.0000,0.0000,3.1349,-0.1978,2.7782,0.0594,0.0830,-0.0269
1774945756.1914,0.0000,0.0000,0.0000,0.0000,0.0000,3.1350,-0.1989,61.4536,0.0977,0.2140,-0.0141
1774945756.2116,0.0000,0.0000,0.0000,0.0000,0.0000,3.1342,-0.2000,-9.6800,0.0871,0.1842,0.0030
1774945756.2318,0.0000,0.0000,0.0000,0.0000,0.0000,3.1333,-0.2006,23.3493,0.0732,0.1224,0.0221
1774945756.2514,0.0000,0.0000,0.0000,0.0000,0.0000,3.1297,-0.1985,2.0772,0.0040,-0.0438,0.0285
1774945756.2713,0.0000,0.0000,0.0000,0.0000,0.0000,3.1304,-0.1985,-13.9784,-0.0035,-0.0651,0.0243
1774945756.2915,0.0000,0.0000,0.0000,0.0000,0.0000,3.1347,-0.1979,18.4566,0.0402,-0.0139,0.0179
1774945756.3114,0.0000,0.0000,0.0000,0.0000,0.0000,3.1402,-0.1989,63.4774,0.1126,0.0447,0.0083
1774945756.3314,0.0000,0.0000,0.0000,0.0000,0.0000,-3.1407,-0.1987,18.7490,0.1094,-0.0054,-0.0034
1774945756.3514,0.0000,0.0000,0.0000,0.0000,0.0000,-3.1413,-0.1958,-22.2984,0.0530,-0.0725,-0.0194
1774945756.3715,0.0000,0.0000,0.0000,0.0000,0.0000,-3.1398,-0.1941,-41.9841,0.0615,-0.0597,-0.0258
1774945756.3913,0.0000,0.0000,0.0000,0.0000,0.0000,-3.1394,-0.1945,-46.6444,0.1062,0.0351,-0.0055
1774945756.4113,0.0000,0.0000,0.0000,0.0000,0.0000,-3.1406,-0.1959,-18.5772,0.0935,0.1203,0.0115
1774945756.4314,0.0000,0.0000,0.0000,0.0000,0.0000,3.1400,-0.1978,-6.4441,0.0455,0.1363,0.0285
1774945756.4514,0.0000,0.0000,0.0000,0.0000,0.0000,3.1412,-0.2017,29.9888,0.0594,0.0873,0.0403
1774945756.4714,0.0000,0.0000,0.0000,0.0000,0.0000,-3.1405,-0.2042,24.9590,0.0690,0.0223,0.0392
1774945756.4914,0.0000,0.0000,0.0000,0.0000,0.0000,-3.1366,-0.2046,34.7028,0.0690,-0.0161,0.0243
1774945756.5114,0.0000,0.0000,0.0000,0.0000,0.0000,-3.1342,-0.2068,17.9469,0.0402,0.0127,0.0094
1774945756.5313,0.0000,0.0000,0.0000,0.0000,0.0000,-3.1318,-0.2043,-5.7344,-0.0024,0.0244,-0.0077
1774945756.5514,0.0000,0.0000,0.0000,0.0000,0.0000,-3.1290,-0.2047,45.9023,-0.0003,0.0457,-0.0109
1774945756.5714,0.0000,0.0000,0.0000,0.0000,0.0000,-3.1267,-0.2044,-41.8796,-0.0003,0.0510,-0.0024
1774945756.5915,0.0000,0.0000,0.0000,0.0000,0.0000,-3.1249,-0.2045,19.2011,0.0050,0.0106,0.0051
1774945756.6114,0.0000,0.0000,0.0000,0.0000,0.0000,-3.1263,-0.2031,37.8559,-0.0450,-0.0235,0.0062
1774945756.6313,0.0000,0.0000,0.0000,0.0000,0.0000,-3.1302,-0.2017,48.7918,-0.1207,-0.0523,0.0136
1774945756.6516,0.0000,0.0000,0.0000,0.0000,0.0000,-3.1302,-0.2024,9.1577,-0.1185,-0.0374,-0.0087
1774945756.6712,0.0000,0.0000,0.0000,0.0000,0.0000,-3.1276,-0.2015,-2.2337,-0.0333,-0.0065,-0.0258
1774945756.6913,0.0000,0.0000,0.0000,0.0000,0.0000,-3.1235,-0.2031,22.6963,0.0690,0.0425,-0.0258
1774945756.7113,0.0000,0.0000,0.0000,0.0000,0.0000,-3.1240,-0.2052,-21.3676,0.0881,0.0596,-0.0300
1774945756.7312,0.0000,0.0000,0.0000,0.0000,0.0000,-3.1269,-0.2052,8.0345,0.0540,-0.0107,-0.0173
1774945756.7513,0.0000,0.0000,0.0000,0.0000,0.0000,-3.1298,-0.2031,-12.7125,0.0743,-0.1045,-0.0173
1774945756.7713,0.0000,0.0000,0.0000,0.0000,0.0000,-3.1324,-0.2005,-27.5677,0.0572,-0.1279,-0.0130
1774945756.7914,0.0000,0.0000,0.0000,0.0000,0.0000,-3.1355,-0.2006,-31.0829,-0.0013,-0.0342,0.0115
1774945756.8114,0.0000,0.0000,0.0000,0.0000,0.0000,-3.1357,-0.2022,-12.8751,-0.0109,0.0553,0.0094
1774945756.8313,0.0000,0.0000,0.0000,0.0000,0.0000,-3.1321,-0.2030,-15.7876,-0.0152,0.0755,0.0030
1774945756.8513,0.0000,0.0000,0.0000,0.0000,0.0000,-3.1289,-0.2037,16.2360,-0.0482,0.0628,-0.0055
1774945756.8762,0.0000,0.0000,0.0000,0.0000,0.0000,-3.1266,-0.2042,-5.2498,-0.0876,0.0702,-0.0024
1774945756.8915,0.0000,0.0000,0.0000,0.0000,0.0000,-3.1249,-0.2062,14.4036,-0.1260,0.0958,-0.0087
1774945756.9114,0.0000,0.0000,0.0000,0.0000,0.0000,-3.1239,-0.2086,12.0000,-0.1547,0.1192,-0.0162
1774945756.9312,0.0000,0.0000,0.0000,0.0000,0.0000,-3.1232,-0.2104,8.9267,-0.1697,0.0873,-0.0226
1774945756.9514,0.0000,0.0000,0.0000,0.0000,0.0000,-3.1229,-0.2112,-5.2088,-0.1441,0.0031,-0.0258
1774945756.9722,0.0000,0.0000,0.0000,0.0000,0.0000,-3.1215,-0.2104,0.0000,-0.0706,-0.0459,-0.0311
1774945756.9913,0.0000,0.0000,0.0000,0.0000,0.0000,-3.1219,-0.2077,-39.4792,0.0540,-0.0960,-0.0258
1774945757.0113,0.0000,0.0000,0.0000,0.0000,0.0000,-3.1241,-0.2051,0.0000,0.1073,-0.1045,-0.0205
1774945757.0313,0.0000,0.0000,0.0000,0.0000,0.0000,-3.1258,-0.2041,0.0000,0.1180,-0.1055,-0.0343
1774945757.0513,0.0000,0.0000,0.0000,0.0000,0.0000,-3.1275,-0.2030,27.3103,0.1244,-0.0768,-0.0162
1774945757.0714,0.0000,0.0000,0.0000,0.0000,0.0000,-3.1295,-0.2022,0.0000,0.0924,-0.0512,0.0115
1774945757.0915,0.0000,0.0000,0.0000,0.0000,0.0000,-3.1320,-0.2016,0.0000,0.0636,-0.0470,0.0339
1774945757.1114,0.0000,0.0000,0.0000,0.0000,0.0000,-3.1291,-0.2013,0.0000,0.0146,-0.0342,0.0530
1774945757.1318,0.0000,0.0000,0.0000,0.0000,0.0000,-3.1247,-0.2005,0.0000,0.0125,-0.0288,0.0552
1774945757.1518,0.0000,0.0000,0.0000,0.0000,0.0000,-3.1204,-0.2012,0.0000,-0.0067,0.0212,0.0285
1774945757.1714,0.0000,0.0000,0.0000,0.0000,0.0000,-3.1165,-0.2035,0.0000,-0.0013,0.0596,0.0168
1774945757.1962,0.0000,0.0000,0.0000,0.0000,0.0000,-3.1126,-0.2042,0.0000,0.0125,-0.0459,0.0126
1774945757.2122,0.0000,0.0000,0.0000,0.0000,0.0000,-3.1100,-0.2035,0.0000,0.0892,-0.1993,0.0115
1774945757.2314,0.0000,0.0000,0.0000,0.0000,0.0000,-3.1133,-0.2007,0.0000,-0.0290,-0.1812,0.0179
1774945757.2514,0.0000,0.0000,0.0000,0.0000,0.0000,-3.1208,-0.2014,0.0000,-0.2059,0.0138,0.0200
1774945757.2714,0.0000,0.0000,0.0000,0.0000,0.0000,-3.1201,-0.2029,31.2680,-0.1175,0.1267,0.0126
1774945757.2915,0.0000,0.0000,0.0000,0.0000,0.0000,-3.1175,-0.2031,0.0000,-0.0237,0.0905,-0.0077
1774945757.3114,0.0000,0.0000,0.0000,0.0000,0.0000,-3.1129,-0.2018,0.0000,0.0626,0.0372,-0.0215
1774945757.3314,0.0000,0.0000,0.0000,0.0000,0.0000,-3.1155,-0.2013,0.0000,0.0413,-0.0225,-0.0194
1774945757.3512,0.0000,0.0000,0.0000,0.0000,0.0000,-3.1190,-0.2017,0.0000,0.0114,-0.0150,-0.0077
1774945757.3714,0.0000,0.0000,0.0000,0.0000,0.0000,-3.1236,-0.2014,0.0000,-0.0280,0.0233,0.0126
1774945757.3929,0.0000,0.0000,0.0000,0.0000,0.0000,-3.1286,-0.2036,0.0000,-0.0653,0.0628,0.0349
1774945757.4114,0.0000,0.0000,0.0000,0.0000,0.0000,-3.1287,-0.2035,0.0000,-0.0514,0.1086,0.0200
1774945757.4314,0.0000,0.0000,0.0000,0.0000,0.0000,-3.1250,-0.2050,0.0000,0.0125,0.0969,0.0115
1774945757.4514,0.0000,0.0000,0.0000,0.0000,0.0000,-3.1232,-0.2063,9.6781,0.0104,0.0415,-0.0024
1774945757.4715,0.0000,0.0000,0.0000,0.0000,0.0000,-3.1244,-0.2042,-2.4604,-0.0141,-0.0597,-0.0162
1774945757.4915,0.0000,0.0000,0.0000,0.0000,0.0000,-3.1253,-0.2009,50.6614,-0.0354,-0.1364,-0.0045
1774945757.5113,0.0000,0.0000,0.0000,0.0000,0.0000,-3.1254,-0.1979,27.5103,-0.0024,-0.1482,0.0094
1774945757.5313,0.0000,0.0000,0.0000,0.0000,0.0000,-3.1268,-0.1999,2.0999,0.0072,-0.0576,0.0030
1774945757.5514,0.0000,0.0000,0.0000,0.0000,0.0000,-3.1296,-0.2021,4.0232,-0.0024,0.0106,0.0136
1774945757.5714,0.0000,0.0000,0.0000,0.0000,0.0000,-3.1317,-0.2040,2.6291,0.0221,0.0063,0.0221
1774945757.5915,0.0000,0.0000,0.0000,0.0000,0.0000,-3.1303,-0.2045,8.7318,0.0647,0.0010,0.0158
1774945757.6119,0.0000,0.0000,0.0000,0.0000,0.0000,-3.1297,-0.2073,-2.1571,0.1254,0.0692,0.0126
1774945757.6313,0.0000,0.0000,0.0000,0.0000,0.0000,-3.1300,-0.2082,35.0592,0.1712,0.1022,0.0190
1774945757.6515,0.0000,0.0000,0.0000,0.0000,0.0000,-3.1299,-0.2092,-9.1032,0.1691,0.1171,0.0136
1774945757.6714,0.0000,0.0000,0.0000,0.0000,0.0000,-3.1309,-0.2108,-10.0898,0.1158,0.1565,0.0190
1774945757.6915,0.0000,0.0000,0.0000,0.0000,0.0000,-3.1318,-0.2114,32.1940,0.0668,0.1427,0.0285
1774945757.7115,0.0000,0.0000,0.0000,0.0000,0.0000,-3.1290,-0.2106,15.2302,0.0722,0.0628,0.0243
1774945757.7315,0.0000,0.0000,0.0000,0.0000,0.0000,-3.1242,-0.2091,-22.4200,0.0583,0.0180,0.0179
1774945757.7514,0.0000,0.0000,0.0000,0.0000,0.0000,-3.1189,-0.2088,1.2614,0.0594,0.0447,0.0094
1774945757.7713,0.0000,0.0000,0.0000,0.0000,0.0000,-3.1144,-0.2101,-21.8089,0.0445,0.0883,-0.0141
1774945757.7914,0.0000,0.0000,0.0000,0.0000,0.0000,-3.1099,-0.2117,-19.1780,0.0317,0.1054,-0.0173
1774945757.8113,0.0000,0.0000,0.0000,0.0000,0.0000,-3.1060,-0.2111,26.9032,0.0498,0.0319,-0.0077
1774945757.8315,0.0000,0.0000,0.0000,0.0000,0.0000,-3.1062,-0.2086,-5.3396,0.0817,-0.0885,0.0030
1774945757.8514,0.0000,0.0000,0.0000,0.0000,0.0000,-3.1088,-0.2066,-14.6083,0.0295,-0.1514,0.0051
1774945757.8714,0.0000,0.0000,0.0000,0.0000,0.0000,-3.1124,-0.2057,5.2666,-0.0525,-0.1205,0.0168
1774945757.8915,0.0000,0.0000,0.0000,0.0000,0.0000,-3.1150,-0.2072,-17.5634,-0.0333,-0.0459,0.0339
1774945757.9114,0.0000,0.0000,0.0000,0.0000,0.0000,-3.1153,-0.2110,23.5043,-0.0163,0.0276,0.0371
1774945757.9315,0.0000,0.0000,0.0000,0.0000,0.0000,-3.1131,-0.2130,41.7547,-0.0067,0.0052,0.0221
1774945757.9515,0.0000,0.0000,0.0000,0.0000,0.0000,-3.1152,-0.2142,-23.9015,-0.0440,0.0159,0.0200
1774945757.9715,0.0000,0.0000,0.0000,0.0000,0.0000,-3.1143,-0.2165,7.8387,-0.0908,0.0574,0.0168
1774945757.9914,0.0000,0.0000,0.0000,0.0000,0.0000,-3.1124,-0.2178,42.2076,-0.0834,0.0308,0.0243
1774945758.0114,0.0000,0.0000,0.0000,0.0000,0.0000,-3.1103,-0.2174,15.5541,-0.0823,-0.0512,0.0158
1774945758.0315,0.0000,0.0000,0.0000,0.0000,0.0000,-3.1083,-0.2150,17.2578,-0.1079,-0.1364,0.0030
1774945758.0514,0.0000,0.0000,0.0000,0.0000,0.0000,-3.1070,-0.2134,17.1557,-0.0855,-0.1620,-0.0077
1774945758.0714,0.0000,0.0000,0.0000,0.0000,0.0000,-3.1072,-0.2150,-4.2709,-0.0535,-0.0704,-0.0055
1774945758.0914,0.0000,0.0000,0.0000,0.0000,0.0000,-3.1122,-0.2165,-21.3911,-0.0738,0.0564,-0.0002
1774945758.1113,0.0000,0.0000,0.0000,0.0000,0.0000,-3.1182,-0.2173,-4.1190,-0.1132,0.0798,0.0040
1774945758.1320,0.0000,0.0000,0.0000,0.0000,0.0000,-3.1224,-0.2139,-26.6026,-0.1324,-0.0491,0.0094
1774945758.1514,0.0000,0.0000,0.0000,0.0000,0.0000,-3.1249,-0.2080,1.7277,-0.1004,-0.1279,0.0200
1774945758.1714,0.0000,0.0000,0.0000,0.0000,0.0000,-3.1238,-0.2054,35.9909,-0.0482,-0.1173,-0.0002
1774945758.1914,0.0000,0.0000,0.0000,0.0000,0.0000,-3.1252,-0.2056,9.9883,-0.0589,-0.0555,-0.0109
1774945758.2123,0.0000,0.0000,0.0000,0.0000,0.0000,-3.1261,-0.2066,52.5172,-0.0333,-0.0331,-0.0194
1774945758.2314,0.0000,0.0000,0.0000,0.0000,0.0000,-3.1267,-0.2074,-28.2645,0.0200,-0.0374,-0.0205
1774945758.2514,0.0000,0.0000,0.0000,0.0000,0.0000,-3.1298,-0.2073,-46.8740,0.0615,-0.0587,0.0008
1774945758.2722,0.0000,0.0000,0.0000,0.0000,0.0000,-3.1324,-0.2065,-21.7580,0.0445,-0.0874,0.0062
1774945758.2914,0.0000,0.0000,0.0000,0.0000,0.0000,-3.1368,-0.2035,-18.1081,-0.0802,-0.0992,0.0168
1774945758.3113,0.0000,0.0000,0.0000,0.0000,0.0000,-3.1400,-0.2020,13.4912,-0.1611,0.0244,0.0285
1774945758.3314,0.0000,0.0000,0.0000,0.0000,0.0000,-3.1382,-0.2034,28.3788,-0.0791,0.1054,0.0168
1774945758.3514,0.0000,0.0000,0.0000,0.0000,0.0000,-3.1348,-0.2045,-0.8569,0.0029,0.0841,0.0008
1774945758.3715,0.0000,0.0000,0.0000,0.0000,0.0000,-3.1313,-0.2050,25.4269,0.0178,0.0180,-0.0141
1774945758.3913,0.0000,0.0000,0.0000,0.0000,0.0000,-3.1338,-0.2059,-14.1233,-0.0205,-0.0352,-0.0258
1774945758.4113,0.0000,0.0000,0.0000,0.0000,0.0000,-3.1388,-0.2061,8.9769,-0.0866,-0.0139,-0.0237
1774945758.4312,0.0000,0.0000,0.0000,0.0000,0.0000,-3.1391,-0.2077,17.7997,-0.0120,0.0777,-0.0183
1774945758.4514,0.0000,0.0000,0.0000,0.0000,0.0000,-3.1388,-0.2104,34.3899,0.0807,0.1224,-0.0055
1774945758.4715,0.0000,0.0000,0.0000,0.0000,0.0000,-3.1396,-0.2106,-4.8973,0.1329,0.0521,0.0083
1774945758.4914,0.0000,0.0000,0.0000,0.0000,0.0000,-3.1406,-0.2092,-20.7919,0.1361,-0.0715,0.0158
1774945758.5114,0.0000,0.0000,0.0000,0.0000,0.0000,-3.1414,-0.2069,-46.6407,0.1627,-0.1300,0.0200
1774945758.5322,0.0000,0.0000,0.0000,0.0000,0.0000,3.1414,-0.2060,-40.3140,0.1702,-0.0842,0.0530
1774945758.5514,0.0000,0.0000,0.0000,0.0000,0.0000,-3.1409,-0.2070,6.8094,0.1648,-0.0161,0.0680
1774945758.5713,0.0000,0.0000,0.0000,0.0000,0.0000,-3.1361,-0.2078,-15.8021,0.1489,0.0010,0.0658
1774945758.5913,0.0000,0.0000,0.0000,0.0000,0.0000,-3.1294,-0.2068,-18.8170,0.1467,-0.0491,0.0509
1774945758.6112,0.0000,0.0000,0.0000,0.0000,0.0000,-3.1223,-0.2040,-33.5920,0.1499,-0.1055,0.0349
1774945758.6314,0.0000,0.0000,0.0000,0.0000,0.0000,-3.1156,-0.2020,-1.4102,0.1105,-0.1141,0.0200
1774945758.6515,0.0000,0.0000,0.0000,0.0000,0.0000,-3.1110,-0.2006,35.7706,0.0338,-0.0981,0.0083
1774945758.6714,0.0000,0.0000,0.0000,0.0000,0.0000,-3.1069,-0.2004,24.5015,-0.0024,-0.0203,0.0019
1774945758.6916,0.0000,0.0000,0.0000,0.0000,0.0000,-3.1039,-0.2009,93.1852,-0.0088,0.0372,-0.0109
1774945758.7120,0.0000,0.0000,0.0000,0.0000,0.0000,-3.1000,-0.2027,25.4893,0.0317,0.1192,-0.0141
1774945758.7314,0.0000,0.0000,0.0000,0.0000,0.0000,-3.0999,-0.2073,28.9410,0.0402,0.2044,-0.0151
1774945758.7515,0.0000,0.0000,0.0000,0.0000,0.0000,-3.1037,-0.2118,0.4359,-0.0013,0.1927,-0.0162
1774945758.7715,0.0000,0.0000,0.0000,0.0000,0.0000,-3.1082,-0.2166,-9.7306,-0.0503,0.1469,-0.0162
1774945758.7919,0.0000,0.0000,0.0000,0.0000,0.0000,-3.1130,-0.2184,-4.9107,-0.0791,0.0468,0.0104
1774945758.8116,0.0000,0.0000,0.0000,0.0000,0.0000,-3.1148,-0.2204,-24.0508,-0.0748,-0.0352,0.0232
1774945758.8315,0.0000,0.0000,0.0000,0.0000,0.0000,-3.1166,-0.2234,-40.8611,-0.1260,-0.0480,0.0115
1774945758.8513,0.0000,0.0000,0.0000,0.0000,0.0000,-3.1171,-0.2240,-29.2874,-0.1729,-0.0533,0.0040
1774945758.8714,0.0000,0.0000,0.0000,0.0000,0.0000,-3.1166,-0.2228,-68.3239,-0.1217,-0.0704,-0.0077
1774945758.8914,0.0000,0.0000,0.0000,0.0000,0.0000,-3.1138,-0.2223,-41.8742,-0.0077,-0.0779,-0.0141
1774945758.9116,0.0000,0.0000,0.0000,0.0000,0.0000,-3.1134,-0.2221,-56.1319,0.0658,-0.0810,-0.0354
1774945758.9314,0.0000,0.0000,0.0000,0.0000,0.0000,-3.1168,-0.2206,-24.4561,0.0061,-0.0821,-0.0609
1774945758.9514,0.0000,0.0000,0.0000,0.0000,0.0000,-3.1201,-0.2161,-17.9815,0.0146,-0.1514,-0.0737
1774945758.9714,0.0000,0.0000,0.0000,0.0000,0.0000,-3.1218,-0.2106,-72.1814,0.1031,-0.1354,-0.0705
1774945758.9914,0.0000,0.0000,0.0000,0.0000,0.0000,-3.1214,-0.2063,-29.8620,0.1691,-0.0800,-0.0535
1774945759.0116,0.0000,0.0000,0.0000,0.0000,0.0000,-3.1218,-0.2028,0.3537,0.1169,-0.0938,-0.0141
1774945759.0314,0.0000,0.0000,0.0000,0.0000,0.0000,-3.1247,-0.2000,-69.6457,0.0019,-0.0757,0.0221
1774945759.0514,0.0000,0.0000,0.0000,0.0000,0.0000,-3.1241,-0.1990,19.1237,-0.0141,-0.0406,0.0488
1774945759.0714,0.0000,0.0000,0.0000,0.0000,0.0000,-3.1210,-0.1964,28.1124,0.0434,-0.0555,0.0669
1774945759.0914,0.0000,0.0000,0.0000,0.0000,0.0000,-3.1199,-0.1978,-59.3205,-0.0163,0.0404,0.0733
1774945759.1114,0.0000,0.0000,0.0000,0.0000,0.0000,-3.1186,-0.2018,5.2260,-0.1377,0.2098,0.0275
1774945759.1313,0.0000,0.0000,0.0000,0.0000,0.0000,-3.1175,-0.2061,-5.2964,-0.1196,0.2748,-0.0215
1774945759.1513,0.0000,0.0000,0.0000,0.0000,0.0000,-3.1146,-0.2102,-9.6772,-0.0184,0.2439,-0.0364
1774945759.1714,0.0000,0.0000,0.0000,0.0000,0.0000,-3.1135,-0.2115,5.6644,0.0082,0.2194,-0.0322
1774945759.1914,0.0000,0.0000,0.0000,0.0000,0.0000,-3.1168,-0.2122,4.0370,-0.0802,0.1373,-0.0247
1774945759.2114,0.0000,0.0000,0.0000,0.0000,0.0000,-3.1221,-0.2115,6.1042,-0.1505,0.0500,-0.0130
1774945759.2314,0.0000,0.0000,0.0000,0.0000,0.0000,-3.1243,-0.2102,21.5652,-0.1260,-0.0043,0.0019
1774945759.2514,0.0000,0.0000,0.0000,0.0000,0.0000,-3.1222,-0.2093,42.2571,-0.0322,-0.0512,0.0104
1774945759.2717,0.0000,0.0000,0.0000,0.0000,0.0000,-3.1228,-0.2093,-10.9833,0.0178,-0.0885,0.0115
1774945759.2915,0.0000,0.0000,0.0000,0.0000,0.0000,-3.1258,-0.2100,-39.8502,0.0104,-0.0768,0.0040
1774945759.3115,0.0000,0.0000,0.0000,0.0000,0.0000,-3.1296,-0.2092,-18.0676,-0.0195,-0.0981,0.0040
1774945759.3314,0.0000,0.0000,0.0000,0.0000,0.0000,-3.1325,-0.2086,-3.3055,-0.0216,-0.1354,0.0083
1774945759.3515,0.0000,0.0000,0.0000,0.0000,0.0000,-3.1336,-0.2078,2.0273,0.0200,-0.1386,0.0190
1774945759.3713,0.0000,0.0000,0.0000,0.0000,0.0000,-3.1331,-0.2081,-14.0226,0.0849,-0.0757,0.0083
1774945759.3913,0.0000,0.0000,0.0000,0.0000,0.0000,-3.1331,-0.2092,39.5185,0.0999,0.0106,0.0051
1774945759.4114,0.0000,0.0000,0.0000,0.0000,0.0000,-3.1351,-0.2095,-12.3933,0.0647,0.0574,0.0030
1774945759.4313,0.0000,0.0000,0.0000,0.0000,0.0000,-3.1363,-0.2083,-16.3485,0.0381,0.0553,0.0083
1774945759.4516,0.0000,0.0000,0.0000,0.0000,0.0000,-3.1350,-0.2057,-27.0028,0.0615,-0.0001,0.0072
1774945759.4716,0.0000,0.0000,0.0000,0.0000,0.0000,-3.1338,-0.2044,-60.2725,0.0700,-0.0075,0.0179
1774945759.4912,0.0000,0.0000,0.0000,0.0000,0.0000,-3.1312,-0.2070,1.6927,0.0903,0.0223,0.0253
1774945759.5115,0.0000,0.0000,0.0000,0.0000,0.0000,-3.1286,-0.2068,36.6068,0.0775,0.0212,0.0371
1774945759.5314,0.0000,0.0000,0.0000,0.0000,0.0000,-3.1260,-0.2056,0.9265,0.1031,-0.0257,0.0392
1774945759.5513,0.0000,0.0000,0.0000,0.0000,0.0000,-3.1238,-0.2039,-21.8925,0.1041,-0.0384,0.0307
1774945759.5713,0.0000,0.0000,0.0000,0.0000,0.0000,-3.1220,-0.1992,0.0000,0.1148,-0.0363,0.0126
1774945759.5913,0.0000,0.0000,0.0000,0.0000,0.0000,-3.1206,-0.1974,0.0000,0.1286,-0.0629,0.0094
1774945759.6115,0.0000,0.0000,0.0000,0.0000,0.0000,-3.1186,-0.1959,0.0000,0.1425,-0.0715,0.0136
1774945759.6315,0.0000,0.0000,0.0000,0.0000,0.0000,-3.1180,-0.1978,0.0000,0.1126,-0.0363,0.0221
1774945759.6514,0.0000,0.0000,0.0000,0.0000,0.0000,-3.1159,-0.1996,0.0000,0.0540,-0.0288,0.0232
1774945759.6713,0.0000,0.0000,0.0000,0.0000,0.0000,-3.1138,-0.2022,0.0000,-0.0290,0.0468,0.0147
1774945759.6914,0.0000,0.0000,0.0000,0.0000,0.0000,-3.1129,-0.2027,0.0000,-0.1430,0.1767,-0.0087
1774945759.7113,0.0000,0.0000,0.0000,0.0000,0.0000,-3.1127,-0.2066,0.0000,-0.2197,0.2215,-0.0141
1774945759.7315,0.0000,0.0000,0.0000,0.0000,0.0000,-3.1128,-0.2106,0.0000,-0.1974,0.1991,-0.0141
1774945759.7515,0.0000,0.0000,0.0000,0.0000,0.0000,-3.1119,-0.2117,0.0000,-0.1324,0.0979,-0.0013
1774945759.7713,0.0000,0.0000,0.0000,0.0000,0.0000,-3.1105,-0.2088,0.0000,-0.0631,-0.0661,-0.0194
1774945759.7915,0.0000,0.0000,0.0000,0.0000,0.0000,-3.1157,-0.2089,0.0000,-0.0802,-0.1311,-0.0343
1774945759.8114,0.0000,0.0000,0.0000,0.0000,0.0000,-3.1209,-0.2082,0.0000,-0.0823,-0.1482,-0.0577
1774945759.8314,0.0000,0.0000,0.0000,0.0000,0.0000,-3.1232,-0.2083,0.0000,0.0168,-0.1673,-0.0407
1774945759.8515,0.0000,0.0000,0.0000,0.0000,0.0000,-3.1238,-0.2075,0.0000,0.1797,-0.1119,-0.0151
1774945759.8712,0.0000,0.0000,0.0000,0.0000,0.0000,-3.1234,-0.2072,0.0000,0.2096,0.0244,0.0094
1774945759.8913,0.0000,0.0000,0.0000,0.0000,0.0000,-3.1235,-0.2081,0.0000,0.1670,0.0862,0.0296
1774945759.9113,0.0000,0.0000,0.0000,0.0000,0.0000,-3.1240,-0.2090,0.0000,0.1616,0.0638,0.0467
1774945759.9314,0.0000,0.0000,0.0000,0.0000,0.0000,-3.1251,-0.2089,0.0000,0.1126,0.0415,0.0573
1774945759.9514,0.0000,0.0000,0.0000,0.0000,0.0000,-3.1215,-0.2095,20.1158,0.0626,0.0660,0.0754
1774945759.9714,0.0000,0.0000,0.0000,0.0000,0.0000,-3.1162,-0.2111,0.0000,0.0423,0.0724,0.0552
1774945759.9914,0.0000,0.0000,0.0000,0.0000,0.0000,-3.1115,-0.2132,-2.3639,0.0232,0.0862,0.0232
1774945760.0114,0.0000,0.0000,0.0000,0.0000,0.0000,-3.1076,-0.2139,0.0000,-0.0195,0.0500,0.0200
1774945760.0314,0.0000,0.0000,0.0000,0.0000,0.0000,-3.1055,-0.2120,18.7346,-0.0962,-0.0810,-0.0322
1774945760.0514,0.0000,0.0000,0.0000,0.0000,0.0000,-3.1038,-0.2100,89.4906,-0.0290,-0.1545,-0.1419
1774945760.0721,0.0000,0.0000,0.0000,0.0000,0.0000,-3.1016,-0.2087,39.7794,0.0210,-0.1854,-0.2452
1774945760.0914,0.0000,0.0000,0.0000,0.0000,0.0000,-3.1037,-0.2096,-60.0138,-0.0866,-0.1343,-0.2633
1774945760.1115,0.0000,0.0000,0.0000,0.0000,0.0000,-3.1057,-0.2089,4.3606,-0.1441,-0.1300,-0.2399
1774945760.1324,0.0000,0.0000,0.0000,0.0000,0.0000,-3.1112,-0.2097,35.5903,-0.1814,-0.1279,-0.1930
1774945760.1514,0.0000,0.0000,0.0000,0.0000,0.0000,-3.1157,-0.2110,24.7614,-0.2112,-0.1024,-0.1621
1774945760.1714,0.0000,0.0000,0.0000,0.0000,0.0000,-3.1182,-0.2108,34.8752,-0.1931,-0.0885,-0.1515
1774945760.1914,0.0000,0.0000,0.0000,0.0000,0.0000,-3.1190,-0.2062,-38.0991,-0.1015,-0.1034,-0.1589
1774945760.2126,0.0000,0.0000,0.0000,0.0000,0.0000,-3.1176,-0.2022,25.0482,0.0178,-0.0257,-0.1824
1774945760.2315,0.0000,0.0000,0.0000,0.0000,0.0000,-3.1206,-0.2010,39.1384,0.0104,0.0617,-0.1749
1774945760.2514,0.0000,0.0000,0.0000,0.0000,0.0000,-3.1250,-0.2019,-57.9359,-0.0344,0.1341,-0.1728
1774945760.2716,0.0000,0.0000,0.0000,0.0000,0.0000,-3.1289,-0.2033,-13.0540,0.0082,0.1501,-0.1451
1774945760.2914,0.0000,0.0000,0.0000,0.0000,0.0000,-3.1322,-0.2024,83.6192,0.0572,0.0010,-0.0918
1774945760.3115,0.0000,0.0000,0.0000,0.0000,0.0000,-3.1341,-0.2004,-21.6964,0.1041,-0.1066,-0.0631
1774945760.3315,0.0000,0.0000,0.0000,0.0000,0.0000,-3.1348,-0.1986,-58.5395,0.1190,-0.0832,-0.0609
1774945760.3514,0.0000,0.0000,0.0000,0.0000,0.0000,-3.1335,-0.1999,-8.7732,0.0924,-0.0288,-0.0876
1774945760.3717,0.0000,0.0000,0.0000,0.0000,0.0000,-3.1343,-0.2026,-58.9083,0.0178,0.1128,-0.1057
1774945760.3913,0.0000,0.0000,0.0000,0.0000,0.0000,-3.1331,-0.2074,81.7409,-0.0045,0.2609,-0.1270
1774945760.4116,0.0000,0.0000,0.0000,0.0000,0.0000,-3.1305,-0.2110,72.1135,0.0061,0.2034,-0.1323
1774945760.4318,0.0000,0.0000,0.0000,0.0000,0.0000,-3.1272,-0.2122,-41.7087,0.0381,0.0862,-0.1334
1774945760.4515,0.0000,0.0000,0.0000,0.0000,0.0000,-3.1239,-0.2131,88.3613,0.0519,-0.0012,-0.1185
1774945760.4718,0.0000,0.0000,0.0000,0.0000,0.0000,-3.1200,-0.2130,-11.3478,0.0796,-0.0842,-0.1195
1774945760.4913,0.0000,0.0000,0.0000,0.0000,0.0000,-3.1188,-0.2153,-63.2697,0.0711,-0.0331,-0.1195
1774945760.5114,0.0000,0.0000,0.0000,0.0000,0.0000,-3.1201,-0.2173,63.8489,0.0785,0.0798,-0.1302
1774945760.5315,0.0000,0.0000,0.0000,0.0000,0.0000,-3.1193,-0.2179,28.8328,0.1073,0.1789,-0.1419
1774945760.5514,0.0000,0.0000,0.0000,0.0000,0.0000,-3.1185,-0.2187,-15.8468,0.1979,0.1512,-0.1249
1774945760.5717,0.0000,0.0000,0.0000,0.0000,0.0000,-3.1171,-0.2175,4.6418,0.2021,0.0585,-0.1089
1774945760.5912,0.0000,0.0000,0.0000,0.0000,0.0000,-3.1164,-0.2135,9.3864,0.1361,-0.0906,-0.1014
1774945760.6113,0.0000,0.0000,0.0000,0.0000,0.0000,-3.1144,-0.2115,-35.9348,0.0711,-0.1215,-0.1195
1774945760.6314,0.0000,0.0000,0.0000,0.0000,0.0000,-3.1148,-0.2142,-20.5487,-0.0386,0.0148,-0.1451
1774945760.6514,0.0000,0.0000,0.0000,0.0000,0.0000,-3.1123,-0.2167,24.8360,-0.0003,0.1235,-0.1749
1774945760.6714,0.0000,0.0000,0.0000,0.0000,0.0000,-3.1092,-0.2201,13.1128,0.0168,0.1491,-0.1653
1774945760.6918,0.0000,0.0000,0.0000,0.0000,0.0000,-3.1068,-0.2230,22.7874,0.0327,0.1597,-0.1462
1774945760.7113,0.0000,0.0000,0.0000,0.0000,0.0000,-3.1049,-0.2223,-14.9497,0.0114,0.0500,-0.1398
1774945760.7315,0.0000,0.0000,0.0000,0.0000,0.0000,-3.1050,-0.2241,-16.7096,-0.0120,0.0276,-0.1227
1774945760.7515,0.0000,0.0000,0.0000,0.0000,0.0000,-3.1022,-0.2252,37.9713,0.0200,0.0287,-0.1259
1774945760.7714,0.0000,0.0000,0.0000,0.0000,0.0000,-3.1016,-0.2230,25.1543,0.0455,-0.0384,-0.1195
1774945760.7914,0.0000,0.0000,0.0000,0.0000,0.0000,-3.1033,-0.2206,-11.6987,0.0413,-0.0992,-0.1281
1774945760.8114,0.0000,0.0000,0.0000,0.0000,0.0000,-3.1052,-0.2193,-3.6347,0.0264,-0.1098,-0.1302
1774945760.8314,0.0000,0.0000,0.0000,0.0000,0.0000,-3.1061,-0.2178,18.0984,0.0274,-0.0896,-0.1281
1774945760.8514,0.0000,0.0000,0.0000,0.0000,0.0000,-3.1071,-0.2198,11.5578,0.0136,-0.0565,-0.1227
1774945760.8716,0.0000,0.0000,0.0000,0.0000,0.0000,-3.1092,-0.2218,29.7440,-0.0365,-0.0075,-0.0982
1774945760.9002,0.0000,0.0000,0.0000,0.0000,0.0000,-3.1099,-0.2215,-16.7224,-0.0461,-0.0182,-0.0940
1774945760.9114,0.0000,0.0000,0.0000,0.0000,0.0000,-3.1090,-0.2233,10.3914,-0.0344,-0.0576,-0.0961
1774945760.9353,0.0000,0.0000,0.0000,0.0000,0.0000,-3.1105,-0.2255,-4.8134,-0.0525,-0.1002,-0.0972
1774945760.9516,0.0000,0.0000,0.0000,0.0000,0.0000,-3.1099,-0.2238,7.1941,-0.0450,-0.1620,-0.1131
1774945760.9716,0.0000,0.0000,0.0000,0.0000,0.0000,-3.1121,-0.2242,-46.6282,-0.0621,-0.1886,-0.1302
1774945760.9914,0.0000,0.0000,0.0000,0.0000,0.0000,-3.1141,-0.2255,-64.0333,-0.0972,-0.1258,-0.1408
1774945761.0113,0.0000,0.0000,0.0000,0.0000,0.0000,-3.1160,-0.2244,-52.4584,-0.0802,-0.0906,-0.1419
1774945761.0313,0.0000,0.0000,0.0000,0.0000,0.0000,-3.1170,-0.2207,-30.3348,-0.0482,-0.1652,-0.1440
1774945761.0513,0.0000,0.0000,0.0000,0.0000,0.0000,-3.1174,-0.2181,26.8501,-0.0237,-0.1183,-0.1430
1774945761.0714,0.0000,0.0000,0.0000,0.0000,0.0000,-3.1208,-0.2155,1.2440,-0.0258,-0.0246,-0.1451
1774945761.0914,0.0000,0.0000,0.0000,0.0000,0.0000,-3.1239,-0.2133,48.9617,-0.0908,-0.0299,-0.1472
1774945761.1139,0.0000,0.0000,0.0000,0.0000,0.0000,-3.1287,-0.2109,-13.2425,-0.1004,-0.0193,-0.1387
1774945761.1314,0.0000,0.0000,0.0000,0.0000,0.0000,-3.1294,-0.2067,14.3422,-0.0642,-0.0597,-0.0972
1774945761.1513,0.0000,0.0000,0.0000,0.0000,0.0000,-3.1325,-0.2082,-11.3116,-0.0418,-0.0363,-0.0737
1774945761.1714,0.0000,0.0000,0.0000,0.0000,0.0000,-3.1352,-0.2096,22.6360,0.0029,-0.0033,-0.0822
1774945761.1920,0.0000,0.0000,0.0000,0.0000,0.0000,-3.1390,-0.2109,5.1045,-0.0195,0.0319,-0.0812
1774945761.2115,0.0000,0.0000,0.0000,0.0000,0.0000,3.1408,-0.2133,-17.8113,-0.0195,0.0361,-0.1014
1774945761.2377,0.0000,0.0000,0.0000,0.0000,0.0000,3.1412,-0.2132,40.6456,0.0200,-0.0257,-0.1067
1774945761.2514,0.0000,0.0000,0.0000,0.0000,0.0000,-3.1399,-0.2102,-26.7690,0.0839,-0.1141,-0.1014
1774945761.2713,0.0000,0.0000,0.0000,0.0000,0.0000,-3.1369,-0.2065,-32.9056,0.1212,-0.1801,-0.0982
1774945761.2913,0.0000,0.0000,0.0000,0.0000,0.0000,-3.1346,-0.2081,-25.5931,0.1552,-0.0629,-0.1291
1774945761.3115,0.0000,0.0000,0.0000,0.0000,0.0000,-3.1355,-0.2078,56.8761,0.1126,0.0265,-0.1078
1774945761.3314,0.0000,0.0000,0.0000,0.0000,0.0000,-3.1358,-0.2056,-37.5361,0.1307,-0.0193,-0.0940
1774945761.3515,0.0000,0.0000,0.0000,0.0000,0.0000,-3.1381,-0.2047,-5.7934,0.0572,-0.0299,-0.0854
1774945761.3713,0.0000,0.0000,0.0000,0.0000,0.0000,-3.1365,-0.2024,54.8059,0.0114,-0.0512,-0.0961
1774945761.3913,0.0000,0.0000,0.0000,0.0000,0.0000,-3.1320,-0.2018,13.0711,0.1009,0.0074,-0.0876
1774945761.4113,0.0000,0.0000,0.0000,0.0000,0.0000,-3.1268,-0.2005,26.8875,0.2405,0.0862,-0.0822
1774945761.4315,0.0000,0.0000,0.0000,0.0000,0.0000,-3.1253,-0.1992,15.0764,0.1861,0.0564,-0.0620
1774945761.4523,0.0000,0.0000,0.0000,0.0000,0.0000,-3.1265,-0.1983,-18.8354,0.0572,0.0479,-0.0577
1774945761.4714,0.0000,0.0000,0.0000,0.0000,0.0000,-3.1273,-0.1961,14.3955,0.0796,-0.0278,-0.0258
1774945761.4913,0.0000,0.0000,0.0000,0.0000,0.0000,-3.1274,-0.1923,-26.2107,0.1105,-0.0789,0.0925
1774945761.5114,0.0000,0.0000,0.0000,0.0000,0.0000,-3.1252,-0.1898,-21.5224,0.1339,-0.0821,0.1681
1774945761.5315,0.0000,0.0000,0.0000,0.0000,0.0000,-3.1187,-0.1890,-56.7145,0.1584,-0.0352,0.1585
1774945761.5514,0.0000,0.0000,0.0000,0.0000,0.0000,-3.1157,-0.1916,-13.5315,0.0817,0.0606,0.1223
1774945761.5713,0.0000,0.0000,0.0000,0.0000,0.0000,-3.1112,-0.1959,17.5956,0.0295,0.1288,0.0584
1774945761.5914,0.0000,0.0000,0.0000,0.0000,0.0000,-3.1065,-0.1979,-0.8679,0.0551,0.1224,-0.0024
1774945761.6114,0.0000,0.0000,0.0000,0.0000,0.0000,-3.1017,-0.1990,-11.0222,0.0913,0.1427,-0.0343
1774945761.6315,0.0000,0.0000,0.0000,0.0000,0.0000,-3.1021,-0.2015,65.8282,0.0317,0.1512,-0.0460
1774945761.6514,0.0000,0.0000,0.0000,0.0000,0.0000,-3.1052,-0.2033,-14.9687,-0.0610,0.1299,-0.0290
1774945761.6714,0.0000,0.0000,0.0000,0.0000,0.0000,-3.1056,-0.2027,-17.6758,-0.0748,0.0404,-0.0077
1774945761.6913,0.0000,0.0000,0.0000,0.0000,0.0000,-3.1031,-0.2026,-53.6333,-0.0163,-0.0416,0.0019
1774945761.7115,0.0000,0.0000,0.0000,0.0000,0.0000,-3.1008,-0.2040,-19.0371,0.0189,-0.0544,0.0126
1774945761.7313,0.0000,0.0000,0.0000,0.0000,0.0000,-3.1021,-0.2064,61.4377,-0.0024,-0.0352,0.0126
1774945761.7515,0.0000,0.0000,0.0000,0.0000,0.0000,-3.1042,-0.2065,39.2287,-0.0216,-0.0310,0.0136
1774945761.7716,0.0000,0.0000,0.0000,0.0000,0.0000,-3.1056,-0.2075,3.9953,-0.0099,-0.0331,0.0168
1774945761.7916,0.0000,0.0000,0.0000,0.0000,0.0000,-3.1067,-0.2091,-35.7744,0.0200,-0.0470,0.0115
1774945761.8114,0.0000,0.0000,0.0000,0.0000,0.0000,-3.1080,-0.2093,-52.2570,0.0157,-0.0576,0.0019
1774945761.8315,0.0000,0.0000,0.0000,0.0000,0.0000,-3.1097,-0.2091,28.2491,0.0040,-0.1098,-0.0066
1774945761.8515,0.0000,0.0000,0.0000,0.0000,0.0000,-3.1116,-0.2096,-15.8194,-0.0077,-0.0960,-0.0119
1774945761.8723,0.0000,0.0000,0.0000,0.0000,0.0000,-3.1138,-0.2113,7.5290,-0.0322,-0.0427,-0.0055
1774945761.8914,0.0000,0.0000,0.0000,0.0000,0.0000,-3.1133,-0.2097,47.4545,-0.0258,-0.0597,0.0072
1774945761.9114,0.0000,0.0000,0.0000,0.0000,0.0000,-3.1134,-0.2042,-0.8404,-0.0418,-0.1482,0.0179
1774945761.9313,0.0000,0.0000,0.0000,0.0000,0.0000,-3.1187,-0.1997,1.0385,-0.1494,-0.1194,0.0115
1774945761.9520,0.0000,0.0000,0.0000,0.0000,0.0000,-3.1235,-0.1976,43.6407,-0.2847,-0.0246,0.0062
1774945761.9750,0.0000,0.0000,0.0000,0.0000,0.0000,-3.1246,-0.1972,11.7864,-0.2272,0.0340,-0.0183
1774945761.9913,0.0000,0.0000,0.0000,0.0000,0.0000,-3.1238,-0.1985,31.7910,-0.1217,0.1064,-0.0354
1774945762.0113,0.0000,0.0000,0.0000,0.0000,0.0000,-3.1230,-0.1999,65.6024,-0.1164,0.1075,-0.0386
1774945762.0314,0.0000,0.0000,0.0000,0.0000,0.0000,-3.1257,-0.1985,-37.8562,-0.1324,0.0564,-0.0609
1774945762.0513,0.0000,0.0000,0.0000,0.0000,0.0000,-3.1318,-0.1993,-37.1875,-0.1537,0.0606,-0.0652
1774945762.0714,0.0000,0.0000,0.0000,0.0000,0.0000,-3.1378,-0.2020,0.7490,-0.1089,0.0755,-0.0609
1774945762.0916,0.0000,0.0000,0.0000,0.0000,0.0000,3.1408,-0.2041,49.8162,-0.0631,0.0777,-0.0311
1774945762.1113,0.0000,0.0000,0.0000,0.0000,0.0000,3.1363,-0.2047,0.0000,-0.0237,0.0585,-0.0066
1774945762.1314,0.0000,0.0000,0.0000,0.0000,0.0000,3.1341,-0.2071,-2.4247,0.0690,0.0127,0.0104
1774945762.1513,0.0000,0.0000,0.0000,0.0000,0.0000,3.1334,-0.2087,-5.5829,0.1563,-0.0001,0.0371
1774945762.1715,0.0000,0.0000,0.0000,0.0000,0.0000,3.1337,-0.2101,0.0000,0.1915,0.0010,0.0456
1774945762.1915,0.0000,0.0000,0.0000,0.0000,0.0000,3.1336,-0.2102,0.0000,0.1872,-0.0001,0.0467
1774945762.2114,0.0000,0.0000,0.0000,0.0000,0.0000,3.1337,-0.2124,0.0000,0.1584,0.0212,0.0552
1774945762.2314,0.0000,0.0000,0.0000,0.0000,0.0000,3.1370,-0.2166,0.0000,0.1872,0.0148,0.0520
1774945762.2515,0.0000,0.0000,0.0000,0.0000,0.0000,-3.1370,-0.2148,0.0000,0.2852,-0.0725,0.0594
1774945762.2715,0.0000,0.0000,0.0000,0.0000,0.0000,-3.1312,-0.2084,0.0000,0.3150,-0.1567,0.0690
1774945762.2913,0.0000,0.0000,0.0000,0.0000,0.0000,-3.1313,-0.2054,0.0000,0.1265,-0.1269,0.0754
1774945762.3113,0.0000,0.0000,0.0000,0.0000,0.0000,-3.1305,-0.2029,0.0000,-0.0759,-0.0161,0.0658
1774945762.3314,0.0000,0.0000,0.0000,0.0000,0.0000,-3.1284,-0.2030,0.0000,-0.0887,0.0447,0.0530
1774945762.3513,0.0000,0.0000,0.0000,0.0000,0.0000,-3.1252,-0.2032,0.0000,-0.0035,-0.0043,0.0179
1774945762.3713,0.0000,0.0000,0.0000,0.0000,0.0000,-3.1216,-0.2033,0.0000,-0.0312,-0.0129,0.0008
1774945762.3913,0.0000,0.0000,0.0000,0.0000,0.0000,-3.1198,-0.2042,0.0000,-0.1100,-0.0086,-0.0173
1774945762.4113,0.0000,0.0000,0.0000,0.0000,0.0000,-3.1196,-0.2074,0.0000,-0.1494,0.0734,-0.0247
1774945762.4315,0.0000,0.0000,0.0000,0.0000,0.0000,-3.1189,-0.2101,0.0000,-0.1089,0.0617,-0.0141
1774945762.4515,0.0000,0.0000,0.0000,0.0000,0.0000,-3.1154,-0.2110,0.0000,0.0647,0.0170,-0.0205
1774945762.4713,0.0000,0.0000,0.0000,0.0000,0.0000,-3.1176,-0.2102,0.0000,0.0881,-0.0129,-0.0141
1774945762.4913,0.0000,0.0000,0.0000,0.0000,0.0000,-3.1196,-0.2100,0.0000,0.1212,-0.0129,-0.0194
1774945762.5114,0.0000,0.0000,0.0000,0.0000,0.0000,-3.1207,-0.2095,0.0000,0.1552,0.0276,-0.0066
1774945762.5314,0.0000,0.0000,0.0000,0.0000,0.0000,-3.1218,-0.2094,-15.3796,0.1052,0.0724,0.0296
1774945762.5514,0.0000,0.0000,0.0000,0.0000,0.0000,-3.1249,-0.2101,-18.6465,0.0146,0.0745,0.0530
1774945762.5713,0.0000,0.0000,0.0000,0.0000,0.0000,-3.1235,-0.2116,-10.1363,-0.0184,0.0596,0.0456
1774945762.5914,0.0000,0.0000,0.0000,0.0000,0.0000,-3.1194,-0.2118,-0.4007,0.0253,0.0138,0.0296
1774945762.6117,0.0000,0.0000,0.0000,0.0000,0.0000,-3.1142,-0.2110,5.2695,0.0871,-0.0246,0.0104
1774945762.6315,0.0000,0.0000,0.0000,0.0000,0.0000,-3.1089,-0.2082,10.1849,0.1350,-0.0257,-0.0098
1774945762.6515,0.0000,0.0000,0.0000,0.0000,0.0000,-3.1051,-0.2062,13.1552,0.1137,0.1150,-0.0226
1774945762.6713,0.0000,0.0000,0.0000,0.0000,0.0000,-3.1054,-0.2078,-22.4426,0.0967,0.2311,-0.0386
1774945762.6913,0.0000,0.0000,0.0000,0.0000,0.0000,-3.1068,-0.2106,67.3201,0.0658,0.2364,-0.0279
1774945762.7114,0.0000,0.0000,0.0000,0.0000,0.0000,-3.1068,-0.2131,-16.0517,0.0807,0.2300,-0.0109
1774945762.7314,0.0000,0.0000,0.0000,0.0000,0.0000,-3.1051,-0.2173,36.5426,0.1009,0.2066,-0.0077
1774945762.7514,0.0000,0.0000,0.0000,0.0000,0.0000,-3.1046,-0.2198,-21.9981,0.0615,0.1309,-0.0002
1774945762.7713,0.0000,0.0000,0.0000,0.0000,0.0000,-3.1054,-0.2215,4.8721,-0.0280,0.0606,0.0062
1774945762.7913,0.0000,0.0000,0.0000,0.0000,0.0000,-3.1043,-0.2190,-7.6282,-0.0834,-0.0693,0.0285
1774945762.8114,0.0000,0.0000,0.0000,0.0000,0.0000,-3.1015,-0.2186,-32.9243,-0.0312,-0.0821,0.0413
1774945762.8316,0.0000,0.0000,0.0000,0.0000,0.0000,-3.0996,-0.2184,-6.2618,-0.0983,-0.0597,0.0243
1774945762.8514,0.0000,0.0000,0.0000,0.0000,0.0000,-3.0981,-0.2175,13.0457,-0.1004,-0.0768,-0.0055
1774945762.8713,0.0000,0.0000,0.0000,0.0000,0.0000,-3.0969,-0.2171,10.3987,-0.1089,-0.0683,-0.0194
1774945762.8913,0.0000,0.0000,0.0000,0.0000,0.0000,-3.0961,-0.2162,41.2040,-0.1036,-0.1300,-0.0354
1774945762.9114,0.0000,0.0000,0.0000,0.0000,0.0000,-3.1004,-0.2168,-30.6397,-0.1452,-0.1183,-0.0428
1774945762.9315,0.0000,0.0000,0.0000,0.0000,0.0000,-3.1048,-0.2182,30.8057,-0.1899,-0.1024,-0.0471
1774945762.9515,0.0000,0.0000,0.0000,0.0000,0.0000,-3.1077,-0.2187,-0.1126,-0.1036,-0.1759,-0.0311
1774945762.9713,0.0000,0.0000,0.0000,0.0000,0.0000,-3.1100,-0.2183,-50.3340,0.0189,-0.1705,-0.0087
1774945762.9913,0.0000,0.0000,0.0000,0.0000,0.0000,-3.1131,-0.2164,-5.9883,0.0359,-0.1119,0.0126
1774945763.0113,0.0000,0.0000,0.0000,0.0000,0.0000,-3.1175,-0.2156,3.4090,-0.0450,-0.0139,0.0243
1774945763.0313,0.0000,0.0000,0.0000,0.0000,0.0000,-3.1216,-0.2188,16.8309,-0.0546,0.1459,0.0253
1774945763.0514,0.0000,0.0000,0.0000,0.0000,0.0000,-3.1204,-0.2204,40.0884,0.0178,0.2055,0.0264
1774945763.0715,0.0000,0.0000,0.0000,0.0000,0.0000,-3.1163,-0.2216,62.1073,0.0700,0.0777,0.0328
1774945763.0914,0.0000,0.0000,0.0000,0.0000,0.0000,-3.1133,-0.2193,-26.4888,0.1222,-0.0555,0.0200
1774945763.1114,0.0000,0.0000,0.0000,0.0000,0.0000,-3.1108,-0.2215,23.1730,0.1286,-0.0257,0.0008
1774945763.1316,0.0000,0.0000,0.0000,0.0000,0.0000,-3.1087,-0.2206,24.3001,0.0956,-0.0257,-0.0428
1774945763.1516,0.0000,0.0000,0.0000,0.0000,0.0000,-3.1044,-0.2206,87.4716,0.1329,-0.0363,-0.1728
1774945763.1715,0.0000,0.0000,0.0000,0.0000,0.0000,-3.1007,-0.2211,-4.5081,0.0679,-0.1119,-0.2346
1774945763.1915,0.0000,0.0000,0.0000,0.0000,0.0000,-3.0972,-0.2214,-89.4741,0.1137,-0.1013,-0.2314
1774945763.2121,0.0000,0.0000,0.0000,0.0000,0.0000,-3.0923,-0.2198,-11.1152,0.2117,-0.0779,-0.2122
1774945763.2317,0.0000,0.0000,0.0000,0.0000,0.0000,-3.0916,-0.2162,36.4190,0.1616,-0.0960,-0.1611
1774945763.2515,0.0000,0.0000,0.0000,0.0000,0.0000,-3.0947,-0.2142,-69.6191,-0.0354,-0.0416,-0.1174
1774945763.2716,0.0000,0.0000,0.0000,0.0000,0.0000,-3.1027,-0.2162,22.2392,-0.2932,0.1682,-0.1057
1774945763.2914,0.0000,0.0000,0.0000,0.0000,0.0000,-3.1060,-0.2200,89.1906,-0.3284,0.2343,-0.1078
1774945763.3115,0.0000,0.0000,0.0000,0.0000,0.0000,-3.1080,-0.2225,81.6414,-0.1707,0.1235,-0.1036
1774945763.3316,0.0000,0.0000,0.0000,0.0000,0.0000,-3.1061,-0.2219,63.1725,-0.0024,-0.0470,-0.0972
1774945763.3514,0.0000,0.0000,0.0000,0.0000,0.0000,-3.1010,-0.2191,7.3430,0.1307,-0.1524,-0.1099
1774945763.3716,0.0000,0.0000,0.0000,0.0000,0.0000,-3.1006,-0.2198,-27.7051,0.1307,-0.1141,-0.1472
1774945763.3913,0.0000,0.0000,0.0000,0.0000,0.0000,-3.1032,-0.2188,-23.0681,0.0807,-0.0086,-0.1728
1774945763.4117,0.0000,0.0000,0.0000,0.0000,0.0000,-3.1059,-0.2164,4.5808,0.0668,0.0138,-0.1643
1774945763.4314,0.0000,0.0000,0.0000,0.0000,0.0000,-3.1088,-0.2162,-48.2690,0.0775,0.1096,-0.1259
1774945763.4515,0.0000,0.0000,0.0000,0.0000,0.0000,-3.1100,-0.2156,25.9543,0.1137,0.1128,-0.0801
1774945763.4714,0.0000,0.0000,0.0000,0.0000,0.0000,-3.1095,-0.2142,19.2337,0.1531,0.0521,-0.0482
1774945763.4915,0.0000,0.0000,0.0000,0.0000,0.0000,-3.1084,-0.2115,49.1839,0.1819,-0.0448,-0.0332
1774945763.5113,0.0000,0.0000,0.0000,0.0000,0.0000,-3.1063,-0.2089,15.3322,0.2011,-0.1343,-0.0215
1774945763.5322,0.0000,0.0000,0.0000,0.0000,0.0000,-3.1040,-0.2094,-14.6024,0.1968,-0.1567,-0.0364
1774945763.5514,0.0000,0.0000,0.0000,0.0000,0.0000,-3.1015,-0.2060,-13.2311,0.1915,-0.1482,0.0083
1774945763.5715,0.0000,0.0000,0.0000,0.0000,0.0000,-3.1006,-0.2040,16.4736,0.1286,-0.0619,0.0978
1774945763.5913,0.0000,0.0000,0.0000,0.0000,0.0000,-3.0987,-0.2040,-25.6285,0.0700,-0.0203,0.1436
1774945763.6115,0.0000,0.0000,0.0000,0.0000,0.0000,-3.0957,-0.2049,-35.3848,0.0104,0.0106,0.1372
1774945763.6315,0.0000,0.0000,0.0000,0.0000,0.0000,-3.0914,-0.2043,33.9277,-0.0131,0.0170,0.0946
1774945763.6514,0.0000,0.0000,0.0000,0.0000,0.0000,-3.0879,-0.2038,-4.7439,-0.0344,0.0276,0.0541
1774945763.6714,0.0000,0.0000,0.0000,0.0000,0.0000,-3.0846,-0.2054,6.6312,-0.0237,0.0862,0.0072
1774945763.6914,0.0000,0.0000,0.0000,0.0000,0.0000,-3.0813,-0.2069,-7.8133,-0.0237,0.1405,-0.0279
1774945763.7114,0.0000,0.0000,0.0000,0.0000,0.0000,-3.0796,-0.2077,54.3901,-0.0663,0.1171,-0.0386
1774945763.7313,0.0000,0.0000,0.0000,0.0000,0.0000,-3.0794,-0.2080,-20.1664,-0.0962,0.0383,-0.0311
1774945763.7514,0.0000,0.0000,0.0000,0.0000,0.0000,-3.0798,-0.2109,-30.6132,-0.1121,0.0233,-0.0290
1774945763.7714,0.0000,0.0000,0.0000,0.0000,0.0000,-3.0814,-0.2141,23.4474,-0.1143,-0.0214,-0.0173
1774945763.7912,0.0000,0.0000,0.0000,0.0000,0.0000,-3.0808,-0.2138,-41.3544,-0.0685,-0.0725,-0.0087
1774945763.8113,0.0000,0.0000,0.0000,0.0000,0.0000,-3.0817,-0.2170,-9.0395,-0.0333,0.0148,-0.0077
1774945763.8317,0.0000,0.0000,0.0000,0.0000,0.0000,-3.0860,-0.2198,-22.9903,-0.0440,0.1235,-0.0045
1774945763.8514,0.0000,0.0000,0.0000,0.0000,0.0000,-3.0900,-0.2212,-35.2789,-0.0205,0.1043,-0.0194
1774945763.8716,0.0000,0.0000,0.0000,0.0000,0.0000,-3.0935,-0.2199,11.5374,-0.0099,0.0106,-0.0162
1774945763.8915,0.0000,0.0000,0.0000,0.0000,0.0000,-3.0972,-0.2166,16.8435,0.0082,-0.1045,-0.0151
1774945763.9114,0.0000,0.0000,0.0000,0.0000,0.0000,-3.1001,-0.2132,23.1633,-0.0195,-0.1428,-0.0034
1774945763.9315,0.0000,0.0000,0.0000,0.0000,0.0000,-3.1035,-0.2111,10.2287,-0.0685,-0.1055,0.0232
1774945763.9517,0.0000,0.0000,0.0000,0.0000,0.0000,-3.1041,-0.2120,6.3874,-0.1302,-0.0278,0.0307
1774945763.9728,0.0000,0.0000,0.0000,0.0000,0.0000,-3.1042,-0.2135,11.2106,-0.1707,0.0340,0.0232
1774945763.9914,0.0000,0.0000,0.0000,0.0000,0.0000,-3.1030,-0.2147,-2.0106,-0.1302,0.0542,0.0168
1774945764.0115,0.0000,0.0000,0.0000,0.0000,0.0000,-3.1010,-0.2157,-19.0101,-0.0663,0.0468,0.0072
1774945764.0331,0.0000,0.0000,0.0000,0.0000,0.0000,-3.1022,-0.2147,-47.5593,-0.0812,0.0042,0.0115
1774945764.0514,0.0000,0.0000,0.0000,0.0000,0.0000,-3.1074,-0.2167,-40.6931,-0.0834,0.0127,-0.0034
1774945764.0714,0.0000,0.0000,0.0000,0.0000,0.0000,-3.1105,-0.2201,-15.0248,-0.0653,0.0436,-0.0066
1774945764.0916,0.0000,0.0000,0.0000,0.0000,0.0000,-3.1109,-0.2222,35.4459,-0.0131,0.0649,0.0104
1774945764.1114,0.0000,0.0000,0.0000,0.0000,0.0000,-3.1136,-0.2220,15.2419,0.0317,0.0564,0.0317
1774945764.1314,0.0000,0.0000,0.0000,0.0000,0.0000,-3.1168,-0.2224,9.1887,0.0338,0.0116,0.0328
1774945764.1515,0.0000,0.0000,0.0000,0.0000,0.0000,-3.1201,-0.2200,-8.7644,0.0082,-0.1183,0.0040
1774945764.1717,0.0000,0.0000,0.0000,0.0000,0.0000,-3.1230,-0.2128,33.9248,-0.1153,-0.2792,0.0008
1774945764.1916,0.0000,0.0000,0.0000,0.0000,0.0000,-3.1241,-0.2073,9.2193,-0.1270,-0.3175,0.0147
1774945764.2115,0.0000,0.0000,0.0000,0.0000,0.0000,-3.1223,-0.2040,-23.5093,-0.0440,-0.2206,-0.0013
1774945764.2314,0.0000,0.0000,0.0000,0.0000,0.0000,-3.1191,-0.2031,18.8136,0.0189,-0.0864,-0.0130
1774945764.2515,0.0000,0.0000,0.0000,0.0000,0.0000,-3.1162,-0.2043,-15.9956,-0.0056,-0.0118,-0.0279
1774945764.2715,0.0000,0.0000,0.0000,0.0000,0.0000,-3.1185,-0.2066,-41.0896,-0.0322,0.0521,-0.0322
1774945764.2914,0.0000,0.0000,0.0000,0.0000,0.0000,-3.1226,-0.2065,5.4590,-0.0280,0.0393,-0.0077
1774945764.3114,0.0000,0.0000,0.0000,0.0000,0.0000,-3.1265,-0.2042,39.1643,-0.0056,-0.0864,0.0083
1774945764.3367,0.0000,0.0000,0.0000,0.0000,0.0000,-3.1299,-0.2018,4.8192,0.0114,-0.1343,0.0147
1774945764.3516,0.0000,0.0000,0.0000,0.0000,0.0000,-3.1334,-0.2000,43.1465,0.0125,-0.1194,0.0190
1774945764.3718,0.0000,0.0000,0.0000,0.0000,0.0000,-3.1353,-0.1993,-35.1866,0.0562,-0.0981,0.0179
1774945764.3913,0.0000,0.0000,0.0000,0.0000,0.0000,-3.1332,-0.2020,-26.8703,0.0583,-0.0299,0.0211
1774945764.4114,0.0000,0.0000,0.0000,0.0000,0.0000,-3.1333,-0.2045,10.0332,0.0498,0.0532,0.0243
1774945764.4317,0.0000,0.0000,0.0000,0.0000,0.0000,-3.1291,-0.2043,-24.7452,0.0743,0.0489,0.0253
1774945764.4513,0.0000,0.0000,0.0000,0.0000,0.0000,-3.1270,-0.2091,-31.6516,0.0849,0.0883,0.0296
1774945764.4713,0.0000,0.0000,0.0000,0.0000,0.0000,-3.1240,-0.2130,84.5638,0.0924,0.0819,0.0424
1774945764.4914,0.0000,0.0000,0.0000,0.0000,0.0000,-3.1234,-0.2126,39.2860,0.0285,0.0223,0.0584
1774945764.5114,0.0000,0.0000,0.0000,0.0000,0.0000,-3.1242,-0.2137,-42.7671,-0.0589,0.0415,0.0530
1774945764.5317,0.0000,0.0000,0.0000,0.0000,0.0000,-3.1207,-0.2148,-19.6432,-0.0045,0.0692,0.0477
1774945764.5514,0.0000,0.0000,0.0000,0.0000,0.0000,-3.1165,-0.2174,30.7311,0.0615,0.1075,0.0285
1774945764.5716,0.0000,0.0000,0.0000,0.0000,0.0000,-3.1151,-0.2152,-22.4284,0.0274,-0.0171,0.0243
1774945764.5913,0.0000,0.0000,0.0000,0.0000,0.0000,-3.1171,-0.2105,-59.8024,-0.0482,-0.1535,-0.0002
1774945764.6126,0.0000,0.0000,0.0000,0.0000,0.0000,-3.1182,-0.2076,-73.6637,-0.1153,-0.2067,-0.0226
1774945764.6313,0.0000,0.0000,0.0000,0.0000,0.0000,-3.1179,-0.2060,-37.4276,-0.0898,-0.1631,-0.0237
1774945764.6514,0.0000,0.0000,0.0000,0.0000,0.0000,-3.1162,-0.2069,4.3577,-0.0301,-0.0267,-0.0205
1774945764.6714,0.0000,0.0000,0.0000,0.0000,0.0000,-3.1136,-0.2100,0.0000,-0.0173,0.0489,-0.0226
1774945764.6915,0.0000,0.0000,0.0000,0.0000,0.0000,-3.1170,-0.2099,0.0000,0.0242,-0.0171,-0.0087
1774945764.7114,0.0000,0.0000,0.0000,0.0000,0.0000,-3.1194,-0.2091,25.8432,0.0572,-0.1332,-0.0066
1774945764.7313,0.0000,0.0000,0.0000,0.0000,0.0000,-3.1220,-0.2070,0.0000,0.0636,-0.1343,-0.0141
1774945764.7521,0.0000,0.0000,0.0000,0.0000,0.0000,-3.1234,-0.2072,0.0000,0.0945,-0.0267,-0.0119
1774945764.7713,0.0000,0.0000,0.0000,0.0000,0.0000,-3.1239,-0.2072,20.9792,0.1169,0.0319,-0.0045
1774945764.7914,0.0000,0.0000,0.0000,0.0000,0.0000,-3.1243,-0.2047,0.0000,0.1691,0.0031,0.0243
1774945764.8114,0.0000,0.0000,0.0000,0.0000,0.0000,-3.1247,-0.2020,0.0000,0.1393,-0.0395,0.0435
1774945764.8313,0.0000,0.0000,0.0000,0.0000,0.0000,-3.1257,-0.1996,0.0000,0.0466,-0.0512,0.0328
1774945764.8513,0.0000,0.0000,0.0000,0.0000,0.0000,-3.1220,-0.1998,0.0000,-0.0237,-0.0214,0.0275
1774945764.8714,0.0000,0.0000,0.0000,0.0000,0.0000,-3.1175,-0.1997,0.0000,0.0146,0.0212,0.0083
1774945764.8914,0.0000,0.0000,0.0000,0.0000,0.0000,-3.1129,-0.2003,0.0000,0.0040,0.0596,-0.0066
1774945764.9114,0.0000,0.0000,0.0000,0.0000,0.0000,-3.1105,-0.1994,0.0000,-0.0408,0.0851,-0.0024
1774945764.9316,0.0000,0.0000,0.0000,0.0000,0.0000,-3.1083,-0.2021,0.0000,-0.0227,0.0244,-0.0077
1774945764.9515,0.0000,0.0000,0.0000,0.0000,0.0000,-3.1093,-0.2026,0.0000,-0.0695,-0.0576,-0.0045
1774945764.9714,0.0000,0.0000,0.0000,0.0000,0.0000,-3.1115,-0.2026,0.0000,-0.1132,0.0031,-0.0194
1774945764.9914,0.0000,0.0000,0.0000,0.0000,0.0000,-3.1091,-0.2049,0.0000,-0.0482,0.1341,-0.0460
1774945765.0118,0.0000,0.0000,0.0000,0.0000,0.0000,-3.1048,-0.2077,6.5236,0.1201,0.2503,-0.0780
1774945765.0312,0.0000,0.0000,0.0000,0.0000,0.0000,-3.1021,-0.2099,0.0000,0.1776,0.3120,-0.1131
1774945765.0515,0.0000,0.0000,0.0000,0.0000,0.0000,-3.1015,-0.2133,43.4010,0.1744,0.2055,-0.0684
1774945765.0715,0.0000,0.0000,0.0000,0.0000,0.0000,-3.1021,-0.2150,-67.3986,0.0743,0.0905,-0.0386
1774945765.0915,0.0000,0.0000,0.0000,0.0000,0.0000,-3.1037,-0.2143,-35.7145,0.0327,-0.0022,-0.0055
1774945765.1122,0.0000,0.0000,0.0000,0.0000,0.0000,-3.1069,-0.2105,22.2284,-0.0418,-0.0970,0.0445
1774945765.1314,0.0000,0.0000,0.0000,0.0000,0.0000,-3.1048,-0.2088,20.6857,-0.0578,-0.0470,0.0520
1774945765.1512,0.0000,0.0000,0.0000,0.0000,0.0000,-3.1021,-0.2066,-8.9727,-0.0450,-0.0331,0.0349
1774945765.1716,0.0000,0.0000,0.0000,0.0000,0.0000,-3.0991,-0.2047,-16.5560,-0.0131,0.0084,-0.0034
1774945765.1912,0.0000,0.0000,0.0000,0.0000,0.0000,-3.0967,-0.2045,40.1278,-0.0770,0.1288,-0.0151
1774945765.2123,0.0000,0.0000,0.0000,0.0000,0.0000,-3.0965,-0.2055,8.1076,-0.1579,0.1874,-0.0386
1774945765.2313,0.0000,0.0000,0.0000,0.0000,0.0000,-3.0977,-0.2069,6.9238,-0.2176,0.1448,-0.0577
1774945765.2513,0.0000,0.0000,0.0000,0.0000,0.0000,-3.0986,-0.2076,6.5662,-0.2155,0.0457,-0.0609
1774945765.2713,0.0000,0.0000,0.0000,0.0000,0.0000,-3.0997,-0.2061,31.2309,-0.1814,-0.0853,-0.0439
1774945765.2914,0.0000,0.0000,0.0000,0.0000,0.0000,-3.1002,-0.2060,-27.4767,-0.1057,-0.1183,-0.0354
1774945765.3120,0.0000,0.0000,0.0000,0.0000,0.0000,-3.1054,-0.2062,-22.2557,-0.0823,-0.0853,-0.0098
1774945765.3314,0.0000,0.0000,0.0000,0.0000,0.0000,-3.1104,-0.2050,-17.7671,-0.0493,-0.0736,-0.0311
1774945765.3515,0.0000,0.0000,0.0000,0.0000,0.0000,-3.1155,-0.2032,34.0419,-0.0780,-0.0470,-0.0109
1774945765.3712,0.0000,0.0000,0.0000,0.0000,0.0000,-3.1217,-0.2016,50.7178,-0.1537,-0.0384,0.0094
1774945765.3912,0.0000,0.0000,0.0000,0.0000,0.0000,-3.1282,-0.1999,-17.1431,-0.1920,0.0159,0.0126
1774945765.4115,0.0000,0.0000,0.0000,0.0000,0.0000,-3.1293,-0.1993,7.9410,-0.1579,0.0660,0.0094
1774945765.4315,0.0000,0.0000,0.0000,0.0000,0.0000,-3.1280,-0.1994,13.1786,-0.0951,0.0447,-0.0130
1774945765.4515,0.0000,0.0000,0.0000,0.0000,0.0000,-3.1255,-0.2002,26.7999,-0.0280,0.0468,-0.0311
1774945765.4713,0.0000,0.0000,0.0000,0.0000,0.0000,-3.1236,-0.2001,-4.1166,0.0402,0.0297,-0.0428
1774945765.4914,0.0000,0.0000,0.0000,0.0000,0.0000,-3.1247,-0.2016,5.5486,0.0583,0.0170,-0.0450
1774945765.5115,0.0000,0.0000,0.0000,0.0000,0.0000,-3.1274,-0.2031,-5.1294,0.0551,0.0479,-0.0354
1774945765.5314,0.0000,0.0000,0.0000,0.0000,0.0000,-3.1304,-0.2046,-24.8567,0.0178,0.0564,0.0062
1774945765.5514,0.0000,0.0000,0.0000,0.0000,0.0000,-3.1336,-0.2075,-9.6996,0.0264,0.1043,0.0509
1774945765.5714,0.0000,0.0000,0.0000,0.0000,0.0000,-3.1362,-0.2110,20.1209,0.0402,0.0990,0.0765
1774945765.5914,0.0000,0.0000,0.0000,0.0000,0.0000,-3.1371,-0.2145,-15.9362,0.0562,0.0415,0.0712
1774945765.6118,0.0000,0.0000,0.0000,0.0000,0.0000,-3.1359,-0.2135,-21.7107,0.0359,-0.0533,0.0626
1774945765.6313,0.0000,0.0000,0.0000,0.0000,0.0000,-3.1333,-0.2141,-43.7234,-0.0205,-0.0725,0.0594
1774945765.6516,0.0000,0.0000,0.0000,0.0000,0.0000,-3.1304,-0.2155,10.4564,-0.0120,-0.0288,0.0509
1774945765.6713,0.0000,0.0000,0.0000,0.0000,0.0000,-3.1253,-0.2166,-4.9781,0.0924,0.0223,0.0392
1774945765.6914,0.0000,0.0000,0.0000,0.0000,0.0000,-3.1193,-0.2192,-9.1371,0.1584,0.0415,0.0435
1774945765.7113,0.0000,0.0000,0.0000,0.0000,0.0000,-3.1173,-0.2210,-72.5007,0.1318,0.0340,0.0190
1774945765.7313,0.0000,0.0000,0.0000,0.0000,0.0000,-3.1198,-0.2210,-23.7325,0.0178,-0.0544,0.0030
1774945765.7519,0.0000,0.0000,0.0000,0.0000,0.0000,-3.1225,-0.2204,-8.7371,-0.0184,-0.1045,-0.0024
1774945765.7714,0.0000,0.0000,0.0000,0.0000,0.0000,-3.1185,-0.2192,53.6523,0.0583,-0.0810,0.0030
1774945765.7916,0.0000,0.0000,0.0000,0.0000,0.0000,-3.1136,-0.2199,33.1397,0.1276,-0.0288,0.0072
1774945765.8115,0.0000,0.0000,0.0000,0.0000,0.0000,-3.1155,-0.2208,-19.8498,0.0445,-0.0001,0.0126
1774945765.8319,0.0000,0.0000,0.0000,0.0000,0.0000,-3.1172,-0.2223,-54.2752,-0.0312,0.0138,0.0136
1774945765.8514,0.0000,0.0000,0.0000,0.0000,0.0000,-3.1156,-0.2221,-93.3396,0.0391,-0.0523,0.0307
1774945765.8713,0.0000,0.0000,0.0000,0.0000,0.0000,-3.1134,-0.2171,-55.7965,0.1169,-0.1375,0.0530
1774945765.8915,0.0000,0.0000,0.0000,0.0000,0.0000,-3.1110,-0.2109,-34.3996,0.1776,-0.1791,0.0403
1774945765.9116,0.0000,0.0000,0.0000,0.0000,0.0000,-3.1077,-0.2092,12.6836,0.2224,-0.0992,0.0083
1774945765.9329,0.0000,0.0000,0.0000,0.0000,0.0000,-3.1059,-0.2093,9.8566,0.2490,-0.0054,0.0030
1774945765.9513,0.0000,0.0000,0.0000,0.0000,0.0000,-3.1051,-0.2103,19.3667,0.1904,0.0425,0.0435
1774945765.9722,0.0000,0.0000,0.0000,0.0000,0.0000,-3.1051,-0.2128,1.7497,0.1169,0.0596,0.0722
1774945765.9913,0.0000,0.0000,0.0000,0.0000,0.0000,-3.1043,-0.2154,-27.0639,0.0189,0.0969,0.0818
1774945766.0113,0.0000,0.0000,0.0000,0.0000,0.0000,-3.1017,-0.2170,-5.9496,-0.0706,0.1597,0.0701
1774945766.0313,0.0000,0.0000,0.0000,0.0000,0.0000,-3.0986,-0.2200,22.4519,-0.0248,0.1682,0.0573
1774945766.0514,0.0000,0.0000,0.0000,0.0000,0.0000,-3.0944,-0.2224,-19.0008,0.0402,0.1459,0.0520
1774945766.0713,0.0000,0.0000,0.0000,0.0000,0.0000,-3.0894,-0.2223,-11.0678,0.0722,0.0223,0.0040
1774945766.0913,0.0000,0.0000,0.0000,0.0000,0.0000,-3.0884,-0.2192,6.4646,0.0477,-0.1087,-0.0151
1774945766.1122,0.0000,0.0000,0.0000,0.0000,0.0000,-3.0930,-0.2178,-44.1216,-0.0770,-0.0896,-0.0269
1774945766.1316,0.0000,0.0000,0.0000,0.0000,0.0000,-3.0950,-0.2201,0.0000,-0.1260,0.0969,-0.0343
1774945766.1519,0.0000,0.0000,0.0000,0.0000,0.0000,-3.0938,-0.2220,34.9608,-0.1100,0.1927,-0.0258
1774945766.1714,0.0000,0.0000,0.0000,0.0000,0.0000,-3.0929,-0.2236,35.2888,-0.0812,0.1501,-0.0258
1774945766.1914,0.0000,0.0000,0.0000,0.0000,0.0000,-3.0942,-0.2222,-37.9302,-0.0514,0.0670,-0.0098
1774945766.2117,0.0000,0.0000,0.0000,0.0000,0.0000,-3.0948,-0.2210,-84.7485,-0.0131,0.0159,-0.0396
1774945766.2314,0.0000,0.0000,0.0000,0.0000,0.0000,-3.0982,-0.2183,11.1805,0.0040,-0.0715,-0.0343
1774945766.2514,0.0000,0.0000,0.0000,0.0000,0.0000,-3.1021,-0.2172,-2.8736,-0.0418,-0.0459,-0.0141
1774945766.2714,0.0000,0.0000,0.0000,0.0000,0.0000,-3.1070,-0.2165,33.3479,-0.1057,0.0553,0.0040
1774945766.2914,0.0000,0.0000,0.0000,0.0000,0.0000,-3.1073,-0.2150,64.5861,-0.0951,0.0468,-0.0013
1774945766.3118,0.0000,0.0000,0.0000,0.0000,0.0000,-3.1059,-0.2147,21.8057,-0.1079,0.0244,-0.0055
1774945766.3317,0.0000,0.0000,0.0000,0.0000,0.0000,-3.1059,-0.2137,-13.1058,-0.1430,0.0202,0.0221
1774945766.3514,0.0000,0.0000,0.0000,0.0000,0.0000,-3.1074,-0.2117,18.2797,-0.1015,-0.0480,-0.0066
1774945766.3713,0.0000,0.0000,0.0000,0.0000,0.0000,-3.1084,-0.2104,30.4565,-0.0834,-0.0832,0.0200
1774945766.3914,0.0000,0.0000,0.0000,0.0000,0.0000,-3.1106,-0.2115,-68.6722,-0.0823,0.0159,-0.0034
1774945766.4113,0.0000,0.0000,0.0000,0.0000,0.0000,-3.1099,-0.2124,12.2622,-0.0376,0.0436,-0.0119
1774945766.4313,0.0000,0.0000,0.0000,0.0000,0.0000,-3.1131,-0.2116,29.2871,-0.0589,0.0425,-0.0098
1774945766.4514,0.0000,0.0000,0.0000,0.0000,0.0000,-3.1152,-0.2125,21.6039,-0.0930,0.0638,-0.0194
1774945766.4713,0.0000,0.0000,0.0000,0.0000,0.0000,-3.1154,-0.2136,44.7484,-0.0610,0.0340,-0.0343
1774945766.4912,0.0000,0.0000,0.0000,0.0000,0.0000,-3.1153,-0.2148,-14.6529,-0.0237,0.0180,-0.0471
1774945766.5115,0.0000,0.0000,0.0000,0.0000,0.0000,-3.1122,-0.2149,8.1848,0.0572,0.0830,-0.0503
1774945766.5313,0.0000,0.0000,0.0000,0.0000,0.0000,-3.1147,-0.2185,6.9841,0.0423,0.1459,-0.0386
1774945766.5513,0.0000,0.0000,0.0000,0.0000,0.0000,-3.1189,-0.2201,12.8823,-0.0237,0.1043,-0.0024
1774945766.5712,0.0000,0.0000,0.0000,0.0000,0.0000,-3.1220,-0.2189,-7.8577,-0.0237,0.0170,0.0136
1774945766.5912,0.0000,0.0000,0.0000,0.0000,0.0000,-3.1250,-0.2184,-10.4640,0.0082,0.0063,0.0147
1774945766.6133,0.0000,0.0000,0.0000,0.0000,0.0000,-3.1241,-0.2193,-10.4227,0.0221,-0.0043,0.0168
1774945766.6313,0.0000,0.0000,0.0000,0.0000,0.0000,-3.1242,-0.2197,-4.3805,0.0295,0.0202,0.0285
1774945766.6513,0.0000,0.0000,0.0000,0.0000,0.0000,-3.1209,-0.2214,-4.3242,0.1105,0.0223,0.0232
1774945766.6714,0.0000,0.0000,0.0000,0.0000,0.0000,-3.1197,-0.2233,11.1190,0.0999,-0.0086,0.0392
1774945766.6912,0.0000,0.0000,0.0000,0.0000,0.0000,-3.1177,-0.2240,-38.6091,0.1190,-0.0661,0.0179
1774945766.7114,0.0000,0.0000,0.0000,0.0000,0.0000,-3.1158,-0.2252,19.2251,0.1137,-0.1173,0.0211
1774945766.7313,0.0000,0.0000,0.0000,0.0000,0.0000,-3.1155,-0.2253,-34.7028,0.0913,-0.0693,0.0200
1774945766.7520,0.0000,0.0000,0.0000,0.0000,0.0000,-3.1154,-0.2253,-17.5903,0.0423,-0.0331,0.0179
1774945766.7715,0.0000,0.0000,0.0000,0.0000,0.0000,-3.1148,-0.2295,62.6892,-0.0312,0.0276,0.0200
1774945766.7914,0.0000,0.0000,0.0000,0.0000,0.0000,-3.1111,-0.2301,19.1600,0.0189,-0.0470,0.0008
1774945766.8113,0.0000,0.0000,0.0000,0.0000,0.0000,-3.1090,-0.2295,22.8885,-0.0205,-0.1247,0.0179
1774945766.8313,0.0000,0.0000,0.0000,0.0000,0.0000,-3.1063,-0.2270,20.7407,0.0008,-0.2185,0.0062
1774945766.8513,0.0000,0.0000,0.0000,0.0000,0.0000,-3.1087,-0.2262,-34.9251,-0.0780,-0.1695,0.0221
1774945766.8714,0.0000,0.0000,0.0000,0.0000,0.0000,-3.1147,-0.2240,-8.0109,-0.2389,-0.0725,0.0594
1774945766.8913,0.0000,0.0000,0.0000,0.0000,0.0000,-3.1169,-0.2235,91.2853,-0.2400,-0.0565,0.0403
1774945766.9113,0.0000,0.0000,0.0000,0.0000,0.0000,-3.1173,-0.2216,-42.4601,-0.1185,-0.0459,0.0680
1774945766.9313,0.0000,0.0000,0.0000,0.0000,0.0000,-3.1172,-0.2223,26.7928,-0.1196,0.0404,0.0626
1774945766.9527,0.0000,0.0000,0.0000,0.0000,0.0000,-3.1171,-0.2228,-55.0838,-0.1025,0.0127,0.0200
1774945766.9714,0.0000,0.0000,0.0000,0.0000,0.0000,-3.1162,-0.2244,22.5840,-0.0589,0.0148,-0.0354
1774945766.9914,0.0000,0.0000,0.0000,0.0000,0.0000,-3.1180,-0.2245,19.8082,-0.0397,-0.0608,-0.0492
1774945767.0121,0.0000,0.0000,0.0000,0.0000,0.0000,-3.1212,-0.2246,16.4450,0.0274,-0.1269,-0.0471
1774945767.0314,0.0000,0.0000,0.0000,0.0000,0.0000,-3.1235,-0.2243,15.4192,0.0754,-0.1151,-0.0322
1774945767.0516,0.0000,0.0000,0.0000,0.0000,0.0000,-3.1251,-0.2241,62.8334,0.0498,-0.1460,-0.0098
1774945767.0715,0.0000,0.0000,0.0000,0.0000,0.0000,-3.1264,-0.2200,-29.4307,0.1329,-0.2760,0.0136
1774945767.0914,0.0000,0.0000,0.0000,0.0000,0.0000,-3.1290,-0.2144,-99.9467,-0.1388,-0.2430,0.0552
1774945767.1123,0.0000,0.0000,0.0000,0.0000,0.0000,-3.1322,-0.2119,19.9336,-0.2240,0.0084,0.0520
1774945767.1314,0.0000,0.0000,0.0000,0.0000,0.0000,-3.1292,-0.2152,56.8733,0.0338,0.2162,0.0307
1774945767.1514,0.0000,0.0000,0.0000,0.0000,0.0000,-3.1224,-0.2212,25.4047,0.2160,0.2833,-0.0194
1774945767.1714,0.0000,0.0000,0.0000,0.0000,0.0000,-3.1205,-0.2239,29.8820,0.1020,0.1171,-0.0780
1774945767.1914,0.0000,0.0000,0.0000,0.0000,0.0000,-3.1255,-0.2225,-19.0154,-0.1015,-0.1024,-0.0769
1774945767.2114,0.0000,0.0000,0.0000,0.0000,0.0000,-3.1263,-0.2213,-20.9495,-0.0535,-0.2014,-0.0620
1774945767.2314,0.0000,0.0000,0.0000,0.0000,0.0000,-3.1272,-0.2220,0.0000,-0.0503,-0.0608,0.0008
1774945767.2514,0.0000,0.0000,0.0000,0.0000,0.0000,-3.1291,-0.2244,48.6016,-0.0482,0.0638,0.0115
1774945767.2716,0.0000,0.0000,0.0000,0.0000,0.0000,-3.1309,-0.2252,0.0000,-0.0834,0.0638,0.0104
1774945767.2914,0.0000,0.0000,0.0000,0.0000,0.0000,-3.1331,-0.2248,0.0000,-0.1324,0.0542,-0.0013
1774945767.3115,0.0000,0.0000,0.0000,0.0000,0.0000,-3.1310,-0.2223,0.0000,-0.0173,0.0020,-0.0300
1774945767.3315,0.0000,0.0000,0.0000,0.0000,0.0000,-3.1313,-0.2184,0.0000,0.0200,-0.0693,-0.0375
1774945767.3514,0.0000,0.0000,0.0000,0.0000,0.0000,-3.1350,-0.2201,0.0000,-0.0216,0.0468,-0.0247
1774945767.3714,0.0000,0.0000,0.0000,0.0000,0.0000,-3.1396,-0.2191,0.0000,-0.0546,0.0958,-0.0098
1774945767.3913,0.0000,0.0000,0.0000,0.0000,0.0000,-3.1412,-0.2186,0.0000,-0.0131,0.0340,0.0179
1774945767.4114,0.0000,0.0000,0.0000,0.0000,0.0000,3.1408,-0.2218,0.0000,0.0636,-0.0001,0.0392
1774945767.4314,0.0000,0.0000,0.0000,0.0000,0.0000,3.1399,-0.2191,0.0000,0.1190,-0.0619,0.0243
1774945767.4514,0.0000,0.0000,0.0000,0.0000,0.0000,3.1380,-0.2168,0.0000,0.0668,-0.1109,0.0104
1774945767.4714,0.0000,0.0000,0.0000,0.0000,0.0000,3.1338,-0.2144,0.0000,-0.0876,-0.1492,0.0339
1774945767.4914,0.0000,0.0000,0.0000,0.0000,0.0000,3.1358,-0.2124,0.0000,-0.0141,-0.0171,0.0371
1774945767.5114,0.0000,0.0000,0.0000,0.0000,0.0000,3.1412,-0.2138,0.0000,0.2106,0.1778,0.0126
1774945767.5315,0.0000,0.0000,0.0000,0.0000,0.0000,-3.1362,-0.2175,0.0000,0.2266,0.2748,0.0008
1774945767.5514,0.0000,0.0000,0.0000,0.0000,0.0000,-3.1373,-0.2194,-3.6079,0.0764,0.0670,-0.0375
1774945767.5713,0.0000,0.0000,0.0000,0.0000,0.0000,-3.1359,-0.2185,0.0000,0.0519,-0.0960,-0.0407
1774945767.5913,0.0000,0.0000,0.0000,0.0000,0.0000,-3.1360,-0.2156,0.0000,0.0434,-0.1418,-0.0055
1774945767.6113,0.0000,0.0000,0.0000,0.0000,0.0000,-3.1337,-0.2185,0.0000,0.0487,-0.0043,0.0349
1774945767.6314,0.0000,0.0000,0.0000,0.0000,0.0000,-3.1306,-0.2206,-15.5651,0.0743,0.0755,0.0520
1774945767.6514,0.0000,0.0000,0.0000,0.0000,0.0000,-3.1289,-0.2200,-27.9330,0.0114,0.0191,0.0232
1774945767.6715,0.0000,0.0000,0.0000,0.0000,0.0000,-3.1248,-0.2188,0.0000,0.0540,-0.0129,0.0040
1774945767.6913,0.0000,0.0000,0.0000,0.0000,0.0000,-3.1176,-0.2179,53.4887,0.2138,0.0351,-0.0279
1774945767.7113,0.0000,0.0000,0.0000,0.0000,0.0000,-3.1142,-0.2172,38.8832,0.1936,0.0841,-0.0354
1774945767.7315,0.0000,0.0000,0.0000,0.0000,0.0000,-3.1163,-0.2191,18.2225,0.0168,0.1214,-0.0226
1774945767.7515,0.0000,0.0000,0.0000,0.0000,0.0000,-3.1206,-0.2170,-1.0072,-0.1558,-0.0129,-0.0311
1774945767.7717,0.0000,0.0000,0.0000,0.0000,0.0000,-3.1208,-0.2146,-23.0990,-0.1473,-0.0992,-0.0066
1774945767.7914,0.0000,0.0000,0.0000,0.0000,0.0000,-3.1170,-0.2121,-15.4819,0.0636,-0.1290,0.0360
1774945767.8113,0.0000,0.0000,0.0000,0.0000,0.0000,-3.1100,-0.2081,-12.5316,0.1915,-0.1599,0.0562
1774945767.8314,0.0000,0.0000,0.0000,0.0000,0.0000,-3.1104,-0.2060,29.3359,0.0817,-0.1300,0.0413
1774945767.8517,0.0000,0.0000,0.0000,0.0000,0.0000,-3.1150,-0.2051,58.0741,-0.1313,-0.0118,0.0253
1774945767.8714,0.0000,0.0000,0.0000,0.0000,0.0000,-3.1180,-0.2094,77.5638,-0.1420,0.1118,-0.0013
1774945767.8914,0.0000,0.0000,0.0000,0.0000,0.0000,-3.1160,-0.2131,3.5512,-0.0397,0.1373,-0.0396
1774945767.9113,0.0000,0.0000,0.0000,0.0000,0.0000,-3.1130,-0.2171,-21.2673,0.0274,0.1480,-0.0290
1774945767.9313,0.0000,0.0000,0.0000,0.0000,0.0000,-3.1130,-0.2231,5.4031,-0.0418,0.1821,-0.0258
1774945767.9513,0.0000,0.0000,0.0000,0.0000,0.0000,-3.1147,-0.2282,-16.0483,-0.0951,0.1480,-0.0364
1774945767.9713,0.0000,0.0000,0.0000,0.0000,0.0000,-3.1165,-0.2289,-9.5246,-0.1207,0.0138,-0.0055
1774945767.9913,0.0000,0.0000,0.0000,0.0000,0.0000,-3.1170,-0.2250,-7.0921,-0.0227,-0.1258,0.0253
1774945768.0116,0.0000,0.0000,0.0000,0.0000,0.0000,-3.1193,-0.2236,-64.2222,-0.0386,-0.1322,0.0403
1774945768.0313,0.0000,0.0000,0.0000,0.0000,0.0000,-3.1301,-0.2219,-31.7082,-0.2804,-0.1151,0.0232
1774945768.0513,0.0000,0.0000,0.0000,0.0000,0.0000,-3.1341,-0.2207,-22.5693,-0.3497,-0.0448,0.0158
1774945768.0716,0.0000,0.0000,0.0000,0.0000,0.0000,-3.1356,-0.2196,31.9896,-0.1547,-0.0043,0.0221
1774945768.0914,0.0000,0.0000,0.0000,0.0000,0.0000,-3.1335,-0.2228,-28.0049,0.0913,0.1640,0.0019
1774945768.1114,0.0000,0.0000,0.0000,0.0000,0.0000,-3.1358,-0.2268,-24.7366,-0.0077,0.1373,-0.0322
1774945768.1313,0.0000,0.0000,0.0000,0.0000,0.0000,-3.1411,-0.2281,8.4209,-0.1047,-0.0129,-0.0673
1774945768.1512,0.0000,0.0000,0.0000,0.0000,0.0000,3.1369,-0.2276,-38.3068,-0.0035,-0.1162,-0.0684
1774945768.1714,0.0000,0.0000,0.0000,0.0000,0.0000,3.1340,-0.2263,-14.3546,0.0551,-0.1183,-0.0290
1774945768.1913,0.0000,0.0000,0.0000,0.0000,0.0000,3.1314,-0.2260,-43.5733,0.0647,-0.0118,0.0158
1774945768.2113,0.0000,0.0000,0.0000,0.0000,0.0000,3.1301,-0.2287,5.3871,0.0434,0.1448,0.0040
1774945768.2319,0.0000,0.0000,0.0000,0.0000,0.0000,3.1306,-0.2281,40.0649,0.0594,0.0649,0.0136
1774945768.2516,0.0000,0.0000,0.0000,0.0000,0.0000,3.1339,-0.2262,-3.5328,0.1041,-0.0299,0.0307
1774945768.2714,0.0000,0.0000,0.0000,0.0000,0.0000,3.1403,-0.2244,15.3942,0.1425,-0.1098,0.0094
1774945768.2914,0.0000,0.0000,0.0000,0.0000,0.0000,-3.1397,-0.2195,3.3514,0.0817,-0.1769,0.0243
1774945768.3112,0.0000,0.0000,0.0000,0.0000,0.0000,3.1388,-0.2172,-34.6817,-0.1611,-0.0555,0.0562
1774945768.3313,0.0000,0.0000,0.0000,0.0000,0.0000,3.1368,-0.2193,34.5250,-0.2868,0.0809,0.0349
1774945768.3514,0.0000,0.0000,0.0000,0.0000,0.0000,3.1354,-0.2221,-1.2900,-0.1611,0.0947,0.0051
1774945768.3714,0.0000,0.0000,0.0000,0.0000,0.0000,3.1362,-0.2191,-55.5084,-0.0280,-0.1545,-0.0407
1774945768.3914,0.0000,0.0000,0.0000,0.0000,0.0000,3.1391,-0.2123,-48.5772,-0.0440,-0.3356,-0.0652
1774945768.4113,0.0000,0.0000,0.0000,0.0000,0.0000,3.1348,-0.2084,38.8066,-0.1068,-0.2387,-0.0332
1774945768.4313,0.0000,0.0000,0.0000,0.0000,0.0000,3.1316,-0.2071,-78.4739,-0.0163,-0.0864,-0.0503
1774945768.4513,0.0000,0.0000,0.0000,0.0000,0.0000,3.1311,-0.2089,30.8458,0.0711,0.0851,-0.0300
1774945768.4713,0.0000,0.0000,0.0000,0.0000,0.0000,3.1293,-0.2110,53.3963,0.1158,0.1778,-0.0077
1774945768.4914,0.0000,0.0000,0.0000,0.0000,0.0000,3.1293,-0.2119,-29.7655,0.1915,0.1256,0.0211
1774945768.5115,0.0000,0.0000,0.0000,0.0000,0.0000,3.1283,-0.2154,-44.3990,0.1286,0.1991,0.0232
1774945768.5314,0.0000,0.0000,0.0000,0.0000,0.0000,3.1282,-0.2178,15.0457,0.1435,0.1927,0.0285
1774945768.5519,0.0000,0.0000,0.0000,0.0000,0.0000,3.1324,-0.2153,26.4443,0.2788,-0.0065,0.0328
1774945768.5715,0.0000,0.0000,0.0000,0.0000,0.0000,3.1341,-0.2143,66.9002,0.2085,-0.0576,0.0498
1774945768.5913,0.0000,0.0000,0.0000,0.0000,0.0000,3.1354,-0.2151,52.6027,0.1531,0.0138,0.0435
1774945768.6115,0.0000,0.0000,0.0000,0.0000,0.0000,3.1411,-0.2175,32.2944,0.1766,0.1245,0.0467
1774945768.6314,0.0000,0.0000,0.0000,0.0000,0.0000,-3.1339,-0.2202,12.0734,0.2501,0.0862,0.0403
1774945768.6514,0.0000,0.0000,0.0000,0.0000,0.0000,-3.1264,-0.2233,-27.3460,0.2575,0.0020,0.0648
1774945768.6715,0.0000,0.0000,0.0000,0.0000,0.0000,-3.1182,-0.2235,-47.8510,0.2085,-0.1205,0.0733
1774945768.6913,0.0000,0.0000,0.0000,0.0000,0.0000,-3.1165,-0.2234,-29.6718,0.0743,-0.1705,0.0775
1774945768.7117,0.0000,0.0000,0.0000,0.0000,0.0000,-3.1133,-0.2238,27.3665,0.0253,-0.0704,0.0328
1774945768.7314,0.0000,0.0000,0.0000,0.0000,0.0000,-3.1091,-0.2218,88.0686,0.0445,-0.0704,0.0253
1774945768.7514,0.0000,0.0000,0.0000,0.0000,0.0000,-3.1060,-0.2173,-38.4950,0.0295,-0.0779,0.0381
1774945768.7714,0.0000,0.0000,0.0000,0.0000,0.0000,-3.1061,-0.2137,27.7959,-0.0706,-0.0065,0.0403
1774945768.7914,0.0000,0.0000,0.0000,0.0000,0.0000,-3.1028,-0.2130,6.8770,-0.0269,0.0042,0.0051
1774945768.8113,0.0000,0.0000,0.0000,0.0000,0.0000,-3.0989,-0.2126,0.3461,0.0200,-0.0438,-0.0109
1774945768.8313,0.0000,0.0000,0.0000,0.0000,0.0000,-3.0955,-0.2097,9.1455,0.0146,-0.1311,-0.0119
1774945768.8516,0.0000,0.0000,0.0000,0.0000,0.0000,-3.0983,-0.2082,-20.8714,-0.0152,-0.1854,-0.0130
1774945768.8713,0.0000,0.0000,0.0000,0.0000,0.0000,-3.1003,-0.2096,-31.9400,-0.0589,-0.0832,-0.0311
1774945768.8914,0.0000,0.0000,0.0000,0.0000,0.0000,-3.1017,-0.2103,-19.5969,-0.0855,0.0415,-0.0577
1774945768.9117,0.0000,0.0000,0.0000,0.0000,0.0000,-3.1051,-0.2109,29.7593,-0.1739,0.0905,-0.0173
1774945768.9314,0.0000,0.0000,0.0000,0.0000,0.0000,-3.1076,-0.2083,0.4525,-0.1345,0.0106,0.0317
1774945768.9516,0.0000,0.0000,0.0000,0.0000,0.0000,-3.1085,-0.2059,24.3407,-0.0844,-0.0512,0.0190
1774945768.9713,0.0000,0.0000,0.0000,0.0000,0.0000,-3.1115,-0.2048,54.2482,-0.1622,-0.0800,-0.0109
1774945768.9913,0.0000,0.0000,0.0000,0.0000,0.0000,-3.1150,-0.2049,31.9788,-0.2538,-0.0683,-0.0439
1774945769.0113,0.0000,0.0000,0.0000,0.0000,0.0000,-3.1176,-0.2070,-17.1042,-0.1963,-0.0161,-0.0247
1774945769.0313,0.0000,0.0000,0.0000,0.0000,0.0000,-3.1176,-0.2105,-23.4776,-0.0685,0.0436,-0.0034
1774945769.0513,0.0000,0.0000,0.0000,0.0000,0.0000,-3.1194,-0.2140,3.7042,-0.0173,0.0351,0.0179
1774945769.0714,0.0000,0.0000,0.0000,0.0000,0.0000,-3.1250,-0.2138,-40.2093,-0.1121,-0.0747,0.0062
1774945769.0915,0.0000,0.0000,0.0000,0.0000,0.0000,-3.1299,-0.2132,6.4097,-0.1249,-0.1364,-0.0237
1774945769.1114,0.0000,0.0000,0.0000,0.0000,0.0000,-3.1320,-0.2120,-36.1683,-0.0397,-0.0363,-0.0332
1774945769.1314,0.0000,0.0000,0.0000,0.0000,0.0000,-3.1307,-0.2128,11.3040,0.0072,0.0574,-0.0514
1774945769.1513,0.0000,0.0000,0.0000,0.0000,0.0000,-3.1328,-0.2141,28.0923,-0.0333,0.1139,-0.0631
1774945769.1713,0.0000,0.0000,0.0000,0.0000,0.0000,-3.1345,-0.2106,40.5262,-0.1260,-0.0320,-0.0759
1774945769.1914,0.0000,0.0000,0.0000,0.0000,0.0000,-3.1390,-0.2076,19.9019,-0.2900,-0.0043,-0.0791
1774945769.2113,0.0000,0.0000,0.0000,0.0000,0.0000,3.1413,-0.2116,67.5293,-0.2304,0.2140,-0.0471
1774945769.2314,0.0000,0.0000,0.0000,0.0000,0.0000,-3.1408,-0.2148,29.9302,-0.0216,0.1725,-0.0354
1774945769.2514,0.0000,0.0000,0.0000,0.0000,0.0000,-3.1400,-0.2126,-61.6632,0.0178,-0.0491,-0.0269
1774945769.2715,0.0000,0.0000,0.0000,0.0000,0.0000,-3.1406,-0.2101,-23.7191,0.0817,-0.1545,-0.0364
1774945769.2913,0.0000,0.0000,0.0000,0.0000,0.0000,3.1400,-0.2071,25.7911,0.0626,-0.1354,-0.0066
1774945769.3114,0.0000,0.0000,0.0000,0.0000,0.0000,3.1372,-0.2062,-75.5097,0.0370,-0.0225,0.0062
1774945769.3314,0.0000,0.0000,0.0000,0.0000,0.0000,3.1346,-0.2063,-5.8955,0.0722,0.0244,0.0296
1774945769.3517,0.0000,0.0000,0.0000,0.0000,0.0000,3.1340,-0.2044,27.6210,0.1957,-0.0331,0.0381
1774945769.3716,0.0000,0.0000,0.0000,0.0000,0.0000,3.1373,-0.2008,-13.7617,0.2948,-0.0992,0.0349
1774945769.3916,0.0000,0.0000,0.0000,0.0000,0.0000,3.1396,-0.2001,4.5177,0.2522,-0.0502,0.0445
1774945769.4113,0.0000,0.0000,0.0000,0.0000,0.0000,-3.1408,-0.2020,-44.7917,0.2298,0.0447,0.0424
1774945769.4314,0.0000,0.0000,0.0000,0.0000,0.0000,-3.1405,-0.2025,-29.0715,0.1201,0.0479,0.0530
1774945769.4518,0.0000,0.0000,0.0000,0.0000,0.0000,-3.1339,-0.2033,-8.2408,0.1169,0.0170,0.0616
1774945769.4714,0.0000,0.0000,0.0000,0.0000,0.0000,-3.1271,-0.2049,-21.7503,0.1371,0.0702,0.0509
1774945769.4913,0.0000,0.0000,0.0000,0.0000,0.0000,-3.1210,-0.2086,-9.2957,0.1084,0.1522,0.0371
1774945769.5132,0.0000,0.0000,0.0000,0.0000,0.0000,-3.1153,-0.2121,1.9325,0.0860,0.1895,0.0126
1774945769.5313,0.0000,0.0000,0.0000,0.0000,0.0000,-3.1116,-0.2119,10.1684,0.0402,0.0649,-0.0173
1774945769.5514,0.0000,0.0000,0.0000,0.0000,0.0000,-3.1073,-0.2096,-84.3897,0.1031,-0.0384,-0.0311
1774945769.5713,0.0000,0.0000,0.0000,0.0000,0.0000,-3.1017,-0.2106,23.8612,0.2245,-0.0299,-0.0556
1774945769.5912,0.0000,0.0000,0.0000,0.0000,0.0000,-3.0977,-0.2075,71.5986,0.2746,-0.1162,-0.0428
1774945769.6116,0.0000,0.0000,0.0000,0.0000,0.0000,-3.0967,-0.2048,20.5417,0.2533,-0.1854,-0.0237
1774945769.6315,0.0000,0.0000,0.0000,0.0000,0.0000,-3.0965,-0.1977,-8.9364,0.1723,-0.3143,0.0168
1774945769.6515,0.0000,0.0000,0.0000,0.0000,0.0000,-3.0980,-0.1922,-1.9738,0.0732,-0.2877,0.0712
1774945769.6714,0.0000,0.0000,0.0000,0.0000,0.0000,-3.1002,-0.1925,2.3880,-0.0599,-0.0075,0.1020
1774945769.6912,0.0000,0.0000,0.0000,0.0000,0.0000,-3.0984,-0.1962,-35.2230,-0.0738,0.2449,0.0807
1774945769.7122,0.0000,0.0000,0.0000,0.0000,0.0000,-3.0955,-0.2004,53.6976,-0.0290,0.2556,0.0445
1774945769.7314,0.0000,0.0000,0.0000,0.0000,0.0000,-3.0926,-0.2015,38.1406,-0.0567,0.0745,-0.0024
1774945769.7514,0.0000,0.0000,0.0000,0.0000,0.0000,-3.0914,-0.2006,-86.1320,-0.1537,-0.0086,-0.0460
1774945769.7713,0.0000,0.0000,0.0000,0.0000,0.0000,-3.0918,-0.1987,24.0573,-0.2549,-0.0491,-0.0418
1774945769.7914,0.0000,0.0000,0.0000,0.0000,0.0000,-3.0926,-0.1970,0.0000,-0.2229,-0.0768,-0.0407
1774945769.8114,0.0000,0.0000,0.0000,0.0000,0.0000,-3.0915,-0.1971,-89.4665,-0.0844,0.0500,-0.0545
1774945769.8313,0.0000,0.0000,0.0000,0.0000,0.0000,-3.0956,-0.1997,0.0000,-0.0099,0.1618,-0.0471
1774945769.8513,0.0000,0.0000,0.0000,0.0000,0.0000,-3.1005,-0.2017,0.0000,-0.0567,0.1821,-0.0407
1774945769.8715,0.0000,0.0000,0.0000,0.0000,0.0000,-3.1066,-0.2064,0.0000,-0.1196,0.2204,-0.0407
1774945769.8914,0.0000,0.0000,0.0000,0.0000,0.0000,-3.1125,-0.2084,0.0000,-0.0908,0.1736,-0.0343
1774945769.9116,0.0000,0.0000,0.0000,0.0000,0.0000,-3.1169,-0.2092,0.0000,-0.0109,0.0564,-0.0109
1774945769.9319,0.0000,0.0000,0.0000,0.0000,0.0000,-3.1184,-0.2075,0.0000,0.0487,-0.0374,0.0094
1774945769.9521,0.0000,0.0000,0.0000,0.0000,0.0000,-3.1204,-0.2050,5.1319,0.0402,-0.1045,0.0221
1774945769.9717,0.0000,0.0000,0.0000,0.0000,0.0000,-3.1202,-0.2032,0.0000,0.0295,-0.1428,0.0392
1774945769.9917,0.0000,0.0000,0.0000,0.0000,0.0000,-3.1161,-0.2033,0.0000,0.0722,-0.1162,0.0541
1774945770.0113,0.0000,0.0000,0.0000,0.0000,0.0000,-3.1108,-0.2023,0.0000,0.1318,-0.0715,0.0552
1774945770.0314,0.0000,0.0000,0.0000,0.0000,0.0000,-3.1079,-0.1976,0.0000,0.0849,-0.1045,0.0498
1774945770.0512,0.0000,0.0000,0.0000,0.0000,0.0000,-3.1084,-0.1973,0.0000,0.0285,-0.1077,0.0328
1774945770.0713,0.0000,0.0000,0.0000,0.0000,0.0000,-3.1047,-0.1959,0.0000,-0.0024,-0.0502,0.0104
1774945770.0913,0.0000,0.0000,0.0000,0.0000,0.0000,-3.1004,-0.1957,0.0000,0.0391,-0.0129,-0.0098
1774945770.1121,0.0000,0.0000,0.0000,0.0000,0.0000,-3.0950,-0.1951,0.0000,0.1084,0.0489,-0.0194
1774945770.1315,0.0000,0.0000,0.0000,0.0000,0.0000,-3.0953,-0.1943,0.0000,0.1105,0.0713,-0.0237
1774945770.1514,0.0000,0.0000,0.0000,0.0000,0.0000,-3.0978,-0.1944,0.0000,0.0445,0.0489,-0.0034
1774945770.1715,0.0000,0.0000,0.0000,0.0000,0.0000,-3.1014,-0.1955,-29.1357,0.0146,0.0447,0.0040
1774945770.1913,0.0000,0.0000,0.0000,0.0000,0.0000,-3.1030,-0.1969,-56.0606,0.0306,0.0265,0.0179
1774945770.2115,0.0000,0.0000,0.0000,0.0000,0.0000,-3.1011,-0.1989,-41.5531,0.0445,0.0372,0.0371
1774945770.2314,0.0000,0.0000,0.0000,0.0000,0.0000,-3.1000,-0.1973,0.0000,0.0413,0.0457,0.0360
1774945770.2515,0.0000,0.0000,0.0000,0.0000,0.0000,-3.0992,-0.1971,11.2393,-0.0322,0.0958,0.0253
1774945770.2791,0.0000,0.0000,0.0000,0.0000,0.0000,-3.0979,-0.2009,30.1006,-0.0727,0.1767,0.0040
1774945770.2914,0.0000,0.0000,0.0000,0.0000,0.0000,-3.0962,-0.2032,89.5408,-0.1089,0.1459,-0.0045
1774945770.3115,0.0000,0.0000,0.0000,0.0000,0.0000,-3.0946,-0.2048,46.8635,-0.0834,0.0724,-0.0141
1774945770.3315,0.0000,0.0000,0.0000,0.0000,0.0000,-3.0934,-0.2083,26.0152,-0.0887,0.0510,-0.0077
1774945770.3537,0.0000,0.0000,0.0000,0.0000,0.0000,-3.0925,-0.2120,-1.5093,-0.0503,0.0223,-0.0087
1774945770.3713,0.0000,0.0000,0.0000,0.0000,0.0000,-3.0909,-0.2157,-43.7494,0.0072,0.0500,-0.0194
1774945770.3914,0.0000,0.0000,0.0000,0.0000,0.0000,-3.0933,-0.2187,2.5588,-0.0067,0.0308,-0.0247
1774945770.4112,0.0000,0.0000,0.0000,0.0000,0.0000,-3.0979,-0.2192,-3.9247,-0.0557,-0.0161,-0.0141
1774945770.4313,0.0000,0.0000,0.0000,0.0000,0.0000,-3.1032,-0.2181,30.2305,-0.1036,-0.0661,0.0094
1774945770.4514,0.0000,0.0000,0.0000,0.0000,0.0000,-3.1089,-0.2187,62.2154,-0.1611,-0.0448,0.0200
1774945770.4715,0.0000,0.0000,0.0000,0.0000,0.0000,-3.1121,-0.2189,-10.5050,-0.1963,-0.0129,0.0371
1774945770.4915,0.0000,0.0000,0.0000,0.0000,0.0000,-3.1120,-0.2207,-9.7709,-0.1196,0.0745,0.0573
1774945770.5114,0.0000,0.0000,0.0000,0.0000,0.0000,-3.1087,-0.2245,-3.0342,0.0210,0.1991,0.0988
1774945770.5315,0.0000,0.0000,0.0000,0.0000,0.0000,-3.1062,-0.2286,29.2208,0.1265,0.2300,0.0861
1774945770.5514,0.0000,0.0000,0.0000,0.0000,0.0000,-3.1069,-0.2276,-29.1254,-0.0109,0.0265,-0.0013
1774945770.5714,0.0000,0.0000,0.0000,0.0000,0.0000,-3.1118,-0.2219,26.0484,-0.1558,-0.2312,-0.0386
1774945770.5913,0.0000,0.0000,0.0000,0.0000,0.0000,-3.1139,-0.2119,45.5448,-0.1281,-0.4379,-0.0237
1774945770.6113,0.0000,0.0000,0.0000,0.0000,0.0000,-3.1126,-0.2050,31.2378,-0.0322,-0.3527,-0.0364
1774945770.6313,0.0000,0.0000,0.0000,0.0000,0.0000,-3.1124,-0.2038,59.2988,-0.0312,-0.1141,-0.0130
1774945770.6514,0.0000,0.0000,0.0000,0.0000,0.0000,-3.1155,-0.2060,92.1816,-0.1260,0.0649,-0.0109
1774945770.6712,0.0000,0.0000,0.0000,0.0000,0.0000,-3.1189,-0.2079,21.8735,-0.0940,0.1064,-0.0087
1774945770.6913,0.0000,0.0000,0.0000,0.0000,0.0000,-3.1185,-0.2096,-7.2650,-0.0077,0.0415,0.0062
1774945770.7113,0.0000,0.0000,0.0000,0.0000,0.0000,-3.1207,-0.2089,-39.4325,0.1148,-0.0480,0.0094
1774945770.7313,0.0000,0.0000,0.0000,0.0000,0.0000,-3.1226,-0.2069,-2.6626,0.0892,-0.0874,0.0062
1774945770.7517,0.0000,0.0000,0.0000,0.0000,0.0000,-3.1256,-0.2045,69.0785,0.0530,-0.0885,0.0179
1774945770.7715,0.0000,0.0000,0.0000,0.0000,0.0000,-3.1271,-0.2033,71.8172,0.0775,-0.0917,0.0328
1774945770.7916,0.0000,0.0000,0.0000,0.0000,0.0000,-3.1252,-0.2057,14.8602,0.1425,-0.0278,0.0413
1774945770.8117,0.0000,0.0000,0.0000,0.0000,0.0000,-3.1208,-0.2099,3.0114,0.1776,0.0329,0.0530
1774945770.8312,0.0000,0.0000,0.0000,0.0000,0.0000,-3.1195,-0.2120,-41.7218,0.1201,0.0990,0.0594
1774945770.8512,0.0000,0.0000,0.0000,0.0000,0.0000,-3.1207,-0.2175,-27.3254,-0.0120,0.2407,0.0552
1774945770.8717,0.0000,0.0000,0.0000,0.0000,0.0000,-3.1178,-0.2233,-10.1691,-0.0557,0.3419,0.0605
1774945770.8913,0.0000,0.0000,0.0000,0.0000,0.0000,-3.1133,-0.2294,-58.7360,0.0647,0.3344,0.0477
1774945770.9115,0.0000,0.0000,0.0000,0.0000,0.0000,-3.1088,-0.2330,29.5643,0.1009,0.2417,0.0168
1774945770.9316,0.0000,0.0000,0.0000,0.0000,0.0000,-3.1050,-0.2366,0.7995,0.0935,0.1480,-0.0087
1774945770.9514,0.0000,0.0000,0.0000,0.0000,0.0000,-3.1036,-0.2377,-31.5266,0.0423,0.0393,-0.0226
1774945770.9715,0.0000,0.0000,0.0000,0.0000,0.0000,-3.1041,-0.2373,-54.6844,0.0019,-0.0757,0.0008
1774945770.9913,0.0000,0.0000,0.0000,0.0000,0.0000,-3.1044,-0.2337,-82.5283,0.0019,-0.1844,0.0285
1774945771.0112,0.0000,0.0000,0.0000,0.0000,0.0000,-3.1059,-0.2305,0.3569,-0.0035,-0.2004,0.0445
1774945771.0316,0.0000,0.0000,0.0000,0.0000,0.0000,-3.1050,-0.2281,54.1029,0.0210,-0.1918,0.0456
1774945771.0513,0.0000,0.0000,0.0000,0.0000,0.0000,-3.1031,-0.2239,71.9395,0.0061,-0.2067,0.0360
1774945771.0713,0.0000,0.0000,0.0000,0.0000,0.0000,-3.0986,-0.2194,-7.3256,0.0636,-0.2142,-0.0013
1774945771.0913,0.0000,0.0000,0.0000,0.0000,0.0000,-3.0930,-0.2155,25.9804,0.1094,-0.2099,-0.0258
1774945771.1114,0.0000,0.0000,0.0000,0.0000,0.0000,-3.0899,-0.2084,-47.4927,0.1073,-0.2941,-0.0950
1774945771.1313,0.0000,0.0000,0.0000,0.0000,0.0000,-3.0861,-0.2058,-176.7132,0.1691,-0.1844,-0.1888
1774945771.1525,0.0000,0.0000,0.0000,0.0000,0.0000,-3.0854,-0.2055,51.2661,0.1627,-0.0651,-0.2324
1774945771.1713,0.0000,0.0000,0.0000,0.0000,0.0000,-3.0881,-0.2057,98.4903,0.0423,0.0116,-0.2101
1774945771.1912,0.0000,0.0000,0.0000,0.0000,0.0000,-3.0902,-0.2092,-20.6394,0.0104,0.1075,-0.1749
1774945771.2112,0.0000,0.0000,0.0000,0.0000,0.0000,-3.0907,-0.2100,-1.7129,0.0072,0.1064,-0.1227
1774945771.2316,0.0000,0.0000,0.0000,0.0000,0.0000,-3.0904,-0.2139,-47.0850,-0.0663,0.0830,-0.0950
1774945771.2526,0.0000,0.0000,0.0000,0.0000,0.0000,-3.0909,-0.2188,-5.0235,-0.1494,0.1448,-0.1067
1774945771.2719,0.0000,0.0000,0.0000,0.0000,0.0000,-3.0905,-0.2216,-33.3478,-0.1164,0.1565,-0.1195
1774945771.2914,0.0000,0.0000,0.0000,0.0000,0.0000,-3.0885,-0.2224,-59.7402,-0.0195,0.0585,-0.1249
1774945771.3114,0.0000,0.0000,0.0000,0.0000,0.0000,-3.0866,-0.2238,-10.4245,0.0104,0.1000,-0.1238
1774945771.3313,0.0000,0.0000,0.0000,0.0000,0.0000,-3.0892,-0.2246,29.7229,-0.0408,0.1501,-0.1366
1774945771.3515,0.0000,0.0000,0.0000,0.0000,0.0000,-3.0947,-0.2258,-36.5204,-0.1313,0.1746,-0.1557
1774945771.3715,0.0000,0.0000,0.0000,0.0000,0.0000,-3.0985,-0.2276,-8.2890,-0.1856,0.1576,-0.1462
1774945771.3913,0.0000,0.0000,0.0000,0.0000,0.0000,-3.0996,-0.2281,52.0500,-0.0898,0.0649,-0.1195
1774945771.4114,0.0000,0.0000,0.0000,0.0000,0.0000,-3.1010,-0.2294,68.0723,0.0019,-0.0374,-0.0876
1774945771.4313,0.0000,0.0000,0.0000,0.0000,0.0000,-3.1020,-0.2260,-48.4584,0.1222,-0.2025,-0.0332
1774945771.4514,0.0000,0.0000,0.0000,0.0000,0.0000,-3.1044,-0.2252,-100.9861,0.0327,-0.1077,0.0360
1774945771.4713,0.0000,0.0000,0.0000,0.0000,0.0000,-3.1093,-0.2256,-95.8600,-0.1132,0.0340,0.1116
1774945771.4913,0.0000,0.0000,0.0000,0.0000,0.0000,-3.1128,-0.2283,45.2101,-0.1505,0.0862,0.1010
1774945771.5114,0.0000,0.0000,0.0000,0.0000,0.0000,-3.1109,-0.2290,27.4245,-0.1100,0.0596,0.0743
1774945771.5313,0.0000,0.0000,0.0000,0.0000,0.0000,-3.1076,-0.2311,-1.6078,-0.0386,0.0617,0.0349
1774945771.5520,0.0000,0.0000,0.0000,0.0000,0.0000,-3.1085,-0.2318,40.7017,-0.0748,0.0255,0.0243
1774945771.5713,0.0000,0.0000,0.0000,0.0000,0.0000,-3.1115,-0.2308,74.8699,-0.1239,-0.0246,0.0062
1774945771.5914,0.0000,0.0000,0.0000,0.0000,0.0000,-3.1093,-0.2312,-30.9192,-0.0109,-0.0118,-0.0024
1774945771.6113,0.0000,0.0000,0.0000,0.0000,0.0000,-3.1077,-0.2328,77.8221,0.0615,0.0180,-0.0087
1774945771.6314,0.0000,0.0000,0.0000,0.0000,0.0000,-3.1055,-0.2331,-90.5400,0.1371,-0.0374,0.0019
1774945771.6514,0.0000,0.0000,0.0000,0.0000,0.0000,-3.1067,-0.2309,-60.2893,0.0967,-0.0906,-0.0066
1774945771.6713,0.0000,0.0000,0.0000,0.0000,0.0000,-3.1095,-0.2284,-28.3481,0.0157,-0.0629,0.0126
1774945771.6913,0.0000,0.0000,0.0000,0.0000,0.0000,-3.1127,-0.2256,-11.6310,-0.0642,-0.0288,0.0445
1774945771.7113,0.0000,0.0000,0.0000,0.0000,0.0000,-3.1108,-0.2223,-4.4294,-0.0248,-0.0715,0.0616
1774945771.7315,0.0000,0.0000,0.0000,0.0000,0.0000,-3.1078,-0.2183,-21.9034,-0.0088,-0.1247,0.0690
1774945771.7514,0.0000,0.0000,0.0000,0.0000,0.0000,-3.1060,-0.2164,13.2560,-0.0653,-0.1247,0.0488
1774945771.7712,0.0000,0.0000,0.0000,0.0000,0.0000,-3.1052,-0.2171,-33.9515,-0.1430,-0.0512,0.0243
1774945771.7913,0.0000,0.0000,0.0000,0.0000,0.0000,-3.1045,-0.2196,-25.4502,-0.1345,0.0596,0.0083
1774945771.8113,0.0000,0.0000,0.0000,0.0000,0.0000,-3.1035,-0.2238,-1.0424,-0.1249,0.1235,-0.0002
1774945771.8313,0.0000,0.0000,0.0000,0.0000,0.0000,-3.1062,-0.2260,-3.7114,-0.1345,0.1299,-0.0119
1774945771.8513,0.0000,0.0000,0.0000,0.0000,0.0000,-3.1125,-0.2275,4.7053,-0.1473,0.1267,-0.0162
1774945771.8713,0.0000,0.0000,0.0000,0.0000,0.0000,-3.1159,-0.2305,54.8379,-0.1430,0.1064,-0.0087
1774945771.8913,0.0000,0.0000,0.0000,0.0000,0.0000,-3.1177,-0.2328,30.5862,-0.0557,0.0670,-0.0119
1774945771.9114,0.0000,0.0000,0.0000,0.0000,0.0000,-3.1207,-0.2360,-10.7374,-0.0408,0.0638,-0.0066
1774945771.9313,0.0000,0.0000,0.0000,0.0000,0.0000,-3.1252,-0.2383,-1.6392,-0.0440,0.0564,0.0168
1774945771.9516,0.0000,0.0000,0.0000,0.0000,0.0000,-3.1283,-0.2387,2.4434,0.0061,0.0095,0.0339
1774945771.9714,0.0000,0.0000,0.0000,0.0000,0.0000,-3.1313,-0.2384,4.2780,0.0061,0.0127,0.0573
1774945771.9913,0.0000,0.0000,0.0000,0.0000,0.0000,-3.1345,-0.2371,15.2073,-0.0088,-0.0320,0.0701
1774945772.0114,0.0000,0.0000,0.0000,0.0000,0.0000,-3.1365,-0.2329,-6.8792,-0.0195,-0.1620,0.0541
1774945772.0313,0.0000,0.0000,0.0000,0.0000,0.0000,-3.1336,-0.2288,13.4661,0.0200,-0.2547,0.0381
1774945772.0515,0.0000,0.0000,0.0000,0.0000,0.0000,-3.1299,-0.2243,-15.5876,0.0722,-0.3069,0.0264
1774945772.0715,0.0000,0.0000,0.0000,0.0000,0.0000,-3.1260,-0.2204,-1.0356,0.0945,-0.3271,0.0083
1774945772.0913,0.0000,0.0000,0.0000,0.0000,0.0000,-3.1224,-0.2187,-51.4190,0.1180,-0.2312,0.0030
1774945772.1113,0.0000,0.0000,0.0000,0.0000,0.0000,-3.1221,-0.2196,35.9628,0.0658,-0.0597,0.0115
1774945772.1313,0.0000,0.0000,0.0000,0.0000,0.0000,-3.1235,-0.2173,40.3569,0.0114,-0.0097,0.0190
1774945772.1517,0.0000,0.0000,0.0000,0.0000,0.0000,-3.1233,-0.2129,45.5413,0.0061,-0.0970,0.0285
1774945772.1714,0.0000,0.0000,0.0000,0.0000,0.0000,-3.1210,-0.2078,34.4164,0.0498,-0.1727,0.0147
1774945772.1913,0.0000,0.0000,0.0000,0.0000,0.0000,-3.1211,-0.2058,7.1806,0.0509,-0.1854,0.0126
1774945772.2114,0.0000,0.0000,0.0000,0.0000,0.0000,-3.1203,-0.2067,-27.6328,0.0519,-0.0885,0.0136
1774945772.2314,0.0000,0.0000,0.0000,0.0000,0.0000,-3.1196,-0.2101,-7.8341,0.0423,0.0500,0.0296
1774945772.2514,0.0000,0.0000,0.0000,0.0000,0.0000,-3.1179,-0.2161,10.2722,0.0423,0.1672,0.0307
1774945772.2714,0.0000,0.0000,0.0000,0.0000,0.0000,-3.1185,-0.2230,13.1924,0.0104,0.2172,0.0264
1774945772.2917,0.0000,0.0000,0.0000,0.0000,0.0000,-3.1192,-0.2269,-25.1310,-0.0077,0.1416,0.0072
1774945772.3115,0.0000,0.0000,0.0000,0.0000,0.0000,-3.1201,-0.2236,14.3490,-0.0589,-0.0161,-0.0013
1774945772.3316,0.0000,0.0000,0.0000,0.0000,0.0000,-3.1224,-0.2196,77.4627,-0.0834,-0.0810,0.0072
1774945772.3527,0.0000,0.0000,0.0000,0.0000,0.0000,-3.1193,-0.2182,0.0000,0.0104,-0.0267,0.0126
1774945772.3717,0.0000,0.0000,0.0000,0.0000,0.0000,-3.1180,-0.2167,0.0000,0.0572,0.0894,0.0136
1774945772.3913,0.0000,0.0000,0.0000,0.0000,0.0000,-3.1214,-0.2183,0.0000,-0.0503,0.1373,0.0168
1774945772.4114,0.0000,0.0000,0.0000,0.0000,0.0000,-3.1226,-0.2159,0.0000,-0.0887,0.0255,0.0083
1774945772.4313,0.0000,0.0000,0.0000,0.0000,0.0000,-3.1241,-0.2171,0.0000,-0.0653,-0.0661,0.0008
1774945772.4528,0.0000,0.0000,0.0000,0.0000,0.0000,-3.1294,-0.2166,0.0000,-0.0791,-0.0448,0.0115
1774945772.4713,0.0000,0.0000,0.0000,0.0000,0.0000,-3.1346,-0.2160,0.0000,-0.0993,0.0084,0.0104
1774945772.4913,0.0000,0.0000,0.0000,0.0000,0.0000,-3.1365,-0.2174,0.0000,-0.1121,-0.0203,0.0072
1774945772.5114,0.0000,0.0000,0.0000,0.0000,0.0000,-3.1347,-0.2158,0.0000,-0.0717,-0.0544,0.0040
1774945772.5314,0.0000,0.0000,0.0000,0.0000,0.0000,-3.1332,-0.2117,0.0000,-0.0589,-0.0821,-0.0077
1774945772.5512,0.0000,0.0000,0.0000,0.0000,0.0000,-3.1330,-0.2102,0.0000,-0.1260,-0.0661,-0.0215
1774945772.5713,0.0000,0.0000,0.0000,0.0000,0.0000,-3.1342,-0.2129,0.0000,-0.1207,-0.0395,-0.0290
1774945772.5913,0.0000,0.0000,0.0000,0.0000,0.0000,-3.1345,-0.2151,0.0000,-0.0834,-0.0789,-0.0098
1774945772.6114,0.0000,0.0000,0.0000,0.0000,0.0000,-3.1323,-0.2106,0.0000,0.0168,-0.1109,-0.0215
1774945772.6313,0.0000,0.0000,0.0000,0.0000,0.0000,-3.1344,-0.2065,0.0000,0.0125,-0.0438,-0.0237
1774945772.6515,0.0000,0.0000,0.0000,0.0000,0.0000,-3.1388,-0.2061,0.0000,-0.0376,0.0479,-0.0055
1774945772.6716,0.0000,0.0000,0.0000,0.0000,0.0000,3.1399,-0.2081,0.0000,-0.0131,0.0830,-0.0109
1774945772.6912,0.0000,0.0000,0.0000,0.0000,0.0000,3.1394,-0.2061,0.0000,0.0626,0.0404,-0.0183
1774945772.7115,0.0000,0.0000,0.0000,0.0000,0.0000,3.1378,-0.2058,55.9759,0.0636,0.0255,-0.0002
1774945772.7314,0.0000,0.0000,0.0000,0.0000,0.0000,3.1349,-0.2058,0.0000,0.0477,0.0542,0.0104
1774945772.7513,0.0000,0.0000,0.0000,0.0000,0.0000,3.1325,-0.2058,-20.4742,0.0082,0.0862,0.0179
1774945772.7714,0.0000,0.0000,0.0000,0.0000,0.0000,3.1353,-0.2084,0.0000,-0.0173,0.1043,0.0104
1774945772.7915,0.0000,0.0000,0.0000,0.0000,0.0000,3.1386,-0.2106,36.5467,-0.0195,0.1533,0.0083
1774945772.8114,0.0000,0.0000,0.0000,0.0000,0.0000,-3.1412,-0.2136,0.6924,-0.0354,0.1949,-0.0077
1774945772.8314,0.0000,0.0000,0.0000,0.0000,0.0000,-3.1385,-0.2172,-52.5010,-0.0472,0.1767,-0.0162
1774945772.8517,0.0000,0.0000,0.0000,0.0000,0.0000,-3.1366,-0.2204,-42.2970,-0.0429,0.1395,0.0008
1774945772.8717,0.0000,0.0000,0.0000,0.0000,0.0000,-3.1349,-0.2198,18.5318,0.0679,0.0170,0.0051
1774945772.8914,0.0000,0.0000,0.0000,0.0000,0.0000,-3.1357,-0.2183,5.1025,0.1212,-0.0523,0.0094
1774945772.9115,0.0000,0.0000,0.0000,0.0000,0.0000,-3.1376,-0.2179,5.5208,0.0828,-0.0033,0.0040
1774945772.9314,0.0000,0.0000,0.0000,0.0000,0.0000,-3.1397,-0.2177,14.3598,0.0828,0.0361,0.0008
1774945772.9527,0.0000,0.0000,0.0000,0.0000,0.0000,-3.1369,-0.2171,14.0000,0.1361,0.0617,-0.0077
1774945772.9717,0.0000,0.0000,0.0000,0.0000,0.0000,-3.1357,-0.2173,-41.5151,0.1723,0.0628,-0.0045
1774945772.9913,0.0000,0.0000,0.0000,0.0000,0.0000,-3.1355,-0.2183,1.8487,0.1606,0.0638,0.0094
1774945773.0114,0.0000,0.0000,0.0000,0.0000,0.0000,-3.1348,-0.2184,44.3453,0.1552,0.0244,0.0221
1774945773.0314,0.0000,0.0000,0.0000,0.0000,0.0000,-3.1322,-0.2178,48.9399,0.1222,-0.0043,0.0200
1774945773.0513,0.0000,0.0000,0.0000,0.0000,0.0000,-3.1317,-0.2180,-3.3531,0.0743,0.0276,0.0275
1774945773.0719,0.0000,0.0000,0.0000,0.0000,0.0000,-3.1288,-0.2204,-21.4299,0.0029,0.0809,0.0200
1774945773.0914,0.0000,0.0000,0.0000,0.0000,0.0000,-3.1246,-0.2221,-7.0901,0.0232,0.0841,-0.0173
1774945773.1114,0.0000,0.0000,0.0000,0.0000,0.0000,-3.1203,-0.2218,16.6911,0.0146,-0.0214,-0.0269
1774945773.1313,0.0000,0.0000,0.0000,0.0000,0.0000,-3.1167,-0.2190,-29.3147,0.0455,-0.1173,-0.0066
1774945773.1516,0.0000,0.0000,0.0000,0.0000,0.0000,-3.1166,-0.2146,-40.2970,0.0509,-0.1471,0.0104
1774945773.1717,0.0000,0.0000,0.0000,0.0000,0.0000,-3.1181,-0.2136,46.8516,0.0104,-0.1290,-0.0002
1774945773.1912,0.0000,0.0000,0.0000,0.0000,0.0000,-3.1229,-0.2116,-20.6577,-0.1153,-0.0651,-0.0109
1774945773.2119,0.0000,0.0000,0.0000,0.0000,0.0000,-3.1250,-0.2112,6.5374,-0.1515,-0.0075,-0.0024
1774945773.2317,0.0000,0.0000,0.0000,0.0000,0.0000,-3.1235,-0.2124,62.7626,-0.1015,0.0905,-0.0226
1774945773.2514,0.0000,0.0000,0.0000,0.0000,0.0000,-3.1225,-0.2138,37.0706,-0.1025,0.0883,-0.0269
1774945773.2714,0.0000,0.0000,0.0000,0.0000,0.0000,-3.1237,-0.2176,19.4686,-0.1537,0.0468,-0.0226
1774945773.2913,0.0000,0.0000,0.0000,0.0000,0.0000,-3.1240,-0.2205,3.0224,-0.1494,0.0042,-0.0066
1774945773.3118,0.0000,0.0000,0.0000,0.0000,0.0000,-3.1267,-0.2231,-3.4714,-0.1164,-0.0502,0.0040
1774945773.3314,0.0000,0.0000,0.0000,0.0000,0.0000,-3.1319,-0.2235,-61.8282,-0.1430,-0.0491,0.0008
1774945773.3514,0.0000,0.0000,0.0000,0.0000,0.0000,-3.1371,-0.2256,3.4752,-0.1579,0.0180,0.0040
1774945773.3714,0.0000,0.0000,0.0000,0.0000,0.0000,-3.1377,-0.2293,23.9046,-0.0855,0.0830,-0.0045
1774945773.3913,0.0000,0.0000,0.0000,0.0000,0.0000,-3.1390,-0.2301,51.1785,-0.0429,0.0468,-0.0205
1774945773.4113,0.0000,0.0000,0.0000,0.0000,0.0000,3.1414,-0.2290,49.9868,0.0040,-0.0150,-0.0215
1774945773.4314,0.0000,0.0000,0.0000,0.0000,0.0000,3.1389,-0.2281,27.1745,0.0871,-0.0736,-0.0024
1774945773.4514,0.0000,0.0000,0.0000,0.0000,0.0000,3.1367,-0.2268,9.1207,0.0839,-0.1013,0.0200
1774945773.4714,0.0000,0.0000,0.0000,0.0000,0.0000,3.1335,-0.2238,5.8410,-0.0035,-0.1471,0.0509
1774945773.4916,0.0000,0.0000,0.0000,0.0000,0.0000,3.1294,-0.2218,-7.4817,-0.0376,-0.1077,0.0658
1774945773.5115,0.0000,0.0000,0.0000,0.0000,0.0000,3.1327,-0.2221,-29.3831,-0.0237,0.0106,0.0530
1774945773.5315,0.0000,0.0000,0.0000,0.0000,0.0000,3.1373,-0.2235,1.4130,0.0466,0.0862,0.0392
1774945773.5514,0.0000,0.0000,0.0000,0.0000,0.0000,-3.1408,-0.2256,1.7699,0.0615,0.0787,0.0190
1774945773.5714,0.0000,0.0000,0.0000,0.0000,0.0000,-3.1366,-0.2271,-29.4965,0.0540,0.0361,0.0040
1774945773.5913,0.0000,0.0000,0.0000,0.0000,0.0000,-3.1373,-0.2290,-39.0926,0.0413,-0.0171,0.0040
1774945773.6115,0.0000,0.0000,0.0000,0.0000,0.0000,-3.1386,-0.2288,3.6050,0.0285,-0.0768,0.0200
1774945773.6313,0.0000,0.0000,0.0000,0.0000,0.0000,-3.1371,-0.2273,-9.8871,0.0711,-0.1205,0.0147
1774945773.6514,0.0000,0.0000,0.0000,0.0000,0.0000,-3.1331,-0.2268,8.0078,0.1222,-0.0981,0.0104
1774945773.6713,0.0000,0.0000,0.0000,0.0000,0.0000,-3.1335,-0.2282,55.1357,0.0785,-0.0267,0.0221
1774945773.6915,0.0000,0.0000,0.0000,0.0000,0.0000,-3.1355,-0.2279,-6.1064,0.0530,-0.0001,0.0190
1774945773.7113,0.0000,0.0000,0.0000,0.0000,0.0000,-3.1361,-0.2267,29.7222,0.0189,-0.0171,0.0307
1774945773.7317,0.0000,0.0000,0.0000,0.0000,0.0000,-3.1360,-0.2252,30.1653,0.0413,-0.0267,0.0360
1774945773.7514,0.0000,0.0000,0.0000,0.0000,0.0000,-3.1359,-0.2228,-20.7164,0.0402,-0.0320,0.0381
1774945773.7714,0.0000,0.0000,0.0000,0.0000,0.0000,-3.1344,-0.2190,-3.5893,0.0562,-0.0512,0.0360
1774945773.7914,0.0000,0.0000,0.0000,0.0000,0.0000,-3.1309,-0.2161,36.5138,0.0626,-0.0288,0.0392
1774945773.8115,0.0000,0.0000,0.0000,0.0000,0.0000,-3.1274,-0.2145,-26.1602,0.0572,0.0170,0.0339
1774945773.8314,0.0000,0.0000,0.0000,0.0000,0.0000,-3.1255,-0.2167,-5.3484,0.0551,0.0798,0.0317
1774945773.8520,0.0000,0.0000,0.0000,0.0000,0.0000,-3.1235,-0.2208,6.3060,0.0540,0.0969,0.0307
1774945773.8713,0.0000,0.0000,0.0000,0.0000,0.0000,-3.1232,-0.2225,-26.0320,0.0519,0.0798,0.0445
1774945773.8913,0.0000,0.0000,0.0000,0.0000,0.0000,-3.1248,-0.2218,-3.0585,0.0082,0.0479,0.0424
1774945773.9123,0.0000,0.0000,0.0000,0.0000,0.0000,-3.1229,-0.2238,21.9807,-0.0578,0.0415,0.0275
1774945773.9314,0.0000,0.0000,0.0000,0.0000,0.0000,-3.1217,-0.2245,-31.5290,-0.0642,-0.0235,0.0392
1774945773.9514,0.0000,0.0000,0.0000,0.0000,0.0000,-3.1188,-0.2249,-21.1281,-0.0216,-0.0608,0.0307
1774945773.9714,0.0000,0.0000,0.0000,0.0000,0.0000,-3.1170,-0.2240,-15.2093,-0.0290,-0.0597,0.0435
1774945773.9913,0.0000,0.0000,0.0000,0.0000,0.0000,-3.1170,-0.2237,-54.8808,-0.0514,-0.0491,0.0328
1774945774.0146,0.0000,0.0000,0.0000,0.0000,0.0000,-3.1180,-0.2231,-19.1649,-0.0461,-0.0576,0.0094
1774945774.0315,0.0000,0.0000,0.0000,0.0000,0.0000,-3.1204,-0.2210,27.5192,-0.1015,-0.0832,-0.0045
1774945774.0516,0.0000,0.0000,0.0000,0.0000,0.0000,-3.1214,-0.2164,34.5050,-0.1217,-0.1066,-0.0013
1774945774.0715,0.0000,0.0000,0.0000,0.0000,0.0000,-3.1201,-0.2143,14.7519,-0.1057,-0.1407,-0.0151
1774945774.0914,0.0000,0.0000,0.0000,0.0000,0.0000,-3.1190,-0.2142,1.1921,-0.0834,-0.1024,-0.0279
1774945774.1114,0.0000,0.0000,0.0000,0.0000,0.0000,-3.1195,-0.2150,-18.3534,-0.0876,0.0276,-0.0322
1774945774.1317,0.0000,0.0000,0.0000,0.0000,0.0000,-3.1254,-0.2170,-0.7174,-0.1334,0.1384,-0.0226
1774945774.1515,0.0000,0.0000,0.0000,0.0000,0.0000,-3.1261,-0.2211,7.5757,-0.1239,0.2066,-0.0247
1774945774.1715,0.0000,0.0000,0.0000,0.0000,0.0000,-3.1280,-0.2226,-4.3996,-0.0834,0.1672,-0.0258
1774945774.1914,0.0000,0.0000,0.0000,0.0000,0.0000,-3.1302,-0.2209,-8.9804,-0.0525,0.0095,-0.0098
1774945774.2114,0.0000,0.0000,0.0000,0.0000,0.0000,-3.1334,-0.2189,-36.1844,-0.0067,-0.1077,-0.0098
1774945774.2314,0.0000,0.0000,0.0000,0.0000,0.0000,-3.1369,-0.2164,32.5318,0.0615,-0.1332,-0.0002
1774945774.2514,0.0000,0.0000,0.0000,0.0000,0.0000,-3.1393,-0.2166,10.9626,0.0509,-0.0246,0.0104
1774945774.2714,0.0000,0.0000,0.0000,0.0000,0.0000,3.1406,-0.2180,-32.6324,0.0327,0.0628,0.0126
1774945774.2913,0.0000,0.0000,0.0000,0.0000,0.0000,3.1382,-0.2202,-34.6996,0.0402,0.0830,0.0083
1774945774.3122,0.0000,0.0000,0.0000,0.0000,0.0000,3.1364,-0.2195,-52.1845,0.0061,0.0020,0.0168
1774945774.3316,0.0000,0.0000,0.0000,0.0000,0.0000,3.1373,-0.2179,-22.9356,-0.0258,-0.0715,0.0360
1774945774.3514,0.0000,0.0000,0.0000,0.0000,0.0000,3.1392,-0.2180,-33.6497,-0.0717,-0.0683,0.0488
1774945774.3713,0.0000,0.0000,0.0000,0.0000,0.0000,3.1403,-0.2190,-10.5204,-0.1164,-0.0043,0.0413
1774945774.3913,0.0000,0.0000,0.0000,0.0000,0.0000,-3.1412,-0.2205,27.4748,-0.1025,0.0532,0.0264
1774945774.4113,0.0000,0.0000,0.0000,0.0000,0.0000,-3.1399,-0.2217,51.1558,-0.1015,0.0564,0.0008
1774945774.4313,0.0000,0.0000,0.0000,0.0000,0.0000,-3.1399,-0.2224,3.4658,-0.1249,0.0638,-0.0034
1774945774.4513,0.0000,0.0000,0.0000,0.0000,0.0000,-3.1404,-0.2248,-19.5472,-0.1196,0.0702,-0.0045
1774945774.4713,0.0000,0.0000,0.0000,0.0000,0.0000,-3.1412,-0.2264,-25.2058,-0.0386,0.0425,-0.0077
1774945774.4913,0.0000,0.0000,0.0000,0.0000,0.0000,3.1393,-0.2264,3.8553,0.0221,-0.0118,-0.0098
1774945774.5115,0.0000,0.0000,0.0000,0.0000,0.0000,3.1363,-0.2266,-17.4486,0.0445,-0.0523,-0.0098
1774945774.5314,0.0000,0.0000,0.0000,0.0000,0.0000,3.1335,-0.2270,43.8201,0.0402,-0.0139,-0.0109
1774945774.5513,0.0000,0.0000,0.0000,0.0000,0.0000,3.1309,-0.2283,85.0018,0.0423,0.0159,-0.0024
1774945774.5714,0.0000,0.0000,0.0000,0.0000,0.0000,3.1296,-0.2288,-2.9022,0.0572,-0.0033,0.0147
1774945774.5914,0.0000,0.0000,0.0000,0.0000,0.0000,3.1280,-0.2271,-21.8619,0.0668,-0.1087,0.0147
1774945774.6113,0.0000,0.0000,0.0000,0.0000,0.0000,3.1271,-0.2228,8.0239,0.0146,-0.2611,0.0253
1774945774.6316,0.0000,0.0000,0.0000,0.0000,0.0000,3.1273,-0.2209,-42.0742,-0.0205,-0.2707,0.0339
1774945774.6515,0.0000,0.0000,0.0000,0.0000,0.0000,3.1290,-0.2194,-64.1755,-0.0163,-0.2067,0.0211
1774945774.6714,0.0000,0.0000,0.0000,0.0000,0.0000,3.1317,-0.2192,-58.0280,-0.0152,-0.0789,0.0168
1774945774.6913,0.0000,0.0000,0.0000,0.0000,0.0000,3.1339,-0.2217,8.6757,-0.0312,0.0319,0.0062
1774945774.7134,0.0000,0.0000,0.0000,0.0000,0.0000,3.1362,-0.2229,83.1593,-0.0472,0.0191,-0.0109
1774945774.7313,0.0000,0.0000,0.0000,0.0000,0.0000,3.1381,-0.2200,72.2211,-0.0003,-0.1237,-0.0151
1774945774.7520,0.0000,0.0000,0.0000,0.0000,0.0000,3.1362,-0.2149,-2.6147,0.0722,-0.2387,0.0030
1774945774.7714,0.0000,0.0000,0.0000,0.0000,0.0000,3.1345,-0.2128,-50.8680,0.0743,-0.1950,0.0030
1774945774.7913,0.0000,0.0000,0.0000,0.0000,0.0000,3.1322,-0.2125,-36.0418,0.0562,-0.0075,0.0062
1774945774.8113,0.0000,0.0000,0.0000,0.0000,0.0000,3.1294,-0.2144,-2.5643,-0.0035,0.1182,0.0008
1774945774.8315,0.0000,0.0000,0.0000,0.0000,0.0000,3.1289,-0.2155,17.5216,-0.0312,0.1512,-0.0066
1774945774.8515,0.0000,0.0000,0.0000,0.0000,0.0000,3.1302,-0.2134,46.9608,-0.0056,0.0670,0.0019
1774945774.8714,0.0000,0.0000,0.0000,0.0000,0.0000,3.1330,-0.2100,60.9702,0.0306,-0.0661,0.0285
1774945774.8914,0.0000,0.0000,0.0000,0.0000,0.0000,3.1356,-0.2052,-6.6441,0.0509,-0.1119,0.0285
1774945774.9122,0.0000,0.0000,0.0000,0.0000,0.0000,3.1386,-0.2002,0.0000,0.0466,-0.1119,0.0285
1774945774.9316,0.0000,0.0000,0.0000,0.0000,0.0000,3.1409,-0.2015,-26.0895,0.0668,0.0233,0.0296
1774945774.9514,0.0000,0.0000,0.0000,0.0000,0.0000,3.1398,-0.2048,0.0000,0.0466,0.1512,0.0371
1774945774.9714,0.0000,0.0000,0.0000,0.0000,0.0000,3.1400,-0.2067,0.0000,0.0317,0.1437,0.0243
1774945774.9915,0.0000,0.0000,0.0000,0.0000,0.0000,3.1393,-0.2086,0.0000,0.0306,0.0692,0.0115
1774945775.0113,0.0000,0.0000,0.0000,0.0000,0.0000,3.1413,-0.2092,0.0000,0.0540,-0.0161,0.0115
1774945775.0321,0.0000,0.0000,0.0000,0.0000,0.0000,3.1391,-0.2069,0.0000,0.0743,-0.0842,0.0179
1774945775.0519,0.0000,0.0000,0.0000,0.0000,0.0000,3.1366,-0.2070,0.0000,0.0306,-0.0363,0.0253
1774945775.0716,0.0000,0.0000,0.0000,0.0000,0.0000,3.1361,-0.2079,0.0000,-0.0301,0.0628,0.0307
1774945775.0912,0.0000,0.0000,0.0000,0.0000,0.0000,3.1383,-0.2075,0.0000,-0.0653,0.0873,0.0232
1774945775.1113,0.0000,0.0000,0.0000,0.0000,0.0000,3.1413,-0.2073,0.0000,-0.0301,0.0585,0.0104
1774945775.1313,0.0000,0.0000,0.0000,0.0000,0.0000,-3.1377,-0.2075,0.0000,0.0168,0.0372,-0.0024
1774945775.1516,0.0000,0.0000,0.0000,0.0000,0.0000,-3.1379,-0.2057,0.0000,-0.0152,-0.0203,-0.0258
1774945775.1716,0.0000,0.0000,0.0000,0.0000,0.0000,-3.1395,-0.2016,0.0000,-0.1057,-0.0587,-0.0290
1774945775.1913,0.0000,0.0000,0.0000,0.0000,0.0000,-3.1401,-0.1986,0.0000,-0.1185,-0.0810,-0.0269
1774945775.2116,0.0000,0.0000,0.0000,0.0000,0.0000,-3.1395,-0.1967,21.5646,-0.0685,-0.0992,-0.0332
1774945775.2316,0.0000,0.0000,0.0000,0.0000,0.0000,3.1398,-0.1962,0.0000,-0.0312,-0.0661,-0.0279
1774945775.2514,0.0000,0.0000,0.0000,0.0000,0.0000,3.1358,-0.1971,14.7652,-0.0397,-0.0225,-0.0119
1774945775.2714,0.0000,0.0000,0.0000,0.0000,0.0000,3.1324,-0.1984,-45.3671,0.0157,-0.0470,-0.0013
1774945775.2913,0.0000,0.0000,0.0000,0.0000,0.0000,3.1299,-0.1992,10.4826,0.0540,-0.0736,0.0072
1774945775.3113,0.0000,0.0000,0.0000,0.0000,0.0000,3.1284,-0.1964,0.0000,0.0807,-0.0661,0.0072
1774945775.3313,0.0000,0.0000,0.0000,0.0000,0.0000,3.1255,-0.1967,1.7928,0.0295,0.0052,0.0136
1774945775.3520,0.0000,0.0000,0.0000,0.0000,0.0000,3.1234,-0.2014,16.9489,-0.0131,0.1363,0.0115
1774945775.3716,0.0000,0.0000,0.0000,0.0000,0.0000,3.1256,-0.2063,7.6769,-0.0290,0.1874,-0.0002
1774945775.3913,0.0000,0.0000,0.0000,0.0000,0.0000,3.1293,-0.2087,0.4653,0.0125,0.1586,0.0030
1774945775.4113,0.0000,0.0000,0.0000,0.0000,0.0000,3.1316,-0.2089,4.6283,0.0445,0.0734,0.0243
1774945775.4313,0.0000,0.0000,0.0000,0.0000,0.0000,3.1307,-0.2070,-29.8044,0.0050,-0.0012,0.0339
1774945775.4513,0.0000,0.0000,0.0000,0.0000,0.0000,3.1301,-0.2078,4.0917,-0.0727,0.0585,0.0168
1774945775.4713,0.0000,0.0000,0.0000,0.0000,0.0000,3.1305,-0.2087,80.1504,-0.1089,0.1448,0.0083
1774945775.4915,0.0000,0.0000,0.0000,0.0000,0.0000,3.1323,-0.2103,47.8571,-0.0461,0.1661,0.0104
1774945775.5115,0.0000,0.0000,0.0000,0.0000,0.0000,3.1347,-0.2117,-25.5169,-0.0216,0.1224,-0.0002
1774945775.5312,0.0000,0.0000,0.0000,0.0000,0.0000,3.1296,-0.2150,-9.4800,-0.1036,0.1608,-0.0098
1774945775.5514,0.0000,0.0000,0.0000,0.0000,0.0000,3.1290,-0.2169,28.9756,-0.0578,0.1544,0.0051
1774945775.5715,0.0000,0.0000,0.0000,0.0000,0.0000,3.1319,-0.2198,-41.6950,0.0562,0.1267,-0.0045
1774945775.5915,0.0000,0.0000,0.0000,0.0000,0.0000,3.1325,-0.2210,-81.1965,0.0871,0.0074,-0.0055
1774945775.6113,0.0000,0.0000,0.0000,0.0000,0.0000,3.1298,-0.2199,-63.1188,0.0072,-0.0874,-0.0055
1774945775.6316,0.0000,0.0000,0.0000,0.0000,0.0000,3.1267,-0.2205,-59.2885,-0.0173,-0.0672,-0.0109
1774945775.6514,0.0000,0.0000,0.0000,0.0000,0.0000,3.1288,-0.2214,-21.8840,0.0061,-0.0139,0.0030
1774945775.6717,0.0000,0.0000,0.0000,0.0000,0.0000,3.1288,-0.2238,20.5278,0.0050,0.0425,0.0221
1774945775.6914,0.0000,0.0000,0.0000,0.0000,0.0000,3.1334,-0.2247,-0.1140,0.0487,0.0052,0.0221
1774945775.7115,0.0000,0.0000,0.0000,0.0000,0.0000,3.1362,-0.2224,-44.5788,0.0892,-0.0629,0.0019
1774945775.7313,0.0000,0.0000,0.0000,0.0000,0.0000,3.1374,-0.2197,-27.0524,0.0849,-0.0523,-0.0077
1774945775.7514,0.0000,0.0000,0.0000,0.0000,0.0000,3.1377,-0.2194,20.6108,0.0956,-0.0150,-0.0098
1774945775.7716,0.0000,0.0000,0.0000,0.0000,0.0000,3.1359,-0.2187,24.3484,0.0498,0.0127,-0.0066
1774945775.7914,0.0000,0.0000,0.0000,0.0000,0.0000,3.1392,-0.2196,8.2013,0.0413,0.0212,-0.0013
1774945775.8114,0.0000,0.0000,0.0000,0.0000,0.0000,-3.1406,-0.2231,31.8678,0.0381,0.0500,0.0051
1774945775.8314,0.0000,0.0000,0.0000,0.0000,0.0000,-3.1413,-0.2239,107.4966,0.0306,0.0425,0.0158
1774945775.8514,0.0000,0.0000,0.0000,0.0000,0.0000,-3.1374,-0.2270,53.1045,0.0487,0.0479,-0.0002
1774945775.8716,0.0000,0.0000,0.0000,0.0000,0.0000,-3.1339,-0.2294,28.7474,0.0722,0.0042,-0.0141
1774945775.8914,0.0000,0.0000,0.0000,0.0000,0.0000,-3.1350,-0.2280,28.0013,0.0349,-0.0512,0.0062
1774945775.9121,0.0000,0.0000,0.0000,0.0000,0.0000,-3.1362,-0.2244,-32.1329,-0.0120,-0.0842,0.0115
1774945775.9315,0.0000,0.0000,0.0000,0.0000,0.0000,-3.1355,-0.2204,-28.8812,-0.0642,-0.0832,-0.0024
1774945775.9516,0.0000,0.0000,0.0000,0.0000,0.0000,-3.1350,-0.2185,-58.8075,-0.1143,-0.0768,-0.0151
1774945775.9715,0.0000,0.0000,0.0000,0.0000,0.0000,-3.1340,-0.2183,-33.1353,-0.1047,-0.0331,-0.0279
1774945775.9915,0.0000,0.0000,0.0000,0.0000,0.0000,-3.1330,-0.2179,21.1979,-0.1185,-0.0022,-0.0269
1774945776.0113,0.0000,0.0000,0.0000,0.0000,0.0000,-3.1335,-0.2162,3.6785,-0.1217,-0.0480,-0.0311
1774945776.0313,0.0000,0.0000,0.0000,0.0000,0.0000,-3.1343,-0.2170,-24.9502,-0.1377,-0.0022,-0.0343
1774945776.0514,0.0000,0.0000,0.0000,0.0000,0.0000,-3.1364,-0.2173,2.8510,-0.0951,0.0457,-0.0237
1774945776.0713,0.0000,0.0000,0.0000,0.0000,0.0000,-3.1391,-0.2168,4.7537,-0.0621,0.0127,-0.0119
1774945776.0913,0.0000,0.0000,0.0000,0.0000,0.0000,3.1388,-0.2178,-22.4129,-0.0834,0.0383,0.0019
1774945776.1114,0.0000,0.0000,0.0000,0.0000,0.0000,3.1341,-0.2177,-2.5799,-0.0653,0.0191,-0.0024
1774945776.1313,0.0000,0.0000,0.0000,0.0000,0.0000,3.1312,-0.2153,12.2136,-0.0429,-0.0693,0.0062
1774945776.1514,0.0000,0.0000,0.0000,0.0000,0.0000,3.1279,-0.2146,-22.4877,-0.0322,-0.0523,0.0126
1774945776.1713,0.0000,0.0000,0.0000,0.0000,0.0000,3.1270,-0.2145,40.8322,0.0189,-0.0374,-0.0024
1774945776.1913,0.0000,0.0000,0.0000,0.0000,0.0000,3.1310,-0.2127,28.7550,0.1606,-0.0800,-0.0226
1774945776.2115,0.0000,0.0000,0.0000,0.0000,0.0000,3.1343,-0.2135,-50.1247,0.2319,-0.0960,-0.0151
1774945776.2314,0.0000,0.0000,0.0000,0.0000,0.0000,3.1357,-0.2123,26.6201,0.2330,-0.1013,-0.0013
1774945776.2515,0.0000,0.0000,0.0000,0.0000,0.0000,3.1346,-0.2091,-19.6965,0.0178,-0.1364,0.0371
1774945776.2714,0.0000,0.0000,0.0000,0.0000,0.0000,3.1320,-0.2073,13.8755,-0.1057,-0.0523,0.0722
1774945776.2914,0.0000,0.0000,0.0000,0.0000,0.0000,3.1346,-0.2077,56.6238,-0.0131,0.0212,0.0754
1774945776.3114,0.0000,0.0000,0.0000,0.0000,0.0000,3.1393,-0.2071,2.0642,0.0636,0.0063,0.0530
1774945776.3314,0.0000,0.0000,0.0000,0.0000,0.0000,-3.1389,-0.2066,22.3684,0.0647,0.0042,0.0253
1774945776.3520,0.0000,0.0000,0.0000,0.0000,0.0000,-3.1387,-0.2049,18.7842,0.0082,-0.0257,0.0190
1774945776.3714,0.0000,0.0000,0.0000,0.0000,0.0000,-3.1376,-0.2026,56.6811,0.0040,-0.1002,0.0030
1774945776.3915,0.0000,0.0000,0.0000,0.0000,0.0000,-3.1372,-0.2034,-45.9840,-0.0035,-0.0565,-0.0130
1774945776.4115,0.0000,0.0000,0.0000,0.0000,0.0000,-3.1378,-0.2053,-12.9280,0.0210,0.0287,-0.0141
1774945776.4314,0.0000,0.0000,0.0000,0.0000,0.0000,-3.1397,-0.2074,-78.4922,0.0391,0.0777,-0.0077
1774945776.4515,0.0000,0.0000,0.0000,0.0000,0.0000,-3.1408,-0.2119,-104.3399,0.0871,0.1320,-0.0002
1774945776.4713,0.0000,0.0000,0.0000,0.0000,0.0000,-3.1411,-0.2151,-48.5086,0.0700,0.1118,-0.0045
1774945776.4913,0.0000,0.0000,0.0000,0.0000,0.0000,3.1397,-0.2166,28.0556,-0.0248,0.0542,0.0072
1774945776.5113,0.0000,0.0000,0.0000,0.0000,0.0000,3.1360,-0.2145,3.6199,-0.1324,0.0106,0.0381
1774945776.5313,0.0000,0.0000,0.0000,0.0000,0.0000,3.1356,-0.2131,31.3230,-0.1963,0.0138,0.0477
1774945776.5521,0.0000,0.0000,0.0000,0.0000,0.0000,3.1381,-0.2122,24.6923,-0.0003,-0.0544,0.0126
1774945776.5714,0.0000,0.0000,0.0000,0.0000,0.0000,-3.1385,-0.2110,8.7712,0.1723,-0.0704,-0.0300
1774945776.5915,0.0000,0.0000,0.0000,0.0000,0.0000,-3.1390,-0.2109,28.2521,0.1414,-0.0715,-0.0428
1774945776.6113,0.0000,0.0000,0.0000,0.0000,0.0000,-3.1410,-0.2098,16.9705,0.0817,-0.1151,-0.0450
1774945776.6315,0.0000,0.0000,0.0000,0.0000,0.0000,3.1389,-0.2091,-52.8268,0.0157,-0.1066,-0.0215
1774945776.6515,0.0000,0.0000,0.0000,0.0000,0.0000,3.1363,-0.2086,-68.9510,-0.0290,-0.0715,0.0072
1774945776.6713,0.0000,0.0000,0.0000,0.0000,0.0000,3.1386,-0.2104,10.0436,0.0317,-0.0182,0.0296
1774945776.6913,0.0000,0.0000,0.0000,0.0000,0.0000,-3.1403,-0.2129,9.2638,0.1148,0.0084,0.0285
1774945776.7113,0.0000,0.0000,0.0000,0.0000,0.0000,-3.1405,-0.2127,22.2644,0.0796,0.0010,0.0126
1774945776.7312,0.0000,0.0000,0.0000,0.0000,0.0000,3.1403,-0.2151,52.5382,0.0178,0.0265,-0.0141
1774945776.7513,0.0000,0.0000,0.0000,0.0000,0.0000,3.1394,-0.2159,13.3037,-0.0205,-0.0054,-0.0098
1774945776.7713,0.0000,0.0000,0.0000,0.0000,0.0000,3.1412,-0.2168,-36.4336,-0.0493,0.0010,-0.0045
1774945776.7914,0.0000,0.0000,0.0000,0.0000,0.0000,-3.1392,-0.2168,-15.7164,-0.0578,-0.0246,-0.0109
1774945776.8130,0.0000,0.0000,0.0000,0.0000,0.0000,-3.1383,-0.2150,31.7010,-0.0759,-0.0257,0.0008
1774945776.8312,0.0000,0.0000,0.0000,0.0000,0.0000,-3.1357,-0.2147,23.0470,-0.0706,-0.0118,0.0019
1774945776.8513,0.0000,0.0000,0.0000,0.0000,0.0000,-3.1331,-0.2135,-3.5239,-0.0418,-0.0438,-0.0024
1774945776.8713,0.0000,0.0000,0.0000,0.0000,0.0000,-3.1359,-0.2112,-43.8281,-0.1015,-0.0981,-0.0130
1774945776.8914,0.0000,0.0000,0.0000,0.0000,0.0000,-3.1414,-0.2084,29.1749,-0.1931,-0.0416,-0.0226
1774945776.9115,0.0000,0.0000,0.0000,0.0000,0.0000,3.1401,-0.2087,29.9752,-0.1760,0.0915,-0.0492
1774945776.9312,0.0000,0.0000,0.0000,0.0000,0.0000,3.1404,-0.2111,-52.0082,-0.1409,0.1799,-0.0673
1774945776.9513,0.0000,0.0000,0.0000,0.0000,0.0000,3.1401,-0.2142,-42.0341,-0.1015,0.1501,-0.0716
1774945776.9713,0.0000,0.0000,0.0000,0.0000,0.0000,3.1354,-0.2136,43.3521,-0.1057,0.0244,-0.0620
1774945776.9912,0.0000,0.0000,0.0000,0.0000,0.0000,3.1312,-0.2117,9.9777,-0.0951,-0.1237,-0.0205
1774945777.0112,0.0000,0.0000,0.0000,0.0000,0.0000,3.1268,-0.2107,-79.4950,0.0125,-0.1098,0.0232
1774945777.0312,0.0000,0.0000,0.0000,0.0000,0.0000,3.1254,-0.2129,10.0001,0.0306,0.0265,0.0328
1774945777.0513,0.0000,0.0000,0.0000,0.0000,0.0000,3.1214,-0.2154,3.6056,-0.0365,0.1522,0.0094
1774945777.0715,0.0000,0.0000,0.0000,0.0000,0.0000,3.1229,-0.2209,15.9105,0.0019,0.2098,-0.0684
1774945777.0913,0.0000,0.0000,0.0000,0.0000,0.0000,3.1246,-0.2226,14.7659,0.0594,-0.0406,-0.1664
1774945777.1114,0.0000,0.0000,0.0000,0.0000,0.0000,3.1280,-0.2155,-50.8385,0.2117,-0.3346,-0.2079
1774945777.1312,0.0000,0.0000,0.0000,0.0000,0.0000,3.1377,-0.2112,-12.4398,0.5739,-0.1577,-0.2399
1774945777.1513,0.0000,0.0000,0.0000,0.0000,0.0000,-3.1383,-0.2108,-9.4102,0.4812,0.0063,-0.2122
1774945777.1713,0.0000,0.0000,0.0000,0.0000,0.0000,-3.1375,-0.2113,67.9376,0.0700,0.0883,-0.1291
1774945777.1913,0.0000,0.0000,0.0000,0.0000,0.0000,-3.1390,-0.2158,109.9880,-0.0983,0.1799,-0.0886
1774945777.2113,0.0000,0.0000,0.0000,0.0000,0.0000,-3.1369,-0.2182,-154.7042,0.0945,0.0606,-0.0908
1774945777.2315,0.0000,0.0000,0.0000,0.0000,0.0000,-3.1313,-0.2157,-12.0138,0.1797,-0.1205,-0.0737
1774945777.2513,0.0000,0.0000,0.0000,0.0000,0.0000,-3.1270,-0.2120,-31.4640,0.1563,-0.2227,-0.0577
1774945777.2713,0.0000,0.0000,0.0000,0.0000,0.0000,-3.1245,-0.2130,-32.6025,0.0519,0.0180,-0.1110
1774945777.2915,0.0000,0.0000,0.0000,0.0000,0.0000,-3.1244,-0.2173,82.1479,-0.0216,0.1938,-0.1536
1774945777.3113,0.0000,0.0000,0.0000,0.0000,0.0000,-3.1256,-0.2160,19.8360,-0.0908,0.0713,-0.1217
1774945777.3314,0.0000,0.0000,0.0000,0.0000,0.0000,-3.1237,-0.2145,-30.1343,0.0242,-0.0491,-0.0940
1774945777.3512,0.0000,0.0000,0.0000,0.0000,0.0000,-3.1226,-0.2119,41.1218,0.0253,-0.0406,-0.0727
1774945777.3715,0.0000,0.0000,0.0000,0.0000,0.0000,-3.1217,-0.2103,103.3239,0.0466,-0.0331,-0.0727
1774945777.3913,0.0000,0.0000,0.0000,0.0000,0.0000,-3.1213,-0.2108,19.8334,0.0764,-0.0416,-0.0631
1774945777.4122,0.0000,0.0000,0.0000,0.0000,0.0000,-3.1192,-0.2088,-56.5729,0.0572,-0.0789,-0.1249
1774945777.4314,0.0000,0.0000,0.0000,0.0000,0.0000,-3.1192,-0.2082,27.6569,0.0253,-0.0640,-0.1142
1774945777.4515,0.0000,0.0000,0.0000,0.0000,0.0000,-3.1234,-0.2069,-23.9045,-0.0535,-0.0736,-0.0343
1774945777.4713,0.0000,0.0000,0.0000,0.0000,0.0000,-3.1238,-0.2031,0.0000,-0.0131,-0.0864,0.0680
1774945777.4915,0.0000,0.0000,0.0000,0.0000,0.0000,-3.1237,-0.2001,0.0000,0.0807,0.0297,0.0914
1774945777.5114,0.0000,0.0000,0.0000,0.0000,0.0000,-3.1221,-0.2042,0.0000,0.0168,0.1767,0.0786
1774945777.5315,0.0000,0.0000,0.0000,0.0000,0.0000,-3.1233,-0.2046,0.0000,-0.0770,0.2162,0.0296
1774945777.5515,0.0000,0.0000,0.0000,0.0000,0.0000,-3.1245,-0.2029,0.0000,-0.1185,0.0724,-0.0364
1774945777.5713,0.0000,0.0000,0.0000,0.0000,0.0000,-3.1226,-0.2018,0.0000,-0.0770,-0.0427,-0.0524
1774945777.5915,0.0000,0.0000,0.0000,0.0000,0.0000,-3.1228,-0.2018,0.0000,-0.0578,0.0244,-0.0364
1774945777.6114,0.0000,0.0000,0.0000,0.0000,0.0000,-3.1236,-0.2046,0.0000,-0.0642,0.0809,-0.0300
1774945777.6314,0.0000,0.0000,0.0000,0.0000,0.0000,-3.1250,-0.2077,0.0000,-0.0599,0.1341,-0.0269
1774945777.6516,0.0000,0.0000,0.0000,0.0000,0.0000,-3.1270,-0.2095,0.0000,-0.0546,0.1586,-0.0354
1774945777.6713,0.0000,0.0000,0.0000,0.0000,0.0000,-3.1299,-0.2080,0.0000,-0.1015,0.0755,-0.0066
1774945777.6913,0.0000,0.0000,0.0000,0.0000,0.0000,-3.1315,-0.2050,0.0000,-0.1441,-0.0267,0.0083
1774945777.7113,0.0000,0.0000,0.0000,0.0000,0.0000,-3.1333,-0.2039,0.0000,-0.1345,-0.0576,0.0147
1774945777.7313,0.0000,0.0000,0.0000,0.0000,0.0000,-3.1316,-0.2032,0.0000,0.0114,-0.0544,0.0115
1774945777.7512,0.0000,0.0000,0.0000,0.0000,0.0000,-3.1292,-0.2085,0.0000,0.1702,0.0905,-0.0045
1774945777.7713,0.0000,0.0000,0.0000,0.0000,0.0000,-3.1298,-0.2134,0.0000,0.1595,0.1672,-0.0141
1774945777.7913,0.0000,0.0000,0.0000,0.0000,0.0000,-3.1325,-0.2177,0.0000,-0.0003,0.1331,-0.0119
1774945777.8113,0.0000,0.0000,0.0000,0.0000,0.0000,-3.1363,-0.2209,0.0000,-0.0514,-0.0107,0.0307
1774945777.8313,0.0000,0.0000,0.0000,0.0000,0.0000,-3.1365,-0.2220,-84.2418,-0.0248,-0.1119,0.0392
1774945777.8513,0.0000,0.0000,0.0000,0.0000,0.0000,-3.1335,-0.2216,-70.9697,0.0327,-0.0757,0.0435
1774945777.8714,0.0000,0.0000,0.0000,0.0000,0.0000,-3.1387,-0.2232,0.0000,-0.1260,0.0777,0.0456
1774945777.8913,0.0000,0.0000,0.0000,0.0000,0.0000,3.1405,-0.2304,76.8525,-0.2325,0.2630,0.0509
1774945777.9114,0.0000,0.0000,0.0000,0.0000,0.0000,-3.1383,-0.2306,86.0654,0.1979,-0.0225,0.0296
1774945777.9318,0.0000,0.0000,0.0000,0.0000,0.0000,-3.1337,-0.2255,13.2555,0.2373,-0.3356,-0.0087
1774945777.9515,0.0000,0.0000,0.0000,0.0000,0.0000,-3.1345,-0.2162,-57.2237,0.0743,-0.5050,-0.0354
1774945777.9714,0.0000,0.0000,0.0000,0.0000,0.0000,-3.1386,-0.2068,0.8526,-0.0887,-0.4645,-0.0588
1774945777.9914,0.0000,0.0000,0.0000,0.0000,0.0000,-3.1366,-0.2042,84.4457,0.0391,-0.1215,-0.0407
1774945778.0113,0.0000,0.0000,0.0000,0.0000,0.0000,-3.1339,-0.2046,-8.0535,0.1307,0.1107,0.0264
1774945778.0313,0.0000,0.0000,0.0000,0.0000,0.0000,-3.1306,-0.2028,0.3386,0.1595,0.0755,0.0147
1774945778.0513,0.0000,0.0000,0.0000,0.0000,0.0000,-3.1286,-0.2023,27.7587,0.1659,0.1096,-0.0247
1774945778.0712,0.0000,0.0000,0.0000,0.0000,0.0000,-3.1293,-0.2028,77.7522,0.0455,0.0873,0.0104
1774945778.0913,0.0000,0.0000,0.0000,0.0000,0.0000,-3.1286,-0.2009,11.3564,0.0200,-0.0725,0.0424
1774945778.1114,0.0000,0.0000,0.0000,0.0000,0.0000,-3.1277,-0.1979,-107.9984,0.0232,-0.1269,0.0360
1774945778.1314,0.0000,0.0000,0.0000,0.0000,0.0000,-3.1251,-0.1971,-89.2578,0.0210,-0.0395,0.0126
1774945778.1514,0.0000,0.0000,0.0000,0.0000,0.0000,-3.1218,-0.2000,37.9536,0.0168,0.1086,0.0200
1774945778.1715,0.0000,0.0000,0.0000,0.0000,0.0000,-3.1192,-0.2029,-46.6367,-0.0131,0.1352,-0.0045
1774945778.1913,0.0000,0.0000,0.0000,0.0000,0.0000,-3.1170,-0.2073,-49.2681,-0.0376,0.1810,-0.0343
1774945778.2114,0.0000,0.0000,0.0000,0.0000,0.0000,-3.1196,-0.2127,20.9850,-0.0919,0.2023,-0.0407
1774945778.2314,0.0000,0.0000,0.0000,0.0000,0.0000,-3.1204,-0.2183,-5.0606,-0.1143,0.1885,-0.0237
1774945778.2515,0.0000,0.0000,0.0000,0.0000,0.0000,-3.1189,-0.2200,-7.0865,-0.0045,0.1501,-0.0087
1774945778.2714,0.0000,0.0000,0.0000,0.0000,0.0000,-3.1187,-0.2196,-8.8408,0.1286,0.0713,0.0179
1774945778.2914,0.0000,0.0000,0.0000,0.0000,0.0000,-3.1189,-0.2191,-0.8917,0.1382,-0.0512,0.0360
1774945778.3113,0.0000,0.0000,0.0000,0.0000,0.0000,-3.1217,-0.2179,-45.9557,-0.0184,-0.0757,0.0488
1774945778.3313,0.0000,0.0000,0.0000,0.0000,0.0000,-3.1257,-0.2166,-10.6288,-0.1270,-0.0736,0.0541
1774945778.3514,0.0000,0.0000,0.0000,0.0000,0.0000,-3.1239,-0.2150,-51.8133,-0.0205,-0.1066,0.0307
1774945778.3713,0.0000,0.0000,0.0000,0.0000,0.0000,-3.1183,-0.2155,-27.3098,0.1766,0.0404,0.0062
1774945778.3913,0.0000,0.0000,0.0000,0.0000,0.0000,-3.1153,-0.2185,-0.9137,0.1276,0.1938,-0.0151
1774945778.4114,0.0000,0.0000,0.0000,0.0000,0.0000,-3.1185,-0.2218,6.1775,-0.0408,0.1352,-0.0098
1774945778.4317,0.0000,0.0000,0.0000,0.0000,0.0000,-3.1231,-0.2214,17.0818,-0.1281,-0.0736,0.0232
1774945778.4514,0.0000,0.0000,0.0000,0.0000,0.0000,-3.1222,-0.2181,-15.4490,-0.1345,-0.2344,0.0040
1774945778.4717,0.0000,0.0000,0.0000,0.0000,0.0000,-3.1211,-0.2110,-13.8945,-0.0482,-0.3303,0.0211
1774945778.4914,0.0000,0.0000,0.0000,0.0000,0.0000,-3.1184,-0.2098,-55.1304,0.0253,-0.1151,0.0339
1774945778.5114,0.0000,0.0000,0.0000,0.0000,0.0000,-3.1163,-0.2100,-29.6497,0.0178,-0.0075,0.0317
1774945778.5313,0.0000,0.0000,0.0000,0.0000,0.0000,-3.1178,-0.2060,56.1158,0.0221,-0.0874,0.0008
1774945778.5515,0.0000,0.0000,0.0000,0.0000,0.0000,-3.1212,-0.2037,17.8855,-0.0077,-0.1194,-0.0226
1774945778.5713,0.0000,0.0000,0.0000,0.0000,0.0000,-3.1253,-0.2024,11.5591,-0.0269,-0.0683,-0.0055
1774945778.5914,0.0000,0.0000,0.0000,0.0000,0.0000,-3.1255,-0.2020,22.2696,-0.0045,-0.0043,0.0083
1774945778.6114,0.0000,0.0000,0.0000,0.0000,0.0000,-3.1260,-0.2038,-16.3303,-0.0088,0.0937,0.0211
1774945778.6314,0.0000,0.0000,0.0000,0.0000,0.0000,-3.1231,-0.2068,-23.2922,0.0072,0.2311,0.0264
1774945778.6513,0.0000,0.0000,0.0000,0.0000,0.0000,-3.1193,-0.2102,32.0844,0.0413,0.2364,0.0104
1774945778.6715,0.0000,0.0000,0.0000,0.0000,0.0000,-3.1182,-0.2093,-5.5864,0.0168,0.0649,-0.0055
1774945778.6913,0.0000,0.0000,0.0000,0.0000,0.0000,-3.1174,-0.2055,-19.7234,0.0157,-0.0533,-0.0258
1774945778.7152,0.0000,0.0000,0.0000,0.0000,0.0000,-3.1169,-0.2045,57.7355,-0.0013,-0.0342,-0.0322
1774945778.7313,0.0000,0.0000,0.0000,0.0000,0.0000,-3.1195,-0.2056,-52.4817,-0.0280,0.0329,-0.0322
1774945778.7512,0.0000,0.0000,0.0000,0.0000,0.0000,-3.1231,-0.2093,-8.1600,-0.0972,0.1160,-0.0173
1774945778.7713,0.0000,0.0000,0.0000,0.0000,0.0000,-3.1223,-0.2137,-31.0021,-0.0759,0.1267,-0.0055
1774945778.7913,0.0000,0.0000,0.0000,0.0000,0.0000,-3.1200,-0.2161,-43.4880,0.0690,0.0692,-0.0162
1774945778.8138,0.0000,0.0000,0.0000,0.0000,0.0000,-3.1197,-0.2179,-53.0668,0.1062,0.0170,-0.0024
1774945778.8317,0.0000,0.0000,0.0000,0.0000,0.0000,-3.1225,-0.2199,2.0062,0.0242,0.0287,0.0040
1774945778.8518,0.0000,0.0000,0.0000,0.0000,0.0000,-3.1257,-0.2180,-40.7086,0.0487,-0.0821,0.0243
1774945778.8714,0.0000,0.0000,0.0000,0.0000,0.0000,-3.1268,-0.2171,23.0055,0.0956,-0.1460,0.0403
1774945778.8913,0.0000,0.0000,0.0000,0.0000,0.0000,-3.1290,-0.2138,39.4096,0.0381,-0.1897,0.0530
1774945778.9116,0.0000,0.0000,0.0000,0.0000,0.0000,-3.1277,-0.2133,-7.2692,-0.0109,-0.1609,0.0243
1774945778.9314,0.0000,0.0000,0.0000,0.0000,0.0000,-3.1258,-0.2146,12.9119,-0.0333,0.0020,0.0136
1774945778.9512,0.0000,0.0000,0.0000,0.0000,0.0000,-3.1212,-0.2166,-6.3252,0.0274,0.1277,0.0126
1774945778.9713,0.0000,0.0000,0.0000,0.0000,0.0000,-3.1172,-0.2168,11.0814,0.0168,0.1107,0.0094
1774945778.9914,0.0000,0.0000,0.0000,0.0000,0.0000,-3.1194,-0.2180,35.0411,-0.0450,0.0724,0.0094
1774945779.0114,0.0000,0.0000,0.0000,0.0000,0.0000,-3.1200,-0.2173,7.5491,-0.0482,-0.0278,0.0147
1774945779.0315,0.0000,0.0000,0.0000,0.0000,0.0000,-3.1195,-0.2166,-32.0619,-0.0429,-0.1119,0.0211
1774945779.0514,0.0000,0.0000,0.0000,0.0000,0.0000,-3.1199,-0.2168,-33.2703,-0.0450,-0.1322,0.0264
1774945779.0712,0.0000,0.0000,0.0000,0.0000,0.0000,-3.1194,-0.2172,-44.6542,-0.0408,-0.0768,0.0083
1774945779.0915,0.0000,0.0000,0.0000,0.0000,0.0000,-3.1179,-0.2139,10.7689,-0.0503,-0.0576,-0.0226
1774945779.1114,0.0000,0.0000,0.0000,0.0000,0.0000,-3.1202,-0.2121,10.6397,-0.0333,-0.1055,-0.0194
1774945779.1314,0.0000,0.0000,0.0000,0.0000,0.0000,-3.1217,-0.2131,-45.4733,0.0019,-0.0779,-0.0269
1774945779.1512,0.0000,0.0000,0.0000,0.0000,0.0000,-3.1230,-0.2148,25.7711,0.0391,-0.0448,-0.0343
1774945779.1714,0.0000,0.0000,0.0000,0.0000,0.0000,-3.1242,-0.2142,77.1236,0.0636,-0.0288,-0.0205
1774945779.1914,0.0000,0.0000,0.0000,0.0000,0.0000,-3.1223,-0.2135,14.7993,0.1648,0.0138,0.0040
1774945779.2114,0.0000,0.0000,0.0000,0.0000,0.0000,-3.1228,-0.2135,23.7118,0.1606,0.0393,0.0136
1774945779.2313,0.0000,0.0000,0.0000,0.0000,0.0000,-3.1256,-0.2134,0.8593,0.0317,-0.0139,0.0317
1774945779.2513,0.0000,0.0000,0.0000,0.0000,0.0000,-3.1284,-0.2127,-19.5435,-0.0290,-0.0459,0.0456
1774945779.2713,0.0000,0.0000,0.0000,0.0000,0.0000,-3.1263,-0.2135,-4.9089,-0.0173,-0.0374,0.0392
1774945779.2914,0.0000,0.0000,0.0000,0.0000,0.0000,-3.1217,-0.2133,75.8896,0.0413,-0.0107,0.0253
1774945779.3120,0.0000,0.0000,0.0000,0.0000,0.0000,-3.1160,-0.2146,20.9209,0.1084,0.0372,0.0211
1774945779.3313,0.0000,0.0000,0.0000,0.0000,0.0000,-3.1111,-0.2154,-68.8503,0.1201,0.0830,0.0072
1774945779.3514,0.0000,0.0000,0.0000,0.0000,0.0000,-3.1121,-0.2164,-16.4110,0.1084,0.0233,-0.0002
1774945779.3714,0.0000,0.0000,0.0000,0.0000,0.0000,-3.1158,-0.2158,17.6523,0.0295,-0.0406,-0.0013
1774945779.3913,0.0000,0.0000,0.0000,0.0000,0.0000,-3.1177,-0.2152,45.3267,0.0466,-0.0161,0.0083
1774945779.4114,0.0000,0.0000,0.0000,0.0000,0.0000,-3.1166,-0.2123,26.6355,0.0306,-0.0502,0.0040
1774945779.4313,0.0000,0.0000,0.0000,0.0000,0.0000,-3.1169,-0.2123,23.0452,-0.0045,-0.0565,0.0147
1774945779.4521,0.0000,0.0000,0.0000,0.0000,0.0000,-3.1162,-0.2093,49.6926,-0.0397,-0.0214,0.0232
1774945779.4713,0.0000,0.0000,0.0000,0.0000,0.0000,-3.1200,-0.2084,22.6046,-0.1420,-0.0065,0.0488
1774945779.4914,0.0000,0.0000,0.0000,0.0000,0.0000,-3.1208,-0.2078,23.5277,-0.2293,-0.0502,0.0477
1774945779.5123,0.0000,0.0000,0.0000,0.0000,0.0000,-3.1220,-0.2039,26.3006,-0.2251,-0.1514,0.0349
1774945779.5314,0.0000,0.0000,0.0000,0.0000,0.0000,-3.1214,-0.2003,-0.2302,-0.1036,-0.1482,0.0062
1774945779.5523,0.0000,0.0000,0.0000,0.0000,0.0000,-3.1209,-0.2015,22.9330,-0.0503,-0.0150,0.0030
1774945779.5714,0.0000,0.0000,0.0000,0.0000,0.0000,-3.1241,-0.2062,21.2915,-0.0685,0.1491,-0.0087
1774945779.5913,0.0000,0.0000,0.0000,0.0000,0.0000,-3.1295,-0.2073,41.7602,-0.1260,0.1416,-0.0226
1774945779.6115,0.0000,0.0000,0.0000,0.0000,0.0000,-3.1340,-0.2089,-10.8294,-0.1270,0.0617,-0.0194
1774945779.6313,0.0000,0.0000,0.0000,0.0000,0.0000,-3.1356,-0.2090,-43.0849,-0.0184,0.0255,-0.0141
1774945779.6514,0.0000,0.0000,0.0000,0.0000,0.0000,-3.1383,-0.2095,-15.6645,0.0093,0.0841,-0.0024
1774945779.6713,0.0000,0.0000,0.0000,0.0000,0.0000,3.1406,-0.2118,12.6991,-0.0461,0.1288,0.0179
1774945779.6913,0.0000,0.0000,0.0000,0.0000,0.0000,3.1361,-0.2173,-6.0418,-0.0578,0.1821,0.0136
1774945779.7114,0.0000,0.0000,0.0000,0.0000,0.0000,3.1390,-0.2199,7.1147,-0.0035,0.1917,0.0094
1774945779.7313,0.0000,0.0000,0.0000,0.0000,0.0000,-3.1407,-0.2209,-0.9275,0.0700,0.1395,0.0040
1774945779.7513,0.0000,0.0000,0.0000,0.0000,0.0000,-3.1381,-0.2215,-4.2712,0.1116,0.1011,0.0030
1774945779.7712,0.0000,0.0000,0.0000,0.0000,0.0000,-3.1392,-0.2201,-29.9238,0.0381,0.0479,0.0040
1774945779.7912,0.0000,0.0000,0.0000,0.0000,0.0000,3.1413,-0.2183,30.7566,-0.0759,0.0042,0.0328
1774945779.8114,0.0000,0.0000,0.0000,0.0000,0.0000,3.1406,-0.2173,45.3102,-0.0472,-0.0033,0.0477
1774945779.8313,0.0000,0.0000,0.0000,0.0000,0.0000,-3.1394,-0.2178,-2.7162,0.0008,-0.0022,0.0328
1774945779.8513,0.0000,0.0000,0.0000,0.0000,0.0000,-3.1360,-0.2199,-18.9210,0.0285,0.0042,0.0136
1774945779.8712,0.0000,0.0000,0.0000,0.0000,0.0000,-3.1341,-0.2220,-42.0622,0.0157,-0.0193,-0.0013
1774945779.8913,0.0000,0.0000,0.0000,0.0000,0.0000,-3.1336,-0.2231,-52.9336,0.0210,-0.0406,-0.0151
1774945779.9114,0.0000,0.0000,0.0000,0.0000,0.0000,-3.1350,-0.2245,30.3425,0.0498,-0.0672,-0.0119
1774945779.9312,0.0000,0.0000,0.0000,0.0000,0.0000,-3.1351,-0.2252,-8.6616,0.0860,-0.0587,-0.0045
1774945779.9512,0.0000,0.0000,0.0000,0.0000,0.0000,-3.1356,-0.2258,-46.3049,0.0636,0.0106,0.0008
1774945779.9712,0.0000,0.0000,0.0000,0.0000,0.0000,-3.1364,-0.2266,-26.6703,0.0881,0.0628,0.0232
1774945779.9913,0.0000,0.0000,0.0000,0.0000,0.0000,-3.1373,-0.2247,0.1174,0.1467,-0.0363,0.0456
1774945780.0114,0.0000,0.0000,0.0000,0.0000,0.0000,-3.1366,-0.2214,-34.7967,0.1680,-0.1471,0.0371
1774945780.0313,0.0000,0.0000,0.0000,0.0000,0.0000,-3.1379,-0.2183,0.0000,0.0999,-0.1780,0.0317
1774945780.0513,0.0000,0.0000,0.0000,0.0000,0.0000,-3.1332,-0.2159,0.0000,0.0370,-0.0906,0.0317
1774945780.0720,0.0000,0.0000,0.0000,0.0000,0.0000,-3.1299,-0.2186,0.0000,0.0050,0.0489,0.0221
1774945780.0913,0.0000,0.0000,0.0000,0.0000,0.0000,-3.1263,-0.2218,0.0000,-0.0195,0.1107,0.0104
1774945780.1113,0.0000,0.0000,0.0000,0.0000,0.0000,-3.1236,-0.2253,0.0000,0.0242,0.0255,0.0264
1774945780.1312,0.0000,0.0000,0.0000,0.0000,0.0000,-3.1246,-0.2254,0.0000,0.0445,-0.0789,0.0530
1774945780.1513,0.0000,0.0000,0.0000,0.0000,0.0000,-3.1251,-0.2230,0.0000,-0.0184,-0.0704,0.0435
1774945780.1712,0.0000,0.0000,0.0000,0.0000,0.0000,-3.1270,-0.2246,0.0000,-0.1015,-0.0565,0.0221
1774945780.1912,0.0000,0.0000,0.0000,0.0000,0.0000,-3.1251,-0.2253,0.0000,-0.0802,-0.0725,0.0147
1774945780.2119,0.0000,0.0000,0.0000,0.0000,0.0000,-3.1227,-0.2257,0.0000,-0.0269,-0.0384,0.0104
1774945780.2313,0.0000,0.0000,0.0000,0.0000,0.0000,-3.1254,-0.2253,0.0000,0.0200,0.0202,0.0147
1774945780.2562,0.0000,0.0000,0.0000,0.0000,0.0000,-3.1258,-0.2231,0.0000,-0.0163,0.0255,0.0115
1774945780.2713,0.0000,0.0000,0.0000,0.0000,0.0000,-3.1263,-0.2195,0.0000,-0.0962,-0.0043,-0.0183
1774945780.2914,0.0000,0.0000,0.0000,0.0000,0.0000,-3.1273,-0.2182,-25.2284,-0.1484,-0.0363,-0.0258
1774945780.3114,0.0000,0.0000,0.0000,0.0000,0.0000,-3.1280,-0.2172,0.0000,-0.2506,-0.0491,-0.0279
1774945780.3314,0.0000,0.0000,0.0000,0.0000,0.0000,-3.1302,-0.2166,0.0000,-0.3199,-0.0129,-0.0055
1774945780.3520,0.0000,0.0000,0.0000,0.0000,0.0000,-3.1322,-0.2153,4.7843,-0.2304,-0.0118,0.0104
1774945780.3713,0.0000,0.0000,0.0000,0.0000,0.0000,-3.1306,-0.2159,0.0000,-0.0706,0.0489,0.0083
1774945780.3922,0.0000,0.0000,0.0000,0.0000,0.0000,-3.1355,-0.2165,-4.1947,-0.0674,0.0564,-0.0045
1774945780.4112,0.0000,0.0000,0.0000,0.0000,0.0000,3.1410,-0.2168,-30.3457,-0.1270,0.0116,-0.0183
1774945780.4313,0.0000,0.0000,0.0000,0.0000,0.0000,3.1340,-0.2172,-24.6623,-0.1228,-0.0438,-0.0279
1774945780.4512,0.0000,0.0000,0.0000,0.0000,0.0000,3.1285,-0.2159,41.2109,-0.0727,-0.1183,-0.0109
1774945780.4712,0.0000,0.0000,0.0000,0.0000,0.0000,3.1242,-0.2141,0.0000,-0.0376,-0.1130,0.0030
1774945780.4913,0.0000,0.0000,0.0000,0.0000,0.0000,3.1206,-0.2143,0.0000,-0.0759,-0.0672,0.0264
1774945780.5113,0.0000,0.0000,0.0000,0.0000,0.0000,3.1172,-0.2165,-15.4469,-0.1068,-0.0001,0.0339
1774945780.5312,0.0000,0.0000,0.0000,0.0000,0.0000,3.1196,-0.2160,-74.2721,-0.0077,-0.0097,0.0328
1774945780.5514,0.0000,0.0000,0.0000,0.0000,0.0000,3.1245,-0.2134,-10.2228,0.1734,-0.0331,0.0296
1774945780.5713,0.0000,0.0000,0.0000,0.0000,0.0000,3.1249,-0.2115,-11.4712,0.1670,-0.0384,0.0147
1774945780.5915,0.0000,0.0000,0.0000,0.0000,0.0000,3.1230,-0.2104,0.2383,0.0743,-0.0587,0.0040
1774945780.6115,0.0000,0.0000,0.0000,0.0000,0.0000,3.1215,-0.2076,-49.3277,-0.0088,-0.1173,-0.0151
1774945780.6313,0.0000,0.0000,0.0000,0.0000,0.0000,3.1246,-0.2078,-33.9953,0.0754,-0.0672,-0.0993
1774945780.6513,0.0000,0.0000,0.0000,0.0000,0.0000,3.1298,-0.2078,-104.8402,0.1659,-0.0406,-0.1707
1774945780.6713,0.0000,0.0000,0.0000,0.0000,0.0000,3.1329,-0.2100,-65.6573,0.1062,0.0127,-0.1984
1774945780.6913,0.0000,0.0000,0.0000,0.0000,0.0000,3.1336,-0.2150,15.2282,0.0349,0.1373,-0.2016
1774945780.7113,0.0000,0.0000,0.0000,0.0000,0.0000,3.1371,-0.2190,-41.1495,0.0455,0.1863,-0.1909
1774945780.7314,0.0000,0.0000,0.0000,0.0000,0.0000,3.1396,-0.2197,-39.6962,0.1489,0.1874,-0.1078
1774945780.7523,0.0000,0.0000,0.0000,0.0000,0.0000,3.1388,-0.2200,-26.6537,0.0871,0.0905,0.0530
1774945780.7713,0.0000,0.0000,0.0000,0.0000,0.0000,3.1360,-0.2198,-62.4084,-0.0354,0.0702,0.1606
1774945780.7913,0.0000,0.0000,0.0000,0.0000,0.0000,3.1371,-0.2174,-8.3370,-0.0269,0.0393,0.1542
1774945780.8118,0.0000,0.0000,0.0000,0.0000,0.0000,3.1403,-0.2163,6.1086,-0.0152,0.0138,0.1223
1774945780.8312,0.0000,0.0000,0.0000,0.0000,0.0000,-3.1386,-0.2180,-13.7776,0.0327,0.0255,0.0605
1774945780.8513,0.0000,0.0000,0.0000,0.0000,0.0000,-3.1326,-0.2193,15.2108,0.1020,0.0340,0.0040
1774945780.8713,0.0000,0.0000,0.0000,0.0000,0.0000,-3.1307,-0.2177,-13.6916,0.1819,-0.0065,-0.0354
1774945780.8915,0.0000,0.0000,0.0000,0.0000,0.0000,-3.1309,-0.2186,-35.5916,0.1883,0.0116,-0.0450
1774945780.9115,0.0000,0.0000,0.0000,0.0000,0.0000,-3.1321,-0.2199,32.9774,0.1222,0.0447,-0.0258
1774945780.9314,0.0000,0.0000,0.0000,0.0000,0.0000,-3.1336,-0.2212,39.3692,0.1318,0.0351,-0.0034
1774945780.9518,0.0000,0.0000,0.0000,0.0000,0.0000,-3.1341,-0.2206,3.5524,0.1276,-0.0161,0.0190
1774945780.9715,0.0000,0.0000,0.0000,0.0000,0.0000,-3.1320,-0.2222,-19.1736,0.0711,0.0020,0.0381
1774945780.9912,0.0000,0.0000,0.0000,0.0000,0.0000,-3.1279,-0.2242,-17.2873,0.0136,0.0724,0.0328
1774945781.0113,0.0000,0.0000,0.0000,0.0000,0.0000,-3.1243,-0.2248,-38.0829,-0.0333,0.0766,0.0179
1774945781.0314,0.0000,0.0000,0.0000,0.0000,0.0000,-3.1213,-0.2245,-2.2243,-0.0557,0.0308,0.0136
1774945781.0513,0.0000,0.0000,0.0000,0.0000,0.0000,-3.1186,-0.2235,51.1533,-0.0780,-0.0171,0.0051
1774945781.0713,0.0000,0.0000,0.0000,0.0000,0.0000,-3.1169,-0.2218,67.2786,-0.0972,-0.0693,-0.0087
1774945781.0914,0.0000,0.0000,0.0000,0.0000,0.0000,-3.1165,-0.2206,44.5729,-0.1239,-0.0949,-0.0205
1774945781.1113,0.0000,0.0000,0.0000,0.0000,0.0000,-3.1188,-0.2223,-2.5154,-0.1430,-0.0597,-0.0205
1774945781.1314,0.0000,0.0000,0.0000,0.0000,0.0000,-3.1235,-0.2249,-32.0303,-0.1771,-0.0225,-0.0237
1774945781.1513,0.0000,0.0000,0.0000,0.0000,0.0000,-3.1258,-0.2253,-89.7825,-0.1409,-0.0225,-0.0237
1774945781.1712,0.0000,0.0000,0.0000,0.0000,0.0000,-3.1279,-0.2233,-8.1015,-0.0482,-0.0725,0.0115
1774945781.1912,0.0000,0.0000,0.0000,0.0000,0.0000,-3.1315,-0.2191,-32.9360,0.0295,-0.1620,0.0040
1774945781.2119,0.0000,0.0000,0.0000,0.0000,0.0000,-3.1350,-0.2153,47.2327,0.0104,-0.1972,-0.0045
1774945781.2313,0.0000,0.0000,0.0000,0.0000,0.0000,-3.1390,-0.2124,8.9700,-0.0216,-0.1514,-0.0024
1774945781.2520,0.0000,0.0000,0.0000,0.0000,0.0000,3.1412,-0.2119,-4.1565,-0.0056,-0.1205,-0.0066
1774945781.2713,0.0000,0.0000,0.0000,0.0000,0.0000,3.1402,-0.2151,19.4008,0.0242,0.0031,-0.0045
1774945781.2913,0.0000,0.0000,0.0000,0.0000,0.0000,-3.1396,-0.2172,46.3998,0.0562,0.0297,0.0030
1774945781.3114,0.0000,0.0000,0.0000,0.0000,0.0000,-3.1405,-0.2189,-19.5193,0.0359,0.0297,0.0104
1774945781.3313,0.0000,0.0000,0.0000,0.0000,0.0000,3.1412,-0.2194,-27.8469,-0.0557,0.0532,0.0072
1774945781.3519,0.0000,0.0000,0.0000,0.0000,0.0000,3.1408,-0.2208,17.3635,-0.1249,0.0755,0.0158
1774945781.3714,0.0000,0.0000,0.0000,0.0000,0.0000,-3.1410,-0.2196,12.1528,-0.0567,0.0180,0.0317
1774945781.3913,0.0000,0.0000,0.0000,0.0000,0.0000,-3.1378,-0.2173,-22.5087,0.0647,-0.0310,0.0200
1774945781.4114,0.0000,0.0000,0.0000,0.0000,0.0000,-3.1377,-0.2173,12.1111,0.0253,-0.0012,-0.0013
1774945781.4313,0.0000,0.0000,0.0000,0.0000,0.0000,-3.1407,-0.2184,10.9242,-0.0354,0.0116,-0.0077
1774945781.4515,0.0000,0.0000,0.0000,0.0000,0.0000,3.1413,-0.2210,-5.6473,-0.0152,0.0510,0.0030
1774945781.4713,0.0000,0.0000,0.0000,0.0000,0.0000,3.1397,-0.2239,21.7583,0.0274,0.0830,0.0253
1774945781.4913,0.0000,0.0000,0.0000,0.0000,0.0000,3.1375,-0.2254,35.9497,-0.0024,0.0894,0.0403
1774945781.5113,0.0000,0.0000,0.0000,0.0000,0.0000,3.1346,-0.2257,24.9448,-0.0205,0.0329,0.0413
1774945781.5313,0.0000,0.0000,0.0000,0.0000,0.0000,3.1347,-0.2218,60.8248,0.0050,-0.1066,0.0349
1774945781.5514,0.0000,0.0000,0.0000,0.0000,0.0000,3.1383,-0.2161,34.4561,0.0615,-0.2504,0.0339
1774945781.5713,0.0000,0.0000,0.0000,0.0000,0.0000,3.1383,-0.2122,46.0768,0.0381,-0.2611,0.0445
1774945781.5916,0.0000,0.0000,0.0000,0.0000,0.0000,3.1363,-0.2102,36.1445,-0.0248,-0.2099,0.0339
1774945781.6117,0.0000,0.0000,0.0000,0.0000,0.0000,3.1394,-0.2088,-1.6549,0.0274,-0.1386,0.0083
1774945781.6316,0.0000,0.0000,0.0000,0.0000,0.0000,-3.1381,-0.2074,-23.7454,0.1489,-0.0331,-0.0066
1774945781.6519,0.0000,0.0000,0.0000,0.0000,0.0000,-3.1341,-0.2064,-0.0588,0.1574,0.0436,-0.0119
1774945781.6713,0.0000,0.0000,0.0000,0.0000,0.0000,-3.1354,-0.2066,-39.5551,0.0977,0.0724,-0.0119
1774945781.6944,0.0000,0.0000,0.0000,0.0000,0.0000,-3.1363,-0.2057,-3.4484,0.0807,0.0468,-0.0045
1774945781.7122,0.0000,0.0000,0.0000,0.0000,0.0000,-3.1366,-0.2034,-0.7529,0.1212,0.0020,0.0083
1774945781.7315,0.0000,0.0000,0.0000,0.0000,0.0000,-3.1348,-0.2013,39.4089,0.1137,-0.0278,-0.0194
1774945781.7514,0.0000,0.0000,0.0000,0.0000,0.0000,-3.1327,-0.2040,36.7740,0.0988,0.0585,-0.0695
1774945781.7713,0.0000,0.0000,0.0000,0.0000,0.0000,-3.1261,-0.2105,84.6603,0.1755,0.1459,-0.1589
1774945781.7912,0.0000,0.0000,0.0000,0.0000,0.0000,-3.1235,-0.2089,28.1494,0.1968,-0.0033,-0.1153
1774945781.8112,0.0000,0.0000,0.0000,0.0000,0.0000,-3.1241,-0.2073,88.5427,0.0881,-0.0672,-0.0119
1774945781.8318,0.0000,0.0000,0.0000,0.0000,0.0000,-3.1260,-0.2073,64.8775,-0.0557,-0.0203,0.0807
1774945781.8557,0.0000,0.0000,0.0000,0.0000,0.0000,-3.1288,-0.2062,-56.5666,-0.1334,-0.0150,0.1191
1774945781.8712,0.0000,0.0000,0.0000,0.0000,0.0000,-3.1274,-0.2057,36.2997,-0.1505,-0.0043,0.1372
1774945781.8914,0.0000,0.0000,0.0000,0.0000,0.0000,-3.1253,-0.2056,36.1627,-0.0972,0.0116,0.0978
1774945781.9114,0.0000,0.0000,0.0000,0.0000,0.0000,-3.1219,-0.2071,30.7482,-0.0354,0.0500,0.0403
1774945781.9313,0.0000,0.0000,0.0000,0.0000,0.0000,-3.1189,-0.2102,8.9649,-0.0333,0.0660,-0.0098
1774945781.9519,0.0000,0.0000,0.0000,0.0000,0.0000,-3.1211,-0.2131,-25.1138,-0.0237,0.0479,-0.0428
1774945781.9719,0.0000,0.0000,0.0000,0.0000,0.0000,-3.1234,-0.2151,-37.7673,-0.0163,0.0297,-0.0567
1774945781.9915,0.0000,0.0000,0.0000,0.0000,0.0000,-3.1286,-0.2156,-62.0743,-0.0642,0.0393,-0.0215
1774945782.0122,0.0000,0.0000,0.0000,0.0000,0.0000,-3.1340,-0.2155,-20.4690,-0.0930,0.0649,0.0040
1774945782.0312,0.0000,0.0000,0.0000,0.0000,0.0000,-3.1366,-0.2141,10.3400,-0.0876,0.0542,0.0200
1774945782.0513,0.0000,0.0000,0.0000,0.0000,0.0000,-3.1347,-0.2125,1.4700,-0.0322,0.0052,0.0264
1774945782.0713,0.0000,0.0000,0.0000,0.0000,0.0000,-3.1372,-0.2117,-18.7456,-0.0418,-0.0533,0.0253
1774945782.0916,0.0000,0.0000,0.0000,0.0000,0.0000,-3.1374,-0.2105,-10.3648,-0.0589,-0.1141,0.0232
1774945782.1126,0.0000,0.0000,0.0000,0.0000,0.0000,-3.1366,-0.2104,18.7290,-0.0834,-0.1002,0.0104
1774945782.1315,0.0000,0.0000,0.0000,0.0000,0.0000,-3.1373,-0.2106,-82.9210,-0.0503,-0.1492,0.0115
1774945782.1512,0.0000,0.0000,0.0000,0.0000,0.0000,-3.1358,-0.2119,-15.9496,0.0072,-0.0693,0.0115
1774945782.1715,0.0000,0.0000,0.0000,0.0000,0.0000,-3.1336,-0.2141,31.6766,0.0519,0.0233,0.0083
1774945782.1916,0.0000,0.0000,0.0000,0.0000,0.0000,-3.1354,-0.2127,6.1519,0.0402,0.0372,0.0104
1774945782.2123,0.0000,0.0000,0.0000,0.0000,0.0000,-3.1388,-0.2109,59.7865,-0.0482,0.0351,0.0243
1774945782.2331,0.0000,0.0000,0.0000,0.0000,0.0000,-3.1404,-0.2089,89.9999,-0.0386,0.0170,0.0190
1774945782.2516,0.0000,0.0000,0.0000,0.0000,0.0000,-3.1410,-0.2087,58.8750,-0.0674,0.0095,0.0072
1774945782.2713,0.0000,0.0000,0.0000,0.0000,0.0000,-3.1399,-0.2074,15.5978,-0.0876,-0.0075,-0.0024
1774945782.2922,0.0000,0.0000,0.0000,0.0000,0.0000,-3.1377,-0.2069,-22.7595,-0.0429,-0.0448,-0.0215
1774945782.3116,0.0000,0.0000,0.0000,0.0000,0.0000,-3.1354,-0.2074,-38.6252,-0.0280,-0.0320,-0.0269
1774945782.3322,0.0000,0.0000,0.0000,0.0000,0.0000,-3.1356,-0.2104,6.0916,-0.0205,-0.0257,-0.0024
1774945782.3535,0.0000,0.0000,0.0000,0.0000,0.0000,-3.1374,-0.2131,3.7349,-0.0131,-0.0246,0.0126
1774945782.3713,0.0000,0.0000,0.0000,0.0000,0.0000,-3.1377,-0.2179,-0.3379,0.0232,0.0766,0.0136
1774945782.3913,0.0000,0.0000,0.0000,0.0000,0.0000,-3.1391,-0.2232,35.0375,0.0604,0.1086,0.0083
1774945782.4117,0.0000,0.0000,0.0000,0.0000,0.0000,-3.1392,-0.2260,66.7826,0.0583,0.0937,-0.0024
1774945782.4312,0.0000,0.0000,0.0000,0.0000,0.0000,-3.1395,-0.2251,27.6482,0.0636,0.0287,0.0019
1774945782.4529,0.0000,0.0000,0.0000,0.0000,0.0000,-3.1382,-0.2209,-47.4476,0.1595,-0.1482,0.0072
1774945782.4715,0.0000,0.0000,0.0000,0.0000,0.0000,-3.1370,-0.2170,-93.1172,0.1861,-0.1961,0.0136
1774945782.4932,0.0000,0.0000,0.0000,0.0000,0.0000,-3.1379,-0.2142,-26.9679,0.0647,-0.1396,0.0381
1774945782.5120,0.0000,0.0000,0.0000,0.0000,0.0000,-3.1401,-0.2138,-24.6423,0.0050,-0.0853,0.0445
1774945782.5313,0.0000,0.0000,0.0000,0.0000,0.0000,-3.1377,-0.2146,-97.1421,-0.0013,-0.0331,0.0488
1774945782.5513,0.0000,0.0000,0.0000,0.0000,0.0000,-3.1333,-0.2143,1.7183,0.0370,-0.0214,0.0509
1774945782.5713,0.0000,0.0000,0.0000,0.0000,0.0000,-3.1282,-0.2140,44.2301,0.0540,-0.0214,0.0403
1774945782.5916,0.0000,0.0000,0.0000,0.0000,0.0000,-3.1229,-0.2153,0.0000,0.0775,0.0084,0.0147
1774945782.6115,0.0000,0.0000,0.0000,0.0000,0.0000,-3.1178,-0.2181,0.0000,0.0849,0.0372,0.0019
1774945782.6314,0.0000,0.0000,0.0000,0.0000,0.0000,-3.1202,-0.2181,0.0000,0.0093,0.1416,-0.0034
1774945782.6514,0.0000,0.0000,0.0000,0.0000,0.0000,-3.1250,-0.2203,0.0000,-0.1611,0.2002,-0.0066
1774945782.6714,0.0000,0.0000,0.0000,0.0000,0.0000,-3.1289,-0.2224,0.0000,-0.2698,0.1437,-0.0045
1774945782.6916,0.0000,0.0000,0.0000,0.0000,0.0000,-3.1307,-0.2211,0.0000,-0.2613,-0.0246,0.0147
1774945782.7114,0.0000,0.0000,0.0000,0.0000,0.0000,-3.1302,-0.2175,0.0000,-0.1388,-0.1673,0.0104
1774945782.7312,0.0000,0.0000,0.0000,0.0000,0.0000,-3.1280,-0.2138,0.0000,-0.0951,-0.1439,0.0008
1774945782.7516,0.0000,0.0000,0.0000,0.0000,0.0000,-3.1325,-0.2124,0.0000,-0.1547,-0.0246,-0.0183
1774945782.7712,0.0000,0.0000,0.0000,0.0000,0.0000,-3.1394,-0.2142,0.0000,-0.1601,0.0052,-0.0237
1774945782.7913,0.0000,0.0000,0.0000,0.0000,0.0000,3.1379,-0.2174,0.0000,-0.1388,0.0393,-0.0119
1774945782.8125,0.0000,0.0000,0.0000,0.0000,0.0000,3.1331,-0.2166,-16.6881,-0.1345,0.0564,-0.0119
1774945782.8312,0.0000,0.0000,0.0000,0.0000,0.0000,3.1266,-0.2135,0.0000,-0.1697,0.0074,-0.0098
1774945782.8517,0.0000,0.0000,0.0000,0.0000,0.0000,3.1224,-0.2147,0.0000,-0.1707,0.0031,-0.0098
1774945782.8713,0.0000,0.0000,0.0000,0.0000,0.0000,3.1205,-0.2169,0.0000,-0.1100,0.0777,-0.0247
1774945782.8913,0.0000,0.0000,0.0000,0.0000,0.0000,3.1216,-0.2180,0.0000,-0.0930,0.1650,-0.0311
1774945782.9177,0.0000,0.0000,0.0000,0.0000,0.0000,3.1204,-0.2182,14.5285,-0.0908,0.1885,-0.0364
1774945782.9315,0.0000,0.0000,0.0000,0.0000,0.0000,3.1164,-0.2187,0.0000,-0.0269,0.1416,-0.0407
1774945782.9518,0.0000,0.0000,0.0000,0.0000,0.0000,3.1154,-0.2200,-14.4016,0.0871,0.0340,-0.0258
1774945782.9734,0.0000,0.0000,0.0000,0.0000,0.0000,3.1132,-0.2193,0.0000,0.0647,-0.0331,-0.0183
1774945782.9912,0.0000,0.0000,0.0000,0.0000,0.0000,3.1102,-0.2180,24.9414,0.0253,-0.0597,0.0062
1774945783.0122,0.0000,0.0000,0.0000,0.0000,0.0000,3.1076,-0.2162,0.0000,0.0019,-0.0406,0.0296
1774945783.0314,0.0000,0.0000,0.0000,0.0000,0.0000,3.1082,-0.2179,-24.9135,0.0466,0.0287,0.0392
1774945783.0513,0.0000,0.0000,0.0000,0.0000,0.0000,3.1132,-0.2199,60.3052,0.0668,0.0883,0.0349
1774945783.0713,0.0000,0.0000,0.0000,0.0000,0.0000,3.1171,-0.2214,52.4907,0.0604,0.1064,0.0179
1774945783.0919,0.0000,0.0000,0.0000,0.0000,0.0000,3.1217,-0.2242,31.2563,0.0764,0.0798,-0.0013
1774945783.1119,0.0000,0.0000,0.0000,0.0000,0.0000,3.1277,-0.2255,-52.5309,0.1489,0.0606,-0.0055
1774945783.1313,0.0000,0.0000,0.0000,0.0000,0.0000,3.1307,-0.2276,-1.3897,0.1947,0.0638,-0.0087
1774945783.1513,0.0000,0.0000,0.0000,0.0000,0.0000,3.1308,-0.2284,70.7602,0.1552,0.0702,-0.0055
1774945783.1716,0.0000,0.0000,0.0000,0.0000,0.0000,3.1307,-0.2294,44.6088,0.1116,0.0340,0.0179
1774945783.1918,0.0000,0.0000,0.0000,0.0000,0.0000,3.1325,-0.2297,1.6028,0.1638,-0.0054,0.0445
1774945783.2118,0.0000,0.0000,0.0000,0.0000,0.0000,3.1342,-0.2284,-27.9109,0.2106,-0.0896,0.0775
1774945783.2334,0.0000,0.0000,0.0000,0.0000,0.0000,3.1385,-0.2283,13.3919,0.1627,-0.1279,0.0722
1774945783.2560,0.0000,0.0000,0.0000,0.0000,0.0000,3.1412,-0.2282,14.3432,0.0871,-0.0832,0.0743
1774945783.2712,0.0000,0.0000,0.0000,0.0000,0.0000,-3.1385,-0.2295,-51.3377,0.0040,-0.0086,0.0509
1774945783.2916,0.0000,0.0000,0.0000,0.0000,0.0000,-3.1347,-0.2308,-55.1255,-0.0184,0.0393,0.0360
1774945783.3147,0.0000,0.0000,0.0000,0.0000,0.0000,-3.1323,-0.2305,30.7107,-0.0408,0.0447,0.0339
1774945783.3314,0.0000,0.0000,0.0000,0.0000,0.0000,-3.1288,-0.2300,-9.6912,-0.0482,0.0127,0.0243
1774945783.3528,0.0000,0.0000,0.0000,0.0000,0.0000,-3.1251,-0.2294,-8.8020,0.0125,-0.0107,0.0126
1774945783.3712,0.0000,0.0000,0.0000,0.0000,0.0000,-3.1219,-0.2290,11.6132,0.0455,-0.0587,0.0019
1774945783.3912,0.0000,0.0000,0.0000,0.0000,0.0000,-3.1222,-0.2271,80.0709,0.0189,-0.1354,-0.0269
1774945783.4113,0.0000,0.0000,0.0000,0.0000,0.0000,-3.1258,-0.2247,49.3336,-0.0227,-0.1460,-0.0300
1774945783.4317,0.0000,0.0000,0.0000,0.0000,0.0000,-3.1295,-0.2244,10.5909,-0.0418,-0.0651,-0.0237
1774945783.4521,0.0000,0.0000,0.0000,0.0000,0.0000,-3.1315,-0.2256,-3.6494,-0.0674,0.0255,-0.0237
1774945783.4713,0.0000,0.0000,0.0000,0.0000,0.0000,-3.1332,-0.2246,-10.4417,-0.0685,0.0383,-0.0087
1774945783.4912,0.0000,0.0000,0.0000,0.0000,0.0000,-3.1332,-0.2204,-19.2863,-0.0354,-0.0725,0.0040
1774945783.5114,0.0000,0.0000,0.0000,0.0000,0.0000,-3.1328,-0.2153,25.8557,0.0040,-0.1727,0.0083
1774945783.5312,0.0000,0.0000,0.0000,0.0000,0.0000,-3.1323,-0.2118,8.9142,-0.0301,-0.1300,0.0072
1774945783.5513,0.0000,0.0000,0.0000,0.0000,0.0000,-3.1356,-0.2137,27.6680,-0.1036,0.0574,-0.0024
1774945783.5713,0.0000,0.0000,0.0000,0.0000,0.0000,-3.1378,-0.2171,77.6679,-0.1611,0.1309,-0.0247
1774945783.5912,0.0000,0.0000,0.0000,0.0000,0.0000,-3.1405,-0.2171,54.5762,-0.1515,0.0787,-0.0343
1774945783.6117,0.0000,0.0000,0.0000,0.0000,0.0000,3.1393,-0.2158,-11.5590,-0.1878,0.0159,-0.0173
1774945783.6314,0.0000,0.0000,0.0000,0.0000,0.0000,3.1330,-0.2150,-61.0829,-0.2549,-0.0182,0.0147
1774945783.6513,0.0000,0.0000,0.0000,0.0000,0.0000,3.1304,-0.2168,48.8726,-0.2346,-0.0097,0.0307
1774945783.6714,0.0000,0.0000,0.0000,0.0000,0.0000,3.1301,-0.2186,4.1010,-0.1558,-0.0097,0.0371
1774945783.6914,0.0000,0.0000,0.0000,0.0000,0.0000,3.1288,-0.2186,-18.3617,-0.1217,-0.0384,0.0264
1774945783.7113,0.0000,0.0000,0.0000,0.0000,0.0000,3.1257,-0.2177,70.1036,-0.0887,-0.1407,0.0019
1774945783.7313,0.0000,0.0000,0.0000,0.0000,0.0000,3.1242,-0.2156,-18.7071,-0.0013,-0.1801,-0.0162
1774945783.7513,0.0000,0.0000,0.0000,0.0000,0.0000,3.1213,-0.2143,-17.4744,0.0210,-0.1237,-0.0151
1774945783.7716,0.0000,0.0000,0.0000,0.0000,0.0000,3.1185,-0.2135,19.5269,0.0509,-0.1109,0.0030
1774945783.7914,0.0000,0.0000,0.0000,0.0000,0.0000,3.1162,-0.2120,-6.8212,0.0903,-0.1151,0.0243
1774945783.8115,0.0000,0.0000,0.0000,0.0000,0.0000,3.1145,-0.2108,-20.1418,0.1137,-0.1045,0.0509
1774945783.8321,0.0000,0.0000,0.0000,0.0000,0.0000,3.1138,-0.2108,-37.6025,0.1425,-0.0779,0.0445
1774945783.8523,0.0000,0.0000,0.0000,0.0000,0.0000,3.1187,-0.2102,-9.5657,0.2170,-0.0832,0.0221
1774945783.8714,0.0000,0.0000,0.0000,0.0000,0.0000,3.1222,-0.2068,-34.6118,0.2564,-0.0928,0.0190
1774945783.8913,0.0000,0.0000,0.0000,0.0000,0.0000,3.1230,-0.2043,-48.7266,0.1755,-0.0800,0.0317
1774945783.9114,0.0000,0.0000,0.0000,0.0000,0.0000,3.1254,-0.2000,5.1740,0.1180,-0.0033,0.0307
1774945783.9312,0.0000,0.0000,0.0000,0.0000,0.0000,3.1317,-0.2007,64.1520,0.1680,0.1544,0.0243
1774945783.9523,0.0000,0.0000,0.0000,0.0000,0.0000,3.1369,-0.2024,8.9158,0.2032,0.2183,0.0328
1774945783.9713,0.0000,0.0000,0.0000,0.0000,0.0000,-3.1405,-0.2043,-36.0403,0.1584,0.1810,0.0285
1774945783.9913,0.0000,0.0000,0.0000,0.0000,0.0000,-3.1400,-0.2041,-33.9616,0.0658,0.0787,0.0158
1774945784.0123,0.0000,0.0000,0.0000,0.0000,0.0000,-3.1369,-0.2062,-31.1304,-0.0024,0.0468,0.0168
1774945784.0313,0.0000,0.0000,0.0000,0.0000,0.0000,-3.1332,-0.2093,-44.7682,0.0072,0.0841,0.0094
1774945784.0523,0.0000,0.0000,0.0000,0.0000,0.0000,-3.1287,-0.2122,-8.3355,0.0391,0.0905,0.0051
1774945784.0713,0.0000,0.0000,0.0000,0.0000,0.0000,-3.1247,-0.2156,14.1131,0.0221,0.0585,-0.0066
1774945784.0912,0.0000,0.0000,0.0000,0.0000,0.0000,-3.1280,-0.2135,6.8706,-0.1100,0.0031,-0.0045
1774945784.1114,0.0000,0.0000,0.0000,0.0000,0.0000,-3.1319,-0.2102,-11.5222,-0.2176,-0.0502,-0.0024
1774945784.1314,0.0000,0.0000,0.0000,0.0000,0.0000,-3.1324,-0.2082,1.8539,-0.1643,0.0074,0.0072
1774945784.1565,0.0000,0.0000,0.0000,0.0000,0.0000,-3.1315,-0.2082,-36.9362,-0.1324,0.0702,0.0104
1774945784.1713,0.0000,0.0000,0.0000,0.0000,0.0000,-3.1321,-0.2084,-45.6153,-0.1824,0.0468,0.0147
1774945784.1913,0.0000,0.0000,0.0000,0.0000,0.0000,-3.1330,-0.2086,-30.8788,-0.1824,-0.0544,-0.0418
1774945784.2116,0.0000,0.0000,0.0000,0.0000,0.0000,-3.1358,-0.2103,-26.0761,-0.1334,-0.1215,-0.0460
1774945784.2313,0.0000,0.0000,0.0000,0.0000,0.0000,-3.1386,-0.2108,-15.7378,-0.0653,-0.1556,-0.0247
1774945784.2513,0.0000,0.0000,0.0000,0.0000,0.0000,-3.1409,-0.2109,-4.1897,-0.0077,-0.1535,-0.0109
1774945784.2712,0.0000,0.0000,0.0000,0.0000,0.0000,3.1384,-0.2100,-27.0899,-0.0195,-0.1141,0.0019
1774945784.2913,0.0000,0.0000,0.0000,0.0000,0.0000,3.1341,-0.2103,-14.3414,-0.0312,0.0052,-0.0109
1774945784.3113,0.0000,0.0000,0.0000,0.0000,0.0000,3.1309,-0.2115,14.4767,-0.0067,0.1224,0.0051
1774945784.3312,0.0000,0.0000,0.0000,0.0000,0.0000,3.1286,-0.2112,-27.9937,0.0668,0.1032,0.0232
1774945784.3526,0.0000,0.0000,0.0000,0.0000,0.0000,3.1277,-0.2103,5.1051,0.0956,0.0564,0.0072
1774945784.3712,0.0000,0.0000,0.0000,0.0000,0.0000,3.1267,-0.2093,65.1136,0.0775,-0.0065,0.0104
1774945784.3912,0.0000,0.0000,0.0000,0.0000,0.0000,3.1233,-0.2084,-12.4086,-0.0386,0.0063,0.0371
1774945784.4113,0.0000,0.0000,0.0000,0.0000,0.0000,3.1249,-0.2101,-72.2069,-0.0599,0.0596,0.0253
1774945784.4312,0.0000,0.0000,0.0000,0.0000,0.0000,3.1269,-0.2118,-11.0230,-0.0823,0.0628,0.0317
1774945784.4513,0.0000,0.0000,0.0000,0.0000,0.0000,3.1291,-0.2129,4.0229,-0.0972,0.0351,0.0264
1774945784.4713,0.0000,0.0000,0.0000,0.0000,0.0000,3.1317,-0.2140,-12.1626,-0.0482,0.0532,0.0019
1774945784.4916,0.0000,0.0000,0.0000,0.0000,0.0000,3.1351,-0.2133,-2.4317,0.0168,0.0457,0.0019
1774945784.5113,0.0000,0.0000,0.0000,0.0000,0.0000,3.1321,-0.2143,16.0063,-0.0045,0.0383,0.0115
1774945784.5314,0.0000,0.0000,0.0000,0.0000,0.0000,3.1320,-0.2141,50.9919,0.0700,0.0106,0.0019
1774945784.5513,0.0000,0.0000,0.0000,0.0000,0.0000,3.1311,-0.2119,-13.2994,0.0956,0.0031,-0.0162
1774945784.5713,0.0000,0.0000,0.0000,0.0000,0.0000,3.1286,-0.2110,-34.3287,0.0509,0.0170,-0.0237
1774945784.5914,0.0000,0.0000,0.0000,0.0000,0.0000,3.1262,-0.2120,-24.0279,0.0295,0.1043,-0.0215
1774945784.6118,0.0000,0.0000,0.0000,0.0000,0.0000,3.1258,-0.2133,1.9748,0.0402,0.1416,-0.0045
1774945784.6313,0.0000,0.0000,0.0000,0.0000,0.0000,3.1258,-0.2142,15.5564,0.0700,0.1043,0.0211
1774945784.6513,0.0000,0.0000,0.0000,0.0000,0.0000,3.1285,-0.2116,-16.3404,0.1307,0.0138,0.0403
1774945784.6713,0.0000,0.0000,0.0000,0.0000,0.0000,3.1339,-0.2096,1.0034,0.2064,0.0585,0.0360
1774945784.6917,0.0000,0.0000,0.0000,0.0000,0.0000,3.1356,-0.2090,15.3286,0.1787,0.1224,0.0349
1774945784.7113,0.0000,0.0000,0.0000,0.0000,0.0000,3.1355,-0.2089,14.9832,0.0956,0.1309,0.0381
1774945784.7313,0.0000,0.0000,0.0000,0.0000,0.0000,3.1359,-0.2076,18.9891,0.0636,0.0969,0.0403
1774945784.7513,0.0000,0.0000,0.0000,0.0000,0.0000,3.1375,-0.2052,22.8508,0.0082,0.0148,0.0488
1774945784.7712,0.0000,0.0000,0.0000,0.0000,0.0000,3.1402,-0.2030,-33.4731,-0.0535,-0.0139,0.0488
1774945784.7912,0.0000,0.0000,0.0000,0.0000,0.0000,-3.1403,-0.2038,12.5365,-0.0844,0.0180,0.0413
1774945784.8112,0.0000,0.0000,0.0000,0.0000,0.0000,-3.1371,-0.2047,25.8138,-0.0408,0.0276,0.0317
1774945784.8312,0.0000,0.0000,0.0000,0.0000,0.0000,-3.1346,-0.2064,52.4126,-0.0621,0.0170,0.0147
1774945784.8513,0.0000,0.0000,0.0000,0.0000,0.0000,-3.1335,-0.2095,-15.6880,-0.0951,0.0138,-0.0055
1774945784.8712,0.0000,0.0000,0.0000,0.0000,0.0000,-3.1340,-0.2122,-14.4765,-0.1377,-0.0246,-0.0183
1774945784.8912,0.0000,0.0000,0.0000,0.0000,0.0000,-3.1369,-0.2145,-4.8803,-0.1665,-0.0917,-0.0205
1774945784.9113,0.0000,0.0000,0.0000,0.0000,0.0000,-3.1387,-0.2152,-39.2620,-0.1675,-0.1482,-0.0237
1774945784.9312,0.0000,0.0000,0.0000,0.0000,0.0000,-3.1405,-0.2171,-11.0969,-0.0365,-0.0523,-0.0162
1774945784.9515,0.0000,0.0000,0.0000,0.0000,0.0000,3.1408,-0.2187,0.9914,0.0295,0.0084,-0.0087
1774945784.9712,0.0000,0.0000,0.0000,0.0000,0.0000,3.1361,-0.2175,-24.4413,-0.0109,-0.0267,-0.0024
1774945784.9912,0.0000,0.0000,0.0000,0.0000,0.0000,3.1314,-0.2154,52.5480,-0.0535,-0.0502,0.0126
1774945785.0112,0.0000,0.0000,0.0000,0.0000,0.0000,3.1281,-0.2117,24.1685,-0.0418,-0.0459,0.0253
1774945785.0313,0.0000,0.0000,0.0000,0.0000,0.0000,3.1316,-0.2094,12.3206,0.0253,-0.0182,0.0211
1774945785.0514,0.0000,0.0000,0.0000,0.0000,0.0000,3.1344,-0.2063,1.3058,0.0498,0.0010,0.0019
1774945785.0713,0.0000,0.0000,0.0000,0.0000,0.0000,3.1328,-0.2049,18.3569,-0.0003,-0.0043,-0.0087
1774945785.0912,0.0000,0.0000,0.0000,0.0000,0.0000,3.1339,-0.2053,-24.7272,-0.0205,0.0159,-0.0119
1774945785.1115,0.0000,0.0000,0.0000,0.0000,0.0000,3.1376,-0.2080,-56.5017,0.0466,0.0702,-0.0205
1774945785.1313,0.0000,0.0000,0.0000,0.0000,0.0000,-3.1406,-0.2098,0.0000,0.1286,0.1224,-0.0055
1774945785.1512,0.0000,0.0000,0.0000,0.0000,0.0000,-3.1414,-0.2129,-19.7134,0.1521,0.1096,0.0115
1774945785.1714,0.0000,0.0000,0.0000,0.0000,0.0000,3.1399,-0.2145,0.0000,0.0839,0.0383,0.0264
1774945785.1914,0.0000,0.0000,0.0000,0.0000,0.0000,3.1374,-0.2161,0.0000,0.0359,-0.0257,0.0445
1774945785.2124,0.0000,0.0000,0.0000,0.0000,0.0000,3.1400,-0.2183,0.0000,0.0594,-0.0789,0.0584
1774945785.2315,0.0000,0.0000,0.0000,0.0000,0.0000,3.1411,-0.2194,0.0000,0.0913,-0.0949,0.0584
1774945785.2569,0.0000,0.0000,0.0000,0.0000,0.0000,-3.1384,-0.2199,-13.6689,0.0445,-0.0523,0.0328
1774945785.2714,0.0000,0.0000,0.0000,0.0000,0.0000,-3.1343,-0.2223,0.0000,-0.0003,-0.0267,0.0158
1774945785.2913,0.0000,0.0000,0.0000,0.0000,0.0000,-3.1305,-0.2234,0.0000,0.0061,-0.0352,-0.0098
1774945785.3113,0.0000,0.0000,0.0000,0.0000,0.0000,-3.1281,-0.2207,0.0000,-0.0269,-0.0374,-0.0151
1774945785.3312,0.0000,0.0000,0.0000,0.0000,0.0000,-3.1257,-0.2194,0.0000,-0.0450,-0.0779,-0.0034
1774945785.3512,0.0000,0.0000,0.0000,0.0000,0.0000,-3.1224,-0.2185,0.0000,0.0232,-0.0992,-0.0024
1774945785.3712,0.0000,0.0000,0.0000,0.0000,0.0000,-3.1224,-0.2188,0.0000,0.0413,-0.0715,-0.0119
1774945785.3915,0.0000,0.0000,0.0000,0.0000,0.0000,-3.1274,-0.2177,0.0000,-0.0717,-0.0544,-0.0119
1774945785.4114,0.0000,0.0000,0.0000,0.0000,0.0000,-3.1304,-0.2174,-18.0035,-0.1686,-0.0374,-0.0077
1774945785.4313,0.0000,0.0000,0.0000,0.0000,0.0000,-3.1312,-0.2171,0.0000,-0.1452,0.0202,-0.0045
1774945785.4513,0.0000,0.0000,0.0000,0.0000,0.0000,-3.1292,-0.2175,27.2926,-0.0940,0.0074,-0.0173
1774945785.4713,0.0000,0.0000,0.0000,0.0000,0.0000,-3.1269,-0.2182,0.0000,-0.0365,-0.0203,-0.0205
1774945785.4912,0.0000,0.0000,0.0000,0.0000,0.0000,-3.1281,-0.2206,4.1169,-0.0376,-0.0715,-0.0279
1774945785.5112,0.0000,0.0000,0.0000,0.0000,0.0000,-3.1327,-0.2200,0.0000,-0.0450,-0.1130,-0.0290
1774945785.5313,0.0000,0.0000,0.0000,0.0000,0.0000,-3.1373,-0.2186,33.0997,-0.0301,-0.1119,-0.0151
1774945785.5512,0.0000,0.0000,0.0000,0.0000,0.0000,-3.1405,-0.2148,21.7738,-0.0227,-0.0981,-0.0034
1774945785.5712,0.0000,0.0000,0.0000,0.0000,0.0000,3.1390,-0.2118,0.0000,0.0019,-0.0810,0.0104
1774945785.5912,0.0000,0.0000,0.0000,0.0000,0.0000,3.1359,-0.2092,15.6368,0.0338,-0.0512,0.0126
1774945785.6113,0.0000,0.0000,0.0000,0.0000,0.0000,3.1327,-0.2075,0.0000,0.0210,-0.0395,0.0190
1774945785.6312,0.0000,0.0000,0.0000,0.0000,0.0000,3.1299,-0.2066,33.2758,-0.0013,0.0042,0.0392
1774945785.6513,0.0000,0.0000,0.0000,0.0000,0.0000,3.1306,-0.2056,38.6426,-0.0173,0.0436,0.0285
1774945785.6714,0.0000,0.0000,0.0000,0.0000,0.0000,3.1334,-0.2044,54.1432,-0.0322,0.0042,0.0136
1774945785.6913,0.0000,0.0000,0.0000,0.0000,0.0000,3.1360,-0.2017,-29.8314,-0.0344,-0.0406,0.0147
1774945785.7113,0.0000,0.0000,0.0000,0.0000,0.0000,3.1396,-0.2004,-33.1717,0.0146,-0.0374,0.0136
1774945785.7312,0.0000,0.0000,0.0000,0.0000,0.0000,-3.1389,-0.2006,-24.2859,0.0764,0.0308,0.0008
1774945785.7512,0.0000,0.0000,0.0000,0.0000,0.0000,-3.1372,-0.2029,24.5840,0.0935,0.1139,-0.0162
1774945785.7712,0.0000,0.0000,0.0000,0.0000,0.0000,-3.1404,-0.2057,17.4679,0.0232,0.1682,-0.0311
1774945785.7912,0.0000,0.0000,0.0000,0.0000,0.0000,3.1397,-0.2086,43.0857,0.0104,0.1959,-0.0545
1774945785.8113,0.0000,0.0000,0.0000,0.0000,0.0000,3.1359,-0.2120,-9.4743,0.0072,0.2087,-0.0375
1774945785.8312,0.0000,0.0000,0.0000,0.0000,0.0000,3.1328,-0.2157,-0.8894,0.0498,0.1810,-0.0045
1774945785.8512,0.0000,0.0000,0.0000,0.0000,0.0000,3.1303,-0.2198,-16.1325,0.0658,0.1554,0.0147
1774945785.8717,0.0000,0.0000,0.0000,0.0000,0.0000,3.1285,-0.2229,-31.5007,0.0636,0.1395,0.0136
1774945785.8913,0.0000,0.0000,0.0000,0.0000,0.0000,3.1300,-0.2223,0.2944,0.0540,0.1000,0.0158
1774945785.9116,0.0000,0.0000,0.0000,0.0000,0.0000,3.1332,-0.2227,-35.2735,0.0679,0.1086,0.0136
1774945785.9317,0.0000,0.0000,0.0000,0.0000,0.0000,3.1360,-0.2233,49.8420,0.0636,0.0585,0.0104
1774945785.9512,0.0000,0.0000,0.0000,0.0000,0.0000,3.1374,-0.2210,34.8406,0.0221,-0.0352,0.0062
1774945785.9724,0.0000,0.0000,0.0000,0.0000,0.0000,3.1400,-0.2173,19.0387,0.0274,-0.1130,0.0104
1774945785.9920,0.0000,0.0000,0.0000,0.0000,0.0000,-3.1395,-0.2173,14.4366,0.0327,-0.1173,0.0232
1774945786.0113,0.0000,0.0000,0.0000,0.0000,0.0000,-3.1387,-0.2190,-22.5580,-0.0109,-0.0747,0.0285
1774945786.0313,0.0000,0.0000,0.0000,0.0000,0.0000,-3.1388,-0.2177,-8.3734,-0.0493,-0.0651,0.0349
1774945786.0518,0.0000,0.0000,0.0000,0.0000,0.0000,-3.1383,-0.2154,-15.1174,-0.0898,-0.1045,0.0403
1774945786.0713,0.0000,0.0000,0.0000,0.0000,0.0000,-3.1365,-0.2143,-18.9027,-0.0748,-0.1055,0.0328
1774945786.0913,0.0000,0.0000,0.0000,0.0000,0.0000,-3.1336,-0.2146,8.0644,-0.0077,-0.0725,0.0094
1774945786.1113,0.0000,0.0000,0.0000,0.0000,0.0000,-3.1334,-0.2150,12.7233,-0.0067,-0.0725,0.0019
1774945786.1312,0.0000,0.0000,0.0000,0.0000,0.0000,-3.1346,-0.2163,-22.4441,0.0189,-0.0736,-0.0130
1774945786.1522,0.0000,0.0000,0.0000,0.0000,0.0000,-3.1355,-0.2173,5.9954,0.0327,-0.0597,-0.0151
1774945786.1712,0.0000,0.0000,0.0000,0.0000,0.0000,-3.1382,-0.2178,18.7192,0.0349,-0.0928,0.0040
1774945786.1912,0.0000,0.0000,0.0000,0.0000,0.0000,-3.1395,-0.2192,-56.3094,0.0498,-0.0789,0.0136
1774945786.2129,0.0000,0.0000,0.0000,0.0000,0.0000,-3.1401,-0.2189,-5.2102,0.0668,-0.0821,0.0296
1774945786.2313,0.0000,0.0000,0.0000,0.0000,0.0000,3.1411,-0.2203,22.9874,0.0178,-0.0789,0.0317
1774945786.2539,0.0000,0.0000,0.0000,0.0000,0.0000,3.1401,-0.2190,-1.0623,-0.0290,-0.1322,0.0275
1774945786.2713,0.0000,0.0000,0.0000,0.0000,0.0000,-3.1395,-0.2169,-3.8743,-0.0120,-0.1673,0.0168
1774945786.2913,0.0000,0.0000,0.0000,0.0000,0.0000,-3.1356,-0.2148,-0.5135,0.0232,-0.1524,0.0190
1774945786.3112,0.0000,0.0000,0.0000,0.0000,0.0000,-3.1312,-0.2145,-35.0484,0.0658,-0.1077,0.0051
1774945786.3319,0.0000,0.0000,0.0000,0.0000,0.0000,-3.1283,-0.2147,-11.2203,0.0668,-0.1066,-0.0013
1774945786.3516,0.0000,0.0000,0.0000,0.0000,0.0000,-3.1293,-0.2147,71.0732,0.0487,-0.1098,-0.0215
1774945786.3714,0.0000,0.0000,0.0000,0.0000,0.0000,-3.1310,-0.2123,-29.2922,0.0572,-0.1407,-0.0226
1774945786.3914,0.0000,0.0000,0.0000,0.0000,0.0000,-3.1341,-0.2077,-21.6198,0.0306,-0.2238,0.0083
1774945786.4112,0.0000,0.0000,0.0000,0.0000,0.0000,-3.1363,-0.2057,-49.1853,-0.0141,-0.1482,0.0264
1774945786.4312,0.0000,0.0000,0.0000,0.0000,0.0000,-3.1383,-0.2053,11.8339,-0.0717,-0.0235,0.0392
1774945786.4512,0.0000,0.0000,0.0000,0.0000,0.0000,-3.1373,-0.2050,-1.7129,-0.1015,0.0127,0.0360
1774945786.4713,0.0000,0.0000,0.0000,0.0000,0.0000,-3.1359,-0.2040,45.2698,-0.0940,-0.0406,0.0136
1774945786.4912,0.0000,0.0000,0.0000,0.0000,0.0000,-3.1340,-0.2034,-8.5401,-0.0940,-0.0246,0.0019
1774945786.5112,0.0000,0.0000,0.0000,0.0000,0.0000,-3.1318,-0.2053,-17.9318,-0.0535,0.0553,-0.0119
1774945786.5312,0.0000,0.0000,0.0000,0.0000,0.0000,-3.1321,-0.2084,22.5357,-0.0333,0.1043,-0.0194
1774945786.5516,0.0000,0.0000,0.0000,0.0000,0.0000,-3.1349,-0.2087,18.6671,-0.0141,0.0606,-0.0173
1774945786.5712,0.0000,0.0000,0.0000,0.0000,0.0000,-3.1381,-0.2075,33.2809,-0.0514,-0.0278,-0.0237
1774945786.5914,0.0000,0.0000,0.0000,0.0000,0.0000,-3.1406,-0.2078,-3.2303,-0.0482,-0.0747,-0.0290
1774945786.6113,0.0000,0.0000,0.0000,0.0000,0.0000,-3.1404,-0.2065,80.8934,-0.0141,-0.0853,-0.0300
1774945786.6314,0.0000,0.0000,0.0000,0.0000,0.0000,-3.1391,-0.2063,16.6686,0.0232,-0.0374,-0.0141
1774945786.6513,0.0000,0.0000,0.0000,0.0000,0.0000,-3.1406,-0.2046,-11.4778,0.0540,-0.0086,-0.0034
1774945786.6713,0.0000,0.0000,0.0000,0.0000,0.0000,3.1403,-0.2027,2.6189,0.0413,-0.0235,0.0030
1774945786.6912,0.0000,0.0000,0.0000,0.0000,0.0000,3.1379,-0.1994,-4.9559,0.0423,-0.1087,0.0158
1774945786.7123,0.0000,0.0000,0.0000,0.0000,0.0000,3.1367,-0.1990,12.5240,0.0317,-0.1364,0.0158
1774945786.7314,0.0000,0.0000,0.0000,0.0000,0.0000,3.1357,-0.1955,-8.1707,0.0509,-0.1386,0.0221
1774945786.7514,0.0000,0.0000,0.0000,0.0000,0.0000,3.1365,-0.1927,-13.3065,0.0242,-0.1226,0.0115
1774945786.7712,0.0000,0.0000,0.0000,0.0000,0.0000,3.1388,-0.1929,-25.9004,0.0594,0.0244,-0.0013
1774945786.7913,0.0000,0.0000,0.0000,0.0000,0.0000,-3.1416,-0.1954,37.0093,0.1126,0.1373,-0.0013
1774945786.8113,0.0000,0.0000,0.0000,0.0000,0.0000,-3.1381,-0.1965,38.3276,0.1489,0.1373,0.0062
1774945786.8313,0.0000,0.0000,0.0000,0.0000,0.0000,-3.1377,-0.1957,8.9786,0.1020,0.0329,0.0136
1774945786.8513,0.0000,0.0000,0.0000,0.0000,0.0000,-3.1362,-0.1916,-15.9974,0.0796,-0.0874,0.0253
1774945786.8712,0.0000,0.0000,0.0000,0.0000,0.0000,-3.1336,-0.1889,-11.7170,0.0935,-0.0874,0.0360
1774945786.8913,0.0000,0.0000,0.0000,0.0000,0.0000,-3.1293,-0.1896,63.0673,0.0924,0.0127,0.0360
1774945786.9113,0.0000,0.0000,0.0000,0.0000,0.0000,-3.1272,-0.1898,4.9043,0.0519,0.1000,0.0285
1774945786.9314,0.0000,0.0000,0.0000,0.0000,0.0000,-3.1239,-0.1917,13.8025,0.0114,0.1459,0.0190
1774945786.9518,0.0000,0.0000,0.0000,0.0000,0.0000,-3.1209,-0.1940,37.0353,-0.0120,0.1469,0.0019
1774945786.9715,0.0000,0.0000,0.0000,0.0000,0.0000,-3.1171,-0.1959,-16.5248,0.0210,0.1235,-0.0141
1774945786.9912,0.0000,0.0000,0.0000,0.0000,0.0000,-3.1153,-0.1988,15.9774,0.0210,0.1000,-0.0194
1774945787.0114,0.0000,0.0000,0.0000,0.0000,0.0000,-3.1169,-0.1993,-8.0503,-0.0099,0.0702,-0.0226
1774945787.0321,0.0000,0.0000,0.0000,0.0000,0.0000,-3.1197,-0.1999,19.5766,0.0125,0.0393,-0.0109
1774945787.0514,0.0000,0.0000,0.0000,0.0000,0.0000,-3.1223,-0.1985,-24.5778,0.0189,-0.0012,0.0008
1774945787.0715,0.0000,0.0000,0.0000,0.0000,0.0000,-3.1232,-0.1981,2.9578,0.0093,-0.0310,0.0062
1774945787.0913,0.0000,0.0000,0.0000,0.0000,0.0000,-3.1256,-0.1984,-20.4492,-0.0141,-0.0310,0.0051
1774945787.1124,0.0000,0.0000,0.0000,0.0000,0.0000,-3.1237,-0.1998,-11.6632,-0.0322,-0.0001,-0.0109
1774945787.1316,0.0000,0.0000,0.0000,0.0000,0.0000,-3.1199,-0.2020,-3.8909,-0.0227,0.0489,-0.0194
1774945787.1514,0.0000,0.0000,0.0000,0.0000,0.0000,-3.1189,-0.2035,-12.4574,-0.0514,0.0329,-0.0269
1774945787.1713,0.0000,0.0000,0.0000,0.0000,0.0000,-3.1198,-0.2046,9.4507,-0.1345,0.0383,-0.0237
1774945787.1913,0.0000,0.0000,0.0000,0.0000,0.0000,-3.1212,-0.2037,-3.3626,-0.1920,0.0138,-0.0226
1774945787.2114,0.0000,0.0000,0.0000,0.0000,0.0000,-3.1208,-0.2037,-1.7539,-0.1505,0.0074,-0.0322
1774945787.2317,0.0000,0.0000,0.0000,0.0000,0.0000,-3.1170,-0.2032,-26.4938,0.0509,0.0020,-0.0386
1774945787.2513,0.0000,0.0000,0.0000,0.0000,0.0000,-3.1138,-0.2010,70.3413,0.1414,-0.0012,-0.0514
1774945787.2714,0.0000,0.0000,0.0000,0.0000,0.0000,-3.1152,-0.2003,-49.0350,0.1073,-0.0299,-0.0673
1774945787.2914,0.0000,0.0000,0.0000,0.0000,0.0000,-3.1174,-0.2006,-90.4439,0.0785,0.0404,-0.0663
1774945787.3112,0.0000,0.0000,0.0000,0.0000,0.0000,-3.1198,-0.2004,42.3029,0.1041,0.0276,-0.0311
1774945787.3312,0.0000,0.0000,0.0000,0.0000,0.0000,-3.1217,-0.2013,46.1827,0.1361,0.0265,0.0200
1774945787.3515,0.0000,0.0000,0.0000,0.0000,0.0000,-3.1226,-0.2027,-61.7619,0.1126,0.0436,0.0328
1774945787.3715,0.0000,0.0000,0.0000,0.0000,0.0000,-3.1239,-0.2063,7.8778,0.0434,0.1075,0.0317
1774945787.3912,0.0000,0.0000,0.0000,0.0000,0.0000,-3.1230,-0.2104,-2.1943,-0.0109,0.1064,0.0232
1774945787.4112,0.0000,0.0000,0.0000,0.0000,0.0000,-3.1186,-0.2115,11.1842,0.0327,0.0564,0.0147
1774945787.4317,0.0000,0.0000,0.0000,0.0000,0.0000,-3.1132,-0.2100,-1.4503,0.0924,-0.0512,0.0243
1774945787.4521,0.0000,0.0000,0.0000,0.0000,0.0000,-3.1092,-0.2062,-27.1500,0.0540,-0.1194,0.0158
1774945787.4713,0.0000,0.0000,0.0000,0.0000,0.0000,-3.1060,-0.2047,5.9959,-0.0184,-0.0672,0.0040
1774945787.4914,0.0000,0.0000,0.0000,0.0000,0.0000,-3.1045,-0.2066,15.9004,-0.0653,0.0148,-0.0226
1774945787.5112,0.0000,0.0000,0.0000,0.0000,0.0000,-3.1029,-0.2091,-11.6338,-0.1068,0.0606,-0.0332
1774945787.5313,0.0000,0.0000,0.0000,0.0000,0.0000,-3.1026,-0.2101,-32.0070,-0.1100,0.0255,-0.0194
1774945787.5513,0.0000,0.0000,0.0000,0.0000,0.0000,-3.1060,-0.2130,-30.9765,-0.1121,-0.0182,-0.0098
1774945787.5712,0.0000,0.0000,0.0000,0.0000,0.0000,-3.1078,-0.2138,20.9086,-0.0887,-0.0629,0.0030
1774945787.5913,0.0000,0.0000,0.0000,0.0000,0.0000,-3.1115,-0.2144,11.3291,-0.0493,-0.0885,0.0040
1774945787.6115,0.0000,0.0000,0.0000,0.0000,0.0000,-3.1135,-0.2142,-30.5647,-0.0322,-0.0725,-0.0087
1774945787.6315,0.0000,0.0000,0.0000,0.0000,0.0000,-3.1180,-0.2139,10.9858,-0.0301,-0.0470,-0.0162
1774945787.6514,0.0000,0.0000,0.0000,0.0000,0.0000,-3.1234,-0.2141,7.7166,-0.0940,0.0170,0.0030
1774945787.6712,0.0000,0.0000,0.0000,0.0000,0.0000,-3.1278,-0.2175,25.5877,-0.0887,0.1427,0.0104
1774945787.6914,0.0000,0.0000,0.0000,0.0000,0.0000,-3.1293,-0.2215,0.0000,-0.0599,0.1554,0.0083
1774945787.7113,0.0000,0.0000,0.0000,0.0000,0.0000,-3.1290,-0.2229,0.0000,-0.0408,0.0851,0.0179
1774945787.7313,0.0000,0.0000,0.0000,0.0000,0.0000,-3.1302,-0.2205,0.0000,-0.0184,0.0202,0.0136
1774945787.7514,0.0000,0.0000,0.0000,0.0000,0.0000,-3.1334,-0.2209,-25.5722,-0.0450,-0.0118,0.0253
1774945787.7713,0.0000,0.0000,0.0000,0.0000,0.0000,-3.1376,-0.2184,0.0000,-0.0642,0.0223,0.0275
1774945787.7915,0.0000,0.0000,0.0000,0.0000,0.0000,-3.1364,-0.2159,0.0000,-0.0567,0.0223,0.0243
1774945787.8112,0.0000,0.0000,0.0000,0.0000,0.0000,-3.1392,-0.2129,0.0000,-0.0280,-0.0075,0.0179
1774945787.8313,0.0000,0.0000,0.0000,0.0000,0.0000,-3.1399,-0.2163,0.0000,-0.0109,0.0116,-0.0002
1774945787.8514,0.0000,0.0000,0.0000,0.0000,0.0000,3.1403,-0.2199,0.0000,0.0019,0.0500,0.0008
1774945787.8712,0.0000,0.0000,0.0000,0.0000,0.0000,3.1382,-0.2195,0.0000,-0.0035,0.0500,0.0072
1774945787.8915,0.0000,0.0000,0.0000,0.0000,0.0000,3.1385,-0.2162,0.0000,0.0264,0.0170,0.0104
1774945787.9114,0.0000,0.0000,0.0000,0.0000,0.0000,3.1361,-0.2132,0.0000,0.0274,-0.0502,0.0179
1774945787.9333,0.0000,0.0000,0.0000,0.0000,0.0000,3.1362,-0.2089,0.0000,0.0402,-0.0438,0.0158
1774945787.9528,0.0000,0.0000,0.0000,0.0000,0.0000,3.1356,-0.2098,0.0000,0.1062,0.0052,0.0211
1774945787.9713,0.0000,0.0000,0.0000,0.0000,0.0000,3.1341,-0.2114,0.0000,0.1276,0.0926,0.0147
1774945787.9912,0.0000,0.0000,0.0000,0.0000,0.0000,3.1337,-0.2110,0.0000,0.1084,0.1032,0.0296
1774945788.0112,0.0000,0.0000,0.0000,0.0000,0.0000,3.1321,-0.2119,0.0000,0.0817,0.1171,0.0243
1774945788.0312,0.0000,0.0000,0.0000,0.0000,0.0000,3.1340,-0.2138,19.8495,0.0860,0.0969,0.0296
1774945788.0513,0.0000,0.0000,0.0000,0.0000,0.0000,3.1399,-0.2163,0.0000,0.0977,0.0862,0.0328
1774945788.0716,0.0000,0.0000,0.0000,0.0000,0.0000,-3.1374,-0.2167,0.0000,0.1137,0.0202,0.0307
1774945788.0912,0.0000,0.0000,0.0000,0.0000,0.0000,-3.1333,-0.2176,-16.5319,0.0594,0.0500,0.0349
1774945788.1120,0.0000,0.0000,0.0000,0.0000,0.0000,-3.1335,-0.2194,4.3756,-0.0003,0.1064,0.0467
1774945788.1322,0.0000,0.0000,0.0000,0.0000,0.0000,-3.1294,-0.2219,27.5603,-0.0013,0.1277,0.0253
1774945788.1521,0.0000,0.0000,0.0000,0.0000,0.0000,-3.1255,-0.2236,29.6628,-0.0013,0.1203,0.0136
1774945788.1717,0.0000,0.0000,0.0000,0.0000,0.0000,-3.1217,-0.2241,-2.1850,-0.0013,0.0617,0.0051
1774945788.1938,0.0000,0.0000,0.0000,0.0000,0.0000,-3.1182,-0.2240,-26.3050,0.0338,0.0159,-0.0098
1774945788.2113,0.0000,0.0000,0.0000,0.0000,0.0000,-3.1156,-0.2247,4.1614,0.0572,-0.0502,-0.0151
1774945788.2313,0.0000,0.0000,0.0000,0.0000,0.0000,-3.1171,-0.2244,-38.8548,0.0583,-0.0693,-0.0077
1774945788.2515,0.0000,0.0000,0.0000,0.0000,0.0000,-3.1191,-0.2243,-5.6287,0.0636,-0.0874,-0.0013
1774945788.2712,0.0000,0.0000,0.0000,0.0000,0.0000,-3.1209,-0.2264,40.9255,0.0999,-0.0374,0.0136
1774945788.2913,0.0000,0.0000,0.0000,0.0000,0.0000,-3.1212,-0.2279,-0.1118,0.1244,-0.0267,0.0488
1774945788.3112,0.0000,0.0000,0.0000,0.0000,0.0000,-3.1205,-0.2293,-48.5428,0.1222,0.0255,0.0520
1774945788.3312,0.0000,0.0000,0.0000,0.0000,0.0000,-3.1206,-0.2320,12.1526,0.0988,-0.0022,0.0317
1774945788.3514,0.0000,0.0000,0.0000,0.0000,0.0000,-3.1190,-0.2298,-37.9259,0.0370,-0.0789,0.0051
1774945788.3713,0.0000,0.0000,0.0000,0.0000,0.0000,-3.1145,-0.2250,-12.9089,0.0072,-0.1482,0.0190
1774945788.3912,0.0000,0.0000,0.0000,0.0000,0.0000,-3.1105,-0.2241,-14.7386,0.0210,-0.0651,0.0190
1774945788.4116,0.0000,0.0000,0.0000,0.0000,0.0000,-3.1068,-0.2254,52.1822,-0.0088,0.0063,0.0147
1774945788.4313,0.0000,0.0000,0.0000,0.0000,0.0000,-3.1042,-0.2244,33.4021,-0.0514,-0.0395,0.0115
1774945788.4512,0.0000,0.0000,0.0000,0.0000,0.0000,-3.1028,-0.2206,-1.0291,-0.0354,-0.1002,-0.0151
1774945788.4713,0.0000,0.0000,0.0000,0.0000,0.0000,-3.1019,-0.2186,3.3192,-0.0631,-0.0800,-0.0226
1774945788.4913,0.0000,0.0000,0.0000,0.0000,0.0000,-3.1062,-0.2169,-16.8937,-0.0983,-0.0640,-0.0119
1774945788.5114,0.0000,0.0000,0.0000,0.0000,0.0000,-3.1098,-0.2177,-54.0027,-0.1207,0.0031,-0.0162
1774945788.5320,0.0000,0.0000,0.0000,0.0000,0.0000,-3.1093,-0.2168,46.5267,-0.1015,-0.0054,-0.0322
1774945788.5515,0.0000,0.0000,0.0000,0.0000,0.0000,-3.1092,-0.2173,13.6874,-0.0770,0.0606,-0.0801
1774945788.5713,0.0000,0.0000,0.0000,0.0000,0.0000,-3.1093,-0.2232,-71.7401,0.0093,0.1501,-0.1728
1774945788.5912,0.0000,0.0000,0.0000,0.0000,0.0000,-3.1120,-0.2298,-7.2150,-0.0205,0.1949,-0.1973
1774945788.6112,0.0000,0.0000,0.0000,0.0000,0.0000,-3.1155,-0.2332,51.9969,-0.0141,0.1267,-0.1866
1774945788.6313,0.0000,0.0000,0.0000,0.0000,0.0000,-3.1144,-0.2337,9.0931,0.0200,0.0361,-0.1536
1774945788.6519,0.0000,0.0000,0.0000,0.0000,0.0000,-3.1149,-0.2346,49.2274,0.0402,-0.0363,-0.1174
1774945788.6712,0.0000,0.0000,0.0000,0.0000,0.0000,-3.1162,-0.2354,-2.6955,0.0168,-0.0800,-0.1046
1774945788.6912,0.0000,0.0000,0.0000,0.0000,0.0000,-3.1193,-0.2357,-3.2196,-0.0131,-0.0981,-0.1174
1774945788.7113,0.0000,0.0000,0.0000,0.0000,0.0000,-3.1196,-0.2336,-48.9564,-0.0141,-0.0533,-0.1185
1774945788.7312,0.0000,0.0000,0.0000,0.0000,0.0000,-3.1190,-0.2311,-12.6420,0.0082,-0.0523,-0.1078
1774945788.7515,0.0000,0.0000,0.0000,0.0000,0.0000,-3.1193,-0.2301,-44.9295,-0.0461,-0.0416,-0.0993
1774945788.7712,0.0000,0.0000,0.0000,0.0000,0.0000,-3.1185,-0.2295,4.9807,-0.0440,-0.0587,-0.1238
1774945788.7912,0.0000,0.0000,0.0000,0.0000,0.0000,-3.1174,-0.2265,-8.5047,-0.0514,-0.1492,-0.1238
1774945788.8113,0.0000,0.0000,0.0000,0.0000,0.0000,-3.1170,-0.2239,7.8010,-0.0493,-0.1865,-0.1259
1774945788.8312,0.0000,0.0000,0.0000,0.0000,0.0000,-3.1157,-0.2201,9.0397,-0.0163,-0.2323,-0.1174
1774945788.8514,0.0000,0.0000,0.0000,0.0000,0.0000,-3.1160,-0.2179,26.2805,0.0200,-0.2036,-0.1131
1774945788.8714,0.0000,0.0000,0.0000,0.0000,0.0000,-3.1174,-0.2131,4.0656,0.0178,-0.2483,-0.1131
1774945788.8914,0.0000,0.0000,0.0000,0.0000,0.0000,-3.1216,-0.2078,-21.1284,-0.0695,-0.1993,-0.1131
1774945788.9112,0.0000,0.0000,0.0000,0.0000,0.0000,-3.1269,-0.2071,5.2804,-0.1473,-0.0235,-0.1185
1774945788.9312,0.0000,0.0000,0.0000,0.0000,0.0000,-3.1302,-0.2130,40.9600,-0.1537,0.1757,-0.1259
1774945788.9516,0.0000,0.0000,0.0000,0.0000,0.0000,-3.1314,-0.2154,27.6981,-0.1228,0.1512,-0.0961
1774945788.9714,0.0000,0.0000,0.0000,0.0000,0.0000,-3.1314,-0.2193,9.9239,-0.0663,0.1032,-0.0876
1774945788.9912,0.0000,0.0000,0.0000,0.0000,0.0000,-3.1331,-0.2165,30.2824,0.0253,-0.0725,-0.0300
1774945789.0113,0.0000,0.0000,0.0000,0.0000,0.0000,-3.1372,-0.2128,-9.5552,-0.0791,-0.1364,0.0680
1774945789.0313,0.0000,0.0000,0.0000,0.0000,0.0000,3.1415,-0.2121,10.0729,-0.0940,-0.0246,0.1020
1774945789.0515,0.0000,0.0000,0.0000,0.0000,0.0000,3.1412,-0.2154,49.8147,-0.0610,0.0937,0.0882
1774945789.0713,0.0000,0.0000,0.0000,0.0000,0.0000,-3.1397,-0.2166,65.2839,-0.0067,0.0979,0.0680
1774945789.0914,0.0000,0.0000,0.0000,0.0000,0.0000,-3.1390,-0.2167,-24.6476,0.0562,0.0436,0.0296
1774945789.1113,0.0000,0.0000,0.0000,0.0000,0.0000,-3.1395,-0.2165,-33.1103,0.0615,-0.0374,-0.0002
1774945789.1312,0.0000,0.0000,0.0000,0.0000,0.0000,3.1410,-0.2136,-5.3234,0.0413,-0.1194,-0.0119
1774945789.1514,0.0000,0.0000,0.0000,0.0000,0.0000,3.1385,-0.2109,9.2775,0.0349,-0.1663,-0.0151
1774945789.1712,0.0000,0.0000,0.0000,0.0000,0.0000,3.1414,-0.2112,11.8136,0.1276,-0.1002,-0.0098
1774945789.1913,0.0000,0.0000,0.0000,0.0000,0.0000,-3.1411,-0.2115,55.7120,0.1478,-0.0448,0.0083
1774945789.2113,0.0000,0.0000,0.0000,0.0000,0.0000,-3.1407,-0.2101,0.9419,0.1307,-0.0651,0.0211
1774945789.2313,0.0000,0.0000,0.0000,0.0000,0.0000,-3.1416,-0.2104,-19.0706,0.0796,-0.0715,0.0424
1774945789.2517,0.0000,0.0000,0.0000,0.0000,0.0000,-3.1406,-0.2094,-4.2037,0.0146,-0.0768,0.0552
1774945789.2712,0.0000,0.0000,0.0000,0.0000,0.0000,-3.1362,-0.2077,-26.6221,0.0626,-0.0970,0.0552
1774945789.2921,0.0000,0.0000,0.0000,0.0000,0.0000,-3.1298,-0.2068,-34.1031,0.1638,0.0031,0.0339
1774945789.3125,0.0000,0.0000,0.0000,0.0000,0.0000,-3.1238,-0.2075,37.5067,0.2288,0.1267,0.0051
1774945789.3313,0.0000,0.0000,0.0000,0.0000,0.0000,-3.1231,-0.2081,16.1568,0.1531,0.0915,0.0030
1774945789.3512,0.0000,0.0000,0.0000,0.0000,0.0000,-3.1236,-0.2067,-45.7231,0.0977,0.0095,0.0115
1774945789.3712,0.0000,0.0000,0.0000,0.0000,0.0000,-3.1240,-0.2034,-15.3770,0.0967,-0.0288,0.0211
1774945789.3913,0.0000,0.0000,0.0000,0.0000,0.0000,-3.1206,-0.2039,59.5949,0.0349,0.0255,-0.0492
1774945789.4113,0.0000,0.0000,0.0000,0.0000,0.0000,-3.1168,-0.2070,194.9792,0.0647,0.1469,-0.1739
1774945789.4317,0.0000,0.0000,0.0000,0.0000,0.0000,-3.1143,-0.2110,87.4498,0.0477,0.1597,-0.2048
1774945789.4518,0.0000,0.0000,0.0000,0.0000,0.0000,-3.1110,-0.2128,14.6846,0.0232,0.0361,-0.1941
1774945789.4720,0.0000,0.0000,0.0000,0.0000,0.0000,-3.1100,-0.2159,-57.0319,-0.0248,-0.0320,-0.1845
1774945789.4913,0.0000,0.0000,0.0000,0.0000,0.0000,-3.1097,-0.2168,-6.1937,-0.0450,-0.0278,-0.1621
1774945789.5116,0.0000,0.0000,0.0000,0.0000,0.0000,-3.1107,-0.2173,-33.6160,-0.0503,-0.0619,-0.1408
1774945789.5369,0.0000,0.0000,0.0000,0.0000,0.0000,-3.1107,-0.2186,23.1159,-0.0780,-0.0608,-0.1504
1774945789.5513,0.0000,0.0000,0.0000,0.0000,0.0000,-3.1103,-0.2185,4.0811,-0.0248,-0.0608,-0.1579
1774945789.5713,0.0000,0.0000,0.0000,0.0000,0.0000,-3.1093,-0.2167,-3.3664,-0.0525,-0.1055,-0.1611
1774945789.5913,0.0000,0.0000,0.0000,0.0000,0.0000,-3.1144,-0.2151,-65.7508,-0.1207,-0.0992,-0.1547
1774945789.6111,0.0000,0.0000,0.0000,0.0000,0.0000,-3.1172,-0.2144,30.2663,-0.1334,-0.0917,-0.1685
1774945789.6314,0.0000,0.0000,0.0000,0.0000,0.0000,-3.1201,-0.2126,55.4766,-0.1207,-0.1279,-0.1600
1774945789.6516,0.0000,0.0000,0.0000,0.0000,0.0000,-3.1198,-0.2087,-12.8248,-0.0919,-0.2089,-0.1675
1774945789.6714,0.0000,0.0000,0.0000,0.0000,0.0000,-3.1215,-0.2072,-87.1131,-0.0930,-0.2099,-0.1813
1774945789.6912,0.0000,0.0000,0.0000,0.0000,0.0000,-3.1194,-0.2029,-62.8190,0.0125,-0.1918,-0.2165
1774945789.7114,0.0000,0.0000,0.0000,0.0000,0.0000,-3.1146,-0.1992,10.4920,0.2160,-0.0310,-0.2516
1774945789.7317,0.0000,0.0000,0.0000,0.0000,0.0000,-3.1154,-0.2007,-36.1028,0.1307,0.2449,-0.2569
1774945789.7530,0.0000,0.0000,0.0000,0.0000,0.0000,-3.1177,-0.2055,46.0549,0.0775,0.3909,-0.2229
1774945789.7720,0.0000,0.0000,0.0000,0.0000,0.0000,-3.1194,-0.2115,-29.9663,0.1062,0.3653,-0.1994
1774945789.7920,0.0000,0.0000,0.0000,0.0000,0.0000,-3.1211,-0.2143,-106.7350,0.0999,0.2257,-0.1451
1774945789.8118,0.0000,0.0000,0.0000,0.0000,0.0000,-3.1220,-0.2196,-41.2187,0.1126,0.2289,-0.1344
1774945789.8320,0.0000,0.0000,0.0000,0.0000,0.0000,-3.1203,-0.2206,52.5694,0.1254,0.1086,-0.1163
1774945789.8519,0.0000,0.0000,0.0000,0.0000,0.0000,-3.1189,-0.2228,-10.4337,0.0722,0.1214,-0.1195
1774945789.8716,0.0000,0.0000,0.0000,0.0000,0.0000,-3.1153,-0.2288,-31.3856,0.0732,0.1586,-0.1291
1774945789.8922,0.0000,0.0000,0.0000,0.0000,0.0000,-3.1140,-0.2328,16.4572,0.0146,0.1597,-0.1366
1774945789.9124,0.0000,0.0000,0.0000,0.0000,0.0000,-3.1112,-0.2351,2.3814,0.0146,0.0585,-0.1334
1774945789.9314,0.0000,0.0000,0.0000,0.0000,0.0000,-3.1087,-0.2361,-62.8561,0.0050,0.0244,-0.1206
1774945789.9523,0.0000,0.0000,0.0000,0.0000,0.0000,-3.1072,-0.2357,27.1252,-0.0237,-0.0374,-0.1217
1774945789.9714,0.0000,0.0000,0.0000,0.0000,0.0000,-3.1084,-0.2335,-26.2783,-0.0951,-0.1418,-0.1270
1774945789.9917,0.0000,0.0000,0.0000,0.0000,0.0000,-3.1085,-0.2328,-11.7822,-0.0748,-0.1024,-0.1185
1774945790.0113,0.0000,0.0000,0.0000,0.0000,0.0000,-3.1078,-0.2291,5.5868,-0.0088,-0.1396,-0.1291
1774945790.0313,0.0000,0.0000,0.0000,0.0000,0.0000,-3.1074,-0.2251,3.7773,0.0146,-0.1982,-0.1387
1774945790.0513,0.0000,0.0000,0.0000,0.0000,0.0000,-3.1108,-0.2228,21.1956,0.0040,-0.1631,-0.1238
1774945790.0718,0.0000,0.0000,0.0000,0.0000,0.0000,-3.1140,-0.2190,22.6848,-0.0258,-0.1482,-0.1121
1774945790.0917,0.0000,0.0000,0.0000,0.0000,0.0000,-3.1170,-0.2168,-9.1302,-0.0429,-0.1396,-0.0982
1774945790.1114,0.0000,0.0000,0.0000,0.0000,0.0000,-3.1202,-0.2178,-35.9811,-0.0855,-0.0619,-0.1099
1774945790.1321,0.0000,0.0000,0.0000,0.0000,0.0000,-3.1214,-0.2192,-19.2890,-0.0983,0.0915,-0.1398
1774945790.1513,0.0000,0.0000,0.0000,0.0000,0.0000,-3.1201,-0.2191,-5.1521,-0.0109,0.1075,-0.1451
1774945790.1716,0.0000,0.0000,0.0000,0.0000,0.0000,-3.1195,-0.2173,5.5921,0.0594,0.0606,-0.1270
1774945790.1915,0.0000,0.0000,0.0000,0.0000,0.0000,-3.1230,-0.2170,-26.4659,-0.0173,0.1064,-0.1185
1774945790.2114,0.0000,0.0000,0.0000,0.0000,0.0000,-3.1265,-0.2186,-9.9876,-0.0227,0.1522,-0.1078
1774945790.2326,0.0000,0.0000,0.0000,0.0000,0.0000,-3.1274,-0.2207,-18.1637,-0.0056,0.1842,-0.1185
1774945790.2561,0.0000,0.0000,0.0000,0.0000,0.0000,-3.1287,-0.2212,0.0000,0.0658,0.1533,-0.1238
1774945790.2712,0.0000,0.0000,0.0000,0.0000,0.0000,-3.1256,-0.2189,39.0884,0.1393,0.0233,-0.1323
1774945790.2912,0.0000,0.0000,0.0000,0.0000,0.0000,-3.1239,-0.2157,0.0000,0.1861,-0.0960,-0.1259
1774945790.3116,0.0000,0.0000,0.0000,0.0000,0.0000,-3.1257,-0.2173,0.0000,0.0402,-0.0193,-0.1376
1774945790.3314,0.0000,0.0000,0.0000,0.0000,0.0000,-3.1283,-0.2210,31.2637,-0.0301,0.1214,-0.1483
1774945790.3512,0.0000,0.0000,0.0000,0.0000,0.0000,-3.1293,-0.2254,7.8909,-0.0067,0.0713,-0.1185
1774945790.3713,0.0000,0.0000,0.0000,0.0000,0.0000,-3.1256,-0.2277,0.0000,0.0594,0.0106,-0.0908
1774945790.3916,0.0000,0.0000,0.0000,0.0000,0.0000,-3.1208,-0.2293,0.0000,0.1254,-0.0363,-0.0908
1774945790.4112,0.0000,0.0000,0.0000,0.0000,0.0000,-3.1158,-0.2306,0.0000,0.1222,-0.0459,-0.1078
1774945790.4313,0.0000,0.0000,0.0000,0.0000,0.0000,-3.1147,-0.2328,0.0000,0.0594,-0.0587,-0.1355
1774945790.4515,0.0000,0.0000,0.0000,0.0000,0.0000,-3.1182,-0.2345,0.0000,-0.0429,-0.0587,-0.1568
1774945790.4714,0.0000,0.0000,0.0000,0.0000,0.0000,-3.1178,-0.2352,13.9716,-0.0908,-0.0651,-0.1643
1774945790.4917,0.0000,0.0000,0.0000,0.0000,0.0000,-3.1184,-0.2346,-22.9618,-0.0802,-0.1609,-0.1600
1774945790.5112,0.0000,0.0000,0.0000,0.0000,0.0000,-3.1187,-0.2336,0.0000,-0.0780,-0.2078,-0.1664
1774945790.5319,0.0000,0.0000,0.0000,0.0000,0.0000,-3.1165,-0.2289,0.0000,-0.0152,-0.1865,-0.1813
1774945790.5517,0.0000,0.0000,0.0000,0.0000,0.0000,-3.1160,-0.2284,-25.3375,0.0498,-0.1343,-0.1909
1774945790.5712,0.0000,0.0000,0.0000,0.0000,0.0000,-3.1194,-0.2292,0.0000,0.0082,-0.0928,-0.2133
1774945790.5913,0.0000,0.0000,0.0000,0.0000,0.0000,-3.1224,-0.2244,0.0000,-0.0493,-0.0683,-0.2356
1774945790.6114,0.0000,0.0000,0.0000,0.0000,0.0000,-3.1274,-0.2183,34.7974,-0.1292,-0.1982,-0.2271
1774945790.6312,0.0000,0.0000,0.0000,0.0000,0.0000,-3.1343,-0.2146,-54.4790,-0.1760,-0.2227,-0.2282
1774945790.6514,0.0000,0.0000,0.0000,0.0000,0.0000,-3.1366,-0.2128,0.0000,-0.1452,-0.2004,-0.2197
1774945790.6714,0.0000,0.0000,0.0000,0.0000,0.0000,-3.1386,-0.2056,0.0000,-0.0823,-0.2430,-0.1451
1774945790.6914,0.0000,0.0000,0.0000,0.0000,0.0000,-3.1354,-0.1958,26.4457,0.2021,-0.3665,-0.1163
1774945790.7113,0.0000,0.0000,0.0000,0.0000,0.0000,-3.1346,-0.1918,-20.9310,0.1563,-0.2749,-0.1430
1774945790.7317,0.0000,0.0000,0.0000,0.0000,0.0000,-3.1378,-0.1899,25.7207,0.0082,-0.1151,-0.1579
1774945790.7534,0.0000,0.0000,0.0000,0.0000,0.0000,3.1404,-0.1914,53.7973,-0.0908,0.0574,-0.1664
1774945790.7716,0.0000,0.0000,0.0000,0.0000,0.0000,3.1399,-0.1971,94.5828,-0.0248,0.1906,-0.1707
1774945790.7919,0.0000,0.0000,0.0000,0.0000,0.0000,-3.1399,-0.2006,-22.0320,0.0445,0.2226,-0.1792
1774945790.8113,0.0000,0.0000,0.0000,0.0000,0.0000,-3.1343,-0.2051,24.2977,0.1670,0.2492,-0.1952
1774945790.8323,0.0000,0.0000,0.0000,0.0000,0.0000,-3.1287,-0.2079,-31.0112,0.2351,0.2226,-0.1930
1774945790.8513,0.0000,0.0000,0.0000,0.0000,0.0000,-3.1289,-0.2139,-21.9425,0.2181,0.2588,-0.1781
1774945790.8716,0.0000,0.0000,0.0000,0.0000,0.0000,-3.1290,-0.2194,-52.2175,0.2128,0.2790,-0.1760
1774945790.8932,0.0000,0.0000,0.0000,0.0000,0.0000,-3.1236,-0.2229,11.5792,0.2490,0.2076,-0.1792
1774945790.9116,0.0000,0.0000,0.0000,0.0000,0.0000,-3.1171,-0.2234,-66.2622,0.2991,0.0937,-0.1707
1774945790.9317,0.0000,0.0000,0.0000,0.0000,0.0000,-3.1115,-0.2243,-74.8873,0.2298,0.0233,-0.1909
1774945790.9514,0.0000,0.0000,0.0000,0.0000,0.0000,-3.1079,-0.2235,8.7516,0.1936,-0.0395,-0.1909
1774945790.9716,0.0000,0.0000,0.0000,0.0000,0.0000,-3.1077,-0.2216,51.2422,0.1446,-0.1226,-0.1643
1774945790.9914,0.0000,0.0000,0.0000,0.0000,0.0000,-3.1066,-0.2185,0.9271,0.0999,-0.1375,-0.1494
1774945791.0113,0.0000,0.0000,0.0000,0.0000,0.0000,-3.1051,-0.2153,2.5443,0.0221,-0.1098,-0.1376
1774945791.0314,0.0000,0.0000,0.0000,0.0000,0.0000,-3.1049,-0.2158,-32.8606,-0.0791,-0.0448,-0.1334
1774945791.0513,0.0000,0.0000,0.0000,0.0000,0.0000,-3.1047,-0.2154,51.4769,-0.1175,-0.0544,-0.1398
1774945791.0715,0.0000,0.0000,0.0000,0.0000,0.0000,-3.1041,-0.2120,-3.2980,-0.1121,-0.1812,-0.1387
1774945791.0925,0.0000,0.0000,0.0000,0.0000,0.0000,-3.1051,-0.2035,25.7913,-0.1878,-0.3516,-0.1302
1774945791.1114,0.0000,0.0000,0.0000,0.0000,0.0000,-3.1077,-0.1974,31.6816,-0.2453,-0.3932,-0.1302
1774945791.1312,0.0000,0.0000,0.0000,0.0000,0.0000,-3.1078,-0.1925,-57.7223,-0.1324,-0.3122,-0.1472
1774945791.1512,0.0000,0.0000,0.0000,0.0000,0.0000,-3.1052,-0.1880,-13.9966,0.0892,-0.0459,-0.1877
1774945791.1716,0.0000,0.0000,0.0000,0.0000,0.0000,-3.1039,-0.1859,4.2469,0.1893,0.1128,-0.1898
1774945791.1913,0.0000,0.0000,0.0000,0.0000,0.0000,-3.1047,-0.1866,-26.1075,0.1307,0.1576,-0.1781
1774945791.2114,0.0000,0.0000,0.0000,0.0000,0.0000,-3.1063,-0.1875,-22.6722,0.0935,0.1672,-0.1845
1774945791.2319,0.0000,0.0000,0.0000,0.0000,0.0000,-3.1097,-0.1903,31.0801,0.0391,0.1640,-0.1653
1774945791.2517,0.0000,0.0000,0.0000,0.0000,0.0000,-3.1136,-0.1932,-79.7462,0.0029,0.1182,-0.1270
1774945791.2714,0.0000,0.0000,0.0000,0.0000,0.0000,-3.1153,-0.1966,-88.0831,0.0189,0.1512,-0.0791
1774945791.2915,0.0000,0.0000,0.0000,0.0000,0.0000,-3.1154,-0.2024,-54.4435,0.0626,0.1778,-0.0545
1774945791.3113,0.0000,0.0000,0.0000,0.0000,0.0000,-3.1135,-0.2090,-14.6460,0.0551,0.1917,-0.0588
1774945791.3312,0.0000,0.0000,0.0000,0.0000,0.0000,-3.1118,-0.2156,55.6264,-0.0205,0.1885,-0.0716
1774945791.3519,0.0000,0.0000,0.0000,0.0000,0.0000,-3.1129,-0.2182,59.0692,-0.1356,0.1373,-0.0929
1774945791.3711,0.0000,0.0000,0.0000,0.0000,0.0000,-3.1132,-0.2229,-32.4401,-0.2027,0.2087,-0.1398
1774945791.3924,0.0000,0.0000,0.0000,0.0000,0.0000,-3.1130,-0.2265,3.5168,-0.1484,0.1981,-0.1526
1774945791.4119,0.0000,0.0000,0.0000,0.0000,0.0000,-3.1117,-0.2280,-47.6493,-0.0322,0.1022,-0.1387
1774945791.4313,0.0000,0.0000,0.0000,0.0000,0.0000,-3.1113,-0.2290,5.8626,-0.0067,-0.0161,-0.1281
1774945791.4518,0.0000,0.0000,0.0000,0.0000,0.0000,-3.1141,-0.2257,-5.6148,0.0008,-0.1492,-0.1408
1774945791.4713,0.0000,0.0000,0.0000,0.0000,0.0000,-3.1132,-0.2227,-16.3437,0.0711,-0.1695,-0.1611
1774945791.4916,0.0000,0.0000,0.0000,0.0000,0.0000,-3.1147,-0.2185,-85.5300,0.1307,-0.0747,-0.1845
1774945791.5115,0.0000,0.0000,0.0000,0.0000,0.0000,-3.1170,-0.2162,-18.6685,0.0700,-0.0065,-0.1845
1774945791.5319,0.0000,0.0000,0.0000,0.0000,0.0000,-3.1206,-0.2139,-8.7059,-0.0056,-0.0139,-0.1536
1774945791.5518,0.0000,0.0000,0.0000,0.0000,0.0000,-3.1242,-0.2115,-65.2077,0.0136,-0.0320,-0.1259
1774945791.5713,0.0000,0.0000,0.0000,0.0000,0.0000,-3.1286,-0.2087,7.1978,-0.0227,-0.0661,-0.1142
1774945791.5916,0.0000,0.0000,0.0000,0.0000,0.0000,-3.1321,-0.2065,12.2635,-0.0898,-0.1109,-0.0940
1774945791.6113,0.0000,0.0000,0.0000,0.0000,0.0000,-3.1315,-0.2061,0.0586,-0.0770,-0.0960,-0.0897
1774945791.6313,0.0000,0.0000,0.0000,0.0000,0.0000,-3.1291,-0.2069,-56.8352,0.0178,-0.0640,-0.0812
1774945791.6514,0.0000,0.0000,0.0000,0.0000,0.0000,-3.1269,-0.2085,-1.4045,0.0509,-0.0363,-0.0812
1774945791.6714,0.0000,0.0000,0.0000,0.0000,0.0000,-3.1233,-0.2117,59.1971,0.1339,0.0052,-0.0844
1774945791.6917,0.0000,0.0000,0.0000,0.0000,0.0000,-3.1221,-0.2096,16.2558,0.1691,-0.0885,-0.0929
1774945791.7114,0.0000,0.0000,0.0000,0.0000,0.0000,-3.1229,-0.2090,-39.1028,0.1542,-0.1141,-0.1036
1774945791.7315,0.0000,0.0000,0.0000,0.0000,0.0000,-3.1242,-0.2092,4.7016,0.1094,-0.0438,-0.1185
1774945791.7517,0.0000,0.0000,0.0000,0.0000,0.0000,-3.1251,-0.2111,38.0192,0.1020,-0.0139,-0.1067
1774945791.7716,0.0000,0.0000,0.0000,0.0000,0.0000,-3.1248,-0.2119,-33.8541,0.1212,-0.0182,-0.0886
1774945791.7918,0.0000,0.0000,0.0000,0.0000,0.0000,-3.1221,-0.2138,-39.2819,0.1489,0.0702,-0.1014
1774945791.8114,0.0000,0.0000,0.0000,0.0000,0.0000,-3.1160,-0.2151,-56.3030,0.2224,0.1224,-0.1217
1774945791.8317,0.0000,0.0000,0.0000,0.0000,0.0000,-3.1136,-0.2144,-5.9685,0.2106,0.0851,-0.1014
1774945791.8515,0.0000,0.0000,0.0000,0.0000,0.0000,-3.1103,-0.2128,97.1904,0.2000,0.0170,-0.1163
1774945791.8721,0.0000,0.0000,0.0000,0.0000,0.0000,-3.1093,-0.2118,103.4326,0.0881,-0.0320,-0.1227
1774945791.8927,0.0000,0.0000,0.0000,0.0000,0.0000,-3.1083,-0.2131,-16.2676,-0.0013,0.0042,-0.1387
1774945791.9118,0.0000,0.0000,0.0000,0.0000,0.0000,-3.1076,-0.2173,-20.7818,-0.0344,0.1032,-0.1621
1774945791.9315,0.0000,0.0000,0.0000,0.0000,0.0000,-3.1063,-0.2199,15.2401,-0.0461,0.1054,-0.1717
1774945791.9517,0.0000,0.0000,0.0000,0.0000,0.0000,-3.1048,-0.2221,45.3092,-0.0461,0.0606,-0.1728
1774945791.9717,0.0000,0.0000,0.0000,0.0000,0.0000,-3.1035,-0.2225,-7.1539,-0.0898,0.0084,-0.1568
1774945791.9922,0.0000,0.0000,0.0000,0.0000,0.0000,-3.1037,-0.2182,-50.4713,0.0807,-0.1514,-0.0428
1774945792.0120,0.0000,0.0000,0.0000,0.0000,0.0000,-3.1049,-0.2115,-40.5128,0.0828,-0.3090,0.1212
1774945792.0323,0.0000,0.0000,0.0000,0.0000,0.0000,-3.1088,-0.2053,15.9955,-0.1207,-0.2760,0.1883
1774945792.0513,0.0000,0.0000,0.0000,0.0000,0.0000,-3.1162,-0.2028,17.6290,-0.2581,-0.0736,0.1585
1774945792.0714,0.0000,0.0000,0.0000,0.0000,0.0000,-3.1182,-0.2003,75.0599,-0.2101,0.0063,0.1127
1774945792.0914,0.0000,0.0000,0.0000,0.0000,0.0000,-3.1164,-0.2010,26.6622,-0.0621,0.0755,0.0605
1774945792.1114,0.0000,0.0000,0.0000,0.0000,0.0000,-3.1143,-0.2033,8.1813,-0.0131,0.0979,0.0062
1774945792.1318,0.0000,0.0000,0.0000,0.0000,0.0000,-3.1150,-0.2063,37.8049,-0.0035,0.1373,-0.0450
1774945792.1514,0.0000,0.0000,0.0000,0.0000,0.0000,-3.1177,-0.2068,-15.3500,-0.0227,0.0692,-0.0514
1774945792.1712,0.0000,0.0000,0.0000,0.0000,0.0000,-3.1223,-0.2051,-19.7505,-0.0631,-0.0512,-0.0396
1774945792.1914,0.0000,0.0000,0.0000,0.0000,0.0000,-3.1273,-0.2024,-49.9386,-0.0866,-0.1258,-0.0215
1774945792.2116,0.0000,0.0000,0.0000,0.0000,0.0000,-3.1288,-0.2021,-46.4553,-0.0791,-0.0257,0.0051
1774945792.2316,0.0000,0.0000,0.0000,0.0000,0.0000,-3.1294,-0.2035,-2.1039,-0.0514,0.0745,0.0200
1774945792.2515,0.0000,0.0000,0.0000,0.0000,0.0000,-3.1274,-0.2024,-24.6866,0.0029,0.0809,0.0072
1774945792.2716,0.0000,0.0000,0.0000,0.0000,0.0000,-3.1273,-0.2013,45.4742,0.0658,0.0212,-0.0077
1774945792.2918,0.0000,0.0000,0.0000,0.0000,0.0000,-3.1291,-0.1994,-8.4259,0.0903,-0.0075,-0.0173
1774945792.3114,0.0000,0.0000,0.0000,0.0000,0.0000,-3.1312,-0.1986,-15.7649,0.0658,-0.0054,-0.0151
1774945792.3318,0.0000,0.0000,0.0000,0.0000,0.0000,-3.1344,-0.1975,-11.3187,0.0743,0.0180,-0.0045
1774945792.3514,0.0000,0.0000,0.0000,0.0000,0.0000,-3.1355,-0.1954,30.1058,0.1190,-0.0235,0.0211
1774945792.3716,0.0000,0.0000,0.0000,0.0000,0.0000,-3.1363,-0.1935,-1.3654,0.1489,-0.0374,0.0349
1774945792.3912,0.0000,0.0000,0.0000,0.0000,0.0000,-3.1337,-0.1918,16.5599,0.1691,-0.0288,0.0371
1774945792.4112,0.0000,0.0000,0.0000,0.0000,0.0000,-3.1312,-0.1932,41.6325,0.1723,-0.0075,0.0371
1774945792.4322,0.0000,0.0000,0.0000,0.0000,0.0000,-3.1308,-0.1940,-12.5586,0.1137,0.0617,0.0371
1774945792.4519,0.0000,0.0000,0.0000,0.0000,0.0000,-3.1310,-0.1941,-15.3091,0.0434,0.1022,0.0307
1774945792.4720,0.0000,0.0000,0.0000,0.0000,0.0000,-3.1263,-0.1972,-26.8819,0.0381,0.1693,0.0243
1774945792.4916,0.0000,0.0000,0.0000,0.0000,0.0000,-3.1209,-0.1999,-7.3901,0.1062,0.1757,0.0200
1774945792.5114,0.0000,0.0000,0.0000,0.0000,0.0000,-3.1164,-0.2019,28.0033,0.1286,0.1267,0.0232
1774945792.5319,0.0000,0.0000,0.0000,0.0000,0.0000,-3.1179,-0.2039,-22.6149,0.0924,0.0937,0.0200
1774945792.5514,0.0000,0.0000,0.0000,0.0000,0.0000,-3.1203,-0.2043,-5.9559,0.0285,0.0404,0.0285
1774945792.5722,0.0000,0.0000,0.0000,0.0000,0.0000,-3.1226,-0.2052,-12.3226,-0.0109,0.0116,0.0413
1774945792.5916,0.0000,0.0000,0.0000,0.0000,0.0000,-3.1201,-0.2073,-7.6786,-0.0195,0.0265,0.0488
1774945792.6126,0.0000,0.0000,0.0000,0.0000,0.0000,-3.1169,-0.2087,13.8653,0.0040,0.0489,0.0424
1774945792.6315,0.0000,0.0000,0.0000,0.0000,0.0000,-3.1132,-0.2090,14.7109,-0.0322,0.0415,0.0317
1774945792.6514,0.0000,0.0000,0.0000,0.0000,0.0000,-3.1101,-0.2068,16.3949,-0.0440,-0.0533,0.0115
1774945792.6721,0.0000,0.0000,0.0000,0.0000,0.0000,-3.1065,-0.2040,1.1569,0.0072,-0.1258,-0.0098
1774945792.6914,0.0000,0.0000,0.0000,0.0000,0.0000,-3.1053,-0.2015,-1.7620,0.0604,-0.1428,-0.0194
1774945792.7120,0.0000,0.0000,0.0000,0.0000,0.0000,-3.1079,-0.1989,-10.0048,0.0317,-0.1055,-0.0258
1774945792.7315,0.0000,0.0000,0.0000,0.0000,0.0000,-3.1116,-0.1995,22.3047,-0.0248,-0.0097,-0.0087
1774945792.7516,0.0000,0.0000,0.0000,0.0000,0.0000,-3.1163,-0.1994,35.6038,-0.0386,-0.0097,0.0104
1774945792.7717,0.0000,0.0000,0.0000,0.0000,0.0000,-3.1161,-0.2002,30.9254,-0.0546,-0.0502,0.0126
1774945792.7918,0.0000,0.0000,0.0000,0.0000,0.0000,-3.1134,-0.1985,13.6548,-0.0386,-0.1002,0.0083
1774945792.8114,0.0000,0.0000,0.0000,0.0000,0.0000,-3.1098,-0.1987,-8.3997,0.0242,-0.0747,0.0083
1774945792.8313,0.0000,0.0000,0.0000,0.0000,0.0000,-3.1056,-0.1994,-17.2533,0.1393,0.0532,-0.0098
1774945792.8517,0.0000,0.0000,0.0000,0.0000,0.0000,-3.1040,-0.2024,0.0000,0.1797,0.1821,-0.0311
1774945792.8716,0.0000,0.0000,0.0000,0.0000,0.0000,-3.1052,-0.2040,0.0000,0.1307,0.1746,-0.0982
1774945792.8919,0.0000,0.0000,0.0000,0.0000,0.0000,-3.1047,-0.2062,0.0000,0.1446,0.1459,-0.1866
1774945792.9122,0.0000,0.0000,0.0000,0.0000,0.0000,-3.1036,-0.2064,0.0000,0.1137,0.0084,-0.1877
1774945792.9317,0.0000,0.0000,0.0000,0.0000,0.0000,-3.1046,-0.2074,0.0000,0.0743,-0.0533,-0.1611
1774945792.9523,0.0000,0.0000,0.0000,0.0000,0.0000,-3.1062,-0.2086,12.6349,0.0413,-0.0779,-0.1547
1774945792.9719,0.0000,0.0000,0.0000,0.0000,0.0000,-3.1063,-0.2094,0.0000,0.0221,-0.1300,-0.1217
1774945792.9919,0.0000,0.0000,0.0000,0.0000,0.0000,-3.1026,-0.2068,0.0000,0.0295,-0.1045,-0.0908
1774945793.0118,0.0000,0.0000,0.0000,0.0000,0.0000,-3.1012,-0.2087,0.0000,0.0189,-0.0576,-0.0950
1774945793.0318,0.0000,0.0000,0.0000,0.0000,0.0000,-3.0985,-0.2098,0.0000,-0.0280,-0.0086,-0.0982
1774945793.0518,0.0000,0.0000,0.0000,0.0000,0.0000,-3.0982,-0.2108,0.0000,-0.0578,0.0383,-0.1259
1774945793.0724,0.0000,0.0000,0.0000,0.0000,0.0000,-3.0984,-0.2140,0.0000,-0.1441,0.0020,-0.1259
1774945793.0921,0.0000,0.0000,0.0000,0.0000,0.0000,-3.0995,-0.2144,0.0000,-0.1590,-0.0097,-0.1334
1774945793.1114,0.0000,0.0000,0.0000,0.0000,0.0000,-3.0997,-0.2153,0.0000,-0.1249,-0.1077,-0.1206
1774945793.1315,0.0000,0.0000,0.0000,0.0000,0.0000,-3.1004,-0.2152,-5.1297,-0.0919,-0.2014,-0.1025
1774945793.1523,0.0000,0.0000,0.0000,0.0000,0.0000,-3.0988,-0.2128,0.0000,-0.0429,-0.1886,-0.1089
1774945793.1718,0.0000,0.0000,0.0000,0.0000,0.0000,-3.1000,-0.2135,0.0000,0.0136,-0.0619,-0.1536
1774945793.1914,0.0000,0.0000,0.0000,0.0000,0.0000,-3.1035,-0.2143,55.4004,-0.0322,-0.0054,-0.1398
1774945793.2117,0.0000,0.0000,0.0000,0.0000,0.0000,-3.1094,-0.2120,0.0000,-0.0589,-0.0161,-0.1206
1774945793.2315,0.0000,0.0000,0.0000,0.0000,0.0000,-3.1123,-0.2102,65.1668,-0.0472,-0.0374,-0.1057
1774945793.2519,0.0000,0.0000,0.0000,0.0000,0.0000,-3.1144,-0.2079,6.2155,-0.0706,-0.0565,-0.1036
1774945793.2720,0.0000,0.0000,0.0000,0.0000,0.0000,-3.1170,-0.2078,-49.9706,-0.1036,-0.0182,-0.1099
1774945793.2921,0.0000,0.0000,0.0000,0.0000,0.0000,-3.1190,-0.2086,-21.2967,-0.0962,0.0159,-0.0950
1774945793.3116,0.0000,0.0000,0.0000,0.0000,0.0000,-3.1192,-0.2112,11.1273,-0.0610,0.0692,-0.1004
1774945793.3313,0.0000,0.0000,0.0000,0.0000,0.0000,-3.1196,-0.2122,-35.1296,-0.0237,0.0905,-0.0972
1774945793.3517,0.0000,0.0000,0.0000,0.0000,0.0000,-3.1220,-0.2108,-67.2736,0.0040,0.0489,-0.0918
1774945793.3715,0.0000,0.0000,0.0000,0.0000,0.0000,-3.1261,-0.2118,7.4054,-0.0514,0.0553,-0.0940
1774945793.3921,0.0000,0.0000,0.0000,0.0000,0.0000,-3.1296,-0.2103,-43.8383,-0.0802,0.0319,-0.0844
1774945793.4115,0.0000,0.0000,0.0000,0.0000,0.0000,-3.1319,-0.2092,-31.8190,-0.0514,-0.0225,-0.0641
1774945793.4314,0.0000,0.0000,0.0000,0.0000,0.0000,-3.1305,-0.2086,57.5913,0.0285,-0.0608,-0.0631
1774945793.4517,0.0000,0.0000,0.0000,0.0000,0.0000,-3.1295,-0.2048,5.0817,0.1158,-0.0054,-0.0918
1774945793.4713,0.0000,0.0000,0.0000,0.0000,0.0000,-3.1289,-0.2037,-40.8861,0.1254,0.0361,-0.1025
1774945793.4926,0.0000,0.0000,0.0000,0.0000,0.0000,-3.1294,-0.2017,-27.9845,0.1244,0.0106,-0.0215
1774945793.5114,0.0000,0.0000,0.0000,0.0000,0.0000,-3.1321,-0.2025,0.8595,-0.0312,0.0447,0.0360
1774945793.5317,0.0000,0.0000,0.0000,0.0000,0.0000,-3.1323,-0.2033,-0.0579,0.0125,0.1501,0.0925
1774945793.5516,0.0000,0.0000,0.0000,0.0000,0.0000,-3.1272,-0.2064,20.3806,0.0785,0.1469,0.1095
1774945793.5715,0.0000,0.0000,0.0000,0.0000,0.0000,-3.1214,-0.2084,-8.0227,0.1190,0.1107,0.0829
1774945793.5917,0.0000,0.0000,0.0000,0.0000,0.0000,-3.1161,-0.2085,0.7154,0.1403,0.0468,0.0328
1774945793.6114,0.0000,0.0000,0.0000,0.0000,0.0000,-3.1164,-0.2099,-33.2346,0.1190,0.0138,0.0136
1774945793.6319,0.0000,0.0000,0.0000,0.0000,0.0000,-3.1179,-0.2098,-10.8211,0.0530,-0.0320,-0.0034
1774945793.6520,0.0000,0.0000,0.0000,0.0000,0.0000,-3.1198,-0.2130,49.6623,-0.0077,0.0617,-0.0066
1774945793.6720,0.0000,0.0000,0.0000,0.0000,0.0000,-3.1179,-0.2168,41.7200,-0.0450,0.1064,0.0030
1774945793.6918,0.0000,0.0000,0.0000,0.0000,0.0000,-3.1148,-0.2187,-40.8266,-0.0535,0.0638,0.0115
1774945793.7135,0.0000,0.0000,0.0000,0.0000,0.0000,-3.1130,-0.2184,-2.3540,-0.0962,-0.0470,0.0221
1774945793.7312,0.0000,0.0000,0.0000,0.0000,0.0000,-3.1141,-0.2155,-0.0866,-0.1047,-0.1055,0.0456
1774945793.7516,0.0000,0.0000,0.0000,0.0000,0.0000,-3.1142,-0.2101,-25.9384,-0.0653,-0.1801,0.0562
1774945793.7721,0.0000,0.0000,0.0000,0.0000,0.0000,-3.1108,-0.2060,-29.6853,0.0658,-0.1620,0.0403
1774945793.7921,0.0000,0.0000,0.0000,0.0000,0.0000,-3.1118,-0.2063,28.5507,0.0871,-0.0597,0.0253
1774945793.8121,0.0000,0.0000,0.0000,0.0000,0.0000,-3.1140,-0.2068,4.9296,0.0572,-0.0193,0.0136
1774945793.8316,0.0000,0.0000,0.0000,0.0000,0.0000,-3.1170,-0.2073,-4.2582,0.0221,-0.0129,0.0008
1774945793.8518,0.0000,0.0000,0.0000,0.0000,0.0000,-3.1204,-0.2083,-22.7895,-0.0109,0.0020,0.0158
1774945793.8714,0.0000,0.0000,0.0000,0.0000,0.0000,-3.1214,-0.2097,-28.8978,0.0242,0.0297,0.0211
1774945793.8920,0.0000,0.0000,0.0000,0.0000,0.0000,-3.1179,-0.2110,13.9452,0.0636,0.0468,0.0158
1774945793.9116,0.0000,0.0000,0.0000,0.0000,0.0000,-3.1137,-0.2121,16.2648,0.1148,0.0755,0.0062
1774945793.9314,0.0000,0.0000,0.0000,0.0000,0.0000,-3.1115,-0.2108,-2.4481,0.1371,0.0138,0.0051
1774945793.9516,0.0000,0.0000,0.0000,0.0000,0.0000,-3.1115,-0.2106,34.9061,0.1180,-0.0246,0.0072
1774945793.9714,0.0000,0.0000,0.0000,0.0000,0.0000,-3.1121,-0.2094,3.2169,0.1286,-0.0459,0.0104
1774945793.9913,0.0000,0.0000,0.0000,0.0000,0.0000,-3.1129,-0.2104,-20.1557,0.1307,-0.0448,0.0296
1774945794.0113,0.0000,0.0000,0.0000,0.0000,0.0000,-3.1122,-0.2121,-47.8073,0.1638,0.0415,0.0126
1774945794.0314,0.0000,0.0000,0.0000,0.0000,0.0000,-3.1101,-0.2155,13.5992,0.1734,0.0894,-0.0055
1774945794.0513,0.0000,0.0000,0.0000,0.0000,0.0000,-3.1088,-0.2183,18.5997,0.0754,0.1139,-0.0066
1774945794.0717,0.0000,0.0000,0.0000,0.0000,0.0000,-3.1056,-0.2169,7.4655,0.0807,0.0372,0.0232
1774945794.0918,0.0000,0.0000,0.0000,0.0000,0.0000,-3.1034,-0.2132,-18.8237,0.0487,-0.0171,0.0371
1774945794.1114,0.0000,0.0000,0.0000,0.0000,0.0000,-3.1027,-0.2101,-15.7602,0.0061,-0.0257,0.0328
1774945794.1321,0.0000,0.0000,0.0000,0.0000,0.0000,-3.0985,-0.2097,33.4016,-0.0195,0.0308,0.0264
1774945794.1525,0.0000,0.0000,0.0000,0.0000,0.0000,-3.0948,-0.2097,50.4641,-0.0099,0.0404,0.0147
1774945794.1713,0.0000,0.0000,0.0000,0.0000,0.0000,-3.0926,-0.2087,-15.6301,-0.0248,0.0116,0.0051
1774945794.1921,0.0000,0.0000,0.0000,0.0000,0.0000,-3.0931,-0.2075,-12.1007,-0.0940,-0.0161,0.0083
1774945794.2114,0.0000,0.0000,0.0000,0.0000,0.0000,-3.0934,-0.2102,-1.3519,-0.1377,0.0223,0.0051
1774945794.2314,0.0000,0.0000,0.0000,0.0000,0.0000,-3.0928,-0.2113,-11.9251,-0.1686,0.0542,-0.0024
1774945794.2513,0.0000,0.0000,0.0000,0.0000,0.0000,-3.0920,-0.2131,21.7034,-0.1484,0.0372,0.0094
1774945794.2714,0.0000,0.0000,0.0000,0.0000,0.0000,-3.0912,-0.2125,-18.9243,-0.1249,-0.0150,0.0030
1774945794.2914,0.0000,0.0000,0.0000,0.0000,0.0000,-3.0912,-0.2131,-1.2212,-0.1143,-0.0448,-0.0247
1774945794.3113,0.0000,0.0000,0.0000,0.0000,0.0000,-3.0964,-0.2142,22.6857,-0.1398,-0.0331,-0.0354
1774945794.3314,0.0000,0.0000,0.0000,0.0000,0.0000,-3.1022,-0.2164,16.2034,-0.1899,0.0095,-0.0482
1774945794.3514,0.0000,0.0000,0.0000,0.0000,0.0000,-3.1084,-0.2170,-28.6093,-0.1974,0.0436,-0.0396
1774945794.3718,0.0000,0.0000,0.0000,0.0000,0.0000,-3.1127,-0.2173,30.9962,-0.1175,0.0255,-0.0183
1774945794.3915,0.0000,0.0000,0.0000,0.0000,0.0000,-3.1150,-0.2176,-0.9005,-0.0429,0.0383,-0.0087
1774945794.4123,0.0000,0.0000,0.0000,0.0000,0.0000,-3.1182,-0.2175,-37.5814,-0.0205,0.0116,-0.0098
1774945794.4321,0.0000,0.0000,0.0000,0.0000,0.0000,-3.1255,-0.2170,-45.1017,-0.0663,-0.0214,0.0094
1774945794.4526,0.0000,0.0000,0.0000,0.0000,0.0000,-3.1298,-0.2176,55.4937,-0.0685,-0.0384,0.0317
1774945794.4716,0.0000,0.0000,0.0000,0.0000,0.0000,-3.1329,-0.2167,-31.1203,-0.0376,-0.0821,0.0445
1774945794.4915,0.0000,0.0000,0.0000,0.0000,0.0000,-3.1340,-0.2162,-42.3104,-0.0077,-0.1258,0.0488
1774945794.5113,0.0000,0.0000,0.0000,0.0000,0.0000,-3.1342,-0.2154,46.5718,0.0019,-0.1599,0.0445
1774945794.5320,0.0000,0.0000,0.0000,0.0000,0.0000,-3.1337,-0.2140,-33.4871,-0.0056,-0.1609,0.0307
1774945794.5520,0.0000,0.0000,0.0000,0.0000,0.0000,-3.1313,-0.2147,2.3003,0.0114,-0.0736,0.0211
1774945794.5718,0.0000,0.0000,0.0000,0.0000,0.0000,-3.1291,-0.2160,-11.9341,0.0413,-0.0182,0.0126
1774945794.5916,0.0000,0.0000,0.0000,0.0000,0.0000,-3.1249,-0.2157,19.5194,0.0754,0.0191,-0.0013
1774945794.6122,0.0000,0.0000,0.0000,0.0000,0.0000,-3.1218,-0.2145,12.1761,0.0988,0.0159,-0.0173
1774945794.6326,0.0000,0.0000,0.0000,0.0000,0.0000,-3.1203,-0.2134,-0.3395,0.0764,0.0202,-0.0428
1774945794.6514,0.0000,0.0000,0.0000,0.0000,0.0000,-3.1200,-0.2105,4.3598,0.0679,-0.0086,-0.0492
1774945794.6715,0.0000,0.0000,0.0000,0.0000,0.0000,-3.1198,-0.2061,-47.5073,0.0540,-0.0502,-0.0279
1774945794.6920,0.0000,0.0000,0.0000,0.0000,0.0000,-3.1201,-0.2027,74.9161,0.1062,0.0404,0.0211
1774945794.7122,0.0000,0.0000,0.0000,0.0000,0.0000,-3.1214,-0.2019,25.2092,0.0370,0.0947,0.0221
1774945794.7315,0.0000,0.0000,0.0000,0.0000,0.0000,-3.1232,-0.2021,46.6386,-0.0163,0.1203,0.0221
1774945794.7515,0.0000,0.0000,0.0000,0.0000,0.0000,-3.1222,-0.2004,-20.8077,-0.0184,0.0553,0.0062
1774945794.7715,0.0000,0.0000,0.0000,0.0000,0.0000,-3.1185,-0.2000,16.5745,0.0242,0.0372,-0.0013
1774945794.7916,0.0000,0.0000,0.0000,0.0000,0.0000,-3.1154,-0.1988,-5.2884,0.0189,0.0255,0.0062
1774945794.8117,0.0000,0.0000,0.0000,0.0000,0.0000,-3.1140,-0.1963,-1.7125,-0.0322,0.0106,-0.0098
1774945794.8315,0.0000,0.0000,0.0000,0.0000,0.0000,-3.1146,-0.1953,-28.3298,-0.0567,0.0106,-0.0045
1774945794.8514,0.0000,0.0000,0.0000,0.0000,0.0000,-3.1129,-0.1963,16.0807,-0.0173,-0.0054,-0.0098
1774945794.8720,0.0000,0.0000,0.0000,0.0000,0.0000,-3.1141,-0.1958,-15.2259,-0.0099,0.0116,-0.0141
1774945794.8914,0.0000,0.0000,0.0000,0.0000,0.0000,-3.1161,-0.1955,9.4485,0.0146,0.0191,-0.0077
1774945794.9114,0.0000,0.0000,0.0000,0.0000,0.0000,-3.1200,-0.1960,1.3120,0.0019,0.0372,-0.0151
1774945794.9313,0.0000,0.0000,0.0000,0.0000,0.0000,-3.1226,-0.1979,-18.8899,0.0168,0.0766,-0.0055
1774945794.9513,0.0000,0.0000,0.0000,0.0000,0.0000,-3.1250,-0.2013,-1.8273,0.0402,0.1182,0.0136
1774945794.9715,0.0000,0.0000,0.0000,0.0000,0.0000,-3.1253,-0.2043,-2.5328,0.0945,0.1118,0.0307
1774945794.9915,0.0000,0.0000,0.0000,0.0000,0.0000,-3.1260,-0.2071,1.8658,0.1148,0.0798,0.0221
1774945795.0133,0.0000,0.0000,0.0000,0.0000,0.0000,-3.1270,-0.2085,17.3863,0.1329,0.0255,0.0243
1774945795.0320,0.0000,0.0000,0.0000,0.0000,0.0000,-3.1269,-0.2096,-22.7755,0.1414,0.0170,0.0179
1774945795.0516,0.0000,0.0000,0.0000,0.0000,0.0000,-3.1254,-0.2101,-14.6088,0.1510,0.0468,0.0179
1774945795.0716,0.0000,0.0000,0.0000,0.0000,0.0000,-3.1207,-0.2077,24.6502,0.1616,-0.0097,0.0136
1774945795.0919,0.0000,0.0000,0.0000,0.0000,0.0000,-3.1162,-0.2035,-13.5995,0.1627,-0.0555,0.0147
1774945795.1119,0.0000,0.0000,0.0000,0.0000,0.0000,-3.1125,-0.1983,-9.8707,0.1222,-0.0853,0.0168
1774945795.1332,0.0000,0.0000,0.0000,0.0000,0.0000,-3.1108,-0.1958,28.2978,0.1062,-0.0800,0.0168
1774945795.1514,0.0000,0.0000,0.0000,0.0000,0.0000,-3.1068,-0.1934,-10.5099,0.0359,-0.0661,0.0232
1774945795.1717,0.0000,0.0000,0.0000,0.0000,0.0000,-3.1035,-0.1910,-2.8608,-0.0077,-0.0310,0.0232
1774945795.1916,0.0000,0.0000,0.0000,0.0000,0.0000,-3.0999,-0.1900,0.4753,-0.0045,-0.0427,0.0147
1774945795.2114,0.0000,0.0000,0.0000,0.0000,0.0000,-3.0963,-0.1901,-26.3064,0.0029,-0.0086,-0.0013
1774945795.2316,0.0000,0.0000,0.0000,0.0000,0.0000,-3.0943,-0.1902,21.4513,-0.0301,0.0319,-0.0141
1774945795.2514,0.0000,0.0000,0.0000,0.0000,0.0000,-3.0962,-0.1906,18.2456,-0.1015,0.0287,-0.0215
1774945795.2715,0.0000,0.0000,0.0000,0.0000,0.0000,-3.0960,-0.1891,-0.5420,-0.1537,0.0159,-0.0354
1774945795.2914,0.0000,0.0000,0.0000,0.0000,0.0000,-3.0973,-0.1874,10.4553,-0.1718,0.0287,-0.0396
1774945795.3115,0.0000,0.0000,0.0000,0.0000,0.0000,-3.0990,-0.1870,6.5095,-0.1814,0.0223,-0.0300
1774945795.3316,0.0000,0.0000,0.0000,0.0000,0.0000,-3.0990,-0.1876,12.9848,-0.1633,0.0617,-0.0343
1774945795.3512,0.0000,0.0000,0.0000,0.0000,0.0000,-3.0994,-0.1876,14.1486,-0.1388,0.0787,-0.0428
1774945795.3718,0.0000,0.0000,0.0000,0.0000,0.0000,-3.1021,-0.1868,-2.2688,-0.1100,0.0894,-0.0492
1774945795.3915,0.0000,0.0000,0.0000,0.0000,0.0000,-3.1071,-0.1869,4.4377,-0.1068,0.1192,-0.0609
1774945795.4114,0.0000,0.0000,0.0000,0.0000,0.0000,-3.1133,-0.1886,10.3798,-0.1015,0.1267,-0.0567
1774945795.4314,0.0000,0.0000,0.0000,0.0000,0.0000,-3.1194,-0.1915,20.7573,-0.0855,0.1032,-0.0332
1774945795.4522,0.0000,0.0000,0.0000,0.0000,0.0000,-3.1251,-0.1938,1.7627,-0.0695,0.0681,-0.0141
1774945795.4715,0.0000,0.0000,0.0000,0.0000,0.0000,-3.1294,-0.1941,-1.2442,-0.0525,0.0308,-0.0109
1774945795.4914,0.0000,0.0000,0.0000,0.0000,0.0000,-3.1329,-0.1936,3.7894,-0.0258,0.0031,-0.0098
1774945795.5114,0.0000,0.0000,0.0000,0.0000,0.0000,-3.1354,-0.1924,5.7038,0.0136,-0.0320,-0.0055
1774945795.5328,0.0000,0.0000,0.0000,0.0000,0.0000,-3.1373,-0.1915,0.0000,0.0402,-0.0406,-0.0024
1774945795.5514,0.0000,0.0000,0.0000,0.0000,0.0000,-3.1399,-0.1910,0.0000,0.0785,-0.0779,-0.0045
1774945795.5714,0.0000,0.0000,0.0000,0.0000,0.0000,-3.1412,-0.1915,5.7132,0.1094,-0.0821,-0.0013
1774945795.5914,0.0000,0.0000,0.0000,0.0000,0.0000,3.1410,-0.1922,-7.3406,0.1169,-0.0608,0.0019
1774945795.6113,0.0000,0.0000,0.0000,0.0000,0.0000,3.1411,-0.1907,-1.4776,0.1361,-0.0448,0.0040
1774945795.6316,0.0000,0.0000,0.0000,0.0000,0.0000,3.1406,-0.1909,4.1552,0.1446,-0.0406,0.0126
1774945795.6516,0.0000,0.0000,0.0000,0.0000,0.0000,3.1407,-0.1926,-6.2722,0.1414,-0.0225,0.0296
1774945795.6713,0.0000,0.0000,0.0000,0.0000,0.0000,-3.1408,-0.1929,-12.0670,0.1031,0.0319,0.0360
1774945795.6915,0.0000,0.0000,0.0000,0.0000,0.0000,-3.1367,-0.1954,7.4978,0.0434,0.0766,0.0488
1774945795.7113,0.0000,0.0000,0.0000,0.0000,0.0000,-3.1319,-0.1968,-2.7662,0.0327,0.0947,0.0413
1774945795.7313,0.0000,0.0000,0.0000,0.0000,0.0000,-3.1271,-0.1978,26.3718,0.0338,0.0649,0.0296
1774945795.7513,0.0000,0.0000,0.0000,0.0000,0.0000,-3.1227,-0.1979,23.7024,0.0157,0.0170,0.0168
1774945795.7714,0.0000,0.0000,0.0000,0.0000,0.0000,-3.1190,-0.1971,-13.6795,-0.0152,-0.0161,-0.0024
1774945795.7915,0.0000,0.0000,0.0000,0.0000,0.0000,-3.1157,-0.1975,11.1011,-0.0109,-0.0203,-0.0173
1774945795.8115,0.0000,0.0000,0.0000,0.0000,0.0000,-3.1153,-0.1992,-4.9858,-0.0418,-0.0001,-0.0205
1774945795.8328,0.0000,0.0000,0.0000,0.0000,0.0000,-3.1154,-0.2013,3.5407,-0.0557,0.0074,-0.0173
1774945795.8515,0.0000,0.0000,0.0000,0.0000,0.0000,-3.1159,-0.2014,-4.4804,-0.0493,-0.0065,-0.0151
1774945795.8715,0.0000,0.0000,0.0000,0.0000,0.0000,-3.1180,-0.2021,-13.6674,-0.0365,0.0063,-0.0130
1774945795.8936,0.0000,0.0000,0.0000,0.0000,0.0000,-3.1192,-0.1998,-14.2139,-0.0184,0.0074,-0.0215
1774945795.9119,0.0000,0.0000,0.0000,0.0000,0.0000,-3.1213,-0.1970,6.3628,-0.0067,0.0010,-0.0407
1774945795.9314,0.0000,0.0000,0.0000,0.0000,0.0000,-3.1237,-0.1947,-5.9629,-0.0088,0.0031,-0.0354
1774945795.9514,0.0000,0.0000,0.0000,0.0000,0.0000,-3.1258,-0.1929,4.6337,-0.0205,0.0127,-0.0386
1774945795.9715,0.0000,0.0000,0.0000,0.0000,0.0000,-3.1272,-0.1907,-1.0811,-0.0408,0.0191,-0.0269
1774945795.9914,0.0000,0.0000,0.0000,0.0000,0.0000,-3.1273,-0.1881,-5.0252,-0.0077,0.0116,-0.0183
1774945796.0114,0.0000,0.0000,0.0000,0.0000,0.0000,-3.1268,-0.1855,-38.7866,0.0019,0.0223,0.0030
1774945796.0313,0.0000,0.0000,0.0000,0.0000,0.0000,-3.1251,-0.1847,-16.8080,0.0072,0.0681,-0.0045
1774945796.0513,0.0000,0.0000,0.0000,0.0000,0.0000,-3.1250,-0.1824,-27.3102,0.0242,0.0447,0.0083
1774945796.0714,0.0000,0.0000,0.0000,0.0000,0.0000,-3.1258,-0.1796,33.9784,0.0050,0.0638,0.0094
1774945796.0914,0.0000,0.0000,0.0000,0.0000,0.0000,-3.1241,-0.1786,47.2525,-0.0322,0.0915,-0.0173
1774945796.1114,0.0000,0.0000,0.0000,0.0000,0.0000,-3.1235,-0.1763,-9.2037,-0.0290,0.0745,-0.0183
1774945796.1314,0.0000,0.0000,0.0000,0.0000,0.0000,-3.1227,-0.1754,-16.4453,-0.0045,0.1565,-0.0332
1774945796.1513,0.0000,0.0000,0.0000,0.0000,0.0000,-3.1227,-0.1761,-2.5873,0.0082,0.1917,-0.0375
1774945796.1714,0.0000,0.0000,0.0000,0.0000,0.0000,-3.1243,-0.1770,-12.3200,0.0104,0.1831,-0.0311
1774945796.1914,0.0000,0.0000,0.0000,0.0000,0.0000,-3.1255,-0.1785,0.0431,0.0136,0.1917,-0.0343
1774945796.2114,0.0000,0.0000,0.0000,0.0000,0.0000,-3.1273,-0.1816,19.8745,-0.0035,0.1949,-0.0247
1774945796.2314,0.0000,0.0000,0.0000,0.0000,0.0000,-3.1300,-0.1837,-2.3135,-0.0109,0.1895,-0.0119
1774945796.2515,0.0000,0.0000,0.0000,0.0000,0.0000,-3.1300,-0.1849,16.4185,-0.0163,0.1853,-0.0055
1774945796.2715,0.0000,0.0000,0.0000,0.0000,0.0000,-3.1287,-0.1875,13.3423,0.0008,0.1544,0.0008
1774945796.2914,0.0000,0.0000,0.0000,0.0000,0.0000,-3.1291,-0.1894,0.5007,0.0157,0.1171,0.0072
1774945796.3114,0.0000,0.0000,0.0000,0.0000,0.0000,-3.1292,-0.1936,1.6722,0.0157,0.1086,-0.0045
1774945796.3314,0.0000,0.0000,0.0000,0.0000,0.0000,-3.1287,-0.1970,16.2252,0.0285,0.0670,-0.0098
1774945796.3515,0.0000,0.0000,0.0000,0.0000,0.0000,-3.1277,-0.1993,2.1017,0.0274,0.0031,-0.0141
1774945796.3717,0.0000,0.0000,0.0000,0.0000,0.0000,-3.1265,-0.2025,-12.1426,0.0221,-0.0171,-0.0173
1774945796.3914,0.0000,0.0000,0.0000,0.0000,0.0000,-3.1265,-0.2054,4.6409,-0.0035,-0.0225,-0.0066
1774945796.4114,0.0000,0.0000,0.0000,0.0000,0.0000,-3.1252,-0.2077,-14.7788,0.0221,-0.0715,0.0008
1774945796.4315,0.0000,0.0000,0.0000,0.0000,0.0000,-3.1244,-0.2083,-19.3455,0.0327,-0.1258,0.0040
1774945796.4514,0.0000,0.0000,0.0000,0.0000,0.0000,-3.1238,-0.2075,-25.9599,0.0242,-0.1684,-0.0024
1774945796.4713,0.0000,0.0000,0.0000,0.0000,0.0000,-3.1232,-0.2073,-6.5777,0.0200,-0.2046,-0.0109
1774945796.4920,0.0000,0.0000,0.0000,0.0000,0.0000,-3.1215,-0.2060,-3.3777,0.0274,-0.2281,-0.0226
1774945796.5116,0.0000,0.0000,0.0000,0.0000,0.0000,-3.1204,-0.2045,7.0065,0.0082,-0.2504,-0.0269
1774945796.5314,0.0000,0.0000,0.0000,0.0000,0.0000,-3.1198,-0.2025,6.7005,-0.0173,-0.2632,-0.0205
1774945796.5514,0.0000,0.0000,0.0000,0.0000,0.0000,-3.1185,-0.2001,-8.5440,-0.0205,-0.2568,-0.0162
1774945796.5714,0.0000,0.0000,0.0000,0.0000,0.0000,-3.1183,-0.1971,-21.3484,-0.0322,-0.2387,-0.0151
1774945796.5914,0.0000,0.0000,0.0000,0.0000,0.0000,-3.1177,-0.1962,-9.5327,-0.0333,-0.2121,-0.0151
1774945796.6115,0.0000,0.0000,0.0000,0.0000,0.0000,-3.1174,-0.1951,-1.8570,-0.0301,-0.1918,-0.0226
1774945796.6313,0.0000,0.0000,0.0000,0.0000,0.0000,-3.1178,-0.1945,0.9229,-0.0429,-0.1503,-0.0290
1774945796.6719,0.0000,0.0000,0.0000,0.0000,0.0000,-3.1187,-0.1944,-10.7292,-0.0440,-0.1098,-0.0322
1774945796.6915,0.0000,0.0000,0.0000,0.0000,0.0000,-3.1242,-0.1955,7.7991,-0.0461,-0.0246,-0.0269
1774945796.7115,0.0000,0.0000,0.0000,0.0000,0.0000,-3.1253,-0.1954,13.8718,-0.0408,-0.0054,-0.0269
1774945796.7314,0.0000,0.0000,0.0000,0.0000,0.0000,-3.1257,-0.1911,-15.5435,-0.0216,-0.0299,-0.0311
1774945796.7513,0.0000,0.0000,0.0000,0.0000,0.0000,-3.1264,-0.1871,12.7423,-0.0131,0.0031,-0.0364
1774945796.7715,0.0000,0.0000,0.0000,0.0000,0.0000,-3.1292,-0.1846,4.4897,-0.0365,0.0191,-0.0354
1774945796.7916,0.0000,0.0000,0.0000,0.0000,0.0000,-3.1310,-0.1842,-4.1563,-0.0344,0.0660,-0.0322
1774945796.8113,0.0000,0.0000,0.0000,0.0000,0.0000,-3.1315,-0.1835,17.5021,-0.0290,0.0926,-0.0279
1774945796.8313,0.0000,0.0000,0.0000,0.0000,0.0000,-3.1314,-0.1864,-6.7316,-0.0237,0.1341,-0.0290
1774945796.8514,0.0000,0.0000,0.0000,0.0000,0.0000,-3.1322,-0.1852,-8.0569,-0.0109,0.1214,-0.0237
1774945796.8713,0.0000,0.0000,0.0000,0.0000,0.0000,-3.1318,-0.1866,1.1714,0.0029,0.1533,-0.0332
1774945796.8918,0.0000,0.0000,0.0000,0.0000,0.0000,-3.1331,-0.1865,2.8470,-0.0195,0.1416,-0.0300
1774945796.9113,0.0000,0.0000,0.0000,0.0000,0.0000,-3.1334,-0.1876,4.2067,-0.0131,0.1565,-0.0354
1774945796.9314,0.0000,0.0000,0.0000,0.0000,0.0000,-3.1338,-0.1872,-0.4507,-0.0131,0.1352,-0.0332
1774945796.9515,0.0000,0.0000,0.0000,0.0000,0.0000,-3.1352,-0.1890,-19.2641,-0.0035,0.1139,-0.0258
1774945796.9716,0.0000,0.0000,0.0000,0.0000,0.0000,-3.1352,-0.1906,-18.9931,0.0146,0.1245,-0.0130
1774945796.9914,0.0000,0.0000,0.0000,0.0000,0.0000,-3.1364,-0.1909,-0.6518,0.0264,0.1256,0.0008
1774945797.0115,0.0000,0.0000,0.0000,0.0000,0.0000,-3.1372,-0.1888,-10.8922,0.0338,0.0542,0.0051
1774945797.0315,0.0000,0.0000,0.0000,0.0000,0.0000,-3.1374,-0.1875,-10.2675,0.0338,0.0287,-0.0002
1774945797.0515,0.0000,0.0000,0.0000,0.0000,0.0000,-3.1355,-0.1861,1.6353,0.0359,0.0574,-0.0034
1774945797.0715,0.0000,0.0000,0.0000,0.0000,0.0000,-3.1342,-0.1833,21.6683,0.0338,0.0084,-0.0002
1774945797.0915,0.0000,0.0000,0.0000,0.0000,0.0000,-3.1337,-0.1815,-33.0589,0.0658,0.0287,0.0062
1774945797.1116,0.0000,0.0000,0.0000,0.0000,0.0000,-3.1339,-0.1791,20.1702,0.0828,0.0500,0.0083
1774945797.1315,0.0000,0.0000,0.0000,0.0000,0.0000,-3.1328,-0.1783,22.1784,0.1009,0.0191,0.0232
1774945797.1514,0.0000,0.0000,0.0000,0.0000,0.0000,-3.1316,-0.1786,-14.3787,0.1414,0.0191,0.0296
1774945797.1715,0.0000,0.0000,0.0000,0.0000,0.0000,-3.1293,-0.1751,-3.7802,0.1276,-0.0320,0.0381
1774945797.1915,0.0000,0.0000,0.0000,0.0000,0.0000,-3.1273,-0.1723,-17.2090,0.1105,-0.0193,0.0243
1774945797.2115,0.0000,0.0000,0.0000,0.0000,0.0000,-3.1255,-0.1696,2.0413,0.0860,0.0138,0.0115
1774945797.2315,0.0000,0.0000,0.0000,0.0000,0.0000,-3.1223,-0.1665,23.0418,0.0402,0.0276,-0.0109
1774945797.2515,0.0000,0.0000,0.0000,0.0000,0.0000,-3.1197,-0.1654,7.3823,0.0359,0.1171,-0.0354
1774945797.2713,0.0000,0.0000,0.0000,0.0000,0.0000,-3.1163,-0.1667,-24.3207,0.0583,0.2300,-0.0577
1774945797.2915,0.0000,0.0000,0.0000,0.0000,0.0000,-3.1140,-0.1705,-4.4929,-0.0077,0.3291,-0.0822
1774945797.3115,0.0000,0.0000,0.0000,0.0000,0.0000,-3.1122,-0.1736,26.5362,0.0157,0.2929,-0.0780
1774945797.3315,0.0000,0.0000,0.0000,0.0000,0.0000,-3.1105,-0.1763,-10.4224,0.0317,0.2790,-0.0716
1774945797.3516,0.0000,0.0000,0.0000,0.0000,0.0000,-3.1105,-0.1775,7.7009,-0.0099,0.2492,-0.0663
1774945797.3714,0.0000,0.0000,0.0000,0.0000,0.0000,-3.1111,-0.1774,4.6248,-0.0131,0.1533,-0.0343
1774945797.3916,0.0000,0.0000,0.0000,0.0000,0.0000,-3.1126,-0.1768,-3.0353,-0.0354,0.1192,-0.0215
1774945797.4134,0.0000,0.0000,0.0000,0.0000,0.0000,-3.1109,-0.1766,40.1509,0.0082,0.0979,-0.0343
1774945797.4313,0.0000,0.0000,0.0000,0.0000,0.0000,-3.1091,-0.1770,-36.5841,0.0700,0.0489,-0.0396
1774945797.4512,0.0000,0.0000,0.0000,0.0000,0.0000,-3.1081,-0.1788,-60.0267,0.1414,0.0585,-0.0311
1774945797.4718,0.0000,0.0000,0.0000,0.0000,0.0000,-3.1088,-0.1802,6.0418,0.1339,0.0755,-0.0002
1774945797.4915,0.0000,0.0000,0.0000,0.0000,0.0000,-3.1111,-0.1823,26.8405,0.0445,0.0702,-0.0002
1774945797.5113,0.0000,0.0000,0.0000,0.0000,0.0000,-3.1142,-0.1846,6.4155,-0.0120,0.0521,-0.0269
1774945797.5313,0.0000,0.0000,0.0000,0.0000,0.0000,-3.1145,-0.1888,1.2488,-0.0503,0.0777,-0.0535
1774945797.5514,0.0000,0.0000,0.0000,0.0000,0.0000,-3.1113,-0.1913,24.5985,0.0008,0.0734,-0.0577
1774945797.5713,0.0000,0.0000,0.0000,0.0000,0.0000,-3.1085,-0.1941,-12.5227,-0.0546,0.0468,-0.0759
1774945797.5918,0.0000,0.0000,0.0000,0.0000,0.0000,-3.1083,-0.1975,-15.4318,-0.1590,0.0127,-0.0961
1774945797.6128,0.0000,0.0000,0.0000,0.0000,0.0000,-3.1087,-0.1987,-16.5837,-0.1867,-0.0459,-0.1025
1774945797.6332,0.0000,0.0000,0.0000,0.0000,0.0000,-3.1101,-0.1999,26.2597,-0.1899,-0.0747,-0.1281
1774945797.6517,0.0000,0.0000,0.0000,0.0000,0.0000,-3.1129,-0.2016,7.6162,-0.2123,-0.1013,-0.1771
1774945797.6717,0.0000,0.0000,0.0000,0.0000,0.0000,-3.1168,-0.2030,-9.0912,-0.2559,-0.1205,-0.1781
1774945797.6913,0.0000,0.0000,0.0000,0.0000,0.0000,-3.1201,-0.2032,6.2393,-0.2027,-0.1641,-0.1483
1774945797.7117,0.0000,0.0000,0.0000,0.0000,0.0000,-3.1247,-0.2025,-29.5815,-0.1494,-0.2249,-0.1110
1774945797.7316,0.0000,0.0000,0.0000,0.0000,0.0000,-3.1305,-0.2012,-18.1148,-0.1441,-0.1961,-0.0684
1774945797.7517,0.0000,0.0000,0.0000,0.0000,0.0000,-3.1375,-0.1982,-20.6762,-0.1739,-0.1972,0.0594
1774945797.7715,0.0000,0.0000,0.0000,0.0000,0.0000,3.1386,-0.1928,7.1545,-0.1974,-0.2110,0.1670
1774945797.7915,0.0000,0.0000,0.0000,0.0000,0.0000,3.1325,-0.1905,41.8725,-0.1995,-0.1695,0.2288
1774945797.8115,0.0000,0.0000,0.0000,0.0000,0.0000,3.1289,-0.1885,-12.7147,-0.1036,-0.1173,0.2512
1774945797.8314,0.0000,0.0000,0.0000,0.0000,0.0000,3.1273,-0.1851,-9.5534,-0.0738,-0.1098,0.2522
1774945797.8514,0.0000,0.0000,0.0000,0.0000,0.0000,3.1238,-0.1800,20.0702,-0.0461,-0.1865,0.2544
1774945797.8713,0.0000,0.0000,0.0000,0.0000,0.0000,3.1194,-0.1775,-19.5647,-0.1643,-0.1428,0.2608
1774945797.8913,0.0000,0.0000,0.0000,0.0000,0.0000,3.1179,-0.1805,-4.0908,-0.0919,0.0340,0.2917
1774945797.9113,0.0000,0.0000,0.0000,0.0000,0.0000,3.1172,-0.1859,-24.2377,-0.0067,0.1182,0.3076
1774945797.9313,0.0000,0.0000,0.0000,0.0000,0.0000,3.1171,-0.1918,-2.4337,0.0200,0.1309,0.3332
1774945797.9514,0.0000,0.0000,0.0000,0.0000,0.0000,3.1202,-0.1948,-7.9180,0.0551,-0.0075,0.3332
1774945797.9714,0.0000,0.0000,0.0000,0.0000,0.0000,3.1224,-0.1987,-3.3075,0.0743,0.0116,0.2885
1774945797.9914,0.0000,0.0000,0.0000,0.0000,0.0000,3.1231,-0.2022,13.4474,0.0295,0.0233,0.2810
1774945798.0116,0.0000,0.0000,0.0000,0.0000,0.0000,3.1248,-0.2076,21.9374,0.0125,0.1022,0.2927
1774945798.0313,0.0000,0.0000,0.0000,0.0000,0.0000,3.1299,-0.2119,-24.3641,0.0924,0.1863,0.3087
1774945798.0514,0.0000,0.0000,0.0000,0.0000,0.0000,3.1356,-0.2183,32.1791,0.1595,0.2854,0.3630
1774945798.0715,0.0000,0.0000,0.0000,0.0000,0.0000,3.1391,-0.2209,0.2605,0.1957,0.1363,0.4078
1774945798.0913,0.0000,0.0000,0.0000,0.0000,0.0000,3.1407,-0.2196,-2.8833,0.1126,-0.0949,0.3971
1774945798.1113,0.0000,0.0000,0.0000,0.0000,0.0000,-3.1412,-0.2184,-27.7718,0.0487,-0.2057,0.3854
1774945798.1318,0.0000,0.0000,0.0000,0.0000,0.0000,-3.1360,-0.2158,-4.9634,0.0668,-0.2110,0.3566
1774945798.1515,0.0000,0.0000,0.0000,0.0000,0.0000,-3.1291,-0.2150,20.9096,0.1276,-0.1322,0.3641
1774945798.1713,0.0000,0.0000,0.0000,0.0000,0.0000,-3.1211,-0.2121,21.4675,0.1190,-0.1407,0.3705
1774945798.1913,0.0000,0.0000,0.0000,0.0000,0.0000,-3.1165,-0.2086,-13.8218,0.1425,-0.2004,0.4056
1774945798.2113,0.0000,0.0000,0.0000,0.0000,0.0000,-3.1139,-0.2080,-2.6492,0.1148,-0.1482,0.4163
1774945798.2316,0.0000,0.0000,0.0000,0.0000,0.0000,-3.1094,-0.2041,2.2056,0.0626,-0.1684,0.3833
1774945798.2514,0.0000,0.0000,0.0000,0.0000,0.0000,-3.1041,-0.2013,26.1215,0.0285,-0.1972,0.3364
1774945798.2716,0.0000,0.0000,0.0000,0.0000,0.0000,-3.0991,-0.1995,-8.4323,0.0189,-0.1663,0.2821
1774945798.2915,0.0000,0.0000,0.0000,0.0000,0.0000,-3.0952,-0.1998,-11.1108,-0.0290,-0.0853,0.2608
1774945798.3117,0.0000,0.0000,0.0000,0.0000,0.0000,-3.0906,-0.1999,46.9845,-0.0450,-0.0054,0.2224
1774945798.3315,0.0000,0.0000,0.0000,0.0000,0.0000,-3.0873,-0.2016,-0.3116,-0.0930,0.0841,0.1873
1774945798.3514,0.0000,0.0000,0.0000,0.0000,0.0000,-3.0856,-0.2043,-56.1951,-0.0866,0.1235,0.1521
1774945798.3715,0.0000,0.0000,0.0000,0.0000,0.0000,-3.0855,-0.2109,71.9915,-0.2155,0.1895,0.0935
1774945798.3920,0.0000,0.0000,0.0000,0.0000,0.0000,-3.0861,-0.2152,38.3056,-0.1239,0.1096,-0.0311
1774945798.4121,0.0000,0.0000,0.0000,0.0000,0.0000,-3.0848,-0.2157,1.0405,-0.0472,-0.0779,-0.1536
1774945798.4315,0.0000,0.0000,0.0000,0.0000,0.0000,-3.0844,-0.2153,25.7856,-0.0780,-0.1886,-0.2154
1774945798.4517,0.0000,0.0000,0.0000,0.0000,0.0000,-3.0894,-0.2150,26.1394,-0.2485,-0.2195,-0.2293
1774945798.4713,0.0000,0.0000,0.0000,0.0000,0.0000,-3.0948,-0.2139,19.0079,-0.3177,-0.2408,-0.2335
1774945798.4913,0.0000,0.0000,0.0000,0.0000,0.0000,-3.1022,-0.2121,-14.9122,-0.2549,-0.2153,-0.1728
1774945798.5114,0.0000,0.0000,0.0000,0.0000,0.0000,-3.1077,-0.2079,9.6059,-0.2048,-0.1514,-0.1526
1774945798.5315,0.0000,0.0000,0.0000,0.0000,0.0000,-3.1131,-0.2058,-39.7259,-0.1175,-0.1119,-0.0918
1774945798.5515,0.0000,0.0000,0.0000,0.0000,0.0000,-3.1196,-0.2055,-15.9315,-0.1079,-0.0086,-0.0535
1774945798.5715,0.0000,0.0000,0.0000,0.0000,0.0000,-3.1272,-0.2058,36.2724,-0.1484,0.0479,-0.0545
1774945798.5915,0.0000,0.0000,0.0000,0.0000,0.0000,-3.1326,-0.2049,67.7522,-0.0834,-0.0459,-0.0620
1774945798.6114,0.0000,0.0000,0.0000,0.0000,0.0000,-3.1350,-0.2025,9.4572,-0.0173,-0.0842,-0.0950
1774945798.6313,0.0000,0.0000,0.0000,0.0000,0.0000,-3.1383,-0.1996,-44.6714,-0.0205,-0.0651,-0.1025
1774945798.6514,0.0000,0.0000,0.0000,0.0000,0.0000,3.1411,-0.2022,-24.1810,-0.0461,0.0873,-0.0854
1774945798.6715,0.0000,0.0000,0.0000,0.0000,0.0000,3.1384,-0.2060,7.9360,-0.0706,0.1831,-0.0652
1774945798.6914,0.0000,0.0000,0.0000,0.0000,0.0000,3.1372,-0.2089,25.1844,0.0157,0.1565,-0.0332
1774945798.7118,0.0000,0.0000,0.0000,0.0000,0.0000,3.1375,-0.2131,18.2424,0.0700,0.0745,-0.0205
1774945798.7314,0.0000,0.0000,0.0000,0.0000,0.0000,3.1375,-0.2181,-18.8224,0.0668,0.0542,-0.0300
1774945798.7514,0.0000,0.0000,0.0000,0.0000,0.0000,3.1374,-0.2208,24.5045,0.0434,-0.0022,-0.0588
1774945798.7715,0.0000,0.0000,0.0000,0.0000,0.0000,3.1374,-0.2186,42.6156,-0.0035,-0.1162,-0.0695
1774945798.7914,0.0000,0.0000,0.0000,0.0000,0.0000,3.1393,-0.2166,-1.4616,0.0295,-0.1609,-0.0684
1774945798.8114,0.0000,0.0000,0.0000,0.0000,0.0000,-3.1409,-0.2126,-48.5882,0.0572,-0.1631,-0.0759
1774945798.8328,0.0000,0.0000,0.0000,0.0000,0.0000,-3.1401,-0.2072,-66.7693,-0.0280,-0.1791,-0.0748
1774945798.8512,0.0000,0.0000,0.0000,0.0000,0.0000,-3.1409,-0.2037,-57.6876,-0.1025,-0.1141,-0.1046
1774945798.8715,0.0000,0.0000,0.0000,0.0000,0.0000,-3.1401,-0.1987,-4.8484,-0.0525,-0.1077,-0.1142
1774945798.8913,0.0000,0.0000,0.0000,0.0000,0.0000,-3.1393,-0.1945,32.6721,0.0061,-0.0533,-0.0993
1774945798.9120,0.0000,0.0000,0.0000,0.0000,0.0000,-3.1411,-0.1914,17.3327,0.0146,-0.0235,-0.0812
1774945798.9314,0.0000,0.0000,0.0000,0.0000,0.0000,3.1388,-0.1905,47.4458,0.0157,0.0265,-0.0609
1774945798.9515,0.0000,0.0000,0.0000,0.0000,0.0000,3.1371,-0.1878,48.0342,0.0519,-0.0288,-0.0215
1774945798.9727,0.0000,0.0000,0.0000,0.0000,0.0000,3.1368,-0.1843,13.2226,0.1776,-0.0651,0.0115
1774945798.9914,0.0000,0.0000,0.0000,0.0000,0.0000,3.1397,-0.1786,-34.8960,0.2415,-0.1066,0.0296
1774945799.0112,0.0000,0.0000,0.0000,0.0000,0.0000,3.1407,-0.1771,24.7560,0.1957,0.1022,0.0435
1774945799.0316,0.0000,0.0000,0.0000,0.0000,0.0000,3.1414,-0.1809,-23.7685,0.1521,0.3802,0.0573
1774945799.0514,0.0000,0.0000,0.0000,0.0000,0.0000,-3.1399,-0.1861,74.0508,0.1126,0.4622,0.0392
1774945799.0717,0.0000,0.0000,0.0000,0.0000,0.0000,-3.1357,-0.1904,32.7653,0.1126,0.3269,0.0019
1774945799.0913,0.0000,0.0000,0.0000,0.0000,0.0000,-3.1315,-0.1910,2.1272,0.1307,0.1331,-0.0141
1774945799.1113,0.0000,0.0000,0.0000,0.0000,0.0000,-3.1274,-0.1905,-105.9605,0.1180,0.0734,-0.0727
1774945799.1314,0.0000,0.0000,0.0000,0.0000,0.0000,-3.1229,-0.1963,-55.3627,0.1233,0.2790,-0.1483
1774945799.1513,0.0000,0.0000,0.0000,0.0000,0.0000,-3.1195,-0.2065,-2.3799,0.0327,0.4931,-0.1739
1774945799.1713,0.0000,0.0000,0.0000,0.0000,0.0000,-3.1199,-0.2160,52.9514,-0.0631,0.4335,-0.1131
1774945799.1914,0.0000,0.0000,0.0000,0.0000,0.0000,-3.1177,-0.2171,32.6745,0.1627,0.1011,-0.0311
1774945799.2114,0.0000,0.0000,0.0000,0.0000,0.0000,-3.1137,-0.2128,30.8761,0.1968,-0.1822,-0.0300
1774945799.2315,0.0000,0.0000,0.0000,0.0000,0.0000,-3.1165,-0.2099,-14.5499,-0.0546,-0.1535,-0.0545
1774945799.2518,0.0000,0.0000,0.0000,0.0000,0.0000,-3.1199,-0.2087,49.1588,-0.1164,-0.0502,-0.0620
1774945799.2716,0.0000,0.0000,0.0000,0.0000,0.0000,-3.1196,-0.2102,94.7083,-0.0418,0.0841,-0.0311
1774945799.2914,0.0000,0.0000,0.0000,0.0000,0.0000,-3.1164,-0.2135,35.2890,0.0445,0.0905,-0.0183
1774945799.3114,0.0000,0.0000,0.0000,0.0000,0.0000,-3.1152,-0.2127,6.1963,0.0082,-0.0853,-0.0780
1774945799.3313,0.0000,0.0000,0.0000,0.0000,0.0000,-3.1161,-0.2088,-15.5777,-0.0876,-0.3506,-0.1259
1774945799.3514,0.0000,0.0000,0.0000,0.0000,0.0000,-3.1180,-0.2039,-84.5317,-0.1366,-0.4539,-0.1217
1774945799.3717,0.0000,0.0000,0.0000,0.0000,0.0000,-3.1203,-0.2016,-58.8994,-0.1388,-0.1577,-0.1312
1774945799.3913,0.0000,0.0000,0.0000,0.0000,0.0000,-3.1221,-0.2062,57.3147,-0.1697,0.1491,-0.1142
1774945799.4114,0.0000,0.0000,0.0000,0.0000,0.0000,-3.1265,-0.2087,-4.2580,-0.2410,0.0223,-0.0652
1774945799.4316,0.0000,0.0000,0.0000,0.0000,0.0000,-3.1306,-0.2076,-32.6627,-0.2229,-0.1428,-0.0748
1774945799.4513,0.0000,0.0000,0.0000,0.0000,0.0000,-3.1337,-0.2056,41.8063,-0.1963,-0.2387,-0.1036
1774945799.4719,0.0000,0.0000,0.0000,0.0000,0.0000,-3.1378,-0.2035,31.5653,-0.2133,-0.2973,-0.1238
1774945799.4914,0.0000,0.0000,0.0000,0.0000,0.0000,3.1408,-0.2010,26.3262,-0.2016,-0.3079,-0.1387
1774945799.5115,0.0000,0.0000,0.0000,0.0000,0.0000,3.1351,-0.1991,-5.0975,-0.1963,-0.2526,-0.1217
1774945799.5313,0.0000,0.0000,0.0000,0.0000,0.0000,3.1323,-0.1996,-44.3844,-0.0717,-0.1002,-0.0822
1774945799.5517,0.0000,0.0000,0.0000,0.0000,0.0000,3.1297,-0.2015,11.3988,0.0775,0.0223,-0.0215
1774945799.5714,0.0000,0.0000,0.0000,0.0000,0.0000,3.1278,-0.2030,-19.1772,0.1190,0.0755,0.0147
1774945799.5913,0.0000,0.0000,0.0000,0.0000,0.0000,3.1274,-0.2044,-20.1878,0.1339,0.1203,0.0285
1774945799.6113,0.0000,0.0000,0.0000,0.0000,0.0000,3.1256,-0.2063,15.6421,0.0743,0.1118,0.0126
1774945799.6321,0.0000,0.0000,0.0000,0.0000,0.0000,3.1251,-0.2080,-39.4610,0.0327,0.0819,-0.0354
1774945799.6514,0.0000,0.0000,0.0000,0.0000,0.0000,3.1245,-0.2140,-9.6450,0.0530,0.1341,-0.0141
1774945799.6713,0.0000,0.0000,0.0000,0.0000,0.0000,3.1263,-0.2191,-0.2069,0.1915,0.0489,0.0158
1774945799.6913,0.0000,0.0000,0.0000,0.0000,0.0000,3.1266,-0.2218,-26.1634,0.0860,0.0106,-0.0279
1774945799.7113,0.0000,0.0000,0.0000,0.0000,0.0000,3.1224,-0.2245,12.3161,-0.1260,0.0340,-0.0599
1774945799.7315,0.0000,0.0000,0.0000,0.0000,0.0000,3.1228,-0.2237,-26.8253,-0.0802,-0.0491,-0.0545
1774945799.7514,0.0000,0.0000,0.0000,0.0000,0.0000,3.1281,-0.2257,-13.2949,0.2011,0.0596,-0.0503
1774945799.7713,0.0000,0.0000,0.0000,0.0000,0.0000,3.1325,-0.2309,33.1764,0.2085,0.1256,-0.0332
1774945799.7915,0.0000,0.0000,0.0000,0.0000,0.0000,3.1327,-0.2296,-4.7694,0.1371,0.0212,-0.0077
1774945799.8113,0.0000,0.0000,0.0000,0.0000,0.0000,3.1329,-0.2263,-46.4847,0.1648,-0.0949,-0.0130
1774945799.8315,0.0000,0.0000,0.0000,0.0000,0.0000,3.1342,-0.2246,-38.2998,0.1148,-0.1290,-0.0652
1774945799.8514,0.0000,0.0000,0.0000,0.0000,0.0000,3.1340,-0.2250,-1.5839,-0.0013,-0.1492,-0.0908
1774945799.8713,0.0000,0.0000,0.0000,0.0000,0.0000,3.1388,-0.2217,-14.5755,0.0945,-0.2451,-0.0524
1774945799.8913,0.0000,0.0000,0.0000,0.0000,0.0000,-3.1413,-0.2186,-6.3565,0.1925,-0.2717,-0.0013
1774945799.9170,0.0000,0.0000,0.0000,0.0000,0.0000,3.1410,-0.2163,20.8807,0.0551,-0.2067,0.0221
1774945799.9316,0.0000,0.0000,0.0000,0.0000,0.0000,3.1410,-0.2170,8.0934,-0.0024,-0.0779,-0.0045
1774945799.9519,0.0000,0.0000,0.0000,0.0000,0.0000,-3.1398,-0.2165,-2.6513,0.0242,-0.0619,-0.0077
1774945799.9716,0.0000,0.0000,0.0000,0.0000,0.0000,-3.1368,-0.2141,-41.5966,0.0157,-0.1130,-0.0215
1774945799.9914,0.0000,0.0000,0.0000,0.0000,0.0000,-3.1358,-0.2152,-46.9366,-0.0333,-0.0779,-0.0215
1774945800.0113,0.0000,0.0000,0.0000,0.0000,0.0000,-3.1365,-0.2176,-2.7154,-0.0109,0.0191,0.0243
1774945800.0315,0.0000,0.0000,0.0000,0.0000,0.0000,-3.1369,-0.2159,35.7438,0.0551,-0.0214,0.1500
1774945800.0514,0.0000,0.0000,0.0000,0.0000,0.0000,-3.1368,-0.2191,10.4139,0.0711,0.0447,0.2491
1774945800.0714,0.0000,0.0000,0.0000,0.0000,0.0000,-3.1397,-0.2213,18.5840,-0.0823,0.0617,0.2981
1774945800.0913,0.0000,0.0000,0.0000,0.0000,0.0000,3.1378,-0.2248,104.8556,-0.2549,0.0457,0.2746
1774945800.1115,0.0000,0.0000,0.0000,0.0000,0.0000,3.1362,-0.2278,34.4942,-0.2336,0.0308,0.2682
1774945800.1319,0.0000,0.0000,0.0000,0.0000,0.0000,3.1355,-0.2318,21.5292,-0.1824,0.0308,0.2981
1774945800.1514,0.0000,0.0000,0.0000,0.0000,0.0000,3.1322,-0.2321,5.2818,-0.1718,-0.0491,0.3183
1774945800.1714,0.0000,0.0000,0.0000,0.0000,0.0000,3.1320,-0.2318,-1.3265,-0.1185,-0.1503,0.3673
1774945800.1922,0.0000,0.0000,0.0000,0.0000,0.0000,3.1316,-0.2310,10.0206,-0.0418,-0.1503,0.3875
1774945800.2113,0.0000,0.0000,0.0000,0.0000,0.0000,3.1338,-0.2311,40.8385,0.0136,-0.0992,0.3790
1774945800.2316,0.0000,0.0000,0.0000,0.0000,0.0000,3.1357,-0.2287,6.4327,0.0466,-0.0992,0.4003
1774945800.2514,0.0000,0.0000,0.0000,0.0000,0.0000,3.1393,-0.2266,-1.0246,0.0604,-0.0928,0.3982
1774945800.2717,0.0000,0.0000,0.0000,0.0000,0.0000,-3.1398,-0.2235,-4.3210,-0.0099,-0.0597,0.3417
1774945800.2914,0.0000,0.0000,0.0000,0.0000,0.0000,-3.1370,-0.2199,2.9343,-0.0738,-0.1407,0.3172
1774945800.3114,0.0000,0.0000,0.0000,0.0000,0.0000,-3.1373,-0.2139,14.1557,-0.1494,-0.2685,0.3321
1774945800.3316,0.0000,0.0000,0.0000,0.0000,0.0000,-3.1350,-0.2112,7.8333,-0.0951,-0.2557,0.3385
1774945800.3515,0.0000,0.0000,0.0000,0.0000,0.0000,-3.1314,-0.2071,53.0860,0.0349,-0.2760,0.3748
1774945800.3715,0.0000,0.0000,0.0000,0.0000,0.0000,-3.1260,-0.2042,5.1841,0.1616,-0.1620,0.3833
1774945800.3913,0.0000,0.0000,0.0000,0.0000,0.0000,-3.1243,-0.2021,-56.7953,0.0210,-0.1450,0.3886
1774945800.4114,0.0000,0.0000,0.0000,0.0000,0.0000,-3.1228,-0.2050,27.5574,-0.0546,0.0521,0.3577
1774945800.4314,0.0000,0.0000,0.0000,0.0000,0.0000,-3.1190,-0.2068,19.0033,-0.0546,0.1267,0.2949
1774945800.4514,0.0000,0.0000,0.0000,0.0000,0.0000,-3.1178,-0.2079,-3.1147,-0.1452,0.1576,0.2725
1774945800.4713,0.0000,0.0000,0.0000,0.0000,0.0000,-3.1159,-0.2113,-11.0993,-0.1611,0.2151,0.2235
1774945800.4916,0.0000,0.0000,0.0000,0.0000,0.0000,-3.1137,-0.2150,4.5511,-0.1398,0.2481,0.2032
1774945800.5115,0.0000,0.0000,0.0000,0.0000,0.0000,-3.1148,-0.2155,-9.7935,-0.1729,0.1725,0.2256
1774945800.5314,0.0000,0.0000,0.0000,0.0000,0.0000,-3.1165,-0.2142,18.9645,-0.1782,0.0862,0.2107
1774945800.5513,0.0000,0.0000,0.0000,0.0000,0.0000,-3.1161,-0.2128,-0.0985,-0.1899,-0.0278,0.1873
1774945800.5713,0.0000,0.0000,0.0000,0.0000,0.0000,-3.1150,-0.2114,-5.5790,-0.1942,-0.0576,0.1308
1774945800.5914,0.0000,0.0000,0.0000,0.0000,0.0000,-3.1144,-0.2097,6.1127,-0.1995,-0.0235,0.0946
1774945800.6114,0.0000,0.0000,0.0000,0.0000,0.0000,-3.1148,-0.2067,23.7852,-0.1824,-0.0257,0.0957
1774945800.6314,0.0000,0.0000,0.0000,0.0000,0.0000,-3.1144,-0.2062,7.9097,-0.1249,-0.0384,0.0094
1774945800.6514,0.0000,0.0000,0.0000,0.0000,0.0000,-3.1121,-0.2076,-30.7532,0.0040,0.0031,-0.1014
1774945800.6714,0.0000,0.0000,0.0000,0.0000,0.0000,-3.1128,-0.2061,-19.8884,0.0509,0.0319,-0.1344
1774945800.6914,0.0000,0.0000,0.0000,0.0000,0.0000,-3.1126,-0.2032,16.1599,0.1297,0.0244,-0.1302
1774945800.7114,0.0000,0.0000,0.0000,0.0000,0.0000,-3.1148,-0.2022,-27.0241,0.0338,0.0447,-0.1131
1774945800.7315,0.0000,0.0000,0.0000,0.0000,0.0000,-3.1195,-0.2026,-0.7284,-0.1175,0.2194,-0.1291
1774945800.7513,0.0000,0.0000,0.0000,0.0000,0.0000,-3.1257,-0.2051,53.4265,-0.1856,0.3163,-0.1185
1774945800.7714,0.0000,0.0000,0.0000,0.0000,0.0000,-3.1288,-0.2076,26.6376,-0.1729,0.2652,-0.1142
1774945800.7913,0.0000,0.0000,0.0000,0.0000,0.0000,-3.1293,-0.2090,-12.1915,-0.0876,0.1789,-0.0833
1774945800.8113,0.0000,0.0000,0.0000,0.0000,0.0000,-3.1307,-0.2091,-25.9443,-0.0748,0.1384,-0.0865
1774945800.8313,0.0000,0.0000,0.0000,0.0000,0.0000,-3.1323,-0.2101,1.0463,-0.1409,0.1182,-0.1004
1774945800.8513,0.0000,0.0000,0.0000,0.0000,0.0000,-3.1369,-0.2098,-24.3645,-0.1611,0.1235,-0.1025
1774945800.8714,0.0000,0.0000,0.0000,0.0000,0.0000,-3.1398,-0.2088,4.4777,-0.0823,0.1288,-0.0918
1774945800.8913,0.0000,0.0000,0.0000,0.0000,0.0000,-3.1398,-0.2090,10.8859,0.0977,0.2012,-0.0407
1774945800.9113,0.0000,0.0000,0.0000,0.0000,0.0000,-3.1408,-0.2134,12.9965,0.1371,0.2897,-0.0269
1774945800.9313,0.0000,0.0000,0.0000,0.0000,0.0000,3.1392,-0.2181,-16.1532,-0.0216,0.3195,-0.0514
1774945800.9514,0.0000,0.0000,0.0000,0.0000,0.0000,3.1340,-0.2212,-27.8101,-0.1654,0.3174,-0.0748
1774945800.9712,0.0000,0.0000,0.0000,0.0000,0.0000,3.1300,-0.2246,4.5686,-0.1856,0.3174,-0.0833
1774945800.9912,0.0000,0.0000,0.0000,0.0000,0.0000,3.1303,-0.2308,-16.8825,-0.0940,0.2545,-0.0492
1774945801.0113,0.0000,0.0000,0.0000,0.0000,0.0000,3.1303,-0.2309,-43.4969,0.1808,-0.0331,0.0914
1774945801.0327,0.0000,0.0000,0.0000,0.0000,0.0000,3.1376,-0.2250,23.8581,0.4770,-0.3367,0.0967
1774945801.0512,0.0000,0.0000,0.0000,0.0000,0.0000,3.1399,-0.2202,42.0117,0.1446,-0.2643,-0.0024
1774945801.0715,0.0000,0.0000,0.0000,0.0000,0.0000,3.1365,-0.2196,20.3421,-0.0184,-0.0459,-0.0695
1774945801.0912,0.0000,0.0000,0.0000,0.0000,0.0000,3.1374,-0.2210,23.8730,-0.0567,0.1096,-0.1036
1774945801.1114,0.0000,0.0000,0.0000,0.0000,0.0000,3.1390,-0.2213,-16.0990,-0.0535,0.0532,-0.1249
1774945801.1318,0.0000,0.0000,0.0000,0.0000,0.0000,3.1389,-0.2158,15.8766,0.0327,-0.1854,-0.0844
1774945801.1512,0.0000,0.0000,0.0000,0.0000,0.0000,-3.1401,-0.2099,0.9617,0.1233,-0.2675,-0.0716
1774945801.1713,0.0000,0.0000,0.0000,0.0000,0.0000,-3.1402,-0.2103,3.4691,0.0679,-0.0299,-0.0492
1774945801.1912,0.0000,0.0000,0.0000,0.0000,0.0000,-3.1414,-0.2166,26.1146,0.0019,0.2364,-0.0631
1774945801.2113,0.0000,0.0000,0.0000,0.0000,0.0000,3.1409,-0.2221,72.3223,0.0327,0.2694,-0.0791
1774945801.2313,0.0000,0.0000,0.0000,0.0000,0.0000,-3.1412,-0.2219,-1.3888,0.0892,0.1043,-0.0620
1774945801.2513,0.0000,0.0000,0.0000,0.0000,0.0000,-3.1368,-0.2222,9.2055,0.1329,-0.0107,-0.0609
1774945801.2741,0.0000,0.0000,0.0000,0.0000,0.0000,-3.1355,-0.2238,52.8281,0.1062,-0.1087,-0.0769
1774945801.2912,0.0000,0.0000,0.0000,0.0000,0.0000,-3.1356,-0.2224,-23.7556,0.1084,-0.2419,-0.0716
1774945801.3116,0.0000,0.0000,0.0000,0.0000,0.0000,-3.1360,-0.2199,-46.9862,0.0690,-0.2728,-0.0577
1774945801.3329,0.0000,0.0000,0.0000,0.0000,0.0000,-3.1379,-0.2177,37.0086,0.0402,-0.2643,-0.0535
1774945801.3513,0.0000,0.0000,0.0000,0.0000,0.0000,-3.1397,-0.2180,1.3544,-0.0109,-0.0970,-0.0343
1774945801.3714,0.0000,0.0000,0.0000,0.0000,0.0000,-3.1408,-0.2193,-19.1765,0.1148,-0.0949,0.0328
1774945801.3914,0.0000,0.0000,0.0000,0.0000,0.0000,-3.1384,-0.2205,-7.3729,0.2000,-0.0374,0.0424
1774945801.4114,0.0000,0.0000,0.0000,0.0000,0.0000,-3.1379,-0.2214,28.1344,0.1382,-0.1045,-0.0173
1774945801.4313,0.0000,0.0000,0.0000,0.0000,0.0000,-3.1376,-0.2181,35.3792,0.0157,-0.2984,-0.1185
1774945801.4513,0.0000,0.0000,0.0000,0.0000,0.0000,-3.1367,-0.2108,30.6939,-0.0748,-0.4763,-0.1302
1774945801.4714,0.0000,0.0000,0.0000,0.0000,0.0000,-3.1390,-0.2037,-33.4926,-0.1952,-0.4901,-0.1121
1774945801.4913,0.0000,0.0000,0.0000,0.0000,0.0000,-3.1402,-0.1972,-38.6383,-0.1697,-0.3559,-0.1227
1774945801.5115,0.0000,0.0000,0.0000,0.0000,0.0000,-3.1397,-0.1961,-12.3137,-0.0812,-0.0651,-0.1099
1774945801.5316,0.0000,0.0000,0.0000,0.0000,0.0000,-3.1359,-0.2007,18.1475,0.2032,0.2758,-0.0950
1774945801.5513,0.0000,0.0000,0.0000,0.0000,0.0000,-3.1339,-0.2126,74.0327,0.1734,0.5315,-0.0364
1774945801.5714,0.0000,0.0000,0.0000,0.0000,0.0000,-3.1355,-0.2203,-25.9702,-0.0099,0.3919,-0.0641
1774945801.5913,0.0000,0.0000,0.0000,0.0000,0.0000,-3.1387,-0.2227,62.3705,-0.0844,0.1267,-0.1057
1774945801.6113,0.0000,0.0000,0.0000,0.0000,0.0000,3.1406,-0.2207,-0.4784,-0.1217,-0.1162,-0.1153
1774945801.6313,0.0000,0.0000,0.0000,0.0000,0.0000,3.1405,-0.2163,-31.4728,-0.1143,-0.2611,-0.0982
1774945801.6514,0.0000,0.0000,0.0000,0.0000,0.0000,3.1407,-0.2160,-32.2479,0.0125,-0.0757,-0.0684
1774945801.6713,0.0000,0.0000,0.0000,0.0000,0.0000,3.1403,-0.2219,-4.9078,0.0349,0.2055,-0.0183
1774945801.6913,0.0000,0.0000,0.0000,0.0000,0.0000,3.1377,-0.2272,-15.8847,0.0540,0.2034,0.0072
1774945801.7114,0.0000,0.0000,0.0000,0.0000,0.0000,3.1355,-0.2297,43.7348,0.0061,0.0415,-0.0055
1774945801.7325,0.0000,0.0000,0.0000,0.0000,0.0000,3.1317,-0.2282,65.0976,-0.0748,-0.1748,-0.0151
1774945801.7513,0.0000,0.0000,0.0000,0.0000,0.0000,3.1310,-0.2259,34.2221,-0.0631,-0.2643,-0.0311
1774945801.7714,0.0000,0.0000,0.0000,0.0000,0.0000,3.1323,-0.2202,6.3325,0.0082,-0.2781,-0.0450
1774945801.7913,0.0000,0.0000,0.0000,0.0000,0.0000,3.1335,-0.2143,-35.8851,-0.0099,-0.2536,-0.0588
1774945801.8115,0.0000,0.0000,0.0000,0.0000,0.0000,3.1304,-0.2157,-35.2499,-0.1537,0.0713,-0.0865
1774945801.8314,0.0000,0.0000,0.0000,0.0000,0.0000,3.1297,-0.2221,54.4300,-0.0993,0.2971,-0.0961
1774945801.8513,0.0000,0.0000,0.0000,0.0000,0.0000,3.1305,-0.2262,2.2106,0.1435,0.2034,-0.0183
1774945801.8715,0.0000,0.0000,0.0000,0.0000,0.0000,3.1336,-0.2245,-33.5671,0.3236,-0.0523,0.0371
1774945801.8914,0.0000,0.0000,0.0000,0.0000,0.0000,3.1358,-0.2215,16.8177,0.2064,-0.1269,0.0488
1774945801.9114,0.0000,0.0000,0.0000,0.0000,0.0000,3.1352,-0.2213,50.7317,0.1212,-0.0342,0.0158
1774945801.9314,0.0000,0.0000,0.0000,0.0000,0.0000,3.1371,-0.2264,-3.9817,0.1936,0.1704,0.0104
1774945801.9514,0.0000,0.0000,0.0000,0.0000,0.0000,-3.1389,-0.2298,-44.1345,0.2810,0.2343,0.0115
1774945801.9714,0.0000,0.0000,0.0000,0.0000,0.0000,-3.1342,-0.2321,-28.5942,0.3545,0.1139,0.0477
1774945801.9922,0.0000,0.0000,0.0000,0.0000,0.0000,-3.1306,-0.2326,-48.7188,0.2479,0.0127,0.0467
1774945802.0124,0.0000,0.0000,0.0000,0.0000,0.0000,-3.1291,-0.2381,47.7532,-0.0003,0.1480,-0.0354
1774945802.0314,0.0000,0.0000,0.0000,0.0000,0.0000,-3.1271,-0.2439,38.2788,-0.0717,0.2471,-0.0950
1774945802.0514,0.0000,0.0000,0.0000,0.0000,0.0000,-3.1251,-0.2464,43.9043,-0.0312,0.1139,-0.0972
1774945802.0713,0.0000,0.0000,0.0000,0.0000,0.0000,-3.1209,-0.2478,13.1399,0.0264,-0.0107,-0.0908
1774945802.0912,0.0000,0.0000,0.0000,0.0000,0.0000,-3.1182,-0.2490,10.2677,0.0104,-0.0736,-0.0737
1774945802.1113,0.0000,0.0000,0.0000,0.0000,0.0000,-3.1192,-0.2447,12.0513,0.0210,-0.2547,-0.0439
1774945802.1315,0.0000,0.0000,0.0000,0.0000,0.0000,-3.1219,-0.2378,-24.9018,-0.0195,-0.3761,-0.0066
1774945802.1514,0.0000,0.0000,0.0000,0.0000,0.0000,-3.1255,-0.2372,18.4630,-0.1175,-0.1013,-0.0055
1774945802.1714,0.0000,0.0000,0.0000,0.0000,0.0000,-3.1289,-0.2408,21.8365,-0.1590,0.0734,-0.0141
1774945802.1925,0.0000,0.0000,0.0000,0.0000,0.0000,-3.1295,-0.2432,20.8041,-0.0834,-0.0725,0.0008
1774945802.2113,0.0000,0.0000,0.0000,0.0000,0.0000,-3.1297,-0.2420,13.8521,-0.0248,-0.2739,0.0115
1774945802.2315,0.0000,0.0000,0.0000,0.0000,0.0000,-3.1300,-0.2396,9.1881,-0.0035,-0.3367,-0.0269
1774945802.2514,0.0000,0.0000,0.0000,0.0000,0.0000,-3.1313,-0.2361,0.1334,-0.0237,-0.3324,-0.0514
1774945802.2714,0.0000,0.0000,0.0000,0.0000,0.0000,-3.1315,-0.2323,17.0674,0.0157,-0.2696,-0.0418
1774945802.2915,0.0000,0.0000,0.0000,0.0000,0.0000,-3.1316,-0.2322,18.6667,0.0381,-0.1311,-0.0482
1774945802.3113,0.0000,0.0000,0.0000,0.0000,0.0000,-3.1343,-0.2342,8.2792,-0.0876,-0.0523,-0.0631
1774945802.3316,0.0000,0.0000,0.0000,0.0000,0.0000,-3.1365,-0.2364,-15.5024,-0.1249,-0.0544,-0.0876
1774945802.3518,0.0000,0.0000,0.0000,0.0000,0.0000,-3.1378,-0.2381,-21.0519,-0.0578,-0.0448,-0.0471
1774945802.3715,0.0000,0.0000,0.0000,0.0000,0.0000,-3.1415,-0.2378,55.9389,-0.0567,-0.0779,0.1042
1774945802.3915,0.0000,0.0000,0.0000,0.0000,0.0000,3.1382,-0.2378,22.5521,-0.0866,-0.1151,0.2128
1774945802.4114,0.0000,0.0000,0.0000,0.0000,0.0000,3.1359,-0.2362,3.6768,-0.0844,-0.1183,0.2576
1774945802.4312,0.0000,0.0000,0.0000,0.0000,0.0000,3.1315,-0.2333,-15.3609,-0.1579,-0.1002,0.2256
1774945802.4513,0.0000,0.0000,0.0000,0.0000,0.0000,3.1293,-0.2326,-8.0490,-0.2559,-0.0533,0.1692
1774945802.4714,0.0000,0.0000,0.0000,0.0000,0.0000,3.1273,-0.2334,58.2799,-0.2325,0.0287,0.1638
1774945802.4914,0.0000,0.0000,0.0000,0.0000,0.0000,3.1268,-0.2317,30.5195,-0.1441,0.0020,0.1862
1774945802.5112,0.0000,0.0000,0.0000,0.0000,0.0000,3.1297,-0.2335,-31.4795,-0.0450,0.0202,0.2320
1774945802.5315,0.0000,0.0000,0.0000,0.0000,0.0000,3.1292,-0.2328,-47.0784,0.0594,0.0574,0.2970
1774945802.5514,0.0000,0.0000,0.0000,0.0000,0.0000,3.1307,-0.2318,-48.9965,0.0668,0.0755,0.3034
1774945802.5713,0.0000,0.0000,0.0000,0.0000,0.0000,3.1320,-0.2309,-36.8948,0.0327,0.0596,0.2970
1774945802.5914,0.0000,0.0000,0.0000,0.0000,0.0000,3.1309,-0.2312,9.1531,-0.0131,0.0521,0.2949
1774945802.6117,0.0000,0.0000,0.0000,0.0000,0.0000,3.1299,-0.2286,56.4788,-0.0589,-0.0299,0.2789
1774945802.6315,0.0000,0.0000,0.0000,0.0000,0.0000,3.1279,-0.2279,5.3828,-0.1356,-0.0747,0.2895
1774945802.6514,0.0000,0.0000,0.0000,0.0000,0.0000,3.1267,-0.2293,-2.2209,-0.1164,-0.0587,0.2831
1774945802.6713,0.0000,0.0000,0.0000,0.0000,0.0000,3.1285,-0.2281,-41.8641,-0.0301,-0.0001,0.2682
1774945802.6913,0.0000,0.0000,0.0000,0.0000,0.0000,3.1315,-0.2294,-24.5367,0.0455,0.0819,0.2789
1774945802.7114,0.0000,0.0000,0.0000,0.0000,0.0000,3.1309,-0.2308,38.8713,0.0498,0.1032,0.3162
1774945802.7314,0.0000,0.0000,0.0000,0.0000,0.0000,3.1317,-0.2290,46.6010,0.0988,0.0436,0.3577
1774945802.7514,0.0000,0.0000,0.0000,0.0000,0.0000,3.1341,-0.2235,25.1960,0.0540,-0.1716,0.3566
1774945802.7713,0.0000,0.0000,0.0000,0.0000,0.0000,3.1340,-0.2202,36.4595,-0.0802,-0.2121,0.3843
1774945802.7914,0.0000,0.0000,0.0000,0.0000,0.0000,3.1356,-0.2165,1.7511,-0.0493,-0.1343,0.4142
1774945802.8112,0.0000,0.0000,0.0000,0.0000,0.0000,3.1413,-0.2141,63.4658,0.0615,-0.1322,0.4440
1774945802.8315,0.0000,0.0000,0.0000,0.0000,0.0000,-3.1344,-0.2138,-37.6737,0.1808,-0.1055,0.4504
1774945802.8513,0.0000,0.0000,0.0000,0.0000,0.0000,-3.1274,-0.2105,-24.8479,0.1169,-0.0800,0.4525
1774945802.8730,0.0000,0.0000,0.0000,0.0000,0.0000,-3.1219,-0.2096,13.9607,0.0722,0.0191,0.4184
1774945802.8913,0.0000,0.0000,0.0000,0.0000,0.0000,-3.1175,-0.2090,-17.1827,-0.0312,0.0798,0.3513
1774945802.9114,0.0000,0.0000,0.0000,0.0000,0.0000,-3.1183,-0.2075,11.6079,-0.1484,0.0958,0.3439
1774945802.9313,0.0000,0.0000,0.0000,0.0000,0.0000,-3.1180,-0.2045,29.5732,-0.1590,-0.0352,0.3652
1774945802.9515,0.0000,0.0000,0.0000,0.0000,0.0000,-3.1179,-0.2025,1.6916,-0.0109,-0.0299,0.4238
1774945802.9712,0.0000,0.0000,0.0000,0.0000,0.0000,-3.1107,-0.2047,83.1910,0.1904,0.0819,0.4142
1774945802.9913,0.0000,0.0000,0.0000,0.0000,0.0000,-3.1055,-0.2074,-10.6060,0.0956,0.2087,0.3289
1774945803.0114,0.0000,0.0000,0.0000,0.0000,0.0000,-3.1040,-0.2095,-38.7752,-0.0205,0.1927,0.2118
1774945803.0316,0.0000,0.0000,0.0000,0.0000,0.0000,-3.1066,-0.2079,-33.5282,-0.2410,0.0415,0.1329
1774945803.0513,0.0000,0.0000,0.0000,0.0000,0.0000,-3.1100,-0.2080,-30.9904,-0.2496,-0.1205,0.1383
1774945803.0713,0.0000,0.0000,0.0000,0.0000,0.0000,-3.1099,-0.2074,-12.8132,-0.1707,-0.0257,0.1255
1774945803.0915,0.0000,0.0000,0.0000,0.0000,0.0000,-3.1081,-0.2074,96.1408,-0.0993,0.0223,0.0807
1774945803.1113,0.0000,0.0000,0.0000,0.0000,0.0000,-3.1067,-0.2089,20.9954,-0.1132,0.0937,-0.1227
1774945803.1314,0.0000,0.0000,0.0000,0.0000,0.0000,-3.1082,-0.2068,16.1033,-0.2655,-0.0512,-0.2101
1774945803.1519,0.0000,0.0000,0.0000,0.0000,0.0000,-3.1129,-0.2034,-30.0397,-0.2996,-0.1375,-0.2250
1774945803.1717,0.0000,0.0000,0.0000,0.0000,0.0000,-3.1151,-0.2018,-53.9338,-0.1697,-0.0331,-0.2154
1774945803.1916,0.0000,0.0000,0.0000,0.0000,0.0000,-3.1162,-0.2028,14.2631,-0.0567,0.0841,-0.1781
1774945803.2117,0.0000,0.0000,0.0000,0.0000,0.0000,-3.1219,-0.2052,37.6922,-0.1132,0.1160,-0.1142
1774945803.2313,0.0000,0.0000,0.0000,0.0000,0.0000,-3.1289,-0.2054,-13.9805,-0.1824,0.0649,-0.0695
1774945803.2514,0.0000,0.0000,0.0000,0.0000,0.0000,-3.1363,-0.2043,1.5690,-0.2037,0.0372,-0.0439
1774945803.2714,0.0000,0.0000,0.0000,0.0000,0.0000,3.1398,-0.2038,-9.2248,-0.1888,0.0851,-0.0418
1774945803.2913,0.0000,0.0000,0.0000,0.0000,0.0000,3.1339,-0.2039,-16.5134,-0.1643,0.1799,-0.0663
1774945803.3114,0.0000,0.0000,0.0000,0.0000,0.0000,3.1284,-0.2052,18.1638,-0.1899,0.2492,-0.0844
1774945803.3313,0.0000,0.0000,0.0000,0.0000,0.0000,3.1253,-0.2086,12.0700,-0.1718,0.1949,-0.0588
1774945803.3519,0.0000,0.0000,0.0000,0.0000,0.0000,3.1228,-0.2077,-36.9077,-0.0461,0.0479,-0.0375
1774945803.3715,0.0000,0.0000,0.0000,0.0000,0.0000,3.1209,-0.2101,-9.0320,0.0754,0.0447,-0.0737
1774945803.3914,0.0000,0.0000,0.0000,0.0000,0.0000,3.1186,-0.2124,61.2146,0.0796,0.0894,-0.0567
1774945803.4114,0.0000,0.0000,0.0000,0.0000,0.0000,3.1154,-0.2153,42.7654,0.0264,0.1256,-0.0130
1774945803.4312,0.0000,0.0000,0.0000,0.0000,0.0000,3.1115,-0.2183,59.8980,0.0040,0.1299,0.0030
1774945803.4514,0.0000,0.0000,0.0000,0.0000,0.0000,3.1093,-0.2171,8.4280,0.0498,0.0819,-0.0151
1774945803.4712,0.0000,0.0000,0.0000,0.0000,0.0000,3.1100,-0.2173,-12.1743,0.0913,0.1160,-0.0332
1774945803.4913,0.0000,0.0000,0.0000,0.0000,0.0000,3.1084,-0.2200,29.3486,0.1105,0.1214,-0.0034
1774945803.5113,0.0000,0.0000,0.0000,0.0000,0.0000,3.1089,-0.2190,8.3866,0.1425,0.0138,0.0221
1774945803.5313,0.0000,0.0000,0.0000,0.0000,0.0000,3.1109,-0.2185,16.0512,0.1893,-0.0629,0.0328
1774945803.5513,0.0000,0.0000,0.0000,0.0000,0.0000,3.1136,-0.2169,10.3400,0.2138,-0.0406,0.0349
1774945803.5716,0.0000,0.0000,0.0000,0.0000,0.0000,3.1165,-0.2219,-3.4034,0.1627,0.1214,0.0030
1774945803.5912,0.0000,0.0000,0.0000,0.0000,0.0000,3.1215,-0.2235,-27.1368,0.1414,0.1586,-0.0258
1774945803.6114,0.0000,0.0000,0.0000,0.0000,0.0000,3.1266,-0.2229,-31.3552,0.1521,0.0841,-0.0332
1774945803.6313,0.0000,0.0000,0.0000,0.0000,0.0000,3.1305,-0.2202,-20.2605,0.1680,-0.0246,-0.0375
1774945803.6517,0.0000,0.0000,0.0000,0.0000,0.0000,3.1367,-0.2167,-25.2402,0.2074,-0.0970,-0.0471
1774945803.6718,0.0000,0.0000,0.0000,0.0000,0.0000,3.1379,-0.2143,-5.1877,0.2128,-0.0416,-0.0215
1774945803.6913,0.0000,0.0000,0.0000,0.0000,0.0000,3.1396,-0.2156,-42.3765,0.2575,0.0724,0.0083
1774945803.7113,0.0000,0.0000,0.0000,0.0000,0.0000,3.1412,-0.2176,-46.8819,0.1638,0.1341,0.0371
1774945803.7313,0.0000,0.0000,0.0000,0.0000,0.0000,-3.1397,-0.2213,-31.5871,0.0892,0.2034,-0.0087
1774945803.7513,0.0000,0.0000,0.0000,0.0000,0.0000,-3.1361,-0.2235,20.0695,0.0466,0.1480,-0.0801
1774945803.7713,0.0000,0.0000,0.0000,0.0000,0.0000,-3.1336,-0.2224,46.5709,-0.0120,0.0074,-0.1185
1774945803.7913,0.0000,0.0000,0.0000,0.0000,0.0000,-3.1316,-0.2184,-19.9179,-0.0567,-0.1279,-0.1206
1774945803.8113,0.0000,0.0000,0.0000,0.0000,0.0000,-3.1335,-0.2175,27.0190,-0.1643,-0.0512,-0.1206
1774945803.8313,0.0000,0.0000,0.0000,0.0000,0.0000,-3.1333,-0.2167,33.5801,-0.1164,0.0148,-0.1227
1774945803.8512,0.0000,0.0000,0.0000,0.0000,0.0000,-3.1337,-0.2180,5.2525,-0.0748,0.0702,-0.1131
1774945803.8713,0.0000,0.0000,0.0000,0.0000,0.0000,-3.1373,-0.2193,-40.8503,-0.1590,0.0702,-0.1355
1774945803.8913,0.0000,0.0000,0.0000,0.0000,0.0000,-3.1386,-0.2213,18.1025,-0.1920,0.0095,-0.1526
1774945803.9114,0.0000,0.0000,0.0000,0.0000,0.0000,-3.1398,-0.2189,23.1734,-0.0759,-0.1822,-0.1014
1774945803.9314,0.0000,0.0000,0.0000,0.0000,0.0000,3.1413,-0.2122,16.7116,0.0029,-0.3538,-0.0588
1774945803.9513,0.0000,0.0000,0.0000,0.0000,0.0000,3.1364,-0.2038,-6.8736,-0.0930,-0.3900,-0.0535
1774945803.9713,0.0000,0.0000,0.0000,0.0000,0.0000,3.1328,-0.1990,-60.9595,-0.0482,-0.2824,-0.0705
1774945803.9914,0.0000,0.0000,0.0000,0.0000,0.0000,3.1335,-0.1993,-16.4342,0.0967,0.0340,-0.0524
1774945804.0113,0.0000,0.0000,0.0000,0.0000,0.0000,3.1302,-0.2036,41.2098,0.0082,0.2705,-0.0183
1774945804.0313,0.0000,0.0000,0.0000,0.0000,0.0000,3.1270,-0.2072,34.2186,-0.0312,0.2971,-0.0439
1774945804.0513,0.0000,0.0000,0.0000,0.0000,0.0000,3.1267,-0.2113,-7.0990,-0.0503,0.2364,-0.1121
1774945804.0714,0.0000,0.0000,0.0000,0.0000,0.0000,3.1278,-0.2131,39.7068,0.0029,0.1885,-0.1227
1774945804.0913,0.0000,0.0000,0.0000,0.0000,0.0000,3.1285,-0.2115,4.2170,0.0540,-0.0129,-0.0886
1774945804.1114,0.0000,0.0000,0.0000,0.0000,0.0000,3.1326,-0.2100,-56.9144,0.1904,-0.1173,-0.0514
1774945804.1313,0.0000,0.0000,0.0000,0.0000,0.0000,3.1323,-0.2107,8.0239,0.1403,-0.0278,-0.0471
1774945804.1513,0.0000,0.0000,0.0000,0.0000,0.0000,3.1300,-0.2136,59.8285,-0.0077,0.0830,-0.0354
1774945804.1713,0.0000,0.0000,0.0000,0.0000,0.0000,3.1258,-0.2132,-23.0525,-0.0908,-0.0118,0.0051
1774945804.1914,0.0000,0.0000,0.0000,0.0000,0.0000,3.1266,-0.2114,-34.2816,-0.0312,-0.1034,-0.0194
1774945804.2113,0.0000,0.0000,0.0000,0.0000,0.0000,3.1293,-0.2113,-28.1379,0.0029,-0.1524,-0.0556
1774945804.2312,0.0000,0.0000,0.0000,0.0000,0.0000,3.1301,-0.2128,38.3035,-0.0152,-0.0693,-0.0631
1774945804.2513,0.0000,0.0000,0.0000,0.0000,0.0000,3.1303,-0.2141,-16.1882,-0.1047,-0.0086,-0.0801
1774945804.2712,0.0000,0.0000,0.0000,0.0000,0.0000,3.1269,-0.2144,29.5497,-0.2229,-0.0139,-0.0929
1774945804.2912,0.0000,0.0000,0.0000,0.0000,0.0000,3.1272,-0.2124,-21.0585,-0.0397,-0.0576,-0.1057
1774945804.3112,0.0000,0.0000,0.0000,0.0000,0.0000,3.1308,-0.2133,-8.1436,0.1286,-0.0075,-0.0663
1774945804.3312,0.0000,0.0000,0.0000,0.0000,0.0000,3.1276,-0.2132,-15.6439,-0.0333,-0.0352,-0.0620
1774945804.3514,0.0000,0.0000,0.0000,0.0000,0.0000,3.1211,-0.2174,-14.0858,-0.2623,0.1192,-0.1281
1774945804.3716,0.0000,0.0000,0.0000,0.0000,0.0000,3.1177,-0.2239,44.2084,-0.2527,0.2588,-0.1696
1774945804.3914,0.0000,0.0000,0.0000,0.0000,0.0000,3.1174,-0.2270,19.1386,-0.1185,0.1363,-0.1110
1774945804.4114,0.0000,0.0000,0.0000,0.0000,0.0000,3.1202,-0.2274,9.6591,0.0743,-0.0565,-0.0737
1774945804.4318,0.0000,0.0000,0.0000,0.0000,0.0000,3.1204,-0.2215,-4.7766,0.1339,-0.1993,-0.1025
1774945804.4518,0.0000,0.0000,0.0000,0.0000,0.0000,3.1180,-0.2182,7.0909,-0.0663,-0.1514,-0.1014
1774945804.4715,0.0000,0.0000,0.0000,0.0000,0.0000,3.1125,-0.2227,98.1859,-0.1579,0.2598,-0.0577
1774945804.4913,0.0000,0.0000,0.0000,0.0000,0.0000,3.1111,-0.2278,30.7387,-0.0344,0.3355,-0.0418
1774945804.5113,0.0000,0.0000,0.0000,0.0000,0.0000,3.1108,-0.2319,14.6157,0.0295,0.3546,-0.0034
1774945804.5316,0.0000,0.0000,0.0000,0.0000,0.0000,3.1105,-0.2353,51.4958,0.0413,0.1714,0.0190
1774945804.5514,0.0000,0.0000,0.0000,0.0000,0.0000,3.1101,-0.2367,-35.2858,0.1787,0.0628,0.0573
1774945804.5715,0.0000,0.0000,0.0000,0.0000,0.0000,3.1139,-0.2330,-10.8274,0.2330,-0.1791,0.0126
1774945804.5915,0.0000,0.0000,0.0000,0.0000,0.0000,3.1141,-0.2292,-10.2711,0.1158,-0.3324,0.0264
1774945804.6113,0.0000,0.0000,0.0000,0.0000,0.0000,3.1126,-0.2231,42.7566,0.0423,-0.4709,0.0403
1774945804.6323,0.0000,0.0000,0.0000,0.0000,0.0000,3.1164,-0.2163,16.2052,0.0732,-0.4518,0.0147
1774945804.6514,0.0000,0.0000,0.0000,0.0000,0.0000,3.1185,-0.2114,-23.1901,-0.0269,-0.3761,-0.0247
1774945804.6715,0.0000,0.0000,0.0000,0.0000,0.0000,3.1230,-0.2081,-73.8815,0.1435,-0.1748,-0.0503
1774945804.6915,0.0000,0.0000,0.0000,0.0000,0.0000,3.1260,-0.2090,4.0921,0.1350,0.0148,-0.0332
1774945804.7114,0.0000,0.0000,0.0000,0.0000,0.0000,3.1292,-0.2105,-10.4007,0.2415,0.0244,0.0285
1774945804.7316,0.0000,0.0000,0.0000,0.0000,0.0000,3.1348,-0.2132,-2.6140,0.3811,0.0287,0.0392
1774945804.7515,0.0000,0.0000,0.0000,0.0000,0.0000,3.1365,-0.2142,-19.7459,0.1936,-0.0278,-0.0183
1774945804.7713,0.0000,0.0000,0.0000,0.0000,0.0000,3.1353,-0.2150,-23.4157,0.0381,-0.0853,-0.0492
1774945804.7913,0.0000,0.0000,0.0000,0.0000,0.0000,3.1369,-0.2173,-14.3272,0.0189,-0.0150,-0.0535
1774945804.8114,0.0000,0.0000,0.0000,0.0000,0.0000,-3.1413,-0.2188,-1.1255,0.0807,0.0542,-0.0759
1774945804.8313,0.0000,0.0000,0.0000,0.0000,0.0000,-3.1363,-0.2196,40.8695,0.0775,0.0159,-0.0524
1774945804.8518,0.0000,0.0000,0.0000,0.0000,0.0000,-3.1331,-0.2151,-45.1651,0.0466,-0.1205,-0.0652
1774945804.8714,0.0000,0.0000,0.0000,0.0000,0.0000,-3.1304,-0.2113,-4.5489,-0.0258,-0.1450,-0.0844
1774945804.8914,0.0000,0.0000,0.0000,0.0000,0.0000,-3.1339,-0.2137,18.2235,-0.1750,0.0425,-0.1121
1774945804.9122,0.0000,0.0000,0.0000,0.0000,0.0000,-3.1353,-0.2172,26.4035,-0.2485,0.1938,-0.1536
1774945804.9373,0.0000,0.0000,0.0000,0.0000,0.0000,-3.1391,-0.2206,-35.6932,-0.3039,0.0787,-0.1312
1774945804.9514,0.0000,0.0000,0.0000,0.0000,0.0000,-3.1391,-0.2211,-36.7119,-0.0578,-0.0672,-0.0982
1774945804.9713,0.0000,0.0000,0.0000,0.0000,0.0000,3.1402,-0.2212,3.5539,-0.0780,-0.0949,-0.0737
1774945804.9913,0.0000,0.0000,0.0000,0.0000,0.0000,3.1325,-0.2169,1.7490,-0.2527,-0.2036,-0.0641
1774945805.0114,0.0000,0.0000,0.0000,0.0000,0.0000,3.1246,-0.2140,-19.3962,-0.2911,-0.1428,-0.0854
1774945805.0315,0.0000,0.0000,0.0000,0.0000,0.0000,3.1198,-0.2121,15.1880,-0.1984,-0.0278,-0.0854
1774945805.0514,0.0000,0.0000,0.0000,0.0000,0.0000,3.1176,-0.2084,1.7554,-0.1292,-0.0629,-0.0833
1774945805.0713,0.0000,0.0000,0.0000,0.0000,0.0000,3.1129,-0.2041,-26.8495,-0.1324,-0.1982,-0.0865
1774945805.0914,0.0000,0.0000,0.0000,0.0000,0.0000,3.1156,-0.2019,14.1960,0.2245,-0.1599,-0.0577
1774945805.1113,0.0000,0.0000,0.0000,0.0000,0.0000,3.1181,-0.2009,-9.8414,0.3182,-0.0938,0.0168
1774945805.1317,0.0000,0.0000,0.0000,0.0000,0.0000,3.1198,-0.1989,-28.5232,0.2586,-0.1247,0.0104
1774945805.1514,0.0000,0.0000,0.0000,0.0000,0.0000,3.1201,-0.1998,-18.0025,0.1659,0.0734,-0.0226
1774945805.1721,0.0000,0.0000,0.0000,0.0000,0.0000,3.1214,-0.2057,67.3268,0.2000,0.2833,-0.0002
1774945805.1914,0.0000,0.0000,0.0000,0.0000,0.0000,3.1239,-0.2127,7.5039,0.1638,0.3493,0.0008
1774945805.2114,0.0000,0.0000,0.0000,0.0000,0.0000,3.1274,-0.2183,15.9144,0.1478,0.3088,-0.0428
1774945805.2313,0.0000,0.0000,0.0000,0.0000,0.0000,3.1287,-0.2205,33.7235,0.0924,0.1906,-0.0673
1774945805.2514,0.0000,0.0000,0.0000,0.0000,0.0000,3.1310,-0.2196,-22.6037,0.0306,0.0329,-0.0812
1774945805.2714,0.0000,0.0000,0.0000,0.0000,0.0000,3.1356,-0.2212,-35.4888,0.1084,0.0734,-0.1099
1774945805.2913,0.0000,0.0000,0.0000,0.0000,0.0000,-3.1412,-0.2234,16.6130,0.2021,0.1597,-0.0588
1774945805.3113,0.0000,0.0000,0.0000,0.0000,0.0000,-3.1406,-0.2237,-13.6039,0.1489,0.1075,-0.0183
1774945805.3313,0.0000,0.0000,0.0000,0.0000,0.0000,3.1409,-0.2276,-4.7941,0.0114,0.1437,-0.0332
1774945805.3513,0.0000,0.0000,0.0000,0.0000,0.0000,3.1383,-0.2291,-22.1239,-0.0866,0.1693,-0.0673
1774945805.3714,0.0000,0.0000,0.0000,0.0000,0.0000,3.1392,-0.2314,-3.4147,-0.0322,0.1831,-0.0620
1774945805.3914,0.0000,0.0000,0.0000,0.0000,0.0000,3.1415,-0.2341,31.3518,0.0370,0.1512,-0.0247
1774945805.4115,0.0000,0.0000,0.0000,0.0000,0.0000,-3.1411,-0.2332,-0.5175,0.0626,-0.0107,-0.0514
1774945805.4316,0.0000,0.0000,0.0000,0.0000,0.0000,3.1388,-0.2322,-14.5401,-0.0983,-0.1545,-0.1046
1774945805.4523,0.0000,0.0000,0.0000,0.0000,0.0000,3.1341,-0.2304,3.0177,-0.2112,-0.1812,-0.1025
1774945805.4714,0.0000,0.0000,0.0000,0.0000,0.0000,3.1337,-0.2252,8.6704,-0.1590,-0.2131,-0.0865
1774945805.4912,0.0000,0.0000,0.0000,0.0000,0.0000,3.1342,-0.2229,26.2772,-0.0780,-0.1769,-0.0769
1774945805.5117,0.0000,0.0000,0.0000,0.0000,0.0000,3.1315,-0.2248,-23.5201,-0.0578,-0.0406,-0.0439
1774945805.5314,0.0000,0.0000,0.0000,0.0000,0.0000,3.1288,-0.2280,34.9829,0.0519,-0.0001,0.0253
1774945805.5514,0.0000,0.0000,0.0000,0.0000,0.0000,3.1279,-0.2287,0.5594,0.1584,-0.0640,0.0467
1774945805.5714,0.0000,0.0000,0.0000,0.0000,0.0000,3.1271,-0.2269,2.4493,0.1510,-0.1482,0.0147
1774945805.5913,0.0000,0.0000,0.0000,0.0000,0.0000,3.1258,-0.2224,2.0955,0.1020,-0.1769,-0.0215
1774945805.6113,0.0000,0.0000,0.0000,0.0000,0.0000,3.1242,-0.2201,3.2647,0.0711,-0.1673,-0.0300
1774945805.6313,0.0000,0.0000,0.0000,0.0000,0.0000,3.1265,-0.2207,-33.3370,0.0466,-0.1098,-0.0482
1774945805.6513,0.0000,0.0000,0.0000,0.0000,0.0000,3.1302,-0.2217,-57.4430,0.1233,-0.0384,-0.0492
1774945805.6719,0.0000,0.0000,0.0000,0.0000,0.0000,3.1372,-0.2254,6.0047,0.2437,0.1299,-0.0130
1774945805.6914,0.0000,0.0000,0.0000,0.0000,0.0000,3.1393,-0.2292,32.9255,0.1840,0.1341,0.0083
1774945805.7114,0.0000,0.0000,0.0000,0.0000,0.0000,3.1378,-0.2310,29.4891,0.0775,0.0638,-0.0034
1774945805.7313,0.0000,0.0000,0.0000,0.0000,0.0000,3.1351,-0.2292,10.1232,-0.0195,-0.0171,-0.0567
1774945805.7512,0.0000,0.0000,0.0000,0.0000,0.0000,3.1361,-0.2274,-3.7281,-0.0312,-0.0267,-0.0908
1774945805.7714,0.0000,0.0000,0.0000,0.0000,0.0000,3.1388,-0.2282,-8.5641,-0.0216,-0.0225,-0.1089
1774945805.7914,0.0000,0.0000,0.0000,0.0000,0.0000,3.1411,-0.2303,-15.0171,-0.0365,0.0170,-0.1004
1774945805.8115,0.0000,0.0000,0.0000,0.0000,0.0000,-3.1399,-0.2334,-30.4175,-0.0354,0.0383,-0.0801
1774945805.8313,0.0000,0.0000,0.0000,0.0000,0.0000,-3.1379,-0.2349,-29.4229,-0.0440,-0.0288,-0.0780
1774945805.8513,0.0000,0.0000,0.0000,0.0000,0.0000,-3.1393,-0.2331,38.1254,-0.0472,-0.1631,-0.0524
1774945805.8713,0.0000,0.0000,0.0000,0.0000,0.0000,3.1401,-0.2295,-7.0920,-0.0557,-0.2440,-0.0514
1774945805.8913,0.0000,0.0000,0.0000,0.0000,0.0000,3.1362,-0.2254,-7.0248,-0.0610,-0.2515,-0.0407
1774945805.9112,0.0000,0.0000,0.0000,0.0000,0.0000,3.1315,-0.2206,-34.5091,-0.0578,-0.1535,-0.0258
1774945805.9313,0.0000,0.0000,0.0000,0.0000,0.0000,3.1258,-0.2198,-37.1994,-0.1409,0.0436,-0.0418
1774945805.9513,0.0000,0.0000,0.0000,0.0000,0.0000,3.1245,-0.2211,14.4863,-0.1420,0.1395,-0.0844
1774945805.9714,0.0000,0.0000,0.0000,0.0000,0.0000,3.1236,-0.2216,20.7966,-0.1047,0.1245,-0.1078
1774945805.9912,0.0000,0.0000,0.0000,0.0000,0.0000,3.1245,-0.2196,-35.1127,0.0072,-0.0480,-0.0716
1774945806.0115,0.0000,0.0000,0.0000,0.0000,0.0000,3.1242,-0.2141,-57.7302,0.1307,-0.2834,-0.0077
1774945806.0390,0.0000,0.0000,0.0000,0.0000,0.0000,3.1214,-0.2117,30.5745,-0.0397,-0.1545,-0.0034
1774945806.0512,0.0000,0.0000,0.0000,0.0000,0.0000,3.1168,-0.2125,30.1854,-0.0930,-0.0427,-0.0269
1774945806.0714,0.0000,0.0000,0.0000,0.0000,0.0000,3.1167,-0.2118,19.8670,0.0200,-0.0161,0.0126
1774945806.0913,0.0000,0.0000,0.0000,0.0000,0.0000,3.1189,-0.2107,7.6234,0.1936,-0.0693,0.0616
1774945806.1113,0.0000,0.0000,0.0000,0.0000,0.0000,3.1258,-0.2111,-6.4292,0.4130,-0.0097,0.0967
1774945806.1313,0.0000,0.0000,0.0000,0.0000,0.0000,3.1304,-0.2152,-32.8840,0.3704,0.2204,0.0818
1774945806.1512,0.0000,0.0000,0.0000,0.0000,0.0000,3.1332,-0.2186,-15.3539,0.2074,0.2204,-0.0013
1774945806.1712,0.0000,0.0000,0.0000,0.0000,0.0000,3.1374,-0.2183,-6.9428,0.1180,0.0148,-0.0407
1774945806.1913,0.0000,0.0000,0.0000,0.0000,0.0000,-3.1389,-0.2171,-10.2283,0.2032,-0.1279,-0.0364
1774945806.2113,0.0000,0.0000,0.0000,0.0000,0.0000,-3.1308,-0.2138,-42.0534,0.2831,-0.1492,-0.0524
1774945806.2313,0.0000,0.0000,0.0000,0.0000,0.0000,-3.1265,-0.2133,-14.5751,0.1936,-0.1002,-0.0588
1774945806.2512,0.0000,0.0000,0.0000,0.0000,0.0000,-3.1263,-0.2159,10.6386,-0.0109,0.0233,-0.0727
1774945806.2713,0.0000,0.0000,0.0000,0.0000,0.0000,-3.1238,-0.2194,79.8874,-0.0312,0.1395,-0.0844
1774945806.2913,0.0000,0.0000,0.0000,0.0000,0.0000,-3.1197,-0.2210,58.1393,0.0413,0.0787,-0.0737
1774945806.3120,0.0000,0.0000,0.0000,0.0000,0.0000,-3.1161,-0.2182,23.5337,0.0562,-0.0587,-0.0588
1774945806.3313,0.0000,0.0000,0.0000,0.0000,0.0000,-3.1163,-0.2138,-2.7730,-0.0269,-0.1226,-0.0577
1774945806.3513,0.0000,0.0000,0.0000,0.0000,0.0000,-3.1187,-0.2093,-3.3175,-0.0759,-0.1535,-0.0354
1774945806.3715,0.0000,0.0000,0.0000,0.0000,0.0000,-3.1204,-0.2089,-27.0684,-0.0621,-0.0928,-0.0130
1774945806.3912,0.0000,0.0000,0.0000,0.0000,0.0000,-3.1219,-0.2112,-11.0800,-0.0109,0.0393,-0.0332
1774945806.4117,0.0000,0.0000,0.0000,0.0000,0.0000,-3.1212,-0.2130,15.4340,-0.0290,0.0990,-0.0599
1774945806.4314,0.0000,0.0000,0.0000,0.0000,0.0000,-3.1248,-0.2140,37.0261,-0.0940,0.1214,-0.0748
1774945806.4513,0.0000,0.0000,0.0000,0.0000,0.0000,-3.1257,-0.2198,-5.6762,-0.1569,0.1949,-0.1227
1774945806.4712,0.0000,0.0000,0.0000,0.0000,0.0000,-3.1265,-0.2221,-16.3521,-0.1782,0.1725,-0.1781
1774945806.4914,0.0000,0.0000,0.0000,0.0000,0.0000,-3.1289,-0.2217,-15.1468,-0.2229,0.0819,-0.1888
1774945806.5115,0.0000,0.0000,0.0000,0.0000,0.0000,-3.1330,-0.2187,4.9263,-0.2346,-0.0182,-0.1557
1774945806.5312,0.0000,0.0000,0.0000,0.0000,0.0000,-3.1350,-0.2151,-10.0922,-0.1590,-0.0661,-0.1249
1774945806.5514,0.0000,0.0000,0.0000,0.0000,0.0000,-3.1391,-0.2108,-27.2154,-0.0045,-0.1791,-0.0631
1774945806.5714,0.0000,0.0000,0.0000,0.0000,0.0000,3.1414,-0.2070,-32.5712,0.1158,-0.1929,-0.0290
1774945806.5915,0.0000,0.0000,0.0000,0.0000,0.0000,3.1396,-0.2059,22.4745,0.1020,-0.0203,-0.0343
1774945806.6114,0.0000,0.0000,0.0000,0.0000,0.0000,3.1375,-0.2089,48.1714,0.0572,0.1203,0.0019
1774945806.6315,0.0000,0.0000,0.0000,0.0000,0.0000,3.1351,-0.2126,-12.6484,0.0668,0.1991,0.0168
1774945806.6512,0.0000,0.0000,0.0000,0.0000,0.0000,3.1357,-0.2165,-17.4568,0.0679,0.1778,-0.0269
1774945806.6713,0.0000,0.0000,0.0000,0.0000,0.0000,3.1382,-0.2205,-15.3660,0.0743,0.1405,-0.0471
1774945806.6913,0.0000,0.0000,0.0000,0.0000,0.0000,-3.1402,-0.2224,-43.0259,0.1616,0.0969,-0.0173
1774945806.7113,0.0000,0.0000,0.0000,0.0000,0.0000,-3.1343,-0.2275,-16.9417,0.2852,0.0830,0.0179
1774945806.7314,0.0000,0.0000,0.0000,0.0000,0.0000,-3.1303,-0.2308,73.5370,0.2724,0.0457,0.0264
1774945806.7513,0.0000,0.0000,0.0000,0.0000,0.0000,-3.1298,-0.2293,3.3060,0.0871,-0.0246,-0.0109
1774945806.7715,0.0000,0.0000,0.0000,0.0000,0.0000,-3.1329,-0.2306,-75.7295,-0.1974,-0.0001,-0.1067
1774945806.7913,0.0000,0.0000,0.0000,0.0000,0.0000,-3.1345,-0.2314,-12.3809,-0.1952,-0.0203,-0.1866
1774945806.8113,0.0000,0.0000,0.0000,0.0000,0.0000,-3.1332,-0.2310,35.7241,-0.0472,-0.0395,-0.1675
1774945806.8314,0.0000,0.0000,0.0000,0.0000,0.0000,-3.1341,-0.2278,16.3722,-0.0195,-0.1599,-0.1185
1774945806.8515,0.0000,0.0000,0.0000,0.0000,0.0000,-3.1363,-0.2256,2.6419,-0.0717,-0.2312,-0.0940
1774945806.8714,0.0000,0.0000,0.0000,0.0000,0.0000,3.1400,-0.2199,-5.1462,-0.1611,-0.2472,-0.0673
1774945806.8915,0.0000,0.0000,0.0000,0.0000,0.0000,3.1352,-0.2166,-9.9020,-0.2027,-0.1599,-0.0588
1774945806.9114,0.0000,0.0000,0.0000,0.0000,0.0000,3.1343,-0.2179,-4.2011,-0.1420,-0.0214,-0.0716
1774945806.9313,0.0000,0.0000,0.0000,0.0000,0.0000,3.1328,-0.2148,-0.7429,-0.0610,0.0095,-0.0535
1774945806.9513,0.0000,0.0000,0.0000,0.0000,0.0000,3.1316,-0.2113,-11.5171,0.0679,-0.0075,-0.0375
1774945806.9713,0.0000,0.0000,0.0000,0.0000,0.0000,3.1308,-0.2112,-7.7728,0.1094,-0.0320,-0.0503
1774945806.9913,0.0000,0.0000,0.0000,0.0000,0.0000,3.1278,-0.2138,21.7357,-0.0173,0.0649,-0.0897
1774945807.0112,0.0000,0.0000,0.0000,0.0000,0.0000,3.1253,-0.2155,25.0204,-0.0685,0.1107,-0.1217
1774945807.0313,0.0000,0.0000,0.0000,0.0000,0.0000,3.1244,-0.2161,10.1734,-0.0823,0.1032,-0.1227
1774945807.0512,0.0000,0.0000,0.0000,0.0000,0.0000,3.1238,-0.2162,0.7489,-0.0919,0.0798,-0.0993
1774945807.0713,0.0000,0.0000,0.0000,0.0000,0.0000,3.1222,-0.2174,24.7384,-0.0823,0.0947,-0.0854
1774945807.0914,0.0000,0.0000,0.0000,0.0000,0.0000,3.1182,-0.2188,-34.8153,-0.1334,0.1373,-0.0854
1774945807.1114,0.0000,0.0000,0.0000,0.0000,0.0000,3.1144,-0.2207,-23.5701,-0.1569,0.1576,-0.0673
1774945807.1314,0.0000,0.0000,0.0000,0.0000,0.0000,3.1137,-0.2207,24.8696,-0.0376,0.1320,-0.0375
1774945807.1516,0.0000,0.0000,0.0000,0.0000,0.0000,3.1155,-0.2212,-8.5556,0.0647,0.1341,-0.0407
1774945807.1715,0.0000,0.0000,0.0000,0.0000,0.0000,3.1137,-0.2266,16.6929,0.0849,0.2108,-0.0215
1774945807.1913,0.0000,0.0000,0.0000,0.0000,0.0000,3.1115,-0.2308,36.6104,0.0764,0.1054,-0.0002
1774945807.2112,0.0000,0.0000,0.0000,0.0000,0.0000,3.1091,-0.2308,39.3132,0.0636,-0.1087,0.0062
1774945807.2313,0.0000,0.0000,0.0000,0.0000,0.0000,3.1080,-0.2269,-9.8584,0.1073,-0.2600,0.0008
1774945807.2515,0.0000,0.0000,0.0000,0.0000,0.0000,3.1104,-0.2251,2.5825,0.1233,-0.2281,-0.0162
1774945807.2712,0.0000,0.0000,0.0000,0.0000,0.0000,3.1131,-0.2260,33.2580,0.1318,-0.0874,-0.0055
1774945807.2913,0.0000,0.0000,0.0000,0.0000,0.0000,3.1170,-0.2245,46.9470,0.1691,-0.0864,0.0147
1774945807.3112,0.0000,0.0000,0.0000,0.0000,0.0000,3.1194,-0.2185,-31.8188,0.1872,-0.1918,0.0190
1774945807.3313,0.0000,0.0000,0.0000,0.0000,0.0000,3.1245,-0.2187,-30.3675,0.2405,-0.1705,0.0083
1774945807.3513,0.0000,0.0000,0.0000,0.0000,0.0000,3.1263,-0.2168,22.8585,0.1819,-0.1396,0.0094
1774945807.3712,0.0000,0.0000,0.0000,0.0000,0.0000,3.1289,-0.2114,25.1551,0.1584,-0.1620,0.0126
1774945807.3916,0.0000,0.0000,0.0000,0.0000,0.0000,3.1350,-0.2072,-7.3911,0.2117,-0.1024,0.0104
1774945807.4116,0.0000,0.0000,0.0000,0.0000,0.0000,3.1382,-0.2091,-6.8963,0.1457,0.0766,0.0179
1774945807.4315,0.0000,0.0000,0.0000,0.0000,0.0000,3.1402,-0.2165,-3.1490,0.0327,0.2428,0.0296
1774945807.4513,0.0000,0.0000,0.0000,0.0000,0.0000,-3.1385,-0.2221,-76.4949,0.1222,0.2897,-0.0279
1774945807.4713,0.0000,0.0000,0.0000,0.0000,0.0000,-3.1322,-0.2271,-19.0430,0.1446,0.1799,-0.0460
1774945807.4917,0.0000,0.0000,0.0000,0.0000,0.0000,-3.1265,-0.2288,-27.2655,0.1244,0.0766,-0.0386
1774945807.5115,0.0000,0.0000,0.0000,0.0000,0.0000,-3.1258,-0.2289,46.5376,0.1126,0.0329,-0.0141
1774945807.5312,0.0000,0.0000,0.0000,0.0000,0.0000,-3.1227,-0.2277,-7.6663,0.0583,-0.0075,-0.0205
1774945807.5513,0.0000,0.0000,0.0000,0.0000,0.0000,-3.1209,-0.2283,16.0777,0.0647,-0.0502,-0.0332
1774945807.5713,0.0000,0.0000,0.0000,0.0000,0.0000,-3.1179,-0.2266,-4.5675,0.0445,-0.0874,-0.0577
1774945807.5917,0.0000,0.0000,0.0000,0.0000,0.0000,-3.1163,-0.2243,29.2483,-0.0280,-0.1215,-0.0791
1774945807.6115,0.0000,0.0000,0.0000,0.0000,0.0000,-3.1157,-0.2234,-8.2267,-0.1121,-0.1024,-0.1036
1774945807.6313,0.0000,0.0000,0.0000,0.0000,0.0000,-3.1187,-0.2277,41.8783,-0.2432,0.0905,-0.1270
1774945807.6514,0.0000,0.0000,0.0000,0.0000,0.0000,-3.1201,-0.2293,13.5149,-0.2485,0.0638,-0.1238
1774945807.6713,0.0000,0.0000,0.0000,0.0000,0.0000,-3.1219,-0.2266,-15.7712,-0.2101,-0.0938,-0.1121
1774945807.6913,0.0000,0.0000,0.0000,0.0000,0.0000,-3.1242,-0.2236,5.6610,-0.1803,-0.1343,-0.0929
1774945807.7115,0.0000,0.0000,0.0000,0.0000,0.0000,-3.1279,-0.2199,9.0083,-0.2410,-0.1663,-0.0940
1774945807.7313,0.0000,0.0000,0.0000,0.0000,0.0000,-3.1371,-0.2132,-12.1345,-0.2751,-0.1418,-0.0737
1774945807.7513,0.0000,0.0000,0.0000,0.0000,0.0000,-3.1393,-0.2108,-22.4955,-0.1750,-0.0619,-0.0588
1774945807.7713,0.0000,0.0000,0.0000,0.0000,0.0000,3.1388,-0.2081,-10.3185,-0.1398,-0.0470,-0.0673
1774945807.7914,0.0000,0.0000,0.0000,0.0000,0.0000,3.1359,-0.2038,-42.8637,-0.0876,-0.1013,-0.1238
1774945807.8113,0.0000,0.0000,0.0000,0.0000,0.0000,3.1317,-0.2026,41.5657,-0.0077,-0.0171,-0.1025
1774945807.8313,0.0000,0.0000,0.0000,0.0000,0.0000,3.1272,-0.2065,36.2681,-0.0418,0.2183,-0.0343
1774945807.8513,0.0000,0.0000,0.0000,0.0000,0.0000,3.1231,-0.2152,12.6451,-0.0088,0.3791,-0.0045
1774945807.8715,0.0000,0.0000,0.0000,0.0000,0.0000,3.1204,-0.2205,-14.5034,0.0178,0.3152,0.0072
1774945807.8916,0.0000,0.0000,0.0000,0.0000,0.0000,3.1210,-0.2211,-24.5800,0.0775,0.1427,-0.0173
1774945807.9114,0.0000,0.0000,0.0000,0.0000,0.0000,3.1223,-0.2199,5.2913,0.1446,0.0319,-0.0535
1774945807.9313,0.0000,0.0000,0.0000,0.0000,0.0000,3.1231,-0.2205,-9.8509,0.1499,0.0649,-0.0407
1774945807.9513,0.0000,0.0000,0.0000,0.0000,0.0000,3.1236,-0.2254,38.5015,0.1829,0.1938,0.0008
1774945807.9722,0.0000,0.0000,0.0000,0.0000,0.0000,3.1236,-0.2297,-8.7998,0.1840,0.2673,0.0030
1774945807.9912,0.0000,0.0000,0.0000,0.0000,0.0000,3.1244,-0.2323,16.9889,0.1616,0.2055,0.0040
1774945808.0113,0.0000,0.0000,0.0000,0.0000,0.0000,3.1271,-0.2311,-6.3338,0.1979,0.0479,0.0062
1774945808.0313,0.0000,0.0000,0.0000,0.0000,0.0000,3.1336,-0.2272,0.8983,0.2405,-0.1087,-0.0034
1774945808.0512,0.0000,0.0000,0.0000,0.0000,0.0000,3.1406,-0.2211,29.9125,0.3246,-0.2036,-0.0098
1774945808.0713,0.0000,0.0000,0.0000,0.0000,0.0000,-3.1377,-0.2144,14.4420,0.3374,-0.1631,-0.0066
1774945808.0912,0.0000,0.0000,0.0000,0.0000,0.0000,-3.1329,-0.2157,-1.6575,0.2479,0.1405,-0.0045
1774945808.1113,0.0000,0.0000,0.0000,0.0000,0.0000,-3.1312,-0.2185,17.1363,0.1180,0.2023,-0.0269
1774945808.1313,0.0000,0.0000,0.0000,0.0000,0.0000,-3.1284,-0.2234,-13.8329,0.0967,0.0841,0.0285
1774945808.1513,0.0000,0.0000,0.0000,0.0000,0.0000,-3.1211,-0.2230,4.7294,0.2586,-0.2387,0.0360
1774945808.1713,0.0000,0.0000,0.0000,0.0000,0.0000,-3.1142,-0.2179,-31.0200,0.2117,-0.3591,-0.0098
1774945808.1913,0.0000,0.0000,0.0000,0.0000,0.0000,-3.1114,-0.2154,8.3169,-0.0045,-0.2312,-0.0482
1774945808.2113,0.0000,0.0000,0.0000,0.0000,0.0000,-3.1120,-0.2155,51.5142,-0.1398,-0.0331,-0.0801
1774945808.2314,0.0000,0.0000,0.0000,0.0000,0.0000,-3.1125,-0.2185,32.4297,-0.1377,0.0787,-0.1153
1774945808.2513,0.0000,0.0000,0.0000,0.0000,0.0000,-3.1131,-0.2218,-4.3983,-0.1356,0.0628,-0.1110
1774945808.2713,0.0000,0.0000,0.0000,0.0000,0.0000,-3.1130,-0.2226,-23.6150,-0.1345,-0.0257,-0.1078
1774945808.2913,0.0000,0.0000,0.0000,0.0000,0.0000,-3.1135,-0.2237,-44.6661,-0.1036,-0.0949,-0.0876
1774945808.3113,0.0000,0.0000,0.0000,0.0000,0.0000,-3.1155,-0.2252,3.0420,-0.0962,-0.0683,-0.0759
1774945808.3312,0.0000,0.0000,0.0000,0.0000,0.0000,-3.1203,-0.2215,13.6638,-0.0940,-0.1024,-0.0727
1774945808.3513,0.0000,0.0000,0.0000,0.0000,0.0000,-3.1260,-0.2182,22.9137,-0.0866,-0.2014,-0.0641
1774945808.3718,0.0000,0.0000,0.0000,0.0000,0.0000,-3.1311,-0.2147,0.4997,-0.0621,-0.2217,-0.0396
1774945808.3913,0.0000,0.0000,0.0000,0.0000,0.0000,-3.1366,-0.2114,-21.6485,-0.1185,-0.1791,-0.0524
1774945808.4112,0.0000,0.0000,0.0000,0.0000,0.0000,3.1414,-0.2111,17.8264,-0.2016,-0.1109,-0.0599
1774945808.4314,0.0000,0.0000,0.0000,0.0000,0.0000,-3.1414,-0.2104,-8.2833,-0.0770,-0.0267,-0.0705
1774945808.4513,0.0000,0.0000,0.0000,0.0000,0.0000,-3.1373,-0.2095,18.7100,0.0849,0.0233,-0.0631
1774945808.4725,0.0000,0.0000,0.0000,0.0000,0.0000,-3.1375,-0.2092,15.7028,0.0967,0.0479,-0.0577
1774945808.4913,0.0000,0.0000,0.0000,0.0000,0.0000,-3.1402,-0.2127,-6.0521,0.0200,0.1022,-0.0769
1774945808.5123,0.0000,0.0000,0.0000,0.0000,0.0000,3.1404,-0.2127,37.6088,-0.0141,0.0447,-0.0822
1774945808.5313,0.0000,0.0000,0.0000,0.0000,0.0000,3.1393,-0.2092,-34.6595,0.0807,-0.0928,-0.0695
1774945808.5514,0.0000,0.0000,0.0000,0.0000,0.0000,3.1392,-0.2074,-29.6391,0.0967,-0.0715,-0.0450
1774945808.5713,0.0000,0.0000,0.0000,0.0000,0.0000,3.1384,-0.2088,12.7486,0.0732,0.0702,-0.0279
1774945808.5913,0.0000,0.0000,0.0000,0.0000,0.0000,3.1377,-0.2083,1.5937,0.0754,0.0862,0.0019
1774945808.6113,0.0000,0.0000,0.0000,0.0000,0.0000,-3.1408,-0.2081,-2.2956,0.2138,0.0159,0.0136
1774945808.6313,0.0000,0.0000,0.0000,0.0000,0.0000,-3.1373,-0.2090,27.0602,0.2682,0.0180,0.0253
1774945808.6516,0.0000,0.0000,0.0000,0.0000,0.0000,-3.1361,-0.2091,-8.5241,0.1414,0.0958,0.0051
1774945808.6713,0.0000,0.0000,0.0000,0.0000,0.0000,-3.1385,-0.2111,-26.6384,-0.0770,0.1480,0.0008
1774945808.6915,0.0000,0.0000,0.0000,0.0000,0.0000,-3.1365,-0.2112,-42.9701,-0.0280,0.0180,-0.0034
1774945808.7114,0.0000,0.0000,0.0000,0.0000,0.0000,-3.1296,-0.2064,-32.2146,0.1276,-0.2856,-0.0545
1774945808.7314,0.0000,0.0000,0.0000,0.0000,0.0000,-3.1250,-0.2072,0.5491,0.1893,-0.0576,-0.0524
1774945808.7514,0.0000,0.0000,0.0000,0.0000,0.0000,-3.1230,-0.2143,25.1000,0.1062,0.2758,-0.0364
1774945808.7755,0.0000,0.0000,0.0000,0.0000,0.0000,-3.1214,-0.2201,45.6925,0.0327,0.3174,-0.0599
1774945808.7915,0.0000,0.0000,0.0000,0.0000,0.0000,-3.1223,-0.2218,10.8912,-0.0983,0.0510,-0.0844
1774945808.8114,0.0000,0.0000,0.0000,0.0000,0.0000,-3.1216,-0.2198,22.9732,-0.0344,-0.0970,-0.0705
1774945808.8313,0.0000,0.0000,0.0000,0.0000,0.0000,-3.1184,-0.2174,-25.5069,-0.0152,-0.0704,-0.0780
1774945808.8524,0.0000,0.0000,0.0000,0.0000,0.0000,-3.1215,-0.2204,-24.2185,-0.1420,0.0798,-0.0759
1774945808.8713,0.0000,0.0000,0.0000,0.0000,0.0000,-3.1230,-0.2262,-59.7990,-0.2059,0.2375,-0.0854
1774945808.8914,0.0000,0.0000,0.0000,0.0000,0.0000,-3.1244,-0.2289,1.2580,-0.0695,0.0404,-0.0055
1774945808.9112,0.0000,0.0000,0.0000,0.0000,0.0000,-3.1226,-0.2252,-4.5251,0.0679,-0.2323,-0.0002
1774945808.9313,0.0000,0.0000,0.0000,0.0000,0.0000,-3.1255,-0.2219,14.3518,-0.0152,-0.2749,-0.0471
1774945808.9513,0.0000,0.0000,0.0000,0.0000,0.0000,-3.1312,-0.2176,-0.7691,-0.1004,-0.1482,-0.0609
1774945808.9713,0.0000,0.0000,0.0000,0.0000,0.0000,-3.1328,-0.2171,30.3637,-0.0748,-0.0235,-0.0386
1774945808.9912,0.0000,0.0000,0.0000,0.0000,0.0000,-3.1305,-0.2183,-9.0760,-0.0173,0.0191,-0.0290
1774945809.0125,0.0000,0.0000,0.0000,0.0000,0.0000,-3.1279,-0.2207,-57.5908,0.0093,0.1096,-0.0439
1774945809.0312,0.0000,0.0000,0.0000,0.0000,0.0000,-3.1275,-0.2255,-10.2715,0.0338,0.1831,-0.0631
1774945809.0513,0.0000,0.0000,0.0000,0.0000,0.0000,-3.1312,-0.2271,-24.3099,-0.0120,0.0574,-0.0418
1774945809.0713,0.0000,0.0000,0.0000,0.0000,0.0000,-3.1317,-0.2244,19.2772,0.0114,-0.1631,-0.0599
1774945809.0913,0.0000,0.0000,0.0000,0.0000,0.0000,-3.1324,-0.2164,-22.0376,-0.0077,-0.3324,-0.0652
1774945809.1114,0.0000,0.0000,0.0000,0.0000,0.0000,-3.1336,-0.2149,6.6939,-0.0333,-0.1439,-0.0769
1774945809.1313,0.0000,0.0000,0.0000,0.0000,0.0000,-3.1346,-0.2207,-0.0426,-0.1175,0.2332,-0.0940
1774945809.1522,0.0000,0.0000,0.0000,0.0000,0.0000,-3.1358,-0.2249,-5.8509,-0.1622,0.2790,-0.0897
1774945809.1714,0.0000,0.0000,0.0000,0.0000,0.0000,-3.1331,-0.2249,9.9674,0.0562,-0.0193,-0.0034
1774945809.1913,0.0000,0.0000,0.0000,0.0000,0.0000,-3.1265,-0.2209,-44.5756,0.2096,-0.2408,-0.0162
1774945809.2113,0.0000,0.0000,0.0000,0.0000,0.0000,-3.1278,-0.2172,48.4441,0.0434,-0.2067,-0.0269
1774945809.2313,0.0000,0.0000,0.0000,0.0000,0.0000,-3.1313,-0.2169,45.5937,-0.0812,-0.0949,-0.0237
1774945809.2514,0.0000,0.0000,0.0000,0.0000,0.0000,-3.1340,-0.2145,-30.4339,-0.1068,-0.0661,-0.0045
1774945809.2715,0.0000,0.0000,0.0000,0.0000,0.0000,-3.1327,-0.2103,-51.9965,-0.0301,-0.1588,-0.0109
1774945809.2913,0.0000,0.0000,0.0000,0.0000,0.0000,-3.1288,-0.2095,-10.2159,0.1212,-0.0257,-0.0130
1774945809.3113,0.0000,0.0000,0.0000,0.0000,0.0000,-3.1293,-0.2114,-5.6627,0.0988,0.1597,0.0264
1774945809.3313,0.0000,0.0000,0.0000,0.0000,0.0000,-3.1292,-0.2176,-9.4619,0.0711,0.3248,0.0072
1774945809.3512,0.0000,0.0000,0.0000,0.0000,0.0000,-3.1313,-0.2230,4.4924,0.0029,0.2673,-0.0876
1774945809.3713,0.0000,0.0000,0.0000,0.0000,0.0000,-3.1321,-0.2221,-58.5974,-0.0493,0.0393,-0.1430
1774945809.3913,0.0000,0.0000,0.0000,0.0000,0.0000,-3.1311,-0.2185,-37.8865,-0.0280,-0.1066,-0.1526
1774945809.4113,0.0000,0.0000,0.0000,0.0000,0.0000,-3.1313,-0.2156,13.5767,-0.0631,-0.0651,-0.1462
1774945809.4312,0.0000,0.0000,0.0000,0.0000,0.0000,-3.1343,-0.2119,28.9736,-0.1515,-0.0118,-0.1408
1774945809.4515,0.0000,0.0000,0.0000,0.0000,0.0000,-3.1386,-0.2120,107.8307,-0.2559,0.0564,-0.0908
1774945809.4715,0.0000,0.0000,0.0000,0.0000,0.0000,3.1404,-0.2080,-12.0578,-0.2112,-0.1141,-0.0620
1774945809.4913,0.0000,0.0000,0.0000,0.0000,0.0000,3.1401,-0.2005,-38.6478,-0.0344,-0.2504,-0.0556
1774945809.5116,0.0000,0.0000,0.0000,0.0000,0.0000,-3.1403,-0.1992,-66.3269,0.2192,-0.0544,-0.0567
1774945809.5312,0.0000,0.0000,0.0000,0.0000,0.0000,-3.1404,-0.2052,41.0401,0.1052,0.3546,0.0296
1774945809.5512,0.0000,0.0000,0.0000,0.0000,0.0000,3.1395,-0.2120,39.4069,-0.0301,0.4281,0.0136
1774945809.5716,0.0000,0.0000,0.0000,0.0000,0.0000,3.1397,-0.2135,29.3182,-0.0472,0.1448,-0.0460
1774945809.5913,0.0000,0.0000,0.0000,0.0000,0.0000,-3.1414,-0.2161,-22.0102,0.0903,-0.1162,-0.0130
1774945809.6114,0.0000,0.0000,0.0000,0.0000,0.0000,3.1415,-0.2149,-65.2375,0.1521,-0.2217,-0.0034
1774945809.6315,0.0000,0.0000,0.0000,0.0000,0.0000,-3.1391,-0.2135,52.9625,0.0722,-0.1801,-0.0780
1774945809.6513,0.0000,0.0000,0.0000,0.0000,0.0000,3.1393,-0.2132,-41.6378,-0.1100,-0.0043,-0.0684
1774945809.6714,0.0000,0.0000,0.0000,0.0000,0.0000,-3.1407,-0.2177,-13.8068,0.0210,0.2247,-0.0343
1774945809.6913,0.0000,0.0000,0.0000,0.0000,0.0000,-3.1367,-0.2193,8.9829,0.0178,0.1736,-0.0183
1774945809.7122,0.0000,0.0000,0.0000,0.0000,0.0000,-3.1377,-0.2180,-9.1120,-0.0685,-0.0651,-0.0173
1774945809.7312,0.0000,0.0000,0.0000,0.0000,0.0000,3.1402,-0.2147,27.5189,-0.2272,-0.2281,-0.0364
1774945809.7513,0.0000,0.0000,0.0000,0.0000,0.0000,-3.1414,-0.2111,-60.6413,0.0402,-0.1567,-0.0609
1774945809.7715,0.0000,0.0000,0.0000,0.0000,0.0000,-3.1388,-0.2141,58.4430,0.1616,0.0649,-0.0077
1774945809.7914,0.0000,0.0000,0.0000,0.0000,0.0000,-3.1391,-0.2166,124.3784,0.0807,0.1448,0.0008
1774945809.8118,0.0000,0.0000,0.0000,0.0000,0.0000,-3.1416,-0.2180,23.2801,0.0029,0.0926,-0.0290
1774945809.8313,0.0000,0.0000,0.0000,0.0000,0.0000,3.1409,-0.2210,58.4532,-0.1697,0.0958,-0.1206
1774945809.8513,0.0000,0.0000,0.0000,0.0000,0.0000,3.1373,-0.2254,48.4990,-0.3199,0.1139,-0.1685
1774945809.8714,0.0000,0.0000,0.0000,0.0000,0.0000,3.1369,-0.2253,15.3213,-0.0322,-0.1322,-0.1227
1774945809.8913,0.0000,0.0000,0.0000,0.0000,0.0000,-3.1394,-0.2198,-7.8597,0.3321,-0.3442,-0.0822
1774945809.9115,0.0000,0.0000,0.0000,0.0000,0.0000,-3.1309,-0.2079,25.3264,0.4141,-0.6190,-0.0631
1774945809.9313,0.0000,0.0000,0.0000,0.0000,0.0000,-3.1312,-0.1957,-67.4196,-0.0461,-0.5945,-0.0854
1774945809.9517,0.0000,0.0000,0.0000,0.0000,0.0000,-3.1394,-0.1971,70.2062,-0.4360,0.1437,-0.1334
1774945809.9713,0.0000,0.0000,0.0000,0.0000,0.0000,3.1367,-0.2039,70.5188,-0.3646,0.3568,-0.1302
1774945809.9913,0.0000,0.0000,0.0000,0.0000,0.0000,3.1363,-0.2075,-30.2767,0.0136,0.1938,-0.0066
1774945810.0112,0.0000,0.0000,0.0000,0.0000,0.0000,3.1408,-0.2073,-19.0592,0.2948,0.0521,0.0498
1774945810.0313,0.0000,0.0000,0.0000,0.0000,0.0000,-3.1410,-0.2047,8.8547,0.2138,-0.0789,0.0200
1774945810.0513,0.0000,0.0000,0.0000,0.0000,0.0000,3.1385,-0.2055,26.6177,-0.0983,0.0031,-0.0205
1774945810.0713,0.0000,0.0000,0.0000,0.0000,0.0000,3.1344,-0.2088,-12.1149,-0.1313,0.0734,-0.0077
1774945810.0912,0.0000,0.0000,0.0000,0.0000,0.0000,3.1382,-0.2122,-22.5513,0.0967,0.1363,0.0062
1774945810.1113,0.0000,0.0000,0.0000,0.0000,0.0000,3.1415,-0.2141,-39.5799,0.1371,0.0393,0.0115
1774945810.1313,0.0000,0.0000,0.0000,0.0000,0.0000,3.1387,-0.2157,-21.4242,-0.0525,0.0042,-0.0364
1774945810.1513,0.0000,0.0000,0.0000,0.0000,0.0000,3.1381,-0.2132,0.7684,-0.1089,-0.1162,-0.0822
1774945810.1725,0.0000,0.0000,0.0000,0.0000,0.0000,-3.1388,-0.2130,-23.5727,0.2788,-0.0161,-0.0343
1774945810.1912,0.0000,0.0000,0.0000,0.0000,0.0000,-3.1366,-0.2139,-22.0030,0.1680,0.1118,0.0147
1774945810.2113,0.0000,0.0000,0.0000,0.0000,0.0000,-3.1402,-0.2179,17.0147,-0.0887,0.2172,-0.0535
1774945810.2313,0.0000,0.0000,0.0000,0.0000,0.0000,3.1391,-0.2206,28.8046,-0.1974,0.1128,-0.0865
1774945810.2520,0.0000,0.0000,0.0000,0.0000,0.0000,3.1395,-0.2201,-4.0650,-0.0599,-0.0640,-0.0503
1774945810.2713,0.0000,0.0000,0.0000,0.0000,0.0000,-3.1408,-0.2181,37.6376,0.1276,-0.1311,-0.0354
1774945810.2913,0.0000,0.0000,0.0000,0.0000,0.0000,-3.1404,-0.2182,-12.5366,-0.0056,-0.1119,-0.0545
1774945810.3113,0.0000,0.0000,0.0000,0.0000,0.0000,3.1403,-0.2190,-5.2901,-0.0812,-0.0597,-0.0439
1774945810.3312,0.0000,0.0000,0.0000,0.0000,0.0000,3.1384,-0.2165,-29.4908,-0.0077,-0.0757,-0.0173
1774945810.3512,0.0000,0.0000,0.0000,0.0000,0.0000,3.1372,-0.2147,-2.7081,-0.0109,-0.1439,0.0136
1774945810.3713,0.0000,0.0000,0.0000,0.0000,0.0000,3.1357,-0.2149,20.6380,0.0242,-0.0587,0.0211
1774945810.3912,0.0000,0.0000,0.0000,0.0000,0.0000,3.1336,-0.2170,32.5694,-0.0386,0.0777,-0.0183
1774945810.4114,0.0000,0.0000,0.0000,0.0000,0.0000,3.1339,-0.2163,23.1969,-0.1036,0.0500,-0.0556
1774945810.4312,0.0000,0.0000,0.0000,0.0000,0.0000,3.1325,-0.2109,8.6222,-0.1356,-0.2366,-0.0716
1774945810.4512,0.0000,0.0000,0.0000,0.0000,0.0000,3.1332,-0.2024,-117.4729,-0.1302,-0.4123,-0.1089
1774945810.4721,0.0000,0.0000,0.0000,0.0000,0.0000,3.1335,-0.2034,-56.6900,-0.0290,0.1054,-0.1238
1774945810.4923,0.0000,0.0000,0.0000,0.0000,0.0000,3.1325,-0.2108,119.3032,-0.0109,0.4473,-0.0343
1774945810.5114,0.0000,0.0000,0.0000,0.0000,0.0000,3.1340,-0.2209,-2.1337,0.0871,0.3546,0.0008
1774945810.5315,0.0000,0.0000,0.0000,0.0000,0.0000,3.1329,-0.2228,-23.1207,0.0178,-0.0065,-0.0247
1774945810.5544,0.0000,0.0000,0.0000,0.0000,0.0000,3.1301,-0.2221,0.3963,-0.0546,-0.1812,-0.0727
1774945810.5719,0.0000,0.0000,0.0000,0.0000,0.0000,3.1262,-0.2178,15.2946,-0.0482,-0.2920,-0.0673
1774945810.5913,0.0000,0.0000,0.0000,0.0000,0.0000,3.1270,-0.2133,-9.9928,-0.0077,-0.2344,-0.0641
1774945810.6113,0.0000,0.0000,0.0000,0.0000,0.0000,3.1273,-0.2104,-0.2532,-0.0546,-0.0629,-0.0652
1774945810.6313,0.0000,0.0000,0.0000,0.0000,0.0000,3.1284,-0.2167,21.8004,0.0370,0.2481,-0.0322
1774945810.6515,0.0000,0.0000,0.0000,0.0000,0.0000,3.1297,-0.2192,13.0288,0.0924,0.2353,0.0040
1774945810.6713,0.0000,0.0000,0.0000,0.0000,0.0000,3.1308,-0.2201,-15.0123,0.2149,-0.0576,0.0392
1774945810.6913,0.0000,0.0000,0.0000,0.0000,0.0000,3.1329,-0.2162,-41.7319,0.2543,-0.2728,0.0136
1774945810.7112,0.0000,0.0000,0.0000,0.0000,0.0000,3.1321,-0.2119,-6.7740,0.1105,-0.1993,-0.0066
1774945810.7316,0.0000,0.0000,0.0000,0.0000,0.0000,3.1343,-0.2152,55.8553,0.0306,0.1075,-0.0322
1774945810.7513,0.0000,0.0000,0.0000,0.0000,0.0000,3.1390,-0.2176,13.6275,0.1371,0.1139,-0.0247
1774945810.7714,0.0000,0.0000,0.0000,0.0000,0.0000,-3.1405,-0.2156,29.1784,0.1212,0.0138,-0.0098
1774945810.7915,0.0000,0.0000,0.0000,0.0000,0.0000,-3.1349,-0.2155,-47.6824,0.0828,-0.0597,-0.0556
1774945810.8112,0.0000,0.0000,0.0000,0.0000,0.0000,-3.1352,-0.2155,-33.8797,-0.0195,-0.0225,-0.0577
1774945810.8313,0.0000,0.0000,0.0000,0.0000,0.0000,-3.1334,-0.2182,-8.9203,0.0104,0.0937,-0.0396
1774945810.8513,0.0000,0.0000,0.0000,0.0000,0.0000,-3.1304,-0.2210,34.6215,0.0189,0.1277,-0.0098
1774945810.8725,0.0000,0.0000,0.0000,0.0000,0.0000,-3.1315,-0.2236,7.4387,-0.0802,0.0713,-0.0066
1774945810.8913,0.0000,0.0000,0.0000,0.0000,0.0000,-3.1334,-0.2218,-13.3286,-0.1622,-0.0981,-0.0620
1774945810.9115,0.0000,0.0000,0.0000,0.0000,0.0000,-3.1347,-0.2180,-41.6277,-0.2293,-0.1577,-0.0865
1774945810.9327,0.0000,0.0000,0.0000,0.0000,0.0000,-3.1357,-0.2176,-2.2797,-0.1760,-0.0480,-0.0908
1774945810.9516,0.0000,0.0000,0.0000,0.0000,0.0000,-3.1346,-0.2162,26.6945,-0.0525,0.0202,-0.0737
1774945810.9714,0.0000,0.0000,0.0000,0.0000,0.0000,-3.1359,-0.2132,-39.2110,0.0295,0.0180,-0.0354
1774945810.9915,0.0000,0.0000,0.0000,0.0000,0.0000,-3.1377,-0.2120,0.0000,0.0381,0.0468,-0.0141
1774945811.0117,0.0000,0.0000,0.0000,0.0000,0.0000,-3.1412,-0.2117,-61.7324,0.0754,0.0383,-0.0130
1774945811.0313,0.0000,0.0000,0.0000,0.0000,0.0000,3.1384,-0.2119,-30.2557,0.0093,0.1032,-0.0332
1774945811.0512,0.0000,0.0000,0.0000,0.0000,0.0000,3.1339,-0.2129,20.0373,-0.0461,0.1182,-0.0396
1774945811.0712,0.0000,0.0000,0.0000,0.0000,0.0000,3.1344,-0.2120,-38.8355,-0.0195,0.0372,-0.0577
1774945811.0913,0.0000,0.0000,0.0000,0.0000,0.0000,3.1354,-0.2115,-28.7040,0.0019,0.0052,-0.0791
1774945811.1113,0.0000,0.0000,0.0000,0.0000,0.0000,3.1349,-0.2098,-23.8777,-0.0312,-0.0054,-0.0684
1774945811.1313,0.0000,0.0000,0.0000,0.0000,0.0000,3.1368,-0.2126,10.7214,-0.0376,0.0596,-0.0631
1774945811.1513,0.0000,0.0000,0.0000,0.0000,0.0000,3.1387,-0.2149,22.8837,-0.0312,0.1043,-0.0407
1774945811.1712,0.0000,0.0000,0.0000,0.0000,0.0000,3.1391,-0.2159,28.4480,0.0690,0.1011,-0.0066
1774945811.1917,0.0000,0.0000,0.0000,0.0000,0.0000,3.1413,-0.2190,42.0431,0.1915,0.0809,0.0211
1774945811.2113,0.0000,0.0000,0.0000,0.0000,0.0000,-3.1407,-0.2176,-55.0917,0.2043,-0.0427,0.0200
1774945811.2314,0.0000,0.0000,0.0000,0.0000,0.0000,3.1415,-0.2196,-13.9680,0.0285,0.0894,-0.0247
1774945811.2515,0.0000,0.0000,0.0000,0.0000,0.0000,3.1391,-0.2246,10.2887,-0.1068,0.2503,-0.0641
1774945811.2712,0.0000,0.0000,0.0000,0.0000,0.0000,3.1372,-0.2335,31.6111,-0.1856,0.2662,-0.1270
1774945811.2915,0.0000,0.0000,0.0000,0.0000,0.0000,3.1372,-0.2354,54.5004,-0.0919,0.1384,-0.1355
1774945811.3112,0.0000,0.0000,0.0000,0.0000,0.0000,3.1412,-0.2307,-48.9629,0.0647,-0.2057,-0.1131
1774945811.3313,0.0000,0.0000,0.0000,0.0000,0.0000,3.1415,-0.2264,-54.7848,0.0604,-0.2834,-0.0727
1774945811.3518,0.0000,0.0000,0.0000,0.0000,0.0000,3.1387,-0.2247,-34.7535,0.0029,-0.1641,-0.0290
1774945811.3712,0.0000,0.0000,0.0000,0.0000,0.0000,3.1351,-0.2241,13.8695,0.0029,-0.0757,0.0200
1774945811.3912,0.0000,0.0000,0.0000,0.0000,0.0000,3.1312,-0.2232,1.6616,-0.0216,-0.0672,0.0158
1774945811.4164,0.0000,0.0000,0.0000,0.0000,0.0000,3.1321,-0.2211,22.3256,-0.0376,-0.1077,-0.0098
1774945811.4313,0.0000,0.0000,0.0000,0.0000,0.0000,3.1321,-0.2152,54.2300,-0.0024,-0.1450,-0.0407
1774945811.4643,0.0000,0.0000,0.0000,0.0000,0.0000,3.1327,-0.2131,-94.9902,-0.0440,-0.1961,-0.0727
1774945811.4753,0.0000,0.0000,0.0000,0.0000,0.0000,3.1327,-0.2129,43.3927,-0.0855,-0.1439,-0.0908
1774945811.4913,0.0000,0.0000,0.0000,0.0000,0.0000,3.1317,-0.2146,-18.0023,-0.0663,-0.0171,-0.0631
1774945811.5115,0.0000,0.0000,0.0000,0.0000,0.0000,3.1329,-0.2160,97.9769,-0.0333,0.0383,-0.0386
1774945811.5312,0.0000,0.0000,0.0000,0.0000,0.0000,3.1312,-0.2173,-74.4120,-0.0227,0.0148,-0.0024
1774945811.5513,0.0000,0.0000,0.0000,0.0000,0.0000,3.1296,-0.2177,23.1573,-0.0141,-0.0491,0.0083
1774945811.5712,0.0000,0.0000,0.0000,0.0000,0.0000,3.1288,-0.2167,-46.8083,0.0700,-0.1514,0.0530
1774945811.5912,0.0000,0.0000,0.0000,0.0000,0.0000,3.1277,-0.2135,-7.4518,0.0796,-0.2110,0.0530
1774945811.6112,0.0000,0.0000,0.0000,0.0000,0.0000,3.1261,-0.2128,29.8609,-0.0610,-0.0097,0.0115
1774945811.6313,0.0000,0.0000,0.0000,0.0000,0.0000,3.1236,-0.2138,-5.8002,0.0168,0.0361,-0.0045
1774945811.6512,0.0000,0.0000,0.0000,0.0000,0.0000,3.1285,-0.2170,26.9704,0.1574,0.0329,0.0094
1774945811.6712,0.0000,0.0000,0.0000,0.0000,0.0000,3.1308,-0.2169,36.0980,0.2330,-0.0874,0.0328
1774945811.6913,0.0000,0.0000,0.0000,0.0000,0.0000,3.1319,-0.2142,-22.9626,0.1744,-0.1748,-0.0024
1774945811.7118,0.0000,0.0000,0.0000,0.0000,0.0000,3.1335,-0.2116,-5.7026,0.1041,-0.2004,-0.0332
1774945811.7312,0.0000,0.0000,0.0000,0.0000,0.0000,3.1369,-0.2077,-0.3614,0.0903,-0.1854,-0.0343
1774945811.7512,0.0000,0.0000,0.0000,0.0000,0.0000,3.1403,-0.2075,21.7853,0.1041,-0.0725,0.0104
1774945811.7712,0.0000,0.0000,0.0000,0.0000,0.0000,-3.1403,-0.2096,23.4904,0.1276,0.0340,0.0179
1774945811.7912,0.0000,0.0000,0.0000,0.0000,0.0000,-3.1377,-0.2137,26.6783,0.0839,0.1011,-0.0002
1774945811.8115,0.0000,0.0000,0.0000,0.0000,0.0000,-3.1350,-0.2138,-3.7335,0.0487,0.0702,-0.0109
1774945811.8313,0.0000,0.0000,0.0000,0.0000,0.0000,-3.1299,-0.2130,-26.5362,0.0913,-0.0225,-0.0066
1774945811.8511,0.0000,0.0000,0.0000,0.0000,0.0000,-3.1247,-0.2116,-18.4520,0.1957,-0.0906,0.0051
1774945811.8713,0.0000,0.0000,0.0000,0.0000,0.0000,-3.1250,-0.2097,-51.7639,0.1009,-0.0874,-0.0024
1774945811.8913,0.0000,0.0000,0.0000,0.0000,0.0000,-3.1272,-0.2120,-5.1943,-0.0258,0.0724,-0.0141
1774945811.9113,0.0000,0.0000,0.0000,0.0000,0.0000,-3.1264,-0.2124,8.4603,-0.0557,0.0766,-0.0354
1774945811.9313,0.0000,0.0000,0.0000,0.0000,0.0000,-3.1244,-0.2120,-23.2462,-0.0717,0.0180,-0.0588
1774945811.9514,0.0000,0.0000,0.0000,0.0000,0.0000,-3.1222,-0.2114,1.3940,-0.0642,-0.0427,-0.0759
1774945811.9713,0.0000,0.0000,0.0000,0.0000,0.0000,-3.1221,-0.2123,41.5844,-0.1089,-0.0853,-0.0791
1774945811.9912,0.0000,0.0000,0.0000,0.0000,0.0000,-3.1237,-0.2110,21.3562,-0.1569,-0.1141,-0.0769
1774945812.0114,0.0000,0.0000,0.0000,0.0000,0.0000,-3.1256,-0.2120,8.6886,-0.1292,-0.0757,-0.0769
1774945812.0313,0.0000,0.0000,0.0000,0.0000,0.0000,-3.1284,-0.2133,19.7359,-0.0855,0.0116,-0.0450
1774945812.0515,0.0000,0.0000,0.0000,0.0000,0.0000,-3.1331,-0.2125,-0.5437,-0.0610,0.0340,-0.0322
1774945812.0713,0.0000,0.0000,0.0000,0.0000,0.0000,-3.1352,-0.2115,18.0279,-0.0514,0.0415,-0.0460
1774945812.0913,0.0000,0.0000,0.0000,0.0000,0.0000,-3.1384,-0.2094,-52.6537,-0.0738,-0.0001,-0.0545
1774945812.1124,0.0000,0.0000,0.0000,0.0000,0.0000,3.1405,-0.2089,-47.5703,-0.1420,-0.0129,-0.0695
1774945812.1312,0.0000,0.0000,0.0000,0.0000,0.0000,3.1378,-0.2084,14.9255,-0.1292,0.0180,-0.0673
1774945812.1514,0.0000,0.0000,0.0000,0.0000,0.0000,3.1372,-0.2067,38.4956,-0.0578,-0.0022,-0.0482
1774945812.1716,0.0000,0.0000,0.0000,0.0000,0.0000,3.1346,-0.2052,13.2524,-0.0195,0.0095,-0.0428
1774945812.1913,0.0000,0.0000,0.0000,0.0000,0.0000,3.1323,-0.2073,21.5601,-0.0770,0.1256,-0.0748
1774945812.2113,0.0000,0.0000,0.0000,0.0000,0.0000,3.1308,-0.2093,66.0483,-0.0759,0.1906,-0.0950
1774945812.2314,0.0000,0.0000,0.0000,0.0000,0.0000,3.1297,-0.2089,-16.2533,-0.0344,0.1075,-0.1014
1774945812.2512,0.0000,0.0000,0.0000,0.0000,0.0000,3.1297,-0.2103,-16.8407,0.0711,0.2215,-0.0577
1774945812.2713,0.0000,0.0000,0.0000,0.0000,0.0000,3.1301,-0.2116,-53.6367,0.1829,0.2066,-0.0077
1774945812.2913,0.0000,0.0000,0.0000,0.0000,0.0000,3.1308,-0.2139,-29.7537,0.2096,0.2002,0.0541
1774945812.3114,0.0000,0.0000,0.0000,0.0000,0.0000,3.1303,-0.2167,26.7409,0.1638,0.2108,0.0530
1774945812.3313,0.0000,0.0000,0.0000,0.0000,0.0000,3.1306,-0.2166,-18.3556,0.0924,0.0937,0.0030
1774945812.3512,0.0000,0.0000,0.0000,0.0000,0.0000,3.1341,-0.2179,3.4713,0.1286,0.0447,-0.0514
1774945812.3713,0.0000,0.0000,0.0000,0.0000,0.0000,3.1398,-0.2210,16.8469,0.1648,0.0958,-0.0439
1774945812.3917,0.0000,0.0000,0.0000,0.0000,0.0000,-3.1399,-0.2262,25.8460,0.1478,0.1554,-0.0194
1774945812.4113,0.0000,0.0000,0.0000,0.0000,0.0000,-3.1384,-0.2280,-19.1890,0.2000,0.1459,0.0648
1774945812.4312,0.0000,0.0000,0.0000,0.0000,0.0000,-3.1355,-0.2303,4.5250,0.1552,0.0681,0.0743
1774945812.4512,0.0000,0.0000,0.0000,0.0000,0.0000,-3.1322,-0.2332,-18.9893,0.1883,0.0905,0.0477
1774945812.4712,0.0000,0.0000,0.0000,0.0000,0.0000,-3.1321,-0.2357,28.1909,0.1009,0.0915,0.0094
1774945812.4920,0.0000,0.0000,0.0000,0.0000,0.0000,-3.1317,-0.2353,20.1298,-0.0173,-0.0065,-0.0354
1774945812.5115,0.0000,0.0000,0.0000,0.0000,0.0000,-3.1299,-0.2317,8.6105,-0.0333,-0.1801,-0.0748
1774945812.5312,0.0000,0.0000,0.0000,0.0000,0.0000,-3.1268,-0.2278,22.0257,-0.0088,-0.2259,-0.0854
1774945812.5512,0.0000,0.0000,0.0000,0.0000,0.0000,-3.1257,-0.2250,21.0872,-0.0131,-0.1748,-0.0620
1774945812.5712,0.0000,0.0000,0.0000,0.0000,0.0000,-3.1261,-0.2231,-9.8076,-0.0450,-0.1205,-0.0396
1774945812.5912,0.0000,0.0000,0.0000,0.0000,0.0000,-3.1274,-0.2224,-9.5364,-0.0993,-0.0640,-0.0396
1774945812.6113,0.0000,0.0000,0.0000,0.0000,0.0000,-3.1264,-0.2206,19.2499,-0.0887,-0.0842,-0.0673
1774945812.6313,0.0000,0.0000,0.0000,0.0000,0.0000,-3.1263,-0.2179,-30.0629,-0.0461,-0.1407,-0.0759
1774945812.6512,0.0000,0.0000,0.0000,0.0000,0.0000,-3.1289,-0.2179,-57.4590,-0.0983,-0.0182,-0.0748
1774945812.6712,0.0000,0.0000,0.0000,0.0000,0.0000,-3.1336,-0.2226,-17.5494,-0.1484,0.1608,-0.0769
1774945812.6912,0.0000,0.0000,0.0000,0.0000,0.0000,-3.1385,-0.2288,-21.3187,-0.2251,0.2534,-0.0673
1774945812.7113,0.0000,0.0000,0.0000,0.0000,0.0000,-3.1407,-0.2320,-9.9543,-0.1345,0.1597,-0.0407
1774945812.7312,0.0000,0.0000,0.0000,0.0000,0.0000,3.1411,-0.2316,-15.1181,-0.0045,-0.0736,-0.0269
1774945812.7513,0.0000,0.0000,0.0000,0.0000,0.0000,3.1386,-0.2315,-28.8457,-0.0131,-0.1812,-0.0482
1774945812.7714,0.0000,0.0000,0.0000,0.0000,0.0000,3.1342,-0.2305,-23.1726,-0.1356,-0.1791,-0.0791
1774945812.7913,0.0000,0.0000,0.0000,0.0000,0.0000,3.1316,-0.2311,-44.6032,-0.1537,-0.0981,-0.0865
1774945812.8113,0.0000,0.0000,0.0000,0.0000,0.0000,3.1327,-0.2345,-38.2524,0.0114,0.0649,-0.0343
1774945812.8312,0.0000,0.0000,0.0000,0.0000,0.0000,3.1307,-0.2347,40.1768,0.0636,0.0585,0.0232
1774945812.8513,0.0000,0.0000,0.0000,0.0000,0.0000,3.1286,-0.2326,4.8987,0.0466,-0.0352,0.0147
1774945812.8714,0.0000,0.0000,0.0000,0.0000,0.0000,3.1275,-0.2308,-41.5301,0.0466,-0.1290,-0.0364
1774945812.8913,0.0000,0.0000,0.0000,0.0000,0.0000,3.1258,-0.2270,-2.2267,0.0668,-0.1332,-0.0343
1774945812.9113,0.0000,0.0000,0.0000,0.0000,0.0000,3.1285,-0.2250,-6.0975,0.0785,-0.0853,-0.0641
1774945812.9312,0.0000,0.0000,0.0000,0.0000,0.0000,3.1278,-0.2238,42.0525,0.0509,-0.0278,-0.0641
1774945812.9515,0.0000,0.0000,0.0000,0.0000,0.0000,3.1272,-0.2257,52.7957,0.0839,0.0841,-0.0418
1774945812.9713,0.0000,0.0000,0.0000,0.0000,0.0000,3.1277,-0.2265,45.7211,0.1361,0.0510,0.0211
1774945812.9925,0.0000,0.0000,0.0000,0.0000,0.0000,3.1280,-0.2266,-31.1472,0.1414,-0.0352,0.0307
1774945813.0113,0.0000,0.0000,0.0000,0.0000,0.0000,3.1276,-0.2279,-14.8376,0.0221,0.0031,0.0040
1774945813.0313,0.0000,0.0000,0.0000,0.0000,0.0000,3.1292,-0.2306,0.5445,-0.0631,0.0692,-0.0535
1774945813.0512,0.0000,0.0000,0.0000,0.0000,0.0000,3.1316,-0.2321,-5.7413,-0.0631,0.0574,-0.1014
1774945813.0712,0.0000,0.0000,0.0000,0.0000,0.0000,3.1344,-0.2328,-29.5294,-0.0120,0.0447,-0.1206
1774945813.0912,0.0000,0.0000,0.0000,0.0000,0.0000,3.1385,-0.2333,-38.9273,0.0871,0.0692,-0.1046
1774945813.1113,0.0000,0.0000,0.0000,0.0000,0.0000,3.1380,-0.2337,-15.8969,0.0903,0.0159,-0.0652
1774945813.1313,0.0000,0.0000,0.0000,0.0000,0.0000,3.1352,-0.2340,42.6648,0.0210,-0.0288,-0.0407
1774945813.1513,0.0000,0.0000,0.0000,0.0000,0.0000,3.1319,-0.2309,52.7607,0.0221,-0.1364,-0.0247
1774945813.1714,0.0000,0.0000,0.0000,0.0000,0.0000,3.1319,-0.2298,-6.2893,0.0381,-0.1396,-0.0300
1774945813.1912,0.0000,0.0000,0.0000,0.0000,0.0000,3.1322,-0.2308,-4.3199,0.0796,-0.0810,-0.0013
1774945813.2115,0.0000,0.0000,0.0000,0.0000,0.0000,3.1293,-0.2302,39.3297,0.0381,-0.0267,0.0179
1774945813.2314,0.0000,0.0000,0.0000,0.0000,0.0000,3.1284,-0.2311,20.2473,-0.0045,0.0084,-0.0045
1774945813.2525,0.0000,0.0000,0.0000,0.0000,0.0000,3.1307,-0.2298,-6.3539,-0.0003,-0.0331,-0.0194
1774945813.2713,0.0000,0.0000,0.0000,0.0000,0.0000,3.1340,-0.2260,7.2569,0.0306,-0.1066,-0.0386
1774945813.2912,0.0000,0.0000,0.0000,0.0000,0.0000,3.1371,-0.2226,-35.8357,0.0178,-0.0874,-0.0471
1774945813.3117,0.0000,0.0000,0.0000,0.0000,0.0000,3.1346,-0.2203,-7.5093,-0.0024,-0.0661,-0.0183
1774945813.3313,0.0000,0.0000,0.0000,0.0000,0.0000,3.1335,-0.2191,5.8177,0.0125,-0.1066,-0.0013
1774945813.3518,0.0000,0.0000,0.0000,0.0000,0.0000,3.1357,-0.2156,0.0874,-0.0131,-0.0906,-0.0173
1774945813.3714,0.0000,0.0000,0.0000,0.0000,0.0000,3.1341,-0.2127,26.1220,-0.0812,-0.0810,-0.0332
1774945813.3912,0.0000,0.0000,0.0000,0.0000,0.0000,3.1344,-0.2150,21.0298,0.0136,-0.0416,-0.0087
1774945813.4112,0.0000,0.0000,0.0000,0.0000,0.0000,3.1377,-0.2172,-18.5173,0.1627,-0.0821,0.0275
1774945813.4313,0.0000,0.0000,0.0000,0.0000,0.0000,3.1397,-0.2192,-26.8188,0.1563,-0.0001,0.0190
1774945813.4512,0.0000,0.0000,0.0000,0.0000,0.0000,3.1385,-0.2212,14.4732,0.0775,0.0905,0.0008
1774945813.4715,0.0000,0.0000,0.0000,0.0000,0.0000,3.1373,-0.2239,-5.9012,0.0519,0.1341,-0.0087
1774945813.4918,0.0000,0.0000,0.0000,0.0000,0.0000,3.1401,-0.2249,0.0000,0.0636,0.1565,-0.0343
1774945813.5113,0.0000,0.0000,0.0000,0.0000,0.0000,-3.1403,-0.2259,0.0000,0.0509,0.1714,-0.0450
1774945813.5312,0.0000,0.0000,0.0000,0.0000,0.0000,-3.1361,-0.2357,36.4219,0.0285,0.2620,-0.0940
1774945813.5514,0.0000,0.0000,0.0000,0.0000,0.0000,-3.1332,-0.2412,21.6620,-0.0216,0.1118,-0.1025
1774945813.5712,0.0000,0.0000,0.0000,0.0000,0.0000,-3.1325,-0.2420,-47.9272,-0.0333,-0.0012,-0.0322
1774945813.5919,0.0000,0.0000,0.0000,0.0000,0.0000,-3.1359,-0.2402,-1.0378,-0.0642,-0.1886,0.0967
1774945813.6116,0.0000,0.0000,0.0000,0.0000,0.0000,-3.1370,-0.2384,-1.1629,-0.0333,-0.2238,0.2043
1774945813.6313,0.0000,0.0000,0.0000,0.0000,0.0000,-3.1388,-0.2368,37.3338,-0.0599,-0.1524,0.2352
1774945813.6515,0.0000,0.0000,0.0000,0.0000,0.0000,-3.1384,-0.2361,-19.2679,-0.1121,-0.1205,0.2118
1774945813.6724,0.0000,0.0000,0.0000,0.0000,0.0000,-3.1374,-0.2367,-9.7544,-0.0834,-0.1098,0.1606
1774945813.6914,0.0000,0.0000,0.0000,0.0000,0.0000,-3.1411,-0.2327,40.9078,-0.1004,-0.2089,0.1372
1774945813.7123,0.0000,0.0000,0.0000,0.0000,0.0000,3.1410,-0.2259,-6.5618,-0.0972,-0.2877,0.1180
1774945813.7312,0.0000,0.0000,0.0000,0.0000,0.0000,-3.1402,-0.2229,-11.4082,0.0381,-0.2291,0.1170
1774945813.7514,0.0000,0.0000,0.0000,0.0000,0.0000,-3.1374,-0.2228,60.9229,0.1020,-0.0704,0.0882
1774945813.7712,0.0000,0.0000,0.0000,0.0000,0.0000,-3.1374,-0.2244,31.2453,0.0562,0.0404,0.0775
1774945813.7912,0.0000,0.0000,0.0000,0.0000,0.0000,-3.1394,-0.2234,22.6848,-0.0312,0.0223,0.0562
1774945813.8119,0.0000,0.0000,0.0000,0.0000,0.0000,-3.1374,-0.2244,-3.2362,-0.1164,0.0223,-0.0194
1774945813.8313,0.0000,0.0000,0.0000,0.0000,0.0000,-3.1339,-0.2230,-5.9548,0.0189,-0.0853,-0.1046
1774945813.8514,0.0000,0.0000,0.0000,0.0000,0.0000,-3.1309,-0.2175,-47.2099,0.0232,-0.1439,-0.1664
1774945813.8716,0.0000,0.0000,0.0000,0.0000,0.0000,-3.1317,-0.2125,0.5577,-0.0386,-0.1055,-0.1621
1774945813.8922,0.0000,0.0000,0.0000,0.0000,0.0000,-3.1342,-0.2109,15.8731,-0.0141,-0.0150,-0.1387
1774945813.9116,0.0000,0.0000,0.0000,0.0000,0.0000,-3.1391,-0.2088,-1.5401,-0.0589,0.0830,-0.0854
1774945813.9313,0.0000,0.0000,0.0000,0.0000,0.0000,-3.1414,-0.2083,-20.7075,-0.0642,0.1405,-0.0460
1774945813.9516,0.0000,0.0000,0.0000,0.0000,0.0000,-3.1397,-0.2103,52.1651,-0.0844,0.2076,-0.0375
1774945813.9713,0.0000,0.0000,0.0000,0.0000,0.0000,3.1414,-0.2132,-23.9214,-0.0717,0.2321,-0.0194
1774945813.9913,0.0000,0.0000,0.0000,0.0000,0.0000,3.1392,-0.2135,0.6748,-0.0312,0.1704,-0.0098
1774945814.0118,0.0000,0.0000,0.0000,0.0000,0.0000,3.1372,-0.2129,-25.7495,-0.0152,0.1192,-0.0151
1774945814.0329,0.0000,0.0000,0.0000,0.0000,0.0000,3.1335,-0.2141,-12.2045,-0.0088,0.1395,-0.0194
1774945814.0515,0.0000,0.0000,0.0000,0.0000,0.0000,3.1322,-0.2180,4.0733,0.0594,0.2172,0.0051
1774945814.0713,0.0000,0.0000,0.0000,0.0000,0.0000,3.1306,-0.2190,52.2974,0.0338,0.1341,0.0946
1774945814.0915,0.0000,0.0000,0.0000,0.0000,0.0000,3.1288,-0.2170,21.6164,-0.0109,0.0106,0.2214
1774945814.1114,0.0000,0.0000,0.0000,0.0000,0.0000,3.1300,-0.2138,51.8045,0.0711,0.0319,0.2544
1774945814.1314,0.0000,0.0000,0.0000,0.0000,0.0000,3.1321,-0.2118,8.7431,0.0455,0.0628,0.2672
1774945814.1514,0.0000,0.0000,0.0000,0.0000,0.0000,3.1363,-0.2147,-20.0167,0.0402,0.1544,0.2491
1774945814.1713,0.0000,0.0000,0.0000,0.0000,0.0000,-3.1414,-0.2179,-28.7688,0.0924,0.2790,0.2128
1774945814.1914,0.0000,0.0000,0.0000,0.0000,0.0000,-3.1383,-0.2188,-33.8432,0.1552,0.1938,0.2299
1774945814.2119,0.0000,0.0000,0.0000,0.0000,0.0000,-3.1384,-0.2203,-66.7040,0.0423,0.1171,0.2267
1774945814.2314,0.0000,0.0000,0.0000,0.0000,0.0000,-3.1391,-0.2223,6.7335,0.0114,0.0798,0.2107
1774945814.2513,0.0000,0.0000,0.0000,0.0000,0.0000,-3.1352,-0.2214,-9.7112,0.0274,0.0095,0.2118
1774945814.2711,0.0000,0.0000,0.0000,0.0000,0.0000,-3.1289,-0.2219,14.8573,0.0711,-0.0171,0.2000
1774945814.2913,0.0000,0.0000,0.0000,0.0000,0.0000,-3.1247,-0.2204,14.6579,0.0562,0.0052,0.1841
1774945814.3123,0.0000,0.0000,0.0000,0.0000,0.0000,-3.1238,-0.2197,65.3758,-0.0088,-0.0512,0.1670
1774945814.3318,0.0000,0.0000,0.0000,0.0000,0.0000,-3.1242,-0.2180,-10.9199,-0.1047,-0.0832,0.1425
1774945814.3517,0.0000,0.0000,0.0000,0.0000,0.0000,-3.1244,-0.2183,-14.9312,-0.1377,-0.0129,0.1724
1774945814.3713,0.0000,0.0000,0.0000,0.0000,0.0000,-3.1252,-0.2198,-45.6503,-0.0834,0.0947,0.2235
1774945814.3913,0.0000,0.0000,0.0000,0.0000,0.0000,-3.1209,-0.2216,-6.9594,0.0082,0.1597,0.2331
1774945814.4114,0.0000,0.0000,0.0000,0.0000,0.0000,-3.1205,-0.2237,17.7334,-0.0152,0.1842,0.2256
1774945814.4316,0.0000,0.0000,0.0000,0.0000,0.0000,-3.1191,-0.2222,-24.1112,-0.0440,0.0755,0.1755
1774945814.4512,0.0000,0.0000,0.0000,0.0000,0.0000,-3.1192,-0.2173,-13.7976,-0.1345,-0.0725,0.1202
1774945814.4715,0.0000,0.0000,0.0000,0.0000,0.0000,-3.1186,-0.2135,-89.9187,-0.1196,-0.0278,0.0893
1774945814.4914,0.0000,0.0000,0.0000,0.0000,0.0000,-3.1162,-0.2183,-83.4735,-0.0386,0.2492,0.0285
1774945814.5113,0.0000,0.0000,0.0000,0.0000,0.0000,-3.1147,-0.2277,20.6394,0.0487,0.3174,0.0136
1774945814.5314,0.0000,0.0000,0.0000,0.0000,0.0000,-3.1175,-0.2325,36.4901,-0.0397,0.1160,0.0584
1774945814.5515,0.0000,0.0000,0.0000,0.0000,0.0000,-3.1211,-0.2314,-43.4252,-0.0578,-0.0533,0.1468
1774945814.5713,0.0000,0.0000,0.0000,0.0000,0.0000,-3.1264,-0.2295,4.1566,-0.1867,-0.1545,0.1628
1774945814.5918,0.0000,0.0000,0.0000,0.0000,0.0000,-3.1301,-0.2298,-32.1839,-0.2016,-0.1173,0.1798
1774945814.6115,0.0000,0.0000,0.0000,0.0000,0.0000,-3.1292,-0.2306,-18.2595,-0.1377,0.0095,0.1479
1774945814.6312,0.0000,0.0000,0.0000,0.0000,0.0000,-3.1275,-0.2331,-25.2929,-0.1324,0.0202,0.0935
1774945814.6513,0.0000,0.0000,0.0000,0.0000,0.0000,-3.1265,-0.2333,101.9010,-0.0557,-0.0406,-0.0343
1774945814.6712,0.0000,0.0000,0.0000,0.0000,0.0000,-3.1246,-0.2328,28.1556,-0.0120,-0.1215,-0.2431
1774945814.6912,0.0000,0.0000,0.0000,0.0000,0.0000,-3.1300,-0.2325,59.5167,-0.1473,-0.1045,-0.2612
1774945814.7122,0.0000,0.0000,0.0000,0.0000,0.0000,-3.1322,-0.2320,11.9867,-0.1079,-0.0810,-0.2356
1774945814.7315,0.0000,0.0000,0.0000,0.0000,0.0000,-3.1364,-0.2299,-17.1280,0.0498,-0.0906,-0.0950
1774945814.7516,0.0000,0.0000,0.0000,0.0000,0.0000,-3.1384,-0.2277,-21.8290,0.1339,-0.1034,-0.0194
1774945814.7713,0.0000,0.0000,0.0000,0.0000,0.0000,-3.1394,-0.2277,-28.7879,0.0785,0.0116,0.0094
1774945814.7914,0.0000,0.0000,0.0000,0.0000,0.0000,3.1409,-0.2284,100.6233,-0.0461,0.0894,-0.0066
1774945814.8119,0.0000,0.0000,0.0000,0.0000,0.0000,3.1361,-0.2285,3.7722,0.0061,0.0468,0.0040
1774945814.8316,0.0000,0.0000,0.0000,0.0000,0.0000,3.1398,-0.2276,21.4069,0.1414,-0.0555,-0.0205
1774945814.8516,0.0000,0.0000,0.0000,0.0000,0.0000,-3.1402,-0.2248,25.5911,0.1233,-0.1918,-0.0386
1774945814.8713,0.0000,0.0000,0.0000,0.0000,0.0000,3.1402,-0.2227,39.7335,0.0178,-0.1599,-0.0386
1774945814.8921,0.0000,0.0000,0.0000,0.0000,0.0000,-3.1400,-0.2228,53.3877,0.0264,-0.0193,-0.0247
1774945814.9122,0.0000,0.0000,0.0000,0.0000,0.0000,-3.1355,-0.2235,33.8649,0.0913,0.0468,-0.0247
1774945814.9312,0.0000,0.0000,0.0000,0.0000,0.0000,-3.1331,-0.2208,-20.8199,0.0700,-0.0171,-0.0215
1774945814.9514,0.0000,0.0000,0.0000,0.0000,0.0000,-3.1327,-0.2220,-34.8275,0.0104,0.1032,-0.0364
1774945814.9715,0.0000,0.0000,0.0000,0.0000,0.0000,-3.1315,-0.2238,19.3786,0.0413,0.2566,-0.0727
1774945814.9917,0.0000,0.0000,0.0000,0.0000,0.0000,-3.1311,-0.2288,-0.7713,0.0817,0.2534,-0.0663
1774945815.0129,0.0000,0.0000,0.0000,0.0000,0.0000,-3.1309,-0.2346,81.8488,0.0743,0.2311,-0.0588
1774945815.0316,0.0000,0.0000,0.0000,0.0000,0.0000,-3.1296,-0.2385,-41.8504,0.0061,0.0074,-0.0439
1774945815.0512,0.0000,0.0000,0.0000,0.0000,0.0000,-3.1321,-0.2396,-13.2024,-0.1729,-0.1407,-0.0897
1774945815.0715,0.0000,0.0000,0.0000,0.0000,0.0000,-3.1328,-0.2393,26.2323,-0.1686,-0.1801,-0.0854
1774945815.0914,0.0000,0.0000,0.0000,0.0000,0.0000,-3.1319,-0.2359,52.6071,0.0146,-0.2099,-0.0258
1774945815.1116,0.0000,0.0000,0.0000,0.0000,0.0000,-3.1291,-0.2254,57.9777,0.1489,-0.4305,0.0328
1774945815.1316,0.0000,0.0000,0.0000,0.0000,0.0000,-3.1291,-0.2158,15.4171,0.1041,-0.4134,0.0264
1774945815.1514,0.0000,0.0000,0.0000,0.0000,0.0000,-3.1328,-0.2111,15.0720,-0.0120,-0.1503,-0.0002
1774945815.1715,0.0000,0.0000,0.0000,0.0000,0.0000,-3.1359,-0.2095,22.4478,-0.0557,0.0159,-0.0269
1774945815.1917,0.0000,0.0000,0.0000,0.0000,0.0000,-3.1355,-0.2089,-27.6139,-0.0024,0.0287,-0.0226
1774945815.2118,0.0000,0.0000,0.0000,0.0000,0.0000,-3.1315,-0.2057,-15.2658,0.1467,-0.0715,-0.0279
1774945815.2318,0.0000,0.0000,0.0000,0.0000,0.0000,-3.1286,-0.2006,-36.9881,0.0849,-0.1908,-0.0226
1774945815.2515,0.0000,0.0000,0.0000,0.0000,0.0000,-3.1304,-0.2046,20.3858,-0.1185,0.1704,0.0062
1774945815.2717,0.0000,0.0000,0.0000,0.0000,0.0000,-3.1313,-0.2127,-5.2600,-0.0035,0.4005,0.0253
1774945815.2915,0.0000,0.0000,0.0000,0.0000,0.0000,-3.1280,-0.2189,6.9992,0.0626,0.4186,0.0211
1774945815.3116,0.0000,0.0000,0.0000,0.0000,0.0000,-3.1271,-0.2265,18.7718,-0.0418,0.2620,-0.0631
1774945815.3319,0.0000,0.0000,0.0000,0.0000,0.0000,-3.1296,-0.2296,-55.4507,-0.2112,-0.0683,-0.1440
1774945815.3514,0.0000,0.0000,0.0000,0.0000,0.0000,-3.1298,-0.2285,-32.3798,-0.0589,-0.1311,-0.1270
1774945815.3714,0.0000,0.0000,0.0000,0.0000,0.0000,-3.1285,-0.2283,-80.8388,0.0370,-0.0438,-0.0482
1774945815.3912,0.0000,0.0000,0.0000,0.0000,0.0000,-3.1320,-0.2292,34.4998,-0.1132,0.0372,-0.0066
1774945815.4115,0.0000,0.0000,0.0000,0.0000,0.0000,-3.1364,-0.2285,-88.6551,-0.1473,-0.0438,-0.0024
1774945815.4313,0.0000,0.0000,0.0000,0.0000,0.0000,-3.1412,-0.2279,15.8902,-0.1356,-0.0768,0.0008
1774945815.4514,0.0000,0.0000,0.0000,0.0000,0.0000,-3.1413,-0.2243,-64.0471,-0.0834,-0.1141,-0.0258
1774945815.4714,0.0000,0.0000,0.0000,0.0000,0.0000,3.1398,-0.2214,-66.2862,-0.0290,-0.1087,-0.0354
1774945815.4917,0.0000,0.0000,0.0000,0.0000,0.0000,3.1384,-0.2152,-18.6934,0.0498,-0.1599,-0.0439
1774945815.5115,0.0000,0.0000,0.0000,0.0000,0.0000,3.1394,-0.2099,-13.2583,0.1563,-0.2611,-0.0311
1774945815.5313,0.0000,0.0000,0.0000,0.0000,0.0000,3.1400,-0.2034,29.8618,0.0881,-0.1684,-0.0524
1774945815.5515,0.0000,0.0000,0.0000,0.0000,0.0000,3.1368,-0.2044,7.3201,0.0082,0.0777,-0.0886
1774945815.5713,0.0000,0.0000,0.0000,0.0000,0.0000,3.1339,-0.2044,28.9299,-0.0163,0.1874,-0.0833
1774945815.5913,0.0000,0.0000,0.0000,0.0000,0.0000,3.1361,-0.2047,66.4021,0.0285,0.1448,-0.0908
1774945815.6115,0.0000,0.0000,0.0000,0.0000,0.0000,3.1404,-0.2060,37.9259,0.0754,0.1139,-0.0801
1774945815.6315,0.0000,0.0000,0.0000,0.0000,0.0000,3.1412,-0.2063,-142.2568,0.0839,0.0660,-0.0748
1774945815.6515,0.0000,0.0000,0.0000,0.0000,0.0000,3.1402,-0.2075,-1.1804,-0.0727,0.0787,-0.1046
1774945815.6715,0.0000,0.0000,0.0000,0.0000,0.0000,3.1398,-0.2106,-2.3125,-0.0962,0.1906,-0.1046
1774945815.6913,0.0000,0.0000,0.0000,0.0000,0.0000,3.1404,-0.2106,5.6172,-0.0088,0.0798,-0.0620
1774945815.7115,0.0000,0.0000,0.0000,0.0000,0.0000,3.1389,-0.2057,-4.2721,0.0381,-0.1609,-0.0162
1774945815.7314,0.0000,0.0000,0.0000,0.0000,0.0000,3.1358,-0.2020,-60.4160,-0.0013,-0.1418,-0.0173
1774945815.7513,0.0000,0.0000,0.0000,0.0000,0.0000,3.1316,-0.2045,0.0917,-0.1164,0.0628,-0.0194
1774945815.7716,0.0000,0.0000,0.0000,0.0000,0.0000,3.1299,-0.2112,9.8929,-0.1143,0.2897,-0.0535
1774945815.7915,0.0000,0.0000,0.0000,0.0000,0.0000,3.1320,-0.2188,15.9790,-0.0663,0.4452,-0.0524
1774945815.8120,0.0000,0.0000,0.0000,0.0000,0.0000,3.1338,-0.2255,24.6142,0.0391,0.3930,-0.0503
1774945815.8325,0.0000,0.0000,0.0000,0.0000,0.0000,3.1333,-0.2278,37.4446,0.1169,0.0958,-0.0269
1774945815.8520,0.0000,0.0000,0.0000,0.0000,0.0000,3.1342,-0.2254,-48.5786,0.1467,-0.1801,-0.0322
1774945815.8725,0.0000,0.0000,0.0000,0.0000,0.0000,3.1325,-0.2210,-31.9492,0.0466,-0.2771,-0.0183
1774945815.8926,0.0000,0.0000,0.0000,0.0000,0.0000,3.1302,-0.2192,22.1836,0.0242,-0.1247,0.0062
1774945815.9131,0.0000,0.0000,0.0000,0.0000,0.0000,3.1340,-0.2202,-1.9830,0.1531,-0.0012,0.0317
1774945815.9321,0.0000,0.0000,0.0000,0.0000,0.0000,3.1370,-0.2233,32.5947,0.1872,-0.0523,0.0040
1774945815.9522,0.0000,0.0000,0.0000,0.0000,0.0000,3.1382,-0.2227,24.4672,0.2341,-0.2760,0.0072
1774945815.9716,0.0000,0.0000,0.0000,0.0000,0.0000,3.1406,-0.2155,-17.2679,0.2980,-0.5178,0.0307
1774945815.9921,0.0000,0.0000,0.0000,0.0000,0.0000,-3.1373,-0.2074,-16.8554,0.3246,-0.5775,0.0296
1774945816.0115,0.0000,0.0000,0.0000,0.0000,0.0000,-3.1353,-0.2007,0.0000,0.2980,-0.5764,0.0253
1774945816.0314,0.0000,0.0000,0.0000,0.0000,0.0000,-3.1344,-0.1970,-5.2350,-0.0248,0.0415,0.0285
1774945816.0533,0.0000,0.0000,0.0000,0.0000,0.0000,-3.1350,-0.2036,0.0000,-0.0567,0.3834,-0.0780
1774945816.0719,0.0000,0.0000,0.0000,0.0000,0.0000,-3.1313,-0.2139,10.0123,0.0232,0.3642,-0.0822
1774945816.0919,0.0000,0.0000,0.0000,0.0000,0.0000,-3.1281,-0.2157,9.2295,0.0498,0.0106,-0.0684
1774945816.1115,0.0000,0.0000,0.0000,0.0000,0.0000,-3.1261,-0.2145,129.6562,-0.0013,-0.1567,-0.0727
1774945816.1316,0.0000,0.0000,0.0000,0.0000,0.0000,-3.1273,-0.2092,31.3032,-0.0759,-0.2163,-0.0130
1774945816.1517,0.0000,0.0000,0.0000,0.0000,0.0000,-3.1284,-0.2048,-4.7175,-0.0567,-0.2025,0.0094
1774945816.1716,0.0000,0.0000,0.0000,0.0000,0.0000,-3.1305,-0.2054,58.4869,-0.0695,0.0436,0.0371
1774945816.1917,0.0000,0.0000,0.0000,0.0000,0.0000,-3.1322,-0.2079,68.6732,-0.0322,0.1799,0.0530
1774945816.2119,0.0000,0.0000,0.0000,0.0000,0.0000,-3.1327,-0.2089,31.1492,0.0860,0.1395,0.0403
1774945816.2318,0.0000,0.0000,0.0000,0.0000,0.0000,-3.1330,-0.2083,-18.0879,0.0274,0.1075,-0.0322
1774945816.2514,0.0000,0.0000,0.0000,0.0000,0.0000,-3.1356,-0.2068,-39.0381,-0.0876,0.0404,-0.0950
1774945816.2721,0.0000,0.0000,0.0000,0.0000,0.0000,-3.1368,-0.2073,-33.5868,-0.0461,-0.0512,-0.0290
1774945816.2917,0.0000,0.0000,0.0000,0.0000,0.0000,-3.1358,-0.2079,4.8652,0.0881,-0.1982,0.1063
1774945816.3116,0.0000,0.0000,0.0000,0.0000,0.0000,-3.1349,-0.2058,-2.4498,0.1787,-0.3133,0.1766
1774945816.3336,0.0000,0.0000,0.0000,0.0000,0.0000,-3.1347,-0.1975,1.6294,0.1606,-0.5274,0.1660
1774945816.3536,0.0000,0.0000,0.0000,0.0000,0.0000,-3.1333,-0.1836,-41.3306,0.0519,-0.4954,0.0946
1774945816.3717,0.0000,0.0000,0.0000,0.0000,0.0000,-3.1352,-0.1820,-7.7077,-0.1729,-0.0597,-0.0269
1774945816.3919,0.0000,0.0000,0.0000,0.0000,0.0000,-3.1331,-0.1871,-41.0429,0.0572,0.2737,-0.1579
1774945816.4124,0.0000,0.0000,0.0000,0.0000,0.0000,-3.1293,-0.1944,168.6100,0.1457,0.5102,-0.1270
1774945816.4320,0.0000,0.0000,0.0000,0.0000,0.0000,-3.1244,-0.2053,-80.3236,0.2511,0.4537,-0.0556
1774945816.4519,0.0000,0.0000,0.0000,0.0000,0.0000,-3.1241,-0.2097,-43.3692,0.1680,0.2066,-0.0173
1774945816.4714,0.0000,0.0000,0.0000,0.0000,0.0000,-3.1282,-0.2107,-35.8281,-0.0440,0.0074,0.0008
1774945816.4917,0.0000,0.0000,0.0000,0.0000,0.0000,-3.1327,-0.2118,-32.9908,-0.1313,-0.0842,0.0072
1774945816.5116,0.0000,0.0000,0.0000,0.0000,0.0000,-3.1315,-0.2110,50.5752,-0.0738,-0.0736,-0.0151
1774945816.5317,0.0000,0.0000,0.0000,0.0000,0.0000,-3.1271,-0.2124,15.9336,0.0658,-0.0054,-0.0226
1774945816.5515,0.0000,0.0000,0.0000,0.0000,0.0000,-3.1240,-0.2154,30.6187,0.0849,0.0873,-0.0045
1774945816.5714,0.0000,0.0000,0.0000,0.0000,0.0000,-3.1237,-0.2184,-82.9535,0.0572,0.0990,-0.0045
1774945816.5915,0.0000,0.0000,0.0000,0.0000,0.0000,-3.1264,-0.2207,18.3025,0.0040,0.0074,-0.0194
1774945816.6117,0.0000,0.0000,0.0000,0.0000,0.0000,-3.1267,-0.2211,42.4557,0.0466,-0.0384,-0.0130
1774945816.6329,0.0000,0.0000,0.0000,0.0000,0.0000,-3.1270,-0.2192,11.1720,0.0956,-0.0257,-0.0055
1774945816.6514,0.0000,0.0000,0.0000,0.0000,0.0000,-3.1273,-0.2169,34.6047,0.0594,-0.0310,-0.0290
1774945816.6727,0.0000,0.0000,0.0000,0.0000,0.0000,-3.1262,-0.2119,6.8777,0.0668,-0.1055,-0.0471
1774945816.6917,0.0000,0.0000,0.0000,0.0000,0.0000,-3.1235,-0.2044,-15.3997,0.1371,-0.2270,-0.0407
1774945816.7170,0.0000,0.0000,0.0000,0.0000,0.0000,-3.1186,-0.1951,0.0837,0.2501,-0.2675,-0.0141
1774945816.7322,0.0000,0.0000,0.0000,0.0000,0.0000,-3.1184,-0.1934,51.6035,0.0413,-0.0310,-0.0045
1774945816.7524,0.0000,0.0000,0.0000,0.0000,0.0000,-3.1194,-0.2022,-7.5561,-0.1175,0.4164,-0.0450
1774945816.7718,0.0000,0.0000,0.0000,0.0000,0.0000,-3.1197,-0.2094,119.1325,-0.1899,0.4835,-0.0705
1774945816.7920,0.0000,0.0000,0.0000,0.0000,0.0000,-3.1196,-0.2146,74.5449,-0.1164,0.2428,-0.1099
1774945816.8123,0.0000,0.0000,0.0000,0.0000,0.0000,-3.1165,-0.2159,-62.8474,-0.0376,0.0361,-0.1089
1774945816.8314,0.0000,0.0000,0.0000,0.0000,0.0000,-3.1177,-0.2126,-10.0400,-0.0823,-0.0629,-0.0567
1774945816.8515,0.0000,0.0000,0.0000,0.0000,0.0000,-3.1208,-0.2108,-42.9290,-0.0780,-0.0736,-0.0130
1774945816.8719,0.0000,0.0000,0.0000,0.0000,0.0000,-3.1241,-0.2108,-16.3364,-0.0908,-0.0043,0.0179
1774945816.8925,0.0000,0.0000,0.0000,0.0000,0.0000,-3.1286,-0.2119,-5.8577,-0.0599,0.0063,-0.0024
1774945816.9117,0.0000,0.0000,0.0000,0.0000,0.0000,-3.1275,-0.2122,5.8091,-0.0152,-0.0427,-0.0695
1774945816.9317,0.0000,0.0000,0.0000,0.0000,0.0000,-3.1273,-0.2151,20.6405,-0.0120,-0.0384,-0.0918
1774945816.9516,0.0000,0.0000,0.0000,0.0000,0.0000,-3.1270,-0.2170,11.7337,0.0082,-0.0565,-0.0545
1774945816.9719,0.0000,0.0000,0.0000,0.0000,0.0000,-3.1259,-0.2181,-8.1260,0.1148,-0.1322,0.0040
1774945816.9917,0.0000,0.0000,0.0000,0.0000,0.0000,-3.1271,-0.2154,-1.0458,0.0700,-0.1748,0.0008
1774945817.0114,0.0000,0.0000,0.0000,0.0000,0.0000,-3.1267,-0.2094,-1.2864,0.0551,-0.2568,-0.0247
1774945817.0319,0.0000,0.0000,0.0000,0.0000,0.0000,-3.1226,-0.1990,17.5560,0.0977,-0.2440,-0.0524
1774945817.0515,0.0000,0.0000,0.0000,0.0000,0.0000,-3.1205,-0.1915,-1.7180,0.0498,-0.2131,-0.0599
1774945817.0718,0.0000,0.0000,0.0000,0.0000,0.0000,-3.1195,-0.1856,-26.8005,-0.0195,-0.1183,-0.0812
1774945817.0919,0.0000,0.0000,0.0000,0.0000,0.0000,-3.1164,-0.1898,45.8967,0.1094,0.2471,-0.0993
1774945817.1141,0.0000,0.0000,0.0000,0.0000,0.0000,-3.1143,-0.1981,37.3669,0.2043,0.5379,-0.0545
1774945817.1314,0.0000,0.0000,0.0000,0.0000,0.0000,-3.1126,-0.2060,149.5019,0.1521,0.5560,0.0115
1774945817.1518,0.0000,0.0000,0.0000,0.0000,0.0000,-3.1096,-0.2131,-29.7682,0.2277,0.3728,0.0445
1774945817.1712,0.0000,0.0000,0.0000,0.0000,0.0000,-3.1064,-0.2145,17.6294,0.2170,0.1672,0.0051
1774945817.1917,0.0000,0.0000,0.0000,0.0000,0.0000,-3.1050,-0.2106,-41.6656,0.0881,-0.0992,-0.0609
1774945817.2115,0.0000,0.0000,0.0000,0.0000,0.0000,-3.1062,-0.2079,-10.2932,-0.0365,-0.1279,-0.0833
1774945817.2317,0.0000,0.0000,0.0000,0.0000,0.0000,-3.1052,-0.2054,-44.8583,-0.0695,-0.1460,-0.0822
1774945817.2520,0.0000,0.0000,0.0000,0.0000,0.0000,-3.1003,-0.2054,-17.3166,0.1382,-0.0075,0.0317
1774945817.2713,0.0000,0.0000,0.0000,0.0000,0.0000,-3.0978,-0.2072,15.3811,0.1734,-0.0001,0.0722
1774945817.2912,0.0000,0.0000,0.0000,0.0000,0.0000,-3.0981,-0.2057,-3.8291,0.1510,-0.0597,0.0925
1774945817.3114,0.0000,0.0000,0.0000,0.0000,0.0000,-3.0966,-0.2003,9.3190,0.0583,-0.1311,0.0360
1774945817.3315,0.0000,0.0000,0.0000,0.0000,0.0000,-3.0971,-0.2027,-37.6899,-0.0514,0.0148,-0.0173
1774945817.3520,0.0000,0.0000,0.0000,0.0000,0.0000,-3.0939,-0.2085,17.5083,0.0072,0.2183,-0.0673
1774945817.3714,0.0000,0.0000,0.0000,0.0000,0.0000,-3.0913,-0.2107,47.2419,0.0285,0.1949,-0.1014
1774945817.3921,0.0000,0.0000,0.0000,0.0000,0.0000,-3.0876,-0.2100,-0.2278,0.0817,-0.0491,-0.0737
1774945817.4115,0.0000,0.0000,0.0000,0.0000,0.0000,-3.0894,-0.2098,-19.1169,0.0551,-0.0960,-0.0290
1774945817.4312,0.0000,0.0000,0.0000,0.0000,0.0000,-3.0930,-0.2099,46.4233,-0.0301,-0.0821,0.0019
1774945817.4534,0.0000,0.0000,0.0000,0.0000,0.0000,-3.0945,-0.2124,-7.4079,-0.0141,-0.0161,0.0403
1774945817.4718,0.0000,0.0000,0.0000,0.0000,0.0000,-3.0919,-0.2136,-32.8054,0.0881,0.0319,0.0616
1774945817.4916,0.0000,0.0000,0.0000,0.0000,0.0000,-3.0912,-0.2166,47.2042,0.1584,0.0596,0.0477
1774945817.5114,0.0000,0.0000,0.0000,0.0000,0.0000,-3.0903,-0.2190,-21.6985,0.0860,0.0202,-0.0418
1774945817.5320,0.0000,0.0000,0.0000,0.0000,0.0000,-3.0888,-0.2201,13.8068,-0.0663,-0.0320,-0.1249
1774945817.5517,0.0000,0.0000,0.0000,0.0000,0.0000,-3.0895,-0.2201,39.0996,-0.1824,-0.0747,-0.1781
1774945817.5718,0.0000,0.0000,0.0000,0.0000,0.0000,-3.0909,-0.2198,5.8276,-0.2517,-0.0779,-0.1728
1774945817.5914,0.0000,0.0000,0.0000,0.0000,0.0000,-3.0909,-0.2183,28.3697,-0.1409,-0.1173,-0.1110
1774945817.6117,0.0000,0.0000,0.0000,0.0000,0.0000,-3.0901,-0.2163,3.0662,-0.0621,-0.1556,-0.0620
1774945817.6316,0.0000,0.0000,0.0000,0.0000,0.0000,-3.0928,-0.2153,-53.2847,-0.0312,-0.0981,0.0008
1774945817.6514,0.0000,0.0000,0.0000,0.0000,0.0000,-3.0967,-0.2158,37.2777,-0.0269,-0.0885,0.0626
1774945817.6717,0.0000,0.0000,0.0000,0.0000,0.0000,-3.0999,-0.2107,25.4393,0.0445,-0.2153,0.0552
1774945817.6925,0.0000,0.0000,0.0000,0.0000,0.0000,-3.1028,-0.2074,19.0867,-0.0120,-0.2302,0.0158
1774945817.7113,0.0000,0.0000,0.0000,0.0000,0.0000,-3.1064,-0.2064,21.8339,-0.1398,-0.1471,-0.0087
1774945817.7317,0.0000,0.0000,0.0000,0.0000,0.0000,-3.1102,-0.2095,-26.7984,-0.1622,0.1064,-0.0641
1774945817.7527,0.0000,0.0000,0.0000,0.0000,0.0000,-3.1078,-0.2154,19.1132,-0.0003,0.2556,-0.0791
1774945817.7718,0.0000,0.0000,0.0000,0.0000,0.0000,-3.1030,-0.2193,33.0336,0.0967,0.2289,-0.0535
1774945817.7914,0.0000,0.0000,0.0000,0.0000,0.0000,-3.1030,-0.2203,13.5629,0.1084,0.2247,-0.0545
1774945817.8118,0.0000,0.0000,0.0000,0.0000,0.0000,-3.1043,-0.2191,-25.1206,-0.0173,0.0798,-0.0545
1774945817.8317,0.0000,0.0000,0.0000,0.0000,0.0000,-3.1083,-0.2182,-30.4537,-0.1036,0.1320,-0.0247
1774945817.8519,0.0000,0.0000,0.0000,0.0000,0.0000,-3.1069,-0.2221,-43.6882,-0.0237,0.2439,-0.0194
1774945817.8718,0.0000,0.0000,0.0000,0.0000,0.0000,-3.1060,-0.2268,-5.9348,0.0679,0.2684,0.0062
1774945817.8920,0.0000,0.0000,0.0000,0.0000,0.0000,-3.1036,-0.2276,-25.8458,0.0594,0.1341,-0.0077
1774945817.9115,0.0000,0.0000,0.0000,0.0000,0.0000,-3.1035,-0.2252,32.2538,0.0221,-0.0427,-0.0428
1774945817.9318,0.0000,0.0000,0.0000,0.0000,0.0000,-3.1024,-0.2177,-50.5627,0.0317,-0.2089,-0.0897
1774945817.9529,0.0000,0.0000,0.0000,0.0000,0.0000,-3.1008,-0.2159,45.4589,0.1244,-0.2259,-0.0588
1774945817.9731,0.0000,0.0000,0.0000,0.0000,0.0000,-3.0989,-0.2105,13.9960,0.1521,-0.1695,-0.0109
1774945817.9915,0.0000,0.0000,0.0000,0.0000,0.0000,-3.1009,-0.2110,-70.6932,-0.0408,-0.0235,-0.0119
1774945818.0128,0.0000,0.0000,0.0000,0.0000,0.0000,-3.1040,-0.2188,64.2914,-0.1100,0.2705,-0.0737
1774945818.0325,0.0000,0.0000,0.0000,0.0000,0.0000,-3.1025,-0.2215,11.3801,-0.0077,0.2087,-0.0663
1774945818.0522,0.0000,0.0000,0.0000,0.0000,0.0000,-3.0966,-0.2250,-16.8946,0.1606,0.1469,-0.0183
1774945818.0713,0.0000,0.0000,0.0000,0.0000,0.0000,-3.0944,-0.2277,5.4632,0.2575,0.1267,-0.0194
1774945818.0914,0.0000,0.0000,0.0000,0.0000,0.0000,-3.0883,-0.2276,-23.2781,0.4067,-0.0384,0.0403
1774945818.1122,0.0000,0.0000,0.0000,0.0000,0.0000,-3.0891,-0.2257,-66.1911,0.0264,-0.0715,0.0445
1774945818.1319,0.0000,0.0000,0.0000,0.0000,0.0000,-3.0932,-0.2279,-40.6711,-0.0472,0.0202,0.0253
1774945818.1515,0.0000,0.0000,0.0000,0.0000,0.0000,-3.0929,-0.2298,-79.5372,-0.0663,0.0180,0.0019
1774945818.1714,0.0000,0.0000,0.0000,0.0000,0.0000,-3.0868,-0.2299,13.2453,0.1382,-0.0576,-0.0109
1774945818.1916,0.0000,0.0000,0.0000,0.0000,0.0000,-3.0830,-0.2285,67.3379,0.1020,-0.1087,-0.0439
1774945818.2114,0.0000,0.0000,0.0000,0.0000,0.0000,-3.0804,-0.2262,16.1940,-0.0269,-0.1226,-0.0705
1774945818.2319,0.0000,0.0000,0.0000,0.0000,0.0000,-3.0791,-0.2268,88.6518,-0.1111,0.0180,-0.0961
1774945818.2515,0.0000,0.0000,0.0000,0.0000,0.0000,-3.0777,-0.2265,-48.4335,-0.0152,0.0052,-0.0599
1774945818.2718,0.0000,0.0000,0.0000,0.0000,0.0000,-3.0720,-0.2237,-4.7518,0.1265,-0.0938,-0.0258
1774945818.2914,0.0000,0.0000,0.0000,0.0000,0.0000,-3.0729,-0.2213,-20.1336,0.1180,-0.1695,-0.0141
1774945818.3115,0.0000,0.0000,0.0000,0.0000,0.0000,-3.0779,-0.2184,0.0000,-0.1611,-0.1066,-0.0215
1774945818.3314,0.0000,0.0000,0.0000,0.0000,0.0000,-3.0876,-0.2200,0.0000,-0.3678,0.0649,-0.0705
1774945818.3514,0.0000,0.0000,0.0000,0.0000,0.0000,-3.0911,-0.2206,0.0000,-0.3007,-0.0267,-0.0386
1774945818.3716,0.0000,0.0000,0.0000,0.0000,0.0000,-3.0903,-0.2147,10.2718,0.0285,-0.2813,0.0392
1774945818.3914,0.0000,0.0000,0.0000,0.0000,0.0000,-3.0887,-0.2134,-23.8840,-0.0131,-0.1226,-0.0077
1774945818.4121,0.0000,0.0000,0.0000,0.0000,0.0000,-3.0922,-0.2145,20.2692,-0.1505,-0.0150,-0.0588
1774945818.4320,0.0000,0.0000,0.0000,0.0000,0.0000,-3.0966,-0.2160,4.4221,-0.1249,0.0127,-0.0556
1774945818.4514,0.0000,0.0000,0.0000,0.0000,0.0000,-3.0987,-0.2167,0.0000,0.0040,0.0138,-0.0183
1774945818.4717,0.0000,0.0000,0.0000,0.0000,0.0000,-3.0954,-0.2182,-24.6961,0.1638,0.0255,-0.0119
1774945818.4920,0.0000,0.0000,0.0000,0.0000,0.0000,-3.0952,-0.2205,13.1874,0.1222,0.0979,-0.0066
1774945818.5114,0.0000,0.0000,0.0000,0.0000,0.0000,-3.0956,-0.2242,0.0000,0.0285,0.1171,-0.0471
1774945818.5317,0.0000,0.0000,0.0000,0.0000,0.0000,-3.0946,-0.2291,36.0099,0.1031,0.0883,-0.0205
1774945818.5520,0.0000,0.0000,0.0000,0.0000,0.0000,-3.0923,-0.2327,5.0734,0.0775,-0.0299,-0.0375
1774945818.5721,0.0000,0.0000,0.0000,0.0000,0.0000,-3.0909,-0.2349,-23.1255,0.0562,-0.0906,-0.0386
1774945818.5917,0.0000,0.0000,0.0000,0.0000,0.0000,-3.0911,-0.2333,0.0000,0.0743,-0.1215,-0.0162
1774945818.6117,0.0000,0.0000,0.0000,0.0000,0.0000,-3.0891,-0.2330,0.0000,0.0732,-0.0885,-0.0439
1774945818.6315,0.0000,0.0000,0.0000,0.0000,0.0000,-3.0832,-0.2327,-48.3346,0.0594,-0.0118,-0.0599
1774945818.6516,0.0000,0.0000,0.0000,0.0000,0.0000,-3.0814,-0.2350,-22.9827,-0.0227,0.0692,-0.0950
1774945818.6720,0.0000,0.0000,0.0000,0.0000,0.0000,-3.0823,-0.2376,-14.1286,-0.0280,0.0479,-0.0364
1774945818.6917,0.0000,0.0000,0.0000,0.0000,0.0000,-3.0810,-0.2371,-5.8306,0.0338,-0.1343,0.0168
1774945818.7115,0.0000,0.0000,0.0000,0.0000,0.0000,-3.0829,-0.2347,37.4496,-0.0216,-0.2195,0.0807
1774945818.7313,0.0000,0.0000,0.0000,0.0000,0.0000,-3.0880,-0.2301,3.5717,-0.1878,-0.2110,0.1329
1774945818.7513,0.0000,0.0000,0.0000,0.0000,0.0000,-3.0927,-0.2293,16.1693,-0.2293,-0.0779,0.1287
1774945818.7721,0.0000,0.0000,0.0000,0.0000,0.0000,-3.0921,-0.2265,15.9851,-0.1537,-0.0182,0.1095
1774945818.7919,0.0000,0.0000,0.0000,0.0000,0.0000,-3.0930,-0.2217,9.1261,-0.1345,-0.1151,0.1191
1774945818.8113,0.0000,0.0000,0.0000,0.0000,0.0000,-3.0943,-0.2183,49.0904,-0.1473,-0.1183,0.0946
1774945818.8314,0.0000,0.0000,0.0000,0.0000,0.0000,-3.0945,-0.2117,52.2414,-0.1175,-0.1407,0.0893
1774945818.8514,0.0000,0.0000,0.0000,0.0000,0.0000,-3.0958,-0.2058,24.9686,-0.0993,-0.1151,0.0829
1774945818.8721,0.0000,0.0000,0.0000,0.0000,0.0000,-3.0971,-0.1996,-9.2637,-0.1334,0.0106,0.0562
1774945818.8917,0.0000,0.0000,0.0000,0.0000,0.0000,-3.0995,-0.1978,-13.4983,-0.1611,0.0734,0.0424
1774945818.9115,0.0000,0.0000,0.0000,0.0000,0.0000,-3.1015,-0.1965,7.6700,-0.1792,0.1054,0.0413
1774945818.9326,0.0000,0.0000,0.0000,0.0000,0.0000,-3.1039,-0.2009,29.7232,-0.0695,0.1736,0.0882
1774945818.9516,0.0000,0.0000,0.0000,0.0000,0.0000,-3.1033,-0.2069,-46.6956,0.0487,0.2790,0.1265
1774945818.9720,0.0000,0.0000,0.0000,0.0000,0.0000,-3.1049,-0.2188,64.0105,-0.0067,0.3195,0.1585
1774945818.9921,0.0000,0.0000,0.0000,0.0000,0.0000,-3.1066,-0.2236,-94.7911,0.0466,0.2545,0.1489
1774945819.0114,0.0000,0.0000,0.0000,0.0000,0.0000,-3.1086,-0.2292,11.5120,0.0285,0.1853,0.1500
1774945819.0314,0.0000,0.0000,0.0000,0.0000,0.0000,-3.1101,-0.2313,49.4475,0.0540,0.1011,0.1873
1774945819.0515,0.0000,0.0000,0.0000,0.0000,0.0000,-3.1068,-0.2354,-6.2547,0.1276,0.1011,0.1958
1774945819.0717,0.0000,0.0000,0.0000,0.0000,0.0000,-3.1040,-0.2346,-26.9864,0.1201,0.0681,0.1851
1774945819.0913,0.0000,0.0000,0.0000,0.0000,0.0000,-3.1012,-0.2341,82.0785,0.1531,0.0170,0.1809
1774945819.1115,0.0000,0.0000,0.0000,0.0000,0.0000,-3.0967,-0.2318,85.0678,0.1989,-0.1066,0.1574
1774945819.1320,0.0000,0.0000,0.0000,0.0000,0.0000,-3.0909,-0.2279,19.2559,0.1446,-0.1247,0.1255
1774945819.1521,0.0000,0.0000,0.0000,0.0000,0.0000,-3.0851,-0.2227,-0.2979,0.1435,-0.1801,0.1276
1774945819.1721,0.0000,0.0000,0.0000,0.0000,0.0000,-3.0791,-0.2166,-17.2521,0.1393,-0.1972,0.1308
1774945819.1920,0.0000,0.0000,0.0000,0.0000,0.0000,-3.0730,-0.2139,-9.5795,0.1084,-0.1471,0.1457
1774945819.2125,0.0000,0.0000,0.0000,0.0000,0.0000,-3.0694,-0.2137,79.4867,0.0764,-0.0576,0.1479
1774945819.2314,0.0000,0.0000,0.0000,0.0000,0.0000,-3.0665,-0.2117,54.7384,0.0210,-0.0480,0.1585
1774945819.2520,0.0000,0.0000,0.0000,0.0000,0.0000,-3.0635,-0.2060,-16.7450,-0.0173,-0.0352,0.1724
1774945819.2714,0.0000,0.0000,0.0000,0.0000,0.0000,-3.0606,-0.2044,0.4567,-0.0322,-0.0267,0.1638
1774945819.2914,0.0000,0.0000,0.0000,0.0000,0.0000,-3.0567,-0.2043,-25.2952,0.0008,0.0212,0.1489
1774945819.3114,0.0000,0.0000,0.0000,0.0000,0.0000,-3.0536,-0.2089,-56.7488,0.0732,0.1373,0.1447
1774945819.3316,0.0000,0.0000,0.0000,0.0000,0.0000,-3.0508,-0.2127,2.9301,0.0519,0.1182,0.1425
1774945819.3514,0.0000,0.0000,0.0000,0.0000,0.0000,-3.0505,-0.2145,-49.2250,0.0061,0.0841,0.1116
1774945819.3713,0.0000,0.0000,0.0000,0.0000,0.0000,-3.0514,-0.2157,-89.1734,-0.0461,0.0148,0.0999
1774945819.3916,0.0000,0.0000,0.0000,0.0000,0.0000,-3.0551,-0.2183,-16.3811,-0.1697,-0.0012,0.0850
1774945819.4115,0.0000,0.0000,0.0000,0.0000,0.0000,-3.0566,-0.2220,-24.0907,-0.1931,0.0617,0.0403
1774945819.4322,0.0000,0.0000,0.0000,0.0000,0.0000,-3.0554,-0.2256,-22.3566,0.0189,0.0542,-0.1376
1774945819.4516,0.0000,0.0000,0.0000,0.0000,0.0000,-3.0539,-0.2282,-19.3821,0.0210,0.0372,-0.2122
1774945819.4721,0.0000,0.0000,0.0000,0.0000,0.0000,-3.0567,-0.2288,-9.5091,-0.0791,-0.1141,-0.2261
1774945819.4917,0.0000,0.0000,0.0000,0.0000,0.0000,-3.0603,-0.2286,-1.2698,-0.0866,-0.1759,-0.1909
1774945819.5121,0.0000,0.0000,0.0000,0.0000,0.0000,-3.0666,-0.2273,-11.7172,-0.1260,-0.1503,-0.1099
1774945819.5316,0.0000,0.0000,0.0000,0.0000,0.0000,-3.0763,-0.2235,-9.9643,-0.2155,-0.1418,-0.0173
1774945819.5520,0.0000,0.0000,0.0000,0.0000,0.0000,-3.0798,-0.2215,21.2925,-0.1558,-0.1066,0.0168
1774945819.5721,0.0000,0.0000,0.0000,0.0000,0.0000,-3.0837,-0.2181,20.9041,-0.1356,-0.1034,0.0371
1774945819.5920,0.0000,0.0000,0.0000,0.0000,0.0000,-3.0861,-0.2155,23.3485,-0.1324,-0.1396,0.0158
1774945819.6115,0.0000,0.0000,0.0000,0.0000,0.0000,-3.0880,-0.2128,-10.0862,-0.1878,-0.1375,-0.0226
1774945819.6313,0.0000,0.0000,0.0000,0.0000,0.0000,-3.0918,-0.2132,21.1271,-0.2314,-0.0949,-0.0652
1774945819.6515,0.0000,0.0000,0.0000,0.0000,0.0000,-3.0940,-0.2119,7.9177,-0.2005,-0.1098,-0.0918
1774945819.6712,0.0000,0.0000,0.0000,0.0000,0.0000,-3.0956,-0.2124,-21.5195,-0.1452,-0.1087,-0.1025
1774945819.6915,0.0000,0.0000,0.0000,0.0000,0.0000,-3.0991,-0.2156,-17.0496,-0.1164,0.0383,-0.0929
1774945819.7114,0.0000,0.0000,0.0000,0.0000,0.0000,-3.1027,-0.2168,15.3989,-0.1452,0.0724,-0.0769
1774945819.7312,0.0000,0.0000,0.0000,0.0000,0.0000,-3.1089,-0.2195,0.2351,-0.1697,0.0308,-0.0588
1774945819.7515,0.0000,0.0000,0.0000,0.0000,0.0000,-3.1139,-0.2200,-32.6977,-0.1537,0.0393,-0.0588
1774945819.7713,0.0000,0.0000,0.0000,0.0000,0.0000,-3.1175,-0.2197,30.2969,-0.1270,0.0489,-0.0514
1774945819.7914,0.0000,0.0000,0.0000,0.0000,0.0000,-3.1221,-0.2195,-43.0057,-0.0759,0.0340,-0.0503
1774945819.8114,0.0000,0.0000,0.0000,0.0000,0.0000,-3.1263,-0.2206,-23.6793,-0.0546,0.0606,-0.0482
1774945819.8315,0.0000,0.0000,0.0000,0.0000,0.0000,-3.1307,-0.2198,20.9050,-0.0152,0.0404,-0.0439
1774945819.8518,0.0000,0.0000,0.0000,0.0000,0.0000,-3.1361,-0.2217,6.0562,-0.0056,0.0564,-0.0300
1774945819.8715,0.0000,0.0000,0.0000,0.0000,0.0000,-3.1389,-0.2221,-15.3635,-0.0035,0.0447,-0.0194
1774945819.8915,0.0000,0.0000,0.0000,0.0000,0.0000,-3.1398,-0.2221,7.2678,0.0210,0.0233,-0.0279
1774945819.9117,0.0000,0.0000,0.0000,0.0000,0.0000,-3.1414,-0.2199,-22.6068,0.0082,-0.0246,-0.0258
1774945819.9316,0.0000,0.0000,0.0000,0.0000,0.0000,-3.1397,-0.2156,-10.9452,0.0082,-0.0715,-0.0514
1774945819.9515,0.0000,0.0000,0.0000,0.0000,0.0000,-3.1384,-0.2103,-19.8433,0.0253,-0.0810,-0.0812
1774945819.9714,0.0000,0.0000,0.0000,0.0000,0.0000,-3.1365,-0.2080,-87.9129,0.0210,-0.0395,-0.0748
1774945819.9915,0.0000,0.0000,0.0000,0.0000,0.0000,-3.1352,-0.2123,-52.1236,0.0711,0.1427,-0.0418
1774945820.0114,0.0000,0.0000,0.0000,0.0000,0.0000,-3.1358,-0.2164,-4.1405,0.0434,0.1267,0.0094
1774945820.0312,0.0000,0.0000,0.0000,0.0000,0.0000,-3.1359,-0.2200,-19.6388,0.0572,0.0308,0.0136
1774945820.0514,0.0000,0.0000,0.0000,0.0000,0.0000,-3.1358,-0.2204,20.5374,0.0658,-0.0832,-0.0162
1774945820.0718,0.0000,0.0000,0.0000,0.0000,0.0000,-3.1335,-0.2222,-32.2240,0.0477,-0.0768,-0.0173
1774945820.0935,0.0000,0.0000,0.0000,0.0000,0.0000,-3.1317,-0.2198,-31.8446,0.0999,-0.0203,-0.0279
1774945820.1115,0.0000,0.0000,0.0000,0.0000,0.0000,-3.1315,-0.2197,8.8845,0.0988,0.0596,-0.0279
1774945820.1315,0.0000,0.0000,0.0000,0.0000,0.0000,-3.1333,-0.2227,-11.7579,0.0743,0.1405,-0.0226
1774945820.1516,0.0000,0.0000,0.0000,0.0000,0.0000,-3.1339,-0.2258,22.8333,0.0455,0.1522,-0.0151
1774945820.1722,0.0000,0.0000,0.0000,0.0000,0.0000,-3.1318,-0.2268,-19.9961,0.0658,0.0745,0.0136
1774945820.1914,0.0000,0.0000,0.0000,0.0000,0.0000,-3.1292,-0.2272,15.5816,0.1073,0.0074,0.0253
1774945820.2116,0.0000,0.0000,0.0000,0.0000,0.0000,-3.1276,-0.2285,-34.0035,0.1212,-0.0214,0.0221
1774945820.2314,0.0000,0.0000,0.0000,0.0000,0.0000,-3.1268,-0.2280,1.5020,0.0945,-0.0374,0.0253
1774945820.2515,0.0000,0.0000,0.0000,0.0000,0.0000,-3.1231,-0.2290,-0.4538,0.0977,-0.0310,0.0083
1774945820.2714,0.0000,0.0000,0.0000,0.0000,0.0000,-3.1183,-0.2266,-4.7540,0.0988,-0.0470,-0.0247
1774945820.2914,0.0000,0.0000,0.0000,0.0000,0.0000,-3.1149,-0.2224,38.9754,0.0647,-0.0885,-0.0748
1774945820.3123,0.0000,0.0000,0.0000,0.0000,0.0000,-3.1111,-0.2186,14.6387,0.0178,-0.1226,-0.1270
1774945820.3327,0.0000,0.0000,0.0000,0.0000,0.0000,-3.1087,-0.2153,10.9293,-0.0269,-0.0928,-0.1227
1774945820.3514,0.0000,0.0000,0.0000,0.0000,0.0000,-3.1079,-0.2135,-1.1226,-0.0365,-0.0363,-0.1131
1774945820.3714,0.0000,0.0000,0.0000,0.0000,0.0000,-3.1080,-0.2098,-1.4385,-0.0610,-0.0193,-0.1099
1774945820.3914,0.0000,0.0000,0.0000,0.0000,0.0000,-3.1089,-0.2059,47.2493,-0.0898,-0.0736,-0.0822
1774945820.4117,0.0000,0.0000,0.0000,0.0000,0.0000,-3.1089,-0.2024,-21.6873,-0.1068,-0.0523,-0.0780
1774945820.4313,0.0000,0.0000,0.0000,0.0000,0.0000,-3.1082,-0.2014,75.4006,-0.1004,-0.0342,-0.0737
1774945820.4523,0.0000,0.0000,0.0000,0.0000,0.0000,-3.1099,-0.1990,30.4479,-0.1260,0.0297,-0.0748
1774945820.4723,0.0000,0.0000,0.0000,0.0000,0.0000,-3.1123,-0.1993,-54.0345,-0.1377,0.0862,-0.0716
1774945820.4917,0.0000,0.0000,0.0000,0.0000,0.0000,-3.1156,-0.2007,6.8239,-0.1910,0.1448,-0.0876
1774945820.5128,0.0000,0.0000,0.0000,0.0000,0.0000,-3.1203,-0.2005,-8.7151,-0.1622,0.1597,-0.0716
1774945820.5314,0.0000,0.0000,0.0000,0.0000,0.0000,-3.1225,-0.2021,31.0614,-0.1153,0.1086,-0.0599
1774945820.5514,0.0000,0.0000,0.0000,0.0000,0.0000,-3.1257,-0.2015,-7.8399,-0.0791,0.0521,-0.0599
1774945820.5714,0.0000,0.0000,0.0000,0.0000,0.0000,-3.1304,-0.2032,3.5249,-0.0834,0.0585,-0.0705
1774945820.5918,0.0000,0.0000,0.0000,0.0000,0.0000,-3.1366,-0.2062,43.4193,-0.1633,0.1118,-0.0418
1774945820.6113,0.0000,0.0000,0.0000,0.0000,0.0000,-3.1413,-0.2126,6.7225,-0.0972,0.2002,-0.0055
1774945820.6316,0.0000,0.0000,0.0000,0.0000,0.0000,3.1376,-0.2132,70.0802,-0.0503,0.1192,0.1084
1774945820.6514,0.0000,0.0000,0.0000,0.0000,0.0000,3.1359,-0.2086,26.3117,-0.0056,-0.1375,0.2139
1774945820.6714,0.0000,0.0000,0.0000,0.0000,0.0000,3.1349,-0.2024,-51.0019,0.0253,-0.1801,0.2448
1774945820.6914,0.0000,0.0000,0.0000,0.0000,0.0000,3.1354,-0.2016,67.8394,-0.0546,-0.0257,0.1532
1774945820.7114,0.0000,0.0000,0.0000,0.0000,0.0000,3.1395,-0.2055,39.1685,0.0764,0.1491,0.0221
1774945820.7314,0.0000,0.0000,0.0000,0.0000,0.0000,3.1415,-0.2111,-21.3851,0.1307,0.1544,-0.0556
1774945820.7523,0.0000,0.0000,0.0000,0.0000,0.0000,-3.1410,-0.2169,6.6229,0.1339,0.1107,-0.0780
1774945820.7716,0.0000,0.0000,0.0000,0.0000,0.0000,-3.1414,-0.2203,39.5838,0.1393,-0.0012,-0.0684
1774945820.7915,0.0000,0.0000,0.0000,0.0000,0.0000,3.1414,-0.2218,-13.9215,0.1361,-0.0619,-0.0311
1774945820.8116,0.0000,0.0000,0.0000,0.0000,0.0000,3.1413,-0.2236,-20.7928,0.1158,-0.0608,-0.0002
1774945820.8314,0.0000,0.0000,0.0000,0.0000,0.0000,-3.1404,-0.2257,-26.8030,0.1116,-0.0725,0.0392
1774945820.8514,0.0000,0.0000,0.0000,0.0000,0.0000,-3.1365,-0.2238,0.0000,0.1052,-0.1215,0.0669
1774945820.8714,0.0000,0.0000,0.0000,0.0000,0.0000,-3.1300,-0.2200,0.0000,0.1350,-0.1705,0.0637
1774945820.8916,0.0000,0.0000,0.0000,0.0000,0.0000,-3.1236,-0.2153,0.0000,0.1371,-0.1940,0.0488
1774945820.9115,0.0000,0.0000,0.0000,0.0000,0.0000,-3.1196,-0.2156,0.0000,0.1254,-0.1609,0.0253
1774945820.9318,0.0000,0.0000,0.0000,0.0000,0.0000,-3.1181,-0.2139,0.0000,0.1031,-0.1183,-0.0034
1774945820.9520,0.0000,0.0000,0.0000,0.0000,0.0000,-3.1139,-0.2112,0.0000,0.0722,-0.1247,-0.0375
1774945820.9720,0.0000,0.0000,0.0000,0.0000,0.0000,-3.1088,-0.2082,0.0000,0.0626,-0.1631,-0.0556
1774945820.9917,0.0000,0.0000,0.0000,0.0000,0.0000,-3.1049,-0.2043,0.0000,0.0349,-0.1183,-0.0673
1774945821.0119,0.0000,0.0000,0.0000,0.0000,0.0000,-3.1017,-0.2029,0.0000,0.0114,-0.1013,-0.0620
1774945821.0314,0.0000,0.0000,0.0000,0.0000,0.0000,-3.0992,-0.2037,0.0000,-0.0173,-0.0789,-0.0514
1774945821.0516,0.0000,0.0000,0.0000,0.0000,0.0000,-3.1021,-0.2051,0.0000,-0.0642,-0.1077,-0.0279
1774945821.0716,0.0000,0.0000,0.0000,0.0000,0.0000,-3.1032,-0.1995,0.0000,-0.0962,-0.0917,-0.0407
1774945821.0915,0.0000,0.0000,0.0000,0.0000,0.0000,-3.1043,-0.1914,0.0000,-0.0738,-0.1908,-0.0524
1774945821.1118,0.0000,0.0000,0.0000,0.0000,0.0000,-3.1064,-0.1941,0.0000,-0.0983,0.0063,-0.0727
1774945821.1316,0.0000,0.0000,0.0000,0.0000,0.0000,-3.1084,-0.1975,0.0000,-0.0951,0.1640,-0.0695
1774945821.1514,0.0000,0.0000,0.0000,0.0000,0.0000,-3.1118,-0.1975,0.0000,-0.1143,0.2076,-0.0695
1774945821.1713,0.0000,0.0000,0.0000,0.0000,0.0000,-3.1164,-0.2010,-48.6989,-0.1579,0.0777,-0.0524
1774945821.1914,0.0000,0.0000,0.0000,0.0000,0.0000,-3.1182,-0.2060,17.3854,-0.1537,0.0670,-0.0503
1774945821.2115,0.0000,0.0000,0.0000,0.0000,0.0000,-3.1228,-0.2070,7.4392,-0.1324,0.0106,-0.0290
1774945821.2320,0.0000,0.0000,0.0000,0.0000,0.0000,-3.1255,-0.2109,-77.2809,-0.1068,-0.0033,-0.0300
1774945821.2516,0.0000,0.0000,0.0000,0.0000,0.0000,-3.1274,-0.2144,-4.3462,-0.0610,0.0191,-0.0226
1774945821.2717,0.0000,0.0000,0.0000,0.0000,0.0000,-3.1276,-0.2173,33.3789,-0.0493,-0.0054,-0.0215
1774945821.2917,0.0000,0.0000,0.0000,0.0000,0.0000,-3.1306,-0.2189,13.2673,-0.0514,-0.0544,-0.0087
1774945821.3115,0.0000,0.0000,0.0000,0.0000,0.0000,-3.1341,-0.2202,0.0000,-0.0184,-0.0523,0.0062
1774945821.3315,0.0000,0.0000,0.0000,0.0000,0.0000,-3.1363,-0.2202,-36.6409,0.0434,-0.0672,0.0040
1774945821.3518,0.0000,0.0000,0.0000,0.0000,0.0000,-3.1386,-0.2198,-61.4250,0.0785,-0.0960,0.0104
1774945821.3718,0.0000,0.0000,0.0000,0.0000,0.0000,-3.1407,-0.2191,-16.4224,0.0849,-0.0928,0.0062
1774945821.3914,0.0000,0.0000,0.0000,0.0000,0.0000,-3.1413,-0.2179,37.7035,0.0423,-0.1098,-0.0183
1774945821.4118,0.0000,0.0000,0.0000,0.0000,0.0000,-3.1388,-0.2168,51.9496,0.0029,-0.1183,-0.0439
1774945821.4316,0.0000,0.0000,0.0000,0.0000,0.0000,-3.1349,-0.2160,-15.6097,0.0178,-0.1034,-0.0599
1774945821.4516,0.0000,0.0000,0.0000,0.0000,0.0000,-3.1308,-0.2136,-20.4556,0.0168,-0.1045,-0.0588
1774945821.4715,0.0000,0.0000,0.0000,0.0000,0.0000,-3.1268,-0.2104,-12.5161,0.0189,-0.1109,-0.0471
1774945821.4915,0.0000,0.0000,0.0000,0.0000,0.0000,-3.1265,-0.2059,-9.4091,-0.0035,-0.1279,-0.0215
1774945821.5114,0.0000,0.0000,0.0000,0.0000,0.0000,-3.1273,-0.2006,-4.7425,-0.0290,-0.0992,-0.0087
1774945821.5318,0.0000,0.0000,0.0000,0.0000,0.0000,-3.1285,-0.1975,39.0439,-0.0280,-0.1013,0.0072
1774945821.5514,0.0000,0.0000,0.0000,0.0000,0.0000,-3.1287,-0.1974,20.2877,-0.0376,-0.0810,0.0083
1774945821.5715,0.0000,0.0000,0.0000,0.0000,0.0000,-3.1272,-0.1980,-18.8954,-0.0109,-0.0203,-0.0162
1774945821.5926,0.0000,0.0000,0.0000,0.0000,0.0000,-3.1276,-0.1989,-14.8520,-0.0365,0.0074,-0.0386
1774945821.6115,0.0000,0.0000,0.0000,0.0000,0.0000,-3.1290,-0.1981,-33.6788,-0.0269,0.0127,-0.0492
1774945821.6317,0.0000,0.0000,0.0000,0.0000,0.0000,-3.1310,-0.1981,-15.0244,-0.0248,0.0500,-0.0535
1774945821.6518,0.0000,0.0000,0.0000,0.0000,0.0000,-3.1321,-0.1958,41.6641,-0.0152,0.0553,-0.0514
1774945821.6718,0.0000,0.0000,0.0000,0.0000,0.0000,-3.1329,-0.1953,11.4426,-0.0109,0.0937,-0.0450
1774945821.6916,0.0000,0.0000,0.0000,0.0000,0.0000,-3.1334,-0.1975,-26.7705,-0.0056,0.1853,-0.0418
1774945821.7114,0.0000,0.0000,0.0000,0.0000,0.0000,-3.1349,-0.2013,-19.2231,-0.0045,0.2652,-0.0375
1774945821.7314,0.0000,0.0000,0.0000,0.0000,0.0000,-3.1376,-0.2036,9.2329,-0.0237,0.2428,-0.0300
1774945821.7515,0.0000,0.0000,0.0000,0.0000,0.0000,-3.1392,-0.2053,3.4200,-0.0088,0.1778,-0.0173
1774945821.7714,0.0000,0.0000,0.0000,0.0000,0.0000,-3.1401,-0.2055,15.1953,-0.0077,0.1245,-0.0258
1774945821.7915,0.0000,0.0000,0.0000,0.0000,0.0000,-3.1390,-0.2053,15.8201,-0.0163,0.0670,-0.0396
1774945821.8114,0.0000,0.0000,0.0000,0.0000,0.0000,-3.1380,-0.2075,-3.2633,-0.0141,0.0351,-0.0492
1774945821.8318,0.0000,0.0000,0.0000,0.0000,0.0000,-3.1382,-0.2101,0.0552,-0.0290,0.0223,-0.0545
1774945821.8515,0.0000,0.0000,0.0000,0.0000,0.0000,-3.1372,-0.2111,6.9779,-0.0216,-0.0097,-0.0577
1774945821.8717,0.0000,0.0000,0.0000,0.0000,0.0000,-3.1396,-0.2107,26.1656,-0.0173,-0.0267,-0.0396
1774945821.8913,0.0000,0.0000,0.0000,0.0000,0.0000,-3.1412,-0.2093,29.1736,0.0029,-0.0597,-0.0162
1774945821.9115,0.0000,0.0000,0.0000,0.0000,0.0000,3.1403,-0.2090,-8.3243,0.0381,-0.0693,0.0083
1774945821.9316,0.0000,0.0000,0.0000,0.0000,0.0000,3.1383,-0.2075,6.1380,0.0562,-0.0768,0.0221
1774945821.9520,0.0000,0.0000,0.0000,0.0000,0.0000,3.1356,-0.2050,11.5000,0.0615,-0.0906,0.0221
1774945821.9718,0.0000,0.0000,0.0000,0.0000,0.0000,3.1344,-0.2015,-2.0391,0.0743,-0.0949,0.0190
1774945821.9916,0.0000,0.0000,0.0000,0.0000,0.0000,3.1337,-0.2026,-25.6202,0.1169,-0.0491,0.0232
1774945822.0114,0.0000,0.0000,0.0000,0.0000,0.0000,3.1341,-0.1988,-3.6033,0.1350,-0.0597,0.0158
1774945822.0313,0.0000,0.0000,0.0000,0.0000,0.0000,3.1353,-0.1968,-0.2917,0.1787,-0.0651,0.0072
1774945822.0514,0.0000,0.0000,0.0000,0.0000,0.0000,3.1380,-0.1915,-26.7257,0.1489,-0.0800,-0.0045
1774945822.0714,0.0000,0.0000,0.0000,0.0000,0.0000,-3.1406,-0.1886,-20.1338,0.1339,-0.0161,-0.0332
1774945822.0914,0.0000,0.0000,0.0000,0.0000,0.0000,-3.1360,-0.1853,0.2773,0.1116,0.0063,-0.0471
1774945822.1114,0.0000,0.0000,0.0000,0.0000,0.0000,-3.1325,-0.1835,9.0371,0.1062,0.0436,-0.0258
1774945822.1314,0.0000,0.0000,0.0000,0.0000,0.0000,-3.1296,-0.1817,3.9602,0.1361,0.0809,0.0008
1774945822.1514,0.0000,0.0000,0.0000,0.0000,0.0000,-3.1276,-0.1882,6.3104,0.1169,0.1576,0.0456
1774945822.1717,0.0000,0.0000,0.0000,0.0000,0.0000,-3.1245,-0.1930,-49.7450,0.1020,0.1959,0.0616
1774945822.1914,0.0000,0.0000,0.0000,0.0000,0.0000,-3.1221,-0.1955,6.1271,0.0594,0.1704,0.0381
1774945822.2114,0.0000,0.0000,0.0000,0.0000,0.0000,-3.1180,-0.1975,33.2816,0.0615,0.1224,-0.0087
1774945822.2317,0.0000,0.0000,0.0000,0.0000,0.0000,-3.1135,-0.1993,31.2926,0.0754,0.0670,-0.0290
1774945822.2515,0.0000,0.0000,0.0000,0.0000,0.0000,-3.1107,-0.2014,30.1404,0.0359,0.0670,-0.0396
1774945822.2714,0.0000,0.0000,0.0000,0.0000,0.0000,-3.1097,-0.2022,26.5803,0.0178,0.0170,-0.0428
1774945822.2915,0.0000,0.0000,0.0000,0.0000,0.0000,-3.1097,-0.2041,-24.4556,0.0029,-0.0075,-0.0183
1774945822.3114,0.0000,0.0000,0.0000,0.0000,0.0000,-3.1099,-0.2061,-28.8277,0.0455,0.0127,0.0104
1774945822.3316,0.0000,0.0000,0.0000,0.0000,0.0000,-3.1100,-0.2074,10.2883,0.0892,0.0148,0.0211
1774945822.3514,0.0000,0.0000,0.0000,0.0000,0.0000,-3.1099,-0.2095,-5.0507,0.0402,0.0191,0.0158
1774945822.3714,0.0000,0.0000,0.0000,0.0000,0.0000,-3.1081,-0.2135,4.7953,0.0072,0.0489,-0.0258
1774945822.3914,0.0000,0.0000,0.0000,0.0000,0.0000,-3.1048,-0.2146,44.7167,-0.0195,0.0170,-0.0673
1774945822.4113,0.0000,0.0000,0.0000,0.0000,0.0000,-3.1028,-0.2140,-9.5562,-0.0429,-0.0629,-0.0950
1774945822.4314,0.0000,0.0000,0.0000,0.0000,0.0000,-3.1012,-0.2145,-20.6628,-0.0354,-0.0928,-0.1078
1774945822.4515,0.0000,0.0000,0.0000,0.0000,0.0000,-3.1007,-0.2117,0.2183,-0.0493,-0.1375,-0.0950
1774945822.4715,0.0000,0.0000,0.0000,0.0000,0.0000,-3.1023,-0.2083,-2.6635,-0.0812,-0.1620,-0.0897
1774945822.4919,0.0000,0.0000,0.0000,0.0000,0.0000,-3.1042,-0.2068,-5.4483,-0.1089,-0.1269,-0.0833
1774945822.5180,0.0000,0.0000,0.0000,0.0000,0.0000,-3.1060,-0.2019,48.3860,-0.1196,-0.1045,-0.0727
1774945822.5315,0.0000,0.0000,0.0000,0.0000,0.0000,-3.1084,-0.1990,-2.5312,-0.1345,-0.0779,-0.0684
1774945822.5521,0.0000,0.0000,0.0000,0.0000,0.0000,-3.1108,-0.1969,-6.8906,-0.1473,-0.0267,-0.0716
1774945822.5714,0.0000,0.0000,0.0000,0.0000,0.0000,-3.1148,-0.1971,-0.4028,-0.1409,0.0297,-0.0780
1774945822.5913,0.0000,0.0000,0.0000,0.0000,0.0000,-3.1191,-0.1961,-22.8654,-0.1345,0.0692,-0.0812
1774945822.6122,0.0000,0.0000,0.0000,0.0000,0.0000,-3.1249,-0.1975,-28.4947,-0.1228,0.1256,-0.0748
1774945822.6314,0.0000,0.0000,0.0000,0.0000,0.0000,-3.1311,-0.2017,-38.6349,-0.1057,0.1714,-0.0599
1774945822.6514,0.0000,0.0000,0.0000,0.0000,0.0000,-3.1360,-0.2082,-19.5357,-0.0866,0.2012,-0.0269
1774945822.6722,0.0000,0.0000,0.0000,0.0000,0.0000,-3.1388,-0.2107,30.7663,-0.0578,0.1661,-0.0162
1774945822.6916,0.0000,0.0000,0.0000,0.0000,0.0000,3.1412,-0.2108,26.0113,-0.0312,0.0745,-0.0205
1774945822.7114,0.0000,0.0000,0.0000,0.0000,0.0000,3.1394,-0.2094,-7.1484,-0.0067,0.0436,-0.0322
1774945822.7316,0.0000,0.0000,0.0000,0.0000,0.0000,3.1380,-0.2093,-15.7201,0.0519,0.0510,-0.0375
1774945822.7515,0.0000,0.0000,0.0000,0.0000,0.0000,3.1359,-0.2097,6.2142,0.0988,0.0500,-0.0183
1774945822.7719,0.0000,0.0000,0.0000,0.0000,0.0000,3.1356,-0.2125,3.0262,0.1755,0.0766,0.0562
1774945822.7914,0.0000,0.0000,0.0000,0.0000,0.0000,3.1359,-0.2115,-58.9821,0.1393,0.0084,0.1990
1774945822.8116,0.0000,0.0000,0.0000,0.0000,0.0000,3.1356,-0.2107,-92.2283,0.0498,0.0489,0.2757
1774945822.8314,0.0000,0.0000,0.0000,0.0000,0.0000,3.1397,-0.2119,40.8173,0.0817,0.0947,0.2522
1774945822.8514,0.0000,0.0000,0.0000,0.0000,0.0000,-3.1386,-0.2107,7.3465,0.0796,0.0809,0.2075
1774945822.8723,0.0000,0.0000,0.0000,0.0000,0.0000,-3.1332,-0.2099,-0.1693,0.0903,0.0638,0.1702
1774945822.8920,0.0000,0.0000,0.0000,0.0000,0.0000,-3.1275,-0.2093,-2.9753,0.1126,0.0510,0.1521
1774945822.9114,0.0000,0.0000,0.0000,0.0000,0.0000,-3.1238,-0.2109,-22.1032,0.1169,0.0617,0.1425
1774945822.9321,0.0000,0.0000,0.0000,0.0000,0.0000,-3.1214,-0.2139,17.5787,0.0764,0.0841,0.1393
1774945822.9550,0.0000,0.0000,0.0000,0.0000,0.0000,-3.1185,-0.2147,3.4666,0.0551,0.0713,0.1265
1774945822.9718,0.0000,0.0000,0.0000,0.0000,0.0000,-3.1119,-0.2181,-32.1200,0.0775,0.0841,0.0722
1774945822.9918,0.0000,0.0000,0.0000,0.0000,0.0000,-3.1074,-0.2204,-8.3141,0.0498,0.0244,-0.0013
1774945823.0114,0.0000,0.0000,0.0000,0.0000,0.0000,-3.1046,-0.2223,-27.8323,-0.0205,-0.0171,-0.0961
1774945823.0314,0.0000,0.0000,0.0000,0.0000,0.0000,-3.1008,-0.2229,-31.5718,0.0977,-0.0416,-0.1994
1774945823.0514,0.0000,0.0000,0.0000,0.0000,0.0000,-3.0969,-0.2235,18.3373,0.0828,-0.0597,-0.2175
1774945823.0713,0.0000,0.0000,0.0000,0.0000,0.0000,-3.0984,-0.2241,15.6568,-0.0077,-0.0779,-0.1781
1774945823.0914,0.0000,0.0000,0.0000,0.0000,0.0000,-3.1011,-0.2223,-43.5900,-0.1015,-0.0960,-0.1536
1774945823.1113,0.0000,0.0000,0.0000,0.0000,0.0000,-3.1062,-0.2202,-18.5418,-0.1718,-0.0928,-0.1131
1774945823.1314,0.0000,0.0000,0.0000,0.0000,0.0000,-3.1086,-0.2176,-9.0032,-0.2048,-0.0874,-0.0609
1774945823.1514,0.0000,0.0000,0.0000,0.0000,0.0000,-3.1138,-0.2167,-10.1144,-0.1814,-0.0683,-0.0130
1774945823.1714,0.0000,0.0000,0.0000,0.0000,0.0000,-3.1202,-0.2170,16.7878,-0.1729,-0.0608,0.0104
1774945823.1914,0.0000,0.0000,0.0000,0.0000,0.0000,-3.1262,-0.2154,57.0671,-0.1473,-0.0789,0.0083
1774945823.2114,0.0000,0.0000,0.0000,0.0000,0.0000,-3.1310,-0.2146,14.5215,-0.1334,-0.0768,-0.0215
1774945823.2318,0.0000,0.0000,0.0000,0.0000,0.0000,-3.1360,-0.2154,5.7958,-0.1239,-0.0672,-0.0535
1774945823.2514,0.0000,0.0000,0.0000,0.0000,0.0000,-3.1383,-0.2147,2.7803,-0.0940,-0.0544,-0.0844
1774945823.2714,0.0000,0.0000,0.0000,0.0000,0.0000,3.1413,-0.2161,-13.2520,-0.0631,-0.0171,-0.0759
1774945823.2914,0.0000,0.0000,0.0000,0.0000,0.0000,3.1381,-0.2173,-23.5436,0.0050,-0.0043,-0.0492
1774945823.3117,0.0000,0.0000,0.0000,0.0000,0.0000,3.1352,-0.2186,8.5472,0.0626,-0.0022,-0.0034
1774945823.3315,0.0000,0.0000,0.0000,0.0000,0.0000,3.1332,-0.2195,16.1264,0.0892,-0.0193,0.0339
1774945823.3515,0.0000,0.0000,0.0000,0.0000,0.0000,3.1316,-0.2208,4.0352,0.0935,-0.0533,0.0605
1774945823.3713,0.0000,0.0000,0.0000,0.0000,0.0000,3.1308,-0.2223,6.2337,0.0796,-0.0715,0.0477
1774945823.3915,0.0000,0.0000,0.0000,0.0000,0.0000,3.1334,-0.2237,33.5438,0.0679,-0.0810,0.0094
1774945823.4114,0.0000,0.0000,0.0000,0.0000,0.0000,3.1378,-0.2242,0.0000,0.0775,-0.0736,-0.0226
1774945823.4314,0.0000,0.0000,0.0000,0.0000,0.0000,-3.1394,-0.2217,0.0000,0.1073,-0.0427,-0.0545
1774945823.4514,0.0000,0.0000,0.0000,0.0000,0.0000,-3.1340,-0.2213,0.0000,0.1009,-0.0533,-0.0641
1774945823.4714,0.0000,0.0000,0.0000,0.0000,0.0000,-3.1311,-0.2225,0.0000,0.0817,-0.0715,-0.0641
1774945823.4914,0.0000,0.0000,0.0000,0.0000,0.0000,-3.1274,-0.2206,0.0000,0.0679,-0.0459,-0.0460
1774945823.5114,0.0000,0.0000,0.0000,0.0000,0.0000,-3.1266,-0.2161,0.0000,0.0509,-0.0672,-0.0343
1774945823.5317,0.0000,0.0000,0.0000,0.0000,0.0000,-3.1240,-0.2122,0.0000,0.0349,-0.0810,-0.0226
1774945823.5517,0.0000,0.0000,0.0000,0.0000,0.0000,-3.1215,-0.2075,0.0000,0.0061,-0.0597,-0.0205
1774945823.5716,0.0000,0.0000,0.0000,0.0000,0.0000,-3.1192,-0.2032,0.0000,-0.0077,-0.0576,-0.0194
1774945823.5914,0.0000,0.0000,0.0000,0.0000,0.0000,-3.1200,-0.2006,0.0000,-0.0024,-0.0203,-0.0237
1774945823.6113,0.0000,0.0000,0.0000,0.0000,0.0000,-3.1205,-0.2001,0.0000,-0.0077,0.0255,-0.0247
1774945823.6315,0.0000,0.0000,0.0000,0.0000,0.0000,-3.1218,-0.2013,0.0000,-0.0003,0.0702,-0.0269
1774945823.6514,0.0000,0.0000,0.0000,0.0000,0.0000,-3.1237,-0.2047,0.0000,-0.0248,0.0969,-0.0354
1774945823.6714,0.0000,0.0000,0.0000,0.0000,0.0000,-3.1249,-0.2082,0.0000,-0.0322,0.1448,-0.0332
1774945823.6914,0.0000,0.0000,0.0000,0.0000,0.0000,-3.1267,-0.2079,0.0000,-0.0205,0.1618,-0.0300
1774945823.7113,0.0000,0.0000,0.0000,0.0000,0.0000,-3.1269,-0.2075,0.0000,-0.0173,0.1565,-0.0269
1774945823.7314,0.0000,0.0000,0.0000,0.0000,0.0000,-3.1289,-0.2118,0.0000,-0.0109,0.1320,-0.0109
1774945823.7514,0.0000,0.0000,0.0000,0.0000,0.0000,-3.1312,-0.2176,0.0000,-0.0067,0.1512,0.0094
1774945823.7714,0.0000,0.0000,0.0000,0.0000,0.0000,-3.1295,-0.2164,0.0000,0.0295,0.0724,0.0030
1774945823.7914,0.0000,0.0000,0.0000,0.0000,0.0000,-3.1272,-0.2146,8.9216,0.0445,0.0415,-0.0300
1774945823.8113,0.0000,0.0000,0.0000,0.0000,0.0000,-3.1286,-0.2134,8.0414,0.0253,0.0383,-0.0492
1774945823.8322,0.0000,0.0000,0.0000,0.0000,0.0000,-3.1301,-0.2138,0.0000,-0.0131,0.0787,-0.0684
1774945823.8521,0.0000,0.0000,0.0000,0.0000,0.0000,-3.1316,-0.2129,2.3031,-0.0376,0.0905,-0.0727
1774945823.8712,0.0000,0.0000,0.0000,0.0000,0.0000,-3.1309,-0.2114,8.5333,-0.0503,0.0819,-0.0567
1774945823.8920,0.0000,0.0000,0.0000,0.0000,0.0000,-3.1297,-0.2095,-29.2748,-0.0184,0.0383,-0.0332
1774945823.9115,0.0000,0.0000,0.0000,0.0000,0.0000,-3.1302,-0.2099,-38.2700,-0.0056,0.0233,-0.0151
1774945823.9321,0.0000,0.0000,0.0000,0.0000,0.0000,-3.1307,-0.2110,-27.2029,-0.0280,-0.0012,-0.0034
1774945823.9529,0.0000,0.0000,0.0000,0.0000,0.0000,-3.1295,-0.2113,-21.4688,-0.0237,-0.0427,-0.0055
1774945823.9716,0.0000,0.0000,0.0000,0.0000,0.0000,-3.1282,-0.2087,-24.7084,-0.0248,-0.0810,-0.0258
1774945823.9920,0.0000,0.0000,0.0000,0.0000,0.0000,-3.1278,-0.2053,-1.1079,-0.0258,-0.0800,-0.0386
1774945824.0114,0.0000,0.0000,0.0000,0.0000,0.0000,-3.1284,-0.2042,19.2862,-0.0429,-0.0406,-0.0428
1774945824.0317,0.0000,0.0000,0.0000,0.0000,0.0000,-3.1311,-0.2048,3.3978,-0.0408,-0.0161,-0.0300
1774945824.0515,0.0000,0.0000,0.0000,0.0000,0.0000,-3.1355,-0.2060,17.6058,-0.0472,-0.0043,-0.0130
1774945824.0715,0.0000,0.0000,0.0000,0.0000,0.0000,-3.1368,-0.2061,2.2130,-0.0290,-0.0075,0.0083
1774945824.0917,0.0000,0.0000,0.0000,0.0000,0.0000,-3.1378,-0.2053,8.4079,-0.0131,-0.0278,0.0040
1774945824.1114,0.0000,0.0000,0.0000,0.0000,0.0000,-3.1381,-0.2052,11.3891,-0.0013,-0.0416,0.0094
1774945824.1318,0.0000,0.0000,0.0000,0.0000,0.0000,-3.1378,-0.2054,16.1613,-0.0003,-0.0182,0.0040
1774945824.1517,0.0000,0.0000,0.0000,0.0000,0.0000,-3.1359,-0.2026,16.3674,0.0189,-0.0022,-0.0087
1774945824.1713,0.0000,0.0000,0.0000,0.0000,0.0000,-3.1356,-0.1992,-22.1723,0.0562,-0.0203,-0.0066
1774945824.1914,0.0000,0.0000,0.0000,0.0000,0.0000,-3.1364,-0.1960,-29.0392,0.0817,0.0340,-0.0077
1774945824.2114,0.0000,0.0000,0.0000,0.0000,0.0000,-3.1364,-0.1937,-16.8542,0.0924,0.0649,0.0030
1774945824.2314,0.0000,0.0000,0.0000,0.0000,0.0000,-3.1364,-0.1946,12.8767,0.1435,0.1139,0.0136
1774945824.2514,0.0000,0.0000,0.0000,0.0000,0.0000,-3.1353,-0.1973,5.8746,0.1595,0.1032,0.0168
1774945824.2714,0.0000,0.0000,0.0000,0.0000,0.0000,-3.1336,-0.2025,-13.0778,0.1563,0.1086,0.0040
1774945824.2914,0.0000,0.0000,0.0000,0.0000,0.0000,-3.1296,-0.2065,47.0711,0.1531,0.0628,-0.0173
1774945824.3116,0.0000,0.0000,0.0000,0.0000,0.0000,-3.1243,-0.2103,11.9624,0.1446,0.0287,-0.0237
1774945824.3314,0.0000,0.0000,0.0000,0.0000,0.0000,-3.1206,-0.2125,-4.6080,0.1702,0.0319,-0.0173
1774945824.3525,0.0000,0.0000,0.0000,0.0000,0.0000,-3.1153,-0.2147,38.4478,0.1403,0.0159,-0.0055
1774945824.3713,0.0000,0.0000,0.0000,0.0000,0.0000,-3.1152,-0.2181,-37.3549,0.0626,0.0383,-0.0034
1774945824.3913,0.0000,0.0000,0.0000,0.0000,0.0000,-3.1159,-0.2232,7.0167,-0.0653,0.0947,-0.0364
1774945824.4113,0.0000,0.0000,0.0000,0.0000,0.0000,-3.1147,-0.2254,15.0514,-0.1302,0.0329,-0.0769
1774945824.4313,0.0000,0.0000,0.0000,0.0000,0.0000,-3.1141,-0.2253,-16.3826,-0.1239,-0.0874,-0.0812
1774945824.4515,0.0000,0.0000,0.0000,0.0000,0.0000,-3.1127,-0.2232,20.8788,-0.0770,-0.1972,-0.0695
1774945824.4713,0.0000,0.0000,0.0000,0.0000,0.0000,-3.1119,-0.2196,30.3085,-0.1057,-0.2920,-0.0492
1774945824.4913,0.0000,0.0000,0.0000,0.0000,0.0000,-3.1169,-0.2154,-11.0907,-0.1835,-0.3335,-0.0450
1774945824.5114,0.0000,0.0000,0.0000,0.0000,0.0000,-3.1218,-0.2113,-4.8305,-0.1984,-0.3069,-0.0322
1774945824.5315,0.0000,0.0000,0.0000,0.0000,0.0000,-3.1245,-0.2097,-1.5841,-0.1228,-0.1982,-0.0130
1774945824.5551,0.0000,0.0000,0.0000,0.0000,0.0000,-3.1273,-0.2098,-0.5091,-0.0546,-0.0896,-0.0002
1774945824.5714,0.0000,0.0000,0.0000,0.0000,0.0000,-3.1321,-0.2096,11.5793,-0.0525,-0.0288,0.0094
1774945824.5915,0.0000,0.0000,0.0000,0.0000,0.0000,-3.1373,-0.2095,31.8826,-0.0525,-0.0033,-0.0109
1774945824.6122,0.0000,0.0000,0.0000,0.0000,0.0000,-3.1414,-0.2096,74.2055,-0.0354,0.0042,-0.0269
1774945824.6315,0.0000,0.0000,0.0000,0.0000,0.0000,3.1387,-0.2115,20.4755,0.0189,0.0159,-0.0247
1774945824.6515,0.0000,0.0000,0.0000,0.0000,0.0000,3.1379,-0.2149,-3.7470,0.0551,0.0308,-0.0503
1774945824.6716,0.0000,0.0000,0.0000,0.0000,0.0000,3.1361,-0.2183,1.3842,0.0445,0.0319,-0.0567
1774945824.6914,0.0000,0.0000,0.0000,0.0000,0.0000,3.1375,-0.2215,-10.5159,0.0690,0.0159,-0.0375
1774945824.7114,0.0000,0.0000,0.0000,0.0000,0.0000,3.1380,-0.2255,15.3839,0.0668,0.0361,-0.0045
1774945824.7317,0.0000,0.0000,0.0000,0.0000,0.0000,-3.1411,-0.2284,3.4928,0.0615,-0.0139,0.0211
1774945824.7538,0.0000,0.0000,0.0000,0.0000,0.0000,-3.1390,-0.2306,0.1690,0.0381,-0.0310,0.0168
1774945824.7714,0.0000,0.0000,0.0000,0.0000,0.0000,-3.1368,-0.2321,13.2475,0.0221,-0.0395,0.0062
1774945824.7913,0.0000,0.0000,0.0000,0.0000,0.0000,-3.1329,-0.2290,9.3513,0.0232,-0.0661,-0.0226
1774945824.8114,0.0000,0.0000,0.0000,0.0000,0.0000,-3.1288,-0.2255,34.5213,0.0540,-0.0779,-0.0428
1774945824.8314,0.0000,0.0000,0.0000,0.0000,0.0000,-3.1300,-0.2231,31.7251,0.0295,-0.0906,-0.0364
1774945824.8514,0.0000,0.0000,0.0000,0.0000,0.0000,-3.1300,-0.2203,-9.5032,0.0200,-0.1002,-0.0375
1774945824.8713,0.0000,0.0000,0.0000,0.0000,0.0000,-3.1295,-0.2198,-24.4734,-0.0067,-0.0736,-0.0322
1774945824.8913,0.0000,0.0000,0.0000,0.0000,0.0000,-3.1302,-0.2217,-36.5189,-0.0131,-0.0363,-0.0226
1774945824.9114,0.0000,0.0000,0.0000,0.0000,0.0000,-3.1299,-0.2236,-10.3480,-0.0472,0.0052,-0.0077
1774945824.9314,0.0000,0.0000,0.0000,0.0000,0.0000,-3.1298,-0.2258,-4.9327,-0.0567,-0.0012,-0.0141
1774945824.9515,0.0000,0.0000,0.0000,0.0000,0.0000,-3.1282,-0.2275,-6.1893,-0.0631,-0.0022,-0.0237
1774945824.9713,0.0000,0.0000,0.0000,0.0000,0.0000,-3.1265,-0.2278,4.9531,-0.0525,-0.0182,-0.0343
1774945824.9914,0.0000,0.0000,0.0000,0.0000,0.0000,-3.1250,-0.2264,-10.5803,-0.0546,-0.0491,-0.0407
1774945825.0114,0.0000,0.0000,0.0000,0.0000,0.0000,-3.1258,-0.2251,-52.4426,-0.0472,-0.0480,-0.0460
1774945825.0315,0.0000,0.0000,0.0000,0.0000,0.0000,-3.1281,-0.2267,-26.6062,-0.0472,0.0170,0.0264
1774945825.0515,0.0000,0.0000,0.0000,0.0000,0.0000,-3.1318,-0.2224,-66.6381,-0.0962,-0.1226,0.1361
1774945825.0715,0.0000,0.0000,0.0000,0.0000,0.0000,-3.1358,-0.2160,-37.5343,-0.1452,-0.1450,0.2214
1774945825.0914,0.0000,0.0000,0.0000,0.0000,0.0000,-3.1357,-0.2103,18.5297,-0.0834,-0.0640,0.2086
1774945825.1115,0.0000,0.0000,0.0000,0.0000,0.0000,-3.1332,-0.2074,7.7255,-0.0525,0.0223,0.1681
1774945825.1315,0.0000,0.0000,0.0000,0.0000,0.0000,-3.1319,-0.2054,-10.8022,-0.0514,0.0915,0.1074
1774945825.1516,0.0000,0.0000,0.0000,0.0000,0.0000,-3.1318,-0.2036,-17.1473,-0.0748,0.0958,0.0584
1774945825.1715,0.0000,0.0000,0.0000,0.0000,0.0000,-3.1334,-0.2030,-23.0072,-0.0802,0.0724,0.0328
1774945825.1915,0.0000,0.0000,0.0000,0.0000,0.0000,-3.1348,-0.2052,-53.9471,-0.0567,0.0894,0.0232
1774945825.2114,0.0000,0.0000,0.0000,0.0000,0.0000,-3.1381,-0.2070,-54.2094,-0.0567,0.0851,0.0530
1774945825.2314,0.0000,0.0000,0.0000,0.0000,0.0000,-3.1411,-0.2076,-76.1377,-0.1175,0.1043,0.0882
1774945825.2515,0.0000,0.0000,0.0000,0.0000,0.0000,3.1406,-0.2103,-14.4551,-0.1388,0.1277,0.1063
1774945825.2714,0.0000,0.0000,0.0000,0.0000,0.0000,3.1396,-0.2116,36.2280,-0.1505,0.1182,0.1212
1774945825.2926,0.0000,0.0000,0.0000,0.0000,0.0000,3.1399,-0.2130,-1.9904,-0.1089,0.1480,0.1265
1774945825.3115,0.0000,0.0000,0.0000,0.0000,0.0000,3.1411,-0.2132,25.5131,-0.0674,0.1672,0.1233
1774945825.3317,0.0000,0.0000,0.0000,0.0000,0.0000,-3.1402,-0.2153,4.0562,-0.0376,0.1491,0.0360
1774945825.3514,0.0000,0.0000,0.0000,0.0000,0.0000,-3.1365,-0.2196,56.3376,0.0668,0.1618,-0.0982
1774945825.3712,0.0000,0.0000,0.0000,0.0000,0.0000,-3.1355,-0.2200,-26.8511,0.0860,0.0574,-0.2271
1774945825.3913,0.0000,0.0000,0.0000,0.0000,0.0000,-3.1382,-0.2227,-36.9162,0.0168,0.0447,-0.2452
1774945825.4115,0.0000,0.0000,0.0000,0.0000,0.0000,-3.1409,-0.2250,8.8658,0.0658,0.0393,-0.1813
1774945825.4315,0.0000,0.0000,0.0000,0.0000,0.0000,3.1399,-0.2263,22.3798,0.1094,-0.0075,-0.0524
1774945825.4515,0.0000,0.0000,0.0000,0.0000,0.0000,3.1391,-0.2276,-91.8841,0.1286,-0.0416,0.0935
1774945825.4713,0.0000,0.0000,0.0000,0.0000,0.0000,3.1381,-0.2261,-49.1938,0.1052,-0.1354,0.2160
1774945825.4916,0.0000,0.0000,0.0000,0.0000,0.0000,3.1377,-0.2231,-0.1771,0.0604,-0.2515,0.2459
1774945825.5115,0.0000,0.0000,0.0000,0.0000,0.0000,-3.1405,-0.2200,4.6361,0.0530,-0.2664,0.1883
1774945825.5325,0.0000,0.0000,0.0000,0.0000,0.0000,-3.1348,-0.2173,-10.7656,0.0615,-0.1791,0.0722
1774945825.5514,0.0000,0.0000,0.0000,0.0000,0.0000,-3.1299,-0.2168,25.3988,0.1212,-0.0533,-0.0929
1774945825.5714,0.0000,0.0000,0.0000,0.0000,0.0000,-3.1245,-0.2154,-20.6244,0.1201,-0.0832,-0.2165
1774945825.5915,0.0000,0.0000,0.0000,0.0000,0.0000,-3.1230,-0.2117,32.5353,0.0445,-0.0928,-0.2431
1774945825.6115,0.0000,0.0000,0.0000,0.0000,0.0000,-3.1270,-0.2081,37.0120,0.0040,-0.0821,-0.1909
1774945825.6314,0.0000,0.0000,0.0000,0.0000,0.0000,-3.1312,-0.2049,7.3514,-0.0418,-0.0470,-0.1121
1774945825.6514,0.0000,0.0000,0.0000,0.0000,0.0000,-3.1348,-0.2018,10.2400,-0.0461,-0.0182,-0.0130
1774945825.6714,0.0000,0.0000,0.0000,0.0000,0.0000,-3.1368,-0.1977,14.3723,-0.0610,-0.0267,0.0371
1774945825.6915,0.0000,0.0000,0.0000,0.0000,0.0000,-3.1375,-0.1944,-25.8516,-0.0834,0.0106,0.0424
1774945825.7113,0.0000,0.0000,0.0000,0.0000,0.0000,-3.1359,-0.1934,-42.1672,-0.0610,0.0947,0.0253
1774945825.7314,0.0000,0.0000,0.0000,0.0000,0.0000,-3.1343,-0.1932,-32.0621,-0.0386,0.1214,0.0040
1774945825.7515,0.0000,0.0000,0.0000,0.0000,0.0000,-3.1341,-0.1959,-24.1662,-0.0152,0.1469,-0.0226
1774945825.7712,0.0000,0.0000,0.0000,0.0000,0.0000,-3.1352,-0.1982,-20.7172,-0.0258,0.1725,-0.0439
1774945825.7914,0.0000,0.0000,0.0000,0.0000,0.0000,-3.1386,-0.2001,-16.1060,-0.0322,0.1608,-0.0460
1774945825.8114,0.0000,0.0000,0.0000,0.0000,0.0000,3.1403,-0.2036,-25.0294,-0.0440,0.1512,-0.0311
1774945825.8314,0.0000,0.0000,0.0000,0.0000,0.0000,3.1363,-0.2077,-30.0273,-0.0472,0.1863,-0.0215
1774945825.8513,0.0000,0.0000,0.0000,0.0000,0.0000,3.1359,-0.2124,-1.6651,-0.0354,0.1938,-0.0269
1774945825.8712,0.0000,0.0000,0.0000,0.0000,0.0000,3.1365,-0.2125,15.5693,0.0008,0.1299,-0.0215
1774945825.8927,0.0000,0.0000,0.0000,0.0000,0.0000,3.1369,-0.2107,-2.6360,0.0381,0.0787,-0.0087
1774945825.9114,0.0000,0.0000,0.0000,0.0000,0.0000,3.1372,-0.2090,-12.6136,0.0647,0.0521,-0.0002
1774945825.9318,0.0000,0.0000,0.0000,0.0000,0.0000,3.1374,-0.2068,-24.8850,0.0572,0.0393,0.0019
1774945825.9519,0.0000,0.0000,0.0000,0.0000,0.0000,3.1361,-0.2066,0.0000,0.0626,0.0159,-0.0002
1774945825.9714,0.0000,0.0000,0.0000,0.0000,0.0000,3.1354,-0.2040,-15.6433,0.0764,0.0063,0.0083
1774945825.9914,0.0000,0.0000,0.0000,0.0000,0.0000,3.1341,-0.2023,0.0000,0.1286,-0.0278,0.0158
1774945826.0116,0.0000,0.0000,0.0000,0.0000,0.0000,3.1338,-0.2021,11.0617,0.1446,-0.0629,0.0264
1774945826.0315,0.0000,0.0000,0.0000,0.0000,0.0000,3.1338,-0.2029,0.0000,0.1638,-0.0800,0.0232
1774945826.0515,0.0000,0.0000,0.0000,0.0000,0.0000,3.1358,-0.2049,0.0000,0.1233,-0.0906,0.0104
1774945826.0714,0.0000,0.0000,0.0000,0.0000,0.0000,3.1392,-0.2077,0.0000,0.0530,-0.0054,-0.0162
1774945826.0914,0.0000,0.0000,0.0000,0.0000,0.0000,-3.1395,-0.2098,0.0000,0.0455,0.0489,-0.0482
1774945826.1114,0.0000,0.0000,0.0000,0.0000,0.0000,-3.1359,-0.2098,26.9106,0.0402,0.0010,-0.0503
1774945826.1315,0.0000,0.0000,0.0000,0.0000,0.0000,-3.1309,-0.2068,0.0000,0.0434,-0.1013,-0.0322
1774945826.1514,0.0000,0.0000,0.0000,0.0000,0.0000,-3.1305,-0.2006,0.0000,-0.0099,-0.1407,-0.0311
1774945826.1715,0.0000,0.0000,0.0000,0.0000,0.0000,-3.1309,-0.1953,0.0000,-0.0386,-0.0832,-0.0247
1774945826.1914,0.0000,0.0000,0.0000,0.0000,0.0000,-3.1284,-0.1940,0.0000,-0.0386,-0.0544,-0.0151
1774945826.2116,0.0000,0.0000,0.0000,0.0000,0.0000,-3.1305,-0.1919,0.0000,-0.0258,0.0244,-0.0279
1774945826.2315,0.0000,0.0000,0.0000,0.0000,0.0000,-3.1313,-0.1926,24.0769,-0.0290,0.0990,-0.0364
1774945826.2514,0.0000,0.0000,0.0000,0.0000,0.0000,-3.1307,-0.1986,0.0000,-0.0344,0.1459,-0.0375
1774945826.2714,0.0000,0.0000,0.0000,0.0000,0.0000,-3.1324,-0.2051,-11.6964,-0.0514,0.1405,-0.0439
1774945826.2915,0.0000,0.0000,0.0000,0.0000,0.0000,-3.1328,-0.2031,0.0000,-0.0642,0.0415,-0.0556
1774945826.3113,0.0000,0.0000,0.0000,0.0000,0.0000,-3.1328,-0.1994,-30.8603,-0.0472,-0.0107,-0.0876
1774945826.3313,0.0000,0.0000,0.0000,0.0000,0.0000,-3.1340,-0.1958,0.0000,-0.0802,-0.0374,-0.0918
1774945826.3514,0.0000,0.0000,0.0000,0.0000,0.0000,-3.1353,-0.1925,30.7166,-0.0930,-0.0075,-0.0961
1774945826.3714,0.0000,0.0000,0.0000,0.0000,0.0000,-3.1370,-0.1924,-7.0736,-0.1036,0.0074,-0.0716
1774945826.3916,0.0000,0.0000,0.0000,0.0000,0.0000,-3.1391,-0.1965,11.2631,-0.0844,0.0383,-0.0418
1774945826.4115,0.0000,0.0000,0.0000,0.0000,0.0000,-3.1414,-0.2007,-9.8780,-0.0344,0.0074,-0.0077
1774945826.4314,0.0000,0.0000,0.0000,0.0000,0.0000,3.1388,-0.2031,8.1719,0.0061,-0.0299,0.0307
1774945826.4513,0.0000,0.0000,0.0000,0.0000,0.0000,3.1360,-0.2034,-14.0760,0.0391,-0.0789,0.0349
1774945826.4715,0.0000,0.0000,0.0000,0.0000,0.0000,3.1344,-0.1984,7.3966,0.0562,-0.1322,0.0040
1774945826.4913,0.0000,0.0000,0.0000,0.0000,0.0000,3.1326,-0.1937,-3.8289,0.0881,-0.1492,-0.0226
1774945826.5115,0.0000,0.0000,0.0000,0.0000,0.0000,3.1301,-0.1918,-18.1338,0.0317,-0.0491,-0.0300
1774945826.5318,0.0000,0.0000,0.0000,0.0000,0.0000,3.1273,-0.1921,25.9745,-0.0013,0.0468,-0.0535
1774945826.5514,0.0000,0.0000,0.0000,0.0000,0.0000,3.1309,-0.1920,25.2462,0.0264,0.0990,-0.0556
1774945826.5714,0.0000,0.0000,0.0000,0.0000,0.0000,3.1350,-0.1917,14.6260,0.0540,0.0883,-0.0482
1774945826.5913,0.0000,0.0000,0.0000,0.0000,0.0000,3.1386,-0.1906,-38.5901,0.0828,0.0638,-0.0343
1774945826.6113,0.0000,0.0000,0.0000,0.0000,0.0000,3.1389,-0.1884,-27.5584,0.0583,0.0287,-0.0162
1774945826.6321,0.0000,0.0000,0.0000,0.0000,0.0000,3.1373,-0.1862,44.4006,0.0647,-0.0395,0.0296
1774945826.6513,0.0000,0.0000,0.0000,0.0000,0.0000,3.1371,-0.1869,-17.5888,0.0551,-0.1247,0.0573
1774945826.6714,0.0000,0.0000,0.0000,0.0000,0.0000,3.1384,-0.1886,-22.0334,0.0477,-0.1002,0.0392
1774945826.6915,0.0000,0.0000,0.0000,0.0000,0.0000,3.1411,-0.1909,-0.5131,0.1062,-0.0384,0.0030
1774945826.7114,0.0000,0.0000,0.0000,0.0000,0.0000,-3.1395,-0.1953,-18.0763,0.0860,0.0510,0.0083
1774945826.7315,0.0000,0.0000,0.0000,0.0000,0.0000,-3.1379,-0.1998,-21.1759,0.0530,0.1139,-0.0269
1774945826.7522,0.0000,0.0000,0.0000,0.0000,0.0000,-3.1357,-0.2020,-9.7749,0.0082,0.1096,-0.0769
1774945826.7713,0.0000,0.0000,0.0000,0.0000,0.0000,-3.1341,-0.2025,-6.3942,-0.0195,0.0361,-0.0993
1774945826.7943,0.0000,0.0000,0.0000,0.0000,0.0000,-3.1332,-0.2032,-11.8441,-0.0429,0.0191,-0.1110
1774945826.8115,0.0000,0.0000,0.0000,0.0000,0.0000,-3.1315,-0.2046,0.7046,-0.0663,0.0521,-0.1206
1774945826.8317,0.0000,0.0000,0.0000,0.0000,0.0000,-3.1295,-0.2063,24.9601,-0.0748,0.0468,-0.1067
1774945826.8515,0.0000,0.0000,0.0000,0.0000,0.0000,-3.1290,-0.2094,-20.5315,-0.0748,0.0052,-0.0567
1774945826.8714,0.0000,0.0000,0.0000,0.0000,0.0000,-3.1329,-0.2107,-2.3303,-0.0397,-0.0661,-0.0162
1774945826.8914,0.0000,0.0000,0.0000,0.0000,0.0000,-3.1370,-0.2090,15.9368,-0.0493,-0.1748,0.0051
1774945826.9115,0.0000,0.0000,0.0000,0.0000,0.0000,3.1413,-0.2065,-53.2744,-0.0631,-0.2057,-0.0087
1774945826.9315,0.0000,0.0000,0.0000,0.0000,0.0000,3.1364,-0.2056,17.7269,-0.0738,-0.1524,-0.0119
1774945826.9514,0.0000,0.0000,0.0000,0.0000,0.0000,3.1368,-0.2059,12.4475,-0.0216,-0.1290,-0.0311
1774945826.9713,0.0000,0.0000,0.0000,0.0000,0.0000,3.1376,-0.2046,-17.5270,0.0050,-0.1300,-0.0556
1774945826.9914,0.0000,0.0000,0.0000,0.0000,0.0000,3.1369,-0.2029,25.8571,0.0019,-0.1364,-0.0759
1774945827.0114,0.0000,0.0000,0.0000,0.0000,0.0000,3.1359,-0.1977,-8.0316,-0.0280,-0.1950,-0.0908
1774945827.0314,0.0000,0.0000,0.0000,0.0000,0.0000,3.1347,-0.1958,-63.0441,-0.0344,-0.1854,-0.0929
1774945827.0514,0.0000,0.0000,0.0000,0.0000,0.0000,3.1342,-0.1956,-8.7172,0.0029,-0.0779,-0.0652
1774945827.0715,0.0000,0.0000,0.0000,0.0000,0.0000,3.1351,-0.1940,32.8831,0.0594,-0.0299,-0.0471
1774945827.0916,0.0000,0.0000,0.0000,0.0000,0.0000,3.1350,-0.1929,67.1380,0.0519,-0.0320,-0.0269
1774945827.1114,0.0000,0.0000,0.0000,0.0000,0.0000,3.1330,-0.1900,-15.2507,0.0466,-0.0182,-0.0247
1774945827.1314,0.0000,0.0000,0.0000,0.0000,0.0000,3.1324,-0.1869,-11.6299,0.0572,-0.0054,-0.0151
1774945827.1515,0.0000,0.0000,0.0000,0.0000,0.0000,3.1318,-0.1871,-30.6295,0.0700,0.0819,-0.0077
1774945827.1714,0.0000,0.0000,0.0000,0.0000,0.0000,3.1319,-0.1888,-19.1614,0.0615,0.1746,-0.0098
1774945827.1914,0.0000,0.0000,0.0000,0.0000,0.0000,3.1331,-0.1891,-11.0529,0.0892,0.1725,-0.0183
1774945827.2114,0.0000,0.0000,0.0000,0.0000,0.0000,3.1356,-0.1890,-44.1564,0.1084,0.0926,-0.0396
1774945827.2315,0.0000,0.0000,0.0000,0.0000,0.0000,3.1382,-0.1887,-9.1318,0.1084,0.0212,-0.0471
1774945827.2514,0.0000,0.0000,0.0000,0.0000,0.0000,3.1415,-0.1903,-10.7784,0.0849,0.0287,-0.0418
1774945827.2714,0.0000,0.0000,0.0000,0.0000,0.0000,-3.1395,-0.1939,19.3553,0.0509,0.0415,-0.0322
1774945827.2914,0.0000,0.0000,0.0000,0.0000,0.0000,-3.1376,-0.1979,-35.0055,0.0295,0.0894,-0.0332
1774945827.3115,0.0000,0.0000,0.0000,0.0000,0.0000,-3.1351,-0.2034,26.7866,-0.0120,0.1416,-0.0258
1774945827.3316,0.0000,0.0000,0.0000,0.0000,0.0000,-3.1328,-0.2084,-12.8754,-0.0184,0.0883,-0.0386
1774945827.3513,0.0000,0.0000,0.0000,0.0000,0.0000,-3.1305,-0.2126,-35.4620,-0.0216,0.0404,-0.0705
1774945827.3713,0.0000,0.0000,0.0000,0.0000,0.0000,-3.1284,-0.2147,60.7612,-0.0322,-0.0225,-0.0908
1774945827.3914,0.0000,0.0000,0.0000,0.0000,0.0000,-3.1299,-0.2154,9.5191,-0.0589,-0.0885,-0.0865
1774945827.4114,0.0000,0.0000,0.0000,0.0000,0.0000,-3.1315,-0.2150,41.2100,-0.0748,-0.0970,-0.0631
1774945827.4315,0.0000,0.0000,0.0000,0.0000,0.0000,-3.1326,-0.2091,14.6106,-0.0237,-0.1258,-0.0386
1774945827.4514,0.0000,0.0000,0.0000,0.0000,0.0000,-3.1343,-0.2028,-35.3141,-0.0003,-0.1247,-0.0311
1774945827.4717,0.0000,0.0000,0.0000,0.0000,0.0000,-3.1367,-0.1988,-8.3024,0.0061,-0.0715,-0.0034
1774945827.4914,0.0000,0.0000,0.0000,0.0000,0.0000,-3.1391,-0.2015,17.3173,-0.0035,0.0425,-0.0013
1774945827.5113,0.0000,0.0000,0.0000,0.0000,0.0000,-3.1390,-0.2036,-29.7730,-0.0237,0.0606,-0.0066
1774945827.5313,0.0000,0.0000,0.0000,0.0000,0.0000,-3.1388,-0.2048,-18.2653,0.0189,0.0180,-0.0215
1774945827.5513,0.0000,0.0000,0.0000,0.0000,0.0000,-3.1354,-0.2048,10.1147,0.0327,-0.0725,-0.0471
1774945827.5715,0.0000,0.0000,0.0000,0.0000,0.0000,-3.1349,-0.2059,-20.7096,-0.0045,-0.1098,-0.0791
1774945827.5915,0.0000,0.0000,0.0000,0.0000,0.0000,-3.1340,-0.2043,26.7811,-0.0472,-0.1588,-0.1046
1774945827.6113,0.0000,0.0000,0.0000,0.0000,0.0000,-3.1344,-0.2018,24.6331,-0.0493,-0.1769,-0.1046
1774945827.6313,0.0000,0.0000,0.0000,0.0000,0.0000,-3.1374,-0.2003,-42.0984,-0.0450,-0.1322,-0.0961
1774945827.6513,0.0000,0.0000,0.0000,0.0000,0.0000,-3.1392,-0.2011,-25.3552,-0.0227,-0.0736,-0.0620
1774945827.6714,0.0000,0.0000,0.0000,0.0000,0.0000,-3.1412,-0.2025,-39.9098,0.0072,-0.0139,-0.0258
1774945827.6914,0.0000,0.0000,0.0000,0.0000,0.0000,3.1402,-0.2047,-10.5204,-0.0216,0.0308,-0.0130
1774945827.7113,0.0000,0.0000,0.0000,0.0000,0.0000,3.1391,-0.2096,-2.3053,-0.0503,0.1043,-0.0386
1774945827.7314,0.0000,0.0000,0.0000,0.0000,0.0000,3.1380,-0.2091,22.5269,-0.0567,0.0713,-0.0545
1774945827.7514,0.0000,0.0000,0.0000,0.0000,0.0000,3.1396,-0.2078,11.9919,-0.0013,0.0095,-0.0354
1774945827.7714,0.0000,0.0000,0.0000,0.0000,0.0000,3.1388,-0.2047,-12.3582,0.0466,-0.0246,-0.0194
1774945827.7929,0.0000,0.0000,0.0000,0.0000,0.0000,3.1373,-0.2008,27.0915,0.0338,-0.0608,-0.0194
1774945827.8114,0.0000,0.0000,0.0000,0.0000,0.0000,3.1342,-0.1988,-6.1111,-0.0195,-0.0203,-0.0290
1774945827.8317,0.0000,0.0000,0.0000,0.0000,0.0000,3.1314,-0.1991,-22.5436,-0.1047,0.0937,-0.0450
1774945827.8517,0.0000,0.0000,0.0000,0.0000,0.0000,3.1323,-0.2007,9.2488,-0.0834,0.1565,-0.0503
1774945827.8714,0.0000,0.0000,0.0000,0.0000,0.0000,3.1353,-0.2022,-14.5574,0.0157,0.1256,-0.0503
1774945827.8914,0.0000,0.0000,0.0000,0.0000,0.0000,3.1375,-0.2031,22.8185,0.0754,0.1597,-0.0311
1774945827.9114,0.0000,0.0000,0.0000,0.0000,0.0000,3.1357,-0.2035,9.3669,0.0562,0.1086,-0.0300
1774945827.9316,0.0000,0.0000,0.0000,0.0000,0.0000,3.1330,-0.2047,-14.8491,-0.0013,0.0297,-0.0332
1774945827.9514,0.0000,0.0000,0.0000,0.0000,0.0000,3.1316,-0.2058,-40.9623,0.0168,0.0297,-0.0354
1774945827.9714,0.0000,0.0000,0.0000,0.0000,0.0000,3.1320,-0.2062,47.7143,0.0338,0.0148,-0.0311
1774945827.9913,0.0000,0.0000,0.0000,0.0000,0.0000,3.1330,-0.2072,-53.8430,0.0168,0.0447,-0.0354
1774945828.0114,0.0000,0.0000,0.0000,0.0000,0.0000,3.1339,-0.2111,-11.3222,-0.0290,0.1586,-0.0364
1774945828.0315,0.0000,0.0000,0.0000,0.0000,0.0000,3.1356,-0.2124,0.5319,-0.0717,0.1704,-0.0492
1774945828.0514,0.0000,0.0000,0.0000,0.0000,0.0000,3.1369,-0.2130,-9.5375,-0.0791,0.1384,-0.0609
1774945828.0714,0.0000,0.0000,0.0000,0.0000,0.0000,3.1383,-0.2130,67.3399,-0.0589,0.0553,-0.0695
1774945828.0914,0.0000,0.0000,0.0000,0.0000,0.0000,3.1394,-0.2110,-6.7953,-0.0205,-0.0022,-0.0727
1774945828.1114,0.0000,0.0000,0.0000,0.0000,0.0000,3.1383,-0.2069,-25.5195,-0.0131,-0.0427,-0.0609
1774945828.1315,0.0000,0.0000,0.0000,0.0000,0.0000,3.1367,-0.2042,-94.3022,-0.0035,0.0106,-0.0567
1774945828.1514,0.0000,0.0000,0.0000,0.0000,0.0000,3.1338,-0.2025,28.1045,0.0019,0.0702,-0.0364
1774945828.1713,0.0000,0.0000,0.0000,0.0000,0.0000,3.1303,-0.2020,16.1264,-0.0269,0.1171,-0.0258
1774945828.1914,0.0000,0.0000,0.0000,0.0000,0.0000,3.1269,-0.2013,-3.9808,-0.0631,0.1139,-0.0332
1774945828.2114,0.0000,0.0000,0.0000,0.0000,0.0000,3.1248,-0.2041,-71.5344,-0.1100,0.1363,-0.0620
1774945828.2313,0.0000,0.0000,0.0000,0.0000,0.0000,3.1250,-0.2067,48.2047,-0.1281,0.0628,-0.0748
1774945828.2513,0.0000,0.0000,0.0000,0.0000,0.0000,3.1247,-0.2054,66.8078,-0.0812,-0.0587,-0.0482
1774945828.2716,0.0000,0.0000,0.0000,0.0000,0.0000,3.1249,-0.2016,4.4215,-0.0248,-0.1503,-0.0386
1774945828.2915,0.0000,0.0000,0.0000,0.0000,0.0000,3.1237,-0.2007,-46.2762,0.0114,-0.1087,-0.0215
1774945828.3114,0.0000,0.0000,0.0000,0.0000,0.0000,3.1232,-0.2042,-65.6103,0.0477,0.0724,-0.0098
1774945828.3313,0.0000,0.0000,0.0000,0.0000,0.0000,3.1220,-0.2111,35.8948,0.0264,0.2566,-0.0215
1774945828.3517,0.0000,0.0000,0.0000,0.0000,0.0000,3.1207,-0.2150,45.5949,0.0796,0.2716,-0.0194
1774945828.3714,0.0000,0.0000,0.0000,0.0000,0.0000,3.1208,-0.2173,109.9803,0.0977,0.1086,-0.0247
1774945828.3916,0.0000,0.0000,0.0000,0.0000,0.0000,3.1206,-0.2155,20.2772,0.0775,-0.0661,-0.0503
1774945828.4114,0.0000,0.0000,0.0000,0.0000,0.0000,3.1199,-0.2117,-62.3559,0.0168,-0.1716,-0.0812
1774945828.4316,0.0000,0.0000,0.0000,0.0000,0.0000,3.1206,-0.2093,-88.6190,-0.0322,-0.2142,-0.0822
1774945828.4514,0.0000,0.0000,0.0000,0.0000,0.0000,3.1225,-0.2082,-48.1354,-0.0227,-0.1514,-0.0620
1774945828.4717,0.0000,0.0000,0.0000,0.0000,0.0000,3.1254,-0.2082,16.3775,0.0498,-0.0842,-0.0418
1774945828.4913,0.0000,0.0000,0.0000,0.0000,0.0000,3.1269,-0.2116,79.2863,0.0445,0.0127,-0.0130
1774945828.5113,0.0000,0.0000,0.0000,0.0000,0.0000,3.1241,-0.2140,0.0000,-0.0120,0.0010,-0.0045
1774945828.5316,0.0000,0.0000,0.0000,0.0000,0.0000,3.1249,-0.2163,0.0000,0.0157,-0.0651,0.0019
1774945828.5515,0.0000,0.0000,0.0000,0.0000,0.0000,3.1246,-0.2182,0.0000,0.0572,-0.0693,0.0243
1774945828.5715,0.0000,0.0000,0.0000,0.0000,0.0000,3.1231,-0.2174,0.0000,0.0817,-0.0736,0.0349
1774945828.5915,0.0000,0.0000,0.0000,0.0000,0.0000,3.1218,-0.2179,0.0000,0.1105,-0.0779,-0.0077
1774945828.6114,0.0000,0.0000,0.0000,0.0000,0.0000,3.1209,-0.2156,0.0000,0.0935,-0.0842,-0.0322
1774945828.6315,0.0000,0.0000,0.0000,0.0000,0.0000,3.1247,-0.2165,0.0000,0.1073,-0.0608,-0.0577
1774945828.6514,0.0000,0.0000,0.0000,0.0000,0.0000,3.1293,-0.2168,0.0000,0.1009,-0.0320,-0.0663
1774945828.6715,0.0000,0.0000,0.0000,0.0000,0.0000,3.1314,-0.2154,0.0000,0.1116,-0.0949,-0.0194
1774945828.6916,0.0000,0.0000,0.0000,0.0000,0.0000,3.1340,-0.2163,0.0000,0.1478,-0.1876,0.0104
1774945828.7114,0.0000,0.0000,0.0000,0.0000,0.0000,3.1327,-0.2132,0.0000,0.0967,-0.2408,0.0179
1774945828.7314,0.0000,0.0000,0.0000,0.0000,0.0000,3.1333,-0.2126,0.0000,0.0402,-0.2014,0.0051
1774945828.7515,0.0000,0.0000,0.0000,0.0000,0.0000,3.1358,-0.2137,0.0000,0.0370,-0.0725,-0.0013
1774945828.7714,0.0000,0.0000,0.0000,0.0000,0.0000,3.1383,-0.2161,0.0000,0.0072,-0.0139,-0.0194
1774945828.7914,0.0000,0.0000,0.0000,0.0000,0.0000,3.1399,-0.2187,0.0000,-0.0887,0.0542,-0.0609
1774945828.8113,0.0000,0.0000,0.0000,0.0000,0.0000,3.1402,-0.2217,0.0000,-0.1537,0.0542,-0.0950
1774945828.8314,0.0000,0.0000,0.0000,0.0000,0.0000,3.1407,-0.2226,2.9913,-0.1409,-0.0427,-0.1046
1774945828.8515,0.0000,0.0000,0.0000,0.0000,0.0000,3.1412,-0.2230,-15.0829,-0.1324,-0.0832,-0.0876
1774945828.8714,0.0000,0.0000,0.0000,0.0000,0.0000,3.1374,-0.2240,30.8757,-0.1324,-0.0800,-0.0524
1774945828.8915,0.0000,0.0000,0.0000,0.0000,0.0000,3.1314,-0.2250,0.0000,-0.1057,-0.0491,-0.0215
1774945828.9112,0.0000,0.0000,0.0000,0.0000,0.0000,3.1255,-0.2239,2.5466,-0.0823,-0.0565,0.0115
1774945828.9315,0.0000,0.0000,0.0000,0.0000,0.0000,3.1197,-0.2225,23.0125,-0.1004,-0.0747,0.0094
1774945828.9514,0.0000,0.0000,0.0000,0.0000,0.0000,3.1135,-0.2213,7.8795,-0.1185,-0.0640,-0.0194
1774945828.9712,0.0000,0.0000,0.0000,0.0000,0.0000,3.1119,-0.2190,-18.3945,-0.0972,-0.0459,-0.0375
1774945828.9914,0.0000,0.0000,0.0000,0.0000,0.0000,3.1112,-0.2187,-51.2142,-0.0258,-0.0438,-0.0396
1774945829.0114,0.0000,0.0000,0.0000,0.0000,0.0000,3.1100,-0.2191,-24.8972,0.0466,-0.0267,-0.0237
1774945829.0315,0.0000,0.0000,0.0000,0.0000,0.0000,3.1073,-0.2186,-9.7594,0.0711,-0.0246,-0.0109
1774945829.0516,0.0000,0.0000,0.0000,0.0000,0.0000,3.1047,-0.2183,31.2035,0.0551,-0.0075,-0.0055
1774945829.0714,0.0000,0.0000,0.0000,0.0000,0.0000,3.1045,-0.2169,27.2390,0.0945,0.0042,-0.0024
1774945829.0914,0.0000,0.0000,0.0000,0.0000,0.0000,3.1056,-0.2168,-23.7320,0.1009,0.0244,-0.0066
1774945829.1114,0.0000,0.0000,0.0000,0.0000,0.0000,3.1094,-0.2186,-29.1093,0.0817,-0.0075,-0.0215
1774945829.1315,0.0000,0.0000,0.0000,0.0000,0.0000,3.1130,-0.2200,4.0384,0.0817,-0.0139,-0.0141
1774945829.1515,0.0000,0.0000,0.0000,0.0000,0.0000,3.1152,-0.2218,27.9855,0.1286,-0.0374,0.0083
1774945829.1715,0.0000,0.0000,0.0000,0.0000,0.0000,3.1171,-0.2246,32.6796,0.1382,-0.0459,0.0360
1774945829.1917,0.0000,0.0000,0.0000,0.0000,0.0000,3.1190,-0.2259,-28.0603,0.1148,-0.1194,0.0530
1774945829.2114,0.0000,0.0000,0.0000,0.0000,0.0000,3.1204,-0.2265,26.1614,0.1446,-0.1620,0.0807
1774945829.2315,0.0000,0.0000,0.0000,0.0000,0.0000,3.1201,-0.2211,6.5511,0.0977,-0.2249,0.1489
1774945829.2514,0.0000,0.0000,0.0000,0.0000,0.0000,3.1197,-0.2141,-21.1878,0.0498,-0.2227,0.2032
1774945829.2713,0.0000,0.0000,0.0000,0.0000,0.0000,3.1235,-0.2097,-24.6905,0.0636,-0.0906,0.1841
1774945829.2914,0.0000,0.0000,0.0000,0.0000,0.0000,3.1289,-0.2066,35.7304,0.0743,-0.0310,0.1649
1774945829.3114,0.0000,0.0000,0.0000,0.0000,0.0000,3.1340,-0.2049,6.3023,0.0690,0.0542,0.1202
1774945829.3313,0.0000,0.0000,0.0000,0.0000,0.0000,3.1374,-0.2038,48.6303,-0.0013,0.0702,0.0669
1774945829.3513,0.0000,0.0000,0.0000,0.0000,0.0000,3.1398,-0.2044,11.5134,-0.0663,0.0436,0.0339
1774945829.3712,0.0000,0.0000,0.0000,0.0000,0.0000,3.1404,-0.2056,-23.3365,-0.1239,0.0457,-0.0024
1774945829.3913,0.0000,0.0000,0.0000,0.0000,0.0000,-3.1407,-0.2080,-7.8404,0.0157,0.0585,-0.1057
1774945829.4112,0.0000,0.0000,0.0000,0.0000,0.0000,-3.1373,-0.2102,-74.2359,0.0455,0.0319,-0.1696
1774945829.4312,0.0000,0.0000,0.0000,0.0000,0.0000,-3.1386,-0.2131,46.9912,0.0125,0.1022,-0.1131
1774945829.4514,0.0000,0.0000,0.0000,0.0000,0.0000,3.1405,-0.2109,53.7815,-0.1089,-0.0597,0.0509
1774945829.4712,0.0000,0.0000,0.0000,0.0000,0.0000,3.1363,-0.2091,-7.4545,-0.1430,-0.1013,0.1969
1774945829.4913,0.0000,0.0000,0.0000,0.0000,0.0000,3.1341,-0.2097,-23.5250,-0.0823,0.0244,0.2267
1774945829.5113,0.0000,0.0000,0.0000,0.0000,0.0000,3.1356,-0.2097,23.4120,-0.0695,0.0819,0.2160
1774945829.5313,0.0000,0.0000,0.0000,0.0000,0.0000,3.1355,-0.2079,-101.3106,-0.0472,0.0372,0.1606
1774945829.5514,0.0000,0.0000,0.0000,0.0000,0.0000,3.1350,-0.2042,-45.5462,-0.1345,-0.0129,0.1052
1774945829.5712,0.0000,0.0000,0.0000,0.0000,0.0000,3.1339,-0.2001,29.6827,-0.1622,-0.0779,0.0775
1774945829.5912,0.0000,0.0000,0.0000,0.0000,0.0000,3.1356,-0.1997,-58.3565,-0.1388,-0.0129,0.0946
1774945829.6112,0.0000,0.0000,0.0000,0.0000,0.0000,3.1354,-0.2015,-6.8119,-0.1484,0.1118,0.1020
1774945829.6313,0.0000,0.0000,0.0000,0.0000,0.0000,3.1320,-0.2010,28.2594,-0.1931,0.0947,0.1084
1774945829.6513,0.0000,0.0000,0.0000,0.0000,0.0000,3.1282,-0.1983,-20.2318,-0.1803,0.0116,0.1393
1774945829.6712,0.0000,0.0000,0.0000,0.0000,0.0000,3.1241,-0.1944,-14.7646,-0.2059,-0.0352,0.1468
1774945829.6914,0.0000,0.0000,0.0000,0.0000,0.0000,3.1211,-0.1905,22.2314,-0.2112,-0.0363,0.1670
1774945829.7114,0.0000,0.0000,0.0000,0.0000,0.0000,3.1187,-0.1889,-28.9576,-0.1729,0.0841,0.1681
1774945829.7314,0.0000,0.0000,0.0000,0.0000,0.0000,3.1178,-0.1921,-63.6820,-0.1121,0.2236,0.1596
1774945829.7513,0.0000,0.0000,0.0000,0.0000,0.0000,3.1144,-0.1987,-14.5655,-0.0951,0.2982,0.1830
1774945829.7714,0.0000,0.0000,0.0000,0.0000,0.0000,3.1103,-0.2023,14.2352,-0.0972,0.2108,0.1798
1774945829.7914,0.0000,0.0000,0.0000,0.0000,0.0000,3.1057,-0.2047,15.8922,-0.1270,0.1469,0.1649
1774945829.8113,0.0000,0.0000,0.0000,0.0000,0.0000,3.1025,-0.2072,-16.0117,-0.1313,0.1064,0.1297
1774945829.8313,0.0000,0.0000,0.0000,0.0000,0.0000,3.1018,-0.2102,-64.1497,-0.0748,0.1150,0.0882
1774945829.8514,0.0000,0.0000,0.0000,0.0000,0.0000,3.1016,-0.2128,-71.9098,-0.0503,0.0766,0.0733
1774945829.8714,0.0000,0.0000,0.0000,0.0000,0.0000,3.0990,-0.2104,1.4388,-0.0184,-0.0342,0.1020
1774945829.8912,0.0000,0.0000,0.0000,0.0000,0.0000,3.0988,-0.2084,36.0618,0.0221,-0.1332,0.1223
1774945829.9122,0.0000,0.0000,0.0000,0.0000,0.0000,3.0993,-0.2065,41.4876,0.0391,-0.1077,0.1287
1774945829.9313,0.0000,0.0000,0.0000,0.0000,0.0000,3.1021,-0.2072,-12.7603,0.0626,-0.0587,0.1095
1774945829.9515,0.0000,0.0000,0.0000,0.0000,0.0000,3.1046,-0.2079,-9.1701,0.1020,-0.0054,0.0925
1774945829.9713,0.0000,0.0000,0.0000,0.0000,0.0000,3.1088,-0.2078,2.1110,0.0722,-0.0288,0.0690
1774945829.9914,0.0000,0.0000,0.0000,0.0000,0.0000,3.1144,-0.2086,-0.8665,0.1457,0.0308,-0.0471
1774945830.0121,0.0000,0.0000,0.0000,0.0000,0.0000,3.1203,-0.2064,45.8657,0.1638,-0.1183,-0.1334
1774945830.0314,0.0000,0.0000,0.0000,0.0000,0.0000,3.1198,-0.2053,-50.1537,0.0892,-0.1844,-0.1472
1774945830.0514,0.0000,0.0000,0.0000,0.0000,0.0000,3.1199,-0.2046,24.9729,0.1244,-0.1450,-0.1057
1774945830.0713,0.0000,0.0000,0.0000,0.0000,0.0000,3.1195,-0.2042,-6.8071,0.1606,-0.1087,-0.0311
1774945830.0914,0.0000,0.0000,0.0000,0.0000,0.0000,3.1193,-0.2048,-14.4250,0.1457,-0.0406,0.0403
1774945830.1120,0.0000,0.0000,0.0000,0.0000,0.0000,3.1179,-0.2032,12.2641,0.0903,-0.0416,0.0605
1774945830.1315,0.0000,0.0000,0.0000,0.0000,0.0000,3.1179,-0.2005,-18.3784,-0.0013,-0.0406,0.0349
1774945830.1513,0.0000,0.0000,0.0000,0.0000,0.0000,3.1214,-0.2012,-29.6101,-0.0418,0.0255,-0.0087
1774945830.1714,0.0000,0.0000,0.0000,0.0000,0.0000,3.1244,-0.2025,-11.2836,-0.0408,0.1011,-0.0673
1774945830.1915,0.0000,0.0000,0.0000,0.0000,0.0000,3.1273,-0.2055,11.9714,-0.0131,0.1299,-0.0972
1774945830.2114,0.0000,0.0000,0.0000,0.0000,0.0000,3.1305,-0.2083,-12.8485,0.0306,0.0905,-0.0833
1774945830.2314,0.0000,0.0000,0.0000,0.0000,0.0000,3.1317,-0.2120,-27.6333,0.0690,0.0830,-0.0684
1774945830.2514,0.0000,0.0000,0.0000,0.0000,0.0000,3.1308,-0.2141,42.7966,0.0434,0.0724,-0.0354
1774945830.2714,0.0000,0.0000,0.0000,0.0000,0.0000,3.1272,-0.2157,-3.9847,-0.0141,0.0233,-0.0045
1774945830.2921,0.0000,0.0000,0.0000,0.0000,0.0000,3.1238,-0.2180,10.9314,-0.0131,0.0308,-0.0002
1774945830.3118,0.0000,0.0000,0.0000,0.0000,0.0000,3.1219,-0.2162,34.8656,-0.0003,-0.0225,0.0040
1774945830.3314,0.0000,0.0000,0.0000,0.0000,0.0000,3.1214,-0.2126,6.3213,0.0008,-0.0981,-0.0098
1774945830.3515,0.0000,0.0000,0.0000,0.0000,0.0000,3.1236,-0.2103,-29.2733,0.0295,-0.0619,-0.0269
1774945830.3719,0.0000,0.0000,0.0000,0.0000,0.0000,3.1222,-0.2066,21.8703,0.0168,-0.0225,-0.0450
1774945830.3916,0.0000,0.0000,0.0000,0.0000,0.0000,3.1210,-0.2043,23.3863,-0.0120,0.0042,-0.0332
1774945830.4114,0.0000,0.0000,0.0000,0.0000,0.0000,3.1201,-0.2036,-10.2211,-0.0205,0.0724,-0.0279
1774945830.4314,0.0000,0.0000,0.0000,0.0000,0.0000,3.1220,-0.2035,46.2088,0.0050,0.1299,-0.0226
1774945830.4514,0.0000,0.0000,0.0000,0.0000,0.0000,3.1223,-0.2018,25.1221,0.0040,0.0766,-0.0205
1774945830.4716,0.0000,0.0000,0.0000,0.0000,0.0000,3.1229,-0.2020,-19.4309,0.0125,0.0585,-0.0300
1774945830.4915,0.0000,0.0000,0.0000,0.0000,0.0000,3.1212,-0.2014,11.0322,-0.0099,0.0745,-0.0130
1774945830.5115,0.0000,0.0000,0.0000,0.0000,0.0000,3.1200,-0.2012,-1.8608,-0.0386,0.0351,-0.0322
1774945830.5313,0.0000,0.0000,0.0000,0.0000,0.0000,3.1205,-0.2032,11.4764,-0.0887,0.0255,-0.0524
1774945830.5514,0.0000,0.0000,0.0000,0.0000,0.0000,3.1217,-0.2038,4.1109,-0.1004,0.0447,-0.0673
1774945830.5715,0.0000,0.0000,0.0000,0.0000,0.0000,3.1226,-0.2057,19.4963,-0.1441,0.0766,-0.0727
1774945830.5916,0.0000,0.0000,0.0000,0.0000,0.0000,3.1233,-0.2070,-27.4813,-0.1377,0.0777,-0.0812
1774945830.6115,0.0000,0.0000,0.0000,0.0000,0.0000,3.1238,-0.2067,-20.7250,-0.0951,0.0819,-0.0705
1774945830.6313,0.0000,0.0000,0.0000,0.0000,0.0000,3.1231,-0.2082,53.9518,-0.0109,0.0926,-0.0428
1774945830.6514,0.0000,0.0000,0.0000,0.0000,0.0000,3.1213,-0.2118,-16.0175,0.0711,0.1267,-0.0034
1774945830.6719,0.0000,0.0000,0.0000,0.0000,0.0000,3.1195,-0.2130,9.7911,0.0722,0.1469,0.0072
1774945830.6914,0.0000,0.0000,0.0000,0.0000,0.0000,3.1175,-0.2125,33.9840,0.0455,0.0787,-0.0087
1774945830.7113,0.0000,0.0000,0.0000,0.0000,0.0000,3.1182,-0.2084,-25.2455,0.0722,-0.0757,-0.0226
1774945830.7315,0.0000,0.0000,0.0000,0.0000,0.0000,3.1196,-0.2034,12.1993,0.1286,-0.0725,-0.0045
1774945830.7513,0.0000,0.0000,0.0000,0.0000,0.0000,3.1206,-0.1987,63.3884,0.0935,-0.0384,0.0158
1774945830.7713,0.0000,0.0000,0.0000,0.0000,0.0000,3.1212,-0.1944,-15.1502,0.0050,-0.0107,-0.0183
1774945830.7917,0.0000,0.0000,0.0000,0.0000,0.0000,3.1231,-0.1982,-33.8951,-0.0791,0.1224,-0.0918
1774945830.8115,0.0000,0.0000,0.0000,0.0000,0.0000,3.1244,-0.2045,64.6046,-0.0056,0.1991,-0.0854
1774945830.8316,0.0000,0.0000,0.0000,0.0000,0.0000,3.1277,-0.2100,105.1862,0.1105,0.1384,-0.0002
1774945830.8514,0.0000,0.0000,0.0000,0.0000,0.0000,3.1300,-0.2105,55.1890,0.1393,-0.0555,0.0275
1774945830.8714,0.0000,0.0000,0.0000,0.0000,0.0000,3.1288,-0.2107,-8.7276,-0.0024,-0.1173,-0.0226
1774945830.8913,0.0000,0.0000,0.0000,0.0000,0.0000,3.1267,-0.2110,-46.2615,-0.1164,-0.0640,-0.0609
1774945830.9114,0.0000,0.0000,0.0000,0.0000,0.0000,3.1271,-0.2120,-100.7084,-0.1015,0.0127,-0.0727
1774945830.9314,0.0000,0.0000,0.0000,0.0000,0.0000,3.1282,-0.2152,-42.7997,-0.0269,0.1373,-0.0780
1774945830.9514,0.0000,0.0000,0.0000,0.0000,0.0000,3.1296,-0.2193,36.5635,-0.0024,0.1874,-0.0695
1774945830.9713,0.0000,0.0000,0.0000,0.0000,0.0000,3.1265,-0.2211,13.7352,-0.0067,0.1128,-0.0386
1774945830.9915,0.0000,0.0000,0.0000,0.0000,0.0000,3.1238,-0.2190,-46.9422,0.0381,-0.0374,-0.0364
1774945831.0113,0.0000,0.0000,0.0000,0.0000,0.0000,3.1206,-0.2161,-20.1779,-0.0589,-0.0960,-0.0620
1774945831.0314,0.0000,0.0000,0.0000,0.0000,0.0000,3.1179,-0.2149,36.0684,-0.1185,-0.0960,-0.0854
1774945831.0513,0.0000,0.0000,0.0000,0.0000,0.0000,3.1172,-0.2131,0.0000,-0.1207,-0.1364,-0.0918
1774945831.0715,0.0000,0.0000,0.0000,0.0000,0.0000,3.1190,-0.2102,43.4572,-0.0685,-0.1833,-0.0737
1774945831.0914,0.0000,0.0000,0.0000,0.0000,0.0000,3.1201,-0.2019,-5.6156,-0.0290,-0.2483,-0.0652
1774945831.1113,0.0000,0.0000,0.0000,0.0000,0.0000,3.1180,-0.1936,0.0000,-0.0109,-0.2227,-0.0673
1774945831.1313,0.0000,0.0000,0.0000,0.0000,0.0000,3.1135,-0.1897,0.0000,-0.0610,-0.0043,-0.0567
1774945831.1515,0.0000,0.0000,0.0000,0.0000,0.0000,3.1120,-0.1884,0.0000,-0.0408,0.1459,-0.0173
1774945831.1714,0.0000,0.0000,0.0000,0.0000,0.0000,3.1127,-0.1899,0.0000,-0.0109,0.2833,-0.0002
1774945831.1915,0.0000,0.0000,0.0000,0.0000,0.0000,3.1128,-0.1920,0.0000,-0.0290,0.2865,0.0158
1774945831.2113,0.0000,0.0000,0.0000,0.0000,0.0000,3.1159,-0.1951,0.0000,0.0956,0.1480,0.0168
1774945831.2314,0.0000,0.0000,0.0000,0.0000,0.0000,3.1183,-0.1919,0.0000,0.1670,-0.0203,-0.0599
1774945831.2514,0.0000,0.0000,0.0000,0.0000,0.0000,3.1184,-0.1867,0.0000,0.1031,-0.1130,-0.0961
1774945831.2715,0.0000,0.0000,0.0000,0.0000,0.0000,3.1167,-0.1881,0.0000,0.0722,0.0180,-0.0716
1774945831.2915,0.0000,0.0000,0.0000,0.0000,0.0000,3.1157,-0.1920,0.0000,0.0551,0.1277,-0.0237
1774945831.3114,0.0000,0.0000,0.0000,0.0000,0.0000,3.1167,-0.1934,-32.3071,0.1094,0.1277,0.0083
1774945831.3314,0.0000,0.0000,0.0000,0.0000,0.0000,3.1145,-0.1969,0.0000,0.0849,0.1608,0.0275
1774945831.3514,0.0000,0.0000,0.0000,0.0000,0.0000,3.1177,-0.2048,0.0000,0.1137,0.2385,0.0371
1774945831.3714,0.0000,0.0000,0.0000,0.0000,0.0000,3.1202,-0.2128,-38.9241,0.1659,0.1917,0.0168
1774945831.3914,0.0000,0.0000,0.0000,0.0000,0.0000,3.1193,-0.2153,0.0000,0.1180,0.0297,-0.0151
1774945831.4114,0.0000,0.0000,0.0000,0.0000,0.0000,3.1236,-0.2148,0.0000,0.0636,-0.1215,-0.0428
1774945831.4314,0.0000,0.0000,0.0000,0.0000,0.0000,3.1256,-0.2164,5.0376,-0.0099,-0.0459,-0.0609
1774945831.4513,0.0000,0.0000,0.0000,0.0000,0.0000,3.1273,-0.2202,54.8906,-0.0067,0.0532,-0.0492
1774945831.4713,0.0000,0.0000,0.0000,0.0000,0.0000,3.1305,-0.2213,0.0000,0.0221,-0.0033,-0.0300
1774945831.4916,0.0000,0.0000,0.0000,0.0000,0.0000,3.1319,-0.2219,0.0000,0.1180,-0.1492,0.0126
1774945831.5114,0.0000,0.0000,0.0000,0.0000,0.0000,3.1322,-0.2208,71.1161,0.0562,-0.2249,0.0477
1774945831.5314,0.0000,0.0000,0.0000,0.0000,0.0000,3.1297,-0.2169,70.3697,0.0029,-0.3261,0.0541
1774945831.5514,0.0000,0.0000,0.0000,0.0000,0.0000,3.1305,-0.2122,53.3322,-0.0195,-0.3889,0.0317
1774945831.5715,0.0000,0.0000,0.0000,0.0000,0.0000,3.1325,-0.2077,50.0360,0.0040,-0.3868,-0.0247
1774945831.5915,0.0000,0.0000,0.0000,0.0000,0.0000,3.1355,-0.2012,31.6327,-0.0227,-0.4432,-0.0780
1774945831.6112,0.0000,0.0000,0.0000,0.0000,0.0000,3.1382,-0.1954,-28.4762,0.0189,-0.3665,-0.1099
1774945831.6314,0.0000,0.0000,0.0000,0.0000,0.0000,3.1399,-0.1935,13.6573,0.0200,-0.1663,-0.1004
1774945831.6514,0.0000,0.0000,0.0000,0.0000,0.0000,3.1399,-0.1927,22.6501,-0.0599,-0.1194,-0.1057
1774945831.6714,0.0000,0.0000,0.0000,0.0000,0.0000,3.1365,-0.1922,-21.0707,-0.1697,-0.0960,-0.1067
1774945831.6917,0.0000,0.0000,0.0000,0.0000,0.0000,3.1346,-0.1945,12.4701,-0.1430,-0.0171,-0.1121
1774945831.7114,0.0000,0.0000,0.0000,0.0000,0.0000,3.1306,-0.1978,5.5042,-0.1121,0.0415,-0.0801
1774945831.7314,0.0000,0.0000,0.0000,0.0000,0.0000,3.1263,-0.2016,9.4270,-0.1452,0.0894,-0.0673
1774945831.7515,0.0000,0.0000,0.0000,0.0000,0.0000,3.1214,-0.2022,8.4656,-0.1931,0.0383,-0.0705
1774945831.7714,0.0000,0.0000,0.0000,0.0000,0.0000,3.1171,-0.1989,-2.0629,-0.1899,-0.0608,-0.0673
1774945831.7923,0.0000,0.0000,0.0000,0.0000,0.0000,3.1120,-0.1931,45.3922,-0.1899,-0.1439,-0.0716
1774945831.8114,0.0000,0.0000,0.0000,0.0000,0.0000,3.1116,-0.1880,-58.6378,-0.0738,-0.1854,-0.0993
1774945831.8314,0.0000,0.0000,0.0000,0.0000,0.0000,3.1139,-0.1903,-19.5836,0.1851,0.0287,-0.0290
1774945831.8513,0.0000,0.0000,0.0000,0.0000,0.0000,3.1154,-0.1957,8.4573,0.2160,0.1938,0.0317
1774945831.8713,0.0000,0.0000,0.0000,0.0000,0.0000,3.1148,-0.1999,-16.1260,0.0455,0.1299,-0.0194
1774945831.8914,0.0000,0.0000,0.0000,0.0000,0.0000,3.1111,-0.2043,-22.3755,-0.1452,0.1469,-0.0950
1774945831.9113,0.0000,0.0000,0.0000,0.0000,0.0000,3.1083,-0.2089,53.2987,-0.0898,0.1554,-0.0982
1774945831.9314,0.0000,0.0000,0.0000,0.0000,0.0000,3.1118,-0.2118,5.6128,0.0839,0.1309,-0.0737
1774945831.9518,0.0000,0.0000,0.0000,0.0000,0.0000,3.1165,-0.2140,-6.6239,0.2011,0.1192,-0.0247
1774945831.9714,0.0000,0.0000,0.0000,0.0000,0.0000,3.1161,-0.2153,30.7005,0.0999,0.0713,-0.0247
1774945831.9915,0.0000,0.0000,0.0000,0.0000,0.0000,3.1153,-0.2166,13.1260,0.0019,-0.0022,-0.0567
1774945832.0114,0.0000,0.0000,0.0000,0.0000,0.0000,3.1152,-0.2155,38.9662,0.0658,-0.0779,-0.0205
1774945832.0314,0.0000,0.0000,0.0000,0.0000,0.0000,3.1161,-0.2125,7.6118,0.1435,-0.1567,0.0275
1774945832.0516,0.0000,0.0000,0.0000,0.0000,0.0000,3.1164,-0.2110,-27.6310,0.1414,-0.1577,0.0381
1774945832.0713,0.0000,0.0000,0.0000,0.0000,0.0000,3.1150,-0.2104,10.1714,0.0413,-0.0970,0.0221
1774945832.0914,0.0000,0.0000,0.0000,0.0000,0.0000,3.1151,-0.2100,33.3249,-0.0120,-0.0661,-0.0055
1774945832.1114,0.0000,0.0000,0.0000,0.0000,0.0000,3.1192,-0.2089,-7.7862,0.0519,-0.0725,-0.0130
1774945832.1314,0.0000,0.0000,0.0000,0.0000,0.0000,3.1240,-0.2045,-23.6222,0.1254,-0.1322,-0.0077
1774945832.1514,0.0000,0.0000,0.0000,0.0000,0.0000,3.1299,-0.2009,4.9335,0.1851,-0.1226,-0.0269
1774945832.1714,0.0000,0.0000,0.0000,0.0000,0.0000,3.1319,-0.2027,20.8072,0.0817,-0.0672,-0.0801
1774945832.1915,0.0000,0.0000,0.0000,0.0000,0.0000,3.1340,-0.2053,33.4314,-0.0045,0.0329,-0.1004
1774945832.2113,0.0000,0.0000,0.0000,0.0000,0.0000,3.1369,-0.2081,37.3779,0.0242,0.0724,-0.0897
1774945832.2314,0.0000,0.0000,0.0000,0.0000,0.0000,3.1403,-0.2090,22.5132,0.1041,0.0106,-0.0492
1774945832.2514,0.0000,0.0000,0.0000,0.0000,0.0000,3.1392,-0.2066,42.4238,0.1020,-0.0406,-0.0130
1774945832.2716,0.0000,0.0000,0.0000,0.0000,0.0000,3.1386,-0.2025,75.9433,0.0700,-0.0896,-0.0141
1774945832.2915,0.0000,0.0000,0.0000,0.0000,0.0000,3.1373,-0.1984,-13.5338,0.0146,-0.0949,0.0030
1774945832.3114,0.0000,0.0000,0.0000,0.0000,0.0000,3.1364,-0.1965,-9.7435,-0.0365,-0.0075,0.0147
1774945832.3315,0.0000,0.0000,0.0000,0.0000,0.0000,3.1332,-0.1966,-19.7523,-0.1132,0.1064,-0.0141
1774945832.3514,0.0000,0.0000,0.0000,0.0000,0.0000,3.1327,-0.1986,29.8938,-0.1792,0.2268,-0.0705
1774945832.3713,0.0000,0.0000,0.0000,0.0000,0.0000,3.1322,-0.2033,-8.5666,-0.1707,0.2598,-0.0908
1774945832.3913,0.0000,0.0000,0.0000,0.0000,0.0000,3.1337,-0.2077,-59.6872,0.0040,0.1863,-0.0631
1774945832.4114,0.0000,0.0000,0.0000,0.0000,0.0000,3.1339,-0.2067,-64.5174,0.0008,0.0031,-0.0631
1774945832.4314,0.0000,0.0000,0.0000,0.0000,0.0000,3.1293,-0.2050,-53.8725,-0.0408,-0.0459,-0.0599
1774945832.4514,0.0000,0.0000,0.0000,0.0000,0.0000,3.1239,-0.2053,-45.0927,-0.0951,-0.0395,-0.0631
1774945832.4713,0.0000,0.0000,0.0000,0.0000,0.0000,3.1211,-0.2057,-40.6514,-0.0770,-0.0715,-0.0407
1774945832.4913,0.0000,0.0000,0.0000,0.0000,0.0000,3.1201,-0.2056,-26.9045,-0.0280,-0.1247,-0.0300
1774945832.5113,0.0000,0.0000,0.0000,0.0000,0.0000,3.1181,-0.2044,-41.3381,-0.0163,-0.1279,-0.0439
1774945832.5314,0.0000,0.0000,0.0000,0.0000,0.0000,3.1160,-0.2051,19.1185,0.0285,-0.0832,-0.0375
1774945832.5514,0.0000,0.0000,0.0000,0.0000,0.0000,3.1170,-0.2065,-82.2099,0.1350,0.0042,-0.0034
1774945832.5713,0.0000,0.0000,0.0000,0.0000,0.0000,3.1164,-0.2093,13.0890,0.1180,0.0724,0.0200
1774945832.5914,0.0000,0.0000,0.0000,0.0000,0.0000,3.1142,-0.2115,-3.3418,0.0540,0.0329,0.0083
1774945832.6113,0.0000,0.0000,0.0000,0.0000,0.0000,3.1112,-0.2118,-15.5143,-0.0376,-0.0342,-0.0024
1774945832.6313,0.0000,0.0000,0.0000,0.0000,0.0000,3.1135,-0.2134,-16.5032,-0.0056,-0.0395,-0.0215
1774945832.6514,0.0000,0.0000,0.0000,0.0000,0.0000,3.1176,-0.2148,-2.3290,0.0583,-0.0161,-0.0471
1774945832.6713,0.0000,0.0000,0.0000,0.0000,0.0000,3.1210,-0.2154,32.2909,0.0530,-0.0491,-0.0599
1774945832.6917,0.0000,0.0000,0.0000,0.0000,0.0000,3.1223,-0.2129,39.6127,0.0423,-0.1034,-0.0716
1774945832.7114,0.0000,0.0000,0.0000,0.0000,0.0000,3.1239,-0.2094,40.2811,0.0732,-0.1151,-0.0631
1774945832.7312,0.0000,0.0000,0.0000,0.0000,0.0000,3.1239,-0.2091,-32.8609,0.0849,-0.0374,-0.0450
1774945832.7513,0.0000,0.0000,0.0000,0.0000,0.0000,3.1219,-0.2126,-47.1363,0.0338,0.1352,-0.0109
1774945832.7714,0.0000,0.0000,0.0000,0.0000,0.0000,3.1213,-0.2156,-14.5316,0.0658,0.1778,-0.0173
1774945832.7912,0.0000,0.0000,0.0000,0.0000,0.0000,3.1204,-0.2174,-31.6219,0.0477,0.0926,-0.0343
1774945832.8113,0.0000,0.0000,0.0000,0.0000,0.0000,3.1236,-0.2147,-38.3001,0.0626,-0.0661,-0.0482
1774945832.8314,0.0000,0.0000,0.0000,0.0000,0.0000,3.1277,-0.2113,36.4503,0.1254,-0.1524,-0.0545
1774945832.8512,0.0000,0.0000,0.0000,0.0000,0.0000,3.1281,-0.2057,75.5018,0.0764,-0.2078,-0.0588
1774945832.8714,0.0000,0.0000,0.0000,0.0000,0.0000,3.1260,-0.2011,75.1856,-0.0120,-0.1663,-0.0524
1774945832.8912,0.0000,0.0000,0.0000,0.0000,0.0000,3.1244,-0.1943,31.2091,-0.0653,-0.1897,-0.0567
1774945832.9112,0.0000,0.0000,0.0000,0.0000,0.0000,3.1242,-0.1925,-20.7259,-0.0557,-0.1343,-0.0460
1774945832.9312,0.0000,0.0000,0.0000,0.0000,0.0000,3.1232,-0.1948,-105.2700,-0.0493,0.0862,-0.0258
1774945832.9529,0.0000,0.0000,0.0000,0.0000,0.0000,3.1224,-0.2034,137.6561,-0.0983,0.3600,-0.0418
1774945832.9714,0.0000,0.0000,0.0000,0.0000,0.0000,3.1218,-0.2092,59.1161,-0.1366,0.3003,-0.0652
1774945832.9914,0.0000,0.0000,0.0000,0.0000,0.0000,3.1199,-0.2128,-10.2412,-0.1270,0.1373,-0.0609
1774945833.0112,0.0000,0.0000,0.0000,0.0000,0.0000,3.1183,-0.2115,-4.9214,-0.0802,0.0074,-0.0599
1774945833.0314,0.0000,0.0000,0.0000,0.0000,0.0000,3.1164,-0.2059,-55.9563,-0.0567,-0.1087,-0.0460
1774945833.0513,0.0000,0.0000,0.0000,0.0000,0.0000,3.1141,-0.1995,-61.3977,0.0253,-0.1471,-0.0055
1774945833.0715,0.0000,0.0000,0.0000,0.0000,0.0000,3.1136,-0.1946,-21.1662,0.0999,-0.0747,0.0190
1774945833.0915,0.0000,0.0000,0.0000,0.0000,0.0000,3.1132,-0.1913,-3.2295,0.1212,0.0116,-0.0034
1774945833.1114,0.0000,0.0000,0.0000,0.0000,0.0000,3.1117,-0.1904,3.2776,0.0743,0.0628,-0.0098
1774945833.1313,0.0000,0.0000,0.0000,0.0000,0.0000,3.1098,-0.1892,-8.3016,0.0242,0.0851,-0.0130
1774945833.1513,0.0000,0.0000,0.0000,0.0000,0.0000,3.1123,-0.1889,23.8891,0.0594,0.1416,-0.0290
1774945833.1713,0.0000,0.0000,0.0000,0.0000,0.0000,3.1143,-0.1893,-31.4293,0.1318,0.2140,-0.0055
1774945833.1914,0.0000,0.0000,0.0000,0.0000,0.0000,3.1195,-0.1909,-52.0926,0.2383,0.2332,0.0200
1774945833.2113,0.0000,0.0000,0.0000,0.0000,0.0000,3.1244,-0.1900,-43.0366,0.2948,0.0660,0.0541
1774945833.2317,0.0000,0.0000,0.0000,0.0000,0.0000,3.1275,-0.1890,-5.5671,0.2277,0.0947,0.0158
1774945833.2514,0.0000,0.0000,0.0000,0.0000,0.0000,3.1269,-0.1945,-14.6908,0.0232,0.2918,-0.0332
1774945833.2715,0.0000,0.0000,0.0000,0.0000,0.0000,3.1266,-0.2001,94.0915,-0.0706,0.3791,-0.0354
1774945833.2914,0.0000,0.0000,0.0000,0.0000,0.0000,3.1278,-0.2040,19.1213,-0.0205,0.2503,-0.0471
1774945833.3114,0.0000,0.0000,0.0000,0.0000,0.0000,3.1332,-0.2061,-23.4295,0.1957,0.1533,-0.0503
1774945833.3313,0.0000,0.0000,0.0000,0.0000,0.0000,3.1390,-0.2053,-16.7414,0.2373,0.0830,-0.0311
1774945833.3514,0.0000,0.0000,0.0000,0.0000,0.0000,3.1393,-0.2050,-10.8610,0.1329,0.0947,-0.0482
1774945833.3713,0.0000,0.0000,0.0000,0.0000,0.0000,3.1370,-0.2082,-11.6836,-0.0472,0.1448,-0.0503
1774945833.3915,0.0000,0.0000,0.0000,0.0000,0.0000,3.1358,-0.2125,26.5684,-0.0535,0.1373,-0.0300
1774945833.4112,0.0000,0.0000,0.0000,0.0000,0.0000,3.1380,-0.2166,-16.6929,0.0061,0.0692,-0.0098
1774945833.4312,0.0000,0.0000,0.0000,0.0000,0.0000,3.1392,-0.2211,-15.2325,0.0242,0.0127,-0.0098
1774945833.4514,0.0000,0.0000,0.0000,0.0000,0.0000,3.1385,-0.2244,24.7742,-0.0152,-0.0097,-0.0151
1774945833.4713,0.0000,0.0000,0.0000,0.0000,0.0000,3.1386,-0.2252,-13.7558,-0.0429,-0.0544,-0.0130
1774945833.4913,0.0000,0.0000,0.0000,0.0000,0.0000,3.1393,-0.2272,-119.8424,-0.0365,-0.0683,-0.0034
1774945833.5112,0.0000,0.0000,0.0000,0.0000,0.0000,3.1400,-0.2312,-83.9093,-0.0290,0.0447,-0.0364
1774945833.5314,0.0000,0.0000,0.0000,0.0000,0.0000,3.1397,-0.2351,28.1179,-0.0472,0.0287,-0.0567
1774945833.5512,0.0000,0.0000,0.0000,0.0000,0.0000,3.1406,-0.2337,-27.4643,-0.0759,-0.2312,-0.0727
1774945833.5715,0.0000,0.0000,0.0000,0.0000,0.0000,-3.1415,-0.2296,-71.8976,-0.0802,-0.3846,-0.1227
1774945833.5913,0.0000,0.0000,0.0000,0.0000,0.0000,3.1382,-0.2219,0.0000,-0.1366,-0.4539,-0.1312
1774945833.6112,0.0000,0.0000,0.0000,0.0000,0.0000,3.1341,-0.2155,-22.2123,-0.1792,-0.5050,-0.0854
1774945833.6313,0.0000,0.0000,0.0000,0.0000,0.0000,3.1337,-0.2094,0.0000,-0.1217,-0.4379,-0.0673
1774945833.6512,0.0000,0.0000,0.0000,0.0000,0.0000,3.1273,-0.2051,0.0000,-0.1942,-0.2696,-0.0673
1774945833.6712,0.0000,0.0000,0.0000,0.0000,0.0000,3.1219,-0.2061,0.0000,-0.2442,-0.0864,-0.0769
1774945833.6912,0.0000,0.0000,0.0000,0.0000,0.0000,3.1179,-0.2097,0.0000,-0.1270,-0.0331,-0.0450
1774945833.7113,0.0000,0.0000,0.0000,0.0000,0.0000,3.1149,-0.2113,44.1532,-0.0248,-0.0342,0.0317
1774945833.7312,0.0000,0.0000,0.0000,0.0000,0.0000,3.1123,-0.2060,0.0000,-0.0045,-0.2195,0.1681
1774945833.7512,0.0000,0.0000,0.0000,0.0000,0.0000,3.1098,-0.2008,0.0000,-0.0195,-0.2078,0.2650
1774945833.7712,0.0000,0.0000,0.0000,0.0000,0.0000,3.1081,-0.2032,0.0000,-0.0791,0.0819,0.2917
1774945833.7913,0.0000,0.0000,0.0000,0.0000,0.0000,3.1082,-0.2083,0.0000,-0.0674,0.2822,0.2789
1774945833.8114,0.0000,0.0000,0.0000,0.0000,0.0000,3.1108,-0.2101,0.0000,-0.0056,0.2215,0.2491
1774945833.8313,0.0000,0.0000,0.0000,0.0000,0.0000,3.1133,-0.2094,0.0000,0.0796,0.1000,0.2277
1774945833.8513,0.0000,0.0000,0.0000,0.0000,0.0000,3.1166,-0.2129,0.0000,0.1105,0.1373,0.1574
1774945833.8713,0.0000,0.0000,0.0000,0.0000,0.0000,3.1180,-0.2186,0.0000,-0.0109,0.2577,0.1116
1774945833.8917,0.0000,0.0000,0.0000,0.0000,0.0000,3.1217,-0.2243,0.0000,-0.0322,0.2907,0.0733
1774945833.9129,0.0000,0.0000,0.0000,0.0000,0.0000,3.1219,-0.2255,20.2510,-0.0152,0.2215,0.0743
1774945833.9320,0.0000,0.0000,0.0000,0.0000,0.0000,3.1197,-0.2251,0.0000,-0.0099,0.0979,0.0988
1774945833.9522,0.0000,0.0000,0.0000,0.0000,0.0000,3.1183,-0.2226,-5.4678,-0.0045,-0.0512,0.1223
1774945833.9714,0.0000,0.0000,0.0000,0.0000,0.0000,3.1164,-0.2232,0.0000,0.0210,-0.0640,0.1894
1774945833.9921,0.0000,0.0000,0.0000,0.0000,0.0000,3.1208,-0.2257,46.9042,0.0754,0.1096,0.2363
1774945834.0114,0.0000,0.0000,0.0000,0.0000,0.0000,3.1221,-0.2304,-25.5633,0.0711,0.1309,0.2320
1774945834.0314,0.0000,0.0000,0.0000,0.0000,0.0000,3.1258,-0.2330,79.5409,0.0285,0.0287,0.1553
1774945834.0513,0.0000,0.0000,0.0000,0.0000,0.0000,3.1286,-0.2322,100.0945,-0.0290,-0.1151,0.0626
1774945834.0715,0.0000,0.0000,0.0000,0.0000,0.0000,3.1331,-0.2323,33.5215,0.0988,-0.1024,-0.0684
1774945834.0920,0.0000,0.0000,0.0000,0.0000,0.0000,3.1383,-0.2330,-38.0772,0.1350,-0.0725,-0.1675
1774945834.1113,0.0000,0.0000,0.0000,0.0000,0.0000,3.1388,-0.2318,17.5833,0.0636,-0.1418,-0.1930
1774945834.1314,0.0000,0.0000,0.0000,0.0000,0.0000,3.1361,-0.2289,-20.3094,0.0072,-0.2696,-0.1600
1774945834.1514,0.0000,0.0000,0.0000,0.0000,0.0000,3.1336,-0.2243,21.0880,0.0562,-0.3538,-0.0865
1774945834.1714,0.0000,0.0000,0.0000,0.0000,0.0000,3.1373,-0.2197,28.4744,0.2298,-0.3442,-0.0045
1774945834.1915,0.0000,0.0000,0.0000,0.0000,0.0000,3.1387,-0.2159,-14.4731,0.1840,-0.3016,0.0477
1774945834.2114,0.0000,0.0000,0.0000,0.0000,0.0000,3.1371,-0.2137,-23.8636,-0.0035,-0.2067,0.0424
1774945834.2315,0.0000,0.0000,0.0000,0.0000,0.0000,3.1353,-0.2149,30.6261,-0.1611,-0.0779,-0.0332
1774945834.2512,0.0000,0.0000,0.0000,0.0000,0.0000,3.1344,-0.2157,22.5902,-0.1942,-0.0502,-0.0822
1774945834.2714,0.0000,0.0000,0.0000,0.0000,0.0000,3.1352,-0.2155,14.6617,-0.1047,-0.0747,-0.0961
1774945834.2914,0.0000,0.0000,0.0000,0.0000,0.0000,3.1366,-0.2144,11.4719,-0.0440,-0.1535,-0.0727
1774945834.3115,0.0000,0.0000,0.0000,0.0000,0.0000,3.1361,-0.2134,20.9810,-0.0003,-0.1865,-0.0279
1774945834.3315,0.0000,0.0000,0.0000,0.0000,0.0000,3.1315,-0.2091,-42.0276,-0.1004,-0.1577,0.1191
1774945834.3515,0.0000,0.0000,0.0000,0.0000,0.0000,3.1250,-0.2059,16.2612,-0.1899,0.0180,0.2512
1774945834.3725,0.0000,0.0000,0.0000,0.0000,0.0000,3.1252,-0.2043,17.9823,-0.1068,0.0713,0.2618
1774945834.3917,0.0000,0.0000,0.0000,0.0000,0.0000,3.1259,-0.2038,70.5885,-0.0685,0.0777,0.2320
1774945834.4114,0.0000,0.0000,0.0000,0.0000,0.0000,3.1245,-0.2018,22.4216,-0.0876,0.0606,0.1915
1774945834.4313,0.0000,0.0000,0.0000,0.0000,0.0000,3.1233,-0.1987,-34.9623,-0.0834,-0.0012,0.1862
1774945834.4512,0.0000,0.0000,0.0000,0.0000,0.0000,3.1231,-0.2015,-74.0460,-0.0312,0.0787,0.1681
1774945834.4713,0.0000,0.0000,0.0000,0.0000,0.0000,3.1238,-0.2080,-1.9938,0.0168,0.2375,0.1404
1774945834.4913,0.0000,0.0000,0.0000,0.0000,0.0000,3.1241,-0.2163,8.3971,-0.0088,0.2343,0.1084
1774945834.5113,0.0000,0.0000,0.0000,0.0000,0.0000,3.1238,-0.2212,69.5372,0.0072,0.1576,0.1052
1774945834.5315,0.0000,0.0000,0.0000,0.0000,0.0000,3.1234,-0.2238,102.5707,0.0477,0.0819,0.0999
1774945834.5514,0.0000,0.0000,0.0000,0.0000,0.0000,3.1227,-0.2233,84.0995,0.0498,-0.0480,0.1340
1774945834.5713,0.0000,0.0000,0.0000,0.0000,0.0000,3.1208,-0.2248,-10.3786,-0.0035,0.0106,0.1468
1774945834.5914,0.0000,0.0000,0.0000,0.0000,0.0000,3.1249,-0.2284,6.6592,0.0306,0.1224,0.1383
1774945834.6116,0.0000,0.0000,0.0000,0.0000,0.0000,3.1274,-0.2280,50.8705,0.0210,0.1086,0.1447
1774945834.6314,0.0000,0.0000,0.0000,0.0000,0.0000,3.1278,-0.2251,15.4129,-0.0535,-0.0342,0.1670
1774945834.6514,0.0000,0.0000,0.0000,0.0000,0.0000,3.1289,-0.2196,-0.5811,-0.0408,-0.1418,0.1809
1774945834.6714,0.0000,0.0000,0.0000,0.0000,0.0000,3.1328,-0.2157,-46.8916,-0.0024,-0.1769,0.1905
1774945834.6914,0.0000,0.0000,0.0000,0.0000,0.0000,3.1361,-0.2170,-70.8826,0.0434,-0.0502,0.2011
1774945834.7112,0.0000,0.0000,0.0000,0.0000,0.0000,3.1373,-0.2190,13.1056,-0.0184,0.0692,0.1851
1774945834.7314,0.0000,0.0000,0.0000,0.0000,0.0000,3.1367,-0.2194,68.5729,-0.0429,0.0297,0.1606
1774945834.7514,0.0000,0.0000,0.0000,0.0000,0.0000,3.1355,-0.2165,0.8523,-0.0844,-0.1055,0.1542
1774945834.7712,0.0000,0.0000,0.0000,0.0000,0.0000,3.1381,-0.2139,-11.1567,-0.0993,-0.1780,0.1457
1774945834.7914,0.0000,0.0000,0.0000,0.0000,0.0000,3.1386,-0.2117,-100.4542,-0.0248,-0.1695,0.1755
1774945834.8114,0.0000,0.0000,0.0000,0.0000,0.0000,3.1399,-0.2133,-74.1170,0.0082,-0.0331,0.1990
1774945834.8315,0.0000,0.0000,0.0000,0.0000,0.0000,-3.1401,-0.2158,3.9590,0.0178,0.0969,0.2405
1774945834.8513,0.0000,0.0000,0.0000,0.0000,0.0000,-3.1408,-0.2141,6.8910,-0.0077,0.0734,0.2938
1774945834.8714,0.0000,0.0000,0.0000,0.0000,0.0000,3.1409,-0.2134,31.3235,-0.0876,0.1032,0.3247
1774945834.8914,0.0000,0.0000,0.0000,0.0000,0.0000,-3.1403,-0.2130,40.1081,-0.0546,0.1277,0.3162
1774945834.9114,0.0000,0.0000,0.0000,0.0000,0.0000,-3.1407,-0.2145,16.7485,-0.0780,0.1608,0.3055
1774945834.9314,0.0000,0.0000,0.0000,0.0000,0.0000,-3.1411,-0.2137,-6.5692,-0.1366,0.1256,0.2853
1774945834.9514,0.0000,0.0000,0.0000,0.0000,0.0000,3.1400,-0.2130,-20.6092,-0.1537,0.0638,0.3098
1774945834.9713,0.0000,0.0000,0.0000,0.0000,0.0000,3.1396,-0.2162,-39.2017,-0.1324,0.0926,0.3108
1774945834.9913,0.0000,0.0000,0.0000,0.0000,0.0000,3.1401,-0.2170,28.0222,-0.0930,0.0745,0.2991
1774945835.0114,0.0000,0.0000,0.0000,0.0000,0.0000,3.1390,-0.2198,0.4536,-0.0322,0.0660,0.2991
1774945835.0315,0.0000,0.0000,0.0000,0.0000,0.0000,3.1393,-0.2224,-0.2902,-0.0408,0.0841,0.2640
1774945835.0513,0.0000,0.0000,0.0000,0.0000,0.0000,3.1355,-0.2249,5.2955,-0.1079,0.1011,0.2405
1774945835.0713,0.0000,0.0000,0.0000,0.0000,0.0000,3.1356,-0.2252,74.9082,-0.1068,0.0713,0.2384
1774945835.0915,0.0000,0.0000,0.0000,0.0000,0.0000,3.1327,-0.2258,-3.8207,-0.1036,0.0383,0.2203
1774945835.1113,0.0000,0.0000,0.0000,0.0000,0.0000,3.1297,-0.2235,-13.3123,-0.1334,-0.0086,0.2459
1774945835.1314,0.0000,0.0000,0.0000,0.0000,0.0000,3.1288,-0.2230,-88.0039,-0.1334,-0.0107,0.2459
1774945835.1513,0.0000,0.0000,0.0000,0.0000,0.0000,3.1331,-0.2266,-83.8281,-0.0184,0.1000,0.2320
1774945835.1714,0.0000,0.0000,0.0000,0.0000,0.0000,3.1375,-0.2290,-25.7708,0.0050,0.1927,0.1883
1774945835.1914,0.0000,0.0000,0.0000,0.0000,0.0000,3.1408,-0.2295,67.6920,-0.0045,0.1586,0.1489
1774945835.2113,0.0000,0.0000,0.0000,0.0000,0.0000,3.1415,-0.2278,-26.6360,-0.0493,0.0819,0.1106
1774945835.2314,0.0000,0.0000,0.0000,0.0000,0.0000,-3.1401,-0.2285,76.7323,-0.0056,0.0851,0.1447
1774945835.2517,0.0000,0.0000,0.0000,0.0000,0.0000,-3.1383,-0.2288,21.3981,0.0295,0.0628,0.1798
1774945835.2725,0.0000,0.0000,0.0000,0.0000,0.0000,-3.1379,-0.2296,-3.7191,-0.0013,0.0233,0.1873
1774945835.2913,0.0000,0.0000,0.0000,0.0000,0.0000,-3.1375,-0.2331,1.4833,-0.0823,0.0457,0.0967
1774945835.3115,0.0000,0.0000,0.0000,0.0000,0.0000,-3.1340,-0.2354,-53.6027,0.0626,0.0425,-0.0332
1774945835.3314,0.0000,0.0000,0.0000,0.0000,0.0000,-3.1308,-0.2334,33.9028,0.1233,-0.0363,-0.1323
1774945835.3515,0.0000,0.0000,0.0000,0.0000,0.0000,-3.1292,-0.2284,-22.7581,0.1062,-0.1151,-0.1547
1774945835.3715,0.0000,0.0000,0.0000,0.0000,0.0000,-3.1300,-0.2250,-49.9876,0.1435,-0.0768,-0.1494
1774945835.3913,0.0000,0.0000,0.0000,0.0000,0.0000,-3.1315,-0.2233,57.4737,0.1126,0.0255,-0.0801
1774945835.4112,0.0000,0.0000,0.0000,0.0000,0.0000,-3.1322,-0.2213,30.2909,0.1031,0.0553,-0.0258
1774945835.4317,0.0000,0.0000,0.0000,0.0000,0.0000,-3.1320,-0.2201,-22.4945,0.0775,0.1032,-0.0269
1774945835.4514,0.0000,0.0000,0.0000,0.0000,0.0000,-3.1309,-0.2203,-59.6505,0.0338,0.1522,-0.0514
1774945835.4714,0.0000,0.0000,0.0000,0.0000,0.0000,-3.1288,-0.2215,-72.3407,0.0019,0.1522,-0.0876
1774945835.4915,0.0000,0.0000,0.0000,0.0000,0.0000,-3.1257,-0.2245,-11.2602,-0.0184,0.1128,-0.0641
1774945835.5113,0.0000,0.0000,0.0000,0.0000,0.0000,-3.1216,-0.2264,-1.1656,0.0903,0.0319,-0.0002
1774945835.5314,0.0000,0.0000,0.0000,0.0000,0.0000,-3.1200,-0.2282,-59.8820,0.1158,0.0084,0.0094
1774945835.5513,0.0000,0.0000,0.0000,0.0000,0.0000,-3.1229,-0.2292,-4.2346,-0.0088,0.0212,-0.0098
1774945835.5716,0.0000,0.0000,0.0000,0.0000,0.0000,-3.1254,-0.2269,-4.9583,-0.0440,-0.0438,-0.0194
1774945835.5914,0.0000,0.0000,0.0000,0.0000,0.0000,-3.1233,-0.2249,-7.0426,-0.0322,-0.0651,-0.0290
1774945835.6114,0.0000,0.0000,0.0000,0.0000,0.0000,-3.1233,-0.2284,-6.2808,-0.0269,0.0425,-0.0450
1774945835.6314,0.0000,0.0000,0.0000,0.0000,0.0000,-3.1228,-0.2320,-36.5947,-0.0578,0.1064,-0.0577
1774945835.6513,0.0000,0.0000,0.0000,0.0000,0.0000,-3.1255,-0.2347,30.7842,-0.1015,0.1341,-0.0514
1774945835.6713,0.0000,0.0000,0.0000,0.0000,0.0000,-3.1278,-0.2353,22.8628,-0.1345,0.0308,-0.0503
1774945835.6913,0.0000,0.0000,0.0000,0.0000,0.0000,-3.1304,-0.2387,-27.0586,-0.1356,0.0489,-0.0769
1774945835.7113,0.0000,0.0000,0.0000,0.0000,0.0000,-3.1308,-0.2434,10.1599,-0.1228,0.1288,-0.1302
1774945835.7313,0.0000,0.0000,0.0000,0.0000,0.0000,-3.1309,-0.2432,49.4588,-0.1281,0.0585,-0.1195
1774945835.7513,0.0000,0.0000,0.0000,0.0000,0.0000,-3.1305,-0.2416,9.7474,-0.0578,-0.0054,-0.0918
1774945835.7714,0.0000,0.0000,0.0000,0.0000,0.0000,-3.1335,-0.2455,0.2927,-0.0759,0.0436,-0.0791
1774945835.7913,0.0000,0.0000,0.0000,0.0000,0.0000,-3.1381,-0.2506,25.8694,-0.1707,0.1054,-0.0865
1774945835.8115,0.0000,0.0000,0.0000,0.0000,0.0000,3.1393,-0.2541,-33.7473,-0.1718,-0.0576,-0.0705
1774945835.8314,0.0000,0.0000,0.0000,0.0000,0.0000,3.1364,-0.2532,-40.0026,-0.0834,-0.3197,-0.0492
1774945835.8515,0.0000,0.0000,0.0000,0.0000,0.0000,3.1333,-0.2482,-24.9672,-0.0919,-0.4613,-0.0620
1774945835.8713,0.0000,0.0000,0.0000,0.0000,0.0000,3.1282,-0.2426,2.4907,-0.1675,-0.4358,-0.0908
1774945835.8914,0.0000,0.0000,0.0000,0.0000,0.0000,3.1215,-0.2357,-32.9797,-0.1547,-0.4560,-0.0737
1774945835.9114,0.0000,0.0000,0.0000,0.0000,0.0000,3.1208,-0.2288,6.7361,-0.0876,-0.4390,-0.0737
1774945835.9313,0.0000,0.0000,0.0000,0.0000,0.0000,3.1207,-0.2223,70.6302,-0.0695,-0.3452,-0.0727
1774945835.9517,0.0000,0.0000,0.0000,0.0000,0.0000,3.1201,-0.2205,5.6664,-0.0642,-0.1886,-0.0822
1774945835.9714,0.0000,0.0000,0.0000,0.0000,0.0000,3.1166,-0.2188,-85.3143,-0.1143,-0.0693,-0.0791
1774945835.9912,0.0000,0.0000,0.0000,0.0000,0.0000,3.1152,-0.2210,0.5631,-0.0738,0.0532,-0.0993
1774945836.0114,0.0000,0.0000,0.0000,0.0000,0.0000,3.1140,-0.2253,61.6797,0.0093,0.0883,-0.0450
1774945836.0314,0.0000,0.0000,0.0000,0.0000,0.0000,3.1113,-0.2258,21.2399,0.1148,-0.0342,0.0296
1774945836.0514,0.0000,0.0000,0.0000,0.0000,0.0000,3.1102,-0.2244,13.3348,0.1425,-0.1460,0.0232
1774945836.0715,0.0000,0.0000,0.0000,0.0000,0.0000,3.1085,-0.2191,31.3652,0.0413,-0.2153,-0.0045
1774945836.0912,0.0000,0.0000,0.0000,0.0000,0.0000,3.1084,-0.2113,41.8276,0.1169,-0.2195,-0.0269
1774945836.1113,0.0000,0.0000,0.0000,0.0000,0.0000,3.1097,-0.2067,39.3443,0.1883,-0.0960,-0.0130
1774945836.1313,0.0000,0.0000,0.0000,0.0000,0.0000,3.1113,-0.2100,0.0000,0.1883,0.0905,0.0413
1774945836.1513,0.0000,0.0000,0.0000,0.0000,0.0000,3.1148,-0.2169,0.0000,0.2181,0.1352,0.0562
1774945836.1714,0.0000,0.0000,0.0000,0.0000,0.0000,3.1177,-0.2217,59.8148,0.2490,0.0670,0.0786
1774945836.1914,0.0000,0.0000,0.0000,0.0000,0.0000,3.1202,-0.2238,0.0000,0.2394,-0.0257,0.0573
1774945836.2113,0.0000,0.0000,0.0000,0.0000,0.0000,3.1282,-0.2263,0.0000,0.2213,0.1064,0.0083
1774945836.2313,0.0000,0.0000,0.0000,0.0000,0.0000,3.1355,-0.2286,0.0000,0.1734,0.2002,-0.0098
1774945836.2512,0.0000,0.0000,0.0000,0.0000,0.0000,-3.1409,-0.2292,0.0000,0.2256,0.1725,-0.0503
1774945836.2713,0.0000,0.0000,0.0000,0.0000,0.0000,-3.1352,-0.2283,0.0000,0.2341,0.1096,-0.0332
1774945836.2913,0.0000,0.0000,0.0000,0.0000,0.0000,-3.1320,-0.2258,0.0000,0.2074,0.0265,-0.0386
1774945836.3113,0.0000,0.0000,0.0000,0.0000,0.0000,-3.1299,-0.2211,0.0000,0.0892,-0.0885,-0.0620
1774945836.3313,0.0000,0.0000,0.0000,0.0000,0.0000,-3.1276,-0.2151,0.0000,0.0221,-0.1450,-0.0492
1774945836.3514,0.0000,0.0000,0.0000,0.0000,0.0000,-3.1244,-0.2090,0.0000,0.0264,-0.1886,-0.0151
1774945836.3713,0.0000,0.0000,0.0000,0.0000,0.0000,-3.1200,-0.2067,0.0000,0.0274,-0.1812,-0.0098
1774945836.3912,0.0000,0.0000,0.0000,0.0000,0.0000,-3.1231,-0.2067,0.0000,-0.0397,-0.0693,-0.0226
1774945836.4124,0.0000,0.0000,0.0000,0.0000,0.0000,-3.1271,-0.2052,0.0000,-0.1004,0.0351,-0.0567
1774945836.4314,0.0000,0.0000,0.0000,0.0000,0.0000,-3.1249,-0.2064,0.0000,-0.0578,0.0404,-0.0695
1774945836.4522,0.0000,0.0000,0.0000,0.0000,0.0000,-3.1251,-0.2045,38.4069,-0.0184,-0.0896,-0.0354
1774945836.4714,0.0000,0.0000,0.0000,0.0000,0.0000,-3.1263,-0.1982,39.9799,-0.0216,-0.2600,-0.0055
1774945836.4914,0.0000,0.0000,0.0000,0.0000,0.0000,-3.1316,-0.1946,41.3520,-0.1515,-0.1908,-0.0130
1774945836.5114,0.0000,0.0000,0.0000,0.0000,0.0000,-3.1355,-0.1949,11.4036,-0.1995,-0.0225,-0.0588
1774945836.5314,0.0000,0.0000,0.0000,0.0000,0.0000,-3.1359,-0.1962,0.0000,-0.1697,0.0628,-0.0716
1774945836.5514,0.0000,0.0000,0.0000,0.0000,0.0000,-3.1342,-0.1952,9.2281,0.0274,0.1128,-0.1025
1774945836.5715,0.0000,0.0000,0.0000,0.0000,0.0000,-3.1316,-0.1950,72.8711,0.1712,0.1714,-0.0737
1774945836.5913,0.0000,0.0000,0.0000,0.0000,0.0000,-3.1318,-0.1980,-4.2681,0.1563,0.2364,-0.0151
1774945836.6113,0.0000,0.0000,0.0000,0.0000,0.0000,-3.1337,-0.2032,-7.0460,0.0487,0.2961,0.0083
1774945836.6314,0.0000,0.0000,0.0000,0.0000,0.0000,-3.1380,-0.2095,0.0000,-0.0759,0.3653,-0.0109
1774945836.6514,0.0000,0.0000,0.0000,0.0000,0.0000,-3.1409,-0.2138,102.1980,-0.0823,0.2875,-0.0194
1774945836.6712,0.0000,0.0000,0.0000,0.0000,0.0000,-3.1395,-0.2141,-7.1384,-0.0003,0.0862,-0.0269
1774945836.6914,0.0000,0.0000,0.0000,0.0000,0.0000,-3.1374,-0.2121,-33.1270,0.0338,-0.0033,-0.0322
1774945836.7114,0.0000,0.0000,0.0000,0.0000,0.0000,-3.1358,-0.2127,31.6165,-0.0429,0.0191,-0.0567
1774945836.7314,0.0000,0.0000,0.0000,0.0000,0.0000,-3.1369,-0.2164,12.9332,-0.1931,0.0681,-0.0439
1774945836.7512,0.0000,0.0000,0.0000,0.0000,0.0000,-3.1366,-0.2198,-79.2155,-0.1345,0.1214,-0.0641
1774945836.7712,0.0000,0.0000,0.0000,0.0000,0.0000,-3.1352,-0.2278,-28.6914,0.0402,0.3323,-0.0567
1774945836.7914,0.0000,0.0000,0.0000,0.0000,0.0000,-3.1355,-0.2363,-18.9072,0.1052,0.3152,-0.0055
1774945836.8113,0.0000,0.0000,0.0000,0.0000,0.0000,-3.1376,-0.2396,39.6530,0.0540,0.0905,0.0253
1774945836.8314,0.0000,0.0000,0.0000,0.0000,0.0000,-3.1408,-0.2390,37.6407,0.0274,-0.1237,0.0285
1774945836.8518,0.0000,0.0000,0.0000,0.0000,0.0000,3.1391,-0.2343,-30.6133,0.0519,-0.2749,0.0317
1774945836.8713,0.0000,0.0000,0.0000,0.0000,0.0000,-3.1403,-0.2317,-8.8783,0.1499,-0.2685,0.0062
1774945836.8913,0.0000,0.0000,0.0000,0.0000,0.0000,-3.1371,-0.2297,-7.1576,0.1414,-0.1769,-0.0162
1774945836.9113,0.0000,0.0000,0.0000,0.0000,0.0000,-3.1360,-0.2311,20.1218,0.0743,-0.0832,-0.0428
1774945836.9314,0.0000,0.0000,0.0000,0.0000,0.0000,-3.1347,-0.2315,-3.6322,0.0189,-0.0821,-0.0684
1774945836.9514,0.0000,0.0000,0.0000,0.0000,0.0000,-3.1327,-0.2276,18.2389,0.0221,-0.1503,-0.0791
1774945836.9715,0.0000,0.0000,0.0000,0.0000,0.0000,-3.1281,-0.2235,14.7170,0.1148,-0.2557,-0.0364
1774945836.9913,0.0000,0.0000,0.0000,0.0000,0.0000,-3.1257,-0.2209,-37.2197,0.1883,-0.2653,0.0083
1774945837.0113,0.0000,0.0000,0.0000,0.0000,0.0000,-3.1244,-0.2194,-1.2800,0.1467,-0.2110,0.0349
1774945837.0312,0.0000,0.0000,0.0000,0.0000,0.0000,-3.1261,-0.2186,-32.7806,0.0136,-0.1705,0.0285
1774945837.0512,0.0000,0.0000,0.0000,0.0000,0.0000,-3.1272,-0.2197,-31.6595,-0.0237,-0.1098,0.0008
1774945837.0714,0.0000,0.0000,0.0000,0.0000,0.0000,-3.1250,-0.2205,-1.5879,0.0200,-0.0704,-0.0205
1774945837.0915,0.0000,0.0000,0.0000,0.0000,0.0000,-3.1217,-0.2201,-42.3910,0.0445,-0.0512,-0.0354
1774945837.1113,0.0000,0.0000,0.0000,0.0000,0.0000,-3.1231,-0.2217,-18.4045,-0.0642,-0.0225,-0.0556
1774945837.1313,0.0000,0.0000,0.0000,0.0000,0.0000,-3.1268,-0.2252,7.1198,-0.2069,0.1086,-0.0876
1774945837.1513,0.0000,0.0000,0.0000,0.0000,0.0000,-3.1280,-0.2280,41.5218,-0.2155,0.1182,-0.1131
1774945837.1713,0.0000,0.0000,0.0000,0.0000,0.0000,-3.1293,-0.2284,-35.4525,-0.1899,0.0372,-0.1195
1774945837.1914,0.0000,0.0000,0.0000,0.0000,0.0000,-3.1306,-0.2242,-89.6468,-0.0940,-0.0629,-0.1163
1774945837.2112,0.0000,0.0000,0.0000,0.0000,0.0000,-3.1329,-0.2211,0.0569,-0.0599,0.0329,-0.0950
1774945837.2313,0.0000,0.0000,0.0000,0.0000,0.0000,-3.1381,-0.2228,16.1549,-0.0834,0.1640,-0.0311
1774945837.2513,0.0000,0.0000,0.0000,0.0000,0.0000,3.1386,-0.2282,49.6539,-0.1441,0.2822,0.0104
1774945837.2726,0.0000,0.0000,0.0000,0.0000,0.0000,3.1341,-0.2312,-19.7058,-0.1121,0.2556,0.0168
1774945837.2913,0.0000,0.0000,0.0000,0.0000,0.0000,3.1300,-0.2346,8.6197,-0.0045,0.0479,0.0296
1774945837.3117,0.0000,0.0000,0.0000,0.0000,0.0000,3.1280,-0.2358,-40.2096,0.0498,-0.0246,0.0115
1774945837.3314,0.0000,0.0000,0.0000,0.0000,0.0000,3.1258,-0.2363,-34.8864,0.0562,-0.0480,-0.0098
1774945837.3513,0.0000,0.0000,0.0000,0.0000,0.0000,3.1238,-0.2367,-49.2670,0.0945,0.0244,-0.0332
1774945837.3715,0.0000,0.0000,0.0000,0.0000,0.0000,3.1288,-0.2401,18.9769,0.1563,0.1341,-0.0514
1774945837.3913,0.0000,0.0000,0.0000,0.0000,0.0000,3.1324,-0.2397,42.2124,0.2202,0.1480,-0.0428
1774945837.4114,0.0000,0.0000,0.0000,0.0000,0.0000,3.1359,-0.2384,-6.3259,0.2746,0.1150,-0.0226
1774945837.4313,0.0000,0.0000,0.0000,0.0000,0.0000,3.1386,-0.2370,-5.9151,0.2213,0.0649,-0.0151
1774945837.4514,0.0000,0.0000,0.0000,0.0000,0.0000,3.1395,-0.2356,-3.0762,0.1478,0.0660,-0.0237
1774945837.4714,0.0000,0.0000,0.0000,0.0000,0.0000,3.1413,-0.2340,-32.8299,0.1105,0.0404,-0.0087
1774945837.4913,0.0000,0.0000,0.0000,0.0000,0.0000,-3.1384,-0.2335,-64.5180,0.1840,0.0020,0.0200
1774945837.5113,0.0000,0.0000,0.0000,0.0000,0.0000,-3.1312,-0.2323,-8.8866,0.2064,-0.0736,0.0190
1774945837.5320,0.0000,0.0000,0.0000,0.0000,0.0000,-3.1282,-0.2274,65.6283,0.1361,-0.1865,-0.0045
1774945837.5513,0.0000,0.0000,0.0000,0.0000,0.0000,-3.1230,-0.2222,50.0222,0.1222,-0.2653,-0.0375
1774945837.5713,0.0000,0.0000,0.0000,0.0000,0.0000,-3.1170,-0.2160,4.0868,0.1403,-0.2877,-0.0684
1774945837.5913,0.0000,0.0000,0.0000,0.0000,0.0000,-3.1114,-0.2106,1.6587,0.0945,-0.2025,-0.0982
1774945837.6114,0.0000,0.0000,0.0000,0.0000,0.0000,-3.1092,-0.2125,6.4550,0.0445,-0.0214,-0.0929
1774945837.6313,0.0000,0.0000,0.0000,0.0000,0.0000,-3.1107,-0.2133,12.8515,-0.0397,0.1011,-0.0897
1774945837.6514,0.0000,0.0000,0.0000,0.0000,0.0000,-3.1100,-0.2120,-7.6353,-0.0184,0.1086,-0.0918
1774945837.6713,0.0000,0.0000,0.0000,0.0000,0.0000,-3.1117,-0.2100,27.2722,-0.0354,0.0468,-0.0854
1774945837.6913,0.0000,0.0000,0.0000,0.0000,0.0000,-3.1153,-0.2087,30.4547,-0.1143,0.0244,-0.0609
1774945837.7114,0.0000,0.0000,0.0000,0.0000,0.0000,-3.1192,-0.2081,54.4470,-0.1526,0.0574,-0.0396
1774945837.7315,0.0000,0.0000,0.0000,0.0000,0.0000,-3.1226,-0.2072,-36.6272,-0.1888,0.0606,-0.0535
1774945837.7512,0.0000,0.0000,0.0000,0.0000,0.0000,-3.1230,-0.2115,23.7034,-0.1228,0.1224,-0.0364
1774945837.7714,0.0000,0.0000,0.0000,0.0000,0.0000,-3.1225,-0.2167,-28.7209,-0.0631,0.1565,-0.0130
1774945837.7913,0.0000,0.0000,0.0000,0.0000,0.0000,-3.1233,-0.2230,-35.6149,0.0168,0.1405,0.0158
1774945837.8122,0.0000,0.0000,0.0000,0.0000,0.0000,-3.1263,-0.2272,-50.2876,0.0157,0.1267,0.0115
1774945837.8313,0.0000,0.0000,0.0000,0.0000,0.0000,-3.1307,-0.2303,-45.2629,-0.0940,0.1395,-0.0322
1774945837.8512,0.0000,0.0000,0.0000,0.0000,0.0000,-3.1364,-0.2352,7.0030,-0.1590,0.1459,-0.0599
1774945837.8712,0.0000,0.0000,0.0000,0.0000,0.0000,-3.1364,-0.2355,-21.0589,-0.0748,0.1022,-0.0759
1774945837.8914,0.0000,0.0000,0.0000,0.0000,0.0000,-3.1352,-0.2328,-54.2403,0.0285,-0.0715,-0.0929
1774945837.9115,0.0000,0.0000,0.0000,0.0000,0.0000,-3.1376,-0.2306,-62.3949,-0.0184,-0.1556,-0.0759
1774945837.9312,0.0000,0.0000,0.0000,0.0000,0.0000,-3.1391,-0.2279,-38.7824,0.0200,-0.1439,-0.0514
1774945837.9513,0.0000,0.0000,0.0000,0.0000,0.0000,-3.1411,-0.2259,-37.7401,0.0466,-0.1279,-0.0258
1774945837.9713,0.0000,0.0000,0.0000,0.0000,0.0000,3.1396,-0.2223,-76.4155,0.0072,-0.1055,-0.0300
1774945837.9921,0.0000,0.0000,0.0000,0.0000,0.0000,3.1395,-0.2226,19.5126,-0.0290,-0.0715,-0.0460
1774945838.0112,0.0000,0.0000,0.0000,0.0000,0.0000,-3.1391,-0.2204,-31.2391,0.1414,-0.0118,-0.0407
1774945838.0313,0.0000,0.0000,0.0000,0.0000,0.0000,-3.1333,-0.2209,-39.0335,0.2501,-0.0331,-0.0428
1774945838.0513,0.0000,0.0000,0.0000,0.0000,0.0000,-3.1317,-0.2216,-9.6229,0.2106,-0.0981,-0.0663
1774945838.0712,0.0000,0.0000,0.0000,0.0000,0.0000,-3.1319,-0.2190,31.8187,0.1723,-0.2089,-0.0673
1774945838.0919,0.0000,0.0000,0.0000,0.0000,0.0000,-3.1328,-0.2162,17.8267,0.0785,-0.2419,-0.0407
1774945838.1115,0.0000,0.0000,0.0000,0.0000,0.0000,-3.1338,-0.2138,4.1926,0.0977,-0.2344,-0.0130
1774945838.1316,0.0000,0.0000,0.0000,0.0000,0.0000,-3.1308,-0.2117,-2.7310,0.1329,-0.1322,0.0051
1774945838.1515,0.0000,0.0000,0.0000,0.0000,0.0000,-3.1276,-0.2132,18.4194,0.1222,-0.0363,0.0019
1774945838.1713,0.0000,0.0000,0.0000,0.0000,0.0000,-3.1221,-0.2146,34.2861,0.1499,-0.0512,-0.0119
1774945838.1912,0.0000,0.0000,0.0000,0.0000,0.0000,-3.1175,-0.2147,50.8878,0.1872,-0.0406,0.0136
1774945838.2113,0.0000,0.0000,0.0000,0.0000,0.0000,-3.1159,-0.2170,45.3996,0.1627,-0.0012,0.0232
1774945838.2315,0.0000,0.0000,0.0000,0.0000,0.0000,-3.1154,-0.2198,-51.2681,0.0967,0.0564,-0.0013
1774945838.2514,0.0000,0.0000,0.0000,0.0000,0.0000,-3.1151,-0.2249,53.9134,0.0093,0.0702,-0.0098
1774945838.2712,0.0000,0.0000,0.0000,0.0000,0.0000,-3.1154,-0.2289,-1.3054,-0.1473,0.1139,-0.0332
1774945838.2913,0.0000,0.0000,0.0000,0.0000,0.0000,-3.1146,-0.2317,26.5751,-0.1654,0.1128,-0.0695
1774945838.3113,0.0000,0.0000,0.0000,0.0000,0.0000,-3.1133,-0.2335,62.9595,-0.1281,0.0830,-0.0705
1774945838.3313,0.0000,0.0000,0.0000,0.0000,0.0000,-3.1119,-0.2332,6.9018,-0.1377,0.0361,-0.0407
1774945838.3513,0.0000,0.0000,0.0000,0.0000,0.0000,-3.1135,-0.2322,23.0603,-0.1121,0.0095,-0.0450
1774945838.3713,0.0000,0.0000,0.0000,0.0000,0.0000,-3.1166,-0.2293,38.0424,-0.1143,-0.0427,-0.0577
1774945838.3915,0.0000,0.0000,0.0000,0.0000,0.0000,-3.1205,-0.2275,58.8047,-0.1004,-0.0565,-0.0567
1774945838.4112,0.0000,0.0000,0.0000,0.0000,0.0000,-3.1231,-0.2256,38.4834,-0.0333,-0.0651,-0.0418
1774945838.4314,0.0000,0.0000,0.0000,0.0000,0.0000,-3.1251,-0.2256,-24.0818,0.0008,-0.0938,-0.0279
1774945838.4513,0.0000,0.0000,0.0000,0.0000,0.0000,-3.1279,-0.2246,15.3308,0.0253,-0.1609,-0.0109
1774945838.4713,0.0000,0.0000,0.0000,0.0000,0.0000,-3.1298,-0.2225,36.4182,0.0338,-0.2078,0.0030
1774945838.4912,0.0000,0.0000,0.0000,0.0000,0.0000,-3.1310,-0.2171,-28.1514,0.0732,-0.2099,-0.0173
1774945838.5117,0.0000,0.0000,0.0000,0.0000,0.0000,-3.1266,-0.2139,-50.5791,0.1361,-0.1386,-0.0503
1774945838.5314,0.0000,0.0000,0.0000,0.0000,0.0000,-3.1263,-0.2126,-47.6021,0.1094,-0.0512,-0.0535
1774945838.5514,0.0000,0.0000,0.0000,0.0000,0.0000,-3.1263,-0.2104,0.2107,0.0327,-0.0150,-0.0801
1774945838.5714,0.0000,0.0000,0.0000,0.0000,0.0000,-3.1257,-0.2070,52.3626,-0.0088,-0.0150,-0.0950
1774945838.5913,0.0000,0.0000,0.0000,0.0000,0.0000,-3.1241,-0.2038,27.4638,0.0551,-0.0267,-0.0684
1774945838.6113,0.0000,0.0000,0.0000,0.0000,0.0000,-3.1219,-0.2011,21.2884,0.1116,0.0297,-0.0492
1774945838.6313,0.0000,0.0000,0.0000,0.0000,0.0000,-3.1192,-0.2008,-23.7375,0.1680,0.1150,-0.0545
1774945838.6514,0.0000,0.0000,0.0000,0.0000,0.0000,-3.1201,-0.2048,-34.7974,0.0977,0.2247,-0.0588
1774945838.6713,0.0000,0.0000,0.0000,0.0000,0.0000,-3.1221,-0.2079,0.9241,0.0082,0.2929,-0.0641
1774945838.6913,0.0000,0.0000,0.0000,0.0000,0.0000,-3.1211,-0.2104,0.0000,-0.0227,0.2854,-0.0780
1774945838.7113,0.0000,0.0000,0.0000,0.0000,0.0000,-3.1201,-0.2123,0.0000,-0.1036,0.2098,-0.0886
1774945838.7314,0.0000,0.0000,0.0000,0.0000,0.0000,-3.1199,-0.2125,0.0000,-0.1239,0.1522,-0.1025
1774945838.7513,0.0000,0.0000,0.0000,0.0000,0.0000,-3.1186,-0.2125,0.0000,-0.0834,0.0905,-0.0716
1774945838.7713,0.0000,0.0000,0.0000,0.0000,0.0000,-3.1155,-0.2121,0.0000,0.0359,0.0351,-0.0173
1774945838.7913,0.0000,0.0000,0.0000,0.0000,0.0000,-3.1167,-0.2114,0.0000,0.1062,0.0425,-0.0066
1774945838.8114,0.0000,0.0000,0.0000,0.0000,0.0000,-3.1196,-0.2155,0.0000,0.0008,0.1565,0.0275
1774945838.8315,0.0000,0.0000,0.0000,0.0000,0.0000,-3.1224,-0.2220,0.0000,0.0178,0.2162,0.0445
1774945838.8513,0.0000,0.0000,0.0000,0.0000,0.0000,-3.1197,-0.2263,0.0000,0.0668,0.1416,-0.0162
1774945838.8714,0.0000,0.0000,0.0000,0.0000,0.0000,-3.1181,-0.2260,0.0000,0.0317,-0.0097,-0.0716
1774945838.8916,0.0000,0.0000,0.0000,0.0000,0.0000,-3.1140,-0.2221,0.0000,0.0700,-0.1087,-0.0940
1774945838.9118,0.0000,0.0000,0.0000,0.0000,0.0000,-3.1114,-0.2222,0.0000,0.1158,-0.1300,-0.0545
1774945838.9314,0.0000,0.0000,0.0000,0.0000,0.0000,-3.1102,-0.2226,0.0000,0.1318,-0.1588,0.0147
1774945838.9516,0.0000,0.0000,0.0000,0.0000,0.0000,-3.1112,-0.2231,-67.1772,0.0189,-0.0629,0.0243
1774945838.9713,0.0000,0.0000,0.0000,0.0000,0.0000,-3.1117,-0.2257,0.0000,-0.0418,-0.0427,-0.0109
1774945838.9916,0.0000,0.0000,0.0000,0.0000,0.0000,-3.1103,-0.2272,0.0000,-0.0695,-0.0001,-0.0705
1774945839.0114,0.0000,0.0000,0.0000,0.0000,0.0000,-3.1081,-0.2238,0.0000,-0.0578,-0.0800,-0.0769
1774945839.0314,0.0000,0.0000,0.0000,0.0000,0.0000,-3.1057,-0.2210,0.0000,0.0050,-0.1151,-0.0769
1774945839.0513,0.0000,0.0000,0.0000,0.0000,0.0000,-3.1040,-0.2201,25.9887,0.0370,-0.1258,-0.0577
1774945839.0714,0.0000,0.0000,0.0000,0.0000,0.0000,-3.1065,-0.2203,-40.0276,-0.0109,-0.1045,-0.0332
1774945839.0914,0.0000,0.0000,0.0000,0.0000,0.0000,-3.1110,-0.2184,-0.2268,-0.0269,-0.1183,-0.0247
1774945839.1114,0.0000,0.0000,0.0000,0.0000,0.0000,-3.1123,-0.2192,22.5163,-0.0109,-0.1471,-0.0343
1774945839.1314,0.0000,0.0000,0.0000,0.0000,0.0000,-3.1131,-0.2152,2.0601,0.0562,-0.1844,-0.0311
1774945839.1512,0.0000,0.0000,0.0000,0.0000,0.0000,-3.1135,-0.2124,-34.7438,0.0903,-0.0970,-0.0162
1774945839.1713,0.0000,0.0000,0.0000,0.0000,0.0000,-3.1147,-0.2128,-53.6609,0.0988,0.0755,-0.0098
1774945839.1914,0.0000,0.0000,0.0000,0.0000,0.0000,-3.1164,-0.2171,-5.1891,0.0796,0.2023,-0.0237
1774945839.2114,0.0000,0.0000,0.0000,0.0000,0.0000,-3.1163,-0.2223,5.3483,-0.0173,0.2428,-0.0514
1774945839.2314,0.0000,0.0000,0.0000,0.0000,0.0000,-3.1149,-0.2281,-14.9018,-0.0535,0.2108,-0.0908
1774945839.2513,0.0000,0.0000,0.0000,0.0000,0.0000,-3.1122,-0.2325,-30.3585,-0.0056,0.1459,-0.1014
1774945839.2713,0.0000,0.0000,0.0000,0.0000,0.0000,-3.1089,-0.2335,42.1717,-0.0056,0.0404,-0.0929
1774945839.2913,0.0000,0.0000,0.0000,0.0000,0.0000,-3.1115,-0.2341,45.0538,-0.0557,-0.0267,-0.0577
1774945839.3113,0.0000,0.0000,0.0000,0.0000,0.0000,-3.1158,-0.2302,-12.0024,-0.0951,-0.0928,-0.0279
1774945839.3319,0.0000,0.0000,0.0000,0.0000,0.0000,-3.1170,-0.2258,-46.9651,-0.0589,-0.1844,-0.0194
1774945839.3513,0.0000,0.0000,0.0000,0.0000,0.0000,-3.1191,-0.2217,-52.5524,-0.0717,-0.2206,-0.0269
1774945839.3713,0.0000,0.0000,0.0000,0.0000,0.0000,-3.1215,-0.2177,-17.8816,-0.1068,-0.1908,-0.0428
1774945839.3913,0.0000,0.0000,0.0000,0.0000,0.0000,-3.1217,-0.2188,-7.1467,-0.1302,0.0180,-0.0620
1774945839.4115,0.0000,0.0000,0.0000,0.0000,0.0000,-3.1212,-0.2208,45.5450,-0.1665,0.1224,-0.0854
1774945839.4328,0.0000,0.0000,0.0000,0.0000,0.0000,-3.1220,-0.2204,9.7925,-0.1356,0.0830,-0.0918
1774945839.4528,0.0000,0.0000,0.0000,0.0000,0.0000,-3.1231,-0.2164,13.2890,-0.0855,-0.0502,-0.0993
1774945839.4714,0.0000,0.0000,0.0000,0.0000,0.0000,-3.1231,-0.2133,27.3644,0.0594,-0.0576,-0.0567
1774945839.4912,0.0000,0.0000,0.0000,0.0000,0.0000,-3.1255,-0.2122,18.8250,0.1190,0.0297,-0.0045
1774945839.5113,0.0000,0.0000,0.0000,0.0000,0.0000,-3.1278,-0.2132,47.7588,0.1073,0.1022,0.0104
1774945839.5331,0.0000,0.0000,0.0000,0.0000,0.0000,-3.1295,-0.2143,-10.5634,0.0775,0.1043,-0.0237
1774945839.5513,0.0000,0.0000,0.0000,0.0000,0.0000,-3.1302,-0.2137,22.2213,0.1595,0.0436,-0.0045
1774945839.5715,0.0000,0.0000,0.0000,0.0000,0.0000,-3.1296,-0.2129,83.4144,0.1776,0.0042,0.0008
1774945839.5915,0.0000,0.0000,0.0000,0.0000,0.0000,-3.1302,-0.2129,36.4393,0.0679,0.0436,0.0062
1774945839.6114,0.0000,0.0000,0.0000,0.0000,0.0000,-3.1297,-0.2192,17.7150,-0.0365,0.2641,-0.0556
1774945839.6314,0.0000,0.0000,0.0000,0.0000,0.0000,-3.1264,-0.2256,43.5350,0.0466,0.3408,-0.0993
1774945839.6512,0.0000,0.0000,0.0000,0.0000,0.0000,-3.1217,-0.2283,44.7718,0.1435,0.2055,-0.0844
1774945839.6713,0.0000,0.0000,0.0000,0.0000,0.0000,-3.1178,-0.2266,71.6550,0.1734,0.0180,-0.0492
1774945839.6914,0.0000,0.0000,0.0000,0.0000,0.0000,-3.1172,-0.2216,-12.2077,0.0796,-0.1684,-0.0183
1774945839.7113,0.0000,0.0000,0.0000,0.0000,0.0000,-3.1197,-0.2158,-60.5189,0.0040,-0.1993,-0.0013
1774945839.7313,0.0000,0.0000,0.0000,0.0000,0.0000,-3.1182,-0.2118,-72.0612,0.0285,-0.1396,0.0072
1774945839.7513,0.0000,0.0000,0.0000,0.0000,0.0000,-3.1189,-0.2132,-47.0283,0.0391,0.0287,0.0158
1774945839.7713,0.0000,0.0000,0.0000,0.0000,0.0000,-3.1164,-0.2178,24.0758,0.0668,0.2162,-0.0226
1774945839.7913,0.0000,0.0000,0.0000,0.0000,0.0000,-3.1144,-0.2182,79.4163,0.0551,0.1704,-0.0812
1774945839.8117,0.0000,0.0000,0.0000,0.0000,0.0000,-3.1133,-0.2158,-11.5491,0.0146,-0.0299,-0.0748
1774945839.8314,0.0000,0.0000,0.0000,0.0000,0.0000,-3.1103,-0.2131,-24.3271,0.0423,-0.1556,-0.0503
1774945839.8513,0.0000,0.0000,0.0000,0.0000,0.0000,-3.1079,-0.2129,42.4655,0.0061,-0.1577,-0.0833
1774945839.8714,0.0000,0.0000,0.0000,0.0000,0.0000,-3.1083,-0.2107,61.7688,-0.1217,-0.1950,-0.1238
1774945839.8913,0.0000,0.0000,0.0000,0.0000,0.0000,-3.1105,-0.2076,-21.4438,-0.1846,-0.1833,-0.1355
1774945839.9114,0.0000,0.0000,0.0000,0.0000,0.0000,-3.1106,-0.2048,-53.7017,-0.0908,-0.0832,-0.1344
1774945839.9314,0.0000,0.0000,0.0000,0.0000,0.0000,-3.1098,-0.2080,-0.1131,-0.0887,0.1075,-0.1099
1774945839.9512,0.0000,0.0000,0.0000,0.0000,0.0000,-3.1132,-0.2133,8.6611,-0.1057,0.3099,-0.0940
1774945839.9713,0.0000,0.0000,0.0000,0.0000,0.0000,-3.1163,-0.2227,32.6797,-0.0535,0.3557,-0.0641
1774945839.9912,0.0000,0.0000,0.0000,0.0000,0.0000,-3.1184,-0.2242,66.7123,0.0423,0.0905,-0.0226
1774945840.0112,0.0000,0.0000,0.0000,0.0000,0.0000,-3.1194,-0.2197,-61.0356,0.0945,-0.1972,-0.0343
1774945840.0313,0.0000,0.0000,0.0000,0.0000,0.0000,-3.1229,-0.2167,-68.8245,-0.0653,-0.1748,-0.0556
1774945840.0513,0.0000,0.0000,0.0000,0.0000,0.0000,-3.1252,-0.2148,74.2294,-0.1281,-0.0683,-0.0620
1774945840.0721,0.0000,0.0000,0.0000,0.0000,0.0000,-3.1242,-0.2158,-27.9756,-0.0173,-0.0043,-0.0471
1774945840.0912,0.0000,0.0000,0.0000,0.0000,0.0000,-3.1233,-0.2210,8.9039,0.0200,0.1384,-0.0482
1774945840.1112,0.0000,0.0000,0.0000,0.0000,0.0000,-3.1222,-0.2276,35.4569,0.0604,0.1810,-0.0354
1774945840.1315,0.0000,0.0000,0.0000,0.0000,0.0000,-3.1221,-0.2331,59.5914,0.0807,0.0255,-0.0269
1774945840.1513,0.0000,0.0000,0.0000,0.0000,0.0000,-3.1207,-0.2358,-23.0933,0.0594,-0.1119,-0.0609
1774945840.1714,0.0000,0.0000,0.0000,0.0000,0.0000,-3.1205,-0.2359,-13.6038,-0.0344,-0.1854,-0.0961
1774945840.1913,0.0000,0.0000,0.0000,0.0000,0.0000,-3.1215,-0.2360,24.9464,-0.0834,-0.1055,-0.1174
1774945840.2122,0.0000,0.0000,0.0000,0.0000,0.0000,-3.1218,-0.2336,-48.0312,-0.0578,-0.0832,-0.0886
1774945840.2314,0.0000,0.0000,0.0000,0.0000,0.0000,-3.1218,-0.2273,34.9356,0.0189,-0.2025,-0.0535
1774945840.2512,0.0000,0.0000,0.0000,0.0000,0.0000,-3.1186,-0.2205,-3.7380,0.0860,-0.2803,-0.0567
1774945840.2713,0.0000,0.0000,0.0000,0.0000,0.0000,-3.1180,-0.2126,-4.6891,0.1009,-0.2664,-0.0609
1774945840.2917,0.0000,0.0000,0.0000,0.0000,0.0000,-3.1214,-0.2090,20.0899,-0.0003,-0.1471,-0.0311
1774945840.3116,0.0000,0.0000,0.0000,0.0000,0.0000,-3.1238,-0.2102,47.8472,0.0498,0.0180,-0.0109
1774945840.3315,0.0000,0.0000,0.0000,0.0000,0.0000,-3.1251,-0.2127,-1.2440,0.0860,0.1064,-0.0045
1774945840.3513,0.0000,0.0000,0.0000,0.0000,0.0000,-3.1253,-0.2125,5.0612,0.0711,0.0351,-0.0258
1774945840.3722,0.0000,0.0000,0.0000,0.0000,0.0000,-3.1220,-0.2101,30.3994,0.0849,-0.0502,-0.0482
1774945840.3913,0.0000,0.0000,0.0000,0.0000,0.0000,-3.1209,-0.2044,39.3868,0.0359,-0.1055,-0.0418
1774945840.4114,0.0000,0.0000,0.0000,0.0000,0.0000,-3.1219,-0.2029,-55.7946,-0.0216,-0.0661,-0.0407
1774945840.4321,0.0000,0.0000,0.0000,0.0000,0.0000,-3.1190,-0.2013,-32.6260,0.0413,-0.0320,-0.0418
1774945840.4522,0.0000,0.0000,0.0000,0.0000,0.0000,-3.1148,-0.2054,24.6700,0.1105,0.1959,-0.0354
1774945840.4712,0.0000,0.0000,0.0000,0.0000,0.0000,-3.1159,-0.2107,77.6836,0.1382,0.3515,-0.0194
1774945840.4917,0.0000,0.0000,0.0000,0.0000,0.0000,-3.1165,-0.2157,43.3463,0.0754,0.3088,-0.0013
1774945840.5114,0.0000,0.0000,0.0000,0.0000,0.0000,-3.1181,-0.2179,36.7875,-0.0216,0.2769,-0.0055
1774945840.5313,0.0000,0.0000,0.0000,0.0000,0.0000,-3.1208,-0.2258,48.1752,-0.0653,0.0851,-0.0173
1774945840.5514,0.0000,0.0000,0.0000,0.0000,0.0000,-3.1209,-0.2264,-2.2237,-0.1270,-0.0491,-0.0396
1774945840.5712,0.0000,0.0000,0.0000,0.0000,0.0000,-3.1196,-0.2243,7.1769,-0.1068,-0.1641,-0.0428
1774945840.5912,0.0000,0.0000,0.0000,0.0000,0.0000,-3.1167,-0.2201,13.6526,0.0434,-0.1748,-0.0535
1774945840.6121,0.0000,0.0000,0.0000,0.0000,0.0000,-3.1130,-0.2161,2.7673,0.2011,-0.1055,-0.0322
1774945840.6368,0.0000,0.0000,0.0000,0.0000,0.0000,-3.1108,-0.2151,-19.7014,0.1776,-0.0523,-0.0620
1774945840.6514,0.0000,0.0000,0.0000,0.0000,0.0000,-3.1140,-0.2177,-7.1995,0.0114,0.1618,-0.0311
1774945840.6713,0.0000,0.0000,0.0000,0.0000,0.0000,-3.1157,-0.2196,47.6135,-0.0045,0.1821,-0.0269
1774945840.6913,0.0000,0.0000,0.0000,0.0000,0.0000,-3.1140,-0.2189,59.0506,0.0562,0.0127,-0.0151
1774945840.7114,0.0000,0.0000,0.0000,0.0000,0.0000,-3.1129,-0.2148,9.4051,0.1307,-0.1620,-0.0087
1774945840.7312,0.0000,0.0000,0.0000,0.0000,0.0000,-3.1100,-0.2077,-23.8920,0.1989,-0.2632,0.0019
1774945840.7512,0.0000,0.0000,0.0000,0.0000,0.0000,-3.1096,-0.2025,-92.0657,0.2032,-0.1897,0.0179
1774945840.7712,0.0000,0.0000,0.0000,0.0000,0.0000,-3.1112,-0.2033,-51.2828,0.0498,0.0479,-0.0002
1774945840.7915,0.0000,0.0000,0.0000,0.0000,0.0000,-3.1115,-0.2070,19.7575,-0.1260,0.1459,-0.0854
1774945840.8115,0.0000,0.0000,0.0000,0.0000,0.0000,-3.1116,-0.2076,31.8953,-0.2016,0.0638,-0.1430
1774945840.8317,0.0000,0.0000,0.0000,0.0000,0.0000,-3.1116,-0.2053,-48.4102,-0.1590,-0.1492,-0.1451
1774945840.8521,0.0000,0.0000,0.0000,0.0000,0.0000,-3.1111,-0.2049,10.9631,-0.1665,-0.0896,-0.1621
1774945840.8712,0.0000,0.0000,0.0000,0.0000,0.0000,-3.1141,-0.2022,3.2089,-0.2176,-0.0555,-0.1238
1774945840.8968,0.0000,0.0000,0.0000,0.0000,0.0000,-3.1149,-0.2000,-13.0505,-0.1462,-0.0704,-0.0908
1774945840.9113,0.0000,0.0000,0.0000,0.0000,0.0000,-3.1156,-0.1970,-5.5710,0.0019,-0.0416,-0.0599
1774945840.9313,0.0000,0.0000,0.0000,0.0000,0.0000,-3.1180,-0.1973,-31.8363,-0.0322,0.0628,-0.0460
1774945840.9513,0.0000,0.0000,0.0000,0.0000,0.0000,-3.1231,-0.2025,11.6962,-0.0962,0.2449,-0.0151
1774945840.9713,0.0000,0.0000,0.0000,0.0000,0.0000,-3.1280,-0.2076,17.5437,-0.0429,0.2481,0.0317
1774945840.9913,0.0000,0.0000,0.0000,0.0000,0.0000,-3.1298,-0.2086,39.5762,0.0402,0.0851,0.0115
1774945841.0113,0.0000,0.0000,0.0000,0.0000,0.0000,-3.1266,-0.2059,1.1050,0.2021,-0.0853,-0.0386
1774945841.0316,0.0000,0.0000,0.0000,0.0000,0.0000,-3.1260,-0.2043,-9.0512,0.2426,-0.1109,-0.0279
1774945841.0513,0.0000,0.0000,0.0000,0.0000,0.0000,-3.1256,-0.2046,-43.4738,0.1627,0.0319,-0.0151
1774945841.0713,0.0000,0.0000,0.0000,0.0000,0.0000,-3.1250,-0.2097,27.0749,0.0615,0.1480,-0.0332
1774945841.0915,0.0000,0.0000,0.0000,0.0000,0.0000,-3.1208,-0.2137,3.3344,0.1094,0.1224,-0.0556
1774945841.1116,0.0000,0.0000,0.0000,0.0000,0.0000,-3.1165,-0.2168,-0.0865,0.1521,0.0766,-0.0652
1774945841.1313,0.0000,0.0000,0.0000,0.0000,0.0000,-3.1094,-0.2205,-8.4488,0.2053,0.0031,-0.0119
1774945841.1512,0.0000,0.0000,0.0000,0.0000,0.0000,-3.1094,-0.2223,17.5605,0.0690,0.0681,0.0083
1774945841.1713,0.0000,0.0000,0.0000,0.0000,0.0000,-3.1116,-0.2279,71.2158,-0.0653,0.2087,0.0115
1774945841.1913,0.0000,0.0000,0.0000,0.0000,0.0000,-3.1103,-0.2352,16.3069,-0.0280,0.2098,0.0317
1774945841.2113,0.0000,0.0000,0.0000,0.0000,0.0000,-3.1062,-0.2365,-46.9613,0.0839,0.0265,0.0275
1774945841.2313,0.0000,0.0000,0.0000,0.0000,0.0000,-3.1037,-0.2326,0.0000,0.1062,-0.2909,0.0072
1774945841.2513,0.0000,0.0000,0.0000,0.0000,0.0000,-3.1016,-0.2277,0.0000,0.0295,-0.3708,-0.0258
1774945841.2713,0.0000,0.0000,0.0000,0.0000,0.0000,-3.1019,-0.2235,37.3178,-0.0461,-0.3111,-0.0609
1774945841.2913,0.0000,0.0000,0.0000,0.0000,0.0000,-3.1001,-0.2210,0.0000,-0.0503,-0.2249,-0.1163
1774945841.3122,0.0000,0.0000,0.0000,0.0000,0.0000,-3.0992,-0.2213,0.0000,-0.0780,-0.0949,-0.1387
1774945841.3313,0.0000,0.0000,0.0000,0.0000,0.0000,-3.0982,-0.2213,0.0000,-0.0993,-0.1055,-0.1376
1774945841.3512,0.0000,0.0000,0.0000,0.0000,0.0000,-3.0995,-0.2183,0.0000,-0.0962,-0.2078,-0.1366
1774945841.3713,0.0000,0.0000,0.0000,0.0000,0.0000,-3.0983,-0.2099,0.0000,-0.0195,-0.3207,-0.1131
1774945841.3913,0.0000,0.0000,0.0000,0.0000,0.0000,-3.0985,-0.2010,0.0000,0.0082,-0.3506,-0.1259
1774945841.4113,0.0000,0.0000,0.0000,0.0000,0.0000,-3.1033,-0.1999,0.0000,-0.1388,-0.1098,-0.1142
1774945841.4313,0.0000,0.0000,0.0000,0.0000,0.0000,-3.1091,-0.2067,0.0000,-0.2890,0.2076,-0.0908
1774945841.4512,0.0000,0.0000,0.0000,0.0000,0.0000,-3.1136,-0.2087,0.0000,-0.2336,0.2652,-0.0705
1774945841.4713,0.0000,0.0000,0.0000,0.0000,0.0000,-3.1153,-0.2097,0.0000,-0.1494,0.1746,-0.0641
1774945841.4913,0.0000,0.0000,0.0000,0.0000,0.0000,-3.1167,-0.2081,0.0000,-0.0578,0.0958,-0.1025
1774945841.5114,0.0000,0.0000,0.0000,0.0000,0.0000,-3.1180,-0.2070,0.0000,-0.0866,0.0766,-0.1366
1774945841.5313,0.0000,0.0000,0.0000,0.0000,0.0000,-3.1265,-0.2144,0.0000,-0.2080,0.1405,-0.0918
1774945841.5512,0.0000,0.0000,0.0000,0.0000,0.0000,-3.1289,-0.2185,-65.8325,-0.0035,0.1064,-0.0386
1774945841.5712,0.0000,0.0000,0.0000,0.0000,0.0000,-3.1275,-0.2203,15.8048,0.0860,0.0606,-0.0343
1774945841.5912,0.0000,0.0000,0.0000,0.0000,0.0000,-3.1295,-0.2195,0.0000,0.0242,0.0713,-0.0396
1774945841.6113,0.0000,0.0000,0.0000,0.0000,0.0000,-3.1338,-0.2210,0.0000,-0.0589,0.1757,-0.0418
1774945841.6313,0.0000,0.0000,0.0000,0.0000,0.0000,-3.1354,-0.2212,-77.0141,-0.0621,0.0969,-0.0545
1774945841.6513,0.0000,0.0000,0.0000,0.0000,0.0000,-3.1329,-0.2228,-67.4089,-0.0301,0.1107,-0.0684
1774945841.6712,0.0000,0.0000,0.0000,0.0000,0.0000,-3.1338,-0.2229,0.0000,-0.0056,0.0447,-0.0791
1774945841.6913,0.0000,0.0000,0.0000,0.0000,0.0000,-3.1358,-0.2227,-30.5479,-0.0354,0.0074,-0.0833
1774945841.7115,0.0000,0.0000,0.0000,0.0000,0.0000,-3.1365,-0.2247,32.4848,-0.1356,0.0638,-0.1185
1774945841.7314,0.0000,0.0000,0.0000,0.0000,0.0000,-3.1389,-0.2277,4.6645,-0.1121,0.0777,-0.0769
1774945841.7513,0.0000,0.0000,0.0000,0.0000,0.0000,3.1415,-0.2278,-17.9322,-0.0248,-0.0704,-0.0545
1774945841.7713,0.0000,0.0000,0.0000,0.0000,0.0000,3.1414,-0.2227,-35.6313,0.0487,-0.2526,-0.0428
1774945841.7912,0.0000,0.0000,0.0000,0.0000,0.0000,-3.1383,-0.2193,-50.5034,0.2650,-0.2920,-0.0418
1774945841.8114,0.0000,0.0000,0.0000,0.0000,0.0000,-3.1360,-0.2158,13.5825,0.2756,-0.2185,-0.0109
1774945841.8313,0.0000,0.0000,0.0000,0.0000,0.0000,-3.1368,-0.2144,38.1552,0.0700,-0.0512,0.0094
1774945841.8512,0.0000,0.0000,0.0000,0.0000,0.0000,-3.1399,-0.2166,-12.5245,-0.0344,0.1235,0.0403
1774945841.8713,0.0000,0.0000,0.0000,0.0000,0.0000,-3.1392,-0.2151,-65.9301,0.0551,0.0095,0.0552
1774945841.8913,0.0000,0.0000,0.0000,0.0000,0.0000,-3.1339,-0.2126,-40.2907,0.1712,-0.1588,0.0658
1774945841.9135,0.0000,0.0000,0.0000,0.0000,0.0000,-3.1333,-0.2098,-31.8004,0.1691,-0.2323,0.0722
1774945841.9313,0.0000,0.0000,0.0000,0.0000,0.0000,-3.1328,-0.2091,14.6945,-0.0056,-0.1269,-0.0290
1774945841.9515,0.0000,0.0000,0.0000,0.0000,0.0000,-3.1311,-0.2118,-1.8003,-0.0408,0.0436,-0.0684
1774945841.9723,0.0000,0.0000,0.0000,0.0000,0.0000,-3.1284,-0.2148,5.1801,-0.0163,0.1277,-0.0812
1774945841.9915,0.0000,0.0000,0.0000,0.0000,0.0000,-3.1264,-0.2163,3.9729,-0.0599,0.1054,-0.1281
1774945842.0113,0.0000,0.0000,0.0000,0.0000,0.0000,-3.1257,-0.2163,22.7293,-0.1356,0.0010,-0.1483
1774945842.0313,0.0000,0.0000,0.0000,0.0000,0.0000,-3.1266,-0.2200,-34.0314,-0.1015,0.0233,-0.1185
1774945842.0513,0.0000,0.0000,0.0000,0.0000,0.0000,-3.1251,-0.2229,-22.1101,-0.0056,0.0074,-0.0631
1774945842.0713,0.0000,0.0000,0.0000,0.0000,0.0000,-3.1274,-0.2252,-14.7406,0.0200,-0.0182,-0.0141
1774945842.0913,0.0000,0.0000,0.0000,0.0000,0.0000,-3.1305,-0.2282,41.5601,-0.0663,0.0393,-0.0215
1774945842.1112,0.0000,0.0000,0.0000,0.0000,0.0000,-3.1337,-0.2325,57.4788,-0.0418,0.0841,-0.0258
1774945842.1313,0.0000,0.0000,0.0000,0.0000,0.0000,-3.1370,-0.2339,45.1943,0.0072,-0.0171,-0.0034
1774945842.1513,0.0000,0.0000,0.0000,0.0000,0.0000,-3.1358,-0.2319,-14.9886,0.0200,-0.1663,-0.0343
1774945842.1713,0.0000,0.0000,0.0000,0.0000,0.0000,-3.1354,-0.2278,-99.1447,-0.0056,-0.2526,-0.0716
1774945842.1913,0.0000,0.0000,0.0000,0.0000,0.0000,-3.1371,-0.2266,-84.6694,-0.0717,-0.1641,-0.0812
1774945842.2113,0.0000,0.0000,0.0000,0.0000,0.0000,-3.1379,-0.2281,-31.0165,-0.0653,-0.0278,-0.0908
1774945842.2316,0.0000,0.0000,0.0000,0.0000,0.0000,-3.1374,-0.2310,39.6425,0.0146,-0.0288,-0.0577
1774945842.2513,0.0000,0.0000,0.0000,0.0000,0.0000,-3.1382,-0.2295,-0.2262,0.0540,-0.1695,-0.0247
1774945842.2713,0.0000,0.0000,0.0000,0.0000,0.0000,-3.1403,-0.2282,-25.2310,0.0200,-0.2217,-0.0119
1774945842.2913,0.0000,0.0000,0.0000,0.0000,0.0000,3.1386,-0.2257,-10.8534,-0.0589,-0.1844,-0.0055
1774945842.3114,0.0000,0.0000,0.0000,0.0000,0.0000,3.1348,-0.2236,-55.5553,-0.0535,-0.1300,-0.0087
1774945842.3314,0.0000,0.0000,0.0000,0.0000,0.0000,3.1376,-0.2256,-65.4219,0.0743,0.0127,-0.0034
1774945842.3513,0.0000,0.0000,0.0000,0.0000,0.0000,3.1371,-0.2285,54.8663,0.1329,0.0947,0.0147
1774945842.3717,0.0000,0.0000,0.0000,0.0000,0.0000,3.1371,-0.2268,58.8856,0.0903,-0.0203,-0.0077
1774945842.3914,0.0000,0.0000,0.0000,0.0000,0.0000,3.1378,-0.2237,54.3132,0.1105,-0.1492,-0.0300
1774945842.4113,0.0000,0.0000,0.0000,0.0000,0.0000,3.1389,-0.2198,36.4033,0.0881,-0.1716,-0.0364
1774945842.4313,0.0000,0.0000,0.0000,0.0000,0.0000,3.1391,-0.2194,36.6226,0.0210,-0.0555,-0.0428
1774945842.4514,0.0000,0.0000,0.0000,0.0000,0.0000,3.1402,-0.2213,40.6574,-0.0290,0.0670,-0.0631
1774945842.4713,0.0000,0.0000,0.0000,0.0000,0.0000,-3.1402,-0.2216,22.4184,-0.0109,0.1128,-0.0759
1774945842.4912,0.0000,0.0000,0.0000,0.0000,0.0000,-3.1379,-0.2216,-35.3914,0.0413,0.1427,-0.1004
1774945842.5113,0.0000,0.0000,0.0000,0.0000,0.0000,-3.1366,-0.2190,-41.3418,0.0860,0.0468,-0.1067
1774945842.5313,0.0000,0.0000,0.0000,0.0000,0.0000,-3.1344,-0.2160,-10.0538,0.1180,0.0649,-0.0695
1774945842.5513,0.0000,0.0000,0.0000,0.0000,0.0000,-3.1342,-0.2195,50.9208,0.1659,0.1235,-0.0237
1774945842.5716,0.0000,0.0000,0.0000,0.0000,0.0000,-3.1351,-0.2228,-6.7968,0.0775,0.0212,0.0147
1774945842.5913,0.0000,0.0000,0.0000,0.0000,0.0000,-3.1366,-0.2253,10.3269,0.0210,-0.0001,0.0200
1774945842.6113,0.0000,0.0000,0.0000,0.0000,0.0000,-3.1363,-0.2273,-10.8822,-0.0088,-0.0597,-0.0098
1774945842.6316,0.0000,0.0000,0.0000,0.0000,0.0000,-3.1371,-0.2295,11.7839,-0.0770,-0.0416,-0.0279
1774945842.6513,0.0000,0.0000,0.0000,0.0000,0.0000,-3.1365,-0.2282,63.2000,-0.1132,-0.0768,-0.0588
1774945842.6712,0.0000,0.0000,0.0000,0.0000,0.0000,-3.1351,-0.2272,10.6685,-0.1260,-0.0320,-0.0865
1774945842.6914,0.0000,0.0000,0.0000,0.0000,0.0000,-3.1354,-0.2269,31.4068,-0.1196,0.0319,-0.1036
1774945842.7113,0.0000,0.0000,0.0000,0.0000,0.0000,-3.1365,-0.2270,35.0902,-0.1015,0.0159,-0.0631
1774945842.7317,0.0000,0.0000,0.0000,0.0000,0.0000,-3.1363,-0.2265,45.3415,0.0125,-0.0896,-0.0205
1774945842.7513,0.0000,0.0000,0.0000,0.0000,0.0000,-3.1402,-0.2220,8.4346,-0.0365,-0.2110,-0.0279
1774945842.7718,0.0000,0.0000,0.0000,0.0000,0.0000,3.1382,-0.2177,-23.5595,-0.0951,-0.2217,-0.0332
1774945842.7913,0.0000,0.0000,0.0000,0.0000,0.0000,3.1349,-0.2142,-36.1085,-0.0280,-0.1343,-0.0247
1774945842.8113,0.0000,0.0000,0.0000,0.0000,0.0000,3.1347,-0.2118,-50.1966,-0.0045,-0.0491,-0.0237
1774945842.8313,0.0000,0.0000,0.0000,0.0000,0.0000,3.1347,-0.2148,-31.1016,-0.0184,0.0638,-0.0641
1774945842.8526,0.0000,0.0000,0.0000,0.0000,0.0000,3.1313,-0.2126,-15.7140,-0.0610,0.0308,-0.0950
1774945842.8713,0.0000,0.0000,0.0000,0.0000,0.0000,3.1325,-0.2108,-2.6872,-0.0503,-0.0352,-0.1419
1774945842.8914,0.0000,0.0000,0.0000,0.0000,0.0000,3.1340,-0.2089,46.5087,-0.0653,-0.0725,-0.1462
1774945842.9114,0.0000,0.0000,0.0000,0.0000,0.0000,3.1338,-0.2114,48.1295,-0.0844,0.0447,-0.1227
1774945842.9313,0.0000,0.0000,0.0000,0.0000,0.0000,3.1326,-0.2106,108.3672,-0.0482,0.0915,-0.0918
1774945842.9512,0.0000,0.0000,0.0000,0.0000,0.0000,3.1318,-0.2085,43.0535,0.0210,0.0287,-0.0620
1774945842.9713,0.0000,0.0000,0.0000,0.0000,0.0000,3.1305,-0.2058,-3.0490,0.0754,-0.0225,-0.0428
1774945842.9913,0.0000,0.0000,0.0000,0.0000,0.0000,3.1293,-0.2016,-5.5675,0.0540,-0.0491,-0.0428
1774945843.0113,0.0000,0.0000,0.0000,0.0000,0.0000,3.1273,-0.1994,-30.8540,0.0871,0.0042,-0.0226
1774945843.0313,0.0000,0.0000,0.0000,0.0000,0.0000,3.1250,-0.2014,-30.2821,0.0775,0.1096,-0.0098
1774945843.0513,0.0000,0.0000,0.0000,0.0000,0.0000,3.1262,-0.2012,2.3484,0.1446,0.1320,-0.0205
1774945843.0721,0.0000,0.0000,0.0000,0.0000,0.0000,3.1264,-0.2021,5.0494,0.1276,0.1554,-0.0034
1774945843.0912,0.0000,0.0000,0.0000,0.0000,0.0000,3.1254,-0.2093,3.1450,0.0551,0.2758,0.0211
1774945843.1116,0.0000,0.0000,0.0000,0.0000,0.0000,3.1248,-0.2154,-41.7315,0.0338,0.2865,0.0126
1774945843.1313,0.0000,0.0000,0.0000,0.0000,0.0000,3.1283,-0.2168,60.4640,0.0615,0.1437,0.0040
1774945843.1513,0.0000,0.0000,0.0000,0.0000,0.0000,3.1330,-0.2191,5.3116,0.0967,0.0638,-0.0013
1774945843.1713,0.0000,0.0000,0.0000,0.0000,0.0000,3.1372,-0.2201,25.4017,0.1169,-0.0086,0.0190
1774945843.1924,0.0000,0.0000,0.0000,0.0000,0.0000,3.1390,-0.2205,-20.3050,0.0530,-0.0949,-0.0279
1774945843.2113,0.0000,0.0000,0.0000,0.0000,0.0000,3.1411,-0.2193,24.0071,0.0146,-0.1705,-0.0343
1774945843.2313,0.0000,0.0000,0.0000,0.0000,0.0000,-3.1380,-0.2188,-85.6655,0.0700,-0.1130,-0.0322
1774945843.2515,0.0000,0.0000,0.0000,0.0000,0.0000,-3.1346,-0.2210,24.5378,0.1606,0.0233,-0.0109
1774945843.2713,0.0000,0.0000,0.0000,0.0000,0.0000,-3.1330,-0.2269,-42.7709,0.1457,0.1991,0.0168
1774945843.2916,0.0000,0.0000,0.0000,0.0000,0.0000,-3.1332,-0.2329,50.5906,0.1126,0.2034,0.0381
1774945843.3113,0.0000,0.0000,0.0000,0.0000,0.0000,-3.1345,-0.2360,113.2610,0.0743,0.0755,0.0307
1774945843.3314,0.0000,0.0000,0.0000,0.0000,0.0000,-3.1340,-0.2350,18.8494,0.0583,-0.0992,0.0328
1774945843.3514,0.0000,0.0000,0.0000,0.0000,0.0000,-3.1322,-0.2336,-33.0087,0.0817,-0.1631,0.0062
1774945843.3712,0.0000,0.0000,0.0000,0.0000,0.0000,-3.1273,-0.2253,8.2316,0.0402,-0.3133,-0.0024
1774945843.3912,0.0000,0.0000,0.0000,0.0000,0.0000,-3.1245,-0.2193,-28.6608,-0.0227,-0.3751,-0.0386
1774945843.4112,0.0000,0.0000,0.0000,0.0000,0.0000,-3.1228,-0.2146,-84.6149,-0.0269,-0.2877,-0.0833
1774945843.4313,0.0000,0.0000,0.0000,0.0000,0.0000,-3.1206,-0.2134,-29.9990,-0.0088,-0.0544,-0.1291
1774945843.4513,0.0000,0.0000,0.0000,0.0000,0.0000,-3.1192,-0.2149,39.6143,-0.0450,0.1043,-0.1323
1774945843.4712,0.0000,0.0000,0.0000,0.0000,0.0000,-3.1208,-0.2143,21.9622,-0.0610,0.0521,-0.0961
1774945843.4913,0.0000,0.0000,0.0000,0.0000,0.0000,-3.1218,-0.2108,-65.6086,0.0050,-0.0438,-0.0695
1774945843.5114,0.0000,0.0000,0.0000,0.0000,0.0000,-3.1229,-0.2045,-51.6155,-0.0408,-0.1364,-0.0673
1774945843.5313,0.0000,0.0000,0.0000,0.0000,0.0000,-3.1277,-0.2019,37.2669,-0.0993,0.0106,-0.0524
1774945843.5512,0.0000,0.0000,0.0000,0.0000,0.0000,-3.1320,-0.2010,1.6458,-0.1057,0.1554,-0.0524
1774945843.5713,0.0000,0.0000,0.0000,0.0000,0.0000,-3.1345,-0.1998,-50.6352,-0.0663,0.0798,-0.0173
1774945843.5913,0.0000,0.0000,0.0000,0.0000,0.0000,-3.1371,-0.1995,-125.0656,-0.0248,0.0628,-0.0013
1774945843.6113,0.0000,0.0000,0.0000,0.0000,0.0000,-3.1398,-0.2067,-22.3783,-0.0802,0.3120,0.0147
1774945843.6312,0.0000,0.0000,0.0000,0.0000,0.0000,3.1416,-0.2162,18.5027,-0.0919,0.2929,-0.0055
1774945843.6513,0.0000,0.0000,0.0000,0.0000,0.0000,3.1414,-0.2254,60.2488,-0.0248,0.2865,-0.0162
1774945843.6712,0.0000,0.0000,0.0000,0.0000,0.0000,3.1413,-0.2315,82.5552,-0.0440,0.1704,-0.0482
1774945843.6913,0.0000,0.0000,0.0000,0.0000,0.0000,3.1401,-0.2374,2.5825,0.0253,0.1395,-0.0343
1774945843.7114,0.0000,0.0000,0.0000,0.0000,0.0000,3.1407,-0.2410,-44.7342,0.0743,0.1086,-0.0130
1774945843.7313,0.0000,0.0000,0.0000,0.0000,0.0000,3.1390,-0.2422,23.7300,0.0871,0.0404,0.0030
1774945843.7512,0.0000,0.0000,0.0000,0.0000,0.0000,3.1383,-0.2382,7.1367,0.0679,-0.0885,-0.0087
1774945843.7718,0.0000,0.0000,0.0000,0.0000,0.0000,3.1394,-0.2339,-24.7491,0.0732,-0.1375,-0.0354
1774945843.7913,0.0000,0.0000,0.0000,0.0000,0.0000,3.1411,-0.2283,0.0000,0.0988,-0.0981,-0.0545
1774945843.8113,0.0000,0.0000,0.0000,0.0000,0.0000,-3.1392,-0.2238,-30.5723,0.1062,-0.0906,-0.0535
1774945843.8313,0.0000,0.0000,0.0000,0.0000,0.0000,-3.1372,-0.2225,0.0000,0.1627,-0.0981,-0.0237
1774945843.8516,0.0000,0.0000,0.0000,0.0000,0.0000,-3.1372,-0.2220,-1.0462,0.1616,-0.0949,0.0051
1774945843.8713,0.0000,0.0000,0.0000,0.0000,0.0000,-3.1353,-0.2168,0.3379,0.1574,-0.1567,0.0232
1774945843.8913,0.0000,0.0000,0.0000,0.0000,0.0000,-3.1303,-0.2084,0.0000,0.2064,-0.1897,0.0456
1774945843.9113,0.0000,0.0000,0.0000,0.0000,0.0000,-3.1293,-0.2057,0.0000,0.2341,-0.1801,0.0509
1774945843.9313,0.0000,0.0000,0.0000,0.0000,0.0000,-3.1284,-0.2009,0.0000,0.2032,-0.1535,0.0253
1774945843.9512,0.0000,0.0000,0.0000,0.0000,0.0000,-3.1288,-0.1983,0.0000,0.1521,-0.0225,-0.0013
1774945843.9712,0.0000,0.0000,0.0000,0.0000,0.0000,-3.1238,-0.1947,0.0000,0.1446,-0.0257,-0.0151
1774945843.9913,0.0000,0.0000,0.0000,0.0000,0.0000,-3.1176,-0.1945,0.0000,0.1318,0.0787,-0.0311
1774945844.0114,0.0000,0.0000,0.0000,0.0000,0.0000,-3.1150,-0.1950,1.9339,0.0785,0.2343,-0.0822
1774945844.0313,0.0000,0.0000,0.0000,0.0000,0.0000,-3.1111,-0.1991,0.0000,-0.0024,0.2929,-0.1014
1774945844.0513,0.0000,0.0000,0.0000,0.0000,0.0000,-3.1080,-0.2034,0.0000,-0.0205,0.2684,-0.0950
1774945844.0712,0.0000,0.0000,0.0000,0.0000,0.0000,-3.1058,-0.2076,0.0000,-0.0163,0.2598,-0.0950
1774945844.0915,0.0000,0.0000,0.0000,0.0000,0.0000,-3.1062,-0.2124,0.0000,-0.0493,0.2151,-0.0695
1774945844.1161,0.0000,0.0000,0.0000,0.0000,0.0000,-3.1058,-0.2193,-29.2925,-0.0152,0.2513,-0.0343
1774945844.1313,0.0000,0.0000,0.0000,0.0000,0.0000,-3.1040,-0.2266,0.0000,-0.0631,0.1469,-0.0173
1774945844.1513,0.0000,0.0000,0.0000,0.0000,0.0000,-3.1065,-0.2287,67.7529,-0.1856,-0.0459,-0.0556
1774945844.1713,0.0000,0.0000,0.0000,0.0000,0.0000,-3.1100,-0.2291,55.9289,-0.2559,-0.1577,-0.0652
1774945844.1913,0.0000,0.0000,0.0000,0.0000,0.0000,-3.1115,-0.2282,6.3483,-0.1878,-0.1727,-0.0812
1774945844.2112,0.0000,0.0000,0.0000,0.0000,0.0000,-3.1117,-0.2292,-37.9900,-0.1079,-0.0406,-0.0886
1774945844.2312,0.0000,0.0000,0.0000,0.0000,0.0000,-3.1141,-0.2302,-51.6240,-0.1665,0.0489,-0.0950
1774945844.2513,0.0000,0.0000,0.0000,0.0000,0.0000,-3.1203,-0.2298,-39.7447,-0.2155,-0.0001,-0.0940
1774945844.2713,0.0000,0.0000,0.0000,0.0000,0.0000,-3.1218,-0.2304,-32.6175,-0.1377,-0.1439,-0.1036
1774945844.2912,0.0000,0.0000,0.0000,0.0000,0.0000,-3.1231,-0.2294,-36.2576,-0.0216,-0.2206,-0.0822
1774945844.3132,0.0000,0.0000,0.0000,0.0000,0.0000,-3.1253,-0.2274,-31.1764,0.0306,-0.2675,-0.0684
1774945844.3314,0.0000,0.0000,0.0000,0.0000,0.0000,-3.1301,-0.2250,14.5424,-0.0653,-0.1791,-0.0663
1774945844.3517,0.0000,0.0000,0.0000,0.0000,0.0000,-3.1373,-0.2243,-16.7586,-0.0908,-0.0970,-0.0364
1774945844.3718,0.0000,0.0000,0.0000,0.0000,0.0000,-3.1375,-0.2205,1.3001,-0.0227,-0.0949,-0.0514
1774945844.3916,0.0000,0.0000,0.0000,0.0000,0.0000,-3.1356,-0.2160,-25.1704,0.1062,-0.1950,-0.0759
1774945844.4118,0.0000,0.0000,0.0000,0.0000,0.0000,-3.1348,-0.2064,-13.5946,0.1201,-0.2526,-0.0737
1774945844.4312,0.0000,0.0000,0.0000,0.0000,0.0000,-3.1370,-0.2015,-66.1771,0.0232,-0.1641,-0.0876
1774945844.4513,0.0000,0.0000,0.0000,0.0000,0.0000,-3.1391,-0.2009,-37.3769,-0.0631,0.0052,-0.0588
1774945844.4712,0.0000,0.0000,0.0000,0.0000,0.0000,-3.1407,-0.2005,-85.7075,0.0647,0.0777,-0.0194
1774945844.4914,0.0000,0.0000,0.0000,0.0000,0.0000,-3.1385,-0.2019,2.9561,0.1861,0.0532,0.0275
1774945844.5113,0.0000,0.0000,0.0000,0.0000,0.0000,-3.1358,-0.2008,93.9656,0.2501,-0.0576,0.0498
1774945844.5315,0.0000,0.0000,0.0000,0.0000,0.0000,-3.1358,-0.1996,-0.7120,0.0977,-0.0725,0.0264
1774945844.5512,0.0000,0.0000,0.0000,0.0000,0.0000,-3.1360,-0.1981,6.3242,-0.0131,0.0265,-0.0066
1774945844.5712,0.0000,0.0000,0.0000,0.0000,0.0000,-3.1336,-0.1965,7.1523,0.0434,0.0489,-0.0439
1774945844.5913,0.0000,0.0000,0.0000,0.0000,0.0000,-3.1280,-0.1971,3.2599,0.1233,0.1672,-0.0769
1774945844.6115,0.0000,0.0000,0.0000,0.0000,0.0000,-3.1248,-0.1978,-7.6471,0.1233,0.1959,-0.0822
1774945844.6313,0.0000,0.0000,0.0000,0.0000,0.0000,-3.1196,-0.2010,55.4917,0.1680,0.3088,-0.0897
1774945844.6512,0.0000,0.0000,0.0000,0.0000,0.0000,-3.1181,-0.2046,-2.9691,0.1563,0.2886,-0.0418
1774945844.6713,0.0000,0.0000,0.0000,0.0000,0.0000,-3.1179,-0.2065,10.3291,0.1361,0.2183,-0.0130
1774945844.6915,0.0000,0.0000,0.0000,0.0000,0.0000,-3.1155,-0.2075,24.1324,0.1627,0.1661,0.0040
1774945844.7113,0.0000,0.0000,0.0000,0.0000,0.0000,-3.1141,-0.2119,51.3305,0.1808,0.1959,0.0211
1774945844.7312,0.0000,0.0000,0.0000,0.0000,0.0000,-3.1114,-0.2177,-24.1191,0.1776,0.2130,0.0467
1774945844.7512,0.0000,0.0000,0.0000,0.0000,0.0000,-3.1097,-0.2198,-51.2893,0.1829,0.1171,0.0477
1774945844.7721,0.0000,0.0000,0.0000,0.0000,0.0000,-3.1083,-0.2218,-46.5402,0.1105,-0.0193,0.0253
1774945844.7912,0.0000,0.0000,0.0000,0.0000,0.0000,-3.1059,-0.2235,-38.4544,0.0754,-0.0406,0.0136
1774945844.8114,0.0000,0.0000,0.0000,0.0000,0.0000,-3.1010,-0.2251,-36.2547,0.0945,-0.0043,-0.0034
1774945844.8313,0.0000,0.0000,0.0000,0.0000,0.0000,-3.0948,-0.2268,-29.2021,0.1435,-0.0139,-0.0077
1774945844.8511,0.0000,0.0000,0.0000,0.0000,0.0000,-3.0906,-0.2248,-53.2707,0.1180,-0.0832,-0.0055
1774945844.8713,0.0000,0.0000,0.0000,0.0000,0.0000,-3.0865,-0.2229,-47.4084,0.1116,-0.1194,-0.0258
1774945844.8912,0.0000,0.0000,0.0000,0.0000,0.0000,-3.0863,-0.2189,-55.8810,-0.0120,-0.1663,-0.0503
1774945844.9112,0.0000,0.0000,0.0000,0.0000,0.0000,-3.0861,-0.2189,-15.7664,-0.1537,-0.0885,-0.0961
1774945844.9312,0.0000,0.0000,0.0000,0.0000,0.0000,-3.0863,-0.2200,32.9973,-0.1824,0.0074,-0.1547
1774945844.9514,0.0000,0.0000,0.0000,0.0000,0.0000,-3.0868,-0.2193,17.1426,-0.2048,-0.0182,-0.1930
1774945844.9713,0.0000,0.0000,0.0000,0.0000,0.0000,-3.0883,-0.2161,-25.7688,-0.2304,-0.1524,-0.1856
1774945844.9913,0.0000,0.0000,0.0000,0.0000,0.0000,-3.0912,-0.2112,-68.2243,-0.2666,-0.2174,-0.1707
1774945845.0113,0.0000,0.0000,0.0000,0.0000,0.0000,-3.0969,-0.2098,-37.0617,-0.2900,-0.1428,-0.1589
1774945845.0313,0.0000,0.0000,0.0000,0.0000,0.0000,-3.1013,-0.2096,8.6285,-0.2677,-0.0949,-0.1302
1774945845.0512,0.0000,0.0000,0.0000,0.0000,0.0000,-3.1112,-0.2077,-10.3075,-0.2879,-0.0779,-0.1057
1774945845.0712,0.0000,0.0000,0.0000,0.0000,0.0000,-3.1205,-0.2054,-33.7110,-0.2783,-0.0789,-0.0972
1774945845.0912,0.0000,0.0000,0.0000,0.0000,0.0000,-3.1283,-0.2053,3.1963,-0.1931,-0.0182,-0.0759
1774945845.1113,0.0000,0.0000,0.0000,0.0000,0.0000,-3.1344,-0.2081,10.5980,-0.1622,0.0457,-0.0663
1774945845.1313,0.0000,0.0000,0.0000,0.0000,0.0000,-3.1408,-0.2114,-43.9082,-0.1462,0.1096,-0.0684
1774945845.1514,0.0000,0.0000,0.0000,0.0000,0.0000,3.1378,-0.2139,7.7148,-0.1281,0.1288,-0.0663
1774945845.1712,0.0000,0.0000,0.0000,0.0000,0.0000,3.1331,-0.2224,-18.9821,-0.0642,0.1863,-0.0492
1774945845.1913,0.0000,0.0000,0.0000,0.0000,0.0000,3.1322,-0.2284,17.2212,0.0604,0.1309,-0.0439
1774945845.2117,0.0000,0.0000,0.0000,0.0000,0.0000,3.1309,-0.2303,-8.3763,0.0860,0.0873,-0.0482
1774945845.2313,0.0000,0.0000,0.0000,0.0000,0.0000,3.1288,-0.2324,14.9697,0.1201,0.0223,-0.0098
1774945845.2515,0.0000,0.0000,0.0000,0.0000,0.0000,3.1279,-0.2329,26.8482,0.1446,-0.0470,-0.0024
1774945845.2716,0.0000,0.0000,0.0000,0.0000,0.0000,3.1276,-0.2311,-16.3881,0.1648,-0.1055,0.0179
1774945845.2920,0.0000,0.0000,0.0000,0.0000,0.0000,3.1286,-0.2298,-97.4569,0.1989,-0.1205,0.0328
1774945845.3113,0.0000,0.0000,0.0000,0.0000,0.0000,3.1298,-0.2287,-80.9385,0.2085,-0.0821,0.0584
1774945845.3312,0.0000,0.0000,0.0000,0.0000,0.0000,3.1311,-0.2277,-5.9042,0.2202,-0.1055,0.0733
1774945845.3513,0.0000,0.0000,0.0000,0.0000,0.0000,3.1378,-0.2290,4.1600,0.2735,-0.0960,0.0424
1774945845.3712,0.0000,0.0000,0.0000,0.0000,0.0000,-3.1395,-0.2314,-2.9162,0.2564,-0.0565,0.0296
1774945845.3912,0.0000,0.0000,0.0000,0.0000,0.0000,-3.1310,-0.2313,30.2089,0.2160,-0.0928,0.0147
1774945845.4121,0.0000,0.0000,0.0000,0.0000,0.0000,-3.1230,-0.2277,-6.9028,0.1829,-0.1961,-0.0300
1774945845.4312,0.0000,0.0000,0.0000,0.0000,0.0000,-3.1156,-0.2236,-41.5240,0.1797,-0.2312,-0.0460
1774945845.4512,0.0000,0.0000,0.0000,0.0000,0.0000,-3.1088,-0.2223,-93.5454,0.2053,-0.1098,-0.0279
1774945845.4713,0.0000,0.0000,0.0000,0.0000,0.0000,-3.1044,-0.2241,-24.0479,0.1595,0.0159,-0.0258
1774945845.4913,0.0000,0.0000,0.0000,0.0000,0.0000,-3.1010,-0.2282,53.8017,0.0370,0.0915,-0.0375
1774945845.5122,0.0000,0.0000,0.0000,0.0000,0.0000,-3.0995,-0.2314,1.2835,-0.0067,0.1192,-0.0471
1774945845.5312,0.0000,0.0000,0.0000,0.0000,0.0000,-3.0968,-0.2344,-61.5902,-0.0333,0.0095,-0.0332
1774945845.5512,0.0000,0.0000,0.0000,0.0000,0.0000,-3.0938,-0.2326,12.7616,0.0306,-0.1407,0.0040
1774945845.5712,0.0000,0.0000,0.0000,0.0000,0.0000,-3.0933,-0.2275,26.4735,0.0562,-0.1673,0.0136
1774945845.5912,0.0000,0.0000,0.0000,0.0000,0.0000,-3.0940,-0.2197,-58.9178,-0.0195,-0.2131,-0.0247
1774945845.6114,0.0000,0.0000,0.0000,0.0000,0.0000,-3.0979,-0.2145,-34.9399,-0.0780,-0.0555,-0.0631
1774945845.6312,0.0000,0.0000,0.0000,0.0000,0.0000,-3.1025,-0.2137,28.9761,-0.1729,0.0915,-0.0908
1774945845.6518,0.0000,0.0000,0.0000,0.0000,0.0000,-3.1029,-0.2157,28.4008,-0.1526,0.1171,-0.0908
1774945845.6712,0.0000,0.0000,0.0000,0.0000,0.0000,-3.1035,-0.2227,32.3886,-0.0631,0.0915,-0.0205
1774945845.6912,0.0000,0.0000,0.0000,0.0000,0.0000,-3.1062,-0.2265,36.1105,-0.0322,-0.0054,0.0285
1774945845.7145,0.0000,0.0000,0.0000,0.0000,0.0000,-3.1082,-0.2262,77.5670,-0.0120,-0.0629,0.0456
1774945845.7313,0.0000,0.0000,0.0000,0.0000,0.0000,-3.1140,-0.2261,7.0193,-0.1068,-0.1109,0.0424
1774945845.7514,0.0000,0.0000,0.0000,0.0000,0.0000,-3.1145,-0.2258,-30.7899,-0.0663,-0.0874,0.0626
1774945845.7714,0.0000,0.0000,0.0000,0.0000,0.0000,-3.1121,-0.2258,-32.0989,0.0370,-0.0097,0.0040
1774945845.7912,0.0000,0.0000,0.0000,0.0000,0.0000,-3.1115,-0.2263,77.4812,0.0562,0.0308,-0.0311
1774945845.8114,0.0000,0.0000,0.0000,0.0000,0.0000,-3.1122,-0.2266,-22.5923,0.0317,0.0457,-0.0386
1774945845.8312,0.0000,0.0000,0.0000,0.0000,0.0000,-3.1137,-0.2257,64.8564,0.0391,-0.0225,-0.0631
1774945845.8518,0.0000,0.0000,0.0000,0.0000,0.0000,-3.1129,-0.2240,-47.5570,0.0477,-0.0651,-0.0545
1774945845.8712,0.0000,0.0000,0.0000,0.0000,0.0000,-3.1127,-0.2207,-27.6032,0.0264,-0.1833,-0.0428
1774945845.8913,0.0000,0.0000,0.0000,0.0000,0.0000,-3.1132,-0.2177,-23.6517,-0.0088,-0.1940,-0.0343
1774945845.9113,0.0000,0.0000,0.0000,0.0000,0.0000,-3.1112,-0.2153,36.7046,-0.0887,-0.1609,-0.0407
1774945845.9313,0.0000,0.0000,0.0000,0.0000,0.0000,-3.1098,-0.2119,10.3496,-0.1164,-0.1300,-0.0609
1774945845.9513,0.0000,0.0000,0.0000,0.0000,0.0000,-3.1079,-0.2103,0.6912,-0.0695,-0.0448,-0.0727
1774945845.9713,0.0000,0.0000,0.0000,0.0000,0.0000,-3.1066,-0.2103,14.8348,-0.0578,0.0436,-0.0609
1774945845.9912,0.0000,0.0000,0.0000,0.0000,0.0000,-3.1098,-0.2087,17.3221,-0.0461,0.0574,-0.0514
1774945846.0119,0.0000,0.0000,0.0000,0.0000,0.0000,-3.1141,-0.2091,-4.0479,0.0019,0.1277,-0.0364
1774945846.0313,0.0000,0.0000,0.0000,0.0000,0.0000,-3.1159,-0.2097,35.7800,0.0540,0.1725,-0.0087
1774945846.0513,0.0000,0.0000,0.0000,0.0000,0.0000,-3.1170,-0.2105,32.9699,0.0583,0.1799,-0.0013
1774945846.0715,0.0000,0.0000,0.0000,0.0000,0.0000,-3.1171,-0.2109,-62.8228,0.0828,0.1554,-0.0066
1774945846.0913,0.0000,0.0000,0.0000,0.0000,0.0000,-3.1168,-0.2114,-25.3242,0.1254,0.1842,-0.0077
1774945846.1120,0.0000,0.0000,0.0000,0.0000,0.0000,-3.1140,-0.2131,45.4917,0.1403,0.2066,-0.0439
1774945846.1313,0.0000,0.0000,0.0000,0.0000,0.0000,-3.1138,-0.2153,-30.8624,0.1116,0.1885,-0.0535
1774945846.1518,0.0000,0.0000,0.0000,0.0000,0.0000,-3.1130,-0.2205,-55.9971,0.0999,0.2087,-0.0418
1774945846.1713,0.0000,0.0000,0.0000,0.0000,0.0000,-3.1121,-0.2263,29.5683,0.0785,0.1405,-0.0066
1774945846.1913,0.0000,0.0000,0.0000,0.0000,0.0000,-3.1103,-0.2279,38.7719,0.0466,0.0425,0.0104
1774945846.2113,0.0000,0.0000,0.0000,0.0000,0.0000,-3.1102,-0.2312,31.5435,-0.0461,0.0233,0.0040
1774945846.2313,0.0000,0.0000,0.0000,0.0000,0.0000,-3.1089,-0.2299,72.5504,-0.1015,-0.0257,-0.0034
1774945846.2516,0.0000,0.0000,0.0000,0.0000,0.0000,-3.1070,-0.2278,5.2547,-0.0866,-0.1055,-0.0215
1774945846.2715,0.0000,0.0000,0.0000,0.0000,0.0000,-3.1054,-0.2269,-6.0613,-0.0695,-0.0992,-0.0322
1774945846.2915,0.0000,0.0000,0.0000,0.0000,0.0000,-3.1055,-0.2251,23.9756,-0.0578,-0.0896,-0.0364
1774945846.3113,0.0000,0.0000,0.0000,0.0000,0.0000,-3.1064,-0.2267,39.4772,-0.0578,-0.0608,-0.0695
1774945846.3313,0.0000,0.0000,0.0000,0.0000,0.0000,-3.1069,-0.2288,0.0000,-0.0077,-0.0938,-0.0141
1774945846.3518,0.0000,0.0000,0.0000,0.0000,0.0000,-3.1063,-0.2295,-30.3905,0.0455,-0.0938,-0.0183
1774945846.3713,0.0000,0.0000,0.0000,0.0000,0.0000,-3.1091,-0.2305,0.0000,0.0264,-0.0789,-0.0130
1774945846.3912,0.0000,0.0000,0.0000,0.0000,0.0000,-3.1123,-0.2301,0.0000,0.0072,-0.0715,0.0062
1774945846.4112,0.0000,0.0000,0.0000,0.0000,0.0000,-3.1144,-0.2294,0.0000,0.0146,-0.1013,0.0072
1774945846.4314,0.0000,0.0000,0.0000,0.0000,0.0000,-3.1124,-0.2285,0.0000,0.0487,-0.1514,-0.0002
1774945846.4513,0.0000,0.0000,0.0000,0.0000,0.0000,-3.1090,-0.2272,0.0000,0.0583,-0.2355,-0.0418
1774945846.4717,0.0000,0.0000,0.0000,0.0000,0.0000,-3.1050,-0.2216,0.0000,0.0413,-0.2547,-0.0759
1774945846.4913,0.0000,0.0000,0.0000,0.0000,0.0000,-3.1045,-0.2182,0.0000,0.0413,-0.1993,-0.0769
1774945846.5114,0.0000,0.0000,0.0000,0.0000,0.0000,-3.1041,-0.2196,0.0000,0.0455,-0.0672,-0.0545
1774945846.5316,0.0000,0.0000,0.0000,0.0000,0.0000,-3.1066,-0.2213,0.0000,0.0402,0.0297,-0.0237
1774945846.5514,0.0000,0.0000,0.0000,0.0000,0.0000,-3.1078,-0.2188,0.0000,0.0050,0.0297,-0.0183
1774945846.5722,0.0000,0.0000,0.0000,0.0000,0.0000,-3.1076,-0.2161,22.9078,-0.0109,0.0106,-0.0077
1774945846.5929,0.0000,0.0000,0.0000,0.0000,0.0000,-3.1058,-0.2146,0.0000,0.0530,0.0564,-0.0098
1774945846.6113,0.0000,0.0000,0.0000,0.0000,0.0000,-3.1040,-0.2122,0.0000,0.1041,0.0585,-0.0141
1774945846.6311,0.0000,0.0000,0.0000,0.0000,0.0000,-3.1044,-0.2138,0.0000,0.1094,0.1608,-0.0173
1774945846.6516,0.0000,0.0000,0.0000,0.0000,0.0000,-3.1062,-0.2224,-62.9028,-0.0354,0.3035,0.0147
1774945846.6722,0.0000,0.0000,0.0000,0.0000,0.0000,-3.1047,-0.2326,0.0000,0.0455,0.4303,-0.0226
1774945846.6915,0.0000,0.0000,0.0000,0.0000,0.0000,-3.1014,-0.2401,0.0000,0.0967,0.2428,-0.0258
1774945846.7117,0.0000,0.0000,0.0000,0.0000,0.0000,-3.0961,-0.2441,0.0000,0.1499,0.1043,-0.0343
1774945846.7314,0.0000,0.0000,0.0000,0.0000,0.0000,-3.0965,-0.2463,0.0000,0.0956,-0.0459,-0.0087
1774945846.7521,0.0000,0.0000,0.0000,0.0000,0.0000,-3.0975,-0.2483,3.0189,-0.0120,0.0276,-0.0130
1774945846.7718,0.0000,0.0000,0.0000,0.0000,0.0000,-3.0975,-0.2482,0.0000,-0.0141,-0.0374,-0.0087
1774945846.7915,0.0000,0.0000,0.0000,0.0000,0.0000,-3.0953,-0.2472,3.1549,0.0104,-0.0864,-0.0332
1774945846.8123,0.0000,0.0000,0.0000,0.0000,0.0000,-3.0926,-0.2448,-6.2054,-0.0035,-0.0470,-0.0663
1774945846.8312,0.0000,0.0000,0.0000,0.0000,0.0000,-3.0912,-0.2420,-5.5808,-0.0567,-0.1055,-0.0844
1774945846.8519,0.0000,0.0000,0.0000,0.0000,0.0000,-3.0899,-0.2392,-51.6344,-0.0993,-0.1503,-0.0748
1774945846.8712,0.0000,0.0000,0.0000,0.0000,0.0000,-3.0908,-0.2357,-35.4421,-0.1004,-0.1482,-0.0535
1774945846.8912,0.0000,0.0000,0.0000,0.0000,0.0000,-3.0943,-0.2323,25.6942,-0.0876,-0.1364,-0.0322
1774945846.9116,0.0000,0.0000,0.0000,0.0000,0.0000,-3.0994,-0.2284,-33.9636,-0.0748,-0.1450,-0.0077
1774945846.9313,0.0000,0.0000,0.0000,0.0000,0.0000,-3.1038,-0.2276,-38.0187,-0.0567,-0.0970,-0.0055
1774945846.9515,0.0000,0.0000,0.0000,0.0000,0.0000,-3.1070,-0.2273,23.4938,-0.0472,-0.0672,-0.0141
1774945846.9713,0.0000,0.0000,0.0000,0.0000,0.0000,-3.1092,-0.2270,17.4260,-0.0248,-0.0629,-0.0226
1774945846.9912,0.0000,0.0000,0.0000,0.0000,0.0000,-3.1121,-0.2287,-12.0324,-0.0035,-0.0086,-0.0247
1774945847.0113,0.0000,0.0000,0.0000,0.0000,0.0000,-3.1136,-0.2291,10.5883,0.0327,-0.0118,-0.0205
1774945847.0313,0.0000,0.0000,0.0000,0.0000,0.0000,-3.1165,-0.2290,5.9971,0.0540,-0.0012,-0.0237
1774945847.0514,0.0000,0.0000,0.0000,0.0000,0.0000,-3.1194,-0.2286,8.8276,0.0391,0.0255,-0.0290
1774945847.0727,0.0000,0.0000,0.0000,0.0000,0.0000,-3.1210,-0.2285,12.3216,0.0711,0.0319,-0.0183
1774945847.0912,0.0000,0.0000,0.0000,0.0000,0.0000,-3.1205,-0.2301,30.3944,0.0796,0.0276,-0.0087
1774945847.1113,0.0000,0.0000,0.0000,0.0000,0.0000,-3.1188,-0.2326,-47.3208,0.0455,0.0862,-0.0215
1774945847.1314,0.0000,0.0000,0.0000,0.0000,0.0000,-3.1168,-0.2374,13.6572,0.0583,0.1373,-0.0375
1774945847.1512,0.0000,0.0000,0.0000,0.0000,0.0000,-3.1171,-0.2366,22.1176,0.0114,0.0447,-0.0269
1774945847.1713,0.0000,0.0000,0.0000,0.0000,0.0000,-3.1163,-0.2329,8.2988,-0.0503,-0.0150,-0.0375
1774945847.1913,0.0000,0.0000,0.0000,0.0000,0.0000,-3.1156,-0.2284,-30.3837,-0.0141,-0.0683,-0.0695
1774945847.2112,0.0000,0.0000,0.0000,0.0000,0.0000,-3.1154,-0.2244,11.7971,-0.0578,0.0319,-0.0865
1774945847.2313,0.0000,0.0000,0.0000,0.0000,0.0000,-3.1150,-0.2227,33.3153,-0.0376,0.1469,-0.0918
1774945847.2513,0.0000,0.0000,0.0000,0.0000,0.0000,-3.1157,-0.2270,19.4908,-0.0077,0.1981,-0.0609
1774945847.2713,0.0000,0.0000,0.0000,0.0000,0.0000,-3.1172,-0.2337,19.8050,-0.0216,0.2726,-0.0386
1774945847.2912,0.0000,0.0000,0.0000,0.0000,0.0000,-3.1205,-0.2360,-4.7289,0.0061,0.1032,-0.0034
1774945847.3113,0.0000,0.0000,0.0000,0.0000,0.0000,-3.1239,-0.2367,8.6041,0.0114,-0.0278,0.0243
1774945847.3313,0.0000,0.0000,0.0000,0.0000,0.0000,-3.1253,-0.2389,-4.4537,0.0200,-0.0544,0.0243
1774945847.3514,0.0000,0.0000,0.0000,0.0000,0.0000,-3.1256,-0.2400,-13.5293,0.0189,-0.0352,0.0136
1774945847.3714,0.0000,0.0000,0.0000,0.0000,0.0000,-3.1249,-0.2397,12.7529,0.0423,-0.0448,0.0008
1774945847.3912,0.0000,0.0000,0.0000,0.0000,0.0000,-3.1207,-0.2378,-17.9434,0.0690,-0.0779,-0.0077
1774945847.4115,0.0000,0.0000,0.0000,0.0000,0.0000,-3.1183,-0.2365,9.3656,0.0903,-0.0992,-0.0226
1774945847.4314,0.0000,0.0000,0.0000,0.0000,0.0000,-3.1154,-0.2320,-1.1326,0.0636,-0.0278,-0.0364
1774945847.4512,0.0000,0.0000,0.0000,0.0000,0.0000,-3.1142,-0.2290,-43.1880,0.0551,-0.0075,-0.0450
1774945847.4713,0.0000,0.0000,0.0000,0.0000,0.0000,-3.1139,-0.2301,18.2438,0.0455,0.0329,-0.0375
1774945847.4912,0.0000,0.0000,0.0000,0.0000,0.0000,-3.1120,-0.2308,-40.8218,0.0381,0.0447,-0.0109
1774945847.5112,0.0000,0.0000,0.0000,0.0000,0.0000,-3.1095,-0.2317,-26.5529,0.0402,0.0191,0.0126
1774945847.5312,0.0000,0.0000,0.0000,0.0000,0.0000,-3.1066,-0.2324,4.5684,0.0434,0.0127,0.0360
1774945847.5514,0.0000,0.0000,0.0000,0.0000,0.0000,-3.1046,-0.2317,-17.9945,0.0594,-0.0043,0.0456
1774945847.5713,0.0000,0.0000,0.0000,0.0000,0.0000,-3.1010,-0.2315,44.6412,0.0604,-0.0107,0.0307
1774945847.5913,0.0000,0.0000,0.0000,0.0000,0.0000,-3.0988,-0.2276,41.7994,0.0583,-0.0214,-0.0045
1774945847.6115,0.0000,0.0000,0.0000,0.0000,0.0000,-3.0956,-0.2264,3.5810,0.0754,-0.0257,-0.0332
1774945847.6312,0.0000,0.0000,0.0000,0.0000,0.0000,-3.0977,-0.2263,-27.3128,0.0466,0.0361,-0.0332
1774945847.6514,0.0000,0.0000,0.0000,0.0000,0.0000,-3.0981,-0.2264,-4.7953,0.0189,0.0500,-0.0343
1774945847.6715,0.0000,0.0000,0.0000,0.0000,0.0000,-3.0981,-0.2250,17.5003,0.0391,0.0404,-0.0173
1774945847.6914,0.0000,0.0000,0.0000,0.0000,0.0000,-3.0968,-0.2231,21.6951,0.0402,0.0415,-0.0002
1774945847.7113,0.0000,0.0000,0.0000,0.0000,0.0000,-3.0969,-0.2226,-13.7703,0.0178,0.0649,0.0008
1774945847.7313,0.0000,0.0000,0.0000,0.0000,0.0000,-3.0950,-0.2239,7.2768,0.0082,0.0979,-0.0130
1774945847.7521,0.0000,0.0000,0.0000,0.0000,0.0000,-3.0917,-0.2249,-0.5357,-0.0099,0.1075,-0.0343
1774945847.7713,0.0000,0.0000,0.0000,0.0000,0.0000,-3.0893,-0.2281,9.9286,-0.0013,0.1309,-0.0535
1774945847.7915,0.0000,0.0000,0.0000,0.0000,0.0000,-3.0883,-0.2316,20.2522,-0.0013,0.0937,-0.0460
1774945847.8112,0.0000,0.0000,0.0000,0.0000,0.0000,-3.0878,-0.2351,5.2279,-0.0195,0.0564,-0.0322
1774945847.8317,0.0000,0.0000,0.0000,0.0000,0.0000,-3.0886,-0.2356,22.0169,-0.0525,-0.0225,-0.0300
1774945847.8515,0.0000,0.0000,0.0000,0.0000,0.0000,-3.0873,-0.2355,-21.0255,-0.0802,-0.0789,-0.0386
1774945847.8723,0.0000,0.0000,0.0000,0.0000,0.0000,-3.0867,-0.2352,-6.7092,-0.0780,-0.0960,-0.0354
1774945847.8918,0.0000,0.0000,0.0000,0.0000,0.0000,-3.0867,-0.2374,-23.7381,-0.0589,-0.0470,-0.0269
1774945847.9115,0.0000,0.0000,0.0000,0.0000,0.0000,-3.0875,-0.2395,13.2567,-0.0844,-0.0438,-0.0311
1774945847.9315,0.0000,0.0000,0.0000,0.0000,0.0000,-3.0899,-0.2433,22.1091,-0.1004,-0.0267,-0.0332
1774945847.9516,0.0000,0.0000,0.0000,0.0000,0.0000,-3.0908,-0.2447,49.9916,-0.1100,-0.0406,-0.0396
1774945847.9714,0.0000,0.0000,0.0000,0.0000,0.0000,-3.0935,-0.2468,-2.0543,-0.1175,-0.1215,-0.0599
1774945847.9912,0.0000,0.0000,0.0000,0.0000,0.0000,-3.0962,-0.2471,-8.7650,-0.0834,-0.1620,-0.0514
1774945848.0118,0.0000,0.0000,0.0000,0.0000,0.0000,-3.0983,-0.2466,-0.5925,-0.0493,-0.1950,-0.0450
1774945848.0314,0.0000,0.0000,0.0000,0.0000,0.0000,-3.1017,-0.2456,-19.6479,-0.0525,-0.2121,-0.0332
1774945848.0524,0.0000,0.0000,0.0000,0.0000,0.0000,-3.1050,-0.2448,-9.2991,-0.0674,-0.2036,-0.0247
1774945848.0717,0.0000,0.0000,0.0000,0.0000,0.0000,-3.1069,-0.2446,0.5009,-0.0503,-0.1791,-0.0205
1774945848.0918,0.0000,0.0000,0.0000,0.0000,0.0000,-3.1095,-0.2440,-8.6934,-0.0429,-0.1822,-0.0077
1774945848.1115,0.0000,0.0000,0.0000,0.0000,0.0000,-3.1110,-0.2442,-73.7170,-0.0322,-0.1407,-0.0066
1774945848.1312,0.0000,0.0000,0.0000,0.0000,0.0000,-3.1120,-0.2453,-33.7482,-0.0386,-0.1269,-0.0002
1774945848.1529,0.0000,0.0000,0.0000,0.0000,0.0000,-3.1123,-0.2461,-54.1035,-0.0195,-0.1524,-0.0002
1774945848.1714,0.0000,0.0000,0.0000,0.0000,0.0000,-3.1129,-0.2465,-24.9641,-0.0024,-0.1322,-0.0045
1774945848.1912,0.0000,0.0000,0.0000,0.0000,0.0000,-3.1120,-0.2463,17.6310,0.0082,-0.1364,-0.0002
1774945848.2117,0.0000,0.0000,0.0000,0.0000,0.0000,-3.1120,-0.2464,3.1538,0.0125,-0.1247,0.0008
1774945848.2317,0.0000,0.0000,0.0000,0.0000,0.0000,-3.1145,-0.2462,-6.1075,0.0253,-0.0864,0.0030
1774945848.2546,0.0000,0.0000,0.0000,0.0000,0.0000,-3.1136,-0.2448,-2.2970,0.0391,-0.0821,0.0008
1774945848.2716,0.0000,0.0000,0.0000,0.0000,0.0000,-3.1149,-0.2424,-8.0711,0.0498,-0.0768,-0.0013
1774945848.2918,0.0000,0.0000,0.0000,0.0000,0.0000,-3.1165,-0.2415,-3.8973,0.0551,-0.0512,0.0019
1774945848.3114,0.0000,0.0000,0.0000,0.0000,0.0000,-3.1168,-0.2386,-12.0924,0.0754,-0.0502,0.0051
1774945848.3321,0.0000,0.0000,0.0000,0.0000,0.0000,-3.1153,-0.2353,5.3253,0.0775,-0.0331,-0.0066
1774945848.3520,0.0000,0.0000,0.0000,0.0000,0.0000,-3.1138,-0.2349,-14.1971,0.0711,-0.0118,-0.0141
1774945848.3715,0.0000,0.0000,0.0000,0.0000,0.0000,-3.1128,-0.2357,-13.1053,0.0754,0.0255,-0.0119
1774945848.3912,0.0000,0.0000,0.0000,0.0000,0.0000,-3.1094,-0.2350,0.1148,0.0785,0.0457,-0.0045
1774945848.4127,0.0000,0.0000,0.0000,0.0000,0.0000,-3.1061,-0.2338,11.6184,0.0817,0.0553,0.0030
1774945848.4314,0.0000,0.0000,0.0000,0.0000,0.0000,-3.1033,-0.2318,-5.4587,0.0700,0.0585,0.0008
1774945848.4515,0.0000,0.0000,0.0000,0.0000,0.0000,-3.1023,-0.2306,4.8660,0.0636,0.0681,0.0019
1774945848.4714,0.0000,0.0000,0.0000,0.0000,0.0000,-3.1023,-0.2297,12.7320,0.0530,0.0841,0.0019
1774945848.4912,0.0000,0.0000,0.0000,0.0000,0.0000,-3.1000,-0.2301,-11.3966,0.0477,0.0926,-0.0034
1774945848.5114,0.0000,0.0000,0.0000,0.0000,0.0000,-3.0993,-0.2292,-7.3900,0.0359,0.1000,-0.0055
1774945848.5315,0.0000,0.0000,0.0000,0.0000,0.0000,-3.0970,-0.2291,-25.3807,0.0210,0.0947,-0.0109
1774945848.5517,0.0000,0.0000,0.0000,0.0000,0.0000,-3.0950,-0.2286,-9.1493,0.0168,0.1011,-0.0098
1774945848.5715,0.0000,0.0000,0.0000,0.0000,0.0000,-3.0938,-0.2276,-9.6964,0.0008,0.1011,-0.0130
1774945848.5913,0.0000,0.0000,0.0000,0.0000,0.0000,-3.0925,-0.2269,-10.5101,-0.0109,0.0926,-0.0162
1774945848.6114,0.0000,0.0000,0.0000,0.0000,0.0000,-3.0916,-0.2257,-0.8717,-0.0109,0.0905,-0.0087
1774945848.6314,0.0000,0.0000,0.0000,0.0000,0.0000,-3.0902,-0.2243,20.2423,-0.0237,0.0883,-0.0130
1774945848.6522,0.0000,0.0000,0.0000,0.0000,0.0000,-3.0903,-0.2229,19.6382,-0.0301,0.0766,-0.0141
1774945848.6713,0.0000,0.0000,0.0000,0.0000,0.0000,-3.0905,-0.2229,13.1185,-0.0408,0.0755,-0.0151
1774945848.6915,0.0000,0.0000,0.0000,0.0000,0.0000,-3.0909,-0.2230,20.5932,-0.0503,0.0755,-0.0226
1774945848.7113,0.0000,0.0000,0.0000,0.0000,0.0000,-3.0916,-0.2227,5.3535,-0.0535,0.0681,-0.0215
1774945848.7313,0.0000,0.0000,0.0000,0.0000,0.0000,-3.0942,-0.2214,-11.9673,-0.0535,0.0681,-0.0205
1774945848.7518,0.0000,0.0000,0.0000,0.0000,0.0000,-3.0964,-0.2208,-9.3258,-0.0514,0.0638,-0.0226
1774945848.7714,0.0000,0.0000,0.0000,0.0000,0.0000,-3.0986,-0.2195,-10.7954,-0.0503,0.0542,-0.0151
1774945848.7913,0.0000,0.0000,0.0000,0.0000,0.0000,-3.1014,-0.2179,-11.8439,-0.0429,0.0638,-0.0173
1774945848.8115,0.0000,0.0000,0.0000,0.0000,0.0000,-3.1033,-0.2169,16.2820,-0.0418,0.0596,-0.0226
1774945848.8314,0.0000,0.0000,0.0000,0.0000,0.0000,-3.1052,-0.2171,15.9528,-0.0365,0.0479,-0.0258
1774945848.8518,0.0000,0.0000,0.0000,0.0000,0.0000,-3.1078,-0.2172,3.1261,-0.0312,0.0553,-0.0247
1774945848.8736,0.0000,0.0000,0.0000,0.0000,0.0000,-3.1097,-0.2152,0.0000,-0.0205,0.0585,-0.0205
1774945848.8913,0.0000,0.0000,0.0000,0.0000,0.0000,-3.1134,-0.2156,-9.4695,-0.0003,0.0447,-0.0151
1774945848.9117,0.0000,0.0000,0.0000,0.0000,0.0000,-3.1150,-0.2172,0.0000,0.0082,0.0564,-0.0066
1774945848.9317,0.0000,0.0000,0.0000,0.0000,0.0000,-3.1179,-0.2180,0.0000,0.0253,0.0585,0.0008
1774945848.9513,0.0000,0.0000,0.0000,0.0000,0.0000,-3.1201,-0.2186,0.0000,0.0338,0.0436,-0.0013
1774945848.9715,0.0000,0.0000,0.0000,0.0000,0.0000,-3.1209,-0.2176,-5.3262,0.0445,0.0404,-0.0045
1774945848.9917,0.0000,0.0000,0.0000,0.0000,0.0000,-3.1230,-0.2190,0.0000,0.0509,0.0319,-0.0055
1774945849.0120,0.0000,0.0000,0.0000,0.0000,0.0000,-3.1231,-0.2217,0.0000,0.0540,0.0340,-0.0055
1774945849.0316,0.0000,0.0000,0.0000,0.0000,0.0000,-3.1189,-0.2210,0.0000,0.0626,0.0415,-0.0024
1774945849.0517,0.0000,0.0000,0.0000,0.0000,0.0000,-3.1139,-0.2203,0.0000,0.0636,0.0276,0.0030
1774945849.0717,0.0000,0.0000,0.0000,0.0000,0.0000,-3.1094,-0.2217,0.0000,0.0594,0.0138,0.0051
1774945849.0913,0.0000,0.0000,0.0000,0.0000,0.0000,-3.1048,-0.2218,0.0000,0.0466,0.0170,0.0040
1774945849.1120,0.0000,0.0000,0.0000,0.0000,0.0000,-3.1012,-0.2216,-1.2010,0.0381,0.0063,-0.0002
1774945849.1326,0.0000,0.0000,0.0000,0.0000,0.0000,-3.0973,-0.2202,0.0000,0.0232,-0.0097,-0.0066
1774945849.1513,0.0000,0.0000,0.0000,0.0000,0.0000,-3.0937,-0.2202,0.5969,0.0061,-0.0022,-0.0130
1774945849.1723,0.0000,0.0000,0.0000,0.0000,0.0000,-3.0897,-0.2195,0.0000,0.0061,0.0020,-0.0141
1774945849.1919,0.0000,0.0000,0.0000,0.0000,0.0000,-3.0878,-0.2201,-2.2758,-0.0056,-0.0033,-0.0162
1774945849.2120,0.0000,0.0000,0.0000,0.0000,0.0000,-3.0869,-0.2211,-0.9054,-0.0067,-0.0001,-0.0141
1774945849.2314,0.0000,0.0000,0.0000,0.0000,0.0000,-3.0905,-0.2196,4.1423,-0.0109,0.0074,-0.0141
1774945849.2513,0.0000,0.0000,0.0000,0.0000,0.0000,-3.0931,-0.2202,-1.4188,-0.0195,0.0116,-0.0141
1774945849.2719,0.0000,0.0000,0.0000,0.0000,0.0000,-3.0972,-0.2196,12.0296,-0.0184,0.0084,-0.0119
1774945849.2915,0.0000,0.0000,0.0000,0.0000,0.0000,-3.0995,-0.2189,12.6399,-0.0184,0.0063,-0.0130
1774945849.3117,0.0000,0.0000,0.0000,0.0000,0.0000,-3.1002,-0.2193,3.9650,-0.0077,0.0052,-0.0141
1774945849.3313,0.0000,0.0000,0.0000,0.0000,0.0000,-3.1027,-0.2186,9.0985,-0.0024,0.0063,-0.0130
1774945849.3517,0.0000,0.0000,0.0000,0.0000,0.0000,-3.1052,-0.2179,-0.2138,-0.0045,-0.0033,-0.0162
1774945849.3716,0.0000,0.0000,0.0000,0.0000,0.0000,-3.1070,-0.2186,-2.0250,0.0029,0.0020,-0.0130
1774945849.3915,0.0000,0.0000,0.0000,0.0000,0.0000,-3.1092,-0.2187,-0.4514,0.0082,-0.0022,-0.0098
1774945849.4115,0.0000,0.0000,0.0000,0.0000,0.0000,-3.1103,-0.2199,1.7262,0.0072,-0.0065,-0.0077
1774945849.4315,0.0000,0.0000,0.0000,0.0000,0.0000,-3.1100,-0.2213,0.4537,0.0040,-0.0043,-0.0077
1774945849.4518,0.0000,0.0000,0.0000,0.0000,0.0000,-3.1086,-0.2219,-0.4936,0.0050,-0.0022,-0.0087
1774945849.4713,0.0000,0.0000,0.0000,0.0000,0.0000,-3.1063,-0.2219,-9.3828,0.0061,-0.0033,-0.0098
1774945849.4915,0.0000,0.0000,0.0000,0.0000,0.0000,-3.1038,-0.2224,-5.4006,-0.0013,-0.0012,-0.0119
1774945849.5113,0.0000,0.0000,0.0000,0.0000,0.0000,-3.1018,-0.2225,2.2714,0.0040,-0.0033,-0.0119
1774945849.5314,0.0000,0.0000,0.0000,0.0000,0.0000,-3.1017,-0.2216,-0.1719,0.0050,-0.0043,-0.0119
1774945849.5512,0.0000,0.0000,0.0000,0.0000,0.0000,-3.1017,-0.2205,-2.8542,0.0029,-0.0033,-0.0109
1774945849.5716,0.0000,0.0000,0.0000,0.0000,0.0000,-3.1034,-0.2198,-2.0034,-0.0035,-0.0033,-0.0098
1774945849.5970,0.0000,0.0000,0.0000,0.0000,0.0000,-3.1022,-0.2198,4.7816,0.0040,-0.0043,-0.0087
1774945849.6123,0.0000,0.0000,0.0000,0.0000,0.0000,-3.1029,-0.2203,-1.6982,0.0029,-0.0012,-0.0151
1774945849.6312,0.0000,0.0000,0.0000,0.0000,0.0000,-3.1038,-0.2206,-3.0616,0.0019,-0.0012,-0.0130
1774945849.6515,0.0000,0.0000,0.0000,0.0000,0.0000,-3.1032,-0.2209,0.4647,0.0050,-0.0033,-0.0109
1774945849.6715,0.0000,0.0000,0.0000,0.0000,0.0000,-3.1030,-0.2212,3.4626,0.0029,-0.0012,-0.0119
1774945849.6914,0.0000,0.0000,0.0000,0.0000,0.0000,-3.1021,-0.2209,3.2613,0.0029,-0.0043,-0.0109
1774945849.7120,0.0000,0.0000,0.0000,0.0000,0.0000,-3.1007,-0.2211,-2.2554,0.0061,-0.0033,-0.0119
1774945849.7316,0.0000,0.0000,0.0000,0.0000,0.0000,-3.1008,-0.2209,-1.0524,-0.0003,-0.0012,-0.0098
1774945849.7519,0.0000,0.0000,0.0000,0.0000,0.0000,-3.1002,-0.2205,-0.5937,0.0029,-0.0043,-0.0119
1774945849.7716,0.0000,0.0000,0.0000,0.0000,0.0000,-3.1013,-0.2205,-3.9082,0.0019,-0.0033,-0.0130
1774945849.7912,0.0000,0.0000,0.0000,0.0000,0.0000,-3.1024,-0.2203,0.9811,0.0040,-0.0012,-0.0098
1774945849.8112,0.0000,0.0000,0.0000,0.0000,0.0000,-3.1038,-0.2203,1.0304,0.0050,-0.0043,-0.0119
1774945849.8316,0.0000,0.0000,0.0000,0.0000,0.0000,-3.1050,-0.2203,2.3124,0.0029,-0.0022,-0.0119
1774945849.8520,0.0000,0.0000,0.0000,0.0000,0.0000,-3.1042,-0.2202,4.0544,0.0072,-0.0033,-0.0130
1774945849.8719,0.0000,0.0000,0.0000,0.0000,0.0000,-3.1039,-0.2202,-0.2650,0.0040,-0.0043,-0.0109
1774945849.8914,0.0000,0.0000,0.0000,0.0000,0.0000,-3.1038,-0.2204,3.5614,0.0040,-0.0043,-0.0109
1774945849.9122,0.0000,0.0000,0.0000,0.0000,0.0000,-3.1031,-0.2203,0.3428,0.0050,-0.0043,-0.0119
1774945849.9315,0.0000,0.0000,0.0000,0.0000,0.0000,-3.1021,-0.2204,-1.8484,0.0050,-0.0043,-0.0109
1774945849.9515,0.0000,0.0000,0.0000,0.0000,0.0000,-3.1022,-0.2205,-1.2870,0.0061,-0.0033,-0.0109
1774945849.9717,0.0000,0.0000,0.0000,0.0000,0.0000,-3.1025,-0.2206,2.0040,0.0019,-0.0033,-0.0109
1774945849.9922,0.0000,0.0000,0.0000,0.0000,0.0000,-3.1023,-0.2203,-0.1230,0.0040,-0.0033,-0.0130
1774945850.0117,0.0000,0.0000,0.0000,0.0000,0.0000,-3.1031,-0.2205,-2.2848,0.0040,-0.0043,-0.0119
1774945850.0318,0.0000,0.0000,0.0000,0.0000,0.0000,-3.1029,-0.2205,0.1714,0.0019,-0.0033,-0.0119
1774945850.0513,0.0000,0.0000,0.0000,0.0000,0.0000,-3.1037,-0.2203,-1.0164,0.0019,-0.0033,-0.0098
1774945850.0721,0.0000,0.0000,0.0000,0.0000,0.0000,-3.1036,-0.2206,2.1047,0.0029,-0.0033,-0.0109
1774945850.0921,0.0000,0.0000,0.0000,0.0000,0.0000,-3.1032,-0.2205,0.1691,0.0072,-0.0033,-0.0119
1774945850.1116,0.0000,0.0000,0.0000,0.0000,0.0000,-3.1032,-0.2205,-1.1887,0.0008,-0.0033,-0.0098
1774945850.1327,0.0000,0.0000,0.0000,0.0000,0.0000,-3.1020,-0.2205,5.5161,0.0029,-0.0022,-0.0119
1774945850.1518,0.0000,0.0000,0.0000,0.0000,0.0000,-3.1021,-0.2202,0.4350,0.0029,-0.0043,-0.0109
1774945850.1712,0.0000,0.0000,0.0000,0.0000,0.0000,-3.1019,-0.2205,-0.7475,0.0040,-0.0043,-0.0109
1774945850.1914,0.0000,0.0000,0.0000,0.0000,0.0000,-3.1023,-0.2208,0.7235,0.0050,-0.0033,-0.0130
1774945850.2139,0.0000,0.0000,0.0000,0.0000,0.0000,-3.1027,-0.2206,2.5386,0.0019,-0.0033,-0.0098
1774945850.2318,0.0000,0.0000,0.0000,0.0000,0.0000,-3.1028,-0.2210,0.2301,0.0072,-0.0022,-0.0119
1774945850.2513,0.0000,0.0000,0.0000,0.0000,0.0000,-3.1040,-0.2209,-0.0584,0.0040,-0.0033,-0.0109
1774945850.2714,0.0000,0.0000,0.0000,0.0000,0.0000,-3.1029,-0.2206,1.9917,0.0061,-0.0043,-0.0119
1774945850.2917,0.0000,0.0000,0.0000,0.0000,0.0000,-3.1032,-0.2207,0.8769,0.0029,-0.0022,-0.0119
1774945850.3116,0.0000,0.0000,0.0000,0.0000,0.0000,-3.1028,-0.2206,3.3359,0.0029,-0.0033,-0.0109
1774945850.3313,0.0000,0.0000,0.0000,0.0000,0.0000,-3.1021,-0.2204,-0.5230,0.0050,-0.0033,-0.0119
1774945850.3517,0.0000,0.0000,0.0000,0.0000,0.0000,-3.1025,-0.2206,-1.5452,0.0008,-0.0043,-0.0119
1774945850.3724,0.0000,0.0000,0.0000,0.0000,0.0000,-3.1018,-0.2205,1.5375,0.0061,-0.0033,-0.0119
1774945850.3917,0.0000,0.0000,0.0000,0.0000,0.0000,-3.1023,-0.2205,0.5757,0.0050,-0.0043,-0.0119
1774945850.4119,0.0000,0.0000,0.0000,0.0000,0.0000,-3.1024,-0.2204,0.2263,0.0019,-0.0033,-0.0098
1774945850.4317,0.0000,0.0000,0.0000,0.0000,0.0000,-3.1023,-0.2202,-2.0516,0.0040,-0.0043,-0.0109
1774945850.4520,0.0000,0.0000,0.0000,0.0000,0.0000,-3.1033,-0.2205,0.6522,0.0040,-0.0033,-0.0119
1774945850.4721,0.0000,0.0000,0.0000,0.0000,0.0000,-3.1030,-0.2203,2.9371,0.0040,-0.0033,-0.0119
1774945850.4917,0.0000,0.0000,0.0000,0.0000,0.0000,-3.1038,-0.2206,-0.2315,0.0040,-0.0022,-0.0098
1774945850.5117,0.0000,0.0000,0.0000,0.0000,0.0000,-3.1033,-0.2204,2.2732,0.0050,-0.0033,-0.0109
1774945850.5316,0.0000,0.0000,0.0000,0.0000,0.0000,-3.1029,-0.2203,1.3886,0.0050,-0.0033,-0.0109
1774945850.5513,0.0000,0.0000,0.0000,0.0000,0.0000,-3.1028,-0.2201,0.5942,0.0040,-0.0043,-0.0098
1774945850.5716,0.0000,0.0000,0.0000,0.0000,0.0000,-3.1023,-0.2204,0.2810,0.0050,-0.0033,-0.0109
1774945850.5920,0.0000,0.0000,0.0000,0.0000,0.0000,-3.1027,-0.2205,-1.2576,0.0019,-0.0043,-0.0109
1774945850.6114,0.0000,0.0000,0.0000,0.0000,0.0000,-3.1026,-0.2203,-0.9963,0.0050,-0.0033,-0.0087
1774945850.6312,0.0000,0.0000,0.0000,0.0000,0.0000,-3.1026,-0.2203,-0.2851,0.0029,-0.0054,-0.0098
1774945850.6517,0.0000,0.0000,0.0000,0.0000,0.0000,-3.1036,-0.2203,-1.4671,0.0040,-0.0054,-0.0098
1774945850.6722,0.0000,0.0000,0.0000,0.0000,0.0000,-3.1036,-0.2209,0.2141,0.0019,-0.0033,-0.0109
1774945850.6917,0.0000,0.0000,0.0000,0.0000,0.0000,-3.1034,-0.2208,-0.7353,0.0040,-0.0033,-0.0098
1774945850.7120,0.0000,0.0000,0.0000,0.0000,0.0000,-3.1035,-0.2208,-0.0550,0.0050,-0.0033,-0.0119
1774945850.7312,0.0000,0.0000,0.0000,0.0000,0.0000,-3.1037,-0.2208,-1.4583,0.0050,-0.0043,-0.0109
1774945850.7523,0.0000,0.0000,0.0000,0.0000,0.0000,-3.1030,-0.2207,0.0569,0.0019,-0.0022,-0.0109
1774945850.7715,0.0000,0.0000,0.0000,0.0000,0.0000,-3.1027,-0.2207,0.5046,0.0029,-0.0022,-0.0109
1774945850.7916,0.0000,0.0000,0.0000,0.0000,0.0000,-3.1028,-0.2206,0.6670,0.0019,-0.0022,-0.0098
1774945850.8121,0.0000,0.0000,0.0000,0.0000,0.0000,-3.1026,-0.2205,-1.8841,0.0050,-0.0033,-0.0119
1774945850.8315,0.0000,0.0000,0.0000,0.0000,0.0000,-3.1032,-0.2206,-1.4787,0.0029,-0.0033,-0.0109
1774945850.8519,0.0000,0.0000,0.0000,0.0000,0.0000,-3.1028,-0.2204,1.6068,0.0040,-0.0054,-0.0098
1774945850.8720,0.0000,0.0000,0.0000,0.0000,0.0000,-3.1033,-0.2205,0.1090,0.0029,-0.0033,-0.0119
1774945850.8917,0.0000,0.0000,0.0000,0.0000,0.0000,-3.1032,-0.2204,0.9222,0.0029,-0.0043,-0.0119
1774945850.9115,0.0000,0.0000,0.0000,0.0000,0.0000,-3.1037,-0.2206,-2.3693,0.0040,-0.0033,-0.0119
1774945850.9315,0.0000,0.0000,0.0000,0.0000,0.0000,-3.1035,-0.2207,-0.3987,0.0019,-0.0043,-0.0119
1774945850.9514,0.0000,0.0000,0.0000,0.0000,0.0000,-3.1029,-0.2204,-1.1030,0.0050,-0.0033,-0.0109
1774945850.9719,0.0000,0.0000,0.0000,0.0000,0.0000,-3.1034,-0.2206,-1.5536,0.0019,-0.0043,-0.0109
1774945850.9916,0.0000,0.0000,0.0000,0.0000,0.0000,-3.1027,-0.2205,0.6212,0.0040,-0.0022,-0.0087
1774945851.0114,0.0000,0.0000,0.0000,0.0000,0.0000,-3.1032,-0.2204,-0.9635,0.0029,-0.0022,-0.0098
1774945851.0316,0.0000,0.0000,0.0000,0.0000,0.0000,-3.1033,-0.2205,1.0237,0.0040,-0.0033,-0.0119
1774945851.0519,0.0000,0.0000,0.0000,0.0000,0.0000,-3.1025,-0.2205,-0.2254,0.0072,-0.0033,-0.0119
1774945851.0716,0.0000,0.0000,0.0000,0.0000,0.0000,-3.1034,-0.2205,-0.9197,0.0029,-0.0033,-0.0109
1774945851.0921,0.0000,0.0000,0.0000,0.0000,0.0000,-3.1026,-0.2207,0.5827,0.0050,-0.0033,-0.0087
1774945851.1117,0.0000,0.0000,0.0000,0.0000,0.0000,-3.1032,-0.2206,-0.3354,0.0040,-0.0043,-0.0119
1774945851.1316,0.0000,0.0000,0.0000,0.0000,0.0000,-3.1030,-0.2206,0.2906,0.0040,-0.0043,-0.0119
1774945851.1528,0.0000,0.0000,0.0000,0.0000,0.0000,-3.1029,-0.2206,0.4758,0.0040,-0.0033,-0.0109
1774945851.1712,0.0000,0.0000,0.0000,0.0000,0.0000,-3.1032,-0.2207,0.1178,0.0019,-0.0043,-0.0130
1774945851.1914,0.0000,0.0000,0.0000,0.0000,0.0000,-3.1026,-0.2207,-0.9127,0.0050,-0.0033,-0.0109
1774945851.2119,0.0000,0.0000,0.0000,0.0000,0.0000,-3.1030,-0.2207,0.0000,0.0008,-0.0022,-0.0098
1774945851.2314,0.0000,0.0000,0.0000,0.0000,0.0000,-3.1025,-0.2205,0.9103,0.0061,-0.0043,-0.0119
1774945851.2526,0.0000,0.0000,0.0000,0.0000,0.0000,-3.1028,-0.2207,-0.1109,0.0040,-0.0033,-0.0109
1774945851.2720,0.0000,0.0000,0.0000,0.0000,0.0000,-3.1031,-0.2208,0.1673,0.0040,-0.0054,-0.0109
1774945851.2913,0.0000,0.0000,0.0000,0.0000,0.0000,-3.1029,-0.2206,0.2885,0.0029,-0.0033,-0.0109
1774945851.3116,0.0000,0.0000,0.0000,0.0000,0.0000,-3.1032,-0.2207,1.1794,0.0029,-0.0043,-0.0109
1774945851.3314,0.0000,0.0000,0.0000,0.0000,0.0000,-3.1027,-0.2205,-0.2900,0.0050,-0.0054,-0.0109
1774945851.3515,0.0000,0.0000,0.0000,0.0000,0.0000,-3.1034,-0.2206,-1.5383,0.0019,-0.0033,-0.0109
1774945851.3714,0.0000,0.0000,0.0000,0.0000,0.0000,-3.1027,-0.2205,0.5842,0.0029,-0.0043,-0.0109
1774945851.3919,0.0000,0.0000,0.0000,0.0000,0.0000,-3.1027,-0.2206,-1.0057,0.0040,-0.0022,-0.0130
1774945851.4113,0.0000,0.0000,0.0000,0.0000,0.0000,-3.1034,-0.2205,0.6616,0.0019,-0.0033,-0.0098
1774945851.4313,0.0000,0.0000,0.0000,0.0000,0.0000,-3.1028,-0.2205,0.2950,0.0050,-0.0033,-0.0119
1774945851.4515,0.0000,0.0000,0.0000,0.0000,0.0000,-3.1036,-0.2206,-1.5058,0.0019,-0.0033,-0.0098
1774945851.4715,0.0000,0.0000,0.0000,0.0000,0.0000,-3.1031,-0.2204,0.0000,0.0040,-0.0043,-0.0109
1774945851.4917,0.0000,0.0000,0.0000,0.0000,0.0000,-3.1028,-0.2205,0.0000,0.0029,-0.0033,-0.0109
1774945851.5115,0.0000,0.0000,0.0000,0.0000,0.0000,-3.1031,-0.2207,1.2011,0.0019,-0.0022,-0.0087
1774945851.5318,0.0000,0.0000,0.0000,0.0000,0.0000,-3.1024,-0.2207,0.0000,0.0072,-0.0043,-0.0119
1774945851.5514,0.0000,0.0000,0.0000,0.0000,0.0000,-3.1032,-0.2206,-0.5980,0.0029,-0.0033,-0.0119
1774945851.5722,0.0000,0.0000,0.0000,0.0000,0.0000,-3.1023,-0.2203,0.0000,0.0050,-0.0043,-0.0109
1774945851.5914,0.0000,0.0000,0.0000,0.0000,0.0000,-3.1025,-0.2200,-1.2519,0.0029,-0.0043,-0.0119
1774945851.6115,0.0000,0.0000,0.0000,0.0000,0.0000,-3.1019,-0.2191,0.7933,0.0019,-0.0054,-0.0109
1774945851.6318,0.0000,0.0000,0.0000,0.0000,0.0000,-3.1002,-0.2194,0.0000,0.0019,-0.0075,-0.0109
1774945851.6512,0.0000,0.0000,0.0000,0.0000,0.0000,-3.0993,-0.2200,0.6221,0.0008,-0.0022,-0.0109
1774945851.6722,0.0000,0.0000,0.0000,0.0000,0.0000,-3.0997,-0.2197,0.0000,0.0019,-0.0043,-0.0109
1774945851.6920,0.0000,0.0000,0.0000,0.0000,0.0000,-3.1027,-0.2198,0.0000,0.0019,-0.0043,-0.0119
1774945851.7115,0.0000,0.0000,0.0000,0.0000,0.0000,-3.1035,-0.2198,1.1518,0.0019,-0.0043,-0.0119
1774945851.7319,0.0000,0.0000,0.0000,0.0000,0.0000,-3.1042,-0.2201,0.5519,0.0082,-0.0033,-0.0119
1774945851.7515,0.0000,0.0000,0.0000,0.0000,0.0000,-3.1059,-0.2203,1.4812,0.0008,-0.0033,-0.0109
1774945851.7716,0.0000,0.0000,0.0000,0.0000,0.0000,-3.1052,-0.2206,-0.2891,0.0050,-0.0043,-0.0109
1774945851.7920,0.0000,0.0000,0.0000,0.0000,0.0000,-3.1039,-0.2208,0.0000,0.0029,-0.0033,-0.0109
1774945851.8121,0.0000,0.0000,0.0000,0.0000,0.0000,-3.1022,-0.2207,0.0000,0.0061,-0.0043,-0.0119
1774945851.8318,0.0000,0.0000,0.0000,0.0000,0.0000,-3.1012,-0.2207,-0.2316,0.0040,-0.0033,-0.0130
1774945851.8513,0.0000,0.0000,0.0000,0.0000,0.0000,-3.1009,-0.2207,-0.0848,0.0029,-0.0043,-0.0087
1774945851.8719,0.0000,0.0000,0.0000,0.0000,0.0000,-3.1016,-0.2204,0.0000,0.0040,-0.0033,-0.0119
1774945851.8918,0.0000,0.0000,0.0000,0.0000,0.0000,-3.1030,-0.2202,-2.1904,-0.0003,-0.0043,-0.0109
1774945851.9114,0.0000,0.0000,0.0000,0.0000,0.0000,-3.1024,-0.2203,0.2168,0.0008,-0.0033,-0.0119
1774945851.9314,0.0000,0.0000,0.0000,0.0000,0.0000,-3.1029,-0.2200,-1.4803,0.0019,-0.0075,-0.0109
1774945851.9517,0.0000,0.0000,0.0000,0.0000,0.0000,-3.1033,-0.2196,2.2026,0.0008,-0.0065,-0.0109
1774945851.9720,0.0000,0.0000,0.0000,0.0000,0.0000,-3.1022,-0.2193,1.2095,-0.0024,-0.0075,-0.0130
1774945851.9920,0.0000,0.0000,0.0000,0.0000,0.0000,-3.1015,-0.2192,-5.4437,0.0008,-0.0086,-0.0130
1774945852.0115,0.0000,0.0000,0.0000,0.0000,0.0000,-3.1013,-0.2195,1.2822,0.0029,-0.0012,-0.0130
1774945852.0319,0.0000,0.0000,0.0000,0.0000,0.0000,-3.1032,-0.2195,0.1138,0.0029,-0.0022,-0.0109
1774945852.0514,0.0000,0.0000,0.0000,0.0000,0.0000,-3.1046,-0.2200,3.8602,0.0029,-0.0054,-0.0087
1774945852.0720,0.0000,0.0000,0.0000,0.0000,0.0000,-3.1060,-0.2210,-1.7678,0.0040,-0.0012,-0.0098
1774945852.0913,0.0000,0.0000,0.0000,0.0000,0.0000,-3.1066,-0.2213,-1.3053,0.0050,-0.0022,-0.0098
1774945852.1120,0.0000,0.0000,0.0000,0.0000,0.0000,-3.1061,-0.2210,0.6977,0.0040,-0.0043,-0.0109
1774945852.1338,0.0000,0.0000,0.0000,0.0000,0.0000,-3.1056,-0.2211,-1.6374,0.0040,-0.0043,-0.0130
1774945852.1515,0.0000,0.0000,0.0000,0.0000,0.0000,-3.1035,-0.2214,-0.2557,0.0061,-0.0022,-0.0130
1774945852.1717,0.0000,0.0000,0.0000,0.0000,0.0000,-3.1032,-0.2207,0.2096,0.0029,-0.0022,-0.0119
1774945852.1913,0.0000,0.0000,0.0000,0.0000,0.0000,-3.1018,-0.2203,0.7849,0.0040,-0.0043,-0.0098
1774945852.2115,0.0000,0.0000,0.0000,0.0000,0.0000,-3.1012,-0.2202,0.0000,0.0019,-0.0022,-0.0098
1774945852.2314,0.0000,0.0000,0.0000,0.0000,0.0000,-3.1016,-0.2202,1.5127,0.0029,-0.0033,-0.0109
1774945852.2514,0.0000,0.0000,0.0000,0.0000,0.0000,-3.1024,-0.2200,-0.4685,0.0029,-0.0043,-0.0109
1774945852.2713,0.0000,0.0000,0.0000,0.0000,0.0000,-3.1042,-0.2202,-1.8258,0.0008,-0.0033,-0.0109
1774945852.2914,0.0000,0.0000,0.0000,0.0000,0.0000,-3.1048,-0.2201,1.1124,0.0050,-0.0043,-0.0109
1774945852.3114,0.0000,0.0000,0.0000,0.0000,0.0000,-3.1061,-0.2200,-0.0833,0.0019,-0.0043,-0.0109
1774945852.3316,0.0000,0.0000,0.0000,0.0000,0.0000,-3.1057,-0.2201,-0.1273,0.0040,-0.0033,-0.0109
1774945852.3516,0.0000,0.0000,0.0000,0.0000,0.0000,-3.1044,-0.2201,-0.5410,0.0050,-0.0022,-0.0130
1774945852.3714,0.0000,0.0000,0.0000,0.0000,0.0000,-3.1039,-0.2201,0.1659,0.0040,-0.0033,-0.0109
1774945852.3917,0.0000,0.0000,0.0000,0.0000,0.0000,-3.1019,-0.2199,1.4809,0.0029,-0.0043,-0.0119
1774945852.4114,0.0000,0.0000,0.0000,0.0000,0.0000,-3.1027,-0.2189,-1.2163,-0.0003,-0.0075,-0.0109
1774945852.4317,0.0000,0.0000,0.0000,0.0000,0.0000,-3.1024,-0.2189,1.5929,-0.0035,-0.0065,-0.0109
1774945852.4519,0.0000,0.0000,0.0000,0.0000,0.0000,-3.1011,-0.2186,1.0934,0.0008,-0.0043,-0.0119
1774945852.4718,0.0000,0.0000,0.0000,0.0000,0.0000,-3.1024,-0.2175,-1.1024,-0.0067,-0.0075,-0.0130
1774945852.4920,0.0000,0.0000,0.0000,0.0000,0.0000,-3.1027,-0.2180,2.5582,-0.0003,-0.0054,-0.0130
1774945852.5115,0.0000,0.0000,0.0000,0.0000,0.0000,-3.1031,-0.2189,-0.0827,0.0040,-0.0022,-0.0141
1774945852.5317,0.0000,0.0000,0.0000,0.0000,0.0000,-3.1051,-0.2187,1.9496,0.0008,-0.0033,-0.0087
1774945852.5515,0.0000,0.0000,0.0000,0.0000,0.0000,-3.1072,-0.2193,2.1720,0.0029,-0.0022,-0.0077
1774945852.5713,0.0000,0.0000,0.0000,0.0000,0.0000,-3.1071,-0.2200,1.6437,0.0050,-0.0033,-0.0109
1774945852.5914,0.0000,0.0000,0.0000,0.0000,0.0000,-3.1064,-0.2207,-2.7421,0.0050,-0.0012,-0.0119
1774945852.6114,0.0000,0.0000,0.0000,0.0000,0.0000,-3.1051,-0.2203,0.6967,0.0029,-0.0043,-0.0130
1774945852.6314,0.0000,0.0000,0.0000,0.0000,0.0000,-3.1032,-0.2206,1.0417,0.0040,-0.0065,-0.0119
1774945852.6520,0.0000,0.0000,0.0000,0.0000,0.0000,-3.1030,-0.2209,2.6029,0.0040,-0.0033,-0.0130
1774945852.6713,0.0000,0.0000,0.0000,0.0000,0.0000,-3.1035,-0.2204,0.2882,0.0040,-0.0022,-0.0119
1774945852.6914,0.0000,0.0000,0.0000,0.0000,0.0000,-3.1039,-0.2201,-0.5853,0.0019,-0.0033,-0.0087
1774945852.7114,0.0000,0.0000,0.0000,0.0000,0.0000,-3.1041,-0.2200,1.3929,0.0008,-0.0033,-0.0098
1774945852.7316,0.0000,0.0000,0.0000,0.0000,0.0000,-3.1047,-0.2206,-0.2190,0.0040,-0.0012,-0.0119
1774945852.7514,0.0000,0.0000,0.0000,0.0000,0.0000,-3.1047,-0.2200,-0.9366,-0.0024,-0.0001,-0.0141
1774945852.7713,0.0000,0.0000,0.0000,0.0000,0.0000,-3.1026,-0.2194,1.1051,0.0019,-0.0001,-0.0130
1774945852.7914,0.0000,0.0000,0.0000,0.0000,0.0000,-3.1026,-0.2186,-0.2202,0.0008,-0.0022,-0.0130
1774945852.8118,0.0000,0.0000,0.0000,0.0000,0.0000,-3.1026,-0.2184,1.1157,0.0008,-0.0012,-0.0119
1774945852.8313,0.0000,0.0000,0.0000,0.0000,0.0000,-3.1030,-0.2193,-0.3883,-0.0003,-0.0012,-0.0119
1774945852.8513,0.0000,0.0000,0.0000,0.0000,0.0000,-3.1038,-0.2196,1.4100,-0.0024,0.0010,-0.0119
1774945852.8715,0.0000,0.0000,0.0000,0.0000,0.0000,-3.1032,-0.2194,0.9381,-0.0003,-0.0022,-0.0109
1774945852.8915,0.0000,0.0000,0.0000,0.0000,0.0000,-3.1042,-0.2194,-1.0179,-0.0003,-0.0033,-0.0119
1774945852.9115,0.0000,0.0000,0.0000,0.0000,0.0000,-3.1052,-0.2194,2.2287,0.0019,-0.0054,-0.0119
1774945852.9315,0.0000,0.0000,0.0000,0.0000,0.0000,-3.1063,-0.2202,0.3355,0.0029,-0.0054,-0.0119
1774945852.9519,0.0000,0.0000,0.0000,0.0000,0.0000,-3.1077,-0.2211,0.5427,0.0029,-0.0033,-0.0109
1774945852.9714,0.0000,0.0000,0.0000,0.0000,0.0000,-3.1077,-0.2218,0.7303,0.0050,-0.0033,-0.0098
1774945852.9913,0.0000,0.0000,0.0000,0.0000,0.0000,-3.1083,-0.2218,-0.9435,-0.0013,-0.0033,-0.0098
1774945853.0115,0.0000,0.0000,0.0000,0.0000,0.0000,-3.1064,-0.2209,2.8543,-0.0045,-0.0139,-0.0098
1774945853.0315,0.0000,0.0000,0.0000,0.0000,0.0000,-3.1061,-0.2203,-1.1367,-0.0056,-0.0161,-0.0130
1774945853.0513,0.0000,0.0000,0.0000,0.0000,0.0000,-3.1043,-0.2202,6.0602,-0.0067,-0.0075,-0.0151
1774945853.0720,0.0000,0.0000,0.0000,0.0000,0.0000,-3.1026,-0.2198,-1.4959,-0.0077,-0.0097,-0.0151
1774945853.0913,0.0000,0.0000,0.0000,0.0000,0.0000,-3.1040,-0.2195,-1.9584,-0.0077,-0.0086,-0.0130
1774945853.1116,0.0000,0.0000,0.0000,0.0000,0.0000,-3.1055,-0.2194,0.5000,-0.0024,-0.0075,-0.0098
1774945853.1318,0.0000,0.0000,0.0000,0.0000,0.0000,-3.1074,-0.2194,-5.3001,-0.0024,-0.0086,-0.0098
1774945853.1513,0.0000,0.0000,0.0000,0.0000,0.0000,-3.1091,-0.2193,0.7130,-0.0024,-0.0043,-0.0130
1774945853.1716,0.0000,0.0000,0.0000,0.0000,0.0000,-3.1106,-0.2190,2.1208,-0.0035,-0.0097,-0.0141
1774945853.1915,0.0000,0.0000,0.0000,0.0000,0.0000,-3.1107,-0.2194,-1.8063,-0.0035,-0.0086,-0.0141
1774945853.2115,0.0000,0.0000,0.0000,0.0000,0.0000,-3.1093,-0.2205,-0.8326,0.0029,-0.0054,-0.0130
1774945853.2314,0.0000,0.0000,0.0000,0.0000,0.0000,-3.1090,-0.2204,-1.5280,0.0029,-0.0054,-0.0109
1774945853.2514,0.0000,0.0000,0.0000,0.0000,0.0000,-3.1074,-0.2206,-0.5805,0.0029,-0.0054,-0.0098
1774945853.2713,0.0000,0.0000,0.0000,0.0000,0.0000,-3.1049,-0.2213,-0.6663,0.0040,-0.0043,-0.0130
1774945853.2912,0.0000,0.0000,0.0000,0.0000,0.0000,-3.1052,-0.2208,-0.1160,0.0029,-0.0033,-0.0098
1774945853.3114,0.0000,0.0000,0.0000,0.0000,0.0000,-3.1050,-0.2207,-0.0438,0.0008,-0.0054,-0.0130
1774945853.3313,0.0000,0.0000,0.0000,0.0000,0.0000,-3.1067,-0.2204,0.3928,0.0008,-0.0043,-0.0141
1774945853.3514,0.0000,0.0000,0.0000,0.0000,0.0000,-3.1076,-0.2199,1.9402,0.0029,-0.0033,-0.0109
1774945853.3713,0.0000,0.0000,0.0000,0.0000,0.0000,-3.1087,-0.2195,-1.0018,0.0019,-0.0054,-0.0098
1774945853.3913,0.0000,0.0000,0.0000,0.0000,0.0000,-3.1085,-0.2194,0.0866,0.0061,-0.0033,-0.0098
1774945853.4139,0.0000,0.0000,0.0000,0.0000,0.0000,-3.1078,-0.2196,1.1179,0.0050,-0.0022,-0.0098
1774945853.4313,0.0000,0.0000,0.0000,0.0000,0.0000,-3.1065,-0.2196,0.9304,0.0019,-0.0043,-0.0109
1774945853.4514,0.0000,0.0000,0.0000,0.0000,0.0000,-3.1049,-0.2196,-0.5920,0.0029,-0.0033,-0.0098
1774945853.4715,0.0000,0.0000,0.0000,0.0000,0.0000,-3.1046,-0.2196,-0.3367,0.0019,-0.0033,-0.0109
1774945853.4913,0.0000,0.0000,0.0000,0.0000,0.0000,-3.1039,-0.2196,0.3834,0.0029,-0.0033,-0.0098
1774945853.5113,0.0000,0.0000,0.0000,0.0000,0.0000,-3.1054,-0.2195,-1.3979,0.0029,-0.0043,-0.0109
1774945853.5318,0.0000,0.0000,0.0000,0.0000,0.0000,-3.1064,-0.2192,-0.4594,0.0029,-0.0043,-0.0130
1774945853.5514,0.0000,0.0000,0.0000,0.0000,0.0000,-3.1073,-0.2190,-0.0833,0.0040,-0.0033,-0.0109
1774945853.5721,0.0000,0.0000,0.0000,0.0000,0.0000,-3.1089,-0.2191,-1.3133,0.0019,-0.0033,-0.0087
1774945853.5916,0.0000,0.0000,0.0000,0.0000,0.0000,-3.1082,-0.2194,1.2023,0.0040,-0.0033,-0.0109
1774945853.6116,0.0000,0.0000,0.0000,0.0000,0.0000,-3.1084,-0.2196,-1.1894,0.0029,-0.0033,-0.0098
1774945853.6313,0.0000,0.0000,0.0000,0.0000,0.0000,-3.1070,-0.2198,1.6682,0.0061,-0.0033,-0.0119
1774945853.6516,0.0000,0.0000,0.0000,0.0000,0.0000,-3.1062,-0.2197,0.9563,0.0061,-0.0033,-0.0109
1774945853.6717,0.0000,0.0000,0.0000,0.0000,0.0000,-3.1056,-0.2199,0.0830,0.0029,-0.0054,-0.0087
1774945853.6913,0.0000,0.0000,0.0000,0.0000,0.0000,-3.1053,-0.2197,-1.5364,0.0061,-0.0033,-0.0119
1774945853.7114,0.0000,0.0000,0.0000,0.0000,0.0000,-3.1061,-0.2195,-1.1745,0.0008,-0.0033,-0.0098
1774945853.7314,0.0000,0.0000,0.0000,0.0000,0.0000,-3.1060,-0.2193,1.6662,0.0061,-0.0033,-0.0119
1774945853.7513,0.0000,0.0000,0.0000,0.0000,0.0000,-3.1072,-0.2191,-0.8183,0.0008,-0.0033,-0.0119
1774945853.7714,0.0000,0.0000,0.0000,0.0000,0.0000,-3.1075,-0.2191,0.6608,0.0040,-0.0033,-0.0109
1774945853.7914,0.0000,0.0000,0.0000,0.0000,0.0000,-3.1076,-0.2192,-0.3444,0.0040,-0.0022,-0.0119
1774945853.8122,0.0000,0.0000,0.0000,0.0000,0.0000,-3.1079,-0.2194,0.4164,0.0029,-0.0033,-0.0098
1774945853.8313,0.0000,0.0000,0.0000,0.0000,0.0000,-3.1068,-0.2195,0.0407,0.0050,-0.0012,-0.0098
1774945853.8513,0.0000,0.0000,0.0000,0.0000,0.0000,-3.1069,-0.2195,-0.6384,0.0040,-0.0033,-0.0109
1774945853.8715,0.0000,0.0000,0.0000,0.0000,0.0000,-3.1060,-0.2194,0.0424,0.0029,-0.0043,-0.0098
1774945853.8917,0.0000,0.0000,0.0000,0.0000,0.0000,-3.1057,-0.2190,0.4239,0.0029,-0.0054,-0.0119
1774945853.9133,0.0000,0.0000,0.0000,0.0000,0.0000,-3.1053,-0.2184,1.2931,0.0019,-0.0065,-0.0130
1774945853.9316,0.0000,0.0000,0.0000,0.0000,0.0000,-3.1050,-0.2179,-0.7597,-0.0003,-0.0086,-0.0119
1774945853.9515,0.0000,0.0000,0.0000,0.0000,0.0000,-3.1052,-0.2183,-1.0288,-0.0024,-0.0043,-0.0119
1774945853.9713,0.0000,0.0000,0.0000,0.0000,0.0000,-3.1045,-0.2190,-0.4445,-0.0013,-0.0043,-0.0119
1774945853.9913,0.0000,0.0000,0.0000,0.0000,0.0000,-3.1054,-0.2200,-1.0183,-0.0003,0.0010,-0.0119
1774945854.0114,0.0000,0.0000,0.0000,0.0000,0.0000,-3.1056,-0.2194,0.7975,-0.0013,0.0010,-0.0109
1774945854.0313,0.0000,0.0000,0.0000,0.0000,0.0000,-3.1055,-0.2185,0.4348,0.0040,-0.0022,-0.0119
1774945854.0513,0.0000,0.0000,0.0000,0.0000,0.0000,-3.1063,-0.2185,-0.8352,0.0008,-0.0022,-0.0119
1774945854.0713,0.0000,0.0000,0.0000,0.0000,0.0000,-3.1067,-0.2186,0.8502,-0.0003,-0.0001,-0.0119
1774945854.0913,0.0000,0.0000,0.0000,0.0000,0.0000,-3.1076,-0.2186,-0.3820,-0.0013,0.0010,-0.0130
1774945854.1113,0.0000,0.0000,0.0000,0.0000,0.0000,-3.1089,-0.2186,0.8414,0.0008,-0.0012,-0.0130
1774945854.1314,0.0000,0.0000,0.0000,0.0000,0.0000,-3.1104,-0.2187,-0.8263,0.0019,-0.0022,-0.0109
1774945854.1515,0.0000,0.0000,0.0000,0.0000,0.0000,-3.1101,-0.2189,0.0000,0.0040,-0.0022,-0.0109
1774945854.1715,0.0000,0.0000,0.0000,0.0000,0.0000,-3.1111,-0.2201,0.4298,0.0040,-0.0033,-0.0119
1774945854.1913,0.0000,0.0000,0.0000,0.0000,0.0000,-3.1114,-0.2209,-1.1536,0.0050,-0.0033,-0.0098
1774945854.2115,0.0000,0.0000,0.0000,0.0000,0.0000,-3.1096,-0.2212,0.0000,0.0019,-0.0022,-0.0109
1774945854.2320,0.0000,0.0000,0.0000,0.0000,0.0000,-3.1097,-0.2206,-0.2476,0.0019,-0.0033,-0.0119
1774945854.2523,0.0000,0.0000,0.0000,0.0000,0.0000,-3.1084,-0.2202,0.5029,-0.0003,-0.0054,-0.0119
1774945854.2717,0.0000,0.0000,0.0000,0.0000,0.0000,-3.1060,-0.2197,-0.0832,-0.0003,-0.0075,-0.0109
1774945854.2915,0.0000,0.0000,0.0000,0.0000,0.0000,-3.1062,-0.2184,-0.9351,-0.0077,-0.0118,-0.0141
1774945854.3114,0.0000,0.0000,0.0000,0.0000,0.0000,-3.1047,-0.2171,0.6776,-0.0088,-0.0139,-0.0151
1774945854.3317,0.0000,0.0000,0.0000,0.0000,0.0000,-3.1038,-0.2181,-0.4124,-0.0077,-0.0097,-0.0119
1774945854.3517,0.0000,0.0000,0.0000,0.0000,0.0000,-3.1048,-0.2177,2.7754,-0.0056,-0.0065,-0.0109
1774945854.3713,0.0000,0.0000,0.0000,0.0000,0.0000,-3.1063,-0.2162,-0.3795,-0.0056,-0.0107,-0.0119
1774945854.3915,0.0000,0.0000,0.0000,0.0000,0.0000,-3.1068,-0.2167,-1.8150,-0.0045,-0.0097,-0.0109
1774945854.4114,0.0000,0.0000,0.0000,0.0000,0.0000,-3.1067,-0.2177,-0.1652,0.0050,-0.0022,-0.0109
1774945854.4314,0.0000,0.0000,0.0000,0.0000,0.0000,-3.1102,-0.2180,0.6918,0.0050,-0.0012,-0.0109
1774945854.4513,0.0000,0.0000,0.0000,0.0000,0.0000,-3.1133,-0.2183,-0.0851,-0.0003,-0.0054,-0.0119
1774945854.4715,0.0000,0.0000,0.0000,0.0000,0.0000,-3.1139,-0.2202,0.0830,0.0019,-0.0033,-0.0109
1774945854.4915,0.0000,0.0000,0.0000,0.0000,0.0000,-3.1134,-0.2215,1.2302,0.0072,-0.0022,-0.0098
1774945854.5114,0.0000,0.0000,0.0000,0.0000,0.0000,-3.1121,-0.2217,-1.4985,0.0061,-0.0033,-0.0098
1774945854.5315,0.0000,0.0000,0.0000,0.0000,0.0000,-3.1100,-0.2218,-1.5656,0.0040,-0.0033,-0.0109
1774945854.5515,0.0000,0.0000,0.0000,0.0000,0.0000,-3.1068,-0.2216,1.2892,0.0050,-0.0033,-0.0109
1774945854.5714,0.0000,0.0000,0.0000,0.0000,0.0000,-3.1050,-0.2209,-0.4943,0.0029,-0.0054,-0.0119
1774945854.5914,0.0000,0.0000,0.0000,0.0000,0.0000,-3.1054,-0.2195,0.0831,-0.0045,-0.0075,-0.0119
1774945854.6114,0.0000,0.0000,0.0000,0.0000,0.0000,-3.1055,-0.2171,2.5381,-0.0109,-0.0129,-0.0151
1774945854.6314,0.0000,0.0000,0.0000,0.0000,0.0000,-3.1048,-0.2169,-2.3169,-0.0120,-0.0161,-0.0151
1774945854.6514,0.0000,0.0000,0.0000,0.0000,0.0000,-3.1044,-0.2172,-1.0403,-0.0013,-0.0054,-0.0141
1774945854.6726,0.0000,0.0000,0.0000,0.0000,0.0000,-3.1072,-0.2162,0.3964,-0.0003,-0.0033,-0.0109
1774945854.6915,0.0000,0.0000,0.0000,0.0000,0.0000,-3.1105,-0.2158,-2.6368,-0.0024,-0.0086,-0.0087
1774945854.7155,0.0000,0.0000,0.0000,0.0000,0.0000,-3.1132,-0.2173,-0.2738,0.0019,-0.0033,-0.0098
1774945854.7314,0.0000,0.0000,0.0000,0.0000,0.0000,-3.1148,-0.2185,3.0757,0.0019,0.0031,-0.0098
1774945854.7519,0.0000,0.0000,0.0000,0.0000,0.0000,-3.1132,-0.2183,-1.6330,0.0040,-0.0033,-0.0119
1774945854.7716,0.0000,0.0000,0.0000,0.0000,0.0000,-3.1127,-0.2187,-2.6721,0.0040,-0.0054,-0.0119
1774945854.7922,0.0000,0.0000,0.0000,0.0000,0.0000,-3.1110,-0.2187,0.8547,0.0050,-0.0033,-0.0119
1774945854.8122,0.0000,0.0000,0.0000,0.0000,0.0000,-3.1093,-0.2193,-0.6644,0.0029,-0.0033,-0.0109
1774945854.8327,0.0000,0.0000,0.0000,0.0000,0.0000,-3.1082,-0.2194,-1.4091,0.0019,-0.0022,-0.0098
1774945854.8520,0.0000,0.0000,0.0000,0.0000,0.0000,-3.1080,-0.2193,1.4337,0.0029,-0.0033,-0.0109
1774945854.8717,0.0000,0.0000,0.0000,0.0000,0.0000,-3.1089,-0.2198,-0.7077,-0.0024,-0.0033,-0.0098
1774945854.8915,0.0000,0.0000,0.0000,0.0000,0.0000,-3.1092,-0.2195,0.7465,0.0029,-0.0043,-0.0109
1774945854.9139,0.0000,0.0000,0.0000,0.0000,0.0000,-3.1111,-0.2191,0.2484,0.0019,-0.0043,-0.0119
1774945854.9315,0.0000,0.0000,0.0000,0.0000,0.0000,-3.1117,-0.2193,-0.2517,0.0050,-0.0043,-0.0119
1774945854.9515,0.0000,0.0000,0.0000,0.0000,0.0000,-3.1124,-0.2190,0.4772,0.0050,-0.0012,-0.0119
1774945854.9715,0.0000,0.0000,0.0000,0.0000,0.0000,-3.1129,-0.2185,1.0323,0.0040,-0.0043,-0.0098
1774945854.9914,0.0000,0.0000,0.0000,0.0000,0.0000,-3.1116,-0.2186,-1.0181,0.0061,-0.0043,-0.0119
1774945855.0114,0.0000,0.0000,0.0000,0.0000,0.0000,-3.1110,-0.2187,-0.5002,0.0019,-0.0022,-0.0098
1774945855.0316,0.0000,0.0000,0.0000,0.0000,0.0000,-3.1090,-0.2183,1.5074,0.0050,-0.0043,-0.0119
1774945855.0518,0.0000,0.0000,0.0000,0.0000,0.0000,-3.1088,-0.2184,-0.3765,0.0008,-0.0043,-0.0087
1774945855.0713,0.0000,0.0000,0.0000,0.0000,0.0000,-3.1086,-0.2183,0.6104,0.0019,-0.0033,-0.0098
1774945855.0913,0.0000,0.0000,0.0000,0.0000,0.0000,-3.1091,-0.2178,0.3873,0.0040,-0.0033,-0.0119
1774945855.1115,0.0000,0.0000,0.0000,0.0000,0.0000,-3.1104,-0.2181,-0.1718,0.0019,-0.0054,-0.0098
1774945855.1314,0.0000,0.0000,0.0000,0.0000,0.0000,-3.1109,-0.2182,0.0000,0.0050,-0.0033,-0.0109
1774945855.1513,0.0000,0.0000,0.0000,0.0000,0.0000,-3.1121,-0.2180,-1.2650,0.0019,-0.0033,-0.0109
1774945855.1713,0.0000,0.0000,0.0000,0.0000,0.0000,-3.1116,-0.2182,-0.4203,0.0040,-0.0033,-0.0109
1774945855.1915,0.0000,0.0000,0.0000,0.0000,0.0000,-3.1113,-0.2182,0.0000,0.0050,-0.0033,-0.0130
1774945855.2114,0.0000,0.0000,0.0000,0.0000,0.0000,-3.1110,-0.2184,0.6825,0.0019,-0.0033,-0.0109
1774945855.2318,0.0000,0.0000,0.0000,0.0000,0.0000,-3.1097,-0.2184,-0.7585,0.0072,-0.0054,-0.0141
1774945855.2514,0.0000,0.0000,0.0000,0.0000,0.0000,-3.1098,-0.2184,-0.6543,0.0008,-0.0033,-0.0119
1774945855.2715,0.0000,0.0000,0.0000,0.0000,0.0000,-3.1088,-0.2183,1.3147,0.0040,-0.0043,-0.0109
1774945855.2915,0.0000,0.0000,0.0000,0.0000,0.0000,-3.1099,-0.2184,-0.2115,0.0040,-0.0033,-0.0109
1774945855.3135,0.0000,0.0000,0.0000,0.0000,0.0000,-3.1103,-0.2173,1.1598,-0.0003,-0.0043,-0.0119
1774945855.3313,0.0000,0.0000,0.0000,0.0000,0.0000,-3.1093,-0.2162,0.6095,-0.0056,-0.0097,-0.0130
1774945855.3513,0.0000,0.0000,0.0000,0.0000,0.0000,-3.1067,-0.2151,-0.7755,-0.0088,-0.0097,-0.0151
1774945855.3714,0.0000,0.0000,0.0000,0.0000,0.0000,-3.1045,-0.2165,0.5228,-0.0035,-0.0001,-0.0141
1774945855.3913,0.0000,0.0000,0.0000,0.0000,0.0000,-3.1067,-0.2166,-1.3592,-0.0056,0.0084,-0.0141
1774945855.4119,0.0000,0.0000,0.0000,0.0000,0.0000,-3.1087,-0.2162,2.5040,-0.0120,0.0095,-0.0130
1774945855.4313,0.0000,0.0000,0.0000,0.0000,0.0000,-3.1088,-0.2161,2.6417,-0.0120,0.0084,-0.0141
1774945855.4515,0.0000,0.0000,0.0000,0.0000,0.0000,-3.1093,-0.2168,2.5088,-0.0120,0.0106,-0.0141
1774945855.4712,0.0000,0.0000,0.0000,0.0000,0.0000,-3.1101,-0.2177,5.3256,-0.0131,0.0116,-0.0141
1774945855.4914,0.0000,0.0000,0.0000,0.0000,0.0000,-3.1111,-0.2185,1.1777,-0.0184,0.0095,-0.0119
1774945855.5115,0.0000,0.0000,0.0000,0.0000,0.0000,-3.1108,-0.2199,0.0441,-0.0067,0.0074,-0.0119
1774945855.5313,0.0000,0.0000,0.0000,0.0000,0.0000,-3.1134,-0.2202,1.3588,-0.0024,0.0020,-0.0130
1774945855.5515,0.0000,0.0000,0.0000,0.0000,0.0000,-3.1158,-0.2211,0.2903,-0.0045,-0.0043,-0.0141
1774945855.5713,0.0000,0.0000,0.0000,0.0000,0.0000,-3.1177,-0.2224,-3.1059,-0.0003,-0.0075,-0.0141
1774945855.5913,0.0000,0.0000,0.0000,0.0000,0.0000,-3.1188,-0.2230,-1.9696,-0.0035,-0.0097,-0.0130
1774945855.6115,0.0000,0.0000,0.0000,0.0000,0.0000,-3.1184,-0.2227,-3.0641,0.0008,-0.0097,-0.0119
1774945855.6312,0.0000,0.0000,0.0000,0.0000,0.0000,-3.1168,-0.2217,-3.0587,-0.0056,-0.0075,-0.0130
1774945855.6514,0.0000,0.0000,0.0000,0.0000,0.0000,-3.1145,-0.2206,-1.3624,-0.0056,-0.0107,-0.0141
1774945855.6713,0.0000,0.0000,0.0000,0.0000,0.0000,-3.1117,-0.2202,-3.3457,-0.0067,-0.0086,-0.0130
1774945855.6913,0.0000,0.0000,0.0000,0.0000,0.0000,-3.1106,-0.2200,-0.3410,-0.0067,-0.0054,-0.0130
1774945855.7113,0.0000,0.0000,0.0000,0.0000,0.0000,-3.1120,-0.2185,2.6732,-0.0045,-0.0086,-0.0151
1774945855.7314,0.0000,0.0000,0.0000,0.0000,0.0000,-3.1144,-0.2179,-1.5180,-0.0077,-0.0129,-0.0109
1774945855.7516,0.0000,0.0000,0.0000,0.0000,0.0000,-3.1150,-0.2182,2.9966,-0.0013,-0.0086,-0.0130
1774945855.7714,0.0000,0.0000,0.0000,0.0000,0.0000,-3.1171,-0.2184,3.2193,0.0019,-0.0065,-0.0098
1774945855.7914,0.0000,0.0000,0.0000,0.0000,0.0000,-3.1191,-0.2188,1.1951,0.0040,-0.0075,-0.0109
1774945855.8113,0.0000,0.0000,0.0000,0.0000,0.0000,-3.1196,-0.2190,0.0830,0.0029,-0.0065,-0.0109
1774945855.8315,0.0000,0.0000,0.0000,0.0000,0.0000,-3.1190,-0.2197,1.2090,0.0040,-0.0043,-0.0119
1774945855.8512,0.0000,0.0000,0.0000,0.0000,0.0000,-3.1184,-0.2203,-1.1929,0.0061,-0.0043,-0.0119
1774945855.8713,0.0000,0.0000,0.0000,0.0000,0.0000,-3.1181,-0.2203,-2.5680,0.0050,-0.0043,-0.0130
1774945855.8915,0.0000,0.0000,0.0000,0.0000,0.0000,-3.1158,-0.2204,0.6250,0.0029,-0.0043,-0.0098
1774945855.9115,0.0000,0.0000,0.0000,0.0000,0.0000,-3.1146,-0.2203,-0.0424,0.0061,-0.0033,-0.0109
1774945855.9316,0.0000,0.0000,0.0000,0.0000,0.0000,-3.1141,-0.2195,0.1795,0.0029,-0.0043,-0.0087
1774945855.9525,0.0000,0.0000,0.0000,0.0000,0.0000,-3.1135,-0.2188,0.3322,0.0050,-0.0043,-0.0119
1774945855.9713,0.0000,0.0000,0.0000,0.0000,0.0000,-3.1149,-0.2188,-0.4744,-0.0003,-0.0022,-0.0109
1774945855.9912,0.0000,0.0000,0.0000,0.0000,0.0000,-3.1158,-0.2184,1.5067,0.0019,-0.0033,-0.0109
1774945856.0122,0.0000,0.0000,0.0000,0.0000,0.0000,-3.1170,-0.2180,0.3440,0.0029,-0.0043,-0.0119
1774945856.0313,0.0000,0.0000,0.0000,0.0000,0.0000,-3.1174,-0.2182,-0.1240,0.0050,-0.0033,-0.0098
1774945856.0513,0.0000,0.0000,0.0000,0.0000,0.0000,-3.1170,-0.2184,-0.8471,0.0040,-0.0022,-0.0109
1774945856.0712,0.0000,0.0000,0.0000,0.0000,0.0000,-3.1164,-0.2187,0.9428,0.0029,-0.0033,-0.0098
1774945856.0919,0.0000,0.0000,0.0000,0.0000,0.0000,-3.1152,-0.2189,0.5056,0.0050,-0.0033,-0.0119
1774945856.1113,0.0000,0.0000,0.0000,0.0000,0.0000,-3.1151,-0.2191,-1.0188,0.0029,-0.0043,-0.0109
1774945856.1313,0.0000,0.0000,0.0000,0.0000,0.0000,-3.1141,-0.2188,1.0159,0.0040,-0.0043,-0.0109
1774945856.1513,0.0000,0.0000,0.0000,0.0000,0.0000,-3.1141,-0.2187,-0.0424,0.0040,-0.0043,-0.0109
1774945856.1712,0.0000,0.0000,0.0000,0.0000,0.0000,-3.1147,-0.2187,1.0370,0.0008,-0.0033,-0.0109
1774945856.1912,0.0000,0.0000,0.0000,0.0000,0.0000,-3.1148,-0.2183,-0.3363,0.0040,-0.0043,-0.0098
1774945856.2115,0.0000,0.0000,0.0000,0.0000,0.0000,-3.1160,-0.2183,-1.3292,0.0019,-0.0043,-0.0109
1774945856.2315,0.0000,0.0000,0.0000,0.0000,0.0000,-3.1161,-0.2184,0.9232,0.0061,-0.0043,-0.0119
1774945856.2515,0.0000,0.0000,0.0000,0.0000,0.0000,-3.1171,-0.2184,0.0856,0.0050,-0.0033,-0.0109
1774945856.2713,0.0000,0.0000,0.0000,0.0000,0.0000,-3.1164,-0.2187,0.4827,0.0029,-0.0033,-0.0109
1774945856.2917,0.0000,0.0000,0.0000,0.0000,0.0000,-3.1152,-0.2186,0.1309,0.0050,-0.0022,-0.0119
1774945856.3114,0.0000,0.0000,0.0000,0.0000,0.0000,-3.1147,-0.2187,0.1274,0.0019,-0.0043,-0.0109
1774945856.3314,0.0000,0.0000,0.0000,0.0000,0.0000,-3.1134,-0.2187,-0.2687,0.0050,-0.0033,-0.0109
1774945856.3514,0.0000,0.0000,0.0000,0.0000,0.0000,-3.1144,-0.2187,-1.5762,0.0029,-0.0043,-0.0098
1774945856.3712,0.0000,0.0000,0.0000,0.0000,0.0000,-3.1143,-0.2185,0.2443,0.0029,-0.0033,-0.0098
1774945856.3935,0.0000,0.0000,0.0000,0.0000,0.0000,-3.1152,-0.2182,-0.3030,0.0040,-0.0033,-0.0119
1774945856.4135,0.0000,0.0000,0.0000,0.0000,0.0000,-3.1161,-0.2181,-0.1725,0.0008,-0.0022,-0.0087
1774945856.4319,0.0000,0.0000,0.0000,0.0000,0.0000,-3.1158,-0.2178,-0.7668,0.0061,-0.0033,-0.0119
1774945856.4514,0.0000,0.0000,0.0000,0.0000,0.0000,-3.1165,-0.2174,-0.8658,0.0008,-0.0086,-0.0119
1774945856.4713,0.0000,0.0000,0.0000,0.0000,0.0000,-3.1145,-0.2175,1.4484,0.0019,-0.0097,-0.0130
1774945856.4913,0.0000,0.0000,0.0000,0.0000,0.0000,-3.1130,-0.2184,0.6308,0.0029,-0.0033,-0.0119
1774945856.5113,0.0000,0.0000,0.0000,0.0000,0.0000,-3.1139,-0.2180,0.8749,0.0019,-0.0012,-0.0109
1774945856.5315,0.0000,0.0000,0.0000,0.0000,0.0000,-3.1149,-0.2183,-1.8927,0.0019,-0.0054,-0.0109
1774945856.5514,0.0000,0.0000,0.0000,0.0000,0.0000,-3.1168,-0.2188,-1.0731,0.0029,-0.0054,-0.0109
1774945856.5714,0.0000,0.0000,0.0000,0.0000,0.0000,-3.1176,-0.2188,1.0424,0.0050,-0.0054,-0.0109
1774945856.5914,0.0000,0.0000,0.0000,0.0000,0.0000,-3.1179,-0.2186,-0.6667,0.0019,-0.0033,-0.0098
1774945856.6113,0.0000,0.0000,0.0000,0.0000,0.0000,-3.1166,-0.2185,1.0316,0.0040,-0.0043,-0.0109
1774945856.6313,0.0000,0.0000,0.0000,0.0000,0.0000,-3.1156,-0.2184,-1.1545,0.0072,-0.0033,-0.0119
1774945856.6515,0.0000,0.0000,0.0000,0.0000,0.0000,-3.1146,-0.2179,0.0864,0.0040,-0.0033,-0.0109
1774945856.6715,0.0000,0.0000,0.0000,0.0000,0.0000,-3.1124,-0.2181,0.8279,0.0072,-0.0043,-0.0119
1774945856.6957,0.0000,0.0000,0.0000,0.0000,0.0000,-3.1120,-0.2187,-1.8153,0.0040,-0.0033,-0.0130
1774945856.7113,0.0000,0.0000,0.0000,0.0000,0.0000,-3.1125,-0.2187,1.1200,0.0029,-0.0033,-0.0109
1774945856.7313,0.0000,0.0000,0.0000,0.0000,0.0000,-3.1142,-0.2184,-0.5080,0.0019,-0.0033,-0.0119
1774945856.7512,0.0000,0.0000,0.0000,0.0000,0.0000,-3.1155,-0.2182,0.8773,0.0019,-0.0033,-0.0130
1774945856.7713,0.0000,0.0000,0.0000,0.0000,0.0000,-3.1164,-0.2181,0.2495,0.0050,-0.0043,-0.0119
1774945856.7912,0.0000,0.0000,0.0000,0.0000,0.0000,-3.1175,-0.2181,-1.1457,0.0019,-0.0033,-0.0109
1774945856.8113,0.0000,0.0000,0.0000,0.0000,0.0000,-3.1171,-0.2181,0.5065,0.0040,-0.0033,-0.0109
1774945856.8312,0.0000,0.0000,0.0000,0.0000,0.0000,-3.1169,-0.2184,-1.1967,0.0029,-0.0022,-0.0109
1774945856.8514,0.0000,0.0000,0.0000,0.0000,0.0000,-3.1158,-0.2184,1.2788,0.0061,-0.0033,-0.0119
1774945856.8713,0.0000,0.0000,0.0000,0.0000,0.0000,-3.1147,-0.2183,-0.4710,0.0072,-0.0033,-0.0119
1774945856.8912,0.0000,0.0000,0.0000,0.0000,0.0000,-3.1143,-0.2184,-0.3921,0.0008,-0.0033,-0.0119
1774945856.9113,0.0000,0.0000,0.0000,0.0000,0.0000,-3.1137,-0.2181,1.7261,0.0019,-0.0033,-0.0109
1774945856.9312,0.0000,0.0000,0.0000,0.0000,0.0000,-3.1138,-0.2180,-2.0342,0.0019,-0.0054,-0.0119
1774945856.9515,0.0000,0.0000,0.0000,0.0000,0.0000,-3.1139,-0.2176,-1.0806,-0.0003,-0.0075,-0.0098
1774945856.9712,0.0000,0.0000,0.0000,0.0000,0.0000,-3.1142,-0.2178,-1.7945,-0.0003,-0.0043,-0.0119
1774945856.9913,0.0000,0.0000,0.0000,0.0000,0.0000,-3.1142,-0.2171,0.3298,-0.0003,-0.0022,-0.0141
1774945857.0114,0.0000,0.0000,0.0000,0.0000,0.0000,-3.1145,-0.2172,-0.3036,0.0029,-0.0054,-0.0119
1774945857.0313,0.0000,0.0000,0.0000,0.0000,0.0000,-3.1170,-0.2180,-2.3990,0.0029,-0.0033,-0.0119
1774945857.0513,0.0000,0.0000,0.0000,0.0000,0.0000,-3.1170,-0.2182,1.9660,0.0050,-0.0022,-0.0109
1774945857.0713,0.0000,0.0000,0.0000,0.0000,0.0000,-3.1178,-0.2187,0.8555,0.0040,-0.0043,-0.0087
1774945857.0914,0.0000,0.0000,0.0000,0.0000,0.0000,-3.1170,-0.2197,0.4139,0.0008,-0.0001,-0.0109
1774945857.1116,0.0000,0.0000,0.0000,0.0000,0.0000,-3.1143,-0.2187,0.2899,0.0061,-0.0033,-0.0141
1774945857.1313,0.0000,0.0000,0.0000,0.0000,0.0000,-3.1144,-0.2182,0.0831,0.0040,-0.0065,-0.0119
1774945857.1514,0.0000,0.0000,0.0000,0.0000,0.0000,-3.1148,-0.2192,1.0493,0.0029,-0.0043,-0.0130
1774945857.1713,0.0000,0.0000,0.0000,0.0000,0.0000,-3.1155,-0.2189,0.1682,0.0008,-0.0033,-0.0109
1774945857.1914,0.0000,0.0000,0.0000,0.0000,0.0000,-3.1163,-0.2184,-0.6991,0.0029,-0.0043,-0.0109
1774945857.2115,0.0000,0.0000,0.0000,0.0000,0.0000,-3.1177,-0.2185,-0.8869,0.0040,-0.0033,-0.0109
1774945857.2313,0.0000,0.0000,0.0000,0.0000,0.0000,-3.1177,-0.2182,1.3094,0.0029,-0.0022,-0.0098
1774945857.2514,0.0000,0.0000,0.0000,0.0000,0.0000,-3.1167,-0.2180,-0.1312,0.0072,-0.0033,-0.0130
1774945857.2715,0.0000,0.0000,0.0000,0.0000,0.0000,-3.1178,-0.2185,-1.4000,0.0019,-0.0043,-0.0119
1774945857.2914,0.0000,0.0000,0.0000,0.0000,0.0000,-3.1163,-0.2184,1.2436,0.0008,-0.0033,-0.0119
1774945857.3114,0.0000,0.0000,0.0000,0.0000,0.0000,-3.1156,-0.2181,0.3913,0.0050,-0.0043,-0.0098
1774945857.3313,0.0000,0.0000,0.0000,0.0000,0.0000,-3.1154,-0.2182,-0.0430,0.0029,-0.0043,-0.0098
1774945857.3513,0.0000,0.0000,0.0000,0.0000,0.0000,-3.1146,-0.2182,-0.0418,0.0029,-0.0022,-0.0109
1774945857.3713,0.0000,0.0000,0.0000,0.0000,0.0000,-3.1151,-0.2181,-0.5940,0.0040,-0.0033,-0.0130
1774945857.3913,0.0000,0.0000,0.0000,0.0000,0.0000,-3.1158,-0.2178,0.2525,0.0061,-0.0054,-0.0119
1774945857.4113,0.0000,0.0000,0.0000,0.0000,0.0000,-3.1171,-0.2172,-0.7456,0.0008,-0.0086,-0.0119
1774945857.4312,0.0000,0.0000,0.0000,0.0000,0.0000,-3.1157,-0.2174,-0.2521,-0.0013,-0.0086,-0.0109
1774945857.4514,0.0000,0.0000,0.0000,0.0000,0.0000,-3.1140,-0.2181,0.1683,0.0050,-0.0022,-0.0130
1774945857.4713,0.0000,0.0000,0.0000,0.0000,0.0000,-3.1148,-0.2180,0.2137,0.0019,-0.0033,-0.0109
1774945857.4915,0.0000,0.0000,0.0000,0.0000,0.0000,-3.1167,-0.2173,-1.7683,0.0019,-0.0043,-0.0087
1774945857.5114,0.0000,0.0000,0.0000,0.0000,0.0000,-3.1174,-0.2172,0.2324,-0.0003,-0.0054,-0.0119
1774945857.5313,0.0000,0.0000,0.0000,0.0000,0.0000,-3.1188,-0.2179,1.3615,0.0040,-0.0033,-0.0109
1774945857.5513,0.0000,0.0000,0.0000,0.0000,0.0000,-3.1197,-0.2180,0.3740,0.0029,-0.0033,-0.0119
1774945857.5714,0.0000,0.0000,0.0000,0.0000,0.0000,-3.1192,-0.2183,0.6933,0.0029,-0.0054,-0.0109
1774945857.5914,0.0000,0.0000,0.0000,0.0000,0.0000,-3.1180,-0.2185,-1.1530,0.0040,-0.0043,-0.0109
1774945857.6114,0.0000,0.0000,0.0000,0.0000,0.0000,-3.1174,-0.2183,-0.1140,0.0050,-0.0033,-0.0098
1774945857.6313,0.0000,0.0000,0.0000,0.0000,0.0000,-3.1143,-0.2182,1.5261,0.0040,-0.0043,-0.0087
1774945857.6514,0.0000,0.0000,0.0000,0.0000,0.0000,-3.1148,-0.2185,-0.3431,0.0029,-0.0043,-0.0109
1774945857.6714,0.0000,0.0000,0.0000,0.0000,0.0000,-3.1146,-0.2181,0.3333,0.0019,-0.0033,-0.0119
1774945857.6914,0.0000,0.0000,0.0000,0.0000,0.0000,-3.1155,-0.2174,0.0000,0.0040,-0.0043,-0.0130
1774945857.7113,0.0000,0.0000,0.0000,0.0000,0.0000,-3.1169,-0.2176,0.2984,0.0019,-0.0054,-0.0098
1774945857.7312,0.0000,0.0000,0.0000,0.0000,0.0000,-3.1173,-0.2174,-0.2223,0.0050,-0.0043,-0.0109
1774945857.7513,0.0000,0.0000,0.0000,0.0000,0.0000,-3.1183,-0.2173,-2.4890,0.0019,-0.0054,-0.0098
1774945857.7713,0.0000,0.0000,0.0000,0.0000,0.0000,-3.1174,-0.2175,0.0870,0.0040,-0.0033,-0.0109
1774945857.7915,0.0000,0.0000,0.0000,0.0000,0.0000,-3.1171,-0.2174,0.3003,0.0029,-0.0033,-0.0109
1774945857.8113,0.0000,0.0000,0.0000,0.0000,0.0000,-3.1163,-0.2178,1.3252,0.0019,-0.0033,-0.0109
1774945857.8312,0.0000,0.0000,0.0000,0.0000,0.0000,-3.1156,-0.2179,-0.2987,0.0040,-0.0033,-0.0130
1774945857.8513,0.0000,0.0000,0.0000,0.0000,0.0000,-3.1159,-0.2181,-0.7506,0.0008,-0.0043,-0.0109
1774945857.8712,0.0000,0.0000,0.0000,0.0000,0.0000,-3.1153,-0.2179,-0.1662,0.0008,-0.0033,-0.0109
1774945857.8915,0.0000,0.0000,0.0000,0.0000,0.0000,-3.1163,-0.2175,-0.6666,-0.0013,-0.0054,-0.0109
1774945857.9116,0.0000,0.0000,0.0000,0.0000,0.0000,-3.1166,-0.2168,3.1965,-0.0013,-0.0086,-0.0109
1774945857.9313,0.0000,0.0000,0.0000,0.0000,0.0000,-3.1156,-0.2171,0.0832,-0.0013,-0.0086,-0.0119
1774945857.9571,0.0000,0.0000,0.0000,0.0000,0.0000,-3.1141,-0.2175,1.5413,0.0008,-0.0054,-0.0130
1774945857.9713,0.0000,0.0000,0.0000,0.0000,0.0000,-3.1155,-0.2170,0.5666,0.0040,-0.0033,-0.0130
1774945857.9914,0.0000,0.0000,0.0000,0.0000,0.0000,-3.1177,-0.2170,-0.7331,-0.0003,-0.0054,-0.0130
1774945858.0112,0.0000,0.0000,0.0000,0.0000,0.0000,-3.1185,-0.2177,1.4962,0.0029,-0.0043,-0.0098
1774945858.0313,0.0000,0.0000,0.0000,0.0000,0.0000,-3.1196,-0.2179,0.2487,0.0061,-0.0033,-0.0109
1774945858.0513,0.0000,0.0000,0.0000,0.0000,0.0000,-3.1201,-0.2176,-0.2960,0.0029,-0.0043,-0.0098
1774945858.0716,0.0000,0.0000,0.0000,0.0000,0.0000,-3.1184,-0.2176,-1.0677,0.0040,-0.0043,-0.0130
1774945858.0914,0.0000,0.0000,0.0000,0.0000,0.0000,-3.1176,-0.2179,0.7095,-0.0003,-0.0033,-0.0130
1774945858.1113,0.0000,0.0000,0.0000,0.0000,0.0000,-3.1172,-0.2181,0.3747,0.0050,-0.0054,-0.0119
1774945858.1316,0.0000,0.0000,0.0000,0.0000,0.0000,-3.1173,-0.2183,-1.8268,0.0029,-0.0033,-0.0119
1774945858.1519,0.0000,0.0000,0.0000,0.0000,0.0000,-3.1163,-0.2181,0.3926,0.0050,-0.0043,-0.0098
1774945858.1713,0.0000,0.0000,0.0000,0.0000,0.0000,-3.1163,-0.2177,0.2543,0.0019,-0.0043,-0.0098
1774945858.1914,0.0000,0.0000,0.0000,0.0000,0.0000,-3.1168,-0.2174,0.0000,0.0029,-0.0054,-0.0130
1774945858.2114,0.0000,0.0000,0.0000,0.0000,0.0000,-3.1178,-0.2171,-0.8227,0.0008,-0.0033,-0.0109
1774945858.2314,0.0000,0.0000,0.0000,0.0000,0.0000,-3.1192,-0.2166,-2.4835,-0.0003,-0.0054,-0.0141
1774945858.2516,0.0000,0.0000,0.0000,0.0000,0.0000,-3.1182,-0.2163,1.0411,-0.0013,-0.0065,-0.0109
1774945858.2714,0.0000,0.0000,0.0000,0.0000,0.0000,-3.1170,-0.2166,1.0679,0.0029,-0.0065,-0.0119
1774945858.2914,0.0000,0.0000,0.0000,0.0000,0.0000,-3.1167,-0.2173,-1.1130,0.0008,-0.0022,-0.0087
1774945858.3116,0.0000,0.0000,0.0000,0.0000,0.0000,-3.1166,-0.2170,-0.2083,0.0029,-0.0033,-0.0087
1774945858.3315,0.0000,0.0000,0.0000,0.0000,0.0000,-3.1174,-0.2172,0.1665,0.0008,-0.0043,-0.0098
1774945858.3514,0.0000,0.0000,0.0000,0.0000,0.0000,-3.1175,-0.2176,0.2966,0.0050,-0.0033,-0.0119
1774945858.3714,0.0000,0.0000,0.0000,0.0000,0.0000,-3.1190,-0.2180,0.5147,0.0040,-0.0022,-0.0119
1774945858.3915,0.0000,0.0000,0.0000,0.0000,0.0000,-3.1193,-0.2181,0.6098,0.0029,-0.0043,-0.0109
1774945858.4118,0.0000,0.0000,0.0000,0.0000,0.0000,-3.1191,-0.2182,-1.0667,0.0029,-0.0033,-0.0109
1774945858.4314,0.0000,0.0000,0.0000,0.0000,0.0000,-3.1191,-0.2181,0.7160,0.0029,-0.0043,-0.0087
1774945858.4513,0.0000,0.0000,0.0000,0.0000,0.0000,-3.1168,-0.2179,-0.2930,0.0072,-0.0033,-0.0109
1774945858.4713,0.0000,0.0000,0.0000,0.0000,0.0000,-3.1162,-0.2178,-1.5618,0.0040,-0.0043,-0.0109
1774945858.4913,0.0000,0.0000,0.0000,0.0000,0.0000,-3.1155,-0.2175,1.1505,0.0040,-0.0054,-0.0109
1774945858.5113,0.0000,0.0000,0.0000,0.0000,0.0000,-3.1160,-0.2171,0.5656,0.0029,-0.0043,-0.0109
1774945858.5314,0.0000,0.0000,0.0000,0.0000,0.0000,-3.1170,-0.2172,0.5951,0.0019,-0.0033,-0.0109
1774945858.5513,0.0000,0.0000,0.0000,0.0000,0.0000,-3.1181,-0.2169,-0.4925,0.0050,-0.0043,-0.0130
1774945858.5714,0.0000,0.0000,0.0000,0.0000,0.0000,-3.1196,-0.2170,-0.3715,-0.0003,-0.0043,-0.0098
1774945858.5922,0.0000,0.0000,0.0000,0.0000,0.0000,-3.1191,-0.2175,0.0814,0.0050,-0.0033,-0.0098
1774945858.6113,0.0000,0.0000,0.0000,0.0000,0.0000,-3.1194,-0.2175,-0.6492,0.0029,-0.0033,-0.0098
1774945858.6313,0.0000,0.0000,0.0000,0.0000,0.0000,-3.1187,-0.2174,0.4309,0.0050,-0.0043,-0.0098
1774945858.6516,0.0000,0.0000,0.0000,0.0000,0.0000,-3.1176,-0.2175,-0.8921,0.0040,-0.0033,-0.0098
1774945858.6715,0.0000,0.0000,0.0000,0.0000,0.0000,-3.1170,-0.2175,1.1178,0.0019,-0.0022,-0.0098
1774945858.6915,0.0000,0.0000,0.0000,0.0000,0.0000,-3.1163,-0.2174,0.0416,0.0040,-0.0033,-0.0098
1774945858.7116,0.0000,0.0000,0.0000,0.0000,0.0000,-3.1171,-0.2173,-1.0590,0.0019,-0.0033,-0.0098
1774945858.7314,0.0000,0.0000,0.0000,0.0000,0.0000,-3.1170,-0.2171,1.5752,0.0019,-0.0054,-0.0109
1774945858.7534,0.0000,0.0000,0.0000,0.0000,0.0000,-3.1177,-0.2168,0.3326,0.0019,-0.0043,-0.0087
1774945858.7714,0.0000,0.0000,0.0000,0.0000,0.0000,-3.1178,-0.2166,0.2512,0.0019,-0.0065,-0.0098
1774945858.7914,0.0000,0.0000,0.0000,0.0000,0.0000,-3.1176,-0.2166,-0.1359,0.0019,-0.0043,-0.0098
1774945858.8113,0.0000,0.0000,0.0000,0.0000,0.0000,-3.1179,-0.2168,-0.0830,0.0019,-0.0033,-0.0119
1774945858.8314,0.0000,0.0000,0.0000,0.0000,0.0000,-3.1176,-0.2164,1.2397,0.0040,-0.0054,-0.0109
1774945858.8514,0.0000,0.0000,0.0000,0.0000,0.0000,-3.1180,-0.2167,-0.8366,0.0008,-0.0065,-0.0130
1774945858.8714,0.0000,0.0000,0.0000,0.0000,0.0000,-3.1172,-0.2170,0.9692,0.0019,-0.0043,-0.0087
1774945858.8914,0.0000,0.0000,0.0000,0.0000,0.0000,-3.1179,-0.2171,0.2477,0.0040,-0.0033,-0.0130
1774945858.9115,0.0000,0.0000,0.0000,0.0000,0.0000,-3.1187,-0.2169,0.2468,0.0029,-0.0043,-0.0098
1774945858.9314,0.0000,0.0000,0.0000,0.0000,0.0000,-3.1183,-0.2172,-1.2325,0.0050,-0.0033,-0.0119
1774945858.9515,0.0000,0.0000,0.0000,0.0000,0.0000,-3.1189,-0.2175,1.5343,0.0008,-0.0033,-0.0098
1774945858.9715,0.0000,0.0000,0.0000,0.0000,0.0000,-3.1185,-0.2175,1.2452,0.0029,-0.0043,-0.0119
1774945858.9915,0.0000,0.0000,0.0000,0.0000,0.0000,-3.1186,-0.2175,-0.0815,0.0029,-0.0033,-0.0119
1774945859.0114,0.0000,0.0000,0.0000,0.0000,0.0000,-3.1183,-0.2175,-0.0855,0.0019,-0.0033,-0.0098
1774945859.0314,0.0000,0.0000,0.0000,0.0000,0.0000,-3.1176,-0.2175,0.0853,0.0072,-0.0033,-0.0119
1774945859.0514,0.0000,0.0000,0.0000,0.0000,0.0000,-3.1176,-0.2175,-1.4071,0.0019,-0.0033,-0.0109
1774945859.0715,0.0000,0.0000,0.0000,0.0000,0.0000,-3.1169,-0.2173,1.6655,0.0050,-0.0033,-0.0119
1774945859.0914,0.0000,0.0000,0.0000,0.0000,0.0000,-3.1177,-0.2171,-0.9247,0.0029,-0.0043,-0.0119
1774945859.1122,0.0000,0.0000,0.0000,0.0000,0.0000,-3.1181,-0.2170,0.8767,0.0040,-0.0033,-0.0119
1774945859.1315,0.0000,0.0000,0.0000,0.0000,0.0000,-3.1183,-0.2170,-1.5609,0.0040,-0.0033,-0.0109
1774945859.1514,0.0000,0.0000,0.0000,0.0000,0.0000,-3.1190,-0.2172,-0.4422,0.0029,-0.0043,-0.0109
1774945859.1713,0.0000,0.0000,0.0000,0.0000,0.0000,-3.1185,-0.2182,1.1318,0.0029,-0.0012,-0.0119
1774945859.1913,0.0000,0.0000,0.0000,0.0000,0.0000,-3.1172,-0.2175,-1.0941,-0.0013,0.0020,-0.0119
1774945859.2115,0.0000,0.0000,0.0000,0.0000,0.0000,-3.1148,-0.2159,-0.7360,0.0050,-0.0054,-0.0109
1774945859.2314,0.0000,0.0000,0.0000,0.0000,0.0000,-3.1159,-0.2158,-0.6421,0.0040,-0.0043,-0.0130
1774945859.2515,0.0000,0.0000,0.0000,0.0000,0.0000,-3.1188,-0.2159,1.1666,-0.0045,-0.0065,-0.0130
1774945859.2715,0.0000,0.0000,0.0000,0.0000,0.0000,-3.1184,-0.2168,1.0682,-0.0077,-0.0054,-0.0130
1774945859.2917,0.0000,0.0000,0.0000,0.0000,0.0000,-3.1154,-0.2168,-1.0915,0.0008,-0.0043,-0.0098
1774945859.3114,0.0000,0.0000,0.0000,0.0000,0.0000,-3.1159,-0.2169,1.2143,0.0008,-0.0033,-0.0109
1774945859.3313,0.0000,0.0000,0.0000,0.0000,0.0000,-3.1191,-0.2167,-0.7458,-0.0056,-0.0054,-0.0130
1774945859.3513,0.0000,0.0000,0.0000,0.0000,0.0000,-3.1193,-0.2174,1.1450,-0.0035,-0.0054,-0.0130
1774945859.3712,0.0000,0.0000,0.0000,0.0000,0.0000,-3.1209,-0.2173,-0.7855,0.0061,-0.0022,-0.0087
1774945859.3912,0.0000,0.0000,0.0000,0.0000,0.0000,-3.1236,-0.2172,-0.0434,0.0008,-0.0012,-0.0119
1774945859.4112,0.0000,0.0000,0.0000,0.0000,0.0000,-3.1227,-0.2175,-0.6058,0.0019,-0.0043,-0.0098
1774945859.4312,0.0000,0.0000,0.0000,0.0000,0.0000,-3.1216,-0.2180,-0.7233,0.0050,-0.0033,-0.0109
1774945859.4513,0.0000,0.0000,0.0000,0.0000,0.0000,-3.1209,-0.2181,0.8513,0.0061,-0.0022,-0.0119
1774945859.4713,0.0000,0.0000,0.0000,0.0000,0.0000,-3.1187,-0.2182,-0.8725,0.0029,-0.0033,-0.0119
1774945859.4913,0.0000,0.0000,0.0000,0.0000,0.0000,-3.1171,-0.2185,1.8175,-0.0003,-0.0022,-0.0130
1774945859.5112,0.0000,0.0000,0.0000,0.0000,0.0000,-3.1158,-0.2181,2.2995,-0.0035,-0.0075,-0.0109
1774945859.5313,0.0000,0.0000,0.0000,0.0000,0.0000,-3.1162,-0.2165,-2.5733,-0.0088,-0.0129,-0.0130
1774945859.5514,0.0000,0.0000,0.0000,0.0000,0.0000,-3.1156,-0.2158,-1.6418,-0.0077,-0.0107,-0.0130
1774945859.5713,0.0000,0.0000,0.0000,0.0000,0.0000,-3.1154,-0.2150,0.5779,-0.0088,-0.0065,-0.0151
1774945859.5914,0.0000,0.0000,0.0000,0.0000,0.0000,-3.1169,-0.2142,0.1255,-0.0099,-0.0086,-0.0130
1774945859.6113,0.0000,0.0000,0.0000,0.0000,0.0000,-3.1186,-0.2145,-2.9380,-0.0024,-0.0043,-0.0141
1774945859.6312,0.0000,0.0000,0.0000,0.0000,0.0000,-3.1216,-0.2153,0.4641,-0.0013,0.0031,-0.0119
1774945859.6512,0.0000,0.0000,0.0000,0.0000,0.0000,-3.1238,-0.2161,5.0145,-0.0035,0.0042,-0.0098
1774945859.6715,0.0000,0.0000,0.0000,0.0000,0.0000,-3.1244,-0.2161,2.5892,-0.0024,-0.0001,-0.0098
1774945859.6913,0.0000,0.0000,0.0000,0.0000,0.0000,-3.1230,-0.2162,0.4703,0.0072,-0.0022,-0.0109
1774945859.7114,0.0000,0.0000,0.0000,0.0000,0.0000,-3.1223,-0.2169,0.7806,0.0072,-0.0022,-0.0119
1774945859.7323,0.0000,0.0000,0.0000,0.0000,0.0000,-3.1234,-0.2178,2.3702,0.0008,-0.0022,-0.0130
1774945859.7513,0.0000,0.0000,0.0000,0.0000,0.0000,-3.1226,-0.2188,-1.3575,0.0072,-0.0043,-0.0109
1774945859.7715,0.0000,0.0000,0.0000,0.0000,0.0000,-3.1223,-0.2195,-2.3943,0.0040,-0.0033,-0.0077
1774945859.7914,0.0000,0.0000,0.0000,0.0000,0.0000,-3.1217,-0.2200,-1.2617,0.0019,-0.0022,-0.0087
1774945859.8113,0.0000,0.0000,0.0000,0.0000,0.0000,-3.1209,-0.2195,0.5997,0.0050,-0.0022,-0.0119
1774945859.8313,0.0000,0.0000,0.0000,0.0000,0.0000,-3.1204,-0.2191,1.4018,0.0019,-0.0043,-0.0109
1774945859.8523,0.0000,0.0000,0.0000,0.0000,0.0000,-3.1197,-0.2185,-1.9562,0.0040,-0.0022,-0.0130
1774945859.8713,0.0000,0.0000,0.0000,0.0000,0.0000,-3.1205,-0.2180,0.8054,-0.0003,-0.0054,-0.0119
1774945859.8917,0.0000,0.0000,0.0000,0.0000,0.0000,-3.1202,-0.2170,2.6039,0.0040,-0.0054,-0.0109
1774945859.9114,0.0000,0.0000,0.0000,0.0000,0.0000,-3.1212,-0.2161,0.1283,0.0029,-0.0075,-0.0119
1774945859.9313,0.0000,0.0000,0.0000,0.0000,0.0000,-3.1202,-0.2156,1.8304,-0.0003,-0.0086,-0.0109
1774945859.9515,0.0000,0.0000,0.0000,0.0000,0.0000,-3.1185,-0.2159,0.4276,0.0029,-0.0054,-0.0130
1774945859.9714,0.0000,0.0000,0.0000,0.0000,0.0000,-3.1188,-0.2162,-1.2686,0.0019,-0.0022,-0.0098
1774945859.9912,0.0000,0.0000,0.0000,0.0000,0.0000,-3.1200,-0.2160,-1.9947,0.0029,-0.0022,-0.0119
1774945860.0114,0.0000,0.0000,0.0000,0.0000,0.0000,-3.1224,-0.2158,-0.8579,0.0008,-0.0054,-0.0109
1774945860.0313,0.0000,0.0000,0.0000,0.0000,0.0000,-3.1232,-0.2165,1.7928,0.0019,-0.0043,-0.0119
1774945860.0513,0.0000,0.0000,0.0000,0.0000,0.0000,-3.1244,-0.2168,2.0189,0.0040,-0.0033,-0.0119
1774945860.0713,0.0000,0.0000,0.0000,0.0000,0.0000,-3.1243,-0.2170,2.2538,0.0029,-0.0033,-0.0109
1774945860.0913,0.0000,0.0000,0.0000,0.0000,0.0000,-3.1226,-0.2175,-1.0752,0.0061,-0.0033,-0.0098
1774945860.1113,0.0000,0.0000,0.0000,0.0000,0.0000,-3.1217,-0.2176,-0.9196,0.0029,-0.0033,-0.0109
1774945860.1313,0.0000,0.0000,0.0000,0.0000,0.0000,-3.1197,-0.2173,0.5528,0.0040,-0.0033,-0.0119
1774945860.1514,0.0000,0.0000,0.0000,0.0000,0.0000,-3.1191,-0.2174,-1.4489,0.0019,-0.0043,-0.0119
1774945860.1716,0.0000,0.0000,0.0000,0.0000,0.0000,-3.1187,-0.2173,-0.2513,0.0029,-0.0022,-0.0119
1774945860.1914,0.0000,0.0000,0.0000,0.0000,0.0000,-3.1197,-0.2168,-0.3407,0.0040,-0.0033,-0.0119
1774945860.2113,0.0000,0.0000,0.0000,0.0000,0.0000,-3.1211,-0.2168,0.0838,0.0019,-0.0033,-0.0109
1774945860.2314,0.0000,0.0000,0.0000,0.0000,0.0000,-3.1215,-0.2164,-1.1807,0.0050,-0.0033,-0.0098
1774945860.2513,0.0000,0.0000,0.0000,0.0000,0.0000,-3.1230,-0.2164,-1.0328,0.0040,-0.0033,-0.0098
1774945860.2713,0.0000,0.0000,0.0000,0.0000,0.0000,-3.1228,-0.2165,0.8682,0.0040,-0.0033,-0.0109
1774945860.2913,0.0000,0.0000,0.0000,0.0000,0.0000,-3.1225,-0.2164,-0.2065,0.0040,-0.0033,-0.0109
1774945860.3114,0.0000,0.0000,0.0000,0.0000,0.0000,-3.1215,-0.2166,2.0818,0.0050,-0.0022,-0.0119
1774945860.3314,0.0000,0.0000,0.0000,0.0000,0.0000,-3.1206,-0.2165,0.8098,0.0050,-0.0043,-0.0109
1774945860.3517,0.0000,0.0000,0.0000,0.0000,0.0000,-3.1203,-0.2166,-0.6808,0.0008,-0.0022,-0.0109
1774945860.3720,0.0000,0.0000,0.0000,0.0000,0.0000,-3.1194,-0.2165,-0.8311,0.0050,-0.0043,-0.0109
1774945860.3914,0.0000,0.0000,0.0000,0.0000,0.0000,-3.1205,-0.2167,-0.2489,0.0019,-0.0043,-0.0109
1774945860.4114,0.0000,0.0000,0.0000,0.0000,0.0000,-3.1210,-0.2165,0.6648,0.0029,-0.0054,-0.0109
1774945860.4314,0.0000,0.0000,0.0000,0.0000,0.0000,-3.1213,-0.2164,-0.1300,0.0029,-0.0043,-0.0109
1774945860.4514,0.0000,0.0000,0.0000,0.0000,0.0000,-3.1223,-0.2166,-0.0859,0.0008,-0.0033,-0.0098
1774945860.4715,0.0000,0.0000,0.0000,0.0000,0.0000,-3.1217,-0.2165,0.0832,0.0050,-0.0033,-0.0119
1774945860.4914,0.0000,0.0000,0.0000,0.0000,0.0000,-3.1224,-0.2165,-1.6421,0.0029,-0.0043,-0.0109
1774945860.5114,0.0000,0.0000,0.0000,0.0000,0.0000,-3.1214,-0.2165,0.6017,0.0029,-0.0033,-0.0098
1774945860.5313,0.0000,0.0000,0.0000,0.0000,0.0000,-3.1210,-0.2164,0.6626,0.0061,-0.0043,-0.0119
1774945860.5515,0.0000,0.0000,0.0000,0.0000,0.0000,-3.1206,-0.2167,0.3840,0.0019,-0.0033,-0.0119
1774945860.5714,0.0000,0.0000,0.0000,0.0000,0.0000,-3.1197,-0.2167,-0.2476,0.0050,-0.0022,-0.0109
1774945860.5914,0.0000,0.0000,0.0000,0.0000,0.0000,-3.1205,-0.2170,0.2959,0.0019,-0.0022,-0.0109
1774945860.6113,0.0000,0.0000,0.0000,0.0000,0.0000,-3.1195,-0.2173,1.3003,-0.0003,-0.0001,-0.0109
1774945860.6312,0.0000,0.0000,0.0000,0.0000,0.0000,-3.1186,-0.2163,-0.8262,-0.0003,0.0010,-0.0119
1774945860.6513,0.0000,0.0000,0.0000,0.0000,0.0000,-3.1179,-0.2151,-0.6661,0.0008,-0.0043,-0.0130
1774945860.6713,0.0000,0.0000,0.0000,0.0000,0.0000,-3.1192,-0.2148,4.5550,-0.0067,-0.0193,-0.0109
1774945860.6913,0.0000,0.0000,0.0000,0.0000,0.0000,-3.1189,-0.2144,10.0493,-0.0163,-0.0171,-0.0109
1774945860.7114,0.0000,0.0000,0.0000,0.0000,0.0000,-3.1167,-0.2151,12.2346,-0.0013,-0.0043,-0.0130
1774945860.7313,0.0000,0.0000,0.0000,0.0000,0.0000,-3.1185,-0.2158,1.6883,-0.0099,-0.0033,-0.0141
1774945860.7513,0.0000,0.0000,0.0000,0.0000,0.0000,-3.1217,-0.2162,-3.4020,-0.0173,-0.0012,-0.0119
1774945860.7713,0.0000,0.0000,0.0000,0.0000,0.0000,-3.1226,-0.2164,-2.9578,-0.0120,0.0010,-0.0119
1774945860.7912,0.0000,0.0000,0.0000,0.0000,0.0000,-3.1226,-0.2163,-2.6492,-0.0045,0.0010,-0.0119
1774945860.8112,0.0000,0.0000,0.0000,0.0000,0.0000,-3.1232,-0.2163,-2.1846,0.0019,0.0010,-0.0130
1774945860.8313,0.0000,0.0000,0.0000,0.0000,0.0000,-3.1258,-0.2167,0.6599,-0.0013,-0.0022,-0.0119
1774945860.8513,0.0000,0.0000,0.0000,0.0000,0.0000,-3.1271,-0.2182,0.0000,-0.0003,-0.0022,-0.0109
1774945860.8713,0.0000,0.0000,0.0000,0.0000,0.0000,-3.1282,-0.2193,1.6809,-0.0003,-0.0001,-0.0119
1774945860.8915,0.0000,0.0000,0.0000,0.0000,0.0000,-3.1281,-0.2188,2.5696,0.0029,-0.0043,-0.0098
1774945860.9114,0.0000,0.0000,0.0000,0.0000,0.0000,-3.1282,-0.2191,-0.1179,0.0050,-0.0033,-0.0087
1774945860.9314,0.0000,0.0000,0.0000,0.0000,0.0000,-3.1253,-0.2192,0.1261,0.0061,-0.0001,-0.0119
1774945860.9514,0.0000,0.0000,0.0000,0.0000,0.0000,-3.1238,-0.2177,2.1222,0.0050,-0.0054,-0.0098
1774945860.9715,0.0000,0.0000,0.0000,0.0000,0.0000,-3.1230,-0.2171,-2.9304,-0.0024,-0.0129,-0.0130
1774945860.9913,0.0000,0.0000,0.0000,0.0000,0.0000,-3.1208,-0.2171,5.5299,-0.0067,-0.0065,-0.0119
1774945861.0113,0.0000,0.0000,0.0000,0.0000,0.0000,-3.1192,-0.2170,7.5579,-0.0024,-0.0022,-0.0130
1774945861.0313,0.0000,0.0000,0.0000,0.0000,0.0000,-3.1211,-0.2164,-1.1183,-0.0056,-0.0086,-0.0130
1774945861.0514,0.0000,0.0000,0.0000,0.0000,0.0000,-3.1237,-0.2155,0.0000,-0.0088,-0.0107,-0.0119
1774945861.0714,0.0000,0.0000,0.0000,0.0000,0.0000,-3.1250,-0.2164,1.3032,-0.0035,-0.0065,-0.0130
1774945861.0914,0.0000,0.0000,0.0000,0.0000,0.0000,-3.1260,-0.2173,-0.3357,0.0072,0.0010,-0.0109
1774945861.1113,0.0000,0.0000,0.0000,0.0000,0.0000,-3.1293,-0.2168,0.0413,0.0072,-0.0033,-0.0098
1774945861.1313,0.0000,0.0000,0.0000,0.0000,0.0000,-3.1304,-0.2168,0.0000,0.0072,-0.0075,-0.0098
1774945861.1515,0.0000,0.0000,0.0000,0.0000,0.0000,-3.1284,-0.2177,-1.5681,0.0093,-0.0022,-0.0098
1774945861.1713,0.0000,0.0000,0.0000,0.0000,0.0000,-3.1270,-0.2176,1.7704,0.0029,0.0010,-0.0119
1774945861.1914,0.0000,0.0000,0.0000,0.0000,0.0000,-3.1245,-0.2171,0.6955,0.0008,-0.0043,-0.0109
1774945861.2113,0.0000,0.0000,0.0000,0.0000,0.0000,-3.1223,-0.2178,-2.7756,0.0029,-0.0043,-0.0130
1774945861.2315,0.0000,0.0000,0.0000,0.0000,0.0000,-3.1204,-0.2172,1.8794,0.0029,-0.0012,-0.0109
1774945861.2514,0.0000,0.0000,0.0000,0.0000,0.0000,-3.1213,-0.2165,0.8948,0.0040,-0.0054,-0.0109
1774945861.2715,0.0000,0.0000,0.0000,0.0000,0.0000,-3.1230,-0.2165,-1.1116,0.0050,-0.0054,-0.0109
1774945861.2915,0.0000,0.0000,0.0000,0.0000,0.0000,-3.1241,-0.2164,-0.6402,0.0029,-0.0033,-0.0109
1774945861.3113,0.0000,0.0000,0.0000,0.0000,0.0000,-3.1268,-0.2155,-0.8126,-0.0003,-0.0054,-0.0109
1774945861.3321,0.0000,0.0000,0.0000,0.0000,0.0000,-3.1271,-0.2156,-0.6543,-0.0003,-0.0054,-0.0109
1774945861.3514,0.0000,0.0000,0.0000,0.0000,0.0000,-3.1273,-0.2159,-0.5536,0.0029,-0.0033,-0.0119
1774945861.3713,0.0000,0.0000,0.0000,0.0000,0.0000,-3.1260,-0.2159,-0.5809,0.0050,-0.0043,-0.0098
1774945861.3913,0.0000,0.0000,0.0000,0.0000,0.0000,-3.1249,-0.2163,-0.9668,0.0072,-0.0033,-0.0109
1774945861.4113,0.0000,0.0000,0.0000,0.0000,0.0000,-3.1232,-0.2165,1.2005,0.0040,-0.0012,-0.0098
1774945861.4316,0.0000,0.0000,0.0000,0.0000,0.0000,-3.1217,-0.2165,-0.0890,0.0061,-0.0033,-0.0087
1774945861.4513,0.0000,0.0000,0.0000,0.0000,0.0000,-3.1223,-0.2166,-1.6280,0.0008,-0.0033,-0.0109
1774945861.4713,0.0000,0.0000,0.0000,0.0000,0.0000,-3.1221,-0.2163,1.3286,0.0019,-0.0043,-0.0109
1774945861.4914,0.0000,0.0000,0.0000,0.0000,0.0000,-3.1238,-0.2162,0.3305,0.0019,-0.0054,-0.0109
1774945861.5120,0.0000,0.0000,0.0000,0.0000,0.0000,-3.1257,-0.2161,0.5993,0.0029,-0.0033,-0.0109
1774945861.5313,0.0000,0.0000,0.0000,0.0000,0.0000,-3.1268,-0.2160,0.1660,0.0061,-0.0033,-0.0098
1774945861.5513,0.0000,0.0000,0.0000,0.0000,0.0000,-3.1276,-0.2163,-0.9502,0.0050,-0.0033,-0.0087
1774945861.5713,0.0000,0.0000,0.0000,0.0000,0.0000,-3.1261,-0.2165,0.3744,0.0050,-0.0033,-0.0130
1774945861.5913,0.0000,0.0000,0.0000,0.0000,0.0000,-3.1251,-0.2167,-0.2924,0.0029,-0.0043,-0.0109
1774945861.6112,0.0000,0.0000,0.0000,0.0000,0.0000,-3.1242,-0.2166,0.4338,0.0029,-0.0033,-0.0087
1774945861.6316,0.0000,0.0000,0.0000,0.0000,0.0000,-3.1227,-0.2166,0.2135,0.0029,-0.0033,-0.0130
1774945861.6514,0.0000,0.0000,0.0000,0.0000,0.0000,-3.1228,-0.2166,-0.8122,0.0029,-0.0043,-0.0119
1774945861.6714,0.0000,0.0000,0.0000,0.0000,0.0000,-3.1230,-0.2164,0.5953,0.0019,-0.0043,-0.0130
1774945861.6920,0.0000,0.0000,0.0000,0.0000,0.0000,-3.1238,-0.2163,-1.6503,0.0029,-0.0033,-0.0119
1774945861.7115,0.0000,0.0000,0.0000,0.0000,0.0000,-3.1241,-0.2162,1.0629,0.0029,-0.0043,-0.0098
1774945861.7314,0.0000,0.0000,0.0000,0.0000,0.0000,-3.1249,-0.2161,-0.6026,0.0040,-0.0022,-0.0119
1774945861.7515,0.0000,0.0000,0.0000,0.0000,0.0000,-3.1262,-0.2162,-0.1282,0.0029,-0.0033,-0.0109
1774945861.7713,0.0000,0.0000,0.0000,0.0000,0.0000,-3.1258,-0.2160,0.6782,0.0050,-0.0022,-0.0098
1774945861.7913,0.0000,0.0000,0.0000,0.0000,0.0000,-3.1250,-0.2162,-1.3641,0.0029,-0.0033,-0.0119
1774945861.8114,0.0000,0.0000,0.0000,0.0000,0.0000,-3.1239,-0.2161,0.8623,0.0019,-0.0012,-0.0109
1774945861.8312,0.0000,0.0000,0.0000,0.0000,0.0000,-3.1237,-0.2159,0.2523,0.0040,-0.0033,-0.0119
1774945861.8514,0.0000,0.0000,0.0000,0.0000,0.0000,-3.1233,-0.2163,0.6214,0.0029,-0.0033,-0.0109
1774945861.8713,0.0000,0.0000,0.0000,0.0000,0.0000,-3.1229,-0.2161,-0.3776,0.0040,-0.0033,-0.0109
1774945861.8913,0.0000,0.0000,0.0000,0.0000,0.0000,-3.1245,-0.2162,-0.7095,0.0019,-0.0054,-0.0130
1774945861.9112,0.0000,0.0000,0.0000,0.0000,0.0000,-3.1245,-0.2159,0.8042,0.0029,-0.0043,-0.0109
1774945861.9354,0.0000,0.0000,0.0000,0.0000,0.0000,-3.1251,-0.2158,-1.5751,0.0019,-0.0043,-0.0098
1774945861.9601,0.0000,0.0000,0.0000,0.0000,0.0000,-3.1247,-0.2161,0.7005,0.0040,-0.0022,-0.0119
1774945861.9712,0.0000,0.0000,0.0000,0.0000,0.0000,-3.1241,-0.2162,-0.6136,0.0061,-0.0022,-0.0109
1774945861.9978,0.0000,0.0000,0.0000,0.0000,0.0000,-3.1241,-0.2162,0.2490,0.0019,-0.0043,-0.0098
1774945862.0113,0.0000,0.0000,0.0000,0.0000,0.0000,-3.1235,-0.2162,-0.3308,0.0040,-0.0033,-0.0109
1774945862.0314,0.0000,0.0000,0.0000,0.0000,0.0000,-3.1239,-0.2163,-0.5481,0.0019,-0.0043,-0.0098
1774945862.0513,0.0000,0.0000,0.0000,0.0000,0.0000,-3.1237,-0.2162,1.0229,0.0029,-0.0043,-0.0119
1774945862.0716,0.0000,0.0000,0.0000,0.0000,0.0000,-3.1240,-0.2161,0.1249,0.0050,-0.0033,-0.0109
1774945862.0913,0.0000,0.0000,0.0000,0.0000,0.0000,-3.1244,-0.2161,0.4703,0.0029,-0.0054,-0.0109
1774945862.1113,0.0000,0.0000,0.0000,0.0000,0.0000,-3.1242,-0.2159,-0.7047,0.0061,-0.0033,-0.0087
1774945862.1314,0.0000,0.0000,0.0000,0.0000,0.0000,-3.1251,-0.2150,-1.4434,-0.0003,-0.0086,-0.0109
1774945862.1514,0.0000,0.0000,0.0000,0.0000,0.0000,-3.1236,-0.2152,0.5097,-0.0013,-0.0107,-0.0119
1774945862.1716,0.0000,0.0000,0.0000,0.0000,0.0000,-3.1217,-0.2159,1.2579,0.0019,-0.0065,-0.0119
1774945862.1915,0.0000,0.0000,0.0000,0.0000,0.0000,-3.1216,-0.2161,1.1968,-0.0003,-0.0054,-0.0098
1774945862.2115,0.0000,0.0000,0.0000,0.0000,0.0000,-3.1233,-0.2157,-2.2439,0.0008,-0.0043,-0.0130
1774945862.2316,0.0000,0.0000,0.0000,0.0000,0.0000,-3.1248,-0.2154,0.0416,-0.0013,-0.0075,-0.0109
1774945862.2515,0.0000,0.0000,0.0000,0.0000,0.0000,-3.1259,-0.2155,0.5981,0.0040,-0.0086,-0.0109
1774945862.2713,0.0000,0.0000,0.0000,0.0000,0.0000,-3.1270,-0.2164,-1.3517,0.0019,-0.0033,-0.0109
1774945862.2915,0.0000,0.0000,0.0000,0.0000,0.0000,-3.1264,-0.2164,0.5033,0.0040,-0.0033,-0.0109
1774945862.3113,0.0000,0.0000,0.0000,0.0000,0.0000,-3.1272,-0.2163,-1.5369,0.0061,-0.0033,-0.0119
1774945862.3314,0.0000,0.0000,0.0000,0.0000,0.0000,-3.1273,-0.2165,0.8352,0.0040,-0.0043,-0.0109
1774945862.3516,0.0000,0.0000,0.0000,0.0000,0.0000,-3.1259,-0.2165,0.1274,0.0050,-0.0043,-0.0119
1774945862.3714,0.0000,0.0000,0.0000,0.0000,0.0000,-3.1253,-0.2165,-1.2445,0.0040,-0.0054,-0.0119
1774945862.3912,0.0000,0.0000,0.0000,0.0000,0.0000,-3.1238,-0.2165,1.1486,0.0050,-0.0043,-0.0119
1774945862.4113,0.0000,0.0000,0.0000,0.0000,0.0000,-3.1240,-0.2163,-0.1721,0.0050,-0.0043,-0.0119
1774945862.4317,0.0000,0.0000,0.0000,0.0000,0.0000,-3.1239,-0.2161,0.4137,0.0019,-0.0033,-0.0098
1774945862.4513,0.0000,0.0000,0.0000,0.0000,0.0000,-3.1237,-0.2160,0.2534,0.0040,-0.0033,-0.0119
1774945862.4714,0.0000,0.0000,0.0000,0.0000,0.0000,-3.1252,-0.2161,-0.6269,0.0019,-0.0043,-0.0109
1774945862.4913,0.0000,0.0000,0.0000,0.0000,0.0000,-3.1249,-0.2161,0.3500,0.0061,-0.0033,-0.0119
1774945862.5115,0.0000,0.0000,0.0000,0.0000,0.0000,-3.1265,-0.2159,-0.6136,0.0029,-0.0022,-0.0119
1774945862.5314,0.0000,0.0000,0.0000,0.0000,0.0000,-3.1262,-0.2160,-0.0827,0.0040,-0.0043,-0.0098
1774945862.5515,0.0000,0.0000,0.0000,0.0000,0.0000,-3.1255,-0.2162,0.2977,0.0050,-0.0033,-0.0119
1774945862.5714,0.0000,0.0000,0.0000,0.0000,0.0000,-3.1254,-0.2162,0.3816,0.0019,-0.0033,-0.0087
1774945862.5913,0.0000,0.0000,0.0000,0.0000,0.0000,-3.1242,-0.2165,-0.5318,0.0040,-0.0022,-0.0109
1774945862.6114,0.0000,0.0000,0.0000,0.0000,0.0000,-3.1237,-0.2166,0.7252,0.0008,-0.0022,-0.0119
1774945862.6316,0.0000,0.0000,0.0000,0.0000,0.0000,-3.1226,-0.2160,4.0890,0.0019,-0.0043,-0.0109
1774945862.6514,0.0000,0.0000,0.0000,0.0000,0.0000,-3.1233,-0.2160,1.0939,0.0040,-0.0065,-0.0109
1774945862.6715,0.0000,0.0000,0.0000,0.0000,0.0000,-3.1245,-0.2160,0.2987,0.0019,-0.0022,-0.0098
1774945862.6912,0.0000,0.0000,0.0000,0.0000,0.0000,-3.1258,-0.2156,-0.3174,0.0040,-0.0033,-0.0119
1774945862.7113,0.0000,0.0000,0.0000,0.0000,0.0000,-3.1268,-0.2156,-1.3440,0.0040,-0.0043,-0.0109
1774945862.7314,0.0000,0.0000,0.0000,0.0000,0.0000,-3.1267,-0.2160,-0.3450,0.0061,-0.0033,-0.0119
1774945862.7514,0.0000,0.0000,0.0000,0.0000,0.0000,-3.1268,-0.2161,-1.2497,0.0029,-0.0033,-0.0109
1774945862.7712,0.0000,0.0000,0.0000,0.0000,0.0000,-3.1258,-0.2162,-0.3733,0.0050,-0.0033,-0.0119
1774945862.7913,0.0000,0.0000,0.0000,0.0000,0.0000,-3.1250,-0.2162,0.6515,0.0029,-0.0033,-0.0119
1774945862.8113,0.0000,0.0000,0.0000,0.0000,0.0000,-3.1241,-0.2161,1.5700,0.0019,-0.0043,-0.0098
1774945862.8313,0.0000,0.0000,0.0000,0.0000,0.0000,-3.1230,-0.2160,0.0000,0.0040,-0.0033,-0.0109
1774945862.8514,0.0000,0.0000,0.0000,0.0000,0.0000,-3.1237,-0.2162,-1.2402,0.0008,-0.0033,-0.0098
1774945862.8714,0.0000,0.0000,0.0000,0.0000,0.0000,-3.1239,-0.2159,1.2431,0.0040,-0.0043,-0.0119
1774945862.8914,0.0000,0.0000,0.0000,0.0000,0.0000,-3.1253,-0.2157,-0.5375,0.0040,-0.0043,-0.0119
1774945862.9114,0.0000,0.0000,0.0000,0.0000,0.0000,-3.1262,-0.2156,0.4410,0.0040,-0.0033,-0.0109
1774945862.9313,0.0000,0.0000,0.0000,0.0000,0.0000,-3.1268,-0.2156,-1.1758,0.0029,-0.0033,-0.0098
1774945862.9563,0.0000,0.0000,0.0000,0.0000,0.0000,-3.1270,-0.2157,0.7123,0.0029,-0.0033,-0.0109
1774945862.9712,0.0000,0.0000,0.0000,0.0000,0.0000,-3.1257,-0.2159,1.1651,0.0061,-0.0033,-0.0119
1774945862.9914,0.0000,0.0000,0.0000,0.0000,0.0000,-3.1260,-0.2162,-1.0737,0.0019,-0.0022,-0.0119
1774945863.0112,0.0000,0.0000,0.0000,0.0000,0.0000,-3.1244,-0.2161,0.2638,0.0040,-0.0033,-0.0098
1774945863.0314,0.0000,0.0000,0.0000,0.0000,0.0000,-3.1241,-0.2161,0.3790,0.0040,-0.0033,-0.0119
1774945863.0517,0.0000,0.0000,0.0000,0.0000,0.0000,-3.1241,-0.2161,0.3542,0.0029,-0.0054,-0.0098
1774945863.0712,0.0000,0.0000,0.0000,0.0000,0.0000,-3.1241,-0.2160,-0.5040,0.0040,-0.0033,-0.0098
1774945863.0913,0.0000,0.0000,0.0000,0.0000,0.0000,-3.1256,-0.2158,-1.0228,0.0019,-0.0022,-0.0098
1774945863.1113,0.0000,0.0000,0.0000,0.0000,0.0000,-3.1254,-0.2157,0.7040,0.0040,-0.0033,-0.0109
1774945863.1315,0.0000,0.0000,0.0000,0.0000,0.0000,-3.1264,-0.2158,-1.3901,0.0061,-0.0043,-0.0130
1774945863.1514,0.0000,0.0000,0.0000,0.0000,0.0000,-3.1267,-0.2158,0.4543,0.0050,-0.0033,-0.0119
1774945863.1714,0.0000,0.0000,0.0000,0.0000,0.0000,-3.1259,-0.2158,-0.0416,0.0050,-0.0033,-0.0109
1774945863.1914,0.0000,0.0000,0.0000,0.0000,0.0000,-3.1258,-0.2159,0.1157,0.0050,-0.0043,-0.0109
1774945863.2113,0.0000,0.0000,0.0000,0.0000,0.0000,-3.1246,-0.2159,-1.8472,0.0029,-0.0043,-0.0109
1774945863.2314,0.0000,0.0000,0.0000,0.0000,0.0000,-3.1250,-0.2160,-1.4916,0.0029,-0.0033,-0.0119
1774945863.2518,0.0000,0.0000,0.0000,0.0000,0.0000,-3.1243,-0.2161,0.3792,0.0029,-0.0033,-0.0109
1774945863.2712,0.0000,0.0000,0.0000,0.0000,0.0000,-3.1244,-0.2158,0.7841,0.0040,-0.0054,-0.0109
1774945863.2915,0.0000,0.0000,0.0000,0.0000,0.0000,-3.1256,-0.2159,0.4929,0.0029,-0.0033,-0.0109
1774945863.3114,0.0000,0.0000,0.0000,0.0000,0.0000,-3.1257,-0.2158,0.1711,0.0050,-0.0033,-0.0109
1774945863.3315,0.0000,0.0000,0.0000,0.0000,0.0000,-3.1262,-0.2158,-0.5521,0.0029,-0.0043,-0.0119
1774945863.3514,0.0000,0.0000,0.0000,0.0000,0.0000,-3.1257,-0.2159,0.8691,0.0072,-0.0043,-0.0119
1774945863.3714,0.0000,0.0000,0.0000,0.0000,0.0000,-3.1257,-0.2161,-0.5389,0.0040,-0.0022,-0.0130
1774945863.3913,0.0000,0.0000,0.0000,0.0000,0.0000,-3.1253,-0.2162,0.2470,0.0040,-0.0054,-0.0109
1774945863.4113,0.0000,0.0000,0.0000,0.0000,0.0000,-3.1248,-0.2160,-0.5780,0.0029,-0.0033,-0.0109
1774945863.4314,0.0000,0.0000,0.0000,0.0000,0.0000,-3.1249,-0.2161,-0.0433,0.0029,-0.0022,-0.0109
1774945863.4513,0.0000,0.0000,0.0000,0.0000,0.0000,-3.1242,-0.2161,0.5944,0.0050,-0.0033,-0.0119
1774945863.4715,0.0000,0.0000,0.0000,0.0000,0.0000,-3.1251,-0.2162,-1.3212,0.0019,-0.0033,-0.0109
1774945863.4913,0.0000,0.0000,0.0000,0.0000,0.0000,-3.1249,-0.2161,0.8239,0.0029,-0.0043,-0.0109
1774945863.5113,0.0000,0.0000,0.0000,0.0000,0.0000,-3.1255,-0.2160,0.2652,0.0029,-0.0054,-0.0109
1774945863.5313,0.0000,0.0000,0.0000,0.0000,0.0000,-3.1259,-0.2162,0.7972,0.0029,-0.0043,-0.0119
1774945863.5513,0.0000,0.0000,0.0000,0.0000,0.0000,-3.1255,-0.2163,-0.6981,0.0029,-0.0033,-0.0109
1774945863.5713,0.0000,0.0000,0.0000,0.0000,0.0000,-3.1257,-0.2162,-1.1452,0.0040,-0.0033,-0.0119
1774945863.5914,0.0000,0.0000,0.0000,0.0000,0.0000,-3.1246,-0.2161,0.5036,0.0040,-0.0043,-0.0098
1774945863.6113,0.0000,0.0000,0.0000,0.0000,0.0000,-3.1252,-0.2162,0.0443,0.0029,-0.0033,-0.0098
1774945863.6313,0.0000,0.0000,0.0000,0.0000,0.0000,-3.1247,-0.2160,0.8320,0.0029,-0.0033,-0.0098
1774945863.6514,0.0000,0.0000,0.0000,0.0000,0.0000,-3.1247,-0.2159,0.2206,0.0040,-0.0033,-0.0109
1774945863.6713,0.0000,0.0000,0.0000,0.0000,0.0000,-3.1255,-0.2160,-1.7433,-0.0003,-0.0043,-0.0109
1774945863.6913,0.0000,0.0000,0.0000,0.0000,0.0000,-3.1252,-0.2161,0.7031,0.0040,-0.0033,-0.0119
1774945863.7113,0.0000,0.0000,0.0000,0.0000,0.0000,-3.1261,-0.2161,-0.9451,0.0029,-0.0043,-0.0119
1774945863.7314,0.0000,0.0000,0.0000,0.0000,0.0000,-3.1258,-0.2161,-0.2100,0.0040,-0.0033,-0.0109
1774945863.7514,0.0000,0.0000,0.0000,0.0000,0.0000,-3.1255,-0.2160,0.3368,0.0040,-0.0033,-0.0119
1774945863.7716,0.0000,0.0000,0.0000,0.0000,0.0000,-3.1253,-0.2161,0.8291,0.0050,-0.0033,-0.0098
1774945863.7913,0.0000,0.0000,0.0000,0.0000,0.0000,-3.1248,-0.2161,-1.0132,0.0061,-0.0033,-0.0130
1774945863.8113,0.0000,0.0000,0.0000,0.0000,0.0000,-3.1255,-0.2163,-0.3710,0.0008,-0.0033,-0.0109
1774945863.8313,0.0000,0.0000,0.0000,0.0000,0.0000,-3.1248,-0.2161,1.2169,0.0050,-0.0043,-0.0119
1774945863.8513,0.0000,0.0000,0.0000,0.0000,0.0000,-3.1255,-0.2160,-0.1654,0.0040,-0.0033,-0.0109
1774945863.8713,0.0000,0.0000,0.0000,0.0000,0.0000,-3.1256,-0.2157,-0.1704,0.0040,-0.0043,-0.0109
1774945863.8913,0.0000,0.0000,0.0000,0.0000,0.0000,-3.1252,-0.2158,-1.2803,0.0050,-0.0033,-0.0119
1774945863.9113,0.0000,0.0000,0.0000,0.0000,0.0000,-3.1260,-0.2157,-0.1359,0.0019,-0.0043,-0.0098
1774945863.9315,0.0000,0.0000,0.0000,0.0000,0.0000,-3.1254,-0.2158,0.6013,0.0050,-0.0043,-0.0119
1774945863.9514,0.0000,0.0000,0.0000,0.0000,0.0000,-3.1260,-0.2158,-0.0580,0.0019,-0.0043,-0.0098
1774945863.9713,0.0000,0.0000,0.0000,0.0000,0.0000,-3.1257,-0.2159,0.7684,0.0050,-0.0043,-0.0109
1774945863.9913,0.0000,0.0000,0.0000,0.0000,0.0000,-3.1255,-0.2159,0.3666,0.0029,-0.0033,-0.0109
1774945864.0113,0.0000,0.0000,0.0000,0.0000,0.0000,-3.1255,-0.2161,0.4928,0.0019,-0.0022,-0.0077
1774945864.0314,0.0000,0.0000,0.0000,0.0000,0.0000,-3.1248,-0.2161,-0.7501,0.0029,-0.0022,-0.0119
1774945864.0513,0.0000,0.0000,0.0000,0.0000,0.0000,-3.1253,-0.2160,-0.9306,0.0029,-0.0043,-0.0109
1774945864.0713,0.0000,0.0000,0.0000,0.0000,0.0000,-3.1251,-0.2160,0.7128,0.0040,-0.0043,-0.0109
1774945864.0913,0.0000,0.0000,0.0000,0.0000,0.0000,-3.1257,-0.2161,-0.4966,0.0029,-0.0022,-0.0109
1774945864.1112,0.0000,0.0000,0.0000,0.0000,0.0000,-3.1255,-0.2160,0.4246,0.0029,-0.0033,-0.0098
1774945864.1313,0.0000,0.0000,0.0000,0.0000,0.0000,-3.1246,-0.2159,-0.4748,0.0040,-0.0022,-0.0109
1774945864.1512,0.0000,0.0000,0.0000,0.0000,0.0000,-3.1250,-0.2160,-0.4277,0.0008,-0.0033,-0.0109
1774945864.1714,0.0000,0.0000,0.0000,0.0000,0.0000,-3.1250,-0.2159,0.9634,0.0029,-0.0043,-0.0109
1774945864.1912,0.0000,0.0000,0.0000,0.0000,0.0000,-3.1252,-0.2158,-1.0826,0.0040,-0.0033,-0.0109
1774945864.2113,0.0000,0.0000,0.0000,0.0000,0.0000,-3.1248,-0.2160,1.1524,0.0050,-0.0043,-0.0098
1774945864.2313,0.0000,0.0000,0.0000,0.0000,0.0000,-3.1248,-0.2161,-0.7691,0.0050,-0.0033,-0.0109
1774945864.2513,0.0000,0.0000,0.0000,0.0000,0.0000,-3.1255,-0.2159,0.0875,0.0029,-0.0033,-0.0119
1774945864.2713,0.0000,0.0000,0.0000,0.0000,0.0000,-3.1252,-0.2160,0.5116,0.0050,-0.0054,-0.0119
1774945864.2914,0.0000,0.0000,0.0000,0.0000,0.0000,-3.1257,-0.2160,-2.0380,0.0040,-0.0033,-0.0119
1774945864.3126,0.0000,0.0000,0.0000,0.0000,0.0000,-3.1253,-0.2159,1.4784,0.0050,-0.0022,-0.0109
1774945864.3320,0.0000,0.0000,0.0000,0.0000,0.0000,-3.1253,-0.2159,-0.3297,0.0050,-0.0033,-0.0119
1774945864.3514,0.0000,0.0000,0.0000,0.0000,0.0000,-3.1251,-0.2160,0.3330,0.0040,-0.0043,-0.0098
1774945864.3713,0.0000,0.0000,0.0000,0.0000,0.0000,-3.1246,-0.2162,-0.0842,0.0040,-0.0022,-0.0109
1774945864.3917,0.0000,0.0000,0.0000,0.0000,0.0000,-3.1249,-0.2165,-0.7281,0.0029,-0.0043,-0.0119
1774945864.4113,0.0000,0.0000,0.0000,0.0000,0.0000,-3.1240,-0.2163,0.6740,0.0040,-0.0033,-0.0109
1774945864.4313,0.0000,0.0000,0.0000,0.0000,0.0000,-3.1245,-0.2161,-1.2349,0.0029,-0.0033,-0.0109
1774945864.4514,0.0000,0.0000,0.0000,0.0000,0.0000,-3.1246,-0.2160,1.1948,0.0029,-0.0043,-0.0109
1774945864.4717,0.0000,0.0000,0.0000,0.0000,0.0000,-3.1246,-0.2161,-0.9695,0.0029,-0.0012,-0.0109
1774945864.4914,0.0000,0.0000,0.0000,0.0000,0.0000,-3.1248,-0.2164,0.1279,-0.0003,-0.0012,-0.0109
1774945864.5114,0.0000,0.0000,0.0000,0.0000,0.0000,-3.1231,-0.2167,1.9160,0.0040,-0.0022,-0.0109
1774945864.5314,0.0000,0.0000,0.0000,0.0000,0.0000,-3.1239,-0.2158,0.9083,0.0040,-0.0065,-0.0109
1774945864.5514,0.0000,0.0000,0.0000,0.0000,0.0000,-3.1246,-0.2160,-0.5745,0.0029,-0.0043,-0.0098
1774945864.5712,0.0000,0.0000,0.0000,0.0000,0.0000,-3.1254,-0.2161,0.2066,0.0029,-0.0012,-0.0098
1774945864.5912,0.0000,0.0000,0.0000,0.0000,0.0000,-3.1258,-0.2159,-1.5508,0.0008,-0.0043,-0.0109
1774945864.6113,0.0000,0.0000,0.0000,0.0000,0.0000,-3.1254,-0.2162,-0.2106,0.0050,-0.0033,-0.0109
1774945864.6312,0.0000,0.0000,0.0000,0.0000,0.0000,-3.1268,-0.2166,-1.3470,-0.0003,-0.0022,-0.0098
1774945864.6513,0.0000,0.0000,0.0000,0.0000,0.0000,-3.1264,-0.2163,0.2514,0.0040,-0.0043,-0.0109
1774945864.6713,0.0000,0.0000,0.0000,0.0000,0.0000,-3.1267,-0.2162,0.5995,0.0050,-0.0033,-0.0109
1774945864.6912,0.0000,0.0000,0.0000,0.0000,0.0000,-3.1265,-0.2162,1.3651,0.0019,-0.0022,-0.0109
1774945864.7112,0.0000,0.0000,0.0000,0.0000,0.0000,-3.1251,-0.2160,-0.5122,0.0050,-0.0033,-0.0098
1774945864.7313,0.0000,0.0000,0.0000,0.0000,0.0000,-3.1249,-0.2162,-0.0844,0.0029,-0.0054,-0.0109
1774945864.7512,0.0000,0.0000,0.0000,0.0000,0.0000,-3.1241,-0.2161,0.9490,0.0040,-0.0033,-0.0119
1774945864.7713,0.0000,0.0000,0.0000,0.0000,0.0000,-3.1245,-0.2162,-0.3398,0.0029,-0.0043,-0.0109
1774945864.7913,0.0000,0.0000,0.0000,0.0000,0.0000,-3.1247,-0.2159,0.1273,0.0029,-0.0033,-0.0119
1774945864.8113,0.0000,0.0000,0.0000,0.0000,0.0000,-3.1254,-0.2158,-0.3574,0.0040,-0.0043,-0.0119
1774945864.8313,0.0000,0.0000,0.0000,0.0000,0.0000,-3.1265,-0.2158,0.0890,0.0008,-0.0033,-0.0098
1774945864.8513,0.0000,0.0000,0.0000,0.0000,0.0000,-3.1263,-0.2157,-0.0430,0.0061,-0.0033,-0.0119
1774945864.8713,0.0000,0.0000,0.0000,0.0000,0.0000,-3.1268,-0.2160,-1.2898,0.0029,-0.0033,-0.0119
1774945864.8913,0.0000,0.0000,0.0000,0.0000,0.0000,-3.1258,-0.2163,1.1116,0.0008,-0.0033,-0.0109
1774945864.9113,0.0000,0.0000,0.0000,0.0000,0.0000,-3.1258,-0.2164,-0.3544,0.0050,-0.0022,-0.0119
1774945864.9331,0.0000,0.0000,0.0000,0.0000,0.0000,-3.1250,-0.2162,0.3737,0.0019,-0.0033,-0.0130
1774945864.9513,0.0000,0.0000,0.0000,0.0000,0.0000,-3.1241,-0.2162,-0.6842,0.0050,-0.0033,-0.0130
1774945864.9727,0.0000,0.0000,0.0000,0.0000,0.0000,-3.1250,-0.2162,-0.6258,0.0019,-0.0022,-0.0098
1774945864.9912,0.0000,0.0000,0.0000,0.0000,0.0000,-3.1246,-0.2160,0.8968,0.0050,-0.0033,-0.0119
1774945865.0112,0.0000,0.0000,0.0000,0.0000,0.0000,-3.1256,-0.2159,-0.4551,0.0019,-0.0033,-0.0119
1774945865.0314,0.0000,0.0000,0.0000,0.0000,0.0000,-3.1255,-0.2159,0.7648,0.0050,-0.0022,-0.0119
1774945865.0512,0.0000,0.0000,0.0000,0.0000,0.0000,-3.1259,-0.2159,0.3515,0.0040,-0.0043,-0.0119
1774945865.0713,0.0000,0.0000,0.0000,0.0000,0.0000,-3.1262,-0.2162,0.2461,0.0029,-0.0043,-0.0098
1774945865.0913,0.0000,0.0000,0.0000,0.0000,0.0000,-3.1252,-0.2163,-0.5075,0.0061,-0.0033,-0.0119
1774945865.1113,0.0000,0.0000,0.0000,0.0000,0.0000,-3.1259,-0.2163,-1.7221,0.0040,-0.0033,-0.0119
1774945865.1312,0.0000,0.0000,0.0000,0.0000,0.0000,-3.1249,-0.2162,1.1760,0.0050,-0.0033,-0.0119
1774945865.1512,0.0000,0.0000,0.0000,0.0000,0.0000,-3.1252,-0.2163,0.2565,0.0050,-0.0043,-0.0098
1774945865.1713,0.0000,0.0000,0.0000,0.0000,0.0000,-3.1250,-0.2164,0.4561,0.0029,-0.0033,-0.0130
1774945865.1912,0.0000,0.0000,0.0000,0.0000,0.0000,-3.1247,-0.2159,-0.3412,0.0050,-0.0033,-0.0119
1774945865.2113,0.0000,0.0000,0.0000,0.0000,0.0000,-3.1255,-0.2159,0.5947,0.0019,-0.0033,-0.0109
1774945865.2314,0.0000,0.0000,0.0000,0.0000,0.0000,-3.1254,-0.2159,0.4765,0.0040,-0.0033,-0.0098
1774945865.2514,0.0000,0.0000,0.0000,0.0000,0.0000,-3.1262,-0.2158,-0.6633,0.0040,-0.0033,-0.0119
1774945865.2713,0.0000,0.0000,0.0000,0.0000,0.0000,-3.1262,-0.2159,-0.1704,0.0040,-0.0043,-0.0098
1774945865.2912,0.0000,0.0000,0.0000,0.0000,0.0000,-3.1260,-0.2161,-0.3412,0.0040,-0.0033,-0.0109
1774945865.3113,0.0000,0.0000,0.0000,0.0000,0.0000,-3.1263,-0.2156,0.7733,0.0029,-0.0033,-0.0109
1774945865.3314,0.0000,0.0000,0.0000,0.0000,0.0000,-3.1252,-0.2148,-3.2611,-0.0013,-0.0086,-0.0130
1774945865.3513,0.0000,0.0000,0.0000,0.0000,0.0000,-3.1237,-0.2151,-0.0426,-0.0035,-0.0086,-0.0109
1774945865.3713,0.0000,0.0000,0.0000,0.0000,0.0000,-3.1215,-0.2161,2.8482,0.0019,-0.0065,-0.0109
1774945865.3912,0.0000,0.0000,0.0000,0.0000,0.0000,-3.1221,-0.2156,-0.2940,-0.0013,-0.0054,-0.0119
1774945865.4113,0.0000,0.0000,0.0000,0.0000,0.0000,-3.1238,-0.2152,2.7063,-0.0067,-0.0065,-0.0119
1774945865.4313,0.0000,0.0000,0.0000,0.0000,0.0000,-3.1253,-0.2155,0.2527,-0.0013,-0.0043,-0.0119
1774945865.4512,0.0000,0.0000,0.0000,0.0000,0.0000,-3.1278,-0.2158,-1.7210,-0.0013,-0.0001,-0.0119
1774945865.4712,0.0000,0.0000,0.0000,0.0000,0.0000,-3.1292,-0.2153,2.0771,-0.0003,-0.0033,-0.0119
1774945865.4912,0.0000,0.0000,0.0000,0.0000,0.0000,-3.1306,-0.2159,-1.3720,0.0040,-0.0075,-0.0098
1774945865.5112,0.0000,0.0000,0.0000,0.0000,0.0000,-3.1308,-0.2169,-1.3260,0.0050,-0.0022,-0.0098
1774945865.5312,0.0000,0.0000,0.0000,0.0000,0.0000,-3.1296,-0.2165,1.6054,0.0050,-0.0012,-0.0109
1774945865.5512,0.0000,0.0000,0.0000,0.0000,0.0000,-3.1270,-0.2165,-0.2620,0.0050,-0.0054,-0.0109
1774945865.5714,0.0000,0.0000,0.0000,0.0000,0.0000,-3.1246,-0.2168,-0.7038,0.0072,-0.0043,-0.0141
1774945865.5912,0.0000,0.0000,0.0000,0.0000,0.0000,-3.1244,-0.2165,-0.4635,0.0029,-0.0033,-0.0109
1774945865.6113,0.0000,0.0000,0.0000,0.0000,0.0000,-3.1233,-0.2157,0.5679,-0.0013,-0.0182,-0.0087
1774945865.6358,0.0000,0.0000,0.0000,0.0000,0.0000,-3.1235,-0.2164,-5.6717,-0.0077,-0.0097,-0.0119
1774945865.6513,0.0000,0.0000,0.0000,0.0000,0.0000,-3.1226,-0.2148,-8.9913,-0.0056,-0.0033,-0.0151
1774945865.6714,0.0000,0.0000,0.0000,0.0000,0.0000,-3.1238,-0.2141,-12.9604,-0.0035,-0.0139,-0.0119
1774945865.6913,0.0000,0.0000,0.0000,0.0000,0.0000,-3.1254,-0.2134,-10.1745,-0.0035,-0.0097,-0.0151
1774945865.7116,0.0000,0.0000,0.0000,0.0000,0.0000,-3.1248,-0.2140,8.4984,-0.0013,-0.0001,-0.0162
1774945865.7314,0.0000,0.0000,0.0000,0.0000,0.0000,-3.1269,-0.2142,5.3147,-0.0035,-0.0065,-0.0130
1774945865.7513,0.0000,0.0000,0.0000,0.0000,0.0000,-3.1294,-0.2150,2.0465,-0.0003,-0.0043,-0.0098
1774945865.7714,0.0000,0.0000,0.0000,0.0000,0.0000,-3.1307,-0.2153,5.7242,0.0019,-0.0022,-0.0077
1774945865.7912,0.0000,0.0000,0.0000,0.0000,0.0000,-3.1312,-0.2149,-1.8039,0.0040,-0.0065,-0.0087
1774945865.8113,0.0000,0.0000,0.0000,0.0000,0.0000,-3.1301,-0.2158,-5.7610,0.0082,-0.0043,-0.0098
1774945865.8314,0.0000,0.0000,0.0000,0.0000,0.0000,-3.1287,-0.2166,-0.9905,0.0050,-0.0022,-0.0119
1774945865.8513,0.0000,0.0000,0.0000,0.0000,0.0000,-3.1267,-0.2167,-1.1987,0.0061,-0.0054,-0.0119
1774945865.8713,0.0000,0.0000,0.0000,0.0000,0.0000,-3.1253,-0.2173,-1.8444,0.0050,-0.0054,-0.0119
1774945865.8914,0.0000,0.0000,0.0000,0.0000,0.0000,-3.1243,-0.2166,3.2537,-0.0003,-0.0022,-0.0119
1774945865.9115,0.0000,0.0000,0.0000,0.0000,0.0000,-3.1250,-0.2165,1.5381,0.0050,-0.0012,-0.0098
1774945865.9313,0.0000,0.0000,0.0000,0.0000,0.0000,-3.1259,-0.2160,-1.2506,-0.0003,-0.0043,-0.0098
1774945865.9515,0.0000,0.0000,0.0000,0.0000,0.0000,-3.1277,-0.2150,1.9950,0.0061,-0.0033,-0.0098
1774945865.9713,0.0000,0.0000,0.0000,0.0000,0.0000,-3.1299,-0.2150,-1.4133,0.0040,-0.0043,-0.0098
1774945865.9924,0.0000,0.0000,0.0000,0.0000,0.0000,-3.1303,-0.2153,-0.8314,0.0061,-0.0033,-0.0109
1774945866.0112,0.0000,0.0000,0.0000,0.0000,0.0000,-3.1296,-0.2152,1.2414,0.0061,-0.0012,-0.0119
1774945866.0314,0.0000,0.0000,0.0000,0.0000,0.0000,-3.1282,-0.2155,-0.2499,0.0029,-0.0043,-0.0119
1774945866.0513,0.0000,0.0000,0.0000,0.0000,0.0000,-3.1271,-0.2157,-1.2915,0.0040,-0.0033,-0.0119
1774945866.0714,0.0000,0.0000,0.0000,0.0000,0.0000,-3.1263,-0.2153,-0.1266,0.0019,-0.0033,-0.0109
1774945866.0912,0.0000,0.0000,0.0000,0.0000,0.0000,-3.1250,-0.2152,-0.1306,0.0040,-0.0043,-0.0109
1774945866.1113,0.0000,0.0000,0.0000,0.0000,0.0000,-3.1258,-0.2154,-0.5164,0.0050,-0.0022,-0.0109
1774945866.1314,0.0000,0.0000,0.0000,0.0000,0.0000,-3.1262,-0.2151,1.1375,0.0040,-0.0054,-0.0098
1774945866.1513,0.0000,0.0000,0.0000,0.0000,0.0000,-3.1271,-0.2150,-1.2965,0.0050,-0.0033,-0.0119
1774945866.1714,0.0000,0.0000,0.0000,0.0000,0.0000,-3.1287,-0.2150,-0.9175,0.0019,-0.0033,-0.0119
1774945866.1914,0.0000,0.0000,0.0000,0.0000,0.0000,-3.1291,-0.2148,-1.6208,0.0072,-0.0033,-0.0119
1774945866.2113,0.0000,0.0000,0.0000,0.0000,0.0000,-3.1292,-0.2150,-1.4229,0.0040,-0.0033,-0.0098
1774945866.2313,0.0000,0.0000,0.0000,0.0000,0.0000,-3.1283,-0.2151,0.4599,0.0061,-0.0033,-0.0119
1774945866.2514,0.0000,0.0000,0.0000,0.0000,0.0000,-3.1279,-0.2152,0.8134,0.0050,-0.0043,-0.0119
1774945866.2713,0.0000,0.0000,0.0000,0.0000,0.0000,-3.1275,-0.2155,-0.0429,0.0040,-0.0033,-0.0109
1774945866.2913,0.0000,0.0000,0.0000,0.0000,0.0000,-3.1258,-0.2155,-1.1457,0.0050,-0.0043,-0.0109
1774945866.3112,0.0000,0.0000,0.0000,0.0000,0.0000,-3.1263,-0.2154,-1.2180,0.0008,-0.0033,-0.0109
1774945866.3336,0.0000,0.0000,0.0000,0.0000,0.0000,-3.1261,-0.2151,0.8818,0.0019,-0.0043,-0.0109
1774945866.3516,0.0000,0.0000,0.0000,0.0000,0.0000,-3.1272,-0.2150,0.0431,0.0029,-0.0043,-0.0119
1774945866.3715,0.0000,0.0000,0.0000,0.0000,0.0000,-3.1279,-0.2150,0.3302,0.0040,-0.0033,-0.0098
1774945866.3914,0.0000,0.0000,0.0000,0.0000,0.0000,-3.1291,-0.2149,-0.6300,0.0072,-0.0033,-0.0119
1774945866.4125,0.0000,0.0000,0.0000,0.0000,0.0000,-3.1295,-0.2151,-0.0860,0.0019,-0.0033,-0.0098
1774945866.4312,0.0000,0.0000,0.0000,0.0000,0.0000,-3.1282,-0.2151,1.3830,0.0040,-0.0033,-0.0098
1774945866.4514,0.0000,0.0000,0.0000,0.0000,0.0000,-3.1282,-0.2155,-0.9277,0.0008,-0.0043,-0.0119
1774945866.4713,0.0000,0.0000,0.0000,0.0000,0.0000,-3.1266,-0.2154,0.5451,0.0029,-0.0022,-0.0109
1774945866.4923,0.0000,0.0000,0.0000,0.0000,0.0000,-3.1269,-0.2154,-1.4696,0.0040,-0.0033,-0.0119
1774945866.5120,0.0000,0.0000,0.0000,0.0000,0.0000,-3.1268,-0.2155,0.6020,0.0029,-0.0033,-0.0109
1774945866.5314,0.0000,0.0000,0.0000,0.0000,0.0000,-3.1267,-0.2153,-0.0913,0.0061,-0.0033,-0.0098
1774945866.5513,0.0000,0.0000,0.0000,0.0000,0.0000,-3.1280,-0.2153,-0.8310,0.0019,-0.0033,-0.0087
1774945866.5713,0.0000,0.0000,0.0000,0.0000,0.0000,-3.1281,-0.2152,0.7396,0.0029,-0.0033,-0.0119
1774945866.5914,0.0000,0.0000,0.0000,0.0000,0.0000,-3.1285,-0.2151,-0.6756,0.0040,-0.0033,-0.0119
1774945866.6116,0.0000,0.0000,0.0000,0.0000,0.0000,-3.1283,-0.2150,2.6264,0.0040,-0.0043,-0.0109
1774945866.6313,0.0000,0.0000,0.0000,0.0000,0.0000,-3.1279,-0.2149,-0.4539,0.0040,-0.0033,-0.0130
1774945866.6513,0.0000,0.0000,0.0000,0.0000,0.0000,-3.1274,-0.2151,0.1666,0.0008,-0.0043,-0.0109
1774945866.6712,0.0000,0.0000,0.0000,0.0000,0.0000,-3.1268,-0.2155,1.0459,0.0040,-0.0022,-0.0109
1774945866.6913,0.0000,0.0000,0.0000,0.0000,0.0000,-3.1277,-0.2153,-0.6652,0.0029,-0.0022,-0.0130
1774945866.7114,0.0000,0.0000,0.0000,0.0000,0.0000,-3.1294,-0.2153,1.1245,0.0040,-0.0054,-0.0098
1774945866.7313,0.0000,0.0000,0.0000,0.0000,0.0000,-3.1280,-0.2154,-0.3733,0.0061,-0.0043,-0.0098
1774945866.7512,0.0000,0.0000,0.0000,0.0000,0.0000,-3.1275,-0.2154,2.5923,0.0019,-0.0043,-0.0098
1774945866.7714,0.0000,0.0000,0.0000,0.0000,0.0000,-3.1278,-0.2148,0.6082,0.0029,-0.0054,-0.0109
1774945866.7917,0.0000,0.0000,0.0000,0.0000,0.0000,-3.1277,-0.2152,0.0000,0.0040,-0.0033,-0.0098
1774945866.8114,0.0000,0.0000,0.0000,0.0000,0.0000,-3.1268,-0.2153,1.2544,0.0040,-0.0022,-0.0109
1774945866.8345,0.0000,0.0000,0.0000,0.0000,0.0000,-3.1281,-0.2154,0.0000,0.0029,-0.0033,-0.0098
1774945866.8512,0.0000,0.0000,0.0000,0.0000,0.0000,-3.1280,-0.2153,0.3480,0.0019,-0.0043,-0.0098
1774945866.8712,0.0000,0.0000,0.0000,0.0000,0.0000,-3.1274,-0.2158,-0.2946,0.0061,-0.0043,-0.0109
1774945866.8913,0.0000,0.0000,0.0000,0.0000,0.0000,-3.1276,-0.2160,-0.6257,0.0029,-0.0043,-0.0098
1774945866.9113,0.0000,0.0000,0.0000,0.0000,0.0000,-3.1277,-0.2157,1.1416,0.0029,-0.0033,-0.0130
1774945866.9312,0.0000,0.0000,0.0000,0.0000,0.0000,-3.1267,-0.2158,-0.9429,0.0050,-0.0033,-0.0119
1774945866.9515,0.0000,0.0000,0.0000,0.0000,0.0000,-3.1271,-0.2157,0.2194,0.0072,-0.0043,-0.0098
1774945866.9713,0.0000,0.0000,0.0000,0.0000,0.0000,-3.1278,-0.2149,-0.9386,0.0040,-0.0043,-0.0109
1774945866.9914,0.0000,0.0000,0.0000,0.0000,0.0000,-3.1277,-0.2150,-0.2467,-0.0003,-0.0054,-0.0109
1774945867.0113,0.0000,0.0000,0.0000,0.0000,0.0000,-3.1265,-0.2148,1.2194,0.0050,-0.0043,-0.0109
1774945867.0314,0.0000,0.0000,0.0000,0.0000,0.0000,-3.1273,-0.2150,-0.3136,0.0040,-0.0033,-0.0109
1774945867.0513,0.0000,0.0000,0.0000,0.0000,0.0000,-3.1281,-0.2149,0.4046,0.0040,-0.0043,-0.0109
1774945867.0713,0.0000,0.0000,0.0000,0.0000,0.0000,-3.1284,-0.2152,-0.7034,0.0019,-0.0043,-0.0109
1774945867.0913,0.0000,0.0000,0.0000,0.0000,0.0000,-3.1290,-0.2153,0.7899,0.0019,-0.0043,-0.0109
1774945867.1113,0.0000,0.0000,0.0000,0.0000,0.0000,-3.1284,-0.2152,0.3404,0.0040,-0.0054,-0.0130
1774945867.1312,0.0000,0.0000,0.0000,0.0000,0.0000,-3.1289,-0.2155,-1.8468,0.0019,-0.0033,-0.0130
1774945867.1529,0.0000,0.0000,0.0000,0.0000,0.0000,-3.1281,-0.2156,0.8224,0.0040,-0.0033,-0.0109
1774945867.1713,0.0000,0.0000,0.0000,0.0000,0.0000,-3.1281,-0.2155,0.0000,0.0040,-0.0043,-0.0109
1774945867.1913,0.0000,0.0000,0.0000,0.0000,0.0000,-3.1278,-0.2155,0.4285,0.0019,-0.0043,-0.0098
1774945867.2114,0.0000,0.0000,0.0000,0.0000,0.0000,-3.1268,-0.2155,-0.6012,0.0050,-0.0043,-0.0119
1774945867.2312,0.0000,0.0000,0.0000,0.0000,0.0000,-3.1275,-0.2154,-1.5278,-0.0003,-0.0033,-0.0119
1774945867.2513,0.0000,0.0000,0.0000,0.0000,0.0000,-3.1268,-0.2151,0.6114,0.0029,-0.0033,-0.0119
1774945867.2713,0.0000,0.0000,0.0000,0.0000,0.0000,-3.1275,-0.2151,0.2226,0.0019,-0.0033,-0.0087
1774945867.2913,0.0000,0.0000,0.0000,0.0000,0.0000,-3.1284,-0.2149,0.2946,0.0029,-0.0022,-0.0098
1774945867.3113,0.0000,0.0000,0.0000,0.0000,0.0000,-3.1286,-0.2149,-0.4587,0.0050,-0.0033,-0.0109
1774945867.3312,0.0000,0.0000,0.0000,0.0000,0.0000,-3.1290,-0.2151,0.2592,0.0008,-0.0033,-0.0119
1774945867.3513,0.0000,0.0000,0.0000,0.0000,0.0000,-3.1280,-0.2152,0.2959,0.0040,-0.0033,-0.0109
1774945867.3713,0.0000,0.0000,0.0000,0.0000,0.0000,-3.1283,-0.2153,-1.0456,0.0019,-0.0022,-0.0109
1774945867.3917,0.0000,0.0000,0.0000,0.0000,0.0000,-3.1273,-0.2152,0.9883,0.0040,-0.0033,-0.0109
1774945867.4117,0.0000,0.0000,0.0000,0.0000,0.0000,-3.1272,-0.2153,0.2138,0.0050,-0.0022,-0.0119
1774945867.4314,0.0000,0.0000,0.0000,0.0000,0.0000,-3.1276,-0.2152,0.4743,0.0029,-0.0054,-0.0119
1774945867.4512,0.0000,0.0000,0.0000,0.0000,0.0000,-3.1276,-0.2151,-0.6793,0.0061,-0.0022,-0.0109
1774945867.4712,0.0000,0.0000,0.0000,0.0000,0.0000,-3.1285,-0.2151,-0.6570,0.0029,-0.0033,-0.0119
1774945867.4912,0.0000,0.0000,0.0000,0.0000,0.0000,-3.1283,-0.2151,1.1729,0.0040,-0.0043,-0.0098
1774945867.5113,0.0000,0.0000,0.0000,0.0000,0.0000,-3.1286,-0.2149,-0.3766,0.0029,-0.0022,-0.0119
1774945867.5313,0.0000,0.0000,0.0000,0.0000,0.0000,-3.1282,-0.2150,-0.1276,0.0029,-0.0022,-0.0098
1774945867.5513,0.0000,0.0000,0.0000,0.0000,0.0000,-3.1280,-0.2150,-0.3718,0.0040,-0.0033,-0.0119
1774945867.5715,0.0000,0.0000,0.0000,0.0000,0.0000,-3.1283,-0.2152,0.6411,0.0019,-0.0043,-0.0109
1774945867.5913,0.0000,0.0000,0.0000,0.0000,0.0000,-3.1275,-0.2153,0.3735,0.0040,-0.0043,-0.0119
1774945867.6113,0.0000,0.0000,0.0000,0.0000,0.0000,-3.1280,-0.2155,-1.1526,0.0029,-0.0043,-0.0119
1774945867.6312,0.0000,0.0000,0.0000,0.0000,0.0000,-3.1275,-0.2150,0.7103,0.0029,-0.0054,-0.0109
1774945867.6512,0.0000,0.0000,0.0000,0.0000,0.0000,-3.1280,-0.2135,-0.6602,0.0008,-0.0086,-0.0098
1774945867.6721,0.0000,0.0000,0.0000,0.0000,0.0000,-3.1267,-0.2140,0.3031,-0.0024,-0.0097,-0.0119
1774945867.6941,0.0000,0.0000,0.0000,0.0000,0.0000,-3.1241,-0.2148,0.5331,0.0019,-0.0043,-0.0109
1774945867.7113,0.0000,0.0000,0.0000,0.0000,0.0000,-3.1253,-0.2147,0.8894,-0.0003,-0.0043,-0.0109
1774945867.7313,0.0000,0.0000,0.0000,0.0000,0.0000,-3.1272,-0.2145,0.6282,0.0008,-0.0065,-0.0109
1774945867.7513,0.0000,0.0000,0.0000,0.0000,0.0000,-3.1292,-0.2147,0.3431,-0.0003,-0.0043,-0.0098
1774945867.7713,0.0000,0.0000,0.0000,0.0000,0.0000,-3.1303,-0.2148,0.3025,0.0019,-0.0043,-0.0098
1774945867.7914,0.0000,0.0000,0.0000,0.0000,0.0000,-3.1318,-0.2145,-0.5191,0.0019,-0.0043,-0.0119
1774945867.8113,0.0000,0.0000,0.0000,0.0000,0.0000,-3.1315,-0.2149,0.6049,0.0029,-0.0033,-0.0109
1774945867.8313,0.0000,0.0000,0.0000,0.0000,0.0000,-3.1295,-0.2155,-0.4752,0.0050,-0.0033,-0.0098
1774945867.8514,0.0000,0.0000,0.0000,0.0000,0.0000,-3.1291,-0.2157,-1.0176,0.0019,-0.0033,-0.0098
1774945867.8713,0.0000,0.0000,0.0000,0.0000,0.0000,-3.1270,-0.2156,0.8698,0.0040,-0.0054,-0.0109
1774945867.8913,0.0000,0.0000,0.0000,0.0000,0.0000,-3.1261,-0.2162,0.4620,0.0061,-0.0054,-0.0109
1774945867.9113,0.0000,0.0000,0.0000,0.0000,0.0000,-3.1264,-0.2160,-0.3864,0.0019,-0.0022,-0.0109
1774945867.9312,0.0000,0.0000,0.0000,0.0000,0.0000,-3.1264,-0.2152,-0.3044,0.0050,-0.0033,-0.0109
1774945867.9512,0.0000,0.0000,0.0000,0.0000,0.0000,-3.1281,-0.2152,-0.7684,-0.0003,-0.0033,-0.0109
1774945867.9712,0.0000,0.0000,0.0000,0.0000,0.0000,-3.1285,-0.2147,0.3440,0.0040,-0.0022,-0.0109
1774945867.9913,0.0000,0.0000,0.0000,0.0000,0.0000,-3.1297,-0.2144,-1.0541,0.0050,-0.0033,-0.0098
1774945868.0113,0.0000,0.0000,0.0000,0.0000,0.0000,-3.1300,-0.2145,-0.6425,0.0029,-0.0043,-0.0109
1774945868.0313,0.0000,0.0000,0.0000,0.0000,0.0000,-3.1292,-0.2148,-0.0424,0.0050,-0.0022,-0.0098
1774945868.0513,0.0000,0.0000,0.0000,0.0000,0.0000,-3.1288,-0.2150,0.6627,0.0029,-0.0033,-0.0098
1774945868.0713,0.0000,0.0000,0.0000,0.0000,0.0000,-3.1272,-0.2151,0.2520,0.0072,-0.0033,-0.0119
1774945868.0913,0.0000,0.0000,0.0000,0.0000,0.0000,-3.1271,-0.2153,-0.9418,0.0050,-0.0043,-0.0119
1774945868.1113,0.0000,0.0000,0.0000,0.0000,0.0000,-3.1275,-0.2143,2.7178,-0.0024,-0.0086,-0.0109
1774945868.1312,0.0000,0.0000,0.0000,0.0000,0.0000,-3.1262,-0.2139,0.6346,-0.0056,-0.0107,-0.0130
1774945868.1512,0.0000,0.0000,0.0000,0.0000,0.0000,-3.1245,-0.2144,2.6915,0.0008,-0.0054,-0.0130
1774945868.1716,0.0000,0.0000,0.0000,0.0000,0.0000,-3.1254,-0.2133,-0.2065,0.0040,-0.0043,-0.0109
1774945868.1914,0.0000,0.0000,0.0000,0.0000,0.0000,-3.1274,-0.2132,-0.9304,-0.0013,-0.0043,-0.0119
1774945868.2113,0.0000,0.0000,0.0000,0.0000,0.0000,-3.1284,-0.2140,0.9558,0.0008,-0.0033,-0.0130
1774945868.2312,0.0000,0.0000,0.0000,0.0000,0.0000,-3.1308,-0.2142,-1.8404,0.0008,-0.0022,-0.0098
1774945868.2512,0.0000,0.0000,0.0000,0.0000,0.0000,-3.1318,-0.2145,-1.2621,0.0040,-0.0033,-0.0098
1774945868.2713,0.0000,0.0000,0.0000,0.0000,0.0000,-3.1309,-0.2152,-0.9897,0.0029,-0.0033,-0.0098
1774945868.2913,0.0000,0.0000,0.0000,0.0000,0.0000,-3.1293,-0.2155,0.4184,0.0029,-0.0022,-0.0130
1774945868.3112,0.0000,0.0000,0.0000,0.0000,0.0000,-3.1280,-0.2160,1.7958,0.0061,-0.0043,-0.0130
1774945868.3313,0.0000,0.0000,0.0000,0.0000,0.0000,-3.1283,-0.2162,-1.5800,0.0040,-0.0054,-0.0119
1774945868.3513,0.0000,0.0000,0.0000,0.0000,0.0000,-3.1271,-0.2163,1.3673,0.0029,-0.0033,-0.0077
1774945868.3713,0.0000,0.0000,0.0000,0.0000,0.0000,-3.1277,-0.2154,0.1256,0.0040,-0.0043,-0.0098
1774945868.3913,0.0000,0.0000,0.0000,0.0000,0.0000,-3.1278,-0.2150,0.4634,0.0029,-0.0043,-0.0119
1774945868.4113,0.0000,0.0000,0.0000,0.0000,0.0000,-3.1276,-0.2147,-1.2708,0.0040,-0.0033,-0.0130
1774945868.4313,0.0000,0.0000,0.0000,0.0000,0.0000,-3.1292,-0.2145,-1.1595,-0.0003,-0.0033,-0.0109
1774945868.4514,0.0000,0.0000,0.0000,0.0000,0.0000,-3.1296,-0.2144,1.0321,0.0061,-0.0054,-0.0109
1774945868.4714,0.0000,0.0000,0.0000,0.0000,0.0000,-3.1309,-0.2145,-0.4944,0.0040,-0.0033,-0.0109
1774945868.4913,0.0000,0.0000,0.0000,0.0000,0.0000,-3.1306,-0.2147,0.9911,0.0061,-0.0033,-0.0109
1774945868.5113,0.0000,0.0000,0.0000,0.0000,0.0000,-3.1298,-0.2149,0.0423,0.0061,-0.0043,-0.0109
1774945868.5315,0.0000,0.0000,0.0000,0.0000,0.0000,-3.1290,-0.2152,0.2928,0.0008,-0.0022,-0.0098
1774945868.5513,0.0000,0.0000,0.0000,0.0000,0.0000,-3.1273,-0.2152,-0.2514,0.0050,-0.0043,-0.0119
1774945868.5717,0.0000,0.0000,0.0000,0.0000,0.0000,-3.1279,-0.2152,-1.4617,0.0008,-0.0043,-0.0109
1774945868.5913,0.0000,0.0000,0.0000,0.0000,0.0000,-3.1276,-0.2149,0.6060,0.0019,-0.0033,-0.0119
1774945868.6114,0.0000,0.0000,0.0000,0.0000,0.0000,-3.1285,-0.2148,0.8455,0.0040,-0.0043,-0.0119
1774945868.6312,0.0000,0.0000,0.0000,0.0000,0.0000,-3.1295,-0.2149,0.4281,0.0040,-0.0043,-0.0098
1774945868.6512,0.0000,0.0000,0.0000,0.0000,0.0000,-3.1297,-0.2147,-0.8808,0.0050,-0.0022,-0.0109
1774945868.6712,0.0000,0.0000,0.0000,0.0000,0.0000,-3.1304,-0.2147,-0.4051,0.0029,-0.0033,-0.0119
1774945868.6912,0.0000,0.0000,0.0000,0.0000,0.0000,-3.1295,-0.2154,1.6208,0.0050,-0.0043,-0.0109
1774945868.7113,0.0000,0.0000,0.0000,0.0000,0.0000,-3.1287,-0.2149,-0.2643,0.0008,-0.0033,-0.0098
1774945868.7312,0.0000,0.0000,0.0000,0.0000,0.0000,-3.1280,-0.2144,0.3050,0.0040,-0.0033,-0.0109
1774945868.7512,0.0000,0.0000,0.0000,0.0000,0.0000,-3.1281,-0.2148,-0.1338,0.0040,-0.0033,-0.0119
1774945868.7713,0.0000,0.0000,0.0000,0.0000,0.0000,-3.1288,-0.2150,0.2486,0.0019,-0.0033,-0.0098
1774945868.7912,0.0000,0.0000,0.0000,0.0000,0.0000,-3.1287,-0.2150,0.3368,0.0061,-0.0033,-0.0109
1774945868.8112,0.0000,0.0000,0.0000,0.0000,0.0000,-3.1299,-0.2154,-1.8684,0.0040,-0.0033,-0.0109
1774945868.8312,0.0000,0.0000,0.0000,0.0000,0.0000,-3.1296,-0.2151,0.9693,0.0029,-0.0022,-0.0119
1774945868.8512,0.0000,0.0000,0.0000,0.0000,0.0000,-3.1295,-0.2150,-0.0418,0.0050,-0.0043,-0.0130
1774945868.8712,0.0000,0.0000,0.0000,0.0000,0.0000,-3.1299,-0.2151,0.3755,0.0040,-0.0043,-0.0098
1774945868.8915,0.0000,0.0000,0.0000,0.0000,0.0000,-3.1296,-0.2150,1.2038,0.0061,-0.0022,-0.0109
1774945868.9113,0.0000,0.0000,0.0000,0.0000,0.0000,-3.1289,-0.2149,-0.4535,0.0019,-0.0043,-0.0109
1774945868.9318,0.0000,0.0000,0.0000,0.0000,0.0000,-3.1281,-0.2149,1.0008,0.0040,-0.0033,-0.0098
1774945868.9514,0.0000,0.0000,0.0000,0.0000,0.0000,-3.1286,-0.2149,-0.7820,0.0050,-0.0033,-0.0130
1774945868.9714,0.0000,0.0000,0.0000,0.0000,0.0000,-3.1280,-0.2147,0.6311,0.0040,-0.0033,-0.0109
1774945868.9913,0.0000,0.0000,0.0000,0.0000,0.0000,-3.1284,-0.2147,0.0418,0.0019,-0.0033,-0.0119
1774945869.0112,0.0000,0.0000,0.0000,0.0000,0.0000,-3.1294,-0.2148,0.3699,0.0008,-0.0022,-0.0109
1774945869.0313,0.0000,0.0000,0.0000,0.0000,0.0000,-3.1290,-0.2147,-0.0835,0.0040,-0.0033,-0.0109
1774945869.0512,0.0000,0.0000,0.0000,0.0000,0.0000,-3.1303,-0.2149,-1.2577,0.0019,-0.0033,-0.0119
1774945869.0712,0.0000,0.0000,0.0000,0.0000,0.0000,-3.1294,-0.2148,0.9115,0.0029,-0.0033,-0.0109
1774945869.0913,0.0000,0.0000,0.0000,0.0000,0.0000,-3.1288,-0.2149,-0.0414,0.0050,-0.0043,-0.0119
1774945869.1113,0.0000,0.0000,0.0000,0.0000,0.0000,-3.1291,-0.2151,0.6308,0.0029,-0.0022,-0.0109
1774945869.1312,0.0000,0.0000,0.0000,0.0000,0.0000,-3.1285,-0.2152,-0.6767,0.0050,-0.0033,-0.0109
1774945869.1513,0.0000,0.0000,0.0000,0.0000,0.0000,-3.1290,-0.2150,-0.3797,0.0008,-0.0033,-0.0109
1774945869.1713,0.0000,0.0000,0.0000,0.0000,0.0000,-3.1289,-0.2144,0.9648,0.0029,-0.0054,-0.0119
1774945869.1913,0.0000,0.0000,0.0000,0.0000,0.0000,-3.1295,-0.2145,-0.2470,0.0019,-0.0043,-0.0141
1774945869.2112,0.0000,0.0000,0.0000,0.0000,0.0000,-3.1283,-0.2146,1.3133,0.0019,-0.0033,-0.0119
1774945869.2313,0.0000,0.0000,0.0000,0.0000,0.0000,-3.1285,-0.2147,-0.3393,0.0050,-0.0022,-0.0098
1774945869.2513,0.0000,0.0000,0.0000,0.0000,0.0000,-3.1298,-0.2147,-0.8870,-0.0003,-0.0043,-0.0098
1774945869.2713,0.0000,0.0000,0.0000,0.0000,0.0000,-3.1293,-0.2147,0.3090,0.0050,-0.0033,-0.0098
1774945869.2913,0.0000,0.0000,0.0000,0.0000,0.0000,-3.1305,-0.2149,-0.8168,0.0040,-0.0033,-0.0130
1774945869.3113,0.0000,0.0000,0.0000,0.0000,0.0000,-3.1310,-0.2148,1.6639,0.0019,-0.0043,-0.0119
1774945869.3315,0.0000,0.0000,0.0000,0.0000,0.0000,-3.1307,-0.2147,0.0000,0.0019,-0.0043,-0.0119
1774945869.3513,0.0000,0.0000,0.0000,0.0000,0.0000,-3.1298,-0.2149,0.3411,0.0019,-0.0043,-0.0098
1774945869.3713,0.0000,0.0000,0.0000,0.0000,0.0000,-3.1285,-0.2149,0.1285,0.0050,-0.0043,-0.0109
1774945869.3912,0.0000,0.0000,0.0000,0.0000,0.0000,-3.1280,-0.2147,-1.8528,0.0040,-0.0033,-0.0109
1774945869.4113,0.0000,0.0000,0.0000,0.0000,0.0000,-3.1270,-0.2151,0.6769,0.0040,-0.0043,-0.0109
1774945869.4313,0.0000,0.0000,0.0000,0.0000,0.0000,-3.1283,-0.2151,-1.3174,0.0050,-0.0033,-0.0119
1774945869.4512,0.0000,0.0000,0.0000,0.0000,0.0000,-3.1291,-0.2151,1.0008,0.0008,-0.0033,-0.0098
1774945869.4712,0.0000,0.0000,0.0000,0.0000,0.0000,-3.1288,-0.2149,-0.8748,0.0040,-0.0033,-0.0109
1774945869.4912,0.0000,0.0000,0.0000,0.0000,0.0000,-3.1301,-0.2146,-1.9301,0.0008,-0.0033,-0.0119
1774945869.5112,0.0000,0.0000,0.0000,0.0000,0.0000,-3.1295,-0.2147,1.0864,0.0040,-0.0033,-0.0109
1774945869.5313,0.0000,0.0000,0.0000,0.0000,0.0000,-3.1299,-0.2147,-1.3417,0.0040,-0.0022,-0.0109
1774945869.5512,0.0000,0.0000,0.0000,0.0000,0.0000,-3.1299,-0.2152,1.8843,0.0029,-0.0033,-0.0109
1774945869.5713,0.0000,0.0000,0.0000,0.0000,0.0000,-3.1297,-0.2154,-0.4173,0.0040,-0.0033,-0.0098
1774945869.5912,0.0000,0.0000,0.0000,0.0000,0.0000,-3.1299,-0.2155,0.0000,0.0019,-0.0033,-0.0109
1774945869.6113,0.0000,0.0000,0.0000,0.0000,0.0000,-3.1292,-0.2155,0.4070,0.0040,-0.0033,-0.0098
1774945869.6313,0.0000,0.0000,0.0000,0.0000,0.0000,-3.1290,-0.2154,-1.4182,0.0019,-0.0033,-0.0087
1774945869.6512,0.0000,0.0000,0.0000,0.0000,0.0000,-3.1289,-0.2152,0.8572,0.0029,-0.0033,-0.0087
1774945869.6717,0.0000,0.0000,0.0000,0.0000,0.0000,-3.1295,-0.2151,-0.2126,0.0029,-0.0022,-0.0109
1774945869.6912,0.0000,0.0000,0.0000,0.0000,0.0000,-3.1299,-0.2153,0.6196,0.0019,-0.0022,-0.0119
1774945869.7112,0.0000,0.0000,0.0000,0.0000,0.0000,-3.1295,-0.2152,-0.6742,0.0061,-0.0054,-0.0119
1774945869.7312,0.0000,0.0000,0.0000,0.0000,0.0000,-3.1305,-0.2152,-1.5730,0.0019,-0.0022,-0.0109
1774945869.7512,0.0000,0.0000,0.0000,0.0000,0.0000,-3.1295,-0.2147,1.1555,0.0019,-0.0043,-0.0098
1774945869.7713,0.0000,0.0000,0.0000,0.0000,0.0000,-3.1304,-0.2142,0.0834,0.0008,-0.0054,-0.0119
1774945869.7912,0.0000,0.0000,0.0000,0.0000,0.0000,-3.1290,-0.2144,1.2602,0.0019,-0.0054,-0.0130
1774945869.8112,0.0000,0.0000,0.0000,0.0000,0.0000,-3.1282,-0.2153,0.5938,0.0040,-0.0012,-0.0119
1774945869.8314,0.0000,0.0000,0.0000,0.0000,0.0000,-3.1297,-0.2148,0.4218,0.0008,-0.0022,-0.0119
1774945869.8512,0.0000,0.0000,0.0000,0.0000,0.0000,-3.1302,-0.2146,-0.0848,0.0040,-0.0054,-0.0109
1774945869.8713,0.0000,0.0000,0.0000,0.0000,0.0000,-3.1313,-0.2152,-0.7541,0.0029,-0.0043,-0.0119
1774945869.8912,0.0000,0.0000,0.0000,0.0000,0.0000,-3.1311,-0.2153,0.1711,0.0029,-0.0033,-0.0098
1774945869.9112,0.0000,0.0000,0.0000,0.0000,0.0000,-3.1308,-0.2151,-0.4010,0.0019,-0.0033,-0.0109
1774945869.9312,0.0000,0.0000,0.0000,0.0000,0.0000,-3.1302,-0.2156,1.0685,0.0008,-0.0022,-0.0119
1774945869.9515,0.0000,0.0000,0.0000,0.0000,0.0000,-3.1293,-0.2158,-0.6308,0.0061,-0.0022,-0.0130
1774945869.9717,0.0000,0.0000,0.0000,0.0000,0.0000,-3.1302,-0.2158,-0.8629,0.0029,-0.0033,-0.0119
1774945869.9912,0.0000,0.0000,0.0000,0.0000,0.0000,-3.1293,-0.2153,1.8356,0.0050,-0.0043,-0.0109
1774945870.0113,0.0000,0.0000,0.0000,0.0000,0.0000,-3.1292,-0.2152,0.1292,0.0050,-0.0043,-0.0109
1774945870.0315,0.0000,0.0000,0.0000,0.0000,0.0000,-3.1293,-0.2148,0.3413,0.0040,-0.0033,-0.0119
1774945870.0512,0.0000,0.0000,0.0000,0.0000,0.0000,-3.1289,-0.2146,-0.6832,0.0040,-0.0043,-0.0098
1774945870.0713,0.0000,0.0000,0.0000,0.0000,0.0000,-3.1299,-0.2149,-0.1269,0.0019,-0.0033,-0.0109
1774945870.0912,0.0000,0.0000,0.0000,0.0000,0.0000,-3.1296,-0.2150,0.6806,0.0040,-0.0033,-0.0098
1774945870.1112,0.0000,0.0000,0.0000,0.0000,0.0000,-3.1306,-0.2151,-0.6737,0.0040,-0.0054,-0.0119
1774945870.1312,0.0000,0.0000,0.0000,0.0000,0.0000,-3.1302,-0.2153,0.1713,0.0050,-0.0043,-0.0109
1774945870.1522,0.0000,0.0000,0.0000,0.0000,0.0000,-3.1305,-0.2154,-1.0187,0.0029,-0.0033,-0.0119
1774945870.1714,0.0000,0.0000,0.0000,0.0000,0.0000,-3.1300,-0.2153,0.5414,0.0019,-0.0033,-0.0098
1774945870.1914,0.0000,0.0000,0.0000,0.0000,0.0000,-3.1291,-0.2151,-0.9947,0.0050,-0.0033,-0.0109
1774945870.2112,0.0000,0.0000,0.0000,0.0000,0.0000,-3.1295,-0.2153,-0.6848,0.0029,-0.0033,-0.0119
1774945870.2314,0.0000,0.0000,0.0000,0.0000,0.0000,-3.1292,-0.2153,1.0761,0.0040,-0.0033,-0.0109
1774945870.2512,0.0000,0.0000,0.0000,0.0000,0.0000,-3.1306,-0.2139,0.0428,-0.0013,-0.0065,-0.0119
1774945870.2713,0.0000,0.0000,0.0000,0.0000,0.0000,-3.1298,-0.2133,-1.1854,-0.0035,-0.0107,-0.0130
1774945870.2915,0.0000,0.0000,0.0000,0.0000,0.0000,-3.1279,-0.2141,6.4171,-0.0013,-0.0012,-0.0151
1774945870.3112,0.0000,0.0000,0.0000,0.0000,0.0000,-3.1263,-0.2150,4.6071,0.0008,0.0010,-0.0141
1774945870.3317,0.0000,0.0000,0.0000,0.0000,0.0000,-3.1278,-0.2145,1.8719,0.0040,-0.0075,-0.0098
1774945870.3514,0.0000,0.0000,0.0000,0.0000,0.0000,-3.1297,-0.2142,-5.8676,0.0050,-0.0065,-0.0077
1774945870.3713,0.0000,0.0000,0.0000,0.0000,0.0000,-3.1300,-0.2147,-3.4307,0.0082,-0.0033,-0.0087
1774945870.3913,0.0000,0.0000,0.0000,0.0000,0.0000,-3.1308,-0.2153,-0.8889,0.0040,-0.0022,-0.0098
1774945870.4113,0.0000,0.0000,0.0000,0.0000,0.0000,-3.1310,-0.2146,-2.4709,-0.0003,-0.0097,-0.0119
1774945870.4316,0.0000,0.0000,0.0000,0.0000,0.0000,-3.1300,-0.2148,-1.2298,0.0008,-0.0107,-0.0119
1774945870.4515,0.0000,0.0000,0.0000,0.0000,0.0000,-3.1272,-0.2158,1.7792,0.0019,-0.0033,-0.0141
1774945870.4719,0.0000,0.0000,0.0000,0.0000,0.0000,-3.1267,-0.2156,1.5773,0.0040,-0.0043,-0.0098
1774945870.4912,0.0000,0.0000,0.0000,0.0000,0.0000,-3.1277,-0.2150,0.5162,0.0040,-0.0054,-0.0087
1774945870.5113,0.0000,0.0000,0.0000,0.0000,0.0000,-3.1282,-0.2144,0.9197,0.0029,-0.0075,-0.0098
1774945870.5316,0.0000,0.0000,0.0000,0.0000,0.0000,-3.1288,-0.2142,-0.7382,-0.0024,-0.0086,-0.0119
1774945870.5512,0.0000,0.0000,0.0000,0.0000,0.0000,-3.1291,-0.2150,0.3444,-0.0056,-0.0033,-0.0119
1774945870.5719,0.0000,0.0000,0.0000,0.0000,0.0000,-3.1279,-0.2154,0.9850,-0.0003,-0.0001,-0.0130
1774945870.5912,0.0000,0.0000,0.0000,0.0000,0.0000,-3.1293,-0.2146,-2.8367,-0.0013,-0.0022,-0.0119
1774945870.6112,0.0000,0.0000,0.0000,0.0000,0.0000,-3.1303,-0.2143,-0.7117,0.0040,-0.0043,-0.0130
1774945870.6312,0.0000,0.0000,0.0000,0.0000,0.0000,-3.1315,-0.2150,1.1639,0.0061,-0.0012,-0.0109
1774945870.6513,0.0000,0.0000,0.0000,0.0000,0.0000,-3.1321,-0.2151,-0.0427,0.0029,-0.0012,-0.0098
1774945870.6713,0.0000,0.0000,0.0000,0.0000,0.0000,-3.1307,-0.2147,-0.2075,0.0061,-0.0033,-0.0109
1774945870.6912,0.0000,0.0000,0.0000,0.0000,0.0000,-3.1303,-0.2150,-0.6240,0.0008,-0.0033,-0.0109
1774945870.7112,0.0000,0.0000,0.0000,0.0000,0.0000,-3.1290,-0.2152,0.2606,0.0008,-0.0033,-0.0119
1774945870.7312,0.0000,0.0000,0.0000,0.0000,0.0000,-3.1284,-0.2147,1.1751,0.0029,-0.0043,-0.0119
1774945870.7513,0.0000,0.0000,0.0000,0.0000,0.0000,-3.1291,-0.2148,0.7638,0.0029,-0.0054,-0.0098
1774945870.7714,0.0000,0.0000,0.0000,0.0000,0.0000,-3.1299,-0.2149,-1.1692,0.0050,-0.0022,-0.0098
1774945870.7916,0.0000,0.0000,0.0000,0.0000,0.0000,-3.1313,-0.2143,0.5638,0.0040,-0.0043,-0.0119
1774945870.8112,0.0000,0.0000,0.0000,0.0000,0.0000,-3.1315,-0.2143,0.0000,0.0050,-0.0043,-0.0119
1774945870.8314,0.0000,0.0000,0.0000,0.0000,0.0000,-3.1314,-0.2145,0.3476,0.0019,-0.0033,-0.0109
1774945870.8515,0.0000,0.0000,0.0000,0.0000,0.0000,-3.1314,-0.2144,1.2977,0.0019,-0.0043,-0.0119
1774945870.8715,0.0000,0.0000,0.0000,0.0000,0.0000,-3.1307,-0.2146,0.0822,0.0040,-0.0043,-0.0130
1774945870.8913,0.0000,0.0000,0.0000,0.0000,0.0000,-3.1303,-0.2149,0.4423,0.0040,-0.0043,-0.0119
1774945870.9114,0.0000,0.0000,0.0000,0.0000,0.0000,-3.1293,-0.2148,-0.2510,0.0050,-0.0022,-0.0098
1774945870.9314,0.0000,0.0000,0.0000,0.0000,0.0000,-3.1297,-0.2146,-1.3251,0.0029,-0.0043,-0.0087
1774945870.9513,0.0000,0.0000,0.0000,0.0000,0.0000,-3.1295,-0.2147,0.4698,0.0050,-0.0043,-0.0098
1774945870.9719,0.0000,0.0000,0.0000,0.0000,0.0000,-3.1305,-0.2144,0.2652,0.0040,-0.0033,-0.0109
1774945870.9914,0.0000,0.0000,0.0000,0.0000,0.0000,-3.1298,-0.2144,2.8007,0.0029,-0.0043,-0.0098
1774945871.0112,0.0000,0.0000,0.0000,0.0000,0.0000,-3.1309,-0.2145,-1.3089,0.0040,-0.0033,-0.0119
1774945871.0321,0.0000,0.0000,0.0000,0.0000,0.0000,-3.1315,-0.2147,0.4133,0.0008,-0.0033,-0.0109
1774945871.0514,0.0000,0.0000,0.0000,0.0000,0.0000,-3.1308,-0.2147,-0.5032,0.0072,-0.0033,-0.0109
1774945871.0716,0.0000,0.0000,0.0000,0.0000,0.0000,-3.1313,-0.2149,-1.0791,0.0019,-0.0033,-0.0098
1774945871.0913,0.0000,0.0000,0.0000,0.0000,0.0000,-3.1306,-0.2146,1.6310,0.0050,-0.0033,-0.0119
1774945871.1115,0.0000,0.0000,0.0000,0.0000,0.0000,-3.1303,-0.2147,-0.3856,0.0029,-0.0043,-0.0130
1774945871.1312,0.0000,0.0000,0.0000,0.0000,0.0000,-3.1301,-0.2149,0.9115,0.0040,-0.0033,-0.0109
1774945871.1516,0.0000,0.0000,0.0000,0.0000,0.0000,-3.1296,-0.2147,0.6608,0.0040,-0.0022,-0.0130
1774945871.1715,0.0000,0.0000,0.0000,0.0000,0.0000,-3.1306,-0.2149,-1.9025,-0.0003,-0.0043,-0.0109
1774945871.1913,0.0000,0.0000,0.0000,0.0000,0.0000,-3.1302,-0.2146,1.0027,0.0061,-0.0033,-0.0109
1774945871.2122,0.0000,0.0000,0.0000,0.0000,0.0000,-3.1312,-0.2145,0.2946,0.0040,-0.0033,-0.0098
1774945871.2314,0.0000,0.0000,0.0000,0.0000,0.0000,-3.1311,-0.2145,2.3221,0.0029,-0.0033,-0.0119
1774945871.2512,0.0000,0.0000,0.0000,0.0000,0.0000,-3.1311,-0.2146,0.6866,0.0050,-0.0022,-0.0109
1774945871.2722,0.0000,0.0000,0.0000,0.0000,0.0000,-3.1315,-0.2146,0.5009,0.0019,-0.0033,-0.0109
1774945871.2914,0.0000,0.0000,0.0000,0.0000,0.0000,-3.1303,-0.2149,-0.6017,0.0050,-0.0043,-0.0119
1774945871.3121,0.0000,0.0000,0.0000,0.0000,0.0000,-3.1307,-0.2148,-0.1662,0.0029,-0.0022,-0.0109
1774945871.3321,0.0000,0.0000,0.0000,0.0000,0.0000,-3.1300,-0.2148,0.2522,0.0050,-0.0054,-0.0119
1774945871.3512,0.0000,0.0000,0.0000,0.0000,0.0000,-3.1301,-0.2149,0.1270,0.0061,-0.0033,-0.0119
1774945871.3712,0.0000,0.0000,0.0000,0.0000,0.0000,-3.1308,-0.2147,1.2924,0.0029,-0.0033,-0.0109
1774945871.3957,0.0000,0.0000,0.0000,0.0000,0.0000,-3.1306,-0.2146,0.8893,0.0040,-0.0033,-0.0130
1774945871.4112,0.0000,0.0000,0.0000,0.0000,0.0000,-3.1315,-0.2147,-0.7319,0.0019,-0.0033,-0.0098
1774945871.4315,0.0000,0.0000,0.0000,0.0000,0.0000,-3.1309,-0.2144,1.7026,0.0040,-0.0033,-0.0098
1774945871.4521,0.0000,0.0000,0.0000,0.0000,0.0000,-3.1312,-0.2147,-0.4276,0.0029,-0.0043,-0.0109
1774945871.4726,0.0000,0.0000,0.0000,0.0000,0.0000,-3.1308,-0.2147,0.5138,0.0050,-0.0043,-0.0098
1774945871.4914,0.0000,0.0000,0.0000,0.0000,0.0000,-3.1306,-0.2145,0.1336,0.0050,-0.0022,-0.0119
1774945871.5112,0.0000,0.0000,0.0000,0.0000,0.0000,-3.1307,-0.2148,-0.1666,0.0040,-0.0033,-0.0109
1774945871.5312,0.0000,0.0000,0.0000,0.0000,0.0000,-3.1301,-0.2147,0.4977,0.0061,-0.0033,-0.0119
1774945871.5512,0.0000,0.0000,0.0000,0.0000,0.0000,-3.1306,-0.2147,-0.8062,0.0029,-0.0033,-0.0119
1774945871.5713,0.0000,0.0000,0.0000,0.0000,0.0000,-3.1304,-0.2146,0.2935,0.0040,-0.0043,-0.0109
1774945871.5913,0.0000,0.0000,0.0000,0.0000,0.0000,-3.1306,-0.2146,-0.1291,0.0019,-0.0022,-0.0098
1774945871.6112,0.0000,0.0000,0.0000,0.0000,0.0000,-3.1306,-0.2147,0.7112,0.0040,-0.0033,-0.0130
1774945871.6314,0.0000,0.0000,0.0000,0.0000,0.0000,-3.1305,-0.2148,-0.3713,0.0029,-0.0033,-0.0098
1774945871.6511,0.0000,0.0000,0.0000,0.0000,0.0000,-3.1313,-0.2148,-0.9640,0.0040,-0.0022,-0.0119
1774945871.6713,0.0000,0.0000,0.0000,0.0000,0.0000,-3.1305,-0.2147,1.3782,0.0072,-0.0043,-0.0109
1774945871.6914,0.0000,0.0000,0.0000,0.0000,0.0000,-3.1313,-0.2148,-1.3046,0.0008,-0.0054,-0.0109
1774945871.7113,0.0000,0.0000,0.0000,0.0000,0.0000,-3.1307,-0.2148,0.5170,0.0029,-0.0043,-0.0098
1774945871.7313,0.0000,0.0000,0.0000,0.0000,0.0000,-3.1305,-0.2147,-0.0845,0.0050,-0.0043,-0.0109
1774945871.7512,0.0000,0.0000,0.0000,0.0000,0.0000,-3.1309,-0.2149,-1.3754,0.0029,-0.0033,-0.0098
1774945871.7720,0.0000,0.0000,0.0000,0.0000,0.0000,-3.1305,-0.2146,1.5419,0.0040,-0.0033,-0.0098
1774945871.7917,0.0000,0.0000,0.0000,0.0000,0.0000,-3.1308,-0.2145,-1.0102,0.0061,-0.0043,-0.0141
1774945871.8112,0.0000,0.0000,0.0000,0.0000,0.0000,-3.1303,-0.2146,0.8556,0.0029,-0.0043,-0.0109
1774945871.8311,0.0000,0.0000,0.0000,0.0000,0.0000,-3.1306,-0.2146,0.1299,0.0050,-0.0033,-0.0109
1774945871.8514,0.0000,0.0000,0.0000,0.0000,0.0000,-3.1312,-0.2146,0.0000,0.0008,-0.0022,-0.0098
1774945871.8730,0.0000,0.0000,0.0000,0.0000,0.0000,-3.1306,-0.2143,0.0000,0.0050,-0.0033,-0.0119
1774945871.8912,0.0000,0.0000,0.0000,0.0000,0.0000,-3.1312,-0.2147,-1.4293,0.0019,-0.0033,-0.0109
1774945871.9113,0.0000,0.0000,0.0000,0.0000,0.0000,-3.1308,-0.2146,1.1433,0.0040,-0.0033,-0.0119
1774945871.9317,0.0000,0.0000,0.0000,0.0000,0.0000,-3.1307,-0.2144,-0.3849,0.0040,-0.0033,-0.0130
1774945871.9515,0.0000,0.0000,0.0000,0.0000,0.0000,-3.1309,-0.2145,0.5137,0.0029,-0.0022,-0.0109
1774945871.9718,0.0000,0.0000,0.0000,0.0000,0.0000,-3.1303,-0.2144,-0.3453,0.0072,-0.0022,-0.0109
1774945871.9916,0.0000,0.0000,0.0000,0.0000,0.0000,-3.1311,-0.2145,-0.8968,0.0008,-0.0033,-0.0098
1774945872.0113,0.0000,0.0000,0.0000,0.0000,0.0000,-3.1306,-0.2146,1.0813,0.0029,-0.0043,-0.0109
1774945872.0320,0.0000,0.0000,0.0000,0.0000,0.0000,-3.1307,-0.2149,0.0000,0.0019,-0.0033,-0.0109
1774945872.0514,0.0000,0.0000,0.0000,0.0000,0.0000,-3.1308,-0.2147,1.2069,0.0040,-0.0022,-0.0109
1774945872.0712,0.0000,0.0000,0.0000,0.0000,0.0000,-3.1305,-0.2151,-0.3306,0.0040,-0.0022,-0.0109
1774945872.0913,0.0000,0.0000,0.0000,0.0000,0.0000,-3.1307,-0.2152,-0.0442,0.0019,-0.0033,-0.0109
1774945872.1112,0.0000,0.0000,0.0000,0.0000,0.0000,-3.1304,-0.2150,0.6024,0.0050,-0.0043,-0.0119
1774945872.1314,0.0000,0.0000,0.0000,0.0000,0.0000,-3.1308,-0.2149,-0.1760,0.0029,-0.0043,-0.0109
1774945872.1513,0.0000,0.0000,0.0000,0.0000,0.0000,-3.1305,-0.2147,0.8518,0.0029,-0.0054,-0.0119
1774945872.1725,0.0000,0.0000,0.0000,0.0000,0.0000,-3.1305,-0.2145,-0.9888,0.0029,-0.0043,-0.0098
1774945872.1912,0.0000,0.0000,0.0000,0.0000,0.0000,-3.1298,-0.2145,1.0494,0.0019,-0.0054,-0.0119
1774945872.2116,0.0000,0.0000,0.0000,0.0000,0.0000,-3.1290,-0.2145,0.1670,0.0040,-0.0043,-0.0109
1774945872.2315,0.0000,0.0000,0.0000,0.0000,0.0000,-3.1304,-0.2145,-1.7124,0.0029,-0.0043,-0.0109
1774945872.2520,0.0000,0.0000,0.0000,0.0000,0.0000,-3.1313,-0.2144,0.9091,0.0040,-0.0033,-0.0109
1774945872.2722,0.0000,0.0000,0.0000,0.0000,0.0000,-3.1322,-0.2146,0.7761,0.0050,-0.0043,-0.0109
1774945872.2913,0.0000,0.0000,0.0000,0.0000,0.0000,-3.1327,-0.2147,0.0847,0.0029,-0.0033,-0.0098
1774945872.3112,0.0000,0.0000,0.0000,0.0000,0.0000,-3.1325,-0.2148,-0.7421,0.0029,-0.0033,-0.0109
1774945872.3317,0.0000,0.0000,0.0000,0.0000,0.0000,-3.1320,-0.2150,-0.2118,0.0040,-0.0033,-0.0119
1774945872.3520,0.0000,0.0000,0.0000,0.0000,0.0000,-3.1307,-0.2149,0.6275,0.0040,-0.0033,-0.0109
1774945872.3714,0.0000,0.0000,0.0000,0.0000,0.0000,-3.1305,-0.2147,-0.4629,0.0019,-0.0033,-0.0119
1774945872.3913,0.0000,0.0000,0.0000,0.0000,0.0000,-3.1299,-0.2147,0.3357,0.0029,-0.0033,-0.0098
1774945872.4113,0.0000,0.0000,0.0000,0.0000,0.0000,-3.1298,-0.2146,0.1246,0.0050,-0.0022,-0.0098
1774945872.4313,0.0000,0.0000,0.0000,0.0000,0.0000,-3.1306,-0.2145,0.8854,0.0029,-0.0033,-0.0098
1774945872.4512,0.0000,0.0000,0.0000,0.0000,0.0000,-3.1307,-0.2145,0.2576,0.0040,-0.0043,-0.0119
1774945872.4715,0.0000,0.0000,0.0000,0.0000,0.0000,-3.1319,-0.2146,-1.2682,0.0040,-0.0033,-0.0130
1774945872.4915,0.0000,0.0000,0.0000,0.0000,0.0000,-3.1317,-0.2144,0.7452,0.0040,-0.0054,-0.0109
1774945872.5114,0.0000,0.0000,0.0000,0.0000,0.0000,-3.1321,-0.2146,-0.0857,0.0029,-0.0033,-0.0119
1774945872.5322,0.0000,0.0000,0.0000,0.0000,0.0000,-3.1314,-0.2147,0.3767,0.0050,-0.0033,-0.0109
1774945872.5512,0.0000,0.0000,0.0000,0.0000,0.0000,-3.1304,-0.2145,-0.9895,0.0061,-0.0033,-0.0119
1774945872.5728,0.0000,0.0000,0.0000,0.0000,0.0000,-3.1306,-0.2145,-0.9256,0.0029,-0.0033,-0.0119
1774945872.5916,0.0000,0.0000,0.0000,0.0000,0.0000,-3.1296,-0.2145,1.3149,0.0061,-0.0043,-0.0119
1774945872.6114,0.0000,0.0000,0.0000,0.0000,0.0000,-3.1304,-0.2144,-0.3068,0.0019,-0.0043,-0.0109
1774945872.6314,0.0000,0.0000,0.0000,0.0000,0.0000,-3.1306,-0.2145,0.5437,0.0029,-0.0043,-0.0109
1774945872.6520,0.0000,0.0000,0.0000,0.0000,0.0000,-3.1308,-0.2143,0.1264,0.0040,-0.0033,-0.0119
1774945872.6721,0.0000,0.0000,0.0000,0.0000,0.0000,-3.1317,-0.2146,0.2089,0.0008,-0.0033,-0.0109
1774945872.6913,0.0000,0.0000,0.0000,0.0000,0.0000,-3.1311,-0.2147,-0.1738,0.0050,-0.0043,-0.0098
1774945872.7118,0.0000,0.0000,0.0000,0.0000,0.0000,-3.1319,-0.2146,-1.1907,0.0019,-0.0033,-0.0119
1774945872.7344,0.0000,0.0000,0.0000,0.0000,0.0000,-3.1316,-0.2146,0.1116,0.0040,-0.0033,-0.0109
1774945872.7512,0.0000,0.0000,0.0000,0.0000,0.0000,-3.1309,-0.2146,0.3883,0.0061,-0.0043,-0.0109
1774945872.7715,0.0000,0.0000,0.0000,0.0000,0.0000,-3.1309,-0.2146,0.4302,0.0029,-0.0033,-0.0098
1774945872.7912,0.0000,0.0000,0.0000,0.0000,0.0000,-3.1303,-0.2147,-1.2789,0.0050,-0.0022,-0.0119
1774945872.8113,0.0000,0.0000,0.0000,0.0000,0.0000,-3.1308,-0.2146,-0.1684,0.0019,-0.0033,-0.0119
1774945872.8318,0.0000,0.0000,0.0000,0.0000,0.0000,-3.1304,-0.2145,0.7300,0.0050,-0.0043,-0.0130
1774945872.8512,0.0000,0.0000,0.0000,0.0000,0.0000,-3.1313,-0.2146,-0.8513,0.0019,-0.0033,-0.0109
1774945872.8723,0.0000,0.0000,0.0000,0.0000,0.0000,-3.1312,-0.2145,0.5937,0.0019,-0.0022,-0.0087
1774945872.8926,0.0000,0.0000,0.0000,0.0000,0.0000,-3.1314,-0.2145,0.2092,0.0029,-0.0054,-0.0119
1774945872.9114,0.0000,0.0000,0.0000,0.0000,0.0000,-3.1315,-0.2145,0.3332,0.0029,-0.0033,-0.0109
1774945872.9316,0.0000,0.0000,0.0000,0.0000,0.0000,-3.1311,-0.2147,-0.3946,0.0061,-0.0033,-0.0109
1774945872.9515,0.0000,0.0000,0.0000,0.0000,0.0000,-3.1314,-0.2148,0.5309,0.0019,-0.0033,-0.0109
1774945872.9734,0.0000,0.0000,0.0000,0.0000,0.0000,-3.1305,-0.2147,0.7715,0.0029,-0.0033,-0.0098
1774945872.9930,0.0000,0.0000,0.0000,0.0000,0.0000,-3.1306,-0.2146,0.0000,0.0029,-0.0033,-0.0109
1774945873.0120,0.0000,0.0000,0.0000,0.0000,0.0000,-3.1305,-0.2146,0.5129,0.0040,-0.0033,-0.0119
1774945873.0315,0.0000,0.0000,0.0000,0.0000,0.0000,-3.1306,-0.2147,0.3844,0.0040,-0.0043,-0.0109
1774945873.0514,0.0000,0.0000,0.0000,0.0000,0.0000,-3.1311,-0.2146,-0.0834,0.0019,-0.0033,-0.0130
1774945873.0757,0.0000,0.0000,0.0000,0.0000,0.0000,-3.1306,-0.2145,1.3918,0.0061,-0.0043,-0.0109
1774945873.0914,0.0000,0.0000,0.0000,0.0000,0.0000,-3.1317,-0.2147,-0.5995,0.0029,-0.0043,-0.0109
1774945873.1115,0.0000,0.0000,0.0000,0.0000,0.0000,-3.1310,-0.2146,0.8118,0.0040,-0.0033,-0.0098
1774945873.1316,0.0000,0.0000,0.0000,0.0000,0.0000,-3.1318,-0.2145,-0.5209,0.0040,-0.0043,-0.0109
1774945873.1522,0.0000,0.0000,0.0000,0.0000,0.0000,-3.1318,-0.2146,0.2624,0.0019,-0.0033,-0.0109
1774945873.1724,0.0000,0.0000,0.0000,0.0000,0.0000,-3.1311,-0.2146,0.2338,0.0061,-0.0033,-0.0109
1774945873.1917,0.0000,0.0000,0.0000,0.0000,0.0000,-3.1315,-0.2146,-1.4886,0.0019,-0.0022,-0.0119
1774945873.2116,0.0000,0.0000,0.0000,0.0000,0.0000,-3.1305,-0.2145,0.6662,0.0061,-0.0033,-0.0130
1774945873.2335,0.0000,0.0000,0.0000,0.0000,0.0000,-3.1311,-0.2146,-1.3923,0.0019,-0.0033,-0.0098
1774945873.2521,0.0000,0.0000,0.0000,0.0000,0.0000,-3.1307,-0.2144,1.6158,0.0029,-0.0043,-0.0130
1774945873.2712,0.0000,0.0000,0.0000,0.0000,0.0000,-3.1306,-0.2146,-0.2532,0.0050,-0.0043,-0.0119
1774945873.2922,0.0000,0.0000,0.0000,0.0000,0.0000,-3.1315,-0.2147,0.1275,0.0040,-0.0043,-0.0119
1774945873.3114,0.0000,0.0000,0.0000,0.0000,0.0000,-3.1308,-0.2147,0.7944,0.0050,-0.0043,-0.0098
1774945873.3314,0.0000,0.0000,0.0000,0.0000,0.0000,-3.1316,-0.2147,-0.7241,0.0029,-0.0043,-0.0119
1774945873.3516,0.0000,0.0000,0.0000,0.0000,0.0000,-3.1312,-0.2144,0.7909,0.0029,-0.0033,-0.0098
1774945873.3716,0.0000,0.0000,0.0000,0.0000,0.0000,-3.1309,-0.2144,0.1245,0.0040,-0.0033,-0.0098
1774945873.3913,0.0000,0.0000,0.0000,0.0000,0.0000,-3.1313,-0.2145,0.9887,0.0019,-0.0033,-0.0087
1774945873.4114,0.0000,0.0000,0.0000,0.0000,0.0000,-3.1305,-0.2145,-0.1728,0.0050,-0.0043,-0.0119
1774945873.4313,0.0000,0.0000,0.0000,0.0000,0.0000,-3.1314,-0.2146,-1.2974,0.0029,-0.0043,-0.0109
1774945873.4514,0.0000,0.0000,0.0000,0.0000,0.0000,-3.1310,-0.2143,1.0849,0.0029,-0.0043,-0.0098
1774945873.4724,0.0000,0.0000,0.0000,0.0000,0.0000,-3.1316,-0.2140,1.0210,0.0050,-0.0065,-0.0119
1774945873.4914,0.0000,0.0000,0.0000,0.0000,0.0000,-3.1320,-0.2147,-1.0337,0.0019,-0.0033,-0.0119
1774945873.5114,0.0000,0.0000,0.0000,0.0000,0.0000,-3.1314,-0.2144,-0.3408,0.0008,-0.0022,-0.0119
1774945873.5319,0.0000,0.0000,0.0000,0.0000,0.0000,-3.1311,-0.2145,0.2984,0.0029,-0.0054,-0.0109
1774945873.5515,0.0000,0.0000,0.0000,0.0000,0.0000,-3.1303,-0.2146,-0.7049,0.0040,-0.0033,-0.0098
1774945873.5716,0.0000,0.0000,0.0000,0.0000,0.0000,-3.1305,-0.2147,1.3040,0.0008,-0.0033,-0.0109
1774945873.5913,0.0000,0.0000,0.0000,0.0000,0.0000,-3.1301,-0.2145,0.8786,0.0040,-0.0043,-0.0109
1774945873.6158,0.0000,0.0000,0.0000,0.0000,0.0000,-3.1307,-0.2144,-1.7164,0.0050,-0.0054,-0.0130
1774945873.6317,0.0000,0.0000,0.0000,0.0000,0.0000,-3.1312,-0.2143,1.8088,0.0029,-0.0033,-0.0098
1774945873.6513,0.0000,0.0000,0.0000,0.0000,0.0000,-3.1310,-0.2143,-0.0423,0.0040,-0.0022,-0.0087
1774945873.6722,0.0000,0.0000,0.0000,0.0000,0.0000,-3.1321,-0.2147,-1.9988,0.0029,-0.0022,-0.0109
1774945873.6912,0.0000,0.0000,0.0000,0.0000,0.0000,-3.1315,-0.2146,0.9012,0.0040,-0.0022,-0.0098
1774945873.7122,0.0000,0.0000,0.0000,0.0000,0.0000,-3.1317,-0.2147,-0.5368,0.0029,-0.0054,-0.0109
1774945873.7317,0.0000,0.0000,0.0000,0.0000,0.0000,-3.1309,-0.2146,0.8761,0.0050,-0.0033,-0.0109
1774945873.7519,0.0000,0.0000,0.0000,0.0000,0.0000,-3.1311,-0.2146,0.0882,0.0061,-0.0022,-0.0109
1774945873.7726,0.0000,0.0000,0.0000,0.0000,0.0000,-3.1316,-0.2146,-0.5939,0.0029,-0.0033,-0.0109
1774945873.7914,0.0000,0.0000,0.0000,0.0000,0.0000,-3.1306,-0.2147,0.4635,0.0061,-0.0043,-0.0119
1774945873.8124,0.0000,0.0000,0.0000,0.0000,0.0000,-3.1315,-0.2147,-0.6903,0.0040,-0.0033,-0.0130
1774945873.8314,0.0000,0.0000,0.0000,0.0000,0.0000,-3.1307,-0.2146,2.3061,0.0040,-0.0043,-0.0109
1774945873.8520,0.0000,0.0000,0.0000,0.0000,0.0000,-3.1312,-0.2146,0.2083,0.0029,-0.0022,-0.0119
1774945873.8717,0.0000,0.0000,0.0000,0.0000,0.0000,-3.1316,-0.2146,1.2836,0.0019,-0.0033,-0.0087
1774945873.8917,0.0000,0.0000,0.0000,0.0000,0.0000,-3.1311,-0.2148,-0.7015,0.0061,-0.0033,-0.0119
1774945873.9114,0.0000,0.0000,0.0000,0.0000,0.0000,-3.1316,-0.2148,0.2265,0.0029,-0.0043,-0.0098
1774945873.9314,0.0000,0.0000,0.0000,0.0000,0.0000,-3.1309,-0.2149,-0.6864,0.0050,-0.0033,-0.0109
1774945873.9514,0.0000,0.0000,0.0000,0.0000,0.0000,-3.1311,-0.2148,0.1658,0.0050,-0.0043,-0.0130
1774945873.9724,0.0000,0.0000,0.0000,0.0000,0.0000,-3.1311,-0.2148,0.2620,0.0029,-0.0033,-0.0098
1774945873.9913,0.0000,0.0000,0.0000,0.0000,0.0000,-3.1306,-0.2147,-0.1629,0.0050,-0.0033,-0.0109
1774945874.0115,0.0000,0.0000,0.0000,0.0000,0.0000,-3.1312,-0.2147,0.9924,0.0040,-0.0033,-0.0098
1774945874.0323,0.0000,0.0000,0.0000,0.0000,0.0000,-3.1307,-0.2146,0.8135,0.0029,-0.0043,-0.0098
1774945874.0515,0.0000,0.0000,0.0000,0.0000,0.0000,-3.1315,-0.2146,-0.4673,0.0019,-0.0033,-0.0109
1774945874.0719,0.0000,0.0000,0.0000,0.0000,0.0000,-3.1313,-0.2146,0.1709,0.0040,-0.0043,-0.0119
1774945874.0913,0.0000,0.0000,0.0000,0.0000,0.0000,-3.1312,-0.2145,0.0848,0.0050,-0.0033,-0.0109
1774945874.1115,0.0000,0.0000,0.0000,0.0000,0.0000,-3.1313,-0.2146,0.8162,0.0029,-0.0043,-0.0109
1774945874.1330,0.0000,0.0000,0.0000,0.0000,0.0000,-3.1307,-0.2147,-0.5441,0.0050,-0.0033,-0.0109
1774945874.1518,0.0000,0.0000,0.0000,0.0000,0.0000,-3.1312,-0.2148,-0.9691,0.0008,-0.0033,-0.0109
1774945874.1729,0.0000,0.0000,0.0000,0.0000,0.0000,-3.1306,-0.2146,0.8508,0.0029,-0.0054,-0.0109
1774945874.1920,0.0000,0.0000,0.0000,0.0000,0.0000,-3.1310,-0.2147,-0.5579,0.0040,-0.0033,-0.0109
1774945874.2117,0.0000,0.0000,0.0000,0.0000,0.0000,-3.1312,-0.2149,0.3380,0.0040,-0.0022,-0.0119
1774945874.2314,0.0000,0.0000,0.0000,0.0000,0.0000,-3.1312,-0.2151,0.8567,0.0008,-0.0033,-0.0130
1774945874.2515,0.0000,0.0000,0.0000,0.0000,0.0000,-3.1306,-0.2145,0.3896,0.0029,-0.0022,-0.0119
1774945874.2721,0.0000,0.0000,0.0000,0.0000,0.0000,-3.1302,-0.2143,0.4214,0.0029,-0.0043,-0.0119
1774945874.2917,0.0000,0.0000,0.0000,0.0000,0.0000,-3.1313,-0.2142,-0.8464,0.0040,-0.0022,-0.0109
1774945874.3121,0.0000,0.0000,0.0000,0.0000,0.0000,-3.1311,-0.2142,0.8825,0.0040,-0.0033,-0.0119
1774945874.3332,0.0000,0.0000,0.0000,0.0000,0.0000,-3.1316,-0.2144,-1.1426,0.0050,-0.0033,-0.0119
1774945874.3526,0.0000,0.0000,0.0000,0.0000,0.0000,-3.1327,-0.2148,-0.2225,0.0029,-0.0022,-0.0119
1774945874.3720,0.0000,0.0000,0.0000,0.0000,0.0000,-3.1322,-0.2151,0.5116,0.0050,-0.0043,-0.0109
1774945874.3916,0.0000,0.0000,0.0000,0.0000,0.0000,-3.1324,-0.2151,-1.9933,0.0040,-0.0033,-0.0109
1774945874.4114,0.0000,0.0000,0.0000,0.0000,0.0000,-3.1316,-0.2151,1.8991,0.0040,-0.0033,-0.0119
1774945874.4318,0.0000,0.0000,0.0000,0.0000,0.0000,-3.1311,-0.2149,0.0000,0.0029,-0.0033,-0.0119
1774945874.4514,0.0000,0.0000,0.0000,0.0000,0.0000,-3.1308,-0.2145,0.0000,0.0040,-0.0033,-0.0109
1774945874.4717,0.0000,0.0000,0.0000,0.0000,0.0000,-3.1305,-0.2145,0.1292,0.0050,-0.0033,-0.0098
1774945874.4916,0.0000,0.0000,0.0000,0.0000,0.0000,-3.1312,-0.2147,-1.2941,0.0029,-0.0033,-0.0119
1774945874.5140,0.0000,0.0000,0.0000,0.0000,0.0000,-3.1314,-0.2145,1.1641,0.0040,-0.0043,-0.0098
1774945874.5320,0.0000,0.0000,0.0000,0.0000,0.0000,-3.1324,-0.2148,0.0000,0.0019,-0.0054,-0.0119
1774945874.5522,0.0000,0.0000,0.0000,0.0000,0.0000,-3.1317,-0.2148,0.0000,0.0050,-0.0054,-0.0109
1774945874.5715,0.0000,0.0000,0.0000,0.0000,0.0000,-3.1318,-0.2148,0.0000,0.0050,-0.0043,-0.0119
1774945874.5915,0.0000,0.0000,0.0000,0.0000,0.0000,-3.1317,-0.2148,-0.2129,0.0029,-0.0033,-0.0098
1774945874.6116,0.0000,0.0000,0.0000,0.0000,0.0000,-3.1304,-0.2148,0.5787,0.0061,-0.0033,-0.0098
1774945874.6316,0.0000,0.0000,0.0000,0.0000,0.0000,-3.1307,-0.2146,0.0000,0.0029,-0.0043,-0.0109
1774945874.6515,0.0000,0.0000,0.0000,0.0000,0.0000,-3.1297,-0.2141,0.0000,0.0040,-0.0043,-0.0109
1774945874.6714,0.0000,0.0000,0.0000,0.0000,0.0000,-3.1291,-0.2142,-0.1240,0.0008,-0.0054,-0.0119
1774945874.6916,0.0000,0.0000,0.0000,0.0000,0.0000,-3.1290,-0.2150,1.4023,0.0019,-0.0033,-0.0109
1774945874.7120,0.0000,0.0000,0.0000,0.0000,0.0000,-3.1293,-0.2148,-0.5790,0.0019,-0.0022,-0.0109
1774945874.7320,0.0000,0.0000,0.0000,0.0000,0.0000,-3.1315,-0.2143,-2.4345,0.0008,-0.0054,-0.0119
1774945874.7517,0.0000,0.0000,0.0000,0.0000,0.0000,-3.1318,-0.2147,0.4592,0.0040,-0.0033,-0.0109
1774945874.7716,0.0000,0.0000,0.0000,0.0000,0.0000,-3.1330,-0.2147,0.7080,0.0061,-0.0022,-0.0109
1774945874.7914,0.0000,0.0000,0.0000,0.0000,0.0000,-3.1336,-0.2147,0.0417,0.0040,-0.0043,-0.0119
1774945874.8114,0.0000,0.0000,0.0000,0.0000,0.0000,-3.1325,-0.2149,0.2898,0.0050,-0.0043,-0.0119
1774945874.8314,0.0000,0.0000,0.0000,0.0000,0.0000,-3.1316,-0.2154,-0.3060,0.0019,-0.0033,-0.0087
1774945874.8514,0.0000,0.0000,0.0000,0.0000,0.0000,-3.1302,-0.2150,0.7884,0.0029,-0.0043,-0.0098
1774945874.8724,0.0000,0.0000,0.0000,0.0000,0.0000,-3.1294,-0.2149,-0.6257,0.0029,-0.0043,-0.0109
1774945874.8914,0.0000,0.0000,0.0000,0.0000,0.0000,-3.1292,-0.2150,0.7527,0.0040,-0.0033,-0.0109
1774945874.9113,0.0000,0.0000,0.0000,0.0000,0.0000,-3.1304,-0.2147,0.3390,0.0019,-0.0022,-0.0098
1774945874.9313,0.0000,0.0000,0.0000,0.0000,0.0000,-3.1310,-0.2143,0.1605,0.0019,-0.0043,-0.0119
1774945874.9516,0.0000,0.0000,0.0000,0.0000,0.0000,-3.1317,-0.2144,-1.1592,0.0050,-0.0033,-0.0119
1774945874.9718,0.0000,0.0000,0.0000,0.0000,0.0000,-3.1335,-0.2146,-1.3037,0.0019,-0.0043,-0.0087
1774945874.9918,0.0000,0.0000,0.0000,0.0000,0.0000,-3.1329,-0.2146,0.4889,0.0040,-0.0033,-0.0109
1774945875.0118,0.0000,0.0000,0.0000,0.0000,0.0000,-3.1326,-0.2149,0.2763,0.0040,-0.0022,-0.0109
1774945875.0318,0.0000,0.0000,0.0000,0.0000,0.0000,-3.1319,-0.2150,0.2581,0.0061,-0.0033,-0.0119
1774945875.0514,0.0000,0.0000,0.0000,0.0000,0.0000,-3.1310,-0.2149,0.2304,0.0050,-0.0054,-0.0119
1774945875.0721,0.0000,0.0000,0.0000,0.0000,0.0000,-3.1305,-0.2150,-0.4152,0.0019,-0.0033,-0.0109
1774945875.0917,0.0000,0.0000,0.0000,0.0000,0.0000,-3.1300,-0.2148,0.7236,0.0050,-0.0043,-0.0109
1774945875.1115,0.0000,0.0000,0.0000,0.0000,0.0000,-3.1308,-0.2147,-1.8926,-0.0003,-0.0033,-0.0098
1774945875.1320,0.0000,0.0000,0.0000,0.0000,0.0000,-3.1310,-0.2146,0.6788,0.0008,-0.0022,-0.0098
1774945875.1522,0.0000,0.0000,0.0000,0.0000,0.0000,-3.1319,-0.2145,-0.0548,0.0029,-0.0033,-0.0098
1774945875.1721,0.0000,0.0000,0.0000,0.0000,0.0000,-3.1327,-0.2147,0.6240,0.0019,-0.0033,-0.0119
1774945875.1917,0.0000,0.0000,0.0000,0.0000,0.0000,-3.1322,-0.2148,0.0850,0.0029,-0.0033,-0.0098
1774945875.2115,0.0000,0.0000,0.0000,0.0000,0.0000,-3.1327,-0.2150,0.0580,0.0040,-0.0043,-0.0098
1774945875.2312,0.0000,0.0000,0.0000,0.0000,0.0000,-3.1314,-0.2149,0.9528,0.0061,-0.0033,-0.0119
1774945875.2513,0.0000,0.0000,0.0000,0.0000,0.0000,-3.1314,-0.2149,-0.9393,0.0029,-0.0033,-0.0098
1774945875.2721,0.0000,0.0000,0.0000,0.0000,0.0000,-3.1305,-0.2149,0.4073,0.0029,-0.0033,-0.0119
1774945875.2922,0.0000,0.0000,0.0000,0.0000,0.0000,-3.1299,-0.2146,-0.3007,0.0050,-0.0033,-0.0119
1774945875.3117,0.0000,0.0000,0.0000,0.0000,0.0000,-3.1310,-0.2147,-0.7129,0.0029,-0.0043,-0.0119
1774945875.3315,0.0000,0.0000,0.0000,0.0000,0.0000,-3.1307,-0.2146,-0.9342,0.0061,-0.0033,-0.0119
1774945875.3525,0.0000,0.0000,0.0000,0.0000,0.0000,-3.1318,-0.2146,-1.8863,0.0040,-0.0033,-0.0109
1774945875.3732,0.0000,0.0000,0.0000,0.0000,0.0000,-3.1320,-0.2145,0.2597,0.0019,-0.0043,-0.0109
1774945875.3926,0.0000,0.0000,0.0000,0.0000,0.0000,-3.1318,-0.2146,-0.1718,0.0050,-0.0033,-0.0119
1774945875.4136,0.0000,0.0000,0.0000,0.0000,0.0000,-3.1318,-0.2146,0.0000,0.0050,-0.0033,-0.0109
1774945875.4321,0.0000,0.0000,0.0000,0.0000,0.0000,-3.1309,-0.2148,0.4243,0.0072,-0.0043,-0.0109
1774945875.4516,0.0000,0.0000,0.0000,0.0000,0.0000,-3.1314,-0.2149,0.1723,0.0008,-0.0033,-0.0098
1774945875.4716,0.0000,0.0000,0.0000,0.0000,0.0000,-3.1304,-0.2148,0.7284,0.0040,-0.0033,-0.0109
1774945875.4942,0.0000,0.0000,0.0000,0.0000,0.0000,-3.1311,-0.2147,-0.8076,0.0008,-0.0022,-0.0087
1774945875.5114,0.0000,0.0000,0.0000,0.0000,0.0000,-3.1307,-0.2146,1.4453,0.0029,-0.0043,-0.0109
1774945875.5325,0.0000,0.0000,0.0000,0.0000,0.0000,-3.1317,-0.2146,-1.3941,0.0019,-0.0043,-0.0119
1774945875.5521,0.0000,0.0000,0.0000,0.0000,0.0000,-3.1321,-0.2147,-1.0248,0.0008,-0.0022,-0.0109
1774945875.5736,0.0000,0.0000,0.0000,0.0000,0.0000,-3.1314,-0.2147,0.7215,0.0040,-0.0043,-0.0109
1774945875.5914,0.0000,0.0000,0.0000,0.0000,0.0000,-3.1320,-0.2146,-2.0494,0.0019,-0.0043,-0.0109
1774945875.6121,0.0000,0.0000,0.0000,0.0000,0.0000,-3.1317,-0.2147,1.0597,0.0029,-0.0033,-0.0109
1774945875.6317,0.0000,0.0000,0.0000,0.0000,0.0000,-3.1313,-0.2145,0.3390,0.0061,-0.0043,-0.0109
1774945875.6518,0.0000,0.0000,0.0000,0.0000,0.0000,-3.1315,-0.2145,0.1736,0.0040,-0.0043,-0.0119
1774945875.6716,0.0000,0.0000,0.0000,0.0000,0.0000,-3.1311,-0.2145,0.0000,0.0040,-0.0043,-0.0109
1774945875.6918,0.0000,0.0000,0.0000,0.0000,0.0000,-3.1314,-0.2145,-1.6649,0.0019,-0.0054,-0.0119
1774945875.7132,0.0000,0.0000,0.0000,0.0000,0.0000,-3.1309,-0.2143,-0.5874,0.0040,-0.0033,-0.0109
1774945875.7317,0.0000,0.0000,0.0000,0.0000,0.0000,-3.1315,-0.2144,0.2538,0.0029,-0.0043,-0.0119
1774945875.7517,0.0000,0.0000,0.0000,0.0000,0.0000,-3.1317,-0.2147,0.6367,0.0050,-0.0033,-0.0119
1774945875.7714,0.0000,0.0000,0.0000,0.0000,0.0000,-3.1316,-0.2146,0.1086,0.0050,-0.0043,-0.0119
1774945875.7922,0.0000,0.0000,0.0000,0.0000,0.0000,-3.1320,-0.2146,0.2283,0.0029,-0.0033,-0.0098
1774945875.8115,0.0000,0.0000,0.0000,0.0000,0.0000,-3.1312,-0.2146,-0.8579,0.0050,-0.0033,-0.0109
1774945875.8315,0.0000,0.0000,0.0000,0.0000,0.0000,-3.1318,-0.2149,-1.9730,0.0029,-0.0054,-0.0098
1774945875.8514,0.0000,0.0000,0.0000,0.0000,0.0000,-3.1308,-0.2148,1.8274,0.0040,-0.0054,-0.0109
1774945875.8714,0.0000,0.0000,0.0000,0.0000,0.0000,-3.1313,-0.2147,0.6103,0.0029,-0.0054,-0.0109
1774945875.8918,0.0000,0.0000,0.0000,0.0000,0.0000,-3.1315,-0.2146,0.1705,0.0019,-0.0022,-0.0098
1774945875.9119,0.0000,0.0000,0.0000,0.0000,0.0000,-3.1309,-0.2145,0.3428,0.0061,-0.0022,-0.0109
1774945875.9318,0.0000,0.0000,0.0000,0.0000,0.0000,-3.1318,-0.2144,0.0541,0.0029,-0.0043,-0.0109
1774945875.9518,0.0000,0.0000,0.0000,0.0000,0.0000,-3.1312,-0.2143,0.5293,0.0061,-0.0033,-0.0109
1774945875.9720,0.0000,0.0000,0.0000,0.0000,0.0000,-3.1320,-0.2147,-1.5940,0.0040,-0.0033,-0.0119
1774945875.9920,0.0000,0.0000,0.0000,0.0000,0.0000,-3.1318,-0.2146,0.6519,0.0040,-0.0033,-0.0109
1774945876.0196,0.0000,0.0000,0.0000,0.0000,0.0000,-3.1314,-0.2145,0.1726,0.0040,-0.0022,-0.0119
1774945876.0319,0.0000,0.0000,0.0000,0.0000,0.0000,-3.1318,-0.2148,-0.8165,-0.0003,-0.0033,-0.0109
1774945876.0518,0.0000,0.0000,0.0000,0.0000,0.0000,-3.1311,-0.2148,0.5093,0.0029,-0.0054,-0.0098
1774945876.0714,0.0000,0.0000,0.0000,0.0000,0.0000,-3.1317,-0.2148,-0.6365,0.0029,-0.0043,-0.0098
1774945876.0914,0.0000,0.0000,0.0000,0.0000,0.0000,-3.1311,-0.2147,1.1723,0.0040,-0.0043,-0.0098
1774945876.1121,0.0000,0.0000,0.0000,0.0000,0.0000,-3.1309,-0.2144,-0.4217,0.0029,-0.0043,-0.0119
1774945876.1323,0.0000,0.0000,0.0000,0.0000,0.0000,-3.1318,-0.2145,0.3691,0.0029,-0.0033,-0.0109
1774945876.1518,0.0000,0.0000,0.0000,0.0000,0.0000,-3.1314,-0.2144,-0.4520,0.0029,-0.0012,-0.0109
