Timestamp,EKF_Vx,EKF_Wz,LIO_Vx,LIO_Vy,LIO_Wz,Roll,Pitch,Z_Jerk,IMU_Wx,IMU_Wy,IMU_Wz
1774944595.1114,0.0000,0.0000,0.0000,0.0000,0.0000,-3.1257,-0.2178,0.8405,0.0061,-0.0043,-0.0130
1774944595.1316,0.0000,0.0000,0.0000,0.0000,0.0000,-3.1257,-0.2178,0.8405,0.0061,-0.0043,-0.0130
1774944595.1516,0.0000,0.0000,0.0000,0.0000,0.0000,-3.1257,-0.2178,0.8405,0.0061,-0.0043,-0.0130
1774944595.1715,0.0000,0.0000,0.0000,0.0000,0.0000,-3.1257,-0.2178,0.8405,0.0061,-0.0043,-0.0130
1774944595.1939,0.0000,0.0000,0.0000,0.0000,0.0000,-3.1257,-0.2178,0.8405,0.0061,-0.0043,-0.0130
1774944595.2115,0.0000,0.0000,0.0000,0.0000,0.0000,-3.1257,-0.2178,0.8405,0.0061,-0.0043,-0.0130
1774944595.2315,0.0000,0.0000,0.0000,0.0000,0.0000,-3.1257,-0.2178,0.8405,0.0061,-0.0043,-0.0130
1774944595.2515,0.0000,0.0000,0.0000,0.0000,0.0000,-3.1257,-0.2178,0.8405,0.0061,-0.0043,-0.0130
1774944595.2715,0.0000,0.0000,0.0000,0.0000,0.0000,-3.1257,-0.2178,0.8405,0.0061,-0.0043,-0.0130
1774944595.2915,0.0000,0.0000,0.0000,0.0000,0.0000,-3.1257,-0.2178,0.8405,0.0061,-0.0043,-0.0130
1774944595.3115,0.0000,0.0000,0.0000,0.0000,0.0000,-3.1257,-0.2178,0.8405,0.0061,-0.0043,-0.0130
1774944595.3315,0.0000,0.0000,0.0000,0.0000,0.0000,-3.1257,-0.2178,0.8405,0.0061,-0.0043,-0.0130
1774944595.3515,0.0000,0.0000,0.0000,0.0000,0.0000,-3.1257,-0.2178,0.8405,0.0061,-0.0043,-0.0130
1774944595.3715,0.0000,0.0000,0.0000,0.0000,0.0000,-3.1257,-0.2178,0.8405,0.0061,-0.0043,-0.0130
1774944595.3914,0.0000,0.0000,0.0000,0.0000,0.0000,-3.1257,-0.2178,0.8405,0.0061,-0.0043,-0.0130
1774944595.4115,0.0000,0.0000,0.0000,0.0000,0.0000,-3.1257,-0.2178,0.8405,0.0061,-0.0043,-0.0130
1774944595.4314,0.0000,0.0000,0.0000,0.0000,0.0000,-3.1257,-0.2178,0.8405,0.0061,-0.0043,-0.0130
1774944595.4515,0.0000,0.0000,0.0000,0.0000,0.0000,-3.1257,-0.2178,0.8405,0.0061,-0.0043,-0.0130
1774944595.4714,0.0000,0.0000,0.0000,0.0000,0.0000,-3.1257,-0.2178,0.8405,0.0061,-0.0043,-0.0130
1774944595.4914,0.0000,0.0000,0.0000,0.0000,0.0000,-3.1257,-0.2178,0.8405,0.0061,-0.0043,-0.0130
1774944595.5114,0.0000,0.0000,0.0000,0.0000,0.0000,-3.1257,-0.2178,0.8405,0.0061,-0.0043,-0.0130
1774944595.5314,0.0000,0.0000,0.0000,0.0000,0.0000,-3.1257,-0.2178,0.8405,0.0061,-0.0043,-0.0130
1774944595.5514,0.0000,0.0000,0.0000,0.0000,0.0000,-3.1257,-0.2178,0.8405,0.0061,-0.0043,-0.0130
1774944595.5714,0.0000,0.0000,0.0000,0.0000,0.0000,-3.1257,-0.2178,0.8405,0.0061,-0.0043,-0.0130
1774944595.5914,0.0000,0.0000,0.0000,0.0000,0.0000,-3.1257,-0.2178,0.8405,0.0061,-0.0043,-0.0130
1774944595.6114,0.0000,0.0000,0.0000,0.0000,0.0000,-3.1257,-0.2178,0.8405,0.0061,-0.0043,-0.0130
1774944595.6314,0.0000,0.0000,0.0000,0.0000,0.0000,-3.1257,-0.2178,0.8405,0.0061,-0.0043,-0.0130
1774944595.6514,0.0000,0.0000,0.0000,0.0000,0.0000,-3.1257,-0.2178,0.8405,0.0061,-0.0043,-0.0130
1774944595.6714,0.0000,0.0000,0.0000,0.0000,0.0000,-3.1257,-0.2178,0.8405,0.0061,-0.0043,-0.0130
1774944595.6915,0.0000,0.0000,0.0000,0.0000,0.0000,-3.1257,-0.2178,0.8405,0.0061,-0.0043,-0.0130
1774944595.7116,0.0000,0.0000,0.0000,0.0000,0.0000,-3.1257,-0.2178,0.8405,0.0061,-0.0043,-0.0130
1774944595.7314,0.0000,0.0000,0.0000,0.0000,0.0000,-3.1257,-0.2178,0.8405,0.0061,-0.0043,-0.0130
1774944595.7515,0.0000,0.0000,0.0000,0.0000,0.0000,-3.1257,-0.2178,0.8405,0.0061,-0.0043,-0.0130
1774944595.7716,0.0000,0.0000,0.0000,0.0000,0.0000,-3.1257,-0.2178,0.8405,0.0061,-0.0043,-0.0130
1774944595.7914,0.0000,0.0000,0.0000,0.0000,0.0000,-3.1257,-0.2178,0.8405,0.0061,-0.0043,-0.0130
1774944595.8115,0.0000,0.0000,0.0000,0.0000,0.0000,-3.1257,-0.2178,0.8405,0.0061,-0.0043,-0.0130
1774944595.8314,0.0000,0.0000,0.0000,0.0000,0.0000,-3.1257,-0.2178,0.8405,0.0061,-0.0043,-0.0130
1774944595.8514,0.0000,0.0000,0.0000,0.0000,0.0000,-3.1257,-0.2178,0.8405,0.0061,-0.0043,-0.0130
1774944595.8714,0.0000,0.0000,0.0000,0.0000,0.0000,-3.1257,-0.2178,0.8405,0.0061,-0.0043,-0.0130
1774944595.8914,0.0000,0.0000,0.0000,0.0000,0.0000,-3.1257,-0.2178,0.8405,0.0061,-0.0043,-0.0130
1774944595.9114,0.0000,0.0000,0.0000,0.0000,0.0000,-3.1257,-0.2178,0.8405,0.0061,-0.0043,-0.0130
1774944595.9313,0.0000,0.0000,0.0000,0.0000,0.0000,-3.1257,-0.2178,0.8405,0.0061,-0.0043,-0.0130
1774944595.9515,0.0000,0.0000,0.0000,0.0000,0.0000,-3.1257,-0.2178,0.8405,0.0061,-0.0043,-0.0130
1774944595.9715,0.0000,0.0000,0.0000,0.0000,0.0000,-3.1257,-0.2178,0.8405,0.0061,-0.0043,-0.0130
1774944595.9914,0.0000,0.0000,0.0000,0.0000,0.0000,-3.1257,-0.2178,0.8405,0.0061,-0.0043,-0.0130
1774944596.0114,0.0000,0.0000,0.0000,0.0000,0.0000,-3.1257,-0.2178,0.8405,0.0061,-0.0043,-0.0130
1774944596.0315,0.0000,0.0000,0.0000,0.0000,0.0000,-3.1257,-0.2178,0.8405,0.0061,-0.0043,-0.0130
1774944596.0515,0.0000,0.0000,0.0000,0.0000,0.0000,-3.1257,-0.2178,0.8405,0.0061,-0.0043,-0.0130
1774944596.0714,0.0000,0.0000,0.0000,0.0000,0.0000,-3.1257,-0.2178,0.8405,0.0061,-0.0043,-0.0130
1774944596.0914,0.0000,0.0000,0.0000,0.0000,0.0000,-3.1257,-0.2178,0.8405,0.0061,-0.0043,-0.0130
1774944596.1115,0.0000,0.0000,0.0000,0.0000,0.0000,-3.1257,-0.2178,0.8405,0.0061,-0.0043,-0.0130
1774944596.1314,0.0000,0.0000,0.0000,0.0000,0.0000,-3.1257,-0.2178,0.8405,0.0061,-0.0043,-0.0130
1774944596.1514,0.0000,0.0000,0.0000,0.0000,0.0000,-3.1257,-0.2178,0.8405,0.0061,-0.0043,-0.0130
1774944596.1714,0.0000,0.0000,0.0000,0.0000,0.0000,-3.1257,-0.2178,0.8405,0.0061,-0.0043,-0.0130
1774944596.1914,0.0000,0.0000,0.0000,0.0000,0.0000,-3.1257,-0.2178,0.8405,0.0061,-0.0043,-0.0130
1774944596.2114,0.0000,0.0000,0.0000,0.0000,0.0000,-3.1257,-0.2178,0.8405,0.0061,-0.0043,-0.0130
1774944596.2314,0.0000,0.0000,0.0000,0.0000,0.0000,-3.1257,-0.2178,0.8405,0.0061,-0.0043,-0.0130
1774944596.2515,0.0000,0.0000,0.0000,0.0000,0.0000,-3.1257,-0.2178,0.8405,0.0061,-0.0043,-0.0130
1774944596.2715,0.0000,0.0000,0.0000,0.0000,0.0000,-3.1257,-0.2178,0.8405,0.0061,-0.0043,-0.0130
1774944596.2915,0.0000,0.0000,0.0000,0.0000,0.0000,-3.1257,-0.2178,0.8405,0.0061,-0.0043,-0.0130
1774944596.3115,0.0000,0.0000,0.0000,0.0000,0.0000,-3.1257,-0.2178,0.8405,0.0061,-0.0043,-0.0130
1774944596.3314,0.0000,0.0000,0.0000,0.0000,0.0000,-3.1257,-0.2178,0.8405,0.0061,-0.0043,-0.0130
1774944596.3514,0.0000,0.0000,0.0000,0.0000,0.0000,-3.1257,-0.2178,0.8405,0.0061,-0.0043,-0.0130
1774944596.3714,0.0000,0.0000,0.0000,0.0000,0.0000,-3.1257,-0.2178,0.8405,0.0061,-0.0043,-0.0130
1774944596.3914,0.0000,0.0000,0.0000,0.0000,0.0000,-3.1257,-0.2178,0.8405,0.0061,-0.0043,-0.0130
1774944596.4115,0.0000,0.0000,0.0000,0.0000,0.0000,-3.1257,-0.2178,0.8405,0.0061,-0.0043,-0.0130
1774944596.4314,0.0000,0.0000,0.0000,0.0000,0.0000,-3.1257,-0.2178,0.8405,0.0061,-0.0043,-0.0130
1774944596.4514,0.0000,0.0000,0.0000,0.0000,0.0000,-3.1257,-0.2178,0.8405,0.0061,-0.0043,-0.0130
1774944596.4714,0.0000,0.0000,0.0000,0.0000,0.0000,-3.1257,-0.2178,0.8405,0.0061,-0.0043,-0.0130
1774944596.4914,0.0000,0.0000,0.0000,0.0000,0.0000,-3.1257,-0.2178,0.8405,0.0061,-0.0043,-0.0130
1774944596.5114,0.0000,0.0000,0.0000,0.0000,0.0000,-3.1257,-0.2178,0.8405,0.0061,-0.0043,-0.0130
1774944596.5314,0.0000,0.0000,0.0000,0.0000,0.0000,-3.1257,-0.2178,0.8405,0.0061,-0.0043,-0.0130
1774944596.5514,0.0000,0.0000,0.0000,0.0000,0.0000,-3.1257,-0.2178,0.8405,0.0061,-0.0043,-0.0130
1774944596.5715,0.0000,0.0000,0.0000,0.0000,0.0000,-3.1257,-0.2178,0.8405,0.0061,-0.0043,-0.0130
1774944596.5914,0.0000,0.0000,0.0000,0.0000,0.0000,-3.1257,-0.2178,0.8405,0.0061,-0.0043,-0.0130
1774944596.6114,0.0000,0.0000,0.0000,0.0000,0.0000,-3.1257,-0.2178,0.8405,0.0061,-0.0043,-0.0130
1774944596.6314,0.0000,0.0000,0.0000,0.0000,0.0000,-3.1257,-0.2178,0.8405,0.0061,-0.0043,-0.0130
1774944596.6515,0.0000,0.0000,0.0000,0.0000,0.0000,-3.1257,-0.2178,0.8405,0.0061,-0.0043,-0.0130
1774944596.6714,0.0000,0.0000,0.0000,0.0000,0.0000,-3.1257,-0.2178,0.8405,0.0061,-0.0043,-0.0130
1774944596.6913,0.0000,0.0000,0.0000,0.0000,0.0000,-3.1257,-0.2178,0.8405,0.0061,-0.0043,-0.0130
1774944596.7114,0.0000,0.0000,0.0000,0.0000,0.0000,-3.1257,-0.2178,0.8405,0.0061,-0.0043,-0.0130
1774944596.7314,0.0000,0.0000,0.0000,0.0000,0.0000,-3.1257,-0.2178,0.8405,0.0061,-0.0043,-0.0130
1774944596.7514,0.0000,0.0000,0.0000,0.0000,0.0000,-3.1257,-0.2178,0.8405,0.0061,-0.0043,-0.0130
1774944596.7716,0.0000,0.0000,0.0000,0.0000,0.0000,-3.1257,-0.2178,0.8405,0.0061,-0.0043,-0.0130
1774944596.7915,0.0000,0.0000,0.0000,0.0000,0.0000,-3.1257,-0.2178,0.8405,0.0061,-0.0043,-0.0130
1774944596.8114,0.0000,0.0000,0.0000,0.0000,0.0000,-3.1257,-0.2178,0.8405,0.0061,-0.0043,-0.0130
1774944596.8315,0.0000,0.0000,0.0000,0.0000,0.0000,-3.1257,-0.2178,0.8405,0.0061,-0.0043,-0.0130
1774944596.8515,0.0000,0.0000,0.0000,0.0000,0.0000,-3.1257,-0.2178,0.8405,0.0061,-0.0043,-0.0130
1774944596.8714,0.0000,0.0000,0.0000,0.0000,0.0000,-3.1257,-0.2178,0.8405,0.0061,-0.0043,-0.0130
1774944596.8914,0.0000,0.0000,0.0000,0.0000,0.0000,-3.1257,-0.2178,0.8405,0.0061,-0.0043,-0.0130
1774944596.9114,0.0000,0.0000,0.0000,0.0000,0.0000,-3.1257,-0.2178,0.8405,0.0061,-0.0043,-0.0130
1774944596.9314,0.0000,0.0000,0.0000,0.0000,0.0000,-3.1257,-0.2178,0.8405,0.0061,-0.0043,-0.0130
1774944596.9515,0.0000,0.0000,0.0000,0.0000,0.0000,-3.1257,-0.2178,0.8405,0.0061,-0.0043,-0.0130
1774944596.9714,0.0000,0.0000,0.0000,0.0000,0.0000,-3.1257,-0.2178,0.8405,0.0061,-0.0043,-0.0130
1774944596.9914,0.0000,0.0000,0.0000,0.0000,0.0000,-3.1257,-0.2178,0.8405,0.0061,-0.0043,-0.0130
1774944597.0114,0.0000,0.0000,0.0000,0.0000,0.0000,-3.1257,-0.2178,0.8405,0.0061,-0.0043,-0.0130
1774944597.0314,0.0000,0.0000,0.0000,0.0000,0.0000,-3.1257,-0.2178,0.8405,0.0061,-0.0043,-0.0130
1774944597.0514,0.0000,0.0000,0.0000,0.0000,0.0000,-3.1257,-0.2178,0.8405,0.0061,-0.0043,-0.0130
1774944597.0714,0.0000,0.0000,0.0000,0.0000,0.0000,-3.1257,-0.2178,0.8405,0.0061,-0.0043,-0.0130
1774944597.0915,0.0000,0.0000,0.0000,0.0000,0.0000,-3.1257,-0.2178,0.8405,0.0061,-0.0043,-0.0130
1774944597.1114,0.0000,0.0000,0.0000,0.0000,0.0000,-3.1257,-0.2178,0.8405,0.0061,-0.0043,-0.0130
1774944597.1314,0.0000,0.0000,0.0000,0.0000,0.0000,-3.1257,-0.2178,0.8405,0.0061,-0.0043,-0.0130
1774944597.1514,0.0000,0.0000,0.0000,0.0000,0.0000,-3.1257,-0.2178,0.8405,0.0061,-0.0043,-0.0130
1774944597.1714,0.0000,0.0000,0.0000,0.0000,0.0000,-3.1257,-0.2178,0.8405,0.0061,-0.0043,-0.0130
1774944597.1913,0.0000,0.0000,0.0000,0.0000,0.0000,-3.1257,-0.2178,0.8405,0.0061,-0.0043,-0.0130
1774944597.2114,0.0000,0.0000,0.0000,0.0000,0.0000,-3.1257,-0.2178,0.8405,0.0061,-0.0043,-0.0130
1774944597.2314,0.0000,0.0000,0.0000,0.0000,0.0000,-3.1257,-0.2178,0.8405,0.0061,-0.0043,-0.0130
1774944597.2514,0.0000,0.0000,0.0000,0.0000,0.0000,-3.1257,-0.2178,0.8405,0.0061,-0.0043,-0.0130
1774944597.2714,0.0000,0.0000,0.0000,0.0000,0.0000,-3.1257,-0.2178,0.8405,0.0061,-0.0043,-0.0130
1774944597.2914,0.0000,0.0000,0.0000,0.0000,0.0000,-3.1257,-0.2178,0.8405,0.0061,-0.0043,-0.0130
1774944597.3114,0.0000,0.0000,0.0000,0.0000,0.0000,-3.1257,-0.2178,0.8405,0.0061,-0.0043,-0.0130
1774944597.3313,0.0000,0.0000,0.0000,0.0000,0.0000,-3.1257,-0.2178,0.8405,0.0061,-0.0043,-0.0130
1774944597.3513,0.0000,0.0000,0.0000,0.0000,0.0000,-3.1257,-0.2178,0.8405,0.0061,-0.0043,-0.0130
1774944597.3713,0.0000,0.0000,0.0000,0.0000,0.0000,-3.1257,-0.2178,0.8405,0.0061,-0.0043,-0.0130
1774944597.3913,0.0000,0.0000,0.0000,0.0000,0.0000,-3.1257,-0.2178,0.8405,0.0061,-0.0043,-0.0130
1774944597.4113,0.0000,0.0000,0.0000,0.0000,0.0000,-3.1257,-0.2178,0.8405,0.0061,-0.0043,-0.0130
1774944597.4314,0.0000,0.0000,0.0000,0.0000,0.0000,-3.1257,-0.2178,0.8405,0.0061,-0.0043,-0.0130
1774944597.4515,0.0000,0.0000,0.0000,0.0000,0.0000,-3.1257,-0.2178,0.8405,0.0061,-0.0043,-0.0130
1774944597.4714,0.0000,0.0000,0.0000,0.0000,0.0000,-3.1257,-0.2178,0.8405,0.0061,-0.0043,-0.0130
1774944597.4913,0.0000,0.0000,0.0000,0.0000,0.0000,-3.1257,-0.2178,0.8405,0.0061,-0.0043,-0.0130
1774944597.5112,0.0000,0.0000,0.0000,0.0000,0.0000,-3.1257,-0.2178,0.8405,0.0061,-0.0043,-0.0130
1774944597.5313,0.0000,0.0000,0.0000,0.0000,0.0000,-3.1257,-0.2178,0.8405,0.0061,-0.0043,-0.0130
1774944597.5513,0.0000,0.0000,0.0000,0.0000,0.0000,-3.1257,-0.2178,0.8405,0.0061,-0.0043,-0.0130
1774944597.5715,0.0000,0.0000,0.0000,0.0000,0.0000,-3.1257,-0.2178,0.8405,0.0061,-0.0043,-0.0130
1774944597.5914,0.0000,0.0000,0.0000,0.0000,0.0000,-3.1257,-0.2178,0.8405,0.0061,-0.0043,-0.0130
1774944597.6114,0.0000,0.0000,0.0000,0.0000,0.0000,-3.1257,-0.2178,0.8405,0.0061,-0.0043,-0.0130
1774944597.6314,0.0000,0.0000,0.0000,0.0000,0.0000,-3.1257,-0.2178,0.8405,0.0061,-0.0043,-0.0130
1774944597.6515,0.0000,0.0000,0.0000,0.0000,0.0000,-3.1257,-0.2178,0.8405,0.0061,-0.0043,-0.0130
1774944597.6714,0.0000,0.0000,0.0000,0.0000,0.0000,-3.1257,-0.2178,0.8405,0.0061,-0.0043,-0.0130
1774944597.6915,0.0000,0.0000,0.0000,0.0000,0.0000,-3.1257,-0.2178,0.8405,0.0061,-0.0043,-0.0130
1774944597.7115,0.0000,0.0000,0.0000,0.0000,0.0000,-3.1257,-0.2178,0.8405,0.0061,-0.0043,-0.0130
1774944597.7314,0.0000,0.0000,0.0000,0.0000,0.0000,-3.1257,-0.2178,0.8405,0.0061,-0.0043,-0.0130
1774944597.7515,0.0000,0.0000,0.0000,0.0000,0.0000,-3.1257,-0.2178,0.8405,0.0061,-0.0043,-0.0130
1774944597.7715,0.0000,0.0000,0.0000,0.0000,0.0000,-3.1257,-0.2178,0.8405,0.0061,-0.0043,-0.0130
1774944597.7914,0.0000,0.0000,0.0000,0.0000,0.0000,-3.1257,-0.2178,0.8405,0.0061,-0.0043,-0.0130
1774944597.8115,0.0000,0.0000,0.0000,0.0000,0.0000,-3.1257,-0.2178,0.8405,0.0061,-0.0043,-0.0130
1774944597.8312,0.0000,0.0000,0.0000,0.0000,0.0000,-3.1257,-0.2178,0.8405,0.0061,-0.0043,-0.0130
1774944597.8515,0.0000,0.0000,0.0000,0.0000,0.0000,-3.1257,-0.2178,0.8405,0.0061,-0.0043,-0.0130
1774944597.8715,0.0000,0.0000,0.0000,0.0000,0.0000,-3.1257,-0.2178,0.8405,0.0061,-0.0043,-0.0130
1774944597.8915,0.0000,0.0000,0.0000,0.0000,0.0000,-3.1257,-0.2178,0.8405,0.0061,-0.0043,-0.0130
1774944597.9114,0.0000,0.0000,0.0000,0.0000,0.0000,-3.1257,-0.2178,0.8405,0.0061,-0.0043,-0.0130
1774944597.9314,0.0000,0.0000,0.0000,0.0000,0.0000,-3.1257,-0.2178,0.8405,0.0061,-0.0043,-0.0130
1774944597.9516,0.0000,0.0000,0.0000,0.0000,0.0000,-3.1257,-0.2178,0.8405,0.0061,-0.0043,-0.0130
1774944597.9715,0.0000,0.0000,0.0000,0.0000,0.0000,-3.1257,-0.2178,0.8405,0.0061,-0.0043,-0.0130
1774944597.9914,0.0000,0.0000,0.0000,0.0000,0.0000,-3.1257,-0.2178,0.8405,0.0061,-0.0043,-0.0130
1774944598.0114,0.0000,0.0000,0.0000,0.0000,0.0000,-3.1257,-0.2178,0.8405,0.0061,-0.0043,-0.0130
1774944598.0314,0.0000,0.0000,0.0000,0.0000,0.0000,-3.1257,-0.2178,0.8405,0.0061,-0.0043,-0.0130
1774944598.0514,0.0000,0.0000,0.0000,0.0000,0.0000,-3.1257,-0.2178,0.8405,0.0061,-0.0043,-0.0130
1774944598.0714,0.0000,0.0000,0.0000,0.0000,0.0000,-3.1257,-0.2178,0.8405,0.0061,-0.0043,-0.0130
1774944598.0914,0.0000,0.0000,0.0000,0.0000,0.0000,-3.1257,-0.2178,0.8405,0.0061,-0.0043,-0.0130
1774944598.1114,0.0000,0.0000,0.0000,0.0000,0.0000,-3.1257,-0.2178,0.8405,0.0061,-0.0043,-0.0130
1774944598.1315,0.0000,0.0000,0.0000,0.0000,0.0000,-3.1257,-0.2178,0.8405,0.0061,-0.0043,-0.0130
1774944598.1514,0.0000,0.0000,0.0000,0.0000,0.0000,-3.1257,-0.2178,0.8405,0.0061,-0.0043,-0.0130
1774944598.1714,0.0000,0.0000,0.0000,0.0000,0.0000,-3.1257,-0.2178,0.8405,0.0061,-0.0043,-0.0130
1774944598.1915,0.0000,0.0000,0.0000,0.0000,0.0000,-3.1257,-0.2178,0.8405,0.0061,-0.0043,-0.0130
1774944598.2114,0.0000,0.0000,0.0000,0.0000,0.0000,-3.1257,-0.2178,0.8405,0.0061,-0.0043,-0.0130
1774944598.2315,0.0000,0.0000,0.0000,0.0000,0.0000,-3.1257,-0.2178,0.8405,0.0061,-0.0043,-0.0130
1774944598.2515,0.0000,0.0000,0.0000,0.0000,0.0000,-3.1257,-0.2178,0.8405,0.0061,-0.0043,-0.0130
1774944598.2715,0.0000,0.0000,0.0000,0.0000,0.0000,-3.1257,-0.2178,0.8405,0.0061,-0.0043,-0.0130
1774944598.2914,0.0000,0.0000,0.0000,0.0000,0.0000,-3.1257,-0.2178,0.8405,0.0061,-0.0043,-0.0130
1774944598.3114,0.0000,0.0000,0.0000,0.0000,0.0000,-3.1257,-0.2178,0.8405,0.0061,-0.0043,-0.0130
1774944598.3315,0.0000,0.0000,0.0000,0.0000,0.0000,-3.1257,-0.2178,0.8405,0.0061,-0.0043,-0.0130
1774944598.3515,0.0000,0.0000,0.0000,0.0000,0.0000,-3.1257,-0.2178,0.8405,0.0061,-0.0043,-0.0130
1774944598.3715,0.0000,0.0000,0.0000,0.0000,0.0000,-3.1257,-0.2178,0.8405,0.0061,-0.0043,-0.0130
1774944598.3914,0.0000,0.0000,0.0000,0.0000,0.0000,-3.1257,-0.2178,0.8405,0.0061,-0.0043,-0.0130
1774944598.4114,0.0000,0.0000,0.0000,0.0000,0.0000,-3.1257,-0.2178,0.8405,0.0061,-0.0043,-0.0130
1774944598.4315,0.0000,0.0000,0.0000,0.0000,0.0000,-3.1257,-0.2178,0.8405,0.0061,-0.0043,-0.0130
1774944598.4514,0.0000,0.0000,0.0000,0.0000,0.0000,-3.1257,-0.2178,0.8405,0.0061,-0.0043,-0.0130
1774944598.4714,0.0000,0.0000,0.0000,0.0000,0.0000,-3.1257,-0.2178,0.8405,0.0061,-0.0043,-0.0130
1774944598.4915,0.0000,0.0000,0.0000,0.0000,0.0000,-3.1257,-0.2178,0.8405,0.0061,-0.0043,-0.0130
1774944598.5114,0.0000,0.0000,0.0000,0.0000,0.0000,-3.1257,-0.2178,0.8405,0.0061,-0.0043,-0.0130
1774944598.5314,0.0000,0.0000,0.0000,0.0000,0.0000,-3.1257,-0.2178,0.8405,0.0061,-0.0043,-0.0130
1774944598.5514,0.0000,0.0000,0.0000,0.0000,0.0000,-3.1257,-0.2178,0.8405,0.0061,-0.0043,-0.0130
1774944598.5714,0.0000,0.0000,0.0000,0.0000,0.0000,-3.1257,-0.2178,0.8405,0.0061,-0.0043,-0.0130
1774944598.5914,0.0000,0.0000,0.0000,0.0000,0.0000,-3.1257,-0.2178,0.8405,0.0061,-0.0043,-0.0130
1774944598.6114,0.0000,0.0000,0.0000,0.0000,0.0000,-3.1257,-0.2178,0.8405,0.0061,-0.0043,-0.0130
1774944598.6314,0.0000,0.0000,0.0000,0.0000,0.0000,-3.1257,-0.2178,0.8405,0.0061,-0.0043,-0.0130
1774944598.6513,0.0000,0.0000,0.0000,0.0000,0.0000,-3.1257,-0.2178,0.8405,0.0061,-0.0043,-0.0130
1774944598.6715,0.0000,0.0000,0.0000,0.0000,0.0000,-3.1257,-0.2178,0.8405,0.0061,-0.0043,-0.0130
1774944598.6913,0.0000,0.0000,0.0000,0.0000,0.0000,-3.1257,-0.2178,0.8405,0.0061,-0.0043,-0.0130
1774944598.7112,0.0000,0.0000,0.0000,0.0000,0.0000,-3.1257,-0.2178,0.8405,0.0061,-0.0043,-0.0130
1774944598.7312,0.0000,0.0000,0.0000,0.0000,0.0000,-3.1257,-0.2178,0.8405,0.0061,-0.0043,-0.0130
1774944598.7514,0.0000,0.0000,0.0000,0.0000,0.0000,-3.1257,-0.2178,0.8405,0.0061,-0.0043,-0.0130
1774944598.7714,0.0000,0.0000,0.0000,0.0000,0.0000,-3.1257,-0.2178,0.8405,0.0061,-0.0043,-0.0130
1774944598.7915,0.0000,0.0000,0.0000,0.0000,0.0000,-3.1257,-0.2178,0.8405,0.0061,-0.0043,-0.0130
1774944598.8114,0.0000,0.0000,0.0000,0.0000,0.0000,-3.1257,-0.2178,0.8405,0.0061,-0.0043,-0.0130
1774944598.8315,0.0000,0.0000,0.0000,0.0000,0.0000,-3.1257,-0.2178,0.8405,0.0061,-0.0043,-0.0130
1774944598.8514,0.0000,0.0000,0.0000,0.0000,0.0000,-3.1257,-0.2178,0.8405,0.0061,-0.0043,-0.0130
1774944598.8715,0.0000,0.0000,0.0000,0.0000,0.0000,-3.1257,-0.2178,0.8405,0.0061,-0.0043,-0.0130
1774944598.8914,0.0000,0.0000,0.0000,0.0000,0.0000,-3.1257,-0.2178,0.8405,0.0061,-0.0043,-0.0130
1774944598.9115,0.0000,0.0000,0.0000,0.0000,0.0000,-3.1257,-0.2178,0.8405,0.0061,-0.0043,-0.0130
1774944598.9314,0.0000,0.0000,0.0000,0.0000,0.0000,-3.1257,-0.2178,0.8405,0.0061,-0.0043,-0.0130
1774944598.9516,0.0000,0.0000,0.0000,0.0000,0.0000,-3.1257,-0.2178,0.8405,0.0061,-0.0043,-0.0130
1774944598.9715,0.0000,0.0000,0.0000,0.0000,0.0000,-3.1257,-0.2178,0.8405,0.0061,-0.0043,-0.0130
1774944598.9914,0.0000,0.0000,0.0000,0.0000,0.0000,-3.1257,-0.2178,0.8405,0.0061,-0.0043,-0.0130
1774944599.0114,0.0000,0.0000,0.0000,0.0000,0.0000,-3.1257,-0.2178,0.8405,0.0061,-0.0043,-0.0130
1774944599.0314,0.0000,0.0000,0.0000,0.0000,0.0000,-3.1257,-0.2178,0.8405,0.0061,-0.0043,-0.0130
1774944599.0515,0.0000,0.0000,0.0000,0.0000,0.0000,-3.1257,-0.2178,0.8405,0.0061,-0.0043,-0.0130
1774944599.0714,0.0000,0.0000,0.0000,0.0000,0.0000,-3.1257,-0.2178,0.8405,0.0061,-0.0043,-0.0130
1774944599.0923,0.0000,0.0000,0.0000,0.0000,0.0000,-3.1257,-0.2178,0.8405,0.0061,-0.0043,-0.0130
1774944599.1114,0.0000,0.0000,0.0000,0.0000,0.0000,-3.1257,-0.2178,0.8405,0.0061,-0.0043,-0.0130
1774944599.1314,0.0000,0.0000,0.0000,0.0000,0.0000,-3.1257,-0.2178,0.8405,0.0061,-0.0043,-0.0130
1774944599.1514,0.0000,0.0000,0.0000,0.0000,0.0000,-3.1257,-0.2178,0.8405,0.0061,-0.0043,-0.0130
1774944599.1714,0.0000,0.0000,0.0000,0.0000,0.0000,-3.1257,-0.2178,0.8405,0.0061,-0.0043,-0.0130
1774944599.1914,0.0000,0.0000,0.0000,0.0000,0.0000,-3.1257,-0.2178,0.8405,0.0061,-0.0043,-0.0130
1774944599.2114,0.0000,0.0000,0.0000,0.0000,0.0000,-3.1257,-0.2178,0.8405,0.0061,-0.0043,-0.0130
1774944599.2314,0.0000,0.0000,0.0000,0.0000,0.0000,-3.1257,-0.2178,0.8405,0.0061,-0.0043,-0.0130
1774944599.2515,0.0000,0.0000,0.0000,0.0000,0.0000,-3.1257,-0.2178,0.8405,0.0061,-0.0043,-0.0130
1774944599.2714,0.0000,0.0000,0.0000,0.0000,0.0000,-3.1257,-0.2178,0.8405,0.0061,-0.0043,-0.0130
1774944599.2914,0.0000,0.0000,0.0000,0.0000,0.0000,-3.1257,-0.2178,0.8405,0.0061,-0.0043,-0.0130
1774944599.3114,0.0000,0.0000,0.0000,0.0000,0.0000,-3.1257,-0.2178,0.8405,0.0061,-0.0043,-0.0130
1774944599.3314,0.0000,0.0000,0.0000,0.0000,0.0000,-3.1257,-0.2178,0.8405,0.0061,-0.0043,-0.0130
1774944599.3514,0.0000,0.0000,0.0000,0.0000,0.0000,-3.1257,-0.2178,0.8405,0.0061,-0.0043,-0.0130
1774944599.3714,0.0000,0.0000,0.0000,0.0000,0.0000,-3.1257,-0.2178,0.8405,0.0061,-0.0043,-0.0130
1774944599.3914,0.0000,0.0000,0.0000,0.0000,0.0000,-3.1257,-0.2178,0.8405,0.0061,-0.0043,-0.0130
1774944599.4114,0.0000,0.0000,0.0000,0.0000,0.0000,-3.1257,-0.2178,0.8405,0.0061,-0.0043,-0.0130
1774944599.4314,0.0000,0.0000,0.0000,0.0000,0.0000,-3.1257,-0.2178,0.8405,0.0061,-0.0043,-0.0130
1774944599.4514,0.0000,0.0000,0.0000,0.0000,0.0000,-3.1257,-0.2178,0.8405,0.0061,-0.0043,-0.0130
1774944599.4714,0.0000,0.0000,0.0000,0.0000,0.0000,-3.1257,-0.2178,0.8405,0.0061,-0.0043,-0.0130
1774944599.4914,0.0000,0.0000,0.0000,0.0000,0.0000,-3.1257,-0.2178,0.8405,0.0061,-0.0043,-0.0130
1774944599.5114,0.0000,0.0000,0.0000,0.0000,0.0000,-3.1257,-0.2178,0.8405,0.0061,-0.0043,-0.0130
1774944599.5314,0.0000,0.0000,0.0000,0.0000,0.0000,-3.1257,-0.2178,0.8405,0.0061,-0.0043,-0.0130
1774944599.5514,0.0000,0.0000,0.0000,0.0000,0.0000,-3.1257,-0.2178,0.8405,0.0061,-0.0043,-0.0130
1774944599.5714,0.0000,0.0000,0.0000,0.0000,0.0000,-3.1257,-0.2178,0.8405,0.0061,-0.0043,-0.0130
1774944599.5914,0.0000,0.0000,0.0000,0.0000,0.0000,-3.1257,-0.2178,0.8405,0.0061,-0.0043,-0.0130
1774944599.6114,0.0000,0.0000,0.0000,0.0000,0.0000,-3.1257,-0.2178,0.8405,0.0061,-0.0043,-0.0130
1774944599.6314,0.0000,0.0000,0.0000,0.0000,0.0000,-3.1257,-0.2178,0.8405,0.0061,-0.0043,-0.0130
1774944599.6514,0.0000,0.0000,0.0000,0.0000,0.0000,-3.1257,-0.2178,0.8405,0.0061,-0.0043,-0.0130
1774944599.6714,0.0000,0.0000,0.0000,0.0000,0.0000,-3.1257,-0.2178,0.8405,0.0061,-0.0043,-0.0130
1774944599.6914,0.0000,0.0000,0.0000,0.0000,0.0000,-3.1257,-0.2178,0.8405,0.0061,-0.0043,-0.0130
1774944599.7114,0.0000,0.0000,0.0000,0.0000,0.0000,-3.1257,-0.2178,0.8405,0.0061,-0.0043,-0.0130
1774944599.7314,0.0000,0.0000,0.0000,0.0000,0.0000,-3.1257,-0.2178,0.8405,0.0061,-0.0043,-0.0130
1774944599.7514,0.0000,0.0000,0.0000,0.0000,0.0000,-3.1257,-0.2178,0.8405,0.0061,-0.0043,-0.0130
1774944599.7714,0.0000,0.0000,0.0000,0.0000,0.0000,-3.1257,-0.2178,0.8405,0.0061,-0.0043,-0.0130
1774944599.7914,0.0000,0.0000,0.0000,0.0000,0.0000,-3.1257,-0.2178,0.8405,0.0061,-0.0043,-0.0130
1774944599.8114,0.0000,0.0000,0.0000,0.0000,0.0000,-3.1257,-0.2178,0.8405,0.0061,-0.0043,-0.0130
1774944599.8314,0.0000,0.0000,0.0000,0.0000,0.0000,-3.1257,-0.2178,0.8405,0.0061,-0.0043,-0.0130
1774944599.8514,0.0000,0.0000,0.0000,0.0000,0.0000,-3.1257,-0.2178,0.8405,0.0061,-0.0043,-0.0130
1774944599.8714,0.0000,0.0000,0.0000,0.0000,0.0000,-3.1257,-0.2178,0.8405,0.0061,-0.0043,-0.0130
1774944599.8914,0.0000,0.0000,0.0000,0.0000,0.0000,-3.1257,-0.2178,0.8405,0.0061,-0.0043,-0.0130
1774944599.9114,0.0000,0.0000,0.0000,0.0000,0.0000,-3.1257,-0.2178,0.8405,0.0061,-0.0043,-0.0130
1774944599.9314,0.0000,0.0000,0.0000,0.0000,0.0000,-3.1257,-0.2178,0.8405,0.0061,-0.0043,-0.0130
1774944599.9514,0.0000,0.0000,0.0000,0.0000,0.0000,-3.1257,-0.2178,0.8405,0.0061,-0.0043,-0.0130
1774944599.9714,0.0000,0.0000,0.0000,0.0000,0.0000,-3.1257,-0.2178,0.8405,0.0061,-0.0043,-0.0130
1774944599.9914,0.0000,0.0000,0.0000,0.0000,0.0000,-3.1257,-0.2178,0.8405,0.0061,-0.0043,-0.0130
1774944600.0114,0.0000,0.0000,0.0000,0.0000,0.0000,-3.1257,-0.2178,0.8405,0.0061,-0.0043,-0.0130
1774944600.0314,0.0000,0.0000,0.0000,0.0000,0.0000,-3.1257,-0.2178,0.8405,0.0061,-0.0043,-0.0130
1774944600.0514,0.0000,0.0000,0.0000,0.0000,0.0000,-3.1257,-0.2178,0.8405,0.0061,-0.0043,-0.0130
1774944600.0714,0.0000,0.0000,0.0000,0.0000,0.0000,-3.1257,-0.2178,0.8405,0.0061,-0.0043,-0.0130
1774944600.0914,0.0000,0.0000,0.0000,0.0000,0.0000,-3.1257,-0.2178,0.8405,0.0061,-0.0043,-0.0130
1774944600.1114,0.0000,0.0000,0.0000,0.0000,0.0000,-3.1257,-0.2178,0.8405,0.0061,-0.0043,-0.0130
1774944600.1315,0.0000,0.0000,0.0000,0.0000,0.0000,-3.1257,-0.2178,0.8405,0.0061,-0.0043,-0.0130
1774944600.1514,0.0000,0.0000,0.0000,0.0000,0.0000,-3.1257,-0.2178,0.8405,0.0061,-0.0043,-0.0130
1774944600.1714,0.0000,0.0000,0.0000,0.0000,0.0000,-3.1257,-0.2178,0.8405,0.0061,-0.0043,-0.0130
1774944600.1914,0.0000,0.0000,0.0000,0.0000,0.0000,-3.1257,-0.2178,0.8405,0.0061,-0.0043,-0.0130
1774944600.2115,0.0000,0.0000,0.0000,0.0000,0.0000,-3.1257,-0.2178,0.8405,0.0061,-0.0043,-0.0130
1774944600.2314,0.0000,0.0000,0.0000,0.0000,0.0000,-3.1257,-0.2178,0.8405,0.0061,-0.0043,-0.0130
1774944600.2513,0.0000,0.0000,0.0000,0.0000,0.0000,-3.1257,-0.2178,0.8405,0.0061,-0.0043,-0.0130
1774944600.2714,0.0000,0.0000,0.0000,0.0000,0.0000,-3.1257,-0.2178,0.8405,0.0061,-0.0043,-0.0130
1774944600.2916,0.0000,0.0000,0.0000,0.0000,0.0000,-3.1257,-0.2178,0.8405,0.0061,-0.0043,-0.0130
1774944600.3114,0.0000,0.0000,0.0000,0.0000,0.0000,-3.1257,-0.2178,0.8405,0.0061,-0.0043,-0.0130
1774944600.3315,0.0000,0.0000,0.0000,0.0000,0.0000,-3.1257,-0.2178,0.8405,0.0061,-0.0043,-0.0130
1774944600.3514,0.0000,0.0000,0.0000,0.0000,0.0000,-3.1257,-0.2178,0.8405,0.0061,-0.0043,-0.0130
1774944600.3716,0.0000,0.0000,0.0000,0.0000,0.0000,-3.1257,-0.2178,0.8405,0.0061,-0.0043,-0.0130
1774944600.3915,0.0000,0.0000,0.0000,0.0000,0.0000,-3.1257,-0.2178,0.8405,0.0061,-0.0043,-0.0130
1774944600.4116,0.0000,0.0000,0.0000,0.0000,0.0000,-3.1257,-0.2178,0.8405,0.0061,-0.0043,-0.0130
1774944600.4314,0.0000,0.0000,0.0000,0.0000,0.0000,-3.1257,-0.2178,0.8405,0.0061,-0.0043,-0.0130
1774944600.4514,0.0000,0.0000,0.0000,0.0000,0.0000,-3.1257,-0.2178,0.8405,0.0061,-0.0043,-0.0130
1774944600.4715,0.0000,0.0000,0.0000,0.0000,0.0000,-3.1257,-0.2178,0.8405,0.0061,-0.0043,-0.0130
1774944600.4914,0.0000,0.0000,0.0000,0.0000,0.0000,-3.1257,-0.2178,0.8405,0.0061,-0.0043,-0.0130
1774944600.5114,0.0000,0.0000,0.0000,0.0000,0.0000,-3.1257,-0.2178,0.8405,0.0061,-0.0043,-0.0130
1774944600.5315,0.0000,0.0000,0.0000,0.0000,0.0000,-3.1257,-0.2178,0.8405,0.0061,-0.0043,-0.0130
1774944600.5514,0.0000,0.0000,0.0000,0.0000,0.0000,-3.1257,-0.2178,0.8405,0.0061,-0.0043,-0.0130
1774944600.5715,0.0000,0.0000,0.0000,0.0000,0.0000,-3.1257,-0.2178,0.8405,0.0061,-0.0043,-0.0130
1774944600.5915,0.0000,0.0000,0.0000,0.0000,0.0000,-3.1257,-0.2178,0.8405,0.0061,-0.0043,-0.0130
1774944600.6114,0.0000,0.0000,0.0000,0.0000,0.0000,-3.1257,-0.2178,0.8405,0.0061,-0.0043,-0.0130
1774944600.6314,0.0000,0.0000,0.0000,0.0000,0.0000,-3.1257,-0.2178,0.8405,0.0061,-0.0043,-0.0130
1774944600.6514,0.0000,0.0000,0.0000,0.0000,0.0000,-3.1257,-0.2178,0.8405,0.0061,-0.0043,-0.0130
1774944600.6714,0.0000,0.0000,0.0000,0.0000,0.0000,-3.1257,-0.2178,0.8405,0.0061,-0.0043,-0.0130
1774944600.6915,0.0000,0.0000,0.0000,0.0000,0.0000,-3.1257,-0.2178,0.8405,0.0061,-0.0043,-0.0130
1774944600.7114,0.0000,0.0000,0.0000,0.0000,0.0000,-3.1257,-0.2178,0.8405,0.0061,-0.0043,-0.0130
1774944600.7314,0.0000,0.0000,0.0000,0.0000,0.0000,-3.1257,-0.2178,0.8405,0.0061,-0.0043,-0.0130
1774944600.7515,0.0000,0.0000,0.0000,0.0000,0.0000,-3.1257,-0.2178,0.8405,0.0061,-0.0043,-0.0130
1774944600.7714,0.0000,0.0000,0.0000,0.0000,0.0000,-3.1257,-0.2178,0.8405,0.0061,-0.0043,-0.0130
1774944600.7914,0.0000,0.0000,0.0000,0.0000,0.0000,-3.1257,-0.2178,0.8405,0.0061,-0.0043,-0.0130
1774944600.8114,0.0000,0.0000,0.0000,0.0000,0.0000,-3.1257,-0.2178,0.8405,0.0061,-0.0043,-0.0130
1774944600.8315,0.0000,0.0000,0.0000,0.0000,0.0000,-3.1257,-0.2178,0.8405,0.0061,-0.0043,-0.0130
1774944600.8514,0.0000,0.0000,0.0000,0.0000,0.0000,-3.1257,-0.2178,0.8405,0.0061,-0.0043,-0.0130
1774944600.8714,0.0000,0.0000,0.0000,0.0000,0.0000,-3.1257,-0.2178,0.8405,0.0061,-0.0043,-0.0130
1774944600.8914,0.0000,0.0000,0.0000,0.0000,0.0000,-3.1257,-0.2178,0.8405,0.0061,-0.0043,-0.0130
1774944600.9115,0.0000,0.0000,0.0000,0.0000,0.0000,-3.1257,-0.2178,0.8405,0.0061,-0.0043,-0.0130
1774944600.9315,0.0000,0.0000,0.0000,0.0000,0.0000,-3.1257,-0.2178,0.8405,0.0061,-0.0043,-0.0130
1774944600.9516,0.0000,0.0000,0.0000,0.0000,0.0000,-3.1257,-0.2178,0.8405,0.0061,-0.0043,-0.0130
1774944600.9715,0.0000,0.0000,0.0000,0.0000,0.0000,-3.1257,-0.2178,0.8405,0.0061,-0.0043,-0.0130
1774944600.9914,0.0000,0.0000,0.0000,0.0000,0.0000,-3.1257,-0.2178,0.8405,0.0061,-0.0043,-0.0130
1774944601.0114,0.0000,0.0000,0.0000,0.0000,0.0000,-3.1257,-0.2178,0.8405,0.0061,-0.0043,-0.0130
1774944601.0314,0.0000,0.0000,0.0000,0.0000,0.0000,-3.1257,-0.2178,0.8405,0.0061,-0.0043,-0.0130
1774944601.0514,0.0000,0.0000,0.0000,0.0000,0.0000,-3.1257,-0.2178,0.8405,0.0061,-0.0043,-0.0130
1774944601.0714,0.0000,0.0000,0.0000,0.0000,0.0000,-3.1257,-0.2178,0.8405,0.0061,-0.0043,-0.0130
1774944601.0914,0.0000,0.0000,0.0000,0.0000,0.0000,-3.1257,-0.2178,0.8405,0.0061,-0.0043,-0.0130
1774944601.1114,0.0000,0.0000,0.0000,0.0000,0.0000,-3.1257,-0.2178,0.8405,0.0061,-0.0043,-0.0130
1774944601.1314,0.0000,0.0000,0.0000,0.0000,0.0000,-3.1257,-0.2178,0.8405,0.0061,-0.0043,-0.0130
1774944601.1514,0.0000,0.0000,0.0000,0.0000,0.0000,-3.1257,-0.2178,0.8405,0.0061,-0.0043,-0.0130
1774944601.1714,0.0000,0.0000,0.0000,0.0000,0.0000,-3.1257,-0.2178,0.8405,0.0061,-0.0043,-0.0130
1774944601.1914,0.0000,0.0000,0.0000,0.0000,0.0000,-3.1257,-0.2178,0.8405,0.0061,-0.0043,-0.0130
1774944601.2115,0.0000,0.0000,0.0000,0.0000,0.0000,-3.1257,-0.2178,0.8405,0.0061,-0.0043,-0.0130
1774944601.2314,0.0000,0.0000,0.0000,0.0000,0.0000,-3.1257,-0.2178,0.8405,0.0061,-0.0043,-0.0130
1774944601.2514,0.0000,0.0000,0.0000,0.0000,0.0000,-3.1257,-0.2178,0.8405,0.0061,-0.0043,-0.0130
1774944601.2716,0.0000,0.0000,0.0000,0.0000,0.0000,-3.1257,-0.2178,0.8405,0.0061,-0.0043,-0.0130
1774944601.2915,0.0000,0.0000,0.0000,0.0000,0.0000,-3.1257,-0.2178,0.8405,0.0061,-0.0043,-0.0130
1774944601.3114,0.0000,0.0000,0.0000,0.0000,0.0000,-3.1257,-0.2178,0.8405,0.0061,-0.0043,-0.0130
1774944601.3314,0.0000,0.0000,0.0000,0.0000,0.0000,-3.1257,-0.2178,0.8405,0.0061,-0.0043,-0.0130
1774944601.3514,0.0000,0.0000,0.0000,0.0000,0.0000,-3.1257,-0.2178,0.8405,0.0061,-0.0043,-0.0130
1774944601.3715,0.0000,0.0000,0.0000,0.0000,0.0000,-3.1257,-0.2178,0.8405,0.0061,-0.0043,-0.0130
1774944601.3914,0.0000,0.0000,0.0000,0.0000,0.0000,-3.1257,-0.2178,0.8405,0.0061,-0.0043,-0.0130
1774944601.4114,0.0000,0.0000,0.0000,0.0000,0.0000,-3.1257,-0.2178,0.8405,0.0061,-0.0043,-0.0130
1774944601.4314,0.0000,0.0000,0.0000,0.0000,0.0000,-3.1257,-0.2178,0.8405,0.0061,-0.0043,-0.0130
1774944601.4514,0.0000,0.0000,0.0000,0.0000,0.0000,-3.1257,-0.2178,0.8405,0.0061,-0.0043,-0.0130
1774944601.4715,0.0000,0.0000,0.0000,0.0000,0.0000,-3.1257,-0.2178,0.8405,0.0061,-0.0043,-0.0130
1774944601.4914,0.0000,0.0000,0.0000,0.0000,0.0000,-3.1257,-0.2178,0.8405,0.0061,-0.0043,-0.0130
1774944601.5114,0.0000,0.0000,0.0000,0.0000,0.0000,-3.1257,-0.2178,0.8405,0.0061,-0.0043,-0.0130
1774944601.5314,0.0000,0.0000,0.0000,0.0000,0.0000,-3.1257,-0.2178,0.8405,0.0061,-0.0043,-0.0130
1774944601.5514,0.0000,0.0000,0.0000,0.0000,0.0000,-3.1257,-0.2178,0.8405,0.0061,-0.0043,-0.0130
1774944601.5714,0.0000,0.0000,0.0000,0.0000,0.0000,-3.1257,-0.2178,0.8405,0.0061,-0.0043,-0.0130
1774944601.5914,0.0000,0.0000,0.0000,0.0000,0.0000,-3.1257,-0.2178,0.8405,0.0061,-0.0043,-0.0130
1774944601.6137,0.0000,0.0000,0.0000,0.0000,0.0000,-3.1257,-0.2178,0.8405,0.0061,-0.0043,-0.0130
1774944601.6316,0.0000,0.0000,0.0000,0.0000,0.0000,-3.1257,-0.2178,0.8405,0.0061,-0.0043,-0.0130
1774944601.6516,0.0000,0.0000,0.0000,0.0000,0.0000,-3.1257,-0.2178,0.8405,0.0061,-0.0043,-0.0130
1774944601.6718,0.0000,0.0000,0.0000,0.0000,0.0000,-3.1257,-0.2178,0.8405,0.0061,-0.0043,-0.0130
1774944601.6916,0.0000,0.0000,0.0000,0.0000,0.0000,-3.1257,-0.2178,0.8405,0.0061,-0.0043,-0.0130
1774944601.7116,0.0000,0.0000,0.0000,0.0000,0.0000,-3.1257,-0.2178,0.8405,0.0061,-0.0043,-0.0130
1774944601.7316,0.0000,0.0000,0.0000,0.0000,0.0000,-3.1257,-0.2178,0.8405,0.0061,-0.0043,-0.0130
1774944601.7516,0.0000,0.0000,0.0000,0.0000,0.0000,-3.1257,-0.2178,0.8405,0.0061,-0.0043,-0.0130
1774944601.7724,0.0000,0.0000,0.0000,0.0000,0.0000,-3.1257,-0.2178,0.8405,0.0061,-0.0043,-0.0130
1774944601.7915,0.0000,0.0000,0.0000,0.0000,0.0000,-3.1257,-0.2178,0.8405,0.0061,-0.0043,-0.0130
1774944601.8116,0.0000,0.0000,0.0000,0.0000,0.0000,-3.1257,-0.2178,0.8405,0.0061,-0.0043,-0.0130
1774944601.8315,0.0000,0.0000,0.0000,0.0000,0.0000,-3.1257,-0.2178,0.8405,0.0061,-0.0043,-0.0130
1774944601.8515,0.0000,0.0000,0.0000,0.0000,0.0000,-3.1257,-0.2178,0.8405,0.0061,-0.0043,-0.0130
1774944601.8715,0.0000,0.0000,0.0000,0.0000,0.0000,-3.1257,-0.2178,0.8405,0.0061,-0.0043,-0.0130
1774944601.8914,0.0000,0.0000,0.0000,0.0000,0.0000,-3.1257,-0.2178,0.8405,0.0061,-0.0043,-0.0130
1774944601.9115,0.0000,0.0000,0.0000,0.0000,0.0000,-3.1257,-0.2178,0.8405,0.0061,-0.0043,-0.0130
1774944601.9315,0.0000,0.0000,0.0000,0.0000,0.0000,-3.1257,-0.2178,0.8405,0.0061,-0.0043,-0.0130
1774944601.9516,0.0000,0.0000,0.0000,0.0000,0.0000,-3.1257,-0.2178,0.8405,0.0061,-0.0043,-0.0130
1774944601.9716,0.0000,0.0000,0.0000,0.0000,0.0000,-3.1257,-0.2178,0.8405,0.0061,-0.0043,-0.0130
1774944601.9916,0.0000,0.0000,0.0000,0.0000,0.0000,-3.1257,-0.2178,0.8405,0.0061,-0.0043,-0.0130
1774944602.0116,0.0000,0.0000,0.0000,0.0000,0.0000,-3.1257,-0.2178,0.8405,0.0061,-0.0043,-0.0130
1774944602.0316,0.0000,0.0000,0.0000,0.0000,0.0000,-3.1257,-0.2178,0.8405,0.0061,-0.0043,-0.0130
1774944602.0515,0.0000,0.0000,0.0000,0.0000,0.0000,-3.1257,-0.2178,0.8405,0.0061,-0.0043,-0.0130
1774944602.0715,0.0000,0.0000,0.0000,0.0000,0.0000,-3.1257,-0.2178,0.8405,0.0061,-0.0043,-0.0130
1774944602.0915,0.0000,0.0000,0.0000,0.0000,0.0000,-3.1257,-0.2178,0.8405,0.0061,-0.0043,-0.0130
1774944602.1115,0.0000,0.0000,0.0000,0.0000,0.0000,-3.1257,-0.2178,0.8405,0.0061,-0.0043,-0.0130
1774944602.1315,0.0000,0.0000,0.0000,0.0000,0.0000,-3.1257,-0.2178,0.8405,0.0061,-0.0043,-0.0130
1774944602.1514,0.0000,0.0000,0.0000,0.0000,0.0000,-3.1257,-0.2178,0.8405,0.0061,-0.0043,-0.0130
1774944602.1715,0.0000,0.0000,0.0000,0.0000,0.0000,-3.1257,-0.2178,0.8405,0.0061,-0.0043,-0.0130
1774944602.1915,0.0000,0.0000,0.0000,0.0000,0.0000,-3.1257,-0.2178,0.8405,0.0061,-0.0043,-0.0130
1774944602.2116,0.0000,0.0000,0.0000,0.0000,0.0000,-3.1257,-0.2178,0.8405,0.0061,-0.0043,-0.0130
1774944602.2316,0.0000,0.0000,0.0000,0.0000,0.0000,-3.1257,-0.2178,0.8405,0.0061,-0.0043,-0.0130
1774944602.2516,0.0000,0.0000,0.0000,0.0000,0.0000,-3.1257,-0.2178,0.8405,0.0061,-0.0043,-0.0130
1774944602.2716,0.0000,0.0000,0.0000,0.0000,0.0000,-3.1257,-0.2178,0.8405,0.0061,-0.0043,-0.0130
1774944602.2916,0.0000,0.0000,0.0000,0.0000,0.0000,-3.1257,-0.2178,0.8405,0.0061,-0.0043,-0.0130
1774944602.3116,0.0000,0.0000,0.0000,0.0000,0.0000,-3.1257,-0.2178,0.8405,0.0061,-0.0043,-0.0130
1774944602.3316,0.0000,0.0000,0.0000,0.0000,0.0000,-3.1257,-0.2178,0.8405,0.0061,-0.0043,-0.0130
1774944602.3516,0.0000,0.0000,0.0000,0.0000,0.0000,-3.1257,-0.2178,0.8405,0.0061,-0.0043,-0.0130
1774944602.3716,0.0000,0.0000,0.0000,0.0000,0.0000,-3.1257,-0.2178,0.8405,0.0061,-0.0043,-0.0130
1774944602.3916,0.0000,0.0000,0.0000,0.0000,0.0000,-3.1257,-0.2178,0.8405,0.0061,-0.0043,-0.0130
1774944602.4117,0.0000,0.0000,0.0000,0.0000,0.0000,-3.1257,-0.2178,0.8405,0.0061,-0.0043,-0.0130
1774944602.4316,0.0000,0.0000,0.0000,0.0000,0.0000,-3.1257,-0.2178,0.8405,0.0061,-0.0043,-0.0130
1774944602.4516,0.0000,0.0000,0.0000,0.0000,0.0000,-3.1257,-0.2178,0.8405,0.0061,-0.0043,-0.0130
1774944602.4716,0.0000,0.0000,0.0000,0.0000,0.0000,-3.1257,-0.2178,0.8405,0.0061,-0.0043,-0.0130
1774944602.4916,0.0000,0.0000,0.0000,0.0000,0.0000,-3.1257,-0.2178,0.8405,0.0061,-0.0043,-0.0130
1774944602.5116,0.0000,0.0000,0.0000,0.0000,0.0000,-3.1257,-0.2178,0.8405,0.0061,-0.0043,-0.0130
1774944602.5315,0.0000,0.0000,0.0000,0.0000,0.0000,-3.1257,-0.2178,0.8405,0.0061,-0.0043,-0.0130
1774944602.5516,0.0000,0.0000,0.0000,0.0000,0.0000,-3.1257,-0.2178,0.8405,0.0061,-0.0043,-0.0130
1774944602.5716,0.0000,0.0000,0.0000,0.0000,0.0000,-3.1257,-0.2178,0.8405,0.0061,-0.0043,-0.0130
1774944602.5915,0.0000,0.0000,0.0000,0.0000,0.0000,-3.1257,-0.2178,0.8405,0.0061,-0.0043,-0.0130
1774944602.6116,0.0000,0.0000,0.0000,0.0000,0.0000,-3.1257,-0.2178,0.8405,0.0061,-0.0043,-0.0130
1774944602.6316,0.0000,0.0000,0.0000,0.0000,0.0000,-3.1257,-0.2178,0.8405,0.0061,-0.0043,-0.0130
1774944602.6516,0.0000,0.0000,0.0000,0.0000,0.0000,-3.1257,-0.2178,0.8405,0.0061,-0.0043,-0.0130
1774944602.6716,0.0000,0.0000,0.0000,0.0000,0.0000,-3.1257,-0.2178,0.8405,0.0061,-0.0043,-0.0130
1774944602.6915,0.0000,0.0000,0.0000,0.0000,0.0000,-3.1257,-0.2178,0.8405,0.0061,-0.0043,-0.0130
1774944602.7117,0.0000,0.0000,0.0000,0.0000,0.0000,-3.1257,-0.2178,0.8405,0.0061,-0.0043,-0.0130
1774944602.7315,0.0000,0.0000,0.0000,0.0000,0.0000,-3.1257,-0.2178,0.8405,0.0061,-0.0043,-0.0130
1774944602.7516,0.0000,0.0000,0.0000,0.0000,0.0000,-3.1257,-0.2178,0.8405,0.0061,-0.0043,-0.0130
1774944602.7715,0.0000,0.0000,0.0000,0.0000,0.0000,-3.1257,-0.2178,0.8405,0.0061,-0.0043,-0.0130
1774944602.7915,0.0000,0.0000,0.0000,0.0000,0.0000,-3.1257,-0.2178,0.8405,0.0061,-0.0043,-0.0130
1774944602.8116,0.0000,0.0000,0.0000,0.0000,0.0000,-3.1257,-0.2178,0.8405,0.0061,-0.0043,-0.0130
1774944602.8316,0.0000,0.0000,0.0000,0.0000,0.0000,-3.1257,-0.2178,0.8405,0.0061,-0.0043,-0.0130
1774944602.8516,0.0000,0.0000,0.0000,0.0000,0.0000,-3.1257,-0.2178,0.8405,0.0061,-0.0043,-0.0130
1774944602.8715,0.0000,0.0000,0.0000,0.0000,0.0000,-3.1257,-0.2178,0.8405,0.0061,-0.0043,-0.0130
1774944602.8915,0.0000,0.0000,0.0000,0.0000,0.0000,-3.1257,-0.2178,0.8405,0.0061,-0.0043,-0.0130
1774944602.9116,0.0000,0.0000,0.0000,0.0000,0.0000,-3.1257,-0.2178,0.8405,0.0061,-0.0043,-0.0130
1774944602.9315,0.0000,0.0000,0.0000,0.0000,0.0000,-3.1257,-0.2178,0.8405,0.0061,-0.0043,-0.0130
1774944602.9515,0.0000,0.0000,0.0000,0.0000,0.0000,-3.1257,-0.2178,0.8405,0.0061,-0.0043,-0.0130
1774944602.9715,0.0000,0.0000,0.0000,0.0000,0.0000,-3.1257,-0.2178,0.8405,0.0061,-0.0043,-0.0130
1774944602.9915,0.0000,0.0000,0.0000,0.0000,0.0000,-3.1257,-0.2178,0.8405,0.0061,-0.0043,-0.0130
1774944603.0116,0.0000,0.0000,0.0000,0.0000,0.0000,-3.1257,-0.2178,0.8405,0.0061,-0.0043,-0.0130
1774944603.0315,0.0000,0.0000,0.0000,0.0000,0.0000,-3.1257,-0.2178,0.8405,0.0061,-0.0043,-0.0130
1774944603.0514,0.0000,0.0000,0.0000,0.0000,0.0000,-3.1257,-0.2178,0.8405,0.0061,-0.0043,-0.0130
1774944603.0714,0.0000,0.0000,0.0000,0.0000,0.0000,-3.1257,-0.2178,0.8405,0.0061,-0.0043,-0.0130
1774944603.0915,0.0000,0.0000,0.0000,0.0000,0.0000,-3.1257,-0.2178,0.8405,0.0061,-0.0043,-0.0130
1774944603.1114,0.0000,0.0000,0.0000,0.0000,0.0000,-3.1257,-0.2178,0.8405,0.0061,-0.0043,-0.0130
1774944603.1314,0.0000,0.0000,0.0000,0.0000,0.0000,-3.1257,-0.2178,0.8405,0.0061,-0.0043,-0.0130
1774944603.1514,0.0000,0.0000,0.0000,0.0000,0.0000,-3.1257,-0.2178,0.8405,0.0061,-0.0043,-0.0130
1774944603.1714,0.0000,0.0000,0.0000,0.0000,0.0000,-3.1257,-0.2178,0.8405,0.0061,-0.0043,-0.0130
1774944603.1915,0.0000,0.0000,0.0000,0.0000,0.0000,-3.1257,-0.2178,0.8405,0.0061,-0.0043,-0.0130
1774944603.2115,0.0000,0.0000,0.0000,0.0000,0.0000,-3.1257,-0.2178,0.8405,0.0061,-0.0043,-0.0130
1774944603.2314,0.0000,0.0000,0.0000,0.0000,0.0000,-3.1257,-0.2178,0.8405,0.0061,-0.0043,-0.0130
1774944603.2515,0.0000,0.0000,0.0000,0.0000,0.0000,-3.1257,-0.2178,0.8405,0.0061,-0.0043,-0.0130
1774944603.2715,0.0000,0.0000,0.0000,0.0000,0.0000,-3.1257,-0.2178,0.8405,0.0061,-0.0043,-0.0130
1774944603.2915,0.0000,0.0000,0.0000,0.0000,0.0000,-3.1257,-0.2178,0.8405,0.0061,-0.0043,-0.0130
1774944603.3115,0.0000,0.0000,0.0000,0.0000,0.0000,-3.1257,-0.2178,0.8405,0.0061,-0.0043,-0.0130
1774944603.3314,0.0000,0.0000,0.0000,0.0000,0.0000,-3.1257,-0.2178,0.8405,0.0061,-0.0043,-0.0130
1774944603.3515,0.0000,0.0000,0.0000,0.0000,0.0000,-3.1257,-0.2178,0.8405,0.0061,-0.0043,-0.0130
1774944603.3714,0.0000,0.0000,0.0000,0.0000,0.0000,-3.1257,-0.2178,0.8405,0.0061,-0.0043,-0.0130
1774944603.3914,0.0000,0.0000,0.0000,0.0000,0.0000,-3.1257,-0.2178,0.8405,0.0061,-0.0043,-0.0130
1774944603.4116,0.0000,0.0000,0.0000,0.0000,0.0000,-3.1257,-0.2178,0.8405,0.0061,-0.0043,-0.0130
1774944603.4316,0.0000,0.0000,0.0000,0.0000,0.0000,-3.1257,-0.2178,0.8405,0.0061,-0.0043,-0.0130
1774944603.4515,0.0000,0.0000,0.0000,0.0000,0.0000,-3.1257,-0.2178,0.8405,0.0061,-0.0043,-0.0130
1774944603.4716,0.0000,0.0000,0.0000,0.0000,0.0000,-3.1257,-0.2178,0.8405,0.0061,-0.0043,-0.0130
1774944603.4915,0.0000,0.0000,0.0000,0.0000,0.0000,-3.1257,-0.2178,0.8405,0.0061,-0.0043,-0.0130
1774944603.5116,0.0000,0.0000,0.0000,0.0000,0.0000,-3.1257,-0.2178,0.8405,0.0061,-0.0043,-0.0130
1774944603.5315,0.0000,0.0000,0.0000,0.0000,0.0000,-3.1257,-0.2178,0.8405,0.0061,-0.0043,-0.0130
1774944603.5514,0.0000,0.0000,0.0000,0.0000,0.0000,-3.1257,-0.2178,0.8405,0.0061,-0.0043,-0.0130
1774944603.5714,0.0000,0.0000,0.0000,0.0000,0.0000,-3.1257,-0.2178,0.8405,0.0061,-0.0043,-0.0130
1774944603.5914,0.0000,0.0000,0.0000,0.0000,0.0000,-3.1257,-0.2178,0.8405,0.0061,-0.0043,-0.0130
1774944603.6114,0.0000,0.0000,0.0000,0.0000,0.0000,-3.1257,-0.2178,0.8405,0.0061,-0.0043,-0.0130
1774944603.6314,0.0000,0.0000,0.0000,0.0000,0.0000,-3.1257,-0.2178,0.8405,0.0061,-0.0043,-0.0130
1774944603.6514,0.0000,0.0000,0.0000,0.0000,0.0000,-3.1257,-0.2178,0.8405,0.0061,-0.0043,-0.0130
1774944603.6714,0.0000,0.0000,0.0000,0.0000,0.0000,-3.1257,-0.2178,0.8405,0.0061,-0.0043,-0.0130
1774944603.6915,0.0000,0.0000,0.0000,0.0000,0.0000,-3.1257,-0.2178,0.8405,0.0061,-0.0043,-0.0130
1774944603.7114,0.0000,0.0000,0.0000,0.0000,0.0000,-3.1257,-0.2178,0.8405,0.0061,-0.0043,-0.0130
1774944603.7314,0.0000,0.0000,0.0000,0.0000,0.0000,-3.1257,-0.2178,0.8405,0.0061,-0.0043,-0.0130
1774944603.7514,0.0000,0.0000,0.0000,0.0000,0.0000,-3.1257,-0.2178,0.8405,0.0061,-0.0043,-0.0130
1774944603.7714,0.0000,0.0000,0.0000,0.0000,0.0000,-3.1257,-0.2178,0.8405,0.0061,-0.0043,-0.0130
1774944603.7914,0.0000,0.0000,0.0000,0.0000,0.0000,-3.1257,-0.2178,0.8405,0.0061,-0.0043,-0.0130
1774944603.8122,0.0000,0.0000,0.0000,0.0000,0.0000,-3.1257,-0.2178,0.8405,0.0061,-0.0043,-0.0130
1774944603.8314,0.0000,0.0000,0.0000,0.0000,0.0000,-3.1257,-0.2178,0.8405,0.0061,-0.0043,-0.0130
1774944603.8513,0.0000,0.0000,0.0000,0.0000,0.0000,-3.1257,-0.2178,0.8405,0.0061,-0.0043,-0.0130
1774944603.8715,0.0000,0.0000,0.0000,0.0000,0.0000,-3.1257,-0.2178,0.8405,0.0061,-0.0043,-0.0130
1774944603.8915,0.0000,0.0000,0.0000,0.0000,0.0000,-3.1257,-0.2178,0.8405,0.0061,-0.0043,-0.0130
1774944603.9114,0.0000,0.0000,0.0000,0.0000,0.0000,-3.1257,-0.2178,0.8405,0.0061,-0.0043,-0.0130
1774944603.9317,0.0000,0.0000,0.0000,0.0000,0.0000,-3.1257,-0.2178,0.8405,0.0061,-0.0043,-0.0130
1774944603.9515,0.0000,0.0000,0.0000,0.0000,0.0000,-3.1257,-0.2178,0.8405,0.0061,-0.0043,-0.0130
1774944603.9715,0.0000,0.0000,0.0000,0.0000,0.0000,-3.1257,-0.2178,0.8405,0.0061,-0.0043,-0.0130
1774944603.9915,0.0000,0.0000,0.0000,0.0000,0.0000,-3.1257,-0.2178,0.8405,0.0061,-0.0043,-0.0130
1774944604.0117,0.0000,0.0000,0.0000,0.0000,0.0000,-3.1257,-0.2178,0.8405,0.0061,-0.0043,-0.0130
1774944604.0315,0.0000,0.0000,0.0000,0.0000,0.0000,-3.1257,-0.2178,0.8405,0.0061,-0.0043,-0.0130
1774944604.0516,0.0000,0.0000,0.0000,0.0000,0.0000,-3.1257,-0.2178,0.8405,0.0061,-0.0043,-0.0130
1774944604.0715,0.0000,0.0000,0.0000,0.0000,0.0000,-3.1257,-0.2178,0.8405,0.0061,-0.0043,-0.0130
1774944604.0916,0.0000,0.0000,0.0000,0.0000,0.0000,-3.1257,-0.2178,0.8405,0.0061,-0.0043,-0.0130
1774944604.1115,0.0000,0.0000,0.0000,0.0000,0.0000,-3.1257,-0.2178,0.8405,0.0061,-0.0043,-0.0130
1774944604.1318,0.0000,0.0000,0.0000,0.0000,0.0000,-3.1257,-0.2178,0.8405,0.0061,-0.0043,-0.0130
1774944604.1515,0.0000,0.0000,0.0000,0.0000,0.0000,-3.1257,-0.2178,0.8405,0.0061,-0.0043,-0.0130
1774944604.1715,0.0000,0.0000,0.0000,0.0000,0.0000,-3.1257,-0.2178,0.8405,0.0061,-0.0043,-0.0130
1774944604.1915,0.0000,0.0000,0.0000,0.0000,0.0000,-3.1257,-0.2178,0.8405,0.0061,-0.0043,-0.0130
1774944604.2115,0.0000,0.0000,0.0000,0.0000,0.0000,-3.1257,-0.2178,0.8405,0.0061,-0.0043,-0.0130
1774944604.2316,0.0000,0.0000,0.0000,0.0000,0.0000,-3.1257,-0.2178,0.8405,0.0061,-0.0043,-0.0130
1774944604.2516,0.0000,0.0000,0.0000,0.0000,0.0000,-3.1257,-0.2178,0.8405,0.0061,-0.0043,-0.0130
1774944604.2718,0.0000,0.0000,0.0000,0.0000,0.0000,-3.1257,-0.2178,0.8405,0.0061,-0.0043,-0.0130
1774944604.2915,0.0000,0.0000,0.0000,0.0000,0.0000,-3.1257,-0.2178,0.8405,0.0061,-0.0043,-0.0130
1774944604.3116,0.0000,0.0000,0.0000,0.0000,0.0000,-3.1257,-0.2178,0.8405,0.0061,-0.0043,-0.0130
1774944604.3315,0.0000,0.0000,0.0000,0.0000,0.0000,-3.1257,-0.2178,0.8405,0.0061,-0.0043,-0.0130
1774944604.3516,0.0000,0.0000,0.0000,0.0000,0.0000,-3.1257,-0.2178,0.8405,0.0061,-0.0043,-0.0130
1774944604.3719,0.0000,0.0000,0.0000,0.0000,0.0000,-3.1257,-0.2178,0.8405,0.0061,-0.0043,-0.0130
1774944604.3916,0.0000,0.0000,0.0000,0.0000,0.0000,-3.1257,-0.2178,0.8405,0.0061,-0.0043,-0.0130
1774944604.4116,0.0000,0.0000,0.0000,0.0000,0.0000,-3.1257,-0.2178,0.8405,0.0061,-0.0043,-0.0130
1774944604.4316,0.0000,0.0000,0.0000,0.0000,0.0000,-3.1257,-0.2178,0.8405,0.0061,-0.0043,-0.0130
1774944604.4515,0.0000,0.0000,0.0000,0.0000,0.0000,-3.1257,-0.2178,0.8405,0.0061,-0.0043,-0.0130
1774944604.4716,0.0000,0.0000,0.0000,0.0000,0.0000,-3.1257,-0.2178,0.8405,0.0061,-0.0043,-0.0130
1774944604.4916,0.0000,0.0000,0.0000,0.0000,0.0000,-3.1257,-0.2178,0.8405,0.0061,-0.0043,-0.0130
1774944604.5117,0.0000,0.0000,0.0000,0.0000,0.0000,-3.1257,-0.2178,0.8405,0.0061,-0.0043,-0.0130
1774944604.5316,0.0000,0.0000,0.0000,0.0000,0.0000,-3.1257,-0.2178,0.8405,0.0061,-0.0043,-0.0130
1774944604.5516,0.0000,0.0000,0.0000,0.0000,0.0000,-3.1257,-0.2178,0.8405,0.0061,-0.0043,-0.0130
1774944604.5715,0.0000,0.0000,0.0000,0.0000,0.0000,-3.1257,-0.2178,0.8405,0.0061,-0.0043,-0.0130
1774944604.5915,0.0000,0.0000,0.0000,0.0000,0.0000,-3.1257,-0.2178,0.8405,0.0061,-0.0043,-0.0130
1774944604.6115,0.0000,0.0000,0.0000,0.0000,0.0000,-3.1257,-0.2178,0.8405,0.0061,-0.0043,-0.0130
1774944604.6315,0.0000,0.0000,0.0000,0.0000,0.0000,-3.1257,-0.2178,0.8405,0.0061,-0.0043,-0.0130
1774944604.6516,0.0000,0.0000,0.0000,0.0000,0.0000,-3.1257,-0.2178,0.8405,0.0061,-0.0043,-0.0130
1774944604.6716,0.0000,0.0000,0.0000,0.0000,0.0000,-3.1257,-0.2178,0.8405,0.0061,-0.0043,-0.0130
1774944604.6915,0.0000,0.0000,0.0000,0.0000,0.0000,-3.1257,-0.2178,0.8405,0.0061,-0.0043,-0.0130
1774944604.7115,0.0000,0.0000,0.0000,0.0000,0.0000,-3.1257,-0.2178,0.8405,0.0061,-0.0043,-0.0130
1774944604.7315,0.0000,0.0000,0.0000,0.0000,0.0000,-3.1257,-0.2178,0.8405,0.0061,-0.0043,-0.0130
1774944604.7514,0.0000,0.0000,0.0000,0.0000,0.0000,-3.1257,-0.2178,0.8405,0.0061,-0.0043,-0.0130
1774944604.7715,0.0000,0.0000,0.0000,0.0000,0.0000,-3.1257,-0.2178,0.8405,0.0061,-0.0043,-0.0130
1774944604.7915,0.0000,0.0000,0.0000,0.0000,0.0000,-3.1257,-0.2178,0.8405,0.0061,-0.0043,-0.0130
1774944604.8116,0.0000,0.0000,0.0000,0.0000,0.0000,-3.1257,-0.2178,0.8405,0.0061,-0.0043,-0.0130
1774944604.8316,0.0000,0.0000,0.0000,0.0000,0.0000,-3.1257,-0.2178,0.8405,0.0061,-0.0043,-0.0130
1774944604.8516,0.0000,0.0000,0.0000,0.0000,0.0000,-3.1257,-0.2178,0.8405,0.0061,-0.0043,-0.0130
1774944604.8716,0.0000,0.0000,0.0000,0.0000,0.0000,-3.1257,-0.2178,0.8405,0.0061,-0.0043,-0.0130
1774944604.8916,0.0000,0.0000,0.0000,0.0000,0.0000,-3.1257,-0.2178,0.8405,0.0061,-0.0043,-0.0130
1774944604.9116,0.0000,0.0000,0.0000,0.0000,0.0000,-3.1257,-0.2178,0.8405,0.0061,-0.0043,-0.0130
1774944604.9316,0.0000,0.0000,0.0000,0.0000,0.0000,-3.1257,-0.2178,0.8405,0.0061,-0.0043,-0.0130
1774944604.9516,0.0000,0.0000,0.0000,0.0000,0.0000,-3.1257,-0.2178,0.8405,0.0061,-0.0043,-0.0130
1774944604.9716,0.0000,0.0000,0.0000,0.0000,0.0000,-3.1257,-0.2178,0.8405,0.0061,-0.0043,-0.0130
1774944604.9915,0.0000,0.0000,0.0000,0.0000,0.0000,-3.1257,-0.2178,0.8405,0.0061,-0.0043,-0.0130
1774944605.0115,0.0000,0.0000,0.0000,0.0000,0.0000,-3.1257,-0.2178,0.8405,0.0061,-0.0043,-0.0130
1774944605.0315,0.0000,0.0000,0.0000,0.0000,0.0000,-3.1257,-0.2178,0.8405,0.0061,-0.0043,-0.0130
1774944605.0516,0.0000,0.0000,0.0000,0.0000,0.0000,-3.1257,-0.2178,0.8405,0.0061,-0.0043,-0.0130
1774944605.0717,0.0000,0.0000,0.0000,0.0000,0.0000,-3.1257,-0.2178,0.8405,0.0061,-0.0043,-0.0130
1774944605.0916,0.0000,0.0000,0.0000,0.0000,0.0000,-3.1257,-0.2178,0.8405,0.0061,-0.0043,-0.0130
1774944605.1116,0.0000,0.0000,0.0000,0.0000,0.0000,-3.1257,-0.2178,0.8405,0.0061,-0.0043,-0.0130
1774944605.1321,0.0000,0.0000,0.0000,0.0000,0.0000,-3.1257,-0.2178,0.8405,0.0061,-0.0043,-0.0130
1774944605.1516,0.0000,0.0000,0.0000,0.0000,0.0000,-3.1257,-0.2178,0.8405,0.0061,-0.0043,-0.0130
1774944605.1715,0.0000,0.0000,0.0000,0.0000,0.0000,-3.1257,-0.2178,0.8405,0.0061,-0.0043,-0.0130
1774944605.1916,0.0000,0.0000,0.0000,0.0000,0.0000,-3.1257,-0.2178,0.8405,0.0061,-0.0043,-0.0130
1774944605.2114,0.0000,0.0000,0.0000,0.0000,0.0000,-3.1257,-0.2178,0.8405,0.0061,-0.0043,-0.0130
1774944605.2315,0.0000,0.0000,0.0000,0.0000,0.0000,-3.1257,-0.2178,0.8405,0.0061,-0.0043,-0.0130
1774944605.2515,0.0000,0.0000,0.0000,0.0000,0.0000,-3.1257,-0.2178,0.8405,0.0061,-0.0043,-0.0130
1774944605.2715,0.0000,0.0000,0.0000,0.0000,0.0000,-3.1257,-0.2178,0.8405,0.0061,-0.0043,-0.0130
1774944605.2915,0.0000,0.0000,0.0000,0.0000,0.0000,-3.1257,-0.2178,0.8405,0.0061,-0.0043,-0.0130
1774944605.3116,0.0000,0.0000,0.0000,0.0000,0.0000,-3.1257,-0.2178,0.8405,0.0061,-0.0043,-0.0130
1774944605.3315,0.0000,0.0000,0.0000,0.0000,0.0000,-3.1257,-0.2178,0.8405,0.0061,-0.0043,-0.0130
1774944605.3516,0.0000,0.0000,0.0000,0.0000,0.0000,-3.1257,-0.2178,0.8405,0.0061,-0.0043,-0.0130
1774944605.3716,0.0000,0.0000,0.0000,0.0000,0.0000,-3.1257,-0.2178,0.8405,0.0061,-0.0043,-0.0130
1774944605.3916,0.0000,0.0000,0.0000,0.0000,0.0000,-3.1257,-0.2178,0.8405,0.0061,-0.0043,-0.0130
1774944605.4115,0.0000,0.0000,0.0000,0.0000,0.0000,-3.1257,-0.2178,0.8405,0.0061,-0.0043,-0.0130
1774944605.4316,0.0000,0.0000,0.0000,0.0000,0.0000,-3.1257,-0.2178,0.8405,0.0061,-0.0043,-0.0130
1774944605.4515,0.0000,0.0000,0.0000,0.0000,0.0000,-3.1257,-0.2178,0.8405,0.0061,-0.0043,-0.0130
1774944605.4714,0.0000,0.0000,0.0000,0.0000,0.0000,-3.1257,-0.2178,0.8405,0.0061,-0.0043,-0.0130
1774944605.4915,0.0000,0.0000,0.0000,0.0000,0.0000,-3.1257,-0.2178,0.8405,0.0061,-0.0043,-0.0130
1774944605.5115,0.0000,0.0000,0.0000,0.0000,0.0000,-3.1257,-0.2178,0.8405,0.0061,-0.0043,-0.0130
1774944605.5315,0.0000,0.0000,0.0000,0.0000,0.0000,-3.1257,-0.2178,0.8405,0.0061,-0.0043,-0.0130
1774944605.5515,0.0000,0.0000,0.0000,0.0000,0.0000,-3.1257,-0.2178,0.8405,0.0061,-0.0043,-0.0130
1774944605.5715,0.0000,0.0000,0.0000,0.0000,0.0000,-3.1257,-0.2178,0.8405,0.0061,-0.0043,-0.0130
1774944605.5915,0.0000,0.0000,0.0000,0.0000,0.0000,-3.1257,-0.2178,0.8405,0.0061,-0.0043,-0.0130
1774944605.6114,0.0000,0.0000,0.0000,0.0000,0.0000,-3.1257,-0.2178,0.8405,0.0061,-0.0043,-0.0130
1774944605.6314,0.0000,0.0000,0.0000,0.0000,0.0000,-3.1257,-0.2178,0.8405,0.0061,-0.0043,-0.0130
1774944605.6514,0.0000,0.0000,0.0000,0.0000,0.0000,-3.1257,-0.2178,0.8405,0.0061,-0.0043,-0.0130
1774944605.6715,0.0000,0.0000,0.0000,0.0000,0.0000,-3.1257,-0.2178,0.8405,0.0061,-0.0043,-0.0130
1774944605.6915,0.0000,0.0000,0.0000,0.0000,0.0000,-3.1257,-0.2178,0.8405,0.0061,-0.0043,-0.0130
1774944605.7115,0.0000,0.0000,0.0000,0.0000,0.0000,-3.1257,-0.2178,0.8405,0.0061,-0.0043,-0.0130
1774944605.7316,0.0000,0.0000,0.0000,0.0000,0.0000,-3.1257,-0.2178,0.8405,0.0061,-0.0043,-0.0130
1774944605.7515,0.0000,0.0000,0.0000,0.0000,0.0000,-3.1257,-0.2178,0.8405,0.0061,-0.0043,-0.0130
1774944605.7715,0.0000,0.0000,0.0000,0.0000,0.0000,-3.1257,-0.2178,0.8405,0.0061,-0.0043,-0.0130
1774944605.7916,0.0000,0.0000,0.0000,0.0000,0.0000,-3.1257,-0.2178,0.8405,0.0061,-0.0043,-0.0130
1774944605.8116,0.0000,0.0000,0.0000,0.0000,0.0000,-3.1257,-0.2178,0.8405,0.0061,-0.0043,-0.0130
1774944605.8315,0.0000,0.0000,0.0000,0.0000,0.0000,-3.1257,-0.2178,0.8405,0.0061,-0.0043,-0.0130
1774944605.8515,0.0000,0.0000,0.0000,0.0000,0.0000,-3.1257,-0.2178,0.8405,0.0061,-0.0043,-0.0130
1774944605.8714,0.0000,0.0000,0.0000,0.0000,0.0000,-3.1257,-0.2178,0.8405,0.0061,-0.0043,-0.0130
1774944605.8914,0.0000,0.0000,0.0000,0.0000,0.0000,-3.1257,-0.2178,0.8405,0.0061,-0.0043,-0.0130
1774944605.9115,0.0000,0.0000,0.0000,0.0000,0.0000,-3.1257,-0.2178,0.8405,0.0061,-0.0043,-0.0130
1774944605.9315,0.0000,0.0000,0.0000,0.0000,0.0000,-3.1257,-0.2178,0.8405,0.0061,-0.0043,-0.0130
1774944605.9515,0.0000,0.0000,0.0000,0.0000,0.0000,-3.1257,-0.2178,0.8405,0.0061,-0.0043,-0.0130
1774944605.9714,0.0000,0.0000,0.0000,0.0000,0.0000,-3.1257,-0.2178,0.8405,0.0061,-0.0043,-0.0130
1774944605.9916,0.0000,0.0000,0.0000,0.0000,0.0000,-3.1257,-0.2178,0.8405,0.0061,-0.0043,-0.0130
1774944606.0114,0.0000,0.0000,0.0000,0.0000,0.0000,-3.1257,-0.2178,0.8405,0.0061,-0.0043,-0.0130
1774944606.0314,0.0000,0.0000,0.0000,0.0000,0.0000,-3.1257,-0.2178,0.8405,0.0061,-0.0043,-0.0130
1774944606.0514,0.0000,0.0000,0.0000,0.0000,0.0000,-3.1257,-0.2178,0.8405,0.0061,-0.0043,-0.0130
1774944606.0714,0.0000,0.0000,0.0000,0.0000,0.0000,-3.1257,-0.2178,0.8405,0.0061,-0.0043,-0.0130
1774944606.0914,0.0000,0.0000,0.0000,0.0000,0.0000,-3.1257,-0.2178,0.8405,0.0061,-0.0043,-0.0130
1774944606.1114,0.0000,0.0000,0.0000,0.0000,0.0000,-3.1257,-0.2178,0.8405,0.0061,-0.0043,-0.0130
1774944606.1314,0.0000,0.0000,0.0000,0.0000,0.0000,-3.1257,-0.2178,0.8405,0.0061,-0.0043,-0.0130
1774944606.1515,0.0000,0.0000,0.0000,0.0000,0.0000,-3.1257,-0.2178,0.8405,0.0061,-0.0043,-0.0130
1774944606.1716,0.0000,0.0000,0.0000,0.0000,0.0000,-3.1257,-0.2178,0.8405,0.0061,-0.0043,-0.0130
1774944606.1915,0.0000,0.0000,0.0000,0.0000,0.0000,-3.1257,-0.2178,0.8405,0.0061,-0.0043,-0.0130
1774944606.2115,0.0000,0.0000,0.0000,0.0000,0.0000,-3.1257,-0.2178,0.8405,0.0061,-0.0043,-0.0130
1774944606.2317,0.0000,0.0000,0.0000,0.0000,0.0000,-3.1257,-0.2178,0.8405,0.0061,-0.0043,-0.0130
1774944606.2515,0.0000,0.0000,0.0000,0.0000,0.0000,-3.1257,-0.2178,0.8405,0.0061,-0.0043,-0.0130
1774944606.2716,0.0000,0.0000,0.0000,0.0000,0.0000,-3.1257,-0.2178,0.8405,0.0061,-0.0043,-0.0130
1774944606.2916,0.0000,0.0000,0.0000,0.0000,0.0000,-3.1257,-0.2178,0.8405,0.0061,-0.0043,-0.0130
1774944606.3114,0.0000,0.0000,0.0000,0.0000,0.0000,-3.1257,-0.2178,0.8405,0.0061,-0.0043,-0.0130
1774944606.3315,0.0000,0.0000,0.0000,0.0000,0.0000,-3.1257,-0.2178,0.8405,0.0061,-0.0043,-0.0130
1774944606.3514,0.0000,0.0000,0.0000,0.0000,0.0000,-3.1257,-0.2178,0.8405,0.0061,-0.0043,-0.0130
1774944606.3714,0.0000,0.0000,0.0000,0.0000,0.0000,-3.1257,-0.2178,0.8405,0.0061,-0.0043,-0.0130
1774944606.3915,0.0000,0.0000,0.0000,0.0000,0.0000,-3.1257,-0.2178,0.8405,0.0061,-0.0043,-0.0130
1774944606.4115,0.0000,0.0000,0.0000,0.0000,0.0000,-3.1257,-0.2178,0.8405,0.0061,-0.0043,-0.0130
1774944606.4315,0.0000,0.0000,0.0000,0.0000,0.0000,-3.1257,-0.2178,0.8405,0.0061,-0.0043,-0.0130
1774944606.4515,0.0000,0.0000,0.0000,0.0000,0.0000,-3.1257,-0.2178,0.8405,0.0061,-0.0043,-0.0130
1774944606.4714,0.0000,0.0000,0.0000,0.0000,0.0000,-3.1257,-0.2178,0.8405,0.0061,-0.0043,-0.0130
1774944606.4915,0.0000,0.0000,0.0000,0.0000,0.0000,-3.1257,-0.2178,0.8405,0.0061,-0.0043,-0.0130
1774944606.5115,0.0000,0.0000,0.0000,0.0000,0.0000,-3.1257,-0.2178,0.8405,0.0061,-0.0043,-0.0130
1774944606.5314,0.0000,0.0000,0.0000,0.0000,0.0000,-3.1257,-0.2178,0.8405,0.0061,-0.0043,-0.0130
1774944606.5514,0.0000,0.0000,0.0000,0.0000,0.0000,-3.1257,-0.2178,0.8405,0.0061,-0.0043,-0.0130
1774944606.5714,0.0000,0.0000,0.0000,0.0000,0.0000,-3.1257,-0.2178,0.8405,0.0061,-0.0043,-0.0130
1774944606.5915,0.0000,0.0000,0.0000,0.0000,0.0000,-3.1257,-0.2178,0.8405,0.0061,-0.0043,-0.0130
1774944606.6114,0.0000,0.0000,0.0000,0.0000,0.0000,-3.1257,-0.2178,0.8405,0.0061,-0.0043,-0.0130
1774944606.6315,0.0000,0.0000,0.0000,0.0000,0.0000,-3.1257,-0.2178,0.8405,0.0061,-0.0043,-0.0130
1774944606.6514,0.0000,0.0000,0.0000,0.0000,0.0000,-3.1257,-0.2178,0.8405,0.0061,-0.0043,-0.0130
1774944606.6715,0.0000,0.0000,0.0000,0.0000,0.0000,-3.1257,-0.2178,0.8405,0.0061,-0.0043,-0.0130
1774944606.6914,0.0000,0.0000,0.0000,0.0000,0.0000,-3.1257,-0.2178,0.8405,0.0061,-0.0043,-0.0130
1774944606.7114,0.0000,0.0000,0.0000,0.0000,0.0000,-3.1257,-0.2178,0.8405,0.0061,-0.0043,-0.0130
1774944606.7315,0.0000,0.0000,0.0000,0.0000,0.0000,-3.1257,-0.2178,0.8405,0.0061,-0.0043,-0.0130
1774944606.7514,0.0000,0.0000,0.0000,0.0000,0.0000,-3.1257,-0.2178,0.8405,0.0061,-0.0043,-0.0130
1774944606.7715,0.0000,0.0000,0.0000,0.0000,0.0000,-3.1257,-0.2178,0.8405,0.0061,-0.0043,-0.0130
1774944606.7915,0.0000,0.0000,0.0000,0.0000,0.0000,-3.1257,-0.2178,0.8405,0.0061,-0.0043,-0.0130
1774944606.8115,0.0000,0.0000,0.0000,0.0000,0.0000,-3.1257,-0.2178,0.8405,0.0061,-0.0043,-0.0130
1774944606.8314,0.0000,0.0000,0.0000,0.0000,0.0000,-3.1257,-0.2178,0.8405,0.0061,-0.0043,-0.0130
1774944606.8514,0.0000,0.0000,0.0000,0.0000,0.0000,-3.1257,-0.2178,0.8405,0.0061,-0.0043,-0.0130
1774944606.8714,0.0000,0.0000,0.0000,0.0000,0.0000,-3.1257,-0.2178,0.8405,0.0061,-0.0043,-0.0130
1774944606.8914,0.0000,0.0000,0.0000,0.0000,0.0000,-3.1257,-0.2178,0.8405,0.0061,-0.0043,-0.0130
1774944606.9114,0.0000,0.0000,0.0000,0.0000,0.0000,-3.1257,-0.2178,0.8405,0.0061,-0.0043,-0.0130
1774944606.9315,0.0000,0.0000,0.0000,0.0000,0.0000,-3.1257,-0.2178,0.8405,0.0061,-0.0043,-0.0130
1774944606.9515,0.0000,0.0000,0.0000,0.0000,0.0000,-3.1257,-0.2178,0.8405,0.0061,-0.0043,-0.0130
1774944606.9715,0.0000,0.0000,0.0000,0.0000,0.0000,-3.1257,-0.2178,0.8405,0.0061,-0.0043,-0.0130
1774944606.9914,0.0000,0.0000,0.0000,0.0000,0.0000,-3.1257,-0.2178,0.8405,0.0061,-0.0043,-0.0130
1774944607.0115,0.0000,0.0000,0.0000,0.0000,0.0000,-3.1257,-0.2178,0.8405,0.0061,-0.0043,-0.0130
1774944607.0314,0.0000,0.0000,0.0000,0.0000,0.0000,-3.1257,-0.2178,0.8405,0.0061,-0.0043,-0.0130
1774944607.0515,0.0000,0.0000,0.0000,0.0000,0.0000,-3.1257,-0.2178,0.8405,0.0061,-0.0043,-0.0130
1774944607.0715,0.0000,0.0000,0.0000,0.0000,0.0000,-3.1257,-0.2178,0.8405,0.0061,-0.0043,-0.0130
1774944607.0915,0.0000,0.0000,0.0000,0.0000,0.0000,-3.1257,-0.2178,0.8405,0.0061,-0.0043,-0.0130
1774944607.1115,0.0000,0.0000,0.0000,0.0000,0.0000,-3.1257,-0.2178,0.8405,0.0061,-0.0043,-0.0130
1774944607.1314,0.0000,0.0000,0.0000,0.0000,0.0000,-3.1257,-0.2178,0.8405,0.0061,-0.0043,-0.0130
1774944607.1514,0.0000,0.0000,0.0000,0.0000,0.0000,-3.1257,-0.2178,0.8405,0.0061,-0.0043,-0.0130
1774944607.1714,0.0000,0.0000,0.0000,0.0000,0.0000,-3.1257,-0.2178,0.8405,0.0061,-0.0043,-0.0130
1774944607.1914,0.0000,0.0000,0.0000,0.0000,0.0000,-3.1257,-0.2178,0.8405,0.0061,-0.0043,-0.0130
1774944607.2115,0.0000,0.0000,0.0000,0.0000,0.0000,-3.1257,-0.2178,0.8405,0.0061,-0.0043,-0.0130
1774944607.2315,0.0000,0.0000,0.0000,0.0000,0.0000,-3.1257,-0.2178,0.8405,0.0061,-0.0043,-0.0130
1774944607.2515,0.0000,0.0000,0.0000,0.0000,0.0000,-3.1257,-0.2178,0.8405,0.0061,-0.0043,-0.0130
1774944607.2715,0.0000,0.0000,0.0000,0.0000,0.0000,-3.1257,-0.2178,0.8405,0.0061,-0.0043,-0.0130
1774944607.2914,0.0000,0.0000,0.0000,0.0000,0.0000,-3.1257,-0.2178,0.8405,0.0061,-0.0043,-0.0130
1774944607.3115,0.0000,0.0000,0.0000,0.0000,0.0000,-3.1257,-0.2178,0.8405,0.0061,-0.0043,-0.0130
1774944607.3315,0.0000,0.0000,0.0000,0.0000,0.0000,-3.1257,-0.2178,0.8405,0.0061,-0.0043,-0.0130
1774944607.3530,0.0000,0.0000,0.0000,0.0000,0.0000,-3.1257,-0.2178,0.8405,0.0061,-0.0043,-0.0130
1774944607.3714,0.0000,0.0000,0.0000,0.0000,0.0000,-3.1257,-0.2178,0.8405,0.0061,-0.0043,-0.0130
1774944607.3915,0.0000,0.0000,0.0000,0.0000,0.0000,-3.1257,-0.2178,0.8405,0.0061,-0.0043,-0.0130
1774944607.4115,0.0000,0.0000,0.0000,0.0000,0.0000,-3.1257,-0.2178,0.8405,0.0061,-0.0043,-0.0130
1774944607.4314,0.0000,0.0000,0.0000,0.0000,0.0000,-3.1257,-0.2178,0.8405,0.0061,-0.0043,-0.0130
1774944607.4514,0.0000,0.0000,0.0000,0.0000,0.0000,-3.1257,-0.2178,0.8405,0.0061,-0.0043,-0.0130
1774944607.4715,0.0000,0.0000,0.0000,0.0000,0.0000,-3.1257,-0.2178,0.8405,0.0061,-0.0043,-0.0130
1774944607.4914,0.0000,0.0000,0.0000,0.0000,0.0000,-3.1257,-0.2178,0.8405,0.0061,-0.0043,-0.0130
1774944607.5114,0.0000,0.0000,0.0000,0.0000,0.0000,-3.1257,-0.2178,0.8405,0.0061,-0.0043,-0.0130
1774944607.5315,0.0000,0.0000,0.0000,0.0000,0.0000,-3.1257,-0.2178,0.8405,0.0061,-0.0043,-0.0130
1774944607.5515,0.0000,0.0000,0.0000,0.0000,0.0000,-3.1257,-0.2178,0.8405,0.0061,-0.0043,-0.0130
1774944607.5714,0.0000,0.0000,0.0000,0.0000,0.0000,-3.1257,-0.2178,0.8405,0.0061,-0.0043,-0.0130
1774944607.5914,0.0000,0.0000,0.0000,0.0000,0.0000,-3.1257,-0.2178,0.8405,0.0061,-0.0043,-0.0130
1774944607.6115,0.0000,0.0000,0.0000,0.0000,0.0000,-3.1257,-0.2178,0.8405,0.0061,-0.0043,-0.0130
1774944607.6315,0.0000,0.0000,0.0000,0.0000,0.0000,-3.1257,-0.2178,0.8405,0.0061,-0.0043,-0.0130
1774944607.6514,0.0000,0.0000,0.0000,0.0000,0.0000,-3.1257,-0.2178,0.8405,0.0061,-0.0043,-0.0130
1774944607.6715,0.0000,0.0000,0.0000,0.0000,0.0000,-3.1257,-0.2178,0.8405,0.0061,-0.0043,-0.0130
1774944607.6915,0.0000,0.0000,0.0000,0.0000,0.0000,-3.1257,-0.2178,0.8405,0.0061,-0.0043,-0.0130
1774944607.7114,0.0000,0.0000,0.0000,0.0000,0.0000,-3.1257,-0.2178,0.8405,0.0061,-0.0043,-0.0130
1774944607.7314,0.0000,0.0000,0.0000,0.0000,0.0000,-3.1257,-0.2178,0.8405,0.0061,-0.0043,-0.0130
1774944607.7514,0.0000,0.0000,0.0000,0.0000,0.0000,-3.1257,-0.2178,0.8405,0.0061,-0.0043,-0.0130
1774944607.7714,0.0000,0.0000,0.0000,0.0000,0.0000,-3.1257,-0.2178,0.8405,0.0061,-0.0043,-0.0130
1774944607.7915,0.0000,0.0000,0.0000,0.0000,0.0000,-3.1257,-0.2178,0.8405,0.0061,-0.0043,-0.0130
1774944607.8115,0.0000,0.0000,0.0000,0.0000,0.0000,-3.1257,-0.2178,0.8405,0.0061,-0.0043,-0.0130
1774944607.8315,0.0000,0.0000,0.0000,0.0000,0.0000,-3.1257,-0.2178,0.8405,0.0061,-0.0043,-0.0130
1774944607.8514,0.0000,0.0000,0.0000,0.0000,0.0000,-3.1257,-0.2178,0.8405,0.0061,-0.0043,-0.0130
1774944607.8714,0.0000,0.0000,0.0000,0.0000,0.0000,-3.1257,-0.2178,0.8405,0.0061,-0.0043,-0.0130
1774944607.8914,0.0000,0.0000,0.0000,0.0000,0.0000,-3.1257,-0.2178,0.8405,0.0061,-0.0043,-0.0130
1774944607.9114,0.0000,0.0000,0.0000,0.0000,0.0000,-3.1257,-0.2178,0.8405,0.0061,-0.0043,-0.0130
1774944607.9313,0.0000,0.0000,0.0000,0.0000,0.0000,-3.1257,-0.2178,0.8405,0.0061,-0.0043,-0.0130
1774944607.9515,0.0000,0.0000,0.0000,0.0000,0.0000,-3.1257,-0.2178,0.8405,0.0061,-0.0043,-0.0130
1774944607.9715,0.0000,0.0000,0.0000,0.0000,0.0000,-3.1257,-0.2178,0.8405,0.0061,-0.0043,-0.0130
1774944607.9915,0.0000,0.0000,0.0000,0.0000,0.0000,-3.1257,-0.2178,0.8405,0.0061,-0.0043,-0.0130
1774944608.0114,0.0000,0.0000,0.0000,0.0000,0.0000,-3.1257,-0.2178,0.8405,0.0061,-0.0043,-0.0130
1774944608.0315,0.0000,0.0000,0.0000,0.0000,0.0000,-3.1257,-0.2178,0.8405,0.0061,-0.0043,-0.0130
1774944608.0515,0.0000,0.0000,0.0000,0.0000,0.0000,-3.1257,-0.2178,0.8405,0.0061,-0.0043,-0.0130
1774944608.0717,0.0000,0.0000,0.0000,0.0000,0.0000,-3.1257,-0.2178,0.8405,0.0061,-0.0043,-0.0130
1774944608.0914,0.0000,0.0000,0.0000,0.0000,0.0000,-3.1257,-0.2178,0.8405,0.0061,-0.0043,-0.0130
1774944608.1115,0.0000,0.0000,0.0000,0.0000,0.0000,-3.1257,-0.2178,0.8405,0.0061,-0.0043,-0.0130
1774944608.1315,0.0000,0.0000,0.0000,0.0000,0.0000,-3.1257,-0.2178,0.8405,0.0061,-0.0043,-0.0130
1774944608.1514,0.0000,0.0000,0.0000,0.0000,0.0000,-3.1257,-0.2178,0.8405,0.0061,-0.0043,-0.0130
1774944608.1714,0.0000,0.0000,0.0000,0.0000,0.0000,-3.1257,-0.2178,0.8405,0.0061,-0.0043,-0.0130
1774944608.1915,0.0000,0.0000,0.0000,0.0000,0.0000,-3.1257,-0.2178,0.8405,0.0061,-0.0043,-0.0130
1774944608.2115,0.0000,0.0000,0.0000,0.0000,0.0000,-3.1257,-0.2178,0.8405,0.0061,-0.0043,-0.0130
1774944608.2315,0.0000,0.0000,0.0000,0.0000,0.0000,-3.1257,-0.2178,0.8405,0.0061,-0.0043,-0.0130
1774944608.2516,0.0000,0.0000,0.0000,0.0000,0.0000,-3.1257,-0.2178,0.8405,0.0061,-0.0043,-0.0130
1774944608.2715,0.0000,0.0000,0.0000,0.0000,0.0000,-3.1257,-0.2178,0.8405,0.0061,-0.0043,-0.0130
1774944608.2914,0.0000,0.0000,0.0000,0.0000,0.0000,-3.1257,-0.2178,0.8405,0.0061,-0.0043,-0.0130
1774944608.3114,0.0000,0.0000,0.0000,0.0000,0.0000,-3.1257,-0.2178,0.8405,0.0061,-0.0043,-0.0130
1774944608.3315,0.0000,0.0000,0.0000,0.0000,0.0000,-3.1257,-0.2178,0.8405,0.0061,-0.0043,-0.0130
1774944608.3515,0.0000,0.0000,0.0000,0.0000,0.0000,-3.1257,-0.2178,0.8405,0.0061,-0.0043,-0.0130
1774944608.3714,0.0000,0.0000,0.0000,0.0000,0.0000,-3.1257,-0.2178,0.8405,0.0061,-0.0043,-0.0130
1774944608.3918,0.0000,0.0000,0.0000,0.0000,0.0000,-3.1257,-0.2178,0.8405,0.0061,-0.0043,-0.0130
1774944608.4116,0.0000,0.0000,0.0000,0.0000,0.0000,-3.1257,-0.2178,0.8405,0.0061,-0.0043,-0.0130
1774944608.4315,0.0000,0.0000,0.0000,0.0000,0.0000,-3.1257,-0.2178,0.8405,0.0061,-0.0043,-0.0130
1774944608.4515,0.0000,0.0000,0.0000,0.0000,0.0000,-3.1257,-0.2178,0.8405,0.0061,-0.0043,-0.0130
1774944608.4715,0.0000,0.0000,0.0000,0.0000,0.0000,-3.1257,-0.2178,0.8405,0.0061,-0.0043,-0.0130
1774944608.4916,0.0000,0.0000,0.0000,0.0000,0.0000,-3.1257,-0.2178,0.8405,0.0061,-0.0043,-0.0130
1774944608.5116,0.0000,0.0000,0.0000,0.0000,0.0000,-3.1257,-0.2178,0.8405,0.0061,-0.0043,-0.0130
1774944608.5316,0.0000,0.0000,0.0000,0.0000,0.0000,-3.1257,-0.2178,0.8405,0.0061,-0.0043,-0.0130
1774944608.5515,0.0000,0.0000,0.0000,0.0000,0.0000,-3.1257,-0.2178,0.8405,0.0061,-0.0043,-0.0130
1774944608.5715,0.0000,0.0000,0.0000,0.0000,0.0000,-3.1257,-0.2178,0.8405,0.0061,-0.0043,-0.0130
1774944608.5916,0.0000,0.0000,0.0000,0.0000,0.0000,-3.1257,-0.2178,0.8405,0.0061,-0.0043,-0.0130
1774944608.6116,0.0000,0.0000,0.0000,0.0000,0.0000,-3.1257,-0.2178,0.8405,0.0061,-0.0043,-0.0130
1774944608.6316,0.0000,0.0000,0.0000,0.0000,0.0000,-3.1257,-0.2178,0.8405,0.0061,-0.0043,-0.0130
1774944608.6516,0.0000,0.0000,0.0000,0.0000,0.0000,-3.1257,-0.2178,0.8405,0.0061,-0.0043,-0.0130
1774944608.6716,0.0000,0.0000,0.0000,0.0000,0.0000,-3.1257,-0.2178,0.8405,0.0061,-0.0043,-0.0130
1774944608.6916,0.0000,0.0000,0.0000,0.0000,0.0000,-3.1257,-0.2178,0.8405,0.0061,-0.0043,-0.0130
1774944608.7116,0.0000,0.0000,0.0000,0.0000,0.0000,-3.1257,-0.2178,0.8405,0.0061,-0.0043,-0.0130
1774944608.7315,0.0000,0.0000,0.0000,0.0000,0.0000,-3.1257,-0.2178,0.8405,0.0061,-0.0043,-0.0130
1774944608.7515,0.0000,0.0000,0.0000,0.0000,0.0000,-3.1257,-0.2178,0.8405,0.0061,-0.0043,-0.0130
1774944608.7715,0.0000,0.0000,0.0000,0.0000,0.0000,-3.1257,-0.2178,0.8405,0.0061,-0.0043,-0.0130
1774944608.7915,0.0000,0.0000,0.0000,0.0000,0.0000,-3.1257,-0.2178,0.8405,0.0061,-0.0043,-0.0130
1774944608.8115,0.0000,0.0000,0.0000,0.0000,0.0000,-3.1257,-0.2178,0.8405,0.0061,-0.0043,-0.0130
1774944608.8315,0.0000,0.0000,0.0000,0.0000,0.0000,-3.1257,-0.2178,0.8405,0.0061,-0.0043,-0.0130
1774944608.8515,0.0000,0.0000,0.0000,0.0000,0.0000,-3.1257,-0.2178,0.8405,0.0061,-0.0043,-0.0130
1774944608.8714,0.0000,0.0000,0.0000,0.0000,0.0000,-3.1257,-0.2178,0.8405,0.0061,-0.0043,-0.0130
1774944608.8914,0.0000,0.0000,0.0000,0.0000,0.0000,-3.1257,-0.2178,0.8405,0.0061,-0.0043,-0.0130
1774944608.9115,0.0000,0.0000,0.0000,0.0000,0.0000,-3.1257,-0.2178,0.8405,0.0061,-0.0043,-0.0130
1774944608.9314,0.0000,0.0000,0.0000,0.0000,0.0000,-3.1257,-0.2178,0.8405,0.0061,-0.0043,-0.0130
1774944608.9514,0.0000,0.0000,0.0000,0.0000,0.0000,-3.1257,-0.2178,0.8405,0.0061,-0.0043,-0.0130
1774944608.9715,0.0000,0.0000,0.0000,0.0000,0.0000,-3.1257,-0.2178,0.8405,0.0061,-0.0043,-0.0130
1774944608.9914,0.0000,0.0000,0.0000,0.0000,0.0000,-3.1257,-0.2178,0.8405,0.0061,-0.0043,-0.0130
1774944609.0114,0.0000,0.0000,0.0000,0.0000,0.0000,-3.1257,-0.2178,0.8405,0.0061,-0.0043,-0.0130
1774944609.0314,0.0000,0.0000,0.0000,0.0000,0.0000,-3.1257,-0.2178,0.8405,0.0061,-0.0043,-0.0130
1774944609.0514,0.0000,0.0000,0.0000,0.0000,0.0000,-3.1257,-0.2178,0.8405,0.0061,-0.0043,-0.0130
1774944609.0714,0.0000,0.0000,0.0000,0.0000,0.0000,-3.1257,-0.2178,0.8405,0.0061,-0.0043,-0.0130
1774944609.0914,0.0000,0.0000,0.0000,0.0000,0.0000,-3.1257,-0.2178,0.8405,0.0061,-0.0043,-0.0130
1774944609.1114,0.0000,0.0000,0.0000,0.0000,0.0000,-3.1257,-0.2178,0.8405,0.0061,-0.0043,-0.0130
1774944609.1315,0.0000,0.0000,0.0000,0.0000,0.0000,-3.1257,-0.2178,0.8405,0.0061,-0.0043,-0.0130
1774944609.1514,0.0000,0.0000,0.0000,0.0000,0.0000,-3.1257,-0.2178,0.8405,0.0061,-0.0043,-0.0130
1774944609.1714,0.0000,0.0000,0.0000,0.0000,0.0000,-3.1257,-0.2178,0.8405,0.0061,-0.0043,-0.0130
1774944609.1915,0.0000,0.0000,0.0000,0.0000,0.0000,-3.1257,-0.2178,0.8405,0.0061,-0.0043,-0.0130
1774944609.2115,0.0000,0.0000,0.0000,0.0000,0.0000,-3.1257,-0.2178,0.8405,0.0061,-0.0043,-0.0130
1774944609.2315,0.0000,0.0000,0.0000,0.0000,0.0000,-3.1257,-0.2178,0.8405,0.0061,-0.0043,-0.0130
1774944609.2514,0.0000,0.0000,0.0000,0.0000,0.0000,-3.1257,-0.2178,0.8405,0.0061,-0.0043,-0.0130
1774944609.2715,0.0000,0.0000,0.0000,0.0000,0.0000,-3.1257,-0.2178,0.8405,0.0061,-0.0043,-0.0130
1774944609.2914,0.0000,0.0000,0.0000,0.0000,0.0000,-3.1257,-0.2178,0.8405,0.0061,-0.0043,-0.0130
1774944609.3114,0.0000,0.0000,0.0000,0.0000,0.0000,-3.1257,-0.2178,0.8405,0.0061,-0.0043,-0.0130
1774944609.3315,0.0000,0.0000,0.0000,0.0000,0.0000,-3.1257,-0.2178,0.8405,0.0061,-0.0043,-0.0130
1774944609.3514,0.0000,0.0000,0.0000,0.0000,0.0000,-3.1257,-0.2178,0.8405,0.0061,-0.0043,-0.0130
1774944609.3714,0.0000,0.0000,0.0000,0.0000,0.0000,-3.1257,-0.2178,0.8405,0.0061,-0.0043,-0.0130
1774944609.3915,0.0000,0.0000,0.0000,0.0000,0.0000,-3.1257,-0.2178,0.8405,0.0061,-0.0043,-0.0130
1774944609.4115,0.0000,0.0000,0.0000,0.0000,0.0000,-3.1257,-0.2178,0.8405,0.0061,-0.0043,-0.0130
1774944609.4314,0.0000,0.0000,0.0000,0.0000,0.0000,-3.1257,-0.2178,0.8405,0.0061,-0.0043,-0.0130
1774944609.4514,0.0000,0.0000,0.0000,0.0000,0.0000,-3.1257,-0.2178,0.8405,0.0061,-0.0043,-0.0130
1774944609.4714,0.0000,0.0000,0.0000,0.0000,0.0000,-3.1257,-0.2178,0.8405,0.0061,-0.0043,-0.0130
1774944609.4915,0.0000,0.0000,0.0000,0.0000,0.0000,-3.1257,-0.2178,0.8405,0.0061,-0.0043,-0.0130
1774944609.5114,0.0000,0.0000,0.0000,0.0000,0.0000,-3.1257,-0.2178,0.8405,0.0061,-0.0043,-0.0130
1774944609.5314,0.0000,0.0000,0.0000,0.0000,0.0000,-3.1257,-0.2178,0.8405,0.0061,-0.0043,-0.0130
1774944609.5514,0.0000,0.0000,0.0000,0.0000,0.0000,-3.1257,-0.2178,0.8405,0.0061,-0.0043,-0.0130
1774944609.5714,0.0000,0.0000,0.0000,0.0000,0.0000,-3.1257,-0.2178,0.8405,0.0061,-0.0043,-0.0130
1774944609.5914,0.0000,0.0000,0.0000,0.0000,0.0000,-3.1257,-0.2178,0.8405,0.0061,-0.0043,-0.0130
1774944609.6114,0.0000,0.0000,0.0000,0.0000,0.0000,-3.1257,-0.2178,0.8405,0.0061,-0.0043,-0.0130
1774944609.6314,0.0000,0.0000,0.0000,0.0000,0.0000,-3.1257,-0.2178,0.8405,0.0061,-0.0043,-0.0130
1774944609.6515,0.0000,0.0000,0.0000,0.0000,0.0000,-3.1257,-0.2178,0.8405,0.0061,-0.0043,-0.0130
1774944609.6715,0.0000,0.0000,0.0000,0.0000,0.0000,-3.1257,-0.2178,0.8405,0.0061,-0.0043,-0.0130
1774944609.6914,0.0000,0.0000,0.0000,0.0000,0.0000,-3.1257,-0.2178,0.8405,0.0061,-0.0043,-0.0130
1774944609.7114,0.0000,0.0000,0.0000,0.0000,0.0000,-3.1257,-0.2178,0.8405,0.0061,-0.0043,-0.0130
1774944609.7314,0.0000,0.0000,0.0000,0.0000,0.0000,-3.1257,-0.2178,0.8405,0.0061,-0.0043,-0.0130
1774944609.7514,0.0000,0.0000,0.0000,0.0000,0.0000,-3.1257,-0.2178,0.8405,0.0061,-0.0043,-0.0130
1774944609.7715,0.0000,0.0000,0.0000,0.0000,0.0000,-3.1257,-0.2178,0.8405,0.0061,-0.0043,-0.0130
1774944609.7915,0.0000,0.0000,0.0000,0.0000,0.0000,-3.1257,-0.2178,0.8405,0.0061,-0.0043,-0.0130
1774944609.8114,0.0000,0.0000,0.0000,0.0000,0.0000,-3.1257,-0.2178,0.8405,0.0061,-0.0043,-0.0130
1774944609.8314,0.0000,0.0000,0.0000,0.0000,0.0000,-3.1257,-0.2178,0.8405,0.0061,-0.0043,-0.0130
1774944609.8514,0.0000,0.0000,0.0000,0.0000,0.0000,-3.1257,-0.2178,0.8405,0.0061,-0.0043,-0.0130
1774944609.8714,0.0000,0.0000,0.0000,0.0000,0.0000,-3.1257,-0.2178,0.8405,0.0061,-0.0043,-0.0130
1774944609.8914,0.0000,0.0000,0.0000,0.0000,0.0000,-3.1257,-0.2178,0.8405,0.0061,-0.0043,-0.0130
1774944609.9114,0.0000,0.0000,0.0000,0.0000,0.0000,-3.1257,-0.2178,0.8405,0.0061,-0.0043,-0.0130
1774944609.9315,0.0000,0.0000,0.0000,0.0000,0.0000,-3.1257,-0.2178,0.8405,0.0061,-0.0043,-0.0130
1774944609.9514,0.0000,0.0000,0.0000,0.0000,0.0000,-3.1257,-0.2178,0.8405,0.0061,-0.0043,-0.0130
1774944609.9714,0.0000,0.0000,0.0000,0.0000,0.0000,-3.1257,-0.2178,0.8405,0.0061,-0.0043,-0.0130
1774944609.9915,0.0000,0.0000,0.0000,0.0000,0.0000,-3.1257,-0.2178,0.8405,0.0061,-0.0043,-0.0130
1774944610.0115,0.0000,0.0000,0.0000,0.0000,0.0000,-3.1257,-0.2178,0.8405,0.0061,-0.0043,-0.0130
1774944610.0314,0.0000,0.0000,0.0000,0.0000,0.0000,-3.1257,-0.2178,0.8405,0.0061,-0.0043,-0.0130
1774944610.0514,0.0000,0.0000,0.0000,0.0000,0.0000,-3.1257,-0.2178,0.8405,0.0061,-0.0043,-0.0130
1774944610.0715,0.0000,0.0000,0.0000,0.0000,0.0000,-3.1257,-0.2178,0.8405,0.0061,-0.0043,-0.0130
1774944610.0914,0.0000,0.0000,0.0000,0.0000,0.0000,-3.1257,-0.2178,0.8405,0.0061,-0.0043,-0.0130
1774944610.1115,0.0000,0.0000,0.0000,0.0000,0.0000,-3.1257,-0.2178,0.8405,0.0061,-0.0043,-0.0130
1774944610.1314,0.0000,0.0000,0.0000,0.0000,0.0000,-3.1257,-0.2178,0.8405,0.0061,-0.0043,-0.0130
1774944610.1514,0.0000,0.0000,0.0000,0.0000,0.0000,-3.1257,-0.2178,0.8405,0.0061,-0.0043,-0.0130
1774944610.1714,0.0000,0.0000,0.0000,0.0000,0.0000,-3.1257,-0.2178,0.8405,0.0061,-0.0043,-0.0130
1774944610.1914,0.0000,0.0000,0.0000,0.0000,0.0000,-3.1257,-0.2178,0.8405,0.0061,-0.0043,-0.0130
1774944610.2114,0.0000,0.0000,0.0000,0.0000,0.0000,-3.1257,-0.2178,0.8405,0.0061,-0.0043,-0.0130
1774944610.2315,0.0000,0.0000,0.0000,0.0000,0.0000,-3.1257,-0.2178,0.8405,0.0061,-0.0043,-0.0130
1774944610.2514,0.0000,0.0000,0.0000,0.0000,0.0000,-3.1257,-0.2178,0.8405,0.0061,-0.0043,-0.0130
1774944610.2714,0.0000,0.0000,0.0000,0.0000,0.0000,-3.1257,-0.2178,0.8405,0.0061,-0.0043,-0.0130
1774944610.2914,0.0000,0.0000,0.0000,0.0000,0.0000,-3.1257,-0.2178,0.8405,0.0061,-0.0043,-0.0130
1774944610.3114,0.0000,0.0000,0.0000,0.0000,0.0000,-3.1257,-0.2178,0.8405,0.0061,-0.0043,-0.0130
1774944610.3315,0.0000,0.0000,0.0000,0.0000,0.0000,-3.1257,-0.2178,0.8405,0.0061,-0.0043,-0.0130
1774944610.3514,0.0000,0.0000,0.0000,0.0000,0.0000,-3.1257,-0.2178,0.8405,0.0061,-0.0043,-0.0130
1774944610.3715,0.0000,0.0000,0.0000,0.0000,0.0000,-3.1257,-0.2178,0.8405,0.0061,-0.0043,-0.0130
1774944610.3914,0.0000,0.0000,0.0000,0.0000,0.0000,-3.1257,-0.2178,0.8405,0.0061,-0.0043,-0.0130
1774944610.4114,0.0000,0.0000,0.0000,0.0000,0.0000,-3.1257,-0.2178,0.8405,0.0061,-0.0043,-0.0130
1774944610.4314,0.0000,0.0000,0.0000,0.0000,0.0000,-3.1257,-0.2178,0.8405,0.0061,-0.0043,-0.0130
1774944610.4514,0.0000,0.0000,0.0000,0.0000,0.0000,-3.1257,-0.2178,0.8405,0.0061,-0.0043,-0.0130
1774944610.4714,0.0000,0.0000,0.0000,0.0000,0.0000,-3.1257,-0.2178,0.8405,0.0061,-0.0043,-0.0130
1774944610.4914,0.0000,0.0000,0.0000,0.0000,0.0000,-3.1257,-0.2178,0.8405,0.0061,-0.0043,-0.0130
1774944610.5114,0.0000,0.0000,0.0000,0.0000,0.0000,-3.1257,-0.2178,0.8405,0.0061,-0.0043,-0.0130
1774944610.5315,0.0000,0.0000,0.0000,0.0000,0.0000,-3.1257,-0.2178,0.8405,0.0061,-0.0043,-0.0130
1774944610.5514,0.0000,0.0000,0.0000,0.0000,0.0000,-3.1257,-0.2178,0.8405,0.0061,-0.0043,-0.0130
1774944610.5714,0.0000,0.0000,0.0000,0.0000,0.0000,-3.1257,-0.2178,0.8405,0.0061,-0.0043,-0.0130
1774944610.5914,0.0000,0.0000,0.0000,0.0000,0.0000,-3.1257,-0.2178,0.8405,0.0061,-0.0043,-0.0130
1774944610.6114,0.0000,0.0000,0.0000,0.0000,0.0000,-3.1257,-0.2178,0.8405,0.0061,-0.0043,-0.0130
1774944610.6314,0.0000,0.0000,0.0000,0.0000,0.0000,-3.1257,-0.2178,0.8405,0.0061,-0.0043,-0.0130
1774944610.6514,0.0000,0.0000,0.0000,0.0000,0.0000,-3.1257,-0.2178,0.8405,0.0061,-0.0043,-0.0130
1774944610.6715,0.0000,0.0000,0.0000,0.0000,0.0000,-3.1257,-0.2178,0.8405,0.0061,-0.0043,-0.0130
1774944610.6914,0.0000,0.0000,0.0000,0.0000,0.0000,-3.1257,-0.2178,0.8405,0.0061,-0.0043,-0.0130
1774944610.7114,0.0000,0.0000,0.0000,0.0000,0.0000,-3.1257,-0.2178,0.8405,0.0061,-0.0043,-0.0130
1774944610.7315,0.0000,0.0000,0.0000,0.0000,0.0000,-3.1257,-0.2178,0.8405,0.0061,-0.0043,-0.0130
1774944610.7514,0.0000,0.0000,0.0000,0.0000,0.0000,-3.1257,-0.2178,0.8405,0.0061,-0.0043,-0.0130
1774944610.7714,0.0000,0.0000,0.0000,0.0000,0.0000,-3.1257,-0.2178,0.8405,0.0061,-0.0043,-0.0130
1774944610.7915,0.0000,0.0000,0.0000,0.0000,0.0000,-3.1257,-0.2178,0.8405,0.0061,-0.0043,-0.0130
1774944610.8114,0.0000,0.0000,0.0000,0.0000,0.0000,-3.1257,-0.2178,0.8405,0.0061,-0.0043,-0.0130
1774944610.8314,0.0000,0.0000,0.0000,0.0000,0.0000,-3.1257,-0.2178,0.8405,0.0061,-0.0043,-0.0130
1774944610.8515,0.0000,0.0000,0.0000,0.0000,0.0000,-3.1257,-0.2178,0.8405,0.0061,-0.0043,-0.0130
1774944610.8714,0.0000,0.0000,0.0000,0.0000,0.0000,-3.1257,-0.2178,0.8405,0.0061,-0.0043,-0.0130
1774944610.8914,0.0000,0.0000,0.0000,0.0000,0.0000,-3.1257,-0.2178,0.8405,0.0061,-0.0043,-0.0130
1774944610.9115,0.0000,0.0000,0.0000,0.0000,0.0000,-3.1257,-0.2178,0.8405,0.0061,-0.0043,-0.0130
1774944610.9314,0.0000,0.0000,0.0000,0.0000,0.0000,-3.1257,-0.2178,0.8405,0.0061,-0.0043,-0.0130
1774944610.9514,0.0000,0.0000,0.0000,0.0000,0.0000,-3.1257,-0.2178,0.8405,0.0061,-0.0043,-0.0130
1774944610.9715,0.0000,0.0000,0.0000,0.0000,0.0000,-3.1257,-0.2178,0.8405,0.0061,-0.0043,-0.0130
1774944610.9915,0.0000,0.0000,0.0000,0.0000,0.0000,-3.1257,-0.2178,0.8405,0.0061,-0.0043,-0.0130
1774944611.0115,0.0000,0.0000,0.0000,0.0000,0.0000,-3.1257,-0.2178,0.8405,0.0061,-0.0043,-0.0130
1774944611.0315,0.0000,0.0000,0.0000,0.0000,0.0000,-3.1257,-0.2178,0.8405,0.0061,-0.0043,-0.0130
1774944611.0514,0.0000,0.0000,0.0000,0.0000,0.0000,-3.1257,-0.2178,0.8405,0.0061,-0.0043,-0.0130
1774944611.0714,0.0000,0.0000,0.0000,0.0000,0.0000,-3.1257,-0.2178,0.8405,0.0061,-0.0043,-0.0130
1774944611.0914,0.0000,0.0000,0.0000,0.0000,0.0000,-3.1257,-0.2178,0.8405,0.0061,-0.0043,-0.0130
1774944611.1114,0.0000,0.0000,0.0000,0.0000,0.0000,-3.1257,-0.2178,0.8405,0.0061,-0.0043,-0.0130
1774944611.1315,0.0000,0.0000,0.0000,0.0000,0.0000,-3.1257,-0.2178,0.8405,0.0061,-0.0043,-0.0130
1774944611.1515,0.0000,0.0000,0.0000,0.0000,0.0000,-3.1257,-0.2178,0.8405,0.0061,-0.0043,-0.0130
1774944611.1715,0.0000,0.0000,0.0000,0.0000,0.0000,-3.1257,-0.2178,0.8405,0.0061,-0.0043,-0.0130
1774944611.1916,0.0000,0.0000,0.0000,0.0000,0.0000,-3.1257,-0.2178,0.8405,0.0061,-0.0043,-0.0130
1774944611.2116,0.0000,0.0000,0.0000,0.0000,0.0000,-3.1257,-0.2178,0.8405,0.0061,-0.0043,-0.0130
1774944611.2316,0.0000,0.0000,0.0000,0.0000,0.0000,-3.1257,-0.2178,0.8405,0.0061,-0.0043,-0.0130
1774944611.2517,0.0000,0.0000,0.0000,0.0000,0.0000,-3.1257,-0.2178,0.8405,0.0061,-0.0043,-0.0130
1774944611.2716,0.0000,0.0000,0.0000,0.0000,0.0000,-3.1257,-0.2178,0.8405,0.0061,-0.0043,-0.0130
1774944611.2916,0.0000,0.0000,0.0000,0.0000,0.0000,-3.1257,-0.2178,0.8405,0.0061,-0.0043,-0.0130
1774944611.3116,0.0000,0.0000,0.0000,0.0000,0.0000,-3.1257,-0.2178,0.8405,0.0061,-0.0043,-0.0130
1774944611.3316,0.0000,0.0000,0.0000,0.0000,0.0000,-3.1257,-0.2178,0.8405,0.0061,-0.0043,-0.0130
1774944611.3516,0.0000,0.0000,0.0000,0.0000,0.0000,-3.1257,-0.2178,0.8405,0.0061,-0.0043,-0.0130
1774944611.3716,0.0000,0.0000,0.0000,0.0000,0.0000,-3.1257,-0.2178,0.8405,0.0061,-0.0043,-0.0130
1774944611.3915,0.0000,0.0000,0.0000,0.0000,0.0000,-3.1257,-0.2178,0.8405,0.0061,-0.0043,-0.0130
1774944611.4121,0.0000,0.0000,0.0000,0.0000,0.0000,-3.1257,-0.2178,0.8405,0.0061,-0.0043,-0.0130
1774944611.4314,0.0000,0.0000,0.0000,0.0000,0.0000,-3.1257,-0.2178,0.8405,0.0061,-0.0043,-0.0130
1774944611.4515,0.0000,0.0000,0.0000,0.0000,0.0000,-3.1257,-0.2178,0.8405,0.0061,-0.0043,-0.0130
1774944611.4715,0.0000,0.0000,0.0000,0.0000,0.0000,-3.1257,-0.2178,0.8405,0.0061,-0.0043,-0.0130
1774944611.4915,0.0000,0.0000,0.0000,0.0000,0.0000,-3.1257,-0.2178,0.8405,0.0061,-0.0043,-0.0130
1774944611.5114,0.0000,0.0000,0.0000,0.0000,0.0000,-3.1257,-0.2178,0.8405,0.0061,-0.0043,-0.0130
1774944611.5314,0.0000,0.0000,0.0000,0.0000,0.0000,-3.1257,-0.2178,0.8405,0.0061,-0.0043,-0.0130
1774944611.5514,0.0000,0.0000,0.0000,0.0000,0.0000,-3.1257,-0.2178,0.8405,0.0061,-0.0043,-0.0130
1774944611.5714,0.0000,0.0000,0.0000,0.0000,0.0000,-3.1257,-0.2178,0.8405,0.0061,-0.0043,-0.0130
1774944611.5914,0.0000,0.0000,0.0000,0.0000,0.0000,-3.1257,-0.2178,0.8405,0.0061,-0.0043,-0.0130
1774944611.6115,0.0000,0.0000,0.0000,0.0000,0.0000,-3.1257,-0.2178,0.8405,0.0061,-0.0043,-0.0130
1774944611.6314,0.0000,0.0000,0.0000,0.0000,0.0000,-3.1257,-0.2178,0.8405,0.0061,-0.0043,-0.0130
1774944611.6515,0.0000,0.0000,0.0000,0.0000,0.0000,-3.1257,-0.2178,0.8405,0.0061,-0.0043,-0.0130
1774944611.6715,0.0000,0.0000,0.0000,0.0000,0.0000,-3.1257,-0.2178,0.8405,0.0061,-0.0043,-0.0130
1774944611.6914,0.0000,0.0000,0.0000,0.0000,0.0000,-3.1257,-0.2178,0.8405,0.0061,-0.0043,-0.0130
1774944611.7114,0.0000,0.0000,0.0000,0.0000,0.0000,-3.1257,-0.2178,0.8405,0.0061,-0.0043,-0.0130
1774944611.7314,0.0000,0.0000,0.0000,0.0000,0.0000,-3.1257,-0.2178,0.8405,0.0061,-0.0043,-0.0130
1774944611.7514,0.0000,0.0000,0.0000,0.0000,0.0000,-3.1257,-0.2178,0.8405,0.0061,-0.0043,-0.0130
1774944611.7714,0.0000,0.0000,0.0000,0.0000,0.0000,-3.1257,-0.2178,0.8405,0.0061,-0.0043,-0.0130
1774944611.7915,0.0000,0.0000,0.0000,0.0000,0.0000,-3.1257,-0.2178,0.8405,0.0061,-0.0043,-0.0130
1774944611.8115,0.0000,0.0000,0.0000,0.0000,0.0000,-3.1257,-0.2178,0.8405,0.0061,-0.0043,-0.0130
1774944611.8315,0.0000,0.0000,0.0000,0.0000,0.0000,-3.1257,-0.2178,0.8405,0.0061,-0.0043,-0.0130
1774944611.8515,0.0000,0.0000,0.0000,0.0000,0.0000,-3.1257,-0.2178,0.8405,0.0061,-0.0043,-0.0130
1774944611.8714,0.0000,0.0000,0.0000,0.0000,0.0000,-3.1257,-0.2178,0.8405,0.0061,-0.0043,-0.0130
1774944611.8914,0.0000,0.0000,0.0000,0.0000,0.0000,-3.1257,-0.2178,0.8405,0.0061,-0.0043,-0.0130
1774944611.9114,0.0000,0.0000,0.0000,0.0000,0.0000,-3.1257,-0.2178,0.8405,0.0061,-0.0043,-0.0130
1774944611.9315,0.0000,0.0000,0.0000,0.0000,0.0000,-3.1257,-0.2178,0.8405,0.0061,-0.0043,-0.0130
1774944611.9514,0.0000,0.0000,0.0000,0.0000,0.0000,-3.1257,-0.2178,0.8405,0.0061,-0.0043,-0.0130
1774944611.9715,0.0000,0.0000,0.0000,0.0000,0.0000,-3.1257,-0.2178,0.8405,0.0061,-0.0043,-0.0130
1774944611.9914,0.0000,0.0000,0.0000,0.0000,0.0000,-3.1257,-0.2178,0.8405,0.0061,-0.0043,-0.0130
1774944612.0114,0.0000,0.0000,0.0000,0.0000,0.0000,-3.1257,-0.2178,0.8405,0.0061,-0.0043,-0.0130
1774944612.0314,0.0000,0.0000,0.0000,0.0000,0.0000,-3.1257,-0.2178,0.8405,0.0061,-0.0043,-0.0130
1774944612.0515,0.0000,0.0000,0.0000,0.0000,0.0000,-3.1257,-0.2178,0.8405,0.0061,-0.0043,-0.0130
1774944612.0714,0.0000,0.0000,0.0000,0.0000,0.0000,-3.1257,-0.2178,0.8405,0.0061,-0.0043,-0.0130
1774944612.0915,0.0000,0.0000,0.0000,0.0000,0.0000,-3.1257,-0.2178,0.8405,0.0061,-0.0043,-0.0130
1774944612.1114,0.0000,0.0000,0.0000,0.0000,0.0000,-3.1257,-0.2178,0.8405,0.0061,-0.0043,-0.0130
1774944612.1314,0.0000,0.0000,0.0000,0.0000,0.0000,-3.1257,-0.2178,0.8405,0.0061,-0.0043,-0.0130
1774944612.1514,0.0000,0.0000,0.0000,0.0000,0.0000,-3.1257,-0.2178,0.8405,0.0061,-0.0043,-0.0130
1774944612.1715,0.0000,0.0000,0.0000,0.0000,0.0000,-3.1257,-0.2178,0.8405,0.0061,-0.0043,-0.0130
1774944612.1915,0.0000,0.0000,0.0000,0.0000,0.0000,-3.1257,-0.2178,0.8405,0.0061,-0.0043,-0.0130
1774944612.2115,0.0000,0.0000,0.0000,0.0000,0.0000,-3.1257,-0.2178,0.8405,0.0061,-0.0043,-0.0130
1774944612.2315,0.0000,0.0000,0.0000,0.0000,0.0000,-3.1257,-0.2178,0.8405,0.0061,-0.0043,-0.0130
1774944612.2515,0.0000,0.0000,0.0000,0.0000,0.0000,-3.1257,-0.2178,0.8405,0.0061,-0.0043,-0.0130
1774944612.2715,0.0000,0.0000,0.0000,0.0000,0.0000,-3.1257,-0.2178,0.8405,0.0061,-0.0043,-0.0130
1774944612.2914,0.0000,0.0000,0.0000,0.0000,0.0000,-3.1257,-0.2178,0.8405,0.0061,-0.0043,-0.0130
1774944612.3115,0.0000,0.0000,0.0000,0.0000,0.0000,-3.1257,-0.2178,0.8405,0.0061,-0.0043,-0.0130
1774944612.3315,0.0000,0.0000,0.0000,0.0000,0.0000,-3.1257,-0.2178,0.8405,0.0061,-0.0043,-0.0130
1774944612.3515,0.0000,0.0000,0.0000,0.0000,0.0000,-3.1257,-0.2178,0.8405,0.0061,-0.0043,-0.0130
1774944612.3715,0.0000,0.0000,0.0000,0.0000,0.0000,-3.1257,-0.2178,0.8405,0.0061,-0.0043,-0.0130
1774944612.3914,0.0000,0.0000,0.0000,0.0000,0.0000,-3.1257,-0.2178,0.8405,0.0061,-0.0043,-0.0130
1774944612.4114,0.0000,0.0000,0.0000,0.0000,0.0000,-3.1257,-0.2178,0.8405,0.0061,-0.0043,-0.0130
1774944612.4314,0.0000,0.0000,0.0000,0.0000,0.0000,-3.1257,-0.2178,0.8405,0.0061,-0.0043,-0.0130
1774944612.4515,0.0000,0.0000,0.0000,0.0000,0.0000,-3.1257,-0.2178,0.8405,0.0061,-0.0043,-0.0130
1774944612.4717,0.0000,0.0000,0.0000,0.0000,0.0000,-3.1257,-0.2178,0.8405,0.0061,-0.0043,-0.0130
1774944612.4917,0.0000,0.0000,0.0000,0.0000,0.0000,-3.1257,-0.2178,0.8405,0.0061,-0.0043,-0.0130
1774944612.5122,0.0000,0.0000,0.0000,0.0000,0.0000,-3.1257,-0.2178,0.8405,0.0061,-0.0043,-0.0130
1774944612.5316,0.0000,0.0000,0.0000,0.0000,0.0000,-3.1257,-0.2178,0.8405,0.0061,-0.0043,-0.0130
1774944612.5516,0.0000,0.0000,0.0000,0.0000,0.0000,-3.1257,-0.2178,0.8405,0.0061,-0.0043,-0.0130
1774944612.5717,0.0000,0.0000,0.0000,0.0000,0.0000,-3.1257,-0.2178,0.8405,0.0061,-0.0043,-0.0130
1774944612.5916,0.0000,0.0000,0.0000,0.0000,0.0000,-3.1257,-0.2178,0.8405,0.0061,-0.0043,-0.0130
1774944612.6116,0.0000,0.0000,0.0000,0.0000,0.0000,-3.1257,-0.2178,0.8405,0.0061,-0.0043,-0.0130
1774944612.6316,0.0000,0.0000,0.0000,0.0000,0.0000,-3.1257,-0.2178,0.8405,0.0061,-0.0043,-0.0130
1774944612.6516,0.0000,0.0000,0.0000,0.0000,0.0000,-3.1257,-0.2178,0.8405,0.0061,-0.0043,-0.0130
1774944612.6715,0.0000,0.0000,0.0000,0.0000,0.0000,-3.1257,-0.2178,0.8405,0.0061,-0.0043,-0.0130
1774944612.6915,0.0000,0.0000,0.0000,0.0000,0.0000,-3.1257,-0.2178,0.8405,0.0061,-0.0043,-0.0130
1774944612.7125,0.0000,0.0000,0.0000,0.0000,0.0000,-3.1257,-0.2178,0.8405,0.0061,-0.0043,-0.0130
1774944612.7315,0.0000,0.0000,0.0000,0.0000,0.0000,-3.1257,-0.2178,0.8405,0.0061,-0.0043,-0.0130
1774944612.7516,0.0000,0.0000,0.0000,0.0000,0.0000,-3.1257,-0.2178,0.8405,0.0061,-0.0043,-0.0130
1774944612.7716,0.0000,0.0000,0.0000,0.0000,0.0000,-3.1257,-0.2178,0.8405,0.0061,-0.0043,-0.0130
1774944612.7916,0.0000,0.0000,0.0000,0.0000,0.0000,-3.1257,-0.2178,0.8405,0.0061,-0.0043,-0.0130
1774944612.8117,0.0000,0.0000,0.0000,0.0000,0.0000,-3.1257,-0.2178,0.8405,0.0061,-0.0043,-0.0130
1774944612.8316,0.0000,0.0000,0.0000,0.0000,0.0000,-3.1257,-0.2178,0.8405,0.0061,-0.0043,-0.0130
1774944612.8516,0.0000,0.0000,0.0000,0.0000,0.0000,-3.1257,-0.2178,0.8405,0.0061,-0.0043,-0.0130
1774944612.8716,0.0000,0.0000,0.0000,0.0000,0.0000,-3.1257,-0.2178,0.8405,0.0061,-0.0043,-0.0130
1774944612.8916,0.0000,0.0000,0.0000,0.0000,0.0000,-3.1257,-0.2178,0.8405,0.0061,-0.0043,-0.0130
1774944612.9115,0.0000,0.0000,0.0000,0.0000,0.0000,-3.1257,-0.2178,0.8405,0.0061,-0.0043,-0.0130
1774944612.9314,0.0000,0.0000,0.0000,0.0000,0.0000,-3.1257,-0.2178,0.8405,0.0061,-0.0043,-0.0130
1774944612.9514,0.0000,0.0000,0.0000,0.0000,0.0000,-3.1257,-0.2178,0.8405,0.0061,-0.0043,-0.0130
1774944612.9715,0.0000,0.0000,0.0000,0.0000,0.0000,-3.1257,-0.2178,0.8405,0.0061,-0.0043,-0.0130
1774944612.9915,0.0000,0.0000,0.0000,0.0000,0.0000,-3.1257,-0.2178,0.8405,0.0061,-0.0043,-0.0130
1774944613.0114,0.0000,0.0000,0.0000,0.0000,0.0000,-3.1257,-0.2178,0.8405,0.0061,-0.0043,-0.0130
1774944613.0314,0.0000,0.0000,0.0000,0.0000,0.0000,-3.1257,-0.2178,0.8405,0.0061,-0.0043,-0.0130
1774944613.0516,0.0000,0.0000,0.0000,0.0000,0.0000,-3.1257,-0.2178,0.8405,0.0061,-0.0043,-0.0130
1774944613.0714,0.0000,0.0000,0.0000,0.0000,0.0000,-3.1257,-0.2178,0.8405,0.0061,-0.0043,-0.0130
1774944613.0914,0.0000,0.0000,0.0000,0.0000,0.0000,-3.1257,-0.2178,0.8405,0.0061,-0.0043,-0.0130
1774944613.1114,0.0000,0.0000,0.0000,0.0000,0.0000,-3.1257,-0.2178,0.8405,0.0061,-0.0043,-0.0130
1774944613.1314,0.0000,0.0000,0.0000,0.0000,0.0000,-3.1257,-0.2178,0.8405,0.0061,-0.0043,-0.0130
1774944613.1514,0.0000,0.0000,0.0000,0.0000,0.0000,-3.1257,-0.2178,0.8405,0.0061,-0.0043,-0.0130
1774944613.1714,0.0000,0.0000,0.0000,0.0000,0.0000,-3.1257,-0.2178,0.8405,0.0061,-0.0043,-0.0130
1774944613.1915,0.0000,0.0000,0.0000,0.0000,0.0000,-3.1257,-0.2178,0.8405,0.0061,-0.0043,-0.0130
1774944613.2114,0.0000,0.0000,0.0000,0.0000,0.0000,-3.1257,-0.2178,0.8405,0.0061,-0.0043,-0.0130
1774944613.2315,0.0000,0.0000,0.0000,0.0000,0.0000,-3.1257,-0.2178,0.8405,0.0061,-0.0043,-0.0130
1774944613.2514,0.0000,0.0000,0.0000,0.0000,0.0000,-3.1257,-0.2178,0.8405,0.0061,-0.0043,-0.0130
1774944613.2714,0.0000,0.0000,0.0000,0.0000,0.0000,-3.1257,-0.2178,0.8405,0.0061,-0.0043,-0.0130
1774944613.2915,0.0000,0.0000,0.0000,0.0000,0.0000,-3.1257,-0.2178,0.8405,0.0061,-0.0043,-0.0130
1774944613.3114,0.0000,0.0000,0.0000,0.0000,0.0000,-3.1257,-0.2178,0.8405,0.0061,-0.0043,-0.0130
1774944613.3314,0.0000,0.0000,0.0000,0.0000,0.0000,-3.1257,-0.2178,0.8405,0.0061,-0.0043,-0.0130
1774944613.3514,0.0000,0.0000,0.0000,0.0000,0.0000,-3.1257,-0.2178,0.8405,0.0061,-0.0043,-0.0130
1774944613.3715,0.0000,0.0000,0.0000,0.0000,0.0000,-3.1257,-0.2178,0.8405,0.0061,-0.0043,-0.0130
1774944613.3916,0.0000,0.0000,0.0000,0.0000,0.0000,-3.1257,-0.2178,0.8405,0.0061,-0.0043,-0.0130
1774944613.4114,0.0000,0.0000,0.0000,0.0000,0.0000,-3.1257,-0.2178,0.8405,0.0061,-0.0043,-0.0130
1774944613.4322,0.0000,0.0000,0.0000,0.0000,0.0000,-3.1257,-0.2178,0.8405,0.0061,-0.0043,-0.0130
1774944613.4514,0.0000,0.0000,0.0000,0.0000,0.0000,-3.1257,-0.2178,0.8405,0.0061,-0.0043,-0.0130
1774944613.4714,0.0000,0.0000,0.0000,0.0000,0.0000,-3.1257,-0.2178,0.8405,0.0061,-0.0043,-0.0130
1774944613.4914,0.0000,0.0000,0.0000,0.0000,0.0000,-3.1257,-0.2178,0.8405,0.0061,-0.0043,-0.0130
1774944613.5114,0.0000,0.0000,0.0000,0.0000,0.0000,-3.1257,-0.2178,0.8405,0.0061,-0.0043,-0.0130
1774944613.5314,0.0000,0.0000,0.0000,0.0000,0.0000,-3.1257,-0.2178,0.8405,0.0061,-0.0043,-0.0130
1774944613.5515,0.0000,0.0000,0.0000,0.0000,0.0000,-3.1257,-0.2178,0.8405,0.0061,-0.0043,-0.0130
1774944613.5716,0.0000,0.0000,0.0000,0.0000,0.0000,-3.1257,-0.2178,0.8405,0.0061,-0.0043,-0.0130
1774944613.5917,0.0000,0.0000,0.0000,0.0000,0.0000,-3.1257,-0.2178,0.8405,0.0061,-0.0043,-0.0130
1774944613.6116,0.0000,0.0000,0.0000,0.0000,0.0000,-3.1257,-0.2178,0.8405,0.0061,-0.0043,-0.0130
1774944613.6316,0.0000,0.0000,0.0000,0.0000,0.0000,-3.1257,-0.2178,0.8405,0.0061,-0.0043,-0.0130
1774944613.6516,0.0000,0.0000,0.0000,0.0000,0.0000,-3.1257,-0.2178,0.8405,0.0061,-0.0043,-0.0130
1774944613.6716,0.0000,0.0000,0.0000,0.0000,0.0000,-3.1257,-0.2178,0.8405,0.0061,-0.0043,-0.0130
1774944613.6917,0.0000,0.0000,0.0000,0.0000,0.0000,-3.1257,-0.2178,0.8405,0.0061,-0.0043,-0.0130
1774944613.7116,0.0000,0.0000,0.0000,0.0000,0.0000,-3.1257,-0.2178,0.8405,0.0061,-0.0043,-0.0130
1774944613.7316,0.0000,0.0000,0.0000,0.0000,0.0000,-3.1257,-0.2178,0.8405,0.0061,-0.0043,-0.0130
1774944613.7516,0.0000,0.0000,0.0000,0.0000,0.0000,-3.1257,-0.2178,0.8405,0.0061,-0.0043,-0.0130
1774944613.7716,0.0000,0.0000,0.0000,0.0000,0.0000,-3.1257,-0.2178,0.8405,0.0061,-0.0043,-0.0130
1774944613.7915,0.0000,0.0000,0.0000,0.0000,0.0000,-3.1257,-0.2178,0.8405,0.0061,-0.0043,-0.0130
1774944613.8116,0.0000,0.0000,0.0000,0.0000,0.0000,-3.1257,-0.2178,0.8405,0.0061,-0.0043,-0.0130
1774944613.8317,0.0000,0.0000,0.0000,0.0000,0.0000,-3.1257,-0.2178,0.8405,0.0061,-0.0043,-0.0130
1774944613.8516,0.0000,0.0000,0.0000,0.0000,0.0000,-3.1257,-0.2178,0.8405,0.0061,-0.0043,-0.0130
1774944613.8716,0.0000,0.0000,0.0000,0.0000,0.0000,-3.1257,-0.2178,0.8405,0.0061,-0.0043,-0.0130
1774944613.8916,0.0000,0.0000,0.0000,0.0000,0.0000,-3.1257,-0.2178,0.8405,0.0061,-0.0043,-0.0130
1774944613.9116,0.0000,0.0000,0.0000,0.0000,0.0000,-3.1257,-0.2178,0.8405,0.0061,-0.0043,-0.0130
1774944613.9316,0.0000,0.0000,0.0000,0.0000,0.0000,-3.1257,-0.2178,0.8405,0.0061,-0.0043,-0.0130
1774944613.9516,0.0000,0.0000,0.0000,0.0000,0.0000,-3.1257,-0.2178,0.8405,0.0061,-0.0043,-0.0130
1774944613.9716,0.0000,0.0000,0.0000,0.0000,0.0000,-3.1257,-0.2178,0.8405,0.0061,-0.0043,-0.0130
1774944613.9916,0.0000,0.0000,0.0000,0.0000,0.0000,-3.1257,-0.2178,0.8405,0.0061,-0.0043,-0.0130
1774944614.0114,0.0000,0.0000,0.0000,0.0000,0.0000,-3.1257,-0.2178,0.8405,0.0061,-0.0043,-0.0130
1774944614.0314,0.0000,0.0000,0.0000,0.0000,0.0000,-3.1257,-0.2178,0.8405,0.0061,-0.0043,-0.0130
1774944614.0514,0.0000,0.0000,0.0000,0.0000,0.0000,-3.1257,-0.2178,0.8405,0.0061,-0.0043,-0.0130
1774944614.0714,0.0000,0.0000,0.0000,0.0000,0.0000,-3.1257,-0.2178,0.8405,0.0061,-0.0043,-0.0130
1774944614.0915,0.0000,0.0000,0.0000,0.0000,0.0000,-3.1257,-0.2178,0.8405,0.0061,-0.0043,-0.0130
1774944614.1114,0.0000,0.0000,0.0000,0.0000,0.0000,-3.1257,-0.2178,0.8405,0.0061,-0.0043,-0.0130
1774944614.1314,0.0000,0.0000,0.0000,0.0000,0.0000,-3.1257,-0.2178,0.8405,0.0061,-0.0043,-0.0130
1774944614.1515,0.0000,0.0000,0.0000,0.0000,0.0000,-3.1257,-0.2178,0.8405,0.0061,-0.0043,-0.0130
1774944614.1716,0.0000,0.0000,0.0000,0.0000,0.0000,-3.1257,-0.2178,0.8405,0.0061,-0.0043,-0.0130
1774944614.1916,0.0000,0.0000,0.0000,0.0000,0.0000,-3.1257,-0.2178,0.8405,0.0061,-0.0043,-0.0130
1774944614.2116,0.0000,0.0000,0.0000,0.0000,0.0000,-3.1257,-0.2178,0.8405,0.0061,-0.0043,-0.0130
1774944614.2315,0.0000,0.0000,0.0000,0.0000,0.0000,-3.1257,-0.2178,0.8405,0.0061,-0.0043,-0.0130
1774944614.2516,0.0000,0.0000,0.0000,0.0000,0.0000,-3.1257,-0.2178,0.8405,0.0061,-0.0043,-0.0130
1774944614.2715,0.0000,0.0000,0.0000,0.0000,0.0000,-3.1257,-0.2178,0.8405,0.0061,-0.0043,-0.0130
1774944614.2915,0.0000,0.0000,0.0000,0.0000,0.0000,-3.1257,-0.2178,0.8405,0.0061,-0.0043,-0.0130
1774944614.3115,0.0000,0.0000,0.0000,0.0000,0.0000,-3.1257,-0.2178,0.8405,0.0061,-0.0043,-0.0130
1774944614.3315,0.0000,0.0000,0.0000,0.0000,0.0000,-3.1257,-0.2178,0.8405,0.0061,-0.0043,-0.0130
1774944614.3516,0.0000,0.0000,0.0000,0.0000,0.0000,-3.1257,-0.2178,0.8405,0.0061,-0.0043,-0.0130
1774944614.3716,0.0000,0.0000,0.0000,0.0000,0.0000,-3.1257,-0.2178,0.8405,0.0061,-0.0043,-0.0130
1774944614.3916,0.0000,0.0000,0.0000,0.0000,0.0000,-3.1257,-0.2178,0.8405,0.0061,-0.0043,-0.0130
1774944614.4116,0.0000,0.0000,0.0000,0.0000,0.0000,-3.1257,-0.2178,0.8405,0.0061,-0.0043,-0.0130
1774944614.4316,0.0000,0.0000,0.0000,0.0000,0.0000,-3.1257,-0.2178,0.8405,0.0061,-0.0043,-0.0130
1774944614.4516,0.0000,0.0000,0.0000,0.0000,0.0000,-3.1257,-0.2178,0.8405,0.0061,-0.0043,-0.0130
1774944614.4716,0.0000,0.0000,0.0000,0.0000,0.0000,-3.1257,-0.2178,0.8405,0.0061,-0.0043,-0.0130
1774944614.4917,0.0000,0.0000,0.0000,0.0000,0.0000,-3.1257,-0.2178,0.8405,0.0061,-0.0043,-0.0130
1774944614.5116,0.0000,0.0000,0.0000,0.0000,0.0000,-3.1257,-0.2178,0.8405,0.0061,-0.0043,-0.0130
1774944614.5316,0.0000,0.0000,0.0000,0.0000,0.0000,-3.1257,-0.2178,0.8405,0.0061,-0.0043,-0.0130
1774944614.5516,0.0000,0.0000,0.0000,0.0000,0.0000,-3.1257,-0.2178,0.8405,0.0061,-0.0043,-0.0130
1774944614.5716,0.0000,0.0000,0.0000,0.0000,0.0000,-3.1257,-0.2178,0.8405,0.0061,-0.0043,-0.0130
1774944614.5916,0.0000,0.0000,0.0000,0.0000,0.0000,-3.1257,-0.2178,0.8405,0.0061,-0.0043,-0.0130
1774944614.6116,0.0000,0.0000,0.0000,0.0000,0.0000,-3.1257,-0.2178,0.8405,0.0061,-0.0043,-0.0130
1774944614.6316,0.0000,0.0000,0.0000,0.0000,0.0000,-3.1257,-0.2178,0.8405,0.0061,-0.0043,-0.0130
1774944614.6515,0.0000,0.0000,0.0000,0.0000,0.0000,-3.1257,-0.2178,0.8405,0.0061,-0.0043,-0.0130
1774944614.6719,0.0000,0.0000,0.0000,0.0000,0.0000,-3.1257,-0.2178,0.8405,0.0061,-0.0043,-0.0130
1774944614.6915,0.0000,0.0000,0.0000,0.0000,0.0000,-3.1257,-0.2178,0.8405,0.0061,-0.0043,-0.0130
1774944614.7115,0.0000,0.0000,0.0000,0.0000,0.0000,-3.1257,-0.2178,0.8405,0.0061,-0.0043,-0.0130
1774944614.7314,0.0000,0.0000,0.0000,0.0000,0.0000,-3.1257,-0.2178,0.8405,0.0061,-0.0043,-0.0130
1774944614.7515,0.0000,0.0000,0.0000,0.0000,0.0000,-3.1257,-0.2178,0.8405,0.0061,-0.0043,-0.0130
1774944614.7715,0.0000,0.0000,0.0000,0.0000,0.0000,-3.1257,-0.2178,0.8405,0.0061,-0.0043,-0.0130
1774944614.7915,0.0000,0.0000,0.0000,0.0000,0.0000,-3.1257,-0.2178,0.8405,0.0061,-0.0043,-0.0130
1774944614.8115,0.0000,0.0000,0.0000,0.0000,0.0000,-3.1257,-0.2178,0.8405,0.0061,-0.0043,-0.0130
1774944614.8315,0.0000,0.0000,0.0000,0.0000,0.0000,-3.1257,-0.2178,0.8405,0.0061,-0.0043,-0.0130
1774944614.8514,0.0000,0.0000,0.0000,0.0000,0.0000,-3.1257,-0.2178,0.8405,0.0061,-0.0043,-0.0130
1774944614.8714,0.0000,0.0000,0.0000,0.0000,0.0000,-3.1257,-0.2178,0.8405,0.0061,-0.0043,-0.0130
1774944614.8915,0.0000,0.0000,0.0000,0.0000,0.0000,-3.1257,-0.2178,0.8405,0.0061,-0.0043,-0.0130
1774944614.9115,0.0000,0.0000,0.0000,0.0000,0.0000,-3.1257,-0.2178,0.8405,0.0061,-0.0043,-0.0130
1774944614.9315,0.0000,0.0000,0.0000,0.0000,0.0000,-3.1257,-0.2178,0.8405,0.0061,-0.0043,-0.0130
1774944614.9518,0.0000,0.0000,0.0000,0.0000,0.0000,-3.1257,-0.2178,0.8405,0.0061,-0.0043,-0.0130
1774944614.9716,0.0000,0.0000,0.0000,0.0000,0.0000,-3.1257,-0.2178,0.8405,0.0061,-0.0043,-0.0130
1774944614.9915,0.0000,0.0000,0.0000,0.0000,0.0000,-3.1257,-0.2178,0.8405,0.0061,-0.0043,-0.0130
1774944615.0117,0.0000,0.0000,0.0000,0.0000,0.0000,-3.1257,-0.2178,0.8405,0.0061,-0.0043,-0.0130
1774944615.0315,0.0000,0.0000,0.0000,0.0000,0.0000,-3.1257,-0.2178,0.8405,0.0061,-0.0043,-0.0130
1774944615.0517,0.0000,0.0000,0.0000,0.0000,0.0000,-3.1257,-0.2178,0.8405,0.0061,-0.0043,-0.0130
1774944615.0714,0.0000,0.0000,0.0000,0.0000,0.0000,-3.1257,-0.2178,0.8405,0.0061,-0.0043,-0.0130
1774944615.0915,0.0000,0.0000,0.0000,0.0000,0.0000,-3.1257,-0.2178,0.8405,0.0061,-0.0043,-0.0130
1774944615.1115,0.0000,0.0000,0.0000,0.0000,0.0000,-3.1257,-0.2178,0.8405,0.0061,-0.0043,-0.0130
1774944615.1314,0.0000,0.0000,0.0000,0.0000,0.0000,-3.1257,-0.2178,0.8405,0.0061,-0.0043,-0.0130
1774944615.1514,0.0000,0.0000,0.0000,0.0000,0.0000,-3.1257,-0.2178,0.8405,0.0061,-0.0043,-0.0130
1774944615.1714,0.0000,0.0000,0.0000,0.0000,0.0000,-3.1257,-0.2178,0.8405,0.0061,-0.0043,-0.0130
1774944615.1914,0.0000,0.0000,0.0000,0.0000,0.0000,-3.1257,-0.2178,0.8405,0.0061,-0.0043,-0.0130
1774944615.2116,0.0000,0.0000,0.0000,0.0000,0.0000,-3.1257,-0.2178,0.8405,0.0061,-0.0043,-0.0130
1774944615.2316,0.0000,0.0000,0.0000,0.0000,0.0000,-3.1257,-0.2178,0.8405,0.0061,-0.0043,-0.0130
1774944615.2516,0.0000,0.0000,0.0000,0.0000,0.0000,-3.1257,-0.2178,0.8405,0.0061,-0.0043,-0.0130
1774944615.2716,0.0000,0.0000,0.0000,0.0000,0.0000,-3.1257,-0.2178,0.8405,0.0061,-0.0043,-0.0130
1774944615.2917,0.0000,0.0000,0.0000,0.0000,0.0000,-3.1257,-0.2178,0.8405,0.0061,-0.0043,-0.0130
1774944615.3117,0.0000,0.0000,0.0000,0.0000,0.0000,-3.1257,-0.2178,0.8405,0.0061,-0.0043,-0.0130
1774944615.3316,0.0000,0.0000,0.0000,0.0000,0.0000,-3.1257,-0.2178,0.8405,0.0061,-0.0043,-0.0130
1774944615.3516,0.0000,0.0000,0.0000,0.0000,0.0000,-3.1257,-0.2178,0.8405,0.0061,-0.0043,-0.0130
1774944615.3718,0.0000,0.0000,0.0000,0.0000,0.0000,-3.1257,-0.2178,0.8405,0.0061,-0.0043,-0.0130
1774944615.3916,0.0000,0.0000,0.0000,0.0000,0.0000,-3.1257,-0.2178,0.8405,0.0061,-0.0043,-0.0130
1774944615.4116,0.0000,0.0000,0.0000,0.0000,0.0000,-3.1257,-0.2178,0.8405,0.0061,-0.0043,-0.0130
1774944615.4317,0.0000,0.0000,0.0000,0.0000,0.0000,-3.1257,-0.2178,0.8405,0.0061,-0.0043,-0.0130
1774944615.4519,0.0000,0.0000,0.0000,0.0000,0.0000,-3.1257,-0.2178,0.8405,0.0061,-0.0043,-0.0130
1774944615.4720,0.0000,0.0000,0.0000,0.0000,0.0000,-3.1257,-0.2178,0.8405,0.0061,-0.0043,-0.0130
1774944615.4916,0.0000,0.0000,0.0000,0.0000,0.0000,-3.1257,-0.2178,0.8405,0.0061,-0.0043,-0.0130
1774944615.5116,0.0000,0.0000,0.0000,0.0000,0.0000,-3.1257,-0.2178,0.8405,0.0061,-0.0043,-0.0130
1774944615.5320,0.0000,0.0000,0.0000,0.0000,0.0000,-3.1257,-0.2178,0.8405,0.0061,-0.0043,-0.0130
1774944615.5516,0.0000,0.0000,0.0000,0.0000,0.0000,-3.1257,-0.2178,0.8405,0.0061,-0.0043,-0.0130
1774944615.5717,0.0000,0.0000,0.0000,0.0000,0.0000,-3.1257,-0.2178,0.8405,0.0061,-0.0043,-0.0130
1774944615.5916,0.0000,0.0000,0.0000,0.0000,0.0000,-3.1257,-0.2178,0.8405,0.0061,-0.0043,-0.0130
1774944615.6116,0.0000,0.0000,0.0000,0.0000,0.0000,-3.1257,-0.2178,0.8405,0.0061,-0.0043,-0.0130
1774944615.6317,0.0000,0.0000,0.0000,0.0000,0.0000,-3.1257,-0.2178,0.8405,0.0061,-0.0043,-0.0130
1774944615.6517,0.0000,0.0000,0.0000,0.0000,0.0000,-3.1257,-0.2178,0.8405,0.0061,-0.0043,-0.0130
1774944615.6716,0.0000,0.0000,0.0000,0.0000,0.0000,-3.1257,-0.2178,0.8405,0.0061,-0.0043,-0.0130
1774944615.6916,0.0000,0.0000,0.0000,0.0000,0.0000,-3.1257,-0.2178,0.8405,0.0061,-0.0043,-0.0130
1774944615.7116,0.0000,0.0000,0.0000,0.0000,0.0000,-3.1257,-0.2178,0.8405,0.0061,-0.0043,-0.0130
1774944615.7316,0.0000,0.0000,0.0000,0.0000,0.0000,-3.1257,-0.2178,0.8405,0.0061,-0.0043,-0.0130
1774944615.7515,0.0000,0.0000,0.0000,0.0000,0.0000,-3.1257,-0.2178,0.8405,0.0061,-0.0043,-0.0130
1774944615.7718,0.0000,0.0000,0.0000,0.0000,0.0000,-3.1257,-0.2178,0.8405,0.0061,-0.0043,-0.0130
1774944615.7916,0.0000,0.0000,0.0000,0.0000,0.0000,-3.1257,-0.2178,0.8405,0.0061,-0.0043,-0.0130
1774944615.8116,0.0000,0.0000,0.0000,0.0000,0.0000,-3.1257,-0.2178,0.8405,0.0061,-0.0043,-0.0130
1774944615.8316,0.0000,0.0000,0.0000,0.0000,0.0000,-3.1257,-0.2178,0.8405,0.0061,-0.0043,-0.0130
1774944615.8515,0.0000,0.0000,0.0000,0.0000,0.0000,-3.1257,-0.2178,0.8405,0.0061,-0.0043,-0.0130
1774944615.8716,0.0000,0.0000,0.0000,0.0000,0.0000,-3.1257,-0.2178,0.8405,0.0061,-0.0043,-0.0130
1774944615.8916,0.0000,0.0000,0.0000,0.0000,0.0000,-3.1257,-0.2178,0.8405,0.0061,-0.0043,-0.0130
1774944615.9123,0.0000,0.0000,0.0000,0.0000,0.0000,-3.1257,-0.2178,0.8405,0.0061,-0.0043,-0.0130
1774944615.9317,0.0000,0.0000,0.0000,0.0000,0.0000,-3.1257,-0.2178,0.8405,0.0061,-0.0043,-0.0130
1774944615.9516,0.0000,0.0000,0.0000,0.0000,0.0000,-3.1257,-0.2178,0.8405,0.0061,-0.0043,-0.0130
1774944615.9717,0.0000,0.0000,0.0000,0.0000,0.0000,-3.1257,-0.2178,0.8405,0.0061,-0.0043,-0.0130
1774944615.9916,0.0000,0.0000,0.0000,0.0000,0.0000,-3.1257,-0.2178,0.8405,0.0061,-0.0043,-0.0130
1774944616.0117,0.0000,0.0000,0.0000,0.0000,0.0000,-3.1257,-0.2178,0.8405,0.0061,-0.0043,-0.0130
1774944616.0317,0.0000,0.0000,0.0000,0.0000,0.0000,-3.1257,-0.2178,0.8405,0.0061,-0.0043,-0.0130
1774944616.0516,0.0000,0.0000,0.0000,0.0000,0.0000,-3.1257,-0.2178,0.8405,0.0061,-0.0043,-0.0130
1774944616.0715,0.0000,0.0000,0.0000,0.0000,0.0000,-3.1257,-0.2178,0.8405,0.0061,-0.0043,-0.0130
1774944616.0916,0.0000,0.0000,0.0000,0.0000,0.0000,-3.1257,-0.2178,0.8405,0.0061,-0.0043,-0.0130
1774944616.1116,0.0000,0.0000,0.0000,0.0000,0.0000,-3.1257,-0.2178,0.8405,0.0061,-0.0043,-0.0130
1774944616.1316,0.0000,0.0000,0.0000,0.0000,0.0000,-3.1257,-0.2178,0.8405,0.0061,-0.0043,-0.0130
1774944616.1516,0.0000,0.0000,0.0000,0.0000,0.0000,-3.1257,-0.2178,0.8405,0.0061,-0.0043,-0.0130
1774944616.1716,0.0000,0.0000,0.0000,0.0000,0.0000,-3.1257,-0.2178,0.8405,0.0061,-0.0043,-0.0130
1774944616.1916,0.0000,0.0000,0.0000,0.0000,0.0000,-3.1257,-0.2178,0.8405,0.0061,-0.0043,-0.0130
1774944616.2116,0.0000,0.0000,0.0000,0.0000,0.0000,-3.1257,-0.2178,0.8405,0.0061,-0.0043,-0.0130
1774944616.2316,0.0000,0.0000,0.0000,0.0000,0.0000,-3.1257,-0.2178,0.8405,0.0061,-0.0043,-0.0130
1774944616.2516,0.0000,0.0000,0.0000,0.0000,0.0000,-3.1257,-0.2178,0.8405,0.0061,-0.0043,-0.0130
1774944616.2716,0.0000,0.0000,0.0000,0.0000,0.0000,-3.1257,-0.2178,0.8405,0.0061,-0.0043,-0.0130
1774944616.2917,0.0000,0.0000,0.0000,0.0000,0.0000,-3.1257,-0.2178,0.8405,0.0061,-0.0043,-0.0130
1774944616.3116,0.0000,0.0000,0.0000,0.0000,0.0000,-3.1257,-0.2178,0.8405,0.0061,-0.0043,-0.0130
1774944616.3316,0.0000,0.0000,0.0000,0.0000,0.0000,-3.1257,-0.2178,0.8405,0.0061,-0.0043,-0.0130
1774944616.3516,0.0000,0.0000,0.0000,0.0000,0.0000,-3.1257,-0.2178,0.8405,0.0061,-0.0043,-0.0130
1774944616.3716,0.0000,0.0000,0.0000,0.0000,0.0000,-3.1257,-0.2178,0.8405,0.0061,-0.0043,-0.0130
1774944616.3916,0.0000,0.0000,0.0000,0.0000,0.0000,-3.1257,-0.2178,0.8405,0.0061,-0.0043,-0.0130
1774944616.4116,0.0000,0.0000,0.0000,0.0000,0.0000,-3.1257,-0.2178,0.8405,0.0061,-0.0043,-0.0130
1774944616.4315,0.0000,0.0000,0.0000,0.0000,0.0000,-3.1257,-0.2178,0.8405,0.0061,-0.0043,-0.0130
1774944616.4514,0.0000,0.0000,0.0000,0.0000,0.0000,-3.1257,-0.2178,0.8405,0.0061,-0.0043,-0.0130
1774944616.4714,0.0000,0.0000,0.0000,0.0000,0.0000,-3.1257,-0.2178,0.8405,0.0061,-0.0043,-0.0130
1774944616.4914,0.0000,0.0000,0.0000,0.0000,0.0000,-3.1257,-0.2178,0.8405,0.0061,-0.0043,-0.0130
1774944616.5115,0.0000,0.0000,0.0000,0.0000,0.0000,-3.1257,-0.2178,0.8405,0.0061,-0.0043,-0.0130
1774944616.5316,0.0000,0.0000,0.0000,0.0000,0.0000,-3.1257,-0.2178,0.8405,0.0061,-0.0043,-0.0130
1774944616.5515,0.0000,0.0000,0.0000,0.0000,0.0000,-3.1257,-0.2178,0.8405,0.0061,-0.0043,-0.0130
1774944616.5715,0.0000,0.0000,0.0000,0.0000,0.0000,-3.1257,-0.2178,0.8405,0.0061,-0.0043,-0.0130
1774944616.5914,0.0000,0.0000,0.0000,0.0000,0.0000,-3.1257,-0.2178,0.8405,0.0061,-0.0043,-0.0130
1774944616.6115,0.0000,0.0000,0.0000,0.0000,0.0000,-3.1257,-0.2178,0.8405,0.0061,-0.0043,-0.0130
1774944616.6314,0.0000,0.0000,0.0000,0.0000,0.0000,-3.1257,-0.2178,0.8405,0.0061,-0.0043,-0.0130
1774944616.6515,0.0000,0.0000,0.0000,0.0000,0.0000,-3.1257,-0.2178,0.8405,0.0061,-0.0043,-0.0130
1774944616.6715,0.0000,0.0000,0.0000,0.0000,0.0000,-3.1257,-0.2178,0.8405,0.0061,-0.0043,-0.0130
1774944616.6914,0.0000,0.0000,0.0000,0.0000,0.0000,-3.1257,-0.2178,0.8405,0.0061,-0.0043,-0.0130
1774944616.7115,0.0000,0.0000,0.0000,0.0000,0.0000,-3.1257,-0.2178,0.8405,0.0061,-0.0043,-0.0130
1774944616.7314,0.0000,0.0000,0.0000,0.0000,0.0000,-3.1257,-0.2178,0.8405,0.0061,-0.0043,-0.0130
1774944616.7515,0.0000,0.0000,0.0000,0.0000,0.0000,-3.1257,-0.2178,0.8405,0.0061,-0.0043,-0.0130
1774944616.7714,0.0000,0.0000,0.0000,0.0000,0.0000,-3.1257,-0.2178,0.8405,0.0061,-0.0043,-0.0130
1774944616.7914,0.0000,0.0000,0.0000,0.0000,0.0000,-3.1257,-0.2178,0.8405,0.0061,-0.0043,-0.0130
1774944616.8114,0.0000,0.0000,0.0000,0.0000,0.0000,-3.1257,-0.2178,0.8405,0.0061,-0.0043,-0.0130
1774944616.8314,0.0000,0.0000,0.0000,0.0000,0.0000,-3.1257,-0.2178,0.8405,0.0061,-0.0043,-0.0130
1774944616.8514,0.0000,0.0000,0.0000,0.0000,0.0000,-3.1257,-0.2178,0.8405,0.0061,-0.0043,-0.0130
1774944616.8715,0.0000,0.0000,0.0000,0.0000,0.0000,-3.1257,-0.2178,0.8405,0.0061,-0.0043,-0.0130
1774944616.8914,0.0000,0.0000,0.0000,0.0000,0.0000,-3.1257,-0.2178,0.8405,0.0061,-0.0043,-0.0130
1774944616.9114,0.0000,0.0000,0.0000,0.0000,0.0000,-3.1257,-0.2178,0.8405,0.0061,-0.0043,-0.0130
1774944616.9314,0.0000,0.0000,0.0000,0.0000,0.0000,-3.1257,-0.2178,0.8405,0.0061,-0.0043,-0.0130
1774944616.9515,0.0000,0.0000,0.0000,0.0000,0.0000,-3.1257,-0.2178,0.8405,0.0061,-0.0043,-0.0130
1774944616.9716,0.0000,0.0000,0.0000,0.0000,0.0000,-3.1257,-0.2178,0.8405,0.0061,-0.0043,-0.0130
1774944616.9916,0.0000,0.0000,0.0000,0.0000,0.0000,-3.1257,-0.2178,0.8405,0.0061,-0.0043,-0.0130
1774944617.0116,0.0000,0.0000,0.0000,0.0000,0.0000,-3.1257,-0.2178,0.8405,0.0061,-0.0043,-0.0130
1774944617.0316,0.0000,0.0000,0.0000,0.0000,0.0000,-3.1257,-0.2178,0.8405,0.0061,-0.0043,-0.0130
1774944617.0516,0.0000,0.0000,0.0000,0.0000,0.0000,-3.1257,-0.2178,0.8405,0.0061,-0.0043,-0.0130
1774944617.0716,0.0000,0.0000,0.0000,0.0000,0.0000,-3.1257,-0.2178,0.8405,0.0061,-0.0043,-0.0130
1774944617.0916,0.0000,0.0000,0.0000,0.0000,0.0000,-3.1257,-0.2178,0.8405,0.0061,-0.0043,-0.0130
1774944617.1116,0.0000,0.0000,0.0000,0.0000,0.0000,-3.1257,-0.2178,0.8405,0.0061,-0.0043,-0.0130
1774944617.1316,0.0000,0.0000,0.0000,0.0000,0.0000,-3.1257,-0.2178,0.8405,0.0061,-0.0043,-0.0130
1774944617.1516,0.0000,0.0000,0.0000,0.0000,0.0000,-3.1257,-0.2178,0.8405,0.0061,-0.0043,-0.0130
1774944617.1716,0.0000,0.0000,0.0000,0.0000,0.0000,-3.1257,-0.2178,0.8405,0.0061,-0.0043,-0.0130
1774944617.1916,0.0000,0.0000,0.0000,0.0000,0.0000,-3.1257,-0.2178,0.8405,0.0061,-0.0043,-0.0130
1774944617.2116,0.0000,0.0000,0.0000,0.0000,0.0000,-3.1257,-0.2178,0.8405,0.0061,-0.0043,-0.0130
1774944617.2316,0.0000,0.0000,0.0000,0.0000,0.0000,-3.1257,-0.2178,0.8405,0.0061,-0.0043,-0.0130
1774944617.2516,0.0000,0.0000,0.0000,0.0000,0.0000,-3.1257,-0.2178,0.8405,0.0061,-0.0043,-0.0130
1774944617.2716,0.0000,0.0000,0.0000,0.0000,0.0000,-3.1257,-0.2178,0.8405,0.0061,-0.0043,-0.0130
1774944617.2916,0.0000,0.0000,0.0000,0.0000,0.0000,-3.1257,-0.2178,0.8405,0.0061,-0.0043,-0.0130
1774944617.3116,0.0000,0.0000,0.0000,0.0000,0.0000,-3.1257,-0.2178,0.8405,0.0061,-0.0043,-0.0130
1774944617.3316,0.0000,0.0000,0.0000,0.0000,0.0000,-3.1257,-0.2178,0.8405,0.0061,-0.0043,-0.0130
1774944617.3516,0.0000,0.0000,0.0000,0.0000,0.0000,-3.1257,-0.2178,0.8405,0.0061,-0.0043,-0.0130
1774944617.3717,0.0000,0.0000,0.0000,0.0000,0.0000,-3.1257,-0.2178,0.8405,0.0061,-0.0043,-0.0130
1774944617.3916,0.0000,0.0000,0.0000,0.0000,0.0000,-3.1257,-0.2178,0.8405,0.0061,-0.0043,-0.0130
1774944617.4116,0.0000,0.0000,0.0000,0.0000,0.0000,-3.1257,-0.2178,0.8405,0.0061,-0.0043,-0.0130
1774944617.4315,0.0000,0.0000,0.0000,0.0000,0.0000,-3.1257,-0.2178,0.8405,0.0061,-0.0043,-0.0130
1774944617.4514,0.0000,0.0000,0.0000,0.0000,0.0000,-3.1257,-0.2178,0.8405,0.0061,-0.0043,-0.0130
1774944617.4715,0.0000,0.0000,0.0000,0.0000,0.0000,-3.1257,-0.2178,0.8405,0.0061,-0.0043,-0.0130
1774944617.4915,0.0000,0.0000,0.0000,0.0000,0.0000,-3.1257,-0.2178,0.8405,0.0061,-0.0043,-0.0130
1774944617.5116,0.0000,0.0000,0.0000,0.0000,0.0000,-3.1257,-0.2178,0.8405,0.0061,-0.0043,-0.0130
1774944617.5314,0.0000,0.0000,0.0000,0.0000,0.0000,-3.1257,-0.2178,0.8405,0.0061,-0.0043,-0.0130
1774944617.5514,0.0000,0.0000,0.0000,0.0000,0.0000,-3.1257,-0.2178,0.8405,0.0061,-0.0043,-0.0130
1774944617.5714,0.0000,0.0000,0.0000,0.0000,0.0000,-3.1257,-0.2178,0.8405,0.0061,-0.0043,-0.0130
1774944617.5914,0.0000,0.0000,0.0000,0.0000,0.0000,-3.1257,-0.2178,0.8405,0.0061,-0.0043,-0.0130
1774944617.6115,0.0000,0.0000,0.0000,0.0000,0.0000,-3.1257,-0.2178,0.8405,0.0061,-0.0043,-0.0130
1774944617.6315,0.0000,0.0000,0.0000,0.0000,0.0000,-3.1257,-0.2178,0.8405,0.0061,-0.0043,-0.0130
1774944617.6514,0.0000,0.0000,0.0000,0.0000,0.0000,-3.1257,-0.2178,0.8405,0.0061,-0.0043,-0.0130
1774944617.6714,0.0000,0.0000,0.0000,0.0000,0.0000,-3.1257,-0.2178,0.8405,0.0061,-0.0043,-0.0130
1774944617.6914,0.0000,0.0000,0.0000,0.0000,0.0000,-3.1257,-0.2178,0.8405,0.0061,-0.0043,-0.0130
1774944617.7115,0.0000,0.0000,0.0000,0.0000,0.0000,-3.1257,-0.2178,0.8405,0.0061,-0.0043,-0.0130
1774944617.7314,0.0000,0.0000,0.0000,0.0000,0.0000,-3.1257,-0.2178,0.8405,0.0061,-0.0043,-0.0130
1774944617.7514,0.0000,0.0000,0.0000,0.0000,0.0000,-3.1257,-0.2178,0.8405,0.0061,-0.0043,-0.0130
1774944617.7714,0.0000,0.0000,0.0000,0.0000,0.0000,-3.1257,-0.2178,0.8405,0.0061,-0.0043,-0.0130
1774944617.7915,0.0000,0.0000,0.0000,0.0000,0.0000,-3.1257,-0.2178,0.8405,0.0061,-0.0043,-0.0130
1774944617.8115,0.0000,0.0000,0.0000,0.0000,0.0000,-3.1257,-0.2178,0.8405,0.0061,-0.0043,-0.0130
1774944617.8314,0.0000,0.0000,0.0000,0.0000,0.0000,-3.1257,-0.2178,0.8405,0.0061,-0.0043,-0.0130
1774944617.8514,0.0000,0.0000,0.0000,0.0000,0.0000,-3.1257,-0.2178,0.8405,0.0061,-0.0043,-0.0130
1774944617.8715,0.0000,0.0000,0.0000,0.0000,0.0000,-3.1257,-0.2178,0.8405,0.0061,-0.0043,-0.0130
1774944617.8914,0.0000,0.0000,0.0000,0.0000,0.0000,-3.1257,-0.2178,0.8405,0.0061,-0.0043,-0.0130
1774944617.9114,0.0000,0.0000,0.0000,0.0000,0.0000,-3.1257,-0.2178,0.8405,0.0061,-0.0043,-0.0130
1774944617.9314,0.0000,0.0000,0.0000,0.0000,0.0000,-3.1257,-0.2178,0.8405,0.0061,-0.0043,-0.0130
1774944617.9514,0.0000,0.0000,0.0000,0.0000,0.0000,-3.1257,-0.2178,0.8405,0.0061,-0.0043,-0.0130
1774944617.9714,0.0000,0.0000,0.0000,0.0000,0.0000,-3.1257,-0.2178,0.8405,0.0061,-0.0043,-0.0130
1774944617.9914,0.0000,0.0000,0.0000,0.0000,0.0000,-3.1257,-0.2178,0.8405,0.0061,-0.0043,-0.0130
1774944618.0114,0.0000,0.0000,0.0000,0.0000,0.0000,-3.1257,-0.2178,0.8405,0.0061,-0.0043,-0.0130
1774944618.0313,0.0000,0.0000,0.0000,0.0000,0.0000,-3.1257,-0.2178,0.8405,0.0061,-0.0043,-0.0130
1774944618.0513,0.0000,0.0000,0.0000,0.0000,0.0000,-3.1257,-0.2178,0.8405,0.0061,-0.0043,-0.0130
1774944618.0713,0.0000,0.0000,0.0000,0.0000,0.0000,-3.1257,-0.2178,0.8405,0.0061,-0.0043,-0.0130
1774944618.0913,0.0000,0.0000,0.0000,0.0000,0.0000,-3.1257,-0.2178,0.8405,0.0061,-0.0043,-0.0130
1774944618.1114,0.0000,0.0000,0.0000,0.0000,0.0000,-3.1257,-0.2178,0.8405,0.0061,-0.0043,-0.0130
1774944618.1313,0.0000,0.0000,0.0000,0.0000,0.0000,-3.1257,-0.2178,0.8405,0.0061,-0.0043,-0.0130
1774944618.1512,0.0000,0.0000,0.0000,0.0000,0.0000,-3.1257,-0.2178,0.8405,0.0061,-0.0043,-0.0130
1774944618.1713,0.0000,0.0000,0.0000,0.0000,0.0000,-3.1257,-0.2178,0.8405,0.0061,-0.0043,-0.0130
1774944618.1916,0.0000,0.0000,0.0000,0.0000,0.0000,-3.1257,-0.2178,0.8405,0.0061,-0.0043,-0.0130
1774944618.2117,0.0000,0.0000,0.0000,0.0000,0.0000,-3.1257,-0.2178,0.8405,0.0061,-0.0043,-0.0130
1774944618.2318,0.0000,0.0000,0.0000,0.0000,0.0000,-3.1257,-0.2178,0.8405,0.0061,-0.0043,-0.0130
1774944618.2515,0.0000,0.0000,0.0000,0.0000,0.0000,-3.1257,-0.2178,0.8405,0.0061,-0.0043,-0.0130
1774944618.2715,0.0000,0.0000,0.0000,0.0000,0.0000,-3.1257,-0.2178,0.8405,0.0061,-0.0043,-0.0130
1774944618.2915,0.0000,0.0000,0.0000,0.0000,0.0000,-3.1257,-0.2178,0.8405,0.0061,-0.0043,-0.0130
1774944618.3116,0.0000,0.0000,0.0000,0.0000,0.0000,-3.1257,-0.2178,0.8405,0.0061,-0.0043,-0.0130
1774944618.3316,0.0000,0.0000,0.0000,0.0000,0.0000,-3.1257,-0.2178,0.8405,0.0061,-0.0043,-0.0130
1774944618.3516,0.0000,0.0000,0.0000,0.0000,0.0000,-3.1257,-0.2178,0.8405,0.0061,-0.0043,-0.0130
1774944618.3716,0.0000,0.0000,0.0000,0.0000,0.0000,-3.1257,-0.2178,0.8405,0.0061,-0.0043,-0.0130
1774944618.3916,0.0000,0.0000,0.0000,0.0000,0.0000,-3.1257,-0.2178,0.8405,0.0061,-0.0043,-0.0130
1774944618.4116,0.0000,0.0000,0.0000,0.0000,0.0000,-3.1257,-0.2178,0.8405,0.0061,-0.0043,-0.0130
1774944618.4316,0.0000,0.0000,0.0000,0.0000,0.0000,-3.1257,-0.2178,0.8405,0.0061,-0.0043,-0.0130
1774944618.4516,0.0000,0.0000,0.0000,0.0000,0.0000,-3.1257,-0.2178,0.8405,0.0061,-0.0043,-0.0130
1774944618.4716,0.0000,0.0000,0.0000,0.0000,0.0000,-3.1257,-0.2178,0.8405,0.0061,-0.0043,-0.0130
1774944618.4916,0.0000,0.0000,0.0000,0.0000,0.0000,-3.1257,-0.2178,0.8405,0.0061,-0.0043,-0.0130
1774944618.5115,0.0000,0.0000,0.0000,0.0000,0.0000,-3.1257,-0.2178,0.8405,0.0061,-0.0043,-0.0130
1774944618.5316,0.0000,0.0000,0.0000,0.0000,0.0000,-3.1257,-0.2178,0.8405,0.0061,-0.0043,-0.0130
1774944618.5515,0.0000,0.0000,0.0000,0.0000,0.0000,-3.1257,-0.2178,0.8405,0.0061,-0.0043,-0.0130
1774944618.5715,0.0000,0.0000,0.0000,0.0000,0.0000,-3.1257,-0.2178,0.8405,0.0061,-0.0043,-0.0130
1774944618.5915,0.0000,0.0000,0.0000,0.0000,0.0000,-3.1257,-0.2178,0.8405,0.0061,-0.0043,-0.0130
1774944618.6115,0.0000,0.0000,0.0000,0.0000,0.0000,-3.1257,-0.2178,0.8405,0.0061,-0.0043,-0.0130
1774944618.6315,0.0000,0.0000,0.0000,0.0000,0.0000,-3.1257,-0.2178,0.8405,0.0061,-0.0043,-0.0130
1774944618.6515,0.0000,0.0000,0.0000,0.0000,0.0000,-3.1257,-0.2178,0.8405,0.0061,-0.0043,-0.0130
1774944618.6715,0.0000,0.0000,0.0000,0.0000,0.0000,-3.1257,-0.2178,0.8405,0.0061,-0.0043,-0.0130
1774944618.6920,0.0000,0.0000,0.0000,0.0000,0.0000,-3.1257,-0.2178,0.8405,0.0061,-0.0043,-0.0130
1774944618.7115,0.0000,0.0000,0.0000,0.0000,0.0000,-3.1257,-0.2178,0.8405,0.0061,-0.0043,-0.0130
1774944618.7315,0.0000,0.0000,0.0000,0.0000,0.0000,-3.1257,-0.2178,0.8405,0.0061,-0.0043,-0.0130
1774944618.7515,0.0000,0.0000,0.0000,0.0000,0.0000,-3.1257,-0.2178,0.8405,0.0061,-0.0043,-0.0130
1774944618.7715,0.0000,0.0000,0.0000,0.0000,0.0000,-3.1257,-0.2178,0.8405,0.0061,-0.0043,-0.0130
1774944618.7915,0.0000,0.0000,0.0000,0.0000,0.0000,-3.1257,-0.2178,0.8405,0.0061,-0.0043,-0.0130
1774944618.8115,0.0000,0.0000,0.0000,0.0000,0.0000,-3.1257,-0.2178,0.8405,0.0061,-0.0043,-0.0130
1774944618.8315,0.0000,0.0000,0.0000,0.0000,0.0000,-3.1257,-0.2178,0.8405,0.0061,-0.0043,-0.0130
1774944618.8515,0.0000,0.0000,0.0000,0.0000,0.0000,-3.1257,-0.2178,0.8405,0.0061,-0.0043,-0.0130
1774944618.8715,0.0000,0.0000,0.0000,0.0000,0.0000,-3.1257,-0.2178,0.8405,0.0061,-0.0043,-0.0130
1774944618.8915,0.0000,0.0000,0.0000,0.0000,0.0000,-3.1257,-0.2178,0.8405,0.0061,-0.0043,-0.0130
1774944618.9115,0.0000,0.0000,0.0000,0.0000,0.0000,-3.1257,-0.2178,0.8405,0.0061,-0.0043,-0.0130
1774944618.9315,0.0000,0.0000,0.0000,0.0000,0.0000,-3.1257,-0.2178,0.8405,0.0061,-0.0043,-0.0130
1774944618.9517,0.0000,0.0000,0.0000,0.0000,0.0000,-3.1257,-0.2178,0.8405,0.0061,-0.0043,-0.0130
1774944618.9716,0.0000,0.0000,0.0000,0.0000,0.0000,-3.1257,-0.2178,0.8405,0.0061,-0.0043,-0.0130
1774944618.9915,0.0000,0.0000,0.0000,0.0000,0.0000,-3.1257,-0.2178,0.8405,0.0061,-0.0043,-0.0130
1774944619.0117,0.0000,0.0000,0.0000,0.0000,0.0000,-3.1257,-0.2178,0.8405,0.0061,-0.0043,-0.0130
1774944619.0316,0.0000,0.0000,0.0000,0.0000,0.0000,-3.1257,-0.2178,0.8405,0.0061,-0.0043,-0.0130
1774944619.0520,0.0000,0.0000,0.0000,0.0000,0.0000,-3.1257,-0.2178,0.8405,0.0061,-0.0043,-0.0130
1774944619.0717,0.0000,0.0000,0.0000,0.0000,0.0000,-3.1257,-0.2178,0.8405,0.0061,-0.0043,-0.0130
1774944619.0916,0.0000,0.0000,0.0000,0.0000,0.0000,-3.1257,-0.2178,0.8405,0.0061,-0.0043,-0.0130
1774944619.1117,0.0000,0.0000,0.0000,0.0000,0.0000,-3.1257,-0.2178,0.8405,0.0061,-0.0043,-0.0130
1774944619.1317,0.0000,0.0000,0.0000,0.0000,0.0000,-3.1257,-0.2178,0.8405,0.0061,-0.0043,-0.0130
1774944619.1516,0.0000,0.0000,0.0000,0.0000,0.0000,-3.1257,-0.2178,0.8405,0.0061,-0.0043,-0.0130
1774944619.1715,0.0000,0.0000,0.0000,0.0000,0.0000,-3.1257,-0.2178,0.8405,0.0061,-0.0043,-0.0130
1774944619.1915,0.0000,0.0000,0.0000,0.0000,0.0000,-3.1257,-0.2178,0.8405,0.0061,-0.0043,-0.0130
1774944619.2115,0.0000,0.0000,0.0000,0.0000,0.0000,-3.1257,-0.2178,0.8405,0.0061,-0.0043,-0.0130
1774944619.2315,0.0000,0.0000,0.0000,0.0000,0.0000,-3.1257,-0.2178,0.8405,0.0061,-0.0043,-0.0130
1774944619.2515,0.0000,0.0000,0.0000,0.0000,0.0000,-3.1257,-0.2178,0.8405,0.0061,-0.0043,-0.0130
1774944619.2715,0.0000,0.0000,0.0000,0.0000,0.0000,-3.1257,-0.2178,0.8405,0.0061,-0.0043,-0.0130
1774944619.2917,0.0000,0.0000,0.0000,0.0000,0.0000,-3.1257,-0.2178,0.8405,0.0061,-0.0043,-0.0130
1774944619.3117,0.0000,0.0000,0.0000,0.0000,0.0000,-3.1257,-0.2178,0.8405,0.0061,-0.0043,-0.0130
1774944619.3317,0.0000,0.0000,0.0000,0.0000,0.0000,-3.1257,-0.2178,0.8405,0.0061,-0.0043,-0.0130
1774944619.3517,0.0000,0.0000,0.0000,0.0000,0.0000,-3.1257,-0.2178,0.8405,0.0061,-0.0043,-0.0130
1774944619.3717,0.0000,0.0000,0.0000,0.0000,0.0000,-3.1257,-0.2178,0.8405,0.0061,-0.0043,-0.0130
1774944619.3917,0.0000,0.0000,0.0000,0.0000,0.0000,-3.1257,-0.2178,0.8405,0.0061,-0.0043,-0.0130
1774944619.4117,0.0000,0.0000,0.0000,0.0000,0.0000,-3.1257,-0.2178,0.8405,0.0061,-0.0043,-0.0130
1774944619.4316,0.0000,0.0000,0.0000,0.0000,0.0000,-3.1257,-0.2178,0.8405,0.0061,-0.0043,-0.0130
1774944619.4514,0.0000,0.0000,0.0000,0.0000,0.0000,-3.1257,-0.2178,0.8405,0.0061,-0.0043,-0.0130
1774944619.4715,0.0000,0.0000,0.0000,0.0000,0.0000,-3.1257,-0.2178,0.8405,0.0061,-0.0043,-0.0130
1774944619.4913,0.0000,0.0000,0.0000,0.0000,0.0000,-3.1257,-0.2178,0.8405,0.0061,-0.0043,-0.0130
1774944619.5114,0.0000,0.0000,0.0000,0.0000,0.0000,-3.1257,-0.2178,0.8405,0.0061,-0.0043,-0.0130
1774944619.5315,0.0000,0.0000,0.0000,0.0000,0.0000,-3.1257,-0.2178,0.8405,0.0061,-0.0043,-0.0130
1774944619.5516,0.0000,0.0000,0.0000,0.0000,0.0000,-3.1257,-0.2178,0.8405,0.0061,-0.0043,-0.0130
1774944619.5715,0.0000,0.0000,0.0000,0.0000,0.0000,-3.1257,-0.2178,0.8405,0.0061,-0.0043,-0.0130
1774944619.5915,0.0000,0.0000,0.0000,0.0000,0.0000,-3.1257,-0.2178,0.8405,0.0061,-0.0043,-0.0130
1774944619.6114,0.0000,0.0000,0.0000,0.0000,0.0000,-3.1257,-0.2178,0.8405,0.0061,-0.0043,-0.0130
1774944619.6315,0.0000,0.0000,0.0000,0.0000,0.0000,-3.1257,-0.2178,0.8405,0.0061,-0.0043,-0.0130
1774944619.6514,0.0000,0.0000,0.0000,0.0000,0.0000,-3.1257,-0.2178,0.8405,0.0061,-0.0043,-0.0130
1774944619.6714,0.0000,0.0000,0.0000,0.0000,0.0000,-3.1257,-0.2178,0.8405,0.0061,-0.0043,-0.0130
1774944619.6914,0.0000,0.0000,0.0000,0.0000,0.0000,-3.1257,-0.2178,0.8405,0.0061,-0.0043,-0.0130
1774944619.7114,0.0000,0.0000,0.0000,0.0000,0.0000,-3.1257,-0.2178,0.8405,0.0061,-0.0043,-0.0130
1774944619.7314,0.0000,0.0000,0.0000,0.0000,0.0000,-3.1257,-0.2178,0.8405,0.0061,-0.0043,-0.0130
1774944619.7514,0.0000,0.0000,0.0000,0.0000,0.0000,-3.1257,-0.2178,0.8405,0.0061,-0.0043,-0.0130
1774944619.7714,0.0000,0.0000,0.0000,0.0000,0.0000,-3.1257,-0.2178,0.8405,0.0061,-0.0043,-0.0130
1774944619.7914,0.0000,0.0000,0.0000,0.0000,0.0000,-3.1257,-0.2178,0.8405,0.0061,-0.0043,-0.0130
1774944619.8114,0.0000,0.0000,0.0000,0.0000,0.0000,-3.1257,-0.2178,0.8405,0.0061,-0.0043,-0.0130
1774944619.8314,0.0000,0.0000,0.0000,0.0000,0.0000,-3.1257,-0.2178,0.8405,0.0061,-0.0043,-0.0130
1774944619.8514,0.0000,0.0000,0.0000,0.0000,0.0000,-3.1257,-0.2178,0.8405,0.0061,-0.0043,-0.0130
1774944619.8715,0.0000,0.0000,0.0000,0.0000,0.0000,-3.1257,-0.2178,0.8405,0.0061,-0.0043,-0.0130
1774944619.8914,0.0000,0.0000,0.0000,0.0000,0.0000,-3.1257,-0.2178,0.8405,0.0061,-0.0043,-0.0130
1774944619.9115,0.0000,0.0000,0.0000,0.0000,0.0000,-3.1257,-0.2178,0.8405,0.0061,-0.0043,-0.0130
1774944619.9314,0.0000,0.0000,0.0000,0.0000,0.0000,-3.1257,-0.2178,0.8405,0.0061,-0.0043,-0.0130
1774944619.9514,0.0000,0.0000,0.0000,0.0000,0.0000,-3.1257,-0.2178,0.8405,0.0061,-0.0043,-0.0130
1774944619.9714,0.0000,0.0000,0.0000,0.0000,0.0000,-3.1257,-0.2178,0.8405,0.0061,-0.0043,-0.0130
1774944619.9914,0.0000,0.0000,0.0000,0.0000,0.0000,-3.1257,-0.2178,0.8405,0.0061,-0.0043,-0.0130
1774944620.0114,0.0000,0.0000,0.0000,0.0000,0.0000,-3.1257,-0.2178,0.8405,0.0061,-0.0043,-0.0130
1774944620.0314,0.0000,0.0000,0.0000,0.0000,0.0000,-3.1257,-0.2178,0.8405,0.0061,-0.0043,-0.0130
1774944620.0514,0.0000,0.0000,0.0000,0.0000,0.0000,-3.1257,-0.2178,0.8405,0.0061,-0.0043,-0.0130
1774944620.0722,0.0000,0.0000,0.0000,0.0000,0.0000,-3.1257,-0.2178,0.8405,0.0061,-0.0043,-0.0130
1774944620.0914,0.0000,0.0000,0.0000,0.0000,0.0000,-3.1257,-0.2178,0.8405,0.0061,-0.0043,-0.0130
1774944620.1114,0.0000,0.0000,0.0000,0.0000,0.0000,-3.1257,-0.2178,0.8405,0.0061,-0.0043,-0.0130
1774944620.1315,0.0000,0.0000,0.0000,0.0000,0.0000,-3.1257,-0.2178,0.8405,0.0061,-0.0043,-0.0130
1774944620.1514,0.0000,0.0000,0.0000,0.0000,0.0000,-3.1257,-0.2178,0.8405,0.0061,-0.0043,-0.0130
1774944620.1715,0.0000,0.0000,0.0000,0.0000,0.0000,-3.1257,-0.2178,0.8405,0.0061,-0.0043,-0.0130
1774944620.1914,0.0000,0.0000,0.0000,0.0000,0.0000,-3.1257,-0.2178,0.8405,0.0061,-0.0043,-0.0130
1774944620.2116,0.0000,0.0000,0.0000,0.0000,0.0000,-3.1257,-0.2178,0.8405,0.0061,-0.0043,-0.0130
1774944620.2316,0.0000,0.0000,0.0000,0.0000,0.0000,-3.1257,-0.2178,0.8405,0.0061,-0.0043,-0.0130
1774944620.2515,0.0000,0.0000,0.0000,0.0000,0.0000,-3.1257,-0.2178,0.8405,0.0061,-0.0043,-0.0130
1774944620.2716,0.0000,0.0000,0.0000,0.0000,0.0000,-3.1257,-0.2178,0.8405,0.0061,-0.0043,-0.0130
1774944620.2915,0.0000,0.0000,0.0000,0.0000,0.0000,-3.1257,-0.2178,0.8405,0.0061,-0.0043,-0.0130
1774944620.3116,0.0000,0.0000,0.0000,0.0000,0.0000,-3.1257,-0.2178,0.8405,0.0061,-0.0043,-0.0130
1774944620.3316,0.0000,0.0000,0.0000,0.0000,0.0000,-3.1257,-0.2178,0.8405,0.0061,-0.0043,-0.0130
1774944620.3515,0.0000,0.0000,0.0000,0.0000,0.0000,-3.1257,-0.2178,0.8405,0.0061,-0.0043,-0.0130
1774944620.3716,0.0000,0.0000,0.0000,0.0000,0.0000,-3.1257,-0.2178,0.8405,0.0061,-0.0043,-0.0130
1774944620.3916,0.0000,0.0000,0.0000,0.0000,0.0000,-3.1257,-0.2178,0.8405,0.0061,-0.0043,-0.0130
1774944620.4116,0.0000,0.0000,0.0000,0.0000,0.0000,-3.1257,-0.2178,0.8405,0.0061,-0.0043,-0.0130
1774944620.4316,0.0000,0.0000,0.0000,0.0000,0.0000,-3.1257,-0.2178,0.8405,0.0061,-0.0043,-0.0130
1774944620.4516,0.0000,0.0000,0.0000,0.0000,0.0000,-3.1257,-0.2178,0.8405,0.0061,-0.0043,-0.0130
1774944620.4716,0.0000,0.0000,0.0000,0.0000,0.0000,-3.1257,-0.2178,0.8405,0.0061,-0.0043,-0.0130
1774944620.4916,0.0000,0.0000,0.0000,0.0000,0.0000,-3.1257,-0.2178,0.8405,0.0061,-0.0043,-0.0130
1774944620.5117,0.0000,0.0000,0.0000,0.0000,0.0000,-3.1257,-0.2178,0.8405,0.0061,-0.0043,-0.0130
1774944620.5315,0.0000,0.0000,0.0000,0.0000,0.0000,-3.1257,-0.2178,0.8405,0.0061,-0.0043,-0.0130
1774944620.5516,0.0000,0.0000,0.0000,0.0000,0.0000,-3.1257,-0.2178,0.8405,0.0061,-0.0043,-0.0130
1774944620.5716,0.0000,0.0000,0.0000,0.0000,0.0000,-3.1257,-0.2178,0.8405,0.0061,-0.0043,-0.0130
1774944620.5920,0.0000,0.0000,0.0000,0.0000,0.0000,-3.1257,-0.2178,0.8405,0.0061,-0.0043,-0.0130
1774944620.6118,0.0000,0.0000,0.0000,0.0000,0.0000,-3.1257,-0.2178,0.8405,0.0061,-0.0043,-0.0130
1774944620.6319,0.0000,0.0000,0.0000,0.0000,0.0000,-3.1257,-0.2178,0.8405,0.0061,-0.0043,-0.0130
1774944620.6516,0.0000,0.0000,0.0000,0.0000,0.0000,-3.1257,-0.2178,0.8405,0.0061,-0.0043,-0.0130
1774944620.6716,0.0000,0.0000,0.0000,0.0000,0.0000,-3.1257,-0.2178,0.8405,0.0061,-0.0043,-0.0130
1774944620.6916,0.0000,0.0000,0.0000,0.0000,0.0000,-3.1257,-0.2178,0.8405,0.0061,-0.0043,-0.0130
1774944620.7136,0.0000,0.0000,0.0000,0.0000,0.0000,-3.1257,-0.2178,0.8405,0.0061,-0.0043,-0.0130
1774944620.7320,0.0000,0.0000,0.0000,0.0000,0.0000,-3.1257,-0.2178,0.8405,0.0061,-0.0043,-0.0130
1774944620.7516,0.0000,0.0000,0.0000,0.0000,0.0000,-3.1257,-0.2178,0.8405,0.0061,-0.0043,-0.0130
1774944620.7716,0.0000,0.0000,0.0000,0.0000,0.0000,-3.1257,-0.2178,0.8405,0.0061,-0.0043,-0.0130
1774944620.7916,0.0000,0.0000,0.0000,0.0000,0.0000,-3.1257,-0.2178,0.8405,0.0061,-0.0043,-0.0130
1774944620.8116,0.0000,0.0000,0.0000,0.0000,0.0000,-3.1257,-0.2178,0.8405,0.0061,-0.0043,-0.0130
1774944620.8315,0.0000,0.0000,0.0000,0.0000,0.0000,-3.1257,-0.2178,0.8405,0.0061,-0.0043,-0.0130
1774944620.8515,0.0000,0.0000,0.0000,0.0000,0.0000,-3.1257,-0.2178,0.8405,0.0061,-0.0043,-0.0130
1774944620.8715,0.0000,0.0000,0.0000,0.0000,0.0000,-3.1257,-0.2178,0.8405,0.0061,-0.0043,-0.0130
1774944620.8916,0.0000,0.0000,0.0000,0.0000,0.0000,-3.1257,-0.2178,0.8405,0.0061,-0.0043,-0.0130
1774944620.9115,0.0000,0.0000,0.0000,0.0000,0.0000,-3.1257,-0.2178,0.8405,0.0061,-0.0043,-0.0130
1774944620.9315,0.0000,0.0000,0.0000,0.0000,0.0000,-3.1257,-0.2178,0.8405,0.0061,-0.0043,-0.0130
1774944620.9515,0.0000,0.0000,0.0000,0.0000,0.0000,-3.1257,-0.2178,0.8405,0.0061,-0.0043,-0.0130
1774944620.9715,0.0000,0.0000,0.0000,0.0000,0.0000,-3.1257,-0.2178,0.8405,0.0061,-0.0043,-0.0130
1774944620.9915,0.0000,0.0000,0.0000,0.0000,0.0000,-3.1257,-0.2178,0.8405,0.0061,-0.0043,-0.0130
1774944621.0115,0.0000,0.0000,0.0000,0.0000,0.0000,-3.1257,-0.2178,0.8405,0.0061,-0.0043,-0.0130
1774944621.0315,0.0000,0.0000,0.0000,0.0000,0.0000,-3.1257,-0.2178,0.8405,0.0061,-0.0043,-0.0130
1774944621.0515,0.0000,0.0000,0.0000,0.0000,0.0000,-3.1257,-0.2178,0.8405,0.0061,-0.0043,-0.0130
1774944621.0715,0.0000,0.0000,0.0000,0.0000,0.0000,-3.1257,-0.2178,0.8405,0.0061,-0.0043,-0.0130
1774944621.0914,0.0000,0.0000,0.0000,0.0000,0.0000,-3.1257,-0.2178,0.8405,0.0061,-0.0043,-0.0130
1774944621.1114,0.0000,0.0000,0.0000,0.0000,0.0000,-3.1257,-0.2178,0.8405,0.0061,-0.0043,-0.0130
1774944621.1314,0.0000,0.0000,0.0000,0.0000,0.0000,-3.1257,-0.2178,0.8405,0.0061,-0.0043,-0.0130
1774944621.1514,0.0000,0.0000,0.0000,0.0000,0.0000,-3.1257,-0.2178,0.8405,0.0061,-0.0043,-0.0130
1774944621.1714,0.0000,0.0000,0.0000,0.0000,0.0000,-3.1257,-0.2178,0.8405,0.0061,-0.0043,-0.0130
1774944621.1914,0.0000,0.0000,0.0000,0.0000,0.0000,-3.1257,-0.2178,0.8405,0.0061,-0.0043,-0.0130
1774944621.2115,0.0000,0.0000,0.0000,0.0000,0.0000,-3.1257,-0.2178,0.8405,0.0061,-0.0043,-0.0130
1774944621.2316,0.0000,0.0000,0.0000,0.0000,0.0000,-3.1257,-0.2178,0.8405,0.0061,-0.0043,-0.0130
1774944621.2516,0.0000,0.0000,0.0000,0.0000,0.0000,-3.1257,-0.2178,0.8405,0.0061,-0.0043,-0.0130
1774944621.2723,0.0000,0.0000,0.0000,0.0000,0.0000,-3.1257,-0.2178,0.8405,0.0061,-0.0043,-0.0130
1774944621.2915,0.0000,0.0000,0.0000,0.0000,0.0000,-3.1257,-0.2178,0.8405,0.0061,-0.0043,-0.0130
1774944621.3115,0.0000,0.0000,0.0000,0.0000,0.0000,-3.1257,-0.2178,0.8405,0.0061,-0.0043,-0.0130
1774944621.3316,0.0000,0.0000,0.0000,0.0000,0.0000,-3.1257,-0.2178,0.8405,0.0061,-0.0043,-0.0130
1774944621.3516,0.0000,0.0000,0.0000,0.0000,0.0000,-3.1257,-0.2178,0.8405,0.0061,-0.0043,-0.0130
1774944621.3717,0.0000,0.0000,0.0000,0.0000,0.0000,-3.1257,-0.2178,0.8405,0.0061,-0.0043,-0.0130
1774944621.3916,0.0000,0.0000,0.0000,0.0000,0.0000,-3.1257,-0.2178,0.8405,0.0061,-0.0043,-0.0130
1774944621.4117,0.0000,0.0000,0.0000,0.0000,0.0000,-3.1257,-0.2178,0.8405,0.0061,-0.0043,-0.0130
1774944621.4317,0.0000,0.0000,0.0000,0.0000,0.0000,-3.1257,-0.2178,0.8405,0.0061,-0.0043,-0.0130
1774944621.4517,0.0000,0.0000,0.0000,0.0000,0.0000,-3.1257,-0.2178,0.8405,0.0061,-0.0043,-0.0130
1774944621.4717,0.0000,0.0000,0.0000,0.0000,0.0000,-3.1257,-0.2178,0.8405,0.0061,-0.0043,-0.0130
1774944621.4917,0.0000,0.0000,0.0000,0.0000,0.0000,-3.1257,-0.2178,0.8405,0.0061,-0.0043,-0.0130
1774944621.5116,0.0000,0.0000,0.0000,0.0000,0.0000,-3.1257,-0.2178,0.8405,0.0061,-0.0043,-0.0130
1774944621.5317,0.0000,0.0000,0.0000,0.0000,0.0000,-3.1257,-0.2178,0.8405,0.0061,-0.0043,-0.0130
1774944621.5517,0.0000,0.0000,0.0000,0.0000,0.0000,-3.1257,-0.2178,0.8405,0.0061,-0.0043,-0.0130
1774944621.5716,0.0000,0.0000,0.0000,0.0000,0.0000,-3.1257,-0.2178,0.8405,0.0061,-0.0043,-0.0130
1774944621.5916,0.0000,0.0000,0.0000,0.0000,0.0000,-3.1257,-0.2178,0.8405,0.0061,-0.0043,-0.0130
1774944621.6116,0.0000,0.0000,0.0000,0.0000,0.0000,-3.1257,-0.2178,0.8405,0.0061,-0.0043,-0.0130
1774944621.6316,0.0000,0.0000,0.0000,0.0000,0.0000,-3.1257,-0.2178,0.8405,0.0061,-0.0043,-0.0130
1774944621.6516,0.0000,0.0000,0.0000,0.0000,0.0000,-3.1257,-0.2178,0.8405,0.0061,-0.0043,-0.0130
1774944621.6717,0.0000,0.0000,0.0000,0.0000,0.0000,-3.1257,-0.2178,0.8405,0.0061,-0.0043,-0.0130
1774944621.6917,0.0000,0.0000,0.0000,0.0000,0.0000,-3.1257,-0.2178,0.8405,0.0061,-0.0043,-0.0130
1774944621.7116,0.0000,0.0000,0.0000,0.0000,0.0000,-3.1257,-0.2178,0.8405,0.0061,-0.0043,-0.0130
1774944621.7317,0.0000,0.0000,0.0000,0.0000,0.0000,-3.1257,-0.2178,0.8405,0.0061,-0.0043,-0.0130
1774944621.7516,0.0000,0.0000,0.0000,0.0000,0.0000,-3.1257,-0.2178,0.8405,0.0061,-0.0043,-0.0130
1774944621.7714,0.0000,0.0000,0.0000,0.0000,0.0000,-3.1257,-0.2178,0.8405,0.0061,-0.0043,-0.0130
1774944621.7914,0.0000,0.0000,0.0000,0.0000,0.0000,-3.1257,-0.2178,0.8405,0.0061,-0.0043,-0.0130
1774944621.8115,0.0000,0.0000,0.0000,0.0000,0.0000,-3.1257,-0.2178,0.8405,0.0061,-0.0043,-0.0130
1774944621.8315,0.0000,0.0000,0.0000,0.0000,0.0000,-3.1257,-0.2178,0.8405,0.0061,-0.0043,-0.0130
1774944621.8515,0.0000,0.0000,0.0000,0.0000,0.0000,-3.1257,-0.2178,0.8405,0.0061,-0.0043,-0.0130
1774944621.8714,0.0000,0.0000,0.0000,0.0000,0.0000,-3.1257,-0.2178,0.8405,0.0061,-0.0043,-0.0130
1774944621.8914,0.0000,0.0000,0.0000,0.0000,0.0000,-3.1257,-0.2178,0.8405,0.0061,-0.0043,-0.0130
1774944621.9114,0.0000,0.0000,0.0000,0.0000,0.0000,-3.1257,-0.2178,0.8405,0.0061,-0.0043,-0.0130
1774944621.9314,0.0000,0.0000,0.0000,0.0000,0.0000,-3.1257,-0.2178,0.8405,0.0061,-0.0043,-0.0130
1774944621.9514,0.0000,0.0000,0.0000,0.0000,0.0000,-3.1257,-0.2178,0.8405,0.0061,-0.0043,-0.0130
1774944621.9716,0.0000,0.0000,0.0000,0.0000,0.0000,-3.1257,-0.2178,0.8405,0.0061,-0.0043,-0.0130
1774944621.9915,0.0000,0.0000,0.0000,0.0000,0.0000,-3.1257,-0.2178,0.8405,0.0061,-0.0043,-0.0130
1774944622.0114,0.0000,0.0000,0.0000,0.0000,0.0000,-3.1257,-0.2178,0.8405,0.0061,-0.0043,-0.0130
1774944622.0314,0.0000,0.0000,0.0000,0.0000,0.0000,-3.1257,-0.2178,0.8405,0.0061,-0.0043,-0.0130
1774944622.0514,0.0000,0.0000,0.0000,0.0000,0.0000,-3.1257,-0.2178,0.8405,0.0061,-0.0043,-0.0130
1774944622.0714,0.0000,0.0000,0.0000,0.0000,0.0000,-3.1257,-0.2178,0.8405,0.0061,-0.0043,-0.0130
1774944622.0914,0.0000,0.0000,0.0000,0.0000,0.0000,-3.1257,-0.2178,0.8405,0.0061,-0.0043,-0.0130
1774944622.1115,0.0000,0.0000,0.0000,0.0000,0.0000,-3.1257,-0.2178,0.8405,0.0061,-0.0043,-0.0130
1774944622.1314,0.0000,0.0000,0.0000,0.0000,0.0000,-3.1257,-0.2178,0.8405,0.0061,-0.0043,-0.0130
1774944622.1514,0.0000,0.0000,0.0000,0.0000,0.0000,-3.1257,-0.2178,0.8405,0.0061,-0.0043,-0.0130
1774944622.1714,0.0000,0.0000,0.0000,0.0000,0.0000,-3.1257,-0.2178,0.8405,0.0061,-0.0043,-0.0130
1774944622.1915,0.0000,0.0000,0.0000,0.0000,0.0000,-3.1257,-0.2178,0.8405,0.0061,-0.0043,-0.0130
1774944622.2113,0.0000,0.0000,0.0000,0.0000,0.0000,-3.1257,-0.2178,0.8405,0.0061,-0.0043,-0.0130
1774944622.2314,0.0000,0.0000,0.0000,0.0000,0.0000,-3.1257,-0.2178,0.8405,0.0061,-0.0043,-0.0130
1774944622.2514,0.0000,0.0000,0.0000,0.0000,0.0000,-3.1257,-0.2178,0.8405,0.0061,-0.0043,-0.0130
1774944622.2714,0.0000,0.0000,0.0000,0.0000,0.0000,-3.1257,-0.2178,0.8405,0.0061,-0.0043,-0.0130
1774944622.2914,0.0000,0.0000,0.0000,0.0000,0.0000,-3.1257,-0.2178,0.8405,0.0061,-0.0043,-0.0130
1774944622.3114,0.0000,0.0000,0.0000,0.0000,0.0000,-3.1257,-0.2178,0.8405,0.0061,-0.0043,-0.0130
1774944622.3314,0.0000,0.0000,0.0000,0.0000,0.0000,-3.1257,-0.2178,0.8405,0.0061,-0.0043,-0.0130
1774944622.3513,0.0000,0.0000,0.0000,0.0000,0.0000,-3.1257,-0.2178,0.8405,0.0061,-0.0043,-0.0130
1774944622.3715,0.0000,0.0000,0.0000,0.0000,0.0000,-3.1257,-0.2178,0.8405,0.0061,-0.0043,-0.0130
1774944622.3914,0.0000,0.0000,0.0000,0.0000,0.0000,-3.1257,-0.2178,0.8405,0.0061,-0.0043,-0.0130
1774944622.4115,0.0000,0.0000,0.0000,0.0000,0.0000,-3.1257,-0.2178,0.8405,0.0061,-0.0043,-0.0130
1774944622.4315,0.0000,0.0000,0.0000,0.0000,0.0000,-3.1257,-0.2178,0.8405,0.0061,-0.0043,-0.0130
1774944622.4515,0.0000,0.0000,0.0000,0.0000,0.0000,-3.1257,-0.2178,0.8405,0.0061,-0.0043,-0.0130
1774944622.4715,0.0000,0.0000,0.0000,0.0000,0.0000,-3.1257,-0.2178,0.8405,0.0061,-0.0043,-0.0130
1774944622.4915,0.0000,0.0000,0.0000,0.0000,0.0000,-3.1257,-0.2178,0.8405,0.0061,-0.0043,-0.0130
1774944622.5116,0.0000,0.0000,0.0000,0.0000,0.0000,-3.1257,-0.2178,0.8405,0.0061,-0.0043,-0.0130
1774944622.5316,0.0000,0.0000,0.0000,0.0000,0.0000,-3.1257,-0.2178,0.8405,0.0061,-0.0043,-0.0130
1774944622.5516,0.0000,0.0000,0.0000,0.0000,0.0000,-3.1257,-0.2178,0.8405,0.0061,-0.0043,-0.0130
1774944622.5716,0.0000,0.0000,0.0000,0.0000,0.0000,-3.1257,-0.2178,0.8405,0.0061,-0.0043,-0.0130
1774944622.5916,0.0000,0.0000,0.0000,0.0000,0.0000,-3.1257,-0.2178,0.8405,0.0061,-0.0043,-0.0130
1774944622.6116,0.0000,0.0000,0.0000,0.0000,0.0000,-3.1257,-0.2178,0.8405,0.0061,-0.0043,-0.0130
1774944622.6317,0.0000,0.0000,0.0000,0.0000,0.0000,-3.1257,-0.2178,0.8405,0.0061,-0.0043,-0.0130
1774944622.6516,0.0000,0.0000,0.0000,0.0000,0.0000,-3.1257,-0.2178,0.8405,0.0061,-0.0043,-0.0130
1774944622.6716,0.0000,0.0000,0.0000,0.0000,0.0000,-3.1257,-0.2178,0.8405,0.0061,-0.0043,-0.0130
1774944622.6916,0.0000,0.0000,0.0000,0.0000,0.0000,-3.1257,-0.2178,0.8405,0.0061,-0.0043,-0.0130
1774944622.7117,0.0000,0.0000,0.0000,0.0000,0.0000,-3.1257,-0.2178,0.8405,0.0061,-0.0043,-0.0130
1774944622.7316,0.0000,0.0000,0.0000,0.0000,0.0000,-3.1257,-0.2178,0.8405,0.0061,-0.0043,-0.0130
1774944622.7516,0.0000,0.0000,0.0000,0.0000,0.0000,-3.1257,-0.2178,0.8405,0.0061,-0.0043,-0.0130
1774944622.7716,0.0000,0.0000,0.0000,0.0000,0.0000,-3.1257,-0.2178,0.8405,0.0061,-0.0043,-0.0130
1774944622.7916,0.0000,0.0000,0.0000,0.0000,0.0000,-3.1257,-0.2178,0.8405,0.0061,-0.0043,-0.0130
1774944622.8118,0.0000,0.0000,0.0000,0.0000,0.0000,-3.1257,-0.2178,0.8405,0.0061,-0.0043,-0.0130
1774944622.8320,0.0000,0.0000,0.0000,0.0000,0.0000,-3.1257,-0.2178,0.8405,0.0061,-0.0043,-0.0130
1774944622.8517,0.0000,0.0000,0.0000,0.0000,0.0000,-3.1257,-0.2178,0.8405,0.0061,-0.0043,-0.0130
1774944622.8716,0.0000,0.0000,0.0000,0.0000,0.0000,-3.1257,-0.2178,0.8405,0.0061,-0.0043,-0.0130
1774944622.8916,0.0000,0.0000,0.0000,0.0000,0.0000,-3.1257,-0.2178,0.8405,0.0061,-0.0043,-0.0130
1774944622.9116,0.0000,0.0000,0.0000,0.0000,0.0000,-3.1257,-0.2178,0.8405,0.0061,-0.0043,-0.0130
1774944622.9316,0.0000,0.0000,0.0000,0.0000,0.0000,-3.1257,-0.2178,0.8405,0.0061,-0.0043,-0.0130
1774944622.9516,0.0000,0.0000,0.0000,0.0000,0.0000,-3.1257,-0.2178,0.8405,0.0061,-0.0043,-0.0130
1774944622.9716,0.0000,0.0000,0.0000,0.0000,0.0000,-3.1257,-0.2178,0.8405,0.0061,-0.0043,-0.0130
1774944622.9915,0.0000,0.0000,0.0000,0.0000,0.0000,-3.1257,-0.2178,0.8405,0.0061,-0.0043,-0.0130
1774944623.0115,0.0000,0.0000,0.0000,0.0000,0.0000,-3.1257,-0.2178,0.8405,0.0061,-0.0043,-0.0130
1774944623.0315,0.0000,0.0000,0.0000,0.0000,0.0000,-3.1257,-0.2178,0.8405,0.0061,-0.0043,-0.0130
1774944623.0516,0.0000,0.0000,0.0000,0.0000,0.0000,-3.1257,-0.2178,0.8405,0.0061,-0.0043,-0.0130
1774944623.0715,0.0000,0.0000,0.0000,0.0000,0.0000,-3.1257,-0.2178,0.8405,0.0061,-0.0043,-0.0130
1774944623.0916,0.0000,0.0000,0.0000,0.0000,0.0000,-3.1257,-0.2178,0.8405,0.0061,-0.0043,-0.0130
1774944623.1114,0.0000,0.0000,0.0000,0.0000,0.0000,-3.1257,-0.2178,0.8405,0.0061,-0.0043,-0.0130
1774944623.1313,0.0000,0.0000,0.0000,0.0000,0.0000,-3.1257,-0.2178,0.8405,0.0061,-0.0043,-0.0130
1774944623.1513,0.0000,0.0000,0.0000,0.0000,0.0000,-3.1257,-0.2178,0.8405,0.0061,-0.0043,-0.0130
1774944623.1713,0.0000,0.0000,0.0000,0.0000,0.0000,-3.1257,-0.2178,0.8405,0.0061,-0.0043,-0.0130
1774944623.1914,0.0000,0.0000,0.0000,0.0000,0.0000,-3.1257,-0.2178,0.8405,0.0061,-0.0043,-0.0130
1774944623.2115,0.0000,0.0000,0.0000,0.0000,0.0000,-3.1257,-0.2178,0.8405,0.0061,-0.0043,-0.0130
1774944623.2314,0.0000,0.0000,0.0000,0.0000,0.0000,-3.1257,-0.2178,0.8405,0.0061,-0.0043,-0.0130
1774944623.2514,0.0000,0.0000,0.0000,0.0000,0.0000,-3.1257,-0.2178,0.8405,0.0061,-0.0043,-0.0130
1774944623.2714,0.0000,0.0000,0.0000,0.0000,0.0000,-3.1257,-0.2178,0.8405,0.0061,-0.0043,-0.0130
1774944623.2913,0.0000,0.0000,0.0000,0.0000,0.0000,-3.1257,-0.2178,0.8405,0.0061,-0.0043,-0.0130
1774944623.3115,0.0000,0.0000,0.0000,0.0000,0.0000,-3.1257,-0.2178,0.8405,0.0061,-0.0043,-0.0130
1774944623.3316,0.0000,0.0000,0.0000,0.0000,0.0000,-3.1257,-0.2178,0.8405,0.0061,-0.0043,-0.0130
1774944623.3516,0.0000,0.0000,0.0000,0.0000,0.0000,-3.1257,-0.2178,0.8405,0.0061,-0.0043,-0.0130
1774944623.3715,0.0000,0.0000,0.0000,0.0000,0.0000,-3.1257,-0.2178,0.8405,0.0061,-0.0043,-0.0130
1774944623.3916,0.0000,0.0000,0.0000,0.0000,0.0000,-3.1257,-0.2178,0.8405,0.0061,-0.0043,-0.0130
1774944623.4115,0.0000,0.0000,0.0000,0.0000,0.0000,-3.1257,-0.2178,0.8405,0.0061,-0.0043,-0.0130
1774944623.4315,0.0000,0.0000,0.0000,0.0000,0.0000,-3.1257,-0.2178,0.8405,0.0061,-0.0043,-0.0130
1774944623.4515,0.0000,0.0000,0.0000,0.0000,0.0000,-3.1257,-0.2178,0.8405,0.0061,-0.0043,-0.0130
1774944623.4715,0.0000,0.0000,0.0000,0.0000,0.0000,-3.1257,-0.2178,0.8405,0.0061,-0.0043,-0.0130
1774944623.4916,0.0000,0.0000,0.0000,0.0000,0.0000,-3.1257,-0.2178,0.8405,0.0061,-0.0043,-0.0130
1774944623.5116,0.0000,0.0000,0.0000,0.0000,0.0000,-3.1257,-0.2178,0.8405,0.0061,-0.0043,-0.0130
1774944623.5315,0.0000,0.0000,0.0000,0.0000,0.0000,-3.1257,-0.2178,0.8405,0.0061,-0.0043,-0.0130
1774944623.5515,0.0000,0.0000,0.0000,0.0000,0.0000,-3.1257,-0.2178,0.8405,0.0061,-0.0043,-0.0130
1774944623.5716,0.0000,0.0000,0.0000,0.0000,0.0000,-3.1257,-0.2178,0.8405,0.0061,-0.0043,-0.0130
1774944623.5916,0.0000,0.0000,0.0000,0.0000,0.0000,-3.1257,-0.2178,0.8405,0.0061,-0.0043,-0.0130
1774944623.6115,0.0000,0.0000,0.0000,0.0000,0.0000,-3.1257,-0.2178,0.8405,0.0061,-0.0043,-0.0130
1774944623.6316,0.0000,0.0000,0.0000,0.0000,0.0000,-3.1257,-0.2178,0.8405,0.0061,-0.0043,-0.0130
1774944623.6516,0.0000,0.0000,0.0000,0.0000,0.0000,-3.1257,-0.2178,0.8405,0.0061,-0.0043,-0.0130
1774944623.6716,0.0000,0.0000,0.0000,0.0000,0.0000,-3.1257,-0.2178,0.8405,0.0061,-0.0043,-0.0130
1774944623.6916,0.0000,0.0000,0.0000,0.0000,0.0000,-3.1257,-0.2178,0.8405,0.0061,-0.0043,-0.0130
1774944623.7115,0.0000,0.0000,0.0000,0.0000,0.0000,-3.1257,-0.2178,0.8405,0.0061,-0.0043,-0.0130
1774944623.7315,0.0000,0.0000,0.0000,0.0000,0.0000,-3.1257,-0.2178,0.8405,0.0061,-0.0043,-0.0130
1774944623.7515,0.0000,0.0000,0.0000,0.0000,0.0000,-3.1257,-0.2178,0.8405,0.0061,-0.0043,-0.0130
1774944623.7715,0.0000,0.0000,0.0000,0.0000,0.0000,-3.1257,-0.2178,0.8405,0.0061,-0.0043,-0.0130
1774944623.7915,0.0000,0.0000,0.0000,0.0000,0.0000,-3.1257,-0.2178,0.8405,0.0061,-0.0043,-0.0130
1774944623.8115,0.0000,0.0000,0.0000,0.0000,0.0000,-3.1257,-0.2178,0.8405,0.0061,-0.0043,-0.0130
1774944623.8315,0.0000,0.0000,0.0000,0.0000,0.0000,-3.1257,-0.2178,0.8405,0.0061,-0.0043,-0.0130
1774944623.8513,0.0000,0.0000,0.0000,0.0000,0.0000,-3.1257,-0.2178,0.8405,0.0061,-0.0043,-0.0130
1774944623.8713,0.0000,0.0000,0.0000,0.0000,0.0000,-3.1257,-0.2178,0.8405,0.0061,-0.0043,-0.0130
1774944623.8914,0.0000,0.0000,0.0000,0.0000,0.0000,-3.1257,-0.2178,0.8405,0.0061,-0.0043,-0.0130
1774944623.9114,0.0000,0.0000,0.0000,0.0000,0.0000,-3.1257,-0.2178,0.8405,0.0061,-0.0043,-0.0130
1774944623.9315,0.0000,0.0000,0.0000,0.0000,0.0000,-3.1257,-0.2178,0.8405,0.0061,-0.0043,-0.0130
1774944623.9515,0.0000,0.0000,0.0000,0.0000,0.0000,-3.1257,-0.2178,0.8405,0.0061,-0.0043,-0.0130
1774944623.9715,0.0000,0.0000,0.0000,0.0000,0.0000,-3.1257,-0.2178,0.8405,0.0061,-0.0043,-0.0130
1774944623.9915,0.0000,0.0000,0.0000,0.0000,0.0000,-3.1257,-0.2178,0.8405,0.0061,-0.0043,-0.0130
1774944624.0115,0.0000,0.0000,0.0000,0.0000,0.0000,-3.1257,-0.2178,0.8405,0.0061,-0.0043,-0.0130
